wafer_id,timestamp,target,status,missing_sensor_count,missing_sensor_rate,observed_sensor_count,mean_observed_sensor_reliability,completeness_score,data_quality_score,data_quality_band,dataset_split
WF-000309,2008-08-19 11:58:00,0,Pass,20,0.044444444444444446,430,0.8914221577456518,0.9555555555555556,0.9299021964315941,High,development
WF-000236,2008-08-17 21:26:00,1,Fail,20,0.044444444444444446,430,0.8914221577456518,0.9555555555555556,0.9299021964315941,High,development
WF-000183,2008-08-10 07:01:00,1,Fail,0,0.0,450,0.8886296986662388,1.0,0.9554518794664955,High,development
WF-001304,2008-10-05 00:33:00,1,Fail,8,0.017777777777777778,442,0.893161043275428,0.9822222222222222,0.9465977506435045,High,development
WF-001248,2008-10-02 16:32:00,0,Pass,4,0.008888888888888889,446,0.8908436362157439,0.9911111111111112,0.9510041211529643,High,development
WF-001179,2008-09-29 14:04:00,0,Pass,4,0.008888888888888889,446,0.890906465863957,0.9911111111111112,0.9510292530122495,High,development
WF-000934,2008-09-20 00:33:00,0,Pass,4,0.008888888888888889,446,0.8908436362157439,0.9911111111111112,0.9510041211529643,High,development
WF-000172,2008-08-09 19:03:00,0,Pass,8,0.017777777777777778,442,0.8897284497435358,0.9822222222222222,0.9452247132307476,High,development
WF-000433,2008-08-23 04:52:00,0,Pass,20,0.044444444444444446,430,0.8914221577456518,0.9555555555555556,0.9299021964315941,High,development
WF-001491,2008-10-13 21:20:00,0,Pass,8,0.017777777777777778,442,0.893161043275428,0.9822222222222222,0.9465977506435045,High,development
WF-000684,2008-09-02 12:30:00,0,Pass,28,0.06222222222222222,422,0.8962211956364029,0.9377777777777778,0.9211551449212279,High,development
WF-000597,2008-08-30 20:11:00,0,Pass,4,0.008888888888888889,446,0.8908436362157439,0.9911111111111112,0.9510041211529643,High,development
WF-000917,2008-09-19 18:11:00,0,Pass,8,0.017777777777777778,442,0.893161043275428,0.9822222222222222,0.9465977506435045,High,development
WF-000458,2008-08-27 22:58:00,0,Pass,12,0.02666666666666667,438,0.8902623685931389,0.9733333333333334,0.9401049474372556,High,development
WF-000378,2008-08-21 19:12:00,0,Pass,4,0.008888888888888889,446,0.890906465863957,0.9911111111111112,0.9510292530122495,High,development
WF-000704,2008-09-02 20:52:00,0,Pass,4,0.008888888888888889,446,0.8908436362157439,0.9911111111111112,0.9510041211529643,High,development
WF-000791,2008-09-11 14:31:00,0,Pass,20,0.044444444444444446,430,0.8949505445854108,0.9555555555555556,0.9313135511674977,High,development
WF-000538,2008-08-29 14:18:00,0,Pass,12,0.02666666666666667,438,0.8919928587649708,0.9733333333333334,0.9407971435059883,High,development
WF-001509,2008-10-14 20:48:00,0,Pass,16,0.035555555555555556,434,0.8932673816304798,0.9644444444444444,0.9359736193188586,High,development
WF-001511,2008-10-14 23:07:00,0,Pass,16,0.035555555555555556,434,0.8932673816304798,0.9644444444444444,0.9359736193188586,High,development
WF-001438,2008-10-09 00:23:00,0,Pass,4,0.008888888888888889,446,0.890906465863957,0.9911111111111112,0.9510292530122495,High,development
WF-000362,2008-08-21 13:45:00,0,Pass,4,0.008888888888888889,446,0.890906465863957,0.9911111111111112,0.9510292530122495,High,development
WF-000772,2008-09-09 08:44:00,0,Pass,4,0.008888888888888889,446,0.8908436362157439,0.9911111111111112,0.9510041211529643,High,development
WF-000336,2008-08-20 18:35:00,0,Pass,24,0.05333333333333334,426,0.8938320356951824,0.9466666666666667,0.925532814278073,High,development
WF-000733,2008-09-04 16:56:00,0,Pass,24,0.05333333333333334,426,0.8937662562982269,0.9466666666666667,0.9255065025192908,High,development
WF-000757,2008-09-08 04:21:00,0,Pass,4,0.008888888888888889,446,0.8908436362157439,0.9911111111111112,0.9510041211529643,High,development
WF-001054,2008-09-24 06:14:00,0,Pass,8,0.017777777777777778,442,0.893161043275428,0.9822222222222222,0.9465977506435045,High,development
WF-001380,2008-10-06 21:46:00,0,Pass,4,0.008888888888888889,446,0.890906465863957,0.9911111111111112,0.9510292530122495,High,development
WF-000331,2008-08-20 16:16:00,0,Pass,12,0.02666666666666667,438,0.8902623685931389,0.9733333333333334,0.9401049474372556,High,development
WF-001300,2008-10-04 19:54:00,0,Pass,8,0.017777777777777778,442,0.893161043275428,0.9822222222222222,0.9465977506435045,High,development
WF-000901,2008-09-19 06:01:00,0,Pass,4,0.008888888888888889,446,0.8908436362157439,0.9911111111111112,0.9510041211529643,High,development
WF-001539,2008-10-15 19:15:00,0,Pass,16,0.035555555555555556,434,0.8932673816304798,0.9644444444444444,0.9359736193188586,High,development
WF-001278,2008-10-03 20:26:00,0,Pass,4,0.008888888888888889,446,0.890906465863957,0.9911111111111112,0.9510292530122495,High,development
WF-000437,2008-08-23 05:58:00,0,Pass,4,0.008888888888888889,446,0.890906465863957,0.9911111111111112,0.9510292530122495,High,development
WF-001567,2008-10-17 06:07:00,0,Pass,107,0.23777777777777778,343,0.8915029565672499,0.7622222222222222,0.8139345159602334,Acceptable,development
WF-000386,2008-08-21 23:08:00,0,Pass,0,0.0,450,0.8886296986662388,1.0,0.9554518794664955,High,development
WF-000569,2008-08-30 07:50:00,0,Pass,0,0.0,450,0.8886296986662388,1.0,0.9554518794664955,High,development
WF-001501,2008-10-14 13:16:00,0,Pass,16,0.035555555555555556,434,0.8932673816304798,0.9644444444444444,0.9359736193188586,High,development
WF-000007,2008-07-19 19:44:00,0,Pass,16,0.035555555555555556,434,0.8943635749183747,0.9644444444444444,0.9364120966340166,High,development
WF-001084,2008-09-25 15:12:00,0,Pass,8,0.017777777777777778,442,0.893161043275428,0.9822222222222222,0.9465977506435045,High,development
WF-000496,2008-08-28 20:39:00,1,Fail,4,0.008888888888888889,446,0.8908436362157439,0.9911111111111112,0.9510041211529643,High,development
WF-000135,2008-08-06 12:33:00,0,Pass,16,0.035555555555555556,434,0.89255256865486,0.9644444444444444,0.9356876941286107,High,development
WF-001276,2008-10-03 19:23:00,0,Pass,4,0.008888888888888889,446,0.890906465863957,0.9911111111111112,0.9510292530122495,High,development
WF-000743,2008-09-07 13:02:00,0,Pass,4,0.008888888888888889,446,0.890906465863957,0.9911111111111112,0.9510292530122495,High,development
WF-000355,2008-08-21 12:31:00,0,Pass,12,0.02666666666666667,438,0.8902623685931389,0.9733333333333334,0.9401049474372556,High,development
WF-001366,2008-10-06 15:00:00,1,Fail,4,0.008888888888888889,446,0.890906465863957,0.9911111111111112,0.9510292530122495,High,development
WF-000020,2008-07-22 14:00:00,0,Pass,8,0.017777777777777778,442,0.8897284497435358,0.9822222222222222,0.9452247132307476,High,development
WF-000104,2008-08-05 02:36:00,0,Pass,16,0.035555555555555556,434,0.8917172544770158,0.9644444444444444,0.935353568457473,High,development
WF-000593,2008-08-30 17:05:00,0,Pass,16,0.035555555555555556,434,0.89255256865486,0.9644444444444444,0.9356876941286107,High,development
WF-000643,2008-09-01 23:45:00,0,Pass,16,0.035555555555555556,434,0.8943635749183747,0.9644444444444444,0.9364120966340166,High,development
WF-000152,2008-08-07 08:55:00,0,Pass,28,0.06222222222222222,422,0.8962211956364029,0.9377777777777778,0.9211551449212279,High,development
WF-000468,2008-08-28 06:15:00,0,Pass,0,0.0,450,0.8886296986662388,1.0,0.9554518794664955,High,development
WF-000399,2008-08-22 02:52:00,0,Pass,0,0.0,450,0.8886296986662388,1.0,0.9554518794664955,High,development
WF-000156,2008-08-08 04:55:00,0,Pass,4,0.008888888888888889,446,0.890906465863957,0.9911111111111112,0.9510292530122495,High,development
WF-001505,2008-10-14 17:36:00,0,Pass,16,0.035555555555555556,434,0.8932673816304798,0.9644444444444444,0.9359736193188586,High,development
WF-000215,2008-08-16 06:52:00,0,Pass,12,0.02666666666666667,438,0.8894346828552753,0.9733333333333334,0.9397738731421101,High,development
WF-001359,2008-10-06 10:07:00,0,Pass,4,0.008888888888888889,446,0.8908436362157439,0.9911111111111112,0.9510041211529643,High,development
WF-001195,2008-09-30 13:29:00,0,Pass,4,0.008888888888888889,446,0.890906465863957,0.9911111111111112,0.9510292530122495,High,development
WF-000892,2008-09-18 23:00:00,0,Pass,10,0.022222222222222223,440,0.8932804568541625,0.9777777777777777,0.9439788494083317,High,development
WF-000983,2008-09-21 10:07:00,0,Pass,8,0.017777777777777778,442,0.893161043275428,0.9822222222222222,0.9465977506435045,High,development
WF-001536,2008-10-15 16:24:00,0,Pass,4,0.008888888888888889,446,0.890906465863957,0.9911111111111112,0.9510292530122495,High,development
WF-000686,2008-09-02 13:05:00,0,Pass,12,0.02666666666666667,438,0.8919928587649708,0.9733333333333334,0.9407971435059883,High,development
WF-000288,2008-08-19 05:40:00,0,Pass,0,0.0,450,0.8886296986662388,1.0,0.9554518794664955,High,development
WF-000385,2008-08-21 22:41:00,0,Pass,20,0.044444444444444446,430,0.8914221577456518,0.9555555555555556,0.9299021964315941,High,development
WF-000971,2008-09-21 01:06:00,0,Pass,0,0.0,450,0.8886296986662388,1.0,0.9554518794664955,High,development
WF-001166,2008-09-28 23:54:00,0,Pass,8,0.017777777777777778,442,0.893161043275428,0.9822222222222222,0.9465977506435045,High,development
WF-001388,2008-10-07 07:41:00,0,Pass,8,0.017777777777777778,442,0.893161043275428,0.9822222222222222,0.9465977506435045,High,development
WF-000797,2008-09-11 23:10:00,0,Pass,4,0.008888888888888889,446,0.890906465863957,0.9911111111111112,0.9510292530122495,High,development
WF-001047,2008-09-24 02:19:00,0,Pass,8,0.017777777777777778,442,0.893161043275428,0.9822222222222222,0.9465977506435045,High,development
WF-000447,2008-08-24 10:09:00,0,Pass,4,0.008888888888888889,446,0.890906465863957,0.9911111111111112,0.9510292530122495,High,development
WF-001116,2008-09-26 20:31:00,0,Pass,4,0.008888888888888889,446,0.890906465863957,0.9911111111111112,0.9510292530122495,High,development
WF-000205,2008-08-15 09:38:00,0,Pass,16,0.035555555555555556,434,0.8926171355283694,0.9644444444444444,0.9357135208780145,High,development
WF-000576,2008-08-30 09:37:00,0,Pass,12,0.02666666666666667,438,0.8919928587649708,0.9733333333333334,0.9407971435059883,High,development
WF-000705,2008-09-02 20:58:00,0,Pass,0,0.0,450,0.8886296986662388,1.0,0.9554518794664955,High,development
WF-000186,2008-08-10 12:22:00,0,Pass,12,0.02666666666666667,438,0.8920568359866673,0.9733333333333334,0.9408227343946669,High,development
WF-000671,2008-09-02 09:36:00,0,Pass,20,0.044444444444444446,430,0.8914221577456518,0.9555555555555556,0.9299021964315941,High,development
WF-000660,2008-09-02 04:19:00,0,Pass,24,0.05333333333333334,426,0.8938320356951824,0.9466666666666667,0.925532814278073,High,development
WF-000401,2008-08-22 03:58:00,0,Pass,4,0.008888888888888889,446,0.8908436362157439,0.9911111111111112,0.9510041211529643,High,development
WF-000837,2008-09-14 16:34:00,0,Pass,4,0.008888888888888889,446,0.8908436362157439,0.9911111111111112,0.9510041211529643,High,development
WF-000159,2008-08-08 12:37:00,1,Fail,4,0.008888888888888889,446,0.890906465863957,0.9911111111111112,0.9510292530122495,High,development
WF-000979,2008-09-21 08:22:00,0,Pass,8,0.017777777777777778,442,0.893161043275428,0.9822222222222222,0.9465977506435045,High,development
WF-001045,2008-09-23 21:26:00,0,Pass,0,0.0,450,0.8886296986662388,1.0,0.9554518794664955,High,development
WF-000883,2008-09-18 05:58:00,0,Pass,4,0.008888888888888889,446,0.8908436362157439,0.9911111111111112,0.9510041211529643,High,development
WF-000652,2008-09-02 01:50:00,0,Pass,16,0.035555555555555556,434,0.8943635749183747,0.9644444444444444,0.9364120966340166,High,development
WF-001090,2008-09-25 19:49:00,0,Pass,8,0.017777777777777778,442,0.893161043275428,0.9822222222222222,0.9465977506435045,High,development
WF-001013,2008-09-22 14:24:00,0,Pass,4,0.008888888888888889,446,0.890906465863957,0.9911111111111112,0.9510292530122495,High,development
WF-000825,2008-09-13 10:55:00,0,Pass,4,0.008888888888888889,446,0.890906465863957,0.9911111111111112,0.9510292530122495,High,development
WF-000573,2008-08-30 08:42:00,0,Pass,4,0.008888888888888889,446,0.8908436362157439,0.9911111111111112,0.9510041211529643,High,development
WF-000107,2008-08-05 03:36:00,0,Pass,4,0.008888888888888889,446,0.8908436362157439,0.9911111111111112,0.9510041211529643,High,development
WF-001506,2008-10-14 19:15:00,0,Pass,16,0.035555555555555556,434,0.8932673816304798,0.9644444444444444,0.9359736193188586,High,development
WF-001191,2008-09-30 04:01:00,0,Pass,4,0.008888888888888889,446,0.890906465863957,0.9911111111111112,0.9510292530122495,High,development
WF-000678,2008-09-02 11:22:00,0,Pass,12,0.02666666666666667,438,0.8919928587649708,0.9733333333333334,0.9407971435059883,High,development
WF-000180,2008-08-10 00:46:00,0,Pass,4,0.008888888888888889,446,0.890906465863957,0.9911111111111112,0.9510292530122495,High,development
WF-001235,2008-10-02 07:58:00,0,Pass,62,0.13777777777777778,388,0.8967293702989813,0.8622222222222222,0.8760250814529258,Acceptable,development
WF-000057,2008-07-30 12:02:00,0,Pass,0,0.0,450,0.8886296986662388,1.0,0.9554518794664955,High,development
WF-000911,2008-09-19 11:54:00,0,Pass,8,0.017777777777777778,442,0.8897284497435358,0.9822222222222222,0.9452247132307476,High,development
WF-001133,2008-09-27 14:46:00,0,Pass,4,0.008888888888888889,446,0.8908436362157439,0.9911111111111112,0.9510041211529643,High,development
WF-000728,2008-09-04 14:09:00,0,Pass,4,0.008888888888888889,446,0.8908436362157439,0.9911111111111112,0.9510041211529643,High,development
WF-000565,2008-08-30 05:05:00,0,Pass,24,0.05333333333333334,426,0.8937662562982269,0.9466666666666667,0.9255065025192908,High,development
WF-001231,2008-10-02 04:23:00,0,Pass,4,0.008888888888888889,446,0.890906465863957,0.9911111111111112,0.9510292530122495,High,development
WF-000244,2008-08-18 01:23:00,1,Fail,0,0.0,450,0.8886296986662388,1.0,0.9554518794664955,High,development
WF-000752,2008-09-08 00:32:00,0,Pass,20,0.044444444444444446,430,0.8949505445854108,0.9555555555555556,0.9313135511674977,High,development
WF-001555,2008-10-16 04:47:00,0,Pass,52,0.11555555555555555,398,0.8943216195261409,0.8844444444444445,0.888395314477123,Acceptable,development
WF-000962,2008-09-20 17:26:00,0,Pass,8,0.017777777777777778,442,0.893161043275428,0.9822222222222222,0.9465977506435045,High,development
WF-000050,2008-07-29 17:05:00,1,Fail,8,0.017777777777777778,442,0.8897284497435358,0.9822222222222222,0.9452247132307476,High,development
WF-000094,2008-08-04 18:24:00,0,Pass,39,0.08666666666666667,411,0.8894562398827909,0.9133333333333333,0.9037824959531163,High,development
WF-000765,2008-09-08 19:33:00,0,Pass,20,0.044444444444444446,430,0.8949505445854108,0.9555555555555556,0.9313135511674977,High,development
WF-000662,2008-09-02 05:46:00,0,Pass,28,0.06222222222222222,422,0.8962211956364029,0.9377777777777778,0.9211551449212279,High,development
WF-001372,2008-10-06 17:26:00,0,Pass,28,0.06222222222222222,422,0.8950938309753926,0.9377777777777778,0.9207041990568237,High,development
WF-000060,2008-07-31 13:57:00,0,Pass,16,0.035555555555555556,434,0.8926171355283694,0.9644444444444444,0.9357135208780145,High,development
WF-001450,2008-10-10 15:33:00,0,Pass,8,0.017777777777777778,442,0.893161043275428,0.9822222222222222,0.9465977506435045,High,development
WF-001105,2008-09-26 14:51:00,0,Pass,4,0.008888888888888889,446,0.8908436362157439,0.9911111111111112,0.9510041211529643,High,development
WF-001110,2008-09-26 17:59:00,0,Pass,8,0.017777777777777778,442,0.893161043275428,0.9822222222222222,0.9465977506435045,High,development
WF-000334,2008-08-20 17:36:00,0,Pass,4,0.008888888888888889,446,0.890906465863957,0.9911111111111112,0.9510292530122495,High,development
WF-000695,2008-09-02 16:50:00,0,Pass,4,0.008888888888888889,446,0.890906465863957,0.9911111111111112,0.9510292530122495,High,development
WF-000633,2008-09-01 11:40:00,0,Pass,4,0.008888888888888889,446,0.890906465863957,0.9911111111111112,0.9510292530122495,High,development
WF-001018,2008-09-22 21:31:00,0,Pass,4,0.008888888888888889,446,0.8908436362157439,0.9911111111111112,0.9510041211529643,High,development
WF-000194,2008-08-11 11:35:00,0,Pass,0,0.0,450,0.8886296986662388,1.0,0.9554518794664955,High,development
WF-000624,2008-09-01 05:32:00,0,Pass,10,0.022222222222222223,440,0.8932804568541625,0.9777777777777777,0.9439788494083317,High,development
WF-001327,2008-10-05 16:15:00,0,Pass,0,0.0,450,0.8886296986662388,1.0,0.9554518794664955,High,development
WF-000424,2008-08-22 15:54:00,0,Pass,0,0.0,450,0.8886296986662388,1.0,0.9554518794664955,High,development
WF-000092,2008-08-04 17:11:00,0,Pass,4,0.008888888888888889,446,0.890906465863957,0.9911111111111112,0.9510292530122495,High,development
WF-000729,2008-09-04 14:11:00,0,Pass,16,0.035555555555555556,434,0.8926171355283694,0.9644444444444444,0.9357135208780145,High,development
WF-000782,2008-09-11 06:04:00,0,Pass,16,0.035555555555555556,434,0.8926171355283694,0.9644444444444444,0.9357135208780145,High,development
WF-001036,2008-09-23 13:37:00,0,Pass,8,0.017777777777777778,442,0.893161043275428,0.9822222222222222,0.9465977506435045,High,development
WF-000160,2008-08-08 20:21:00,0,Pass,0,0.0,450,0.8886296986662388,1.0,0.9554518794664955,High,development
WF-000929,2008-09-19 21:14:00,0,Pass,40,0.08888888888888889,410,0.894847996400863,0.9111111111111111,0.9046058652270119,High,development
WF-001385,2008-10-07 03:29:00,0,Pass,4,0.008888888888888889,446,0.890906465863957,0.9911111111111112,0.9510292530122495,High,development
WF-001029,2008-09-23 09:43:00,0,Pass,8,0.017777777777777778,442,0.893161043275428,0.9822222222222222,0.9465977506435045,High,development
WF-000991,2008-09-21 15:26:00,0,Pass,4,0.008888888888888889,446,0.890906465863957,0.9911111111111112,0.9510292530122495,High,development
WF-000413,2008-08-22 10:01:00,0,Pass,0,0.0,450,0.8886296986662388,1.0,0.9554518794664955,High,development
WF-001119,2008-09-27 01:29:00,0,Pass,8,0.017777777777777778,442,0.893161043275428,0.9822222222222222,0.9465977506435045,High,development
WF-001265,2008-10-03 03:56:00,0,Pass,4,0.008888888888888889,446,0.890906465863957,0.9911111111111112,0.9510292530122495,High,development
WF-000809,2008-09-12 14:52:00,0,Pass,0,0.0,450,0.8886296986662388,1.0,0.9554518794664955,High,development
WF-000074,2008-08-03 14:06:00,0,Pass,0,0.0,450,0.8886296986662388,1.0,0.9554518794664955,High,development
WF-000857,2008-09-15 22:54:00,0,Pass,16,0.035555555555555556,434,0.89255256865486,0.9644444444444444,0.9356876941286107,High,development
WF-001198,2008-09-30 15:16:00,0,Pass,2,0.0044444444444444444,448,0.8887267506426334,0.9955555555555555,0.9528240335903866,High,development
WF-000163,2008-08-08 22:06:00,0,Pass,0,0.0,450,0.8886296986662388,1.0,0.9554518794664955,High,development
WF-000829,2008-09-13 14:07:00,0,Pass,4,0.008888888888888889,446,0.890906465863957,0.9911111111111112,0.9510292530122495,High,development
WF-001318,2008-10-05 10:43:00,0,Pass,4,0.008888888888888889,446,0.890906465863957,0.9911111111111112,0.9510292530122495,High,development
WF-000696,2008-09-02 16:54:00,0,Pass,0,0.0,450,0.8886296986662388,1.0,0.9554518794664955,High,development
WF-000434,2008-08-23 05:57:00,0,Pass,12,0.02666666666666667,438,0.8919928587649708,0.9733333333333334,0.9407971435059883,High,development
WF-000511,2008-08-29 05:16:00,0,Pass,4,0.008888888888888889,446,0.8908436362157439,0.9911111111111112,0.9510041211529643,High,development
WF-001212,2008-10-01 05:56:00,1,Fail,12,0.02666666666666667,438,0.8920568359866673,0.9733333333333334,0.9408227343946669,High,development
WF-000361,2008-08-21 13:29:00,0,Pass,4,0.008888888888888889,446,0.890906465863957,0.9911111111111112,0.9510292530122495,High,development
WF-001170,2008-09-29 04:18:00,0,Pass,4,0.008888888888888889,446,0.890906465863957,0.9911111111111112,0.9510292530122495,High,development
WF-001073,2008-09-25 07:12:00,0,Pass,8,0.017777777777777778,442,0.893161043275428,0.9822222222222222,0.9465977506435045,High,development
WF-001063,2008-09-24 15:05:00,1,Fail,8,0.017777777777777778,442,0.893161043275428,0.9822222222222222,0.9465977506435045,High,development
WF-001486,2008-10-13 19:36:00,0,Pass,16,0.035555555555555556,434,0.8932673816304798,0.9644444444444444,0.9359736193188586,High,development
WF-001527,2008-10-15 07:55:00,0,Pass,8,0.017777777777777778,442,0.893161043275428,0.9822222222222222,0.9465977506435045,High,development
WF-000552,2008-08-30 00:01:00,0,Pass,12,0.02666666666666667,438,0.8919928587649708,0.9733333333333334,0.9407971435059883,High,development
WF-000161,2008-08-08 21:22:00,0,Pass,0,0.0,450,0.8886296986662388,1.0,0.9554518794664955,High,development
WF-001360,2008-10-06 11:51:00,0,Pass,8,0.017777777777777778,442,0.893161043275428,0.9822222222222222,0.9465977506435045,High,development
WF-000862,2008-09-16 08:52:00,0,Pass,20,0.044444444444444446,430,0.8949505445854108,0.9555555555555556,0.9313135511674977,High,development
WF-000187,2008-08-10 15:59:00,1,Fail,0,0.0,450,0.8886296986662388,1.0,0.9554518794664955,High,development
WF-001140,2008-09-27 20:46:00,0,Pass,16,0.035555555555555556,434,0.8926171355283694,0.9644444444444444,0.9357135208780145,High,development
WF-000989,2008-09-21 14:33:00,0,Pass,4,0.008888888888888889,446,0.890906465863957,0.9911111111111112,0.9510292530122495,High,development
WF-000226,2008-08-17 01:53:00,0,Pass,0,0.0,450,0.8886296986662388,1.0,0.9554518794664955,High,development
WF-000689,2008-09-02 13:40:00,0,Pass,4,0.008888888888888889,446,0.8908436362157439,0.9911111111111112,0.9510041211529643,High,development
WF-000392,2008-08-22 00:47:00,0,Pass,12,0.02666666666666667,438,0.8919928587649708,0.9733333333333334,0.9407971435059883,High,development
WF-000039,2008-07-28 06:45:00,1,Fail,8,0.017777777777777778,442,0.8897284497435358,0.9822222222222222,0.9452247132307476,High,development
WF-000210,2008-08-15 20:00:00,0,Pass,0,0.0,450,0.8886296986662388,1.0,0.9554518794664955,High,development
WF-001144,2008-09-28 03:55:00,0,Pass,4,0.008888888888888889,446,0.8908436362157439,0.9911111111111112,0.9510041211529643,High,development
WF-001301,2008-10-04 20:39:00,0,Pass,4,0.008888888888888889,446,0.8908436362157439,0.9911111111111112,0.9510041211529643,High,development
WF-001406,2008-10-07 17:28:00,0,Pass,16,0.035555555555555556,434,0.8926171355283694,0.9644444444444444,0.9357135208780145,High,development
WF-000242,2008-08-18 00:02:00,1,Fail,4,0.008888888888888889,446,0.8908436362157439,0.9911111111111112,0.9510041211529643,High,development
WF-000427,2008-08-22 23:47:00,0,Pass,16,0.035555555555555556,434,0.8902864440855337,0.9644444444444444,0.9347812443008802,High,development
WF-001259,2008-10-02 23:32:00,0,Pass,4,0.008888888888888889,446,0.890906465863957,0.9911111111111112,0.9510292530122495,High,development
WF-001379,2008-10-06 20:47:00,0,Pass,4,0.008888888888888889,446,0.890906465863957,0.9911111111111112,0.9510292530122495,High,development
WF-000365,2008-08-21 15:06:00,0,Pass,12,0.02666666666666667,438,0.8902623685931389,0.9733333333333334,0.9401049474372556,High,development
WF-000872,2008-09-17 04:23:00,1,Fail,0,0.0,450,0.8886296986662388,1.0,0.9554518794664955,High,development
WF-001375,2008-10-06 18:55:00,0,Pass,4,0.008888888888888889,446,0.890906465863957,0.9911111111111112,0.9510292530122495,High,development
WF-001332,2008-10-05 19:45:00,0,Pass,4,0.008888888888888889,446,0.890906465863957,0.9911111111111112,0.9510292530122495,High,development
WF-000508,2008-08-29 03:46:00,0,Pass,4,0.008888888888888889,446,0.8908436362157439,0.9911111111111112,0.9510041211529643,High,development
WF-000134,2008-08-06 09:57:00,0,Pass,27,0.06,423,0.8877422258814175,0.94,0.9190968903525669,High,development
WF-001075,2008-09-25 08:45:00,0,Pass,8,0.017777777777777778,442,0.893161043275428,0.9822222222222222,0.9465977506435045,High,development
WF-000129,2008-08-06 00:04:00,0,Pass,8,0.017777777777777778,442,0.8897284497435358,0.9822222222222222,0.9452247132307476,High,development
WF-000712,2008-09-03 04:18:00,0,Pass,0,0.0,450,0.8886296986662388,1.0,0.9554518794664955,High,development
WF-000871,2008-09-17 02:01:00,0,Pass,4,0.008888888888888889,446,0.890906465863957,0.9911111111111112,0.9510292530122495,High,development
WF-000151,2008-08-07 08:45:00,0,Pass,4,0.008888888888888889,446,0.890906465863957,0.9911111111111112,0.9510292530122495,High,development
WF-000827,2008-09-13 11:56:00,1,Fail,12,0.02666666666666667,438,0.8902623685931389,0.9733333333333334,0.9401049474372556,High,development
WF-001114,2008-09-26 19:55:00,0,Pass,0,0.0,450,0.8886296986662388,1.0,0.9554518794664955,High,development
WF-000604,2008-08-31 09:11:00,0,Pass,12,0.02666666666666667,438,0.8920568359866673,0.9733333333333334,0.9408227343946669,High,development
WF-000088,2008-08-04 14:31:00,0,Pass,4,0.008888888888888889,446,0.8908436362157439,0.9911111111111112,0.9510041211529643,High,development
WF-001543,2008-10-15 22:54:00,0,Pass,44,0.09777777777777778,406,0.8941850789938791,0.9022222222222223,0.899007364930885,Acceptable,development
WF-000987,2008-09-21 14:30:00,0,Pass,8,0.017777777777777778,442,0.893161043275428,0.9822222222222222,0.9465977506435045,High,development
WF-000089,2008-08-04 15:29:00,0,Pass,12,0.02666666666666667,438,0.8919928587649708,0.9733333333333334,0.9407971435059883,High,development
WF-000132,2008-08-06 05:40:00,1,Fail,0,0.0,450,0.8886296986662388,1.0,0.9554518794664955,High,development
WF-000061,2008-07-31 15:36:00,0,Pass,0,0.0,450,0.8886296986662388,1.0,0.9554518794664955,High,development
WF-000371,2008-08-21 17:25:00,0,Pass,4,0.008888888888888889,446,0.890906465863957,0.9911111111111112,0.9510292530122495,High,development
WF-001146,2008-09-28 05:31:00,0,Pass,4,0.008888888888888889,446,0.890906465863957,0.9911111111111112,0.9510292530122495,High,development
WF-000994,2008-09-21 17:26:00,0,Pass,8,0.017777777777777778,442,0.893161043275428,0.9822222222222222,0.9465977506435045,High,development
WF-001083,2008-09-25 14:28:00,0,Pass,8,0.017777777777777778,442,0.893161043275428,0.9822222222222222,0.9465977506435045,High,development
WF-001180,2008-09-29 14:08:00,0,Pass,8,0.017777777777777778,442,0.893161043275428,0.9822222222222222,0.9465977506435045,High,development
WF-000491,2008-08-28 18:15:00,0,Pass,8,0.017777777777777778,442,0.8897284497435358,0.9822222222222222,0.9452247132307476,High,development
WF-000390,2008-08-22 00:43:00,0,Pass,4,0.008888888888888889,446,0.888331346869451,0.9911111111111112,0.949999205414447,High,development
WF-000067,2008-08-01 10:26:00,0,Pass,4,0.008888888888888889,446,0.8881482196393371,0.9911111111111112,0.9499259545224015,High,development
WF-000195,2008-08-11 12:38:00,0,Pass,0,0.0,450,0.8886296986662388,1.0,0.9554518794664955,High,development
WF-000423,2008-08-22 15:39:00,0,Pass,0,0.0,450,0.8886296986662388,1.0,0.9554518794664955,High,development
WF-001348,2008-10-06 06:11:00,0,Pass,8,0.017777777777777778,442,0.893161043275428,0.9822222222222222,0.9465977506435045,High,development
WF-001416,2008-10-08 07:10:00,0,Pass,8,0.017777777777777778,442,0.893161043275428,0.9822222222222222,0.9465977506435045,High,development
WF-000943,2008-09-20 08:14:00,0,Pass,8,0.017777777777777778,442,0.893161043275428,0.9822222222222222,0.9465977506435045,High,development
WF-000958,2008-09-20 15:37:00,0,Pass,4,0.008888888888888889,446,0.8908436362157439,0.9911111111111112,0.9510041211529643,High,development
WF-001339,2008-10-06 01:30:00,0,Pass,4,0.008888888888888889,446,0.890906465863957,0.9911111111111112,0.9510292530122495,High,development
WF-000439,2008-08-23 12:58:00,0,Pass,8,0.017777777777777778,442,0.8897284497435358,0.9822222222222222,0.9452247132307476,High,development
WF-000165,2008-08-09 02:15:00,0,Pass,4,0.008888888888888889,446,0.890906465863957,0.9911111111111112,0.9510292530122495,High,development
WF-001039,2008-09-23 15:58:00,0,Pass,6,0.013333333333333334,444,0.8910146478905793,0.9866666666666667,0.9484058591562317,High,development
WF-001282,2008-10-03 21:52:00,0,Pass,4,0.008888888888888889,446,0.890906465863957,0.9911111111111112,0.9510292530122495,High,development
WF-000083,2008-08-04 00:39:00,1,Fail,0,0.0,450,0.8886296986662388,1.0,0.9554518794664955,High,development
WF-000419,2008-08-22 12:42:00,0,Pass,0,0.0,450,0.8886296986662388,1.0,0.9554518794664955,High,development
WF-001400,2008-10-07 12:40:00,0,Pass,8,0.017777777777777778,442,0.893161043275428,0.9822222222222222,0.9465977506435045,High,development
WF-000645,2008-09-02 00:26:00,0,Pass,4,0.008888888888888889,446,0.890906465863957,0.9911111111111112,0.9510292530122495,High,development
WF-000683,2008-09-02 12:26:00,0,Pass,12,0.02666666666666667,438,0.8919928587649708,0.9733333333333334,0.9407971435059883,High,development
WF-000136,2008-08-06 13:35:00,0,Pass,16,0.035555555555555556,434,0.89255256865486,0.9644444444444444,0.9356876941286107,High,development
WF-000486,2008-08-28 17:21:00,0,Pass,8,0.017777777777777778,442,0.8897284497435358,0.9822222222222222,0.9452247132307476,High,development
WF-000455,2008-08-27 14:18:00,0,Pass,20,0.044444444444444446,430,0.8914221577456518,0.9555555555555556,0.9299021964315941,High,development
WF-001197,2008-09-30 14:36:00,0,Pass,4,0.008888888888888889,446,0.890906465863957,0.9911111111111112,0.9510292530122495,High,development
WF-000998,2008-09-21 20:35:00,0,Pass,8,0.017777777777777778,442,0.893161043275428,0.9822222222222222,0.9465977506435045,High,development
WF-001496,2008-10-14 00:35:00,0,Pass,16,0.035555555555555556,434,0.8932673816304798,0.9644444444444444,0.9359736193188586,High,development
WF-000952,2008-09-20 14:06:00,0,Pass,4,0.008888888888888889,446,0.8908436362157439,0.9911111111111112,0.9510041211529643,High,development
WF-001150,2008-09-28 08:40:00,0,Pass,4,0.008888888888888889,446,0.8908436362157439,0.9911111111111112,0.9510041211529643,High,development
WF-001042,2008-09-23 18:56:00,0,Pass,8,0.017777777777777778,442,0.893161043275428,0.9822222222222222,0.9465977506435045,High,development
WF-000031,2008-07-27 20:24:00,0,Pass,8,0.017777777777777778,442,0.8897284497435358,0.9822222222222222,0.9452247132307476,High,development
WF-000248,2008-08-18 05:03:00,0,Pass,12,0.02666666666666667,438,0.8919928587649708,0.9733333333333334,0.9407971435059883,High,development
WF-000935,2008-09-20 03:58:00,0,Pass,8,0.017777777777777778,442,0.893161043275428,0.9822222222222222,0.9465977506435045,High,development
WF-000200,2008-08-12 12:04:00,0,Pass,8,0.017777777777777778,442,0.8897284497435358,0.9822222222222222,0.9452247132307476,High,development
WF-000295,2008-08-19 07:58:00,1,Fail,8,0.017777777777777778,442,0.8897284497435358,0.9822222222222222,0.9452247132307476,High,development
WF-000500,2008-08-28 23:40:00,0,Pass,12,0.02666666666666667,438,0.8919928587649708,0.9733333333333334,0.9407971435059883,High,development
WF-001515,2008-10-15 01:52:00,0,Pass,4,0.008888888888888889,446,0.8908436362157439,0.9911111111111112,0.9510041211529643,High,development
WF-000730,2008-09-04 14:48:00,0,Pass,4,0.008888888888888889,446,0.8908436362157439,0.9911111111111112,0.9510041211529643,High,development
WF-001390,2008-10-07 08:26:00,0,Pass,8,0.017777777777777778,442,0.893161043275428,0.9822222222222222,0.9465977506435045,High,development
WF-000116,2008-08-05 07:12:00,1,Fail,8,0.017777777777777778,442,0.8897284497435358,0.9822222222222222,0.9452247132307476,High,development
WF-000084,2008-08-04 03:45:00,0,Pass,4,0.008888888888888889,446,0.8908436362157439,0.9911111111111112,0.9510041211529643,High,development
WF-000260,2008-08-18 12:00:00,0,Pass,0,0.0,450,0.8886296986662388,1.0,0.9554518794664955,High,development
WF-000920,2008-09-19 19:29:00,0,Pass,4,0.008888888888888889,446,0.8908436362157439,0.9911111111111112,0.9510041211529643,High,development
WF-000693,2008-09-02 15:29:00,0,Pass,4,0.008888888888888889,446,0.8889498100283424,0.9911111111111112,0.9502465906780037,High,development
WF-000310,2008-08-19 12:30:00,0,Pass,12,0.02666666666666667,438,0.8902623685931389,0.9733333333333334,0.9401049474372556,High,development
WF-000563,2008-08-30 04:24:00,0,Pass,4,0.008888888888888889,446,0.8908436362157439,0.9911111111111112,0.9510041211529643,High,development
WF-000469,2008-08-28 06:39:00,0,Pass,20,0.044444444444444446,430,0.8914221577456518,0.9555555555555556,0.9299021964315941,High,development
WF-000852,2008-09-15 16:59:00,0,Pass,4,0.008888888888888889,446,0.890906465863957,0.9911111111111112,0.9510292530122495,High,development
WF-000201,2008-08-13 02:48:00,0,Pass,12,0.02666666666666667,438,0.8902623685931389,0.9733333333333334,0.9401049474372556,High,development
WF-000750,2008-09-07 20:50:00,0,Pass,4,0.008888888888888889,446,0.890906465863957,0.9911111111111112,0.9510292530122495,High,development
WF-001229,2008-10-02 03:27:00,0,Pass,8,0.017777777777777778,442,0.893161043275428,0.9822222222222222,0.9465977506435045,High,development
WF-000655,2008-09-02 02:50:00,0,Pass,4,0.008888888888888889,446,0.8908436362157439,0.9911111111111112,0.9510041211529643,High,development
WF-000416,2008-08-22 11:32:00,0,Pass,0,0.0,450,0.8886296986662388,1.0,0.9554518794664955,High,development
WF-001046,2008-09-23 22:25:00,0,Pass,0,0.0,450,0.8886296986662388,1.0,0.9554518794664955,High,development
WF-000889,2008-09-18 18:56:00,0,Pass,4,0.008888888888888889,446,0.8908436362157439,0.9911111111111112,0.9510041211529643,High,development
WF-000860,2008-09-16 07:48:00,0,Pass,16,0.035555555555555556,434,0.8926171355283694,0.9644444444444444,0.9357135208780145,High,development
WF-001058,2008-09-24 10:59:00,0,Pass,8,0.017777777777777778,442,0.893161043275428,0.9822222222222222,0.9465977506435045,High,development
WF-000036,2008-07-28 03:48:00,0,Pass,4,0.008888888888888889,446,0.890906465863957,0.9911111111111112,0.9510292530122495,High,development
WF-001169,2008-09-29 03:50:00,0,Pass,4,0.008888888888888889,446,0.8908436362157439,0.9911111111111112,0.9510041211529643,High,development
WF-001233,2008-10-02 06:49:00,0,Pass,0,0.0,450,0.8886296986662388,1.0,0.9554518794664955,High,development
WF-001456,2008-10-11 02:55:00,0,Pass,4,0.008888888888888889,446,0.890906465863957,0.9911111111111112,0.9510292530122495,High,development
WF-001349,2008-10-06 06:26:00,0,Pass,8,0.017777777777777778,442,0.893161043275428,0.9822222222222222,0.9465977506435045,High,development
WF-000124,2008-08-05 21:07:00,0,Pass,4,0.008888888888888889,446,0.8889498100283424,0.9911111111111112,0.9502465906780037,High,development
WF-000213,2008-08-16 02:21:00,0,Pass,8,0.017777777777777778,442,0.8897284497435358,0.9822222222222222,0.9452247132307476,High,development
WF-001329,2008-10-05 16:49:00,1,Fail,8,0.017777777777777778,442,0.893161043275428,0.9822222222222222,0.9465977506435045,High,development
WF-000111,2008-08-05 05:11:00,0,Pass,0,0.0,450,0.8886296986662388,1.0,0.9554518794664955,High,development
WF-001344,2008-10-06 03:57:00,1,Fail,8,0.017777777777777778,442,0.893161043275428,0.9822222222222222,0.9465977506435045,High,development
WF-001178,2008-09-29 14:03:00,0,Pass,4,0.008888888888888889,446,0.8908436362157439,0.9911111111111112,0.9510041211529643,High,development
WF-000261,2008-08-18 12:06:00,0,Pass,8,0.017777777777777778,442,0.8897284497435358,0.9822222222222222,0.9452247132307476,High,development
WF-000625,2008-09-01 06:12:00,0,Pass,8,0.017777777777777778,442,0.8905626200366277,0.9822222222222222,0.9455583813479844,High,development
WF-000614,2008-08-31 21:46:00,0,Pass,16,0.035555555555555556,434,0.89255256865486,0.9644444444444444,0.9356876941286107,High,development
WF-000143,2008-08-06 20:17:00,0,Pass,16,0.035555555555555556,434,0.89255256865486,0.9644444444444444,0.9356876941286107,High,development
WF-000076,2008-08-03 15:03:00,0,Pass,0,0.0,450,0.8886296986662388,1.0,0.9554518794664955,High,development
WF-000514,2008-08-29 05:57:00,0,Pass,12,0.02666666666666667,438,0.8919928587649708,0.9733333333333334,0.9407971435059883,High,development
WF-000373,2008-08-21 18:04:00,0,Pass,20,0.044444444444444446,430,0.8914221577456518,0.9555555555555556,0.9299021964315941,High,development
WF-001201,2008-09-30 16:50:00,0,Pass,0,0.0,450,0.8886296986662388,1.0,0.9554518794664955,High,development
WF-000351,2008-08-21 05:15:00,0,Pass,4,0.008888888888888889,446,0.890906465863957,0.9911111111111112,0.9510292530122495,High,development
WF-001193,2008-09-30 08:44:00,0,Pass,0,0.0,450,0.8886296986662388,1.0,0.9554518794664955,High,development
WF-000539,2008-08-29 14:30:00,0,Pass,16,0.035555555555555556,434,0.8915290638211846,0.9644444444444444,0.9352782921951406,High,development
WF-000692,2008-09-02 14:34:00,0,Pass,8,0.017777777777777778,442,0.893161043275428,0.9822222222222222,0.9465977506435045,High,development
WF-001252,2008-10-02 19:21:00,0,Pass,4,0.008888888888888889,446,0.890906465863957,0.9911111111111112,0.9510292530122495,High,development
WF-001309,2008-10-05 04:48:00,0,Pass,8,0.017777777777777778,442,0.893161043275428,0.9822222222222222,0.9465977506435045,High,development
WF-001535,2008-10-15 15:11:00,0,Pass,16,0.035555555555555556,434,0.8932673816304798,0.9644444444444444,0.9359736193188586,High,development
WF-000404,2008-08-22 05:21:00,0,Pass,12,0.02666666666666667,438,0.8919928587649708,0.9733333333333334,0.9407971435059883,High,development
WF-001533,2008-10-15 13:16:00,0,Pass,8,0.017777777777777778,442,0.893161043275428,0.9822222222222222,0.9465977506435045,High,development
WF-000839,2008-09-14 18:27:00,0,Pass,16,0.035555555555555556,434,0.89255256865486,0.9644444444444444,0.9356876941286107,High,development
WF-000880,2008-09-18 03:58:00,0,Pass,16,0.035555555555555556,434,0.89255256865486,0.9644444444444444,0.9356876941286107,High,development
WF-001070,2008-09-25 01:05:00,0,Pass,8,0.017777777777777778,442,0.893161043275428,0.9822222222222222,0.9465977506435045,High,development
WF-000158,2008-08-08 08:44:00,1,Fail,4,0.008888888888888889,446,0.8908436362157439,0.9911111111111112,0.9510041211529643,High,development
WF-000561,2008-08-30 03:10:00,0,Pass,12,0.02666666666666667,438,0.8919928587649708,0.9733333333333334,0.9407971435059883,High,development
WF-001268,2008-10-03 05:45:00,0,Pass,4,0.008888888888888889,446,0.890906465863957,0.9911111111111112,0.9510292530122495,High,development
WF-000280,2008-08-18 23:03:00,0,Pass,0,0.0,450,0.8886296986662388,1.0,0.9554518794664955,High,development
WF-001424,2008-10-08 13:38:00,0,Pass,8,0.017777777777777778,442,0.893161043275428,0.9822222222222222,0.9465977506435045,High,development
WF-000816,2008-09-12 21:12:00,0,Pass,4,0.008888888888888889,446,0.8908436362157439,0.9911111111111112,0.9510041211529643,High,development
WF-001010,2008-09-22 12:11:00,0,Pass,4,0.008888888888888889,446,0.890906465863957,0.9911111111111112,0.9510292530122495,High,development
WF-001208,2008-09-30 23:58:00,0,Pass,4,0.008888888888888889,446,0.890906465863957,0.9911111111111112,0.9510292530122495,High,development
WF-000798,2008-09-11 23:48:00,1,Fail,8,0.017777777777777778,442,0.893161043275428,0.9822222222222222,0.9465977506435045,High,development
WF-000287,2008-08-19 05:11:00,0,Pass,8,0.017777777777777778,442,0.8897284497435358,0.9822222222222222,0.9452247132307476,High,development
WF-000956,2008-09-20 15:02:00,0,Pass,0,0.0,450,0.8886296986662388,1.0,0.9554518794664955,High,development
WF-000098,2008-08-04 21:43:00,0,Pass,12,0.02666666666666667,438,0.8919928587649708,0.9733333333333334,0.9407971435059883,High,development
WF-001064,2008-09-24 15:39:00,0,Pass,8,0.017777777777777778,442,0.893161043275428,0.9822222222222222,0.9465977506435045,High,development
WF-000788,2008-09-11 13:36:00,0,Pass,4,0.008888888888888889,446,0.890906465863957,0.9911111111111112,0.9510292530122495,High,development
WF-000316,2008-08-19 19:38:00,0,Pass,0,0.0,450,0.8886296986662388,1.0,0.9554518794664955,High,development
WF-000481,2008-08-28 14:48:00,0,Pass,0,0.0,450,0.8886296986662388,1.0,0.9554518794664955,High,development
WF-000262,2008-08-18 12:22:00,0,Pass,8,0.017777777777777778,442,0.8897284497435358,0.9822222222222222,0.9452247132307476,High,development
WF-000558,2008-08-30 02:32:00,0,Pass,12,0.02666666666666667,438,0.8919928587649708,0.9733333333333334,0.9407971435059883,High,development
WF-001027,2008-09-23 07:58:00,0,Pass,8,0.017777777777777778,442,0.893161043275428,0.9822222222222222,0.9465977506435045,High,development
WF-001343,2008-10-06 03:50:00,1,Fail,8,0.017777777777777778,442,0.893161043275428,0.9822222222222222,0.9465977506435045,High,development
WF-000352,2008-08-21 06:10:00,1,Fail,0,0.0,450,0.8886296986662388,1.0,0.9554518794664955,High,development
WF-001528,2008-10-15 08:21:00,0,Pass,16,0.035555555555555556,434,0.8932673816304798,0.9644444444444444,0.9359736193188586,High,development
WF-000601,2008-08-31 02:57:00,0,Pass,20,0.044444444444444446,430,0.8914221577456518,0.9555555555555556,0.9299021964315941,High,development
WF-000044,2008-07-29 05:16:00,0,Pass,8,0.017777777777777778,442,0.8897284497435358,0.9822222222222222,0.9452247132307476,High,development
WF-001435,2008-10-08 22:08:00,0,Pass,8,0.017777777777777778,442,0.893161043275428,0.9822222222222222,0.9465977506435045,High,development
WF-000112,2008-08-05 06:10:00,0,Pass,8,0.017777777777777778,442,0.8911866801471832,0.9822222222222222,0.9458080053922066,High,development
WF-001118,2008-09-27 00:17:00,0,Pass,8,0.017777777777777778,442,0.893161043275428,0.9822222222222222,0.9465977506435045,High,development
WF-000266,2008-08-18 14:04:00,0,Pass,20,0.044444444444444446,430,0.8914221577456518,0.9555555555555556,0.9299021964315941,High,development
WF-000006,2008-07-19 17:53:00,0,Pass,4,0.008888888888888889,446,0.8908436362157439,0.9911111111111112,0.9510041211529643,High,development
WF-000294,2008-08-19 07:43:00,0,Pass,0,0.0,450,0.8886296986662388,1.0,0.9554518794664955,High,development
WF-000133,2008-08-06 09:56:00,0,Pass,8,0.017777777777777778,442,0.8897284497435358,0.9822222222222222,0.9452247132307476,High,development
WF-000023,2008-07-23 19:22:00,0,Pass,4,0.008888888888888889,446,0.890906465863957,0.9911111111111112,0.9510292530122495,High,development
WF-001136,2008-09-27 16:13:00,0,Pass,8,0.017777777777777778,442,0.893161043275428,0.9822222222222222,0.9465977506435045,High,development
WF-000760,2008-09-08 07:41:00,0,Pass,8,0.017777777777777778,442,0.893161043275428,0.9822222222222222,0.9465977506435045,High,development
WF-001444,2008-10-09 15:55:00,1,Fail,16,0.035555555555555556,434,0.8932673816304798,0.9644444444444444,0.9359736193188586,High,development
WF-001211,2008-10-01 02:53:00,0,Pass,4,0.008888888888888889,446,0.890906465863957,0.9911111111111112,0.9510292530122495,High,development
WF-000661,2008-09-02 04:22:00,0,Pass,4,0.008888888888888889,446,0.8908436362157439,0.9911111111111112,0.9510041211529643,High,development
WF-000919,2008-09-19 19:18:00,0,Pass,8,0.017777777777777778,442,0.893161043275428,0.9822222222222222,0.9465977506435045,High,development
WF-001547,2008-10-16 02:16:00,0,Pass,44,0.09777777777777778,406,0.8941850789938791,0.9022222222222223,0.899007364930885,Acceptable,development
WF-000363,2008-08-21 14:47:00,0,Pass,16,0.035555555555555556,434,0.8917172544770158,0.9644444444444444,0.935353568457473,High,development
WF-000703,2008-09-02 20:18:00,0,Pass,12,0.02666666666666667,438,0.8927650223948588,0.9733333333333334,0.9411060089579435,High,development
WF-000884,2008-09-18 08:04:00,0,Pass,0,0.0,450,0.8886296986662388,1.0,0.9554518794664955,High,development
WF-001085,2008-09-25 15:40:00,0,Pass,10,0.022222222222222223,440,0.890600914419605,0.9777777777777777,0.9429070324345087,High,development
WF-000285,2008-08-19 05:09:00,0,Pass,24,0.05333333333333334,426,0.8937662562982269,0.9466666666666667,0.9255065025192908,High,development
WF-000664,2008-09-02 06:19:00,0,Pass,24,0.05333333333333334,426,0.8937662562982269,0.9466666666666667,0.9255065025192908,High,development
WF-000414,2008-08-22 10:18:00,0,Pass,12,0.02666666666666667,438,0.8902623685931389,0.9733333333333334,0.9401049474372556,High,development
WF-000876,2008-09-18 00:57:00,0,Pass,0,0.0,450,0.8886296986662388,1.0,0.9554518794664955,High,development
WF-000224,2008-08-16 23:48:00,0,Pass,8,0.017777777777777778,442,0.8897284497435358,0.9822222222222222,0.9452247132307476,High,development
WF-000489,2008-08-28 18:05:00,0,Pass,0,0.0,450,0.8886296986662388,1.0,0.9554518794664955,High,development
WF-000688,2008-09-02 13:27:00,0,Pass,20,0.044444444444444446,430,0.8914221577456518,0.9555555555555556,0.9299021964315941,High,development
WF-000081,2008-08-03 20:23:00,0,Pass,0,0.0,450,0.8886296986662388,1.0,0.9554518794664955,High,development
WF-001122,2008-09-27 10:13:00,0,Pass,4,0.008888888888888889,446,0.8908436362157439,0.9911111111111112,0.9510041211529643,High,development
WF-001311,2008-10-05 05:53:00,0,Pass,8,0.017777777777777778,442,0.893161043275428,0.9822222222222222,0.9465977506435045,High,development
WF-000815,2008-09-12 20:28:00,0,Pass,70,0.15555555555555556,380,0.8961095509065125,0.8444444444444444,0.8651104870292716,Acceptable,development
WF-001203,2008-09-30 19:17:00,0,Pass,4,0.008888888888888889,446,0.890906465863957,0.9911111111111112,0.9510292530122495,High,development
WF-001407,2008-10-07 18:39:00,0,Pass,4,0.008888888888888889,446,0.890906465863957,0.9911111111111112,0.9510292530122495,High,development
WF-001171,2008-09-29 04:47:00,0,Pass,4,0.008888888888888889,446,0.8908436362157439,0.9911111111111112,0.9510041211529643,High,development
WF-000452,2008-08-27 11:38:00,0,Pass,0,0.0,450,0.8886296986662388,1.0,0.9554518794664955,High,development
WF-000198,2008-08-12 10:54:00,0,Pass,4,0.008888888888888889,446,0.890906465863957,0.9911111111111112,0.9510292530122495,High,development
WF-000422,2008-08-22 15:25:00,0,Pass,16,0.035555555555555556,434,0.8926171355283694,0.9644444444444444,0.9357135208780145,High,development
WF-001026,2008-09-23 06:52:00,0,Pass,4,0.008888888888888889,446,0.890906465863957,0.9911111111111112,0.9510292530122495,High,development
WF-000428,2008-08-22 23:49:00,0,Pass,20,0.044444444444444446,430,0.8914221577456518,0.9555555555555556,0.9299021964315941,High,development
WF-000480,2008-08-28 12:44:00,0,Pass,0,0.0,450,0.8886296986662388,1.0,0.9554518794664955,High,development
WF-000323,2008-08-20 03:00:00,0,Pass,20,0.044444444444444446,430,0.8914221577456518,0.9555555555555556,0.9299021964315941,High,development
WF-001022,2008-09-22 23:10:00,0,Pass,8,0.017777777777777778,442,0.893161043275428,0.9822222222222222,0.9465977506435045,High,development
WF-000804,2008-09-12 07:21:00,0,Pass,12,0.02666666666666667,438,0.8902623685931389,0.9733333333333334,0.9401049474372556,High,development
WF-000096,2008-08-04 20:32:00,0,Pass,39,0.08666666666666667,411,0.8894562398827909,0.9133333333333333,0.9037824959531163,High,development
WF-001210,2008-10-01 01:11:00,0,Pass,0,0.0,450,0.8886296986662388,1.0,0.9554518794664955,High,development
WF-001459,2008-10-11 07:39:00,0,Pass,4,0.008888888888888889,446,0.890906465863957,0.9911111111111112,0.9510292530122495,High,development
WF-000162,2008-08-08 21:53:00,0,Pass,0,0.0,450,0.8886296986662388,1.0,0.9554518794664955,High,development
WF-000333,2008-08-20 17:35:00,0,Pass,0,0.0,450,0.8886296986662388,1.0,0.9554518794664955,High,development
WF-000596,2008-08-30 19:27:00,0,Pass,4,0.008888888888888889,446,0.8908436362157439,0.9911111111111112,0.9510041211529643,High,development
WF-000222,2008-08-16 15:16:00,0,Pass,4,0.008888888888888889,446,0.890906465863957,0.9911111111111112,0.9510292530122495,High,development
WF-000369,2008-08-21 16:19:00,1,Fail,0,0.0,450,0.8886296986662388,1.0,0.9554518794664955,High,development
WF-000144,2008-08-06 21:15:00,0,Pass,0,0.0,450,0.8886296986662388,1.0,0.9554518794664955,High,development
WF-000218,2008-08-16 08:41:00,0,Pass,4,0.008888888888888889,446,0.8908436362157439,0.9911111111111112,0.9510041211529643,High,development
WF-000485,2008-08-28 16:52:00,0,Pass,8,0.017777777777777778,442,0.8897284497435358,0.9822222222222222,0.9452247132307476,High,development
WF-000470,2008-08-28 06:56:00,0,Pass,12,0.02666666666666667,438,0.8902623685931389,0.9733333333333334,0.9401049474372556,High,development
WF-001394,2008-10-07 10:04:00,0,Pass,8,0.017777777777777778,442,0.893161043275428,0.9822222222222222,0.9465977506435045,High,development
WF-001563,2008-10-16 15:13:00,0,Pass,44,0.09777777777777778,406,0.8941850789938791,0.9022222222222223,0.899007364930885,Acceptable,development
WF-000473,2008-08-28 08:41:00,0,Pass,8,0.017777777777777778,442,0.8897284497435358,0.9822222222222222,0.9452247132307476,High,development
WF-000011,2008-07-19 21:57:00,1,Fail,0,0.0,450,0.8886296986662388,1.0,0.9554518794664955,High,development
WF-000016,2008-07-22 00:03:00,0,Pass,8,0.017777777777777778,442,0.8897284497435358,0.9822222222222222,0.9452247132307476,High,development
WF-001481,2008-10-13 14:55:00,0,Pass,8,0.017777777777777778,442,0.893161043275428,0.9822222222222222,0.9465977506435045,High,development
WF-000567,2008-08-30 05:38:00,0,Pass,20,0.044444444444444446,430,0.8914221577456518,0.9555555555555556,0.9299021964315941,High,development
WF-000691,2008-09-02 14:21:00,0,Pass,0,0.0,450,0.8886296986662388,1.0,0.9554518794664955,High,development
WF-000663,2008-09-02 06:03:00,0,Pass,16,0.035555555555555556,434,0.8943635749183747,0.9644444444444444,0.9364120966340166,High,development
WF-000221,2008-08-16 14:30:00,0,Pass,4,0.008888888888888889,446,0.890906465863957,0.9911111111111112,0.9510292530122495,High,development
WF-000718,2008-09-03 18:16:00,0,Pass,16,0.035555555555555556,434,0.8943635749183747,0.9644444444444444,0.9364120966340166,High,development
WF-000959,2008-09-20 15:46:00,0,Pass,0,0.0,450,0.8886296986662388,1.0,0.9554518794664955,High,development
WF-001550,2008-10-16 02:55:00,0,Pass,44,0.09777777777777778,406,0.8941850789938791,0.9022222222222223,0.899007364930885,Acceptable,development
WF-000685,2008-09-02 12:44:00,0,Pass,12,0.02666666666666667,438,0.8919928587649708,0.9733333333333334,0.9407971435059883,High,development
WF-001089,2008-09-25 17:29:00,0,Pass,4,0.008888888888888889,446,0.890906465863957,0.9911111111111112,0.9510292530122495,High,development
WF-001303,2008-10-04 23:18:00,1,Fail,8,0.017777777777777778,442,0.893161043275428,0.9822222222222222,0.9465977506435045,High,development
WF-001111,2008-09-26 18:54:00,0,Pass,0,0.0,450,0.8886296986662388,1.0,0.9554518794664955,High,development
WF-001187,2008-09-29 22:13:00,0,Pass,4,0.008888888888888889,446,0.8908436362157439,0.9911111111111112,0.9510041211529643,High,development
WF-000408,2008-08-22 07:04:00,0,Pass,12,0.02666666666666667,438,0.8902623685931389,0.9733333333333334,0.9401049474372556,High,development
WF-001031,2008-09-23 11:42:00,0,Pass,8,0.017777777777777778,442,0.893161043275428,0.9822222222222222,0.9465977506435045,High,development
WF-000463,2008-08-28 03:45:00,0,Pass,4,0.008888888888888889,446,0.8908436362157439,0.9911111111111112,0.9510041211529643,High,development
WF-001242,2008-10-02 14:07:00,1,Fail,8,0.017777777777777778,442,0.893161043275428,0.9822222222222222,0.9465977506435045,High,development
WF-001384,2008-10-07 01:46:00,0,Pass,8,0.017777777777777778,442,0.893161043275428,0.9822222222222222,0.9465977506435045,High,development
WF-001057,2008-09-24 10:53:00,0,Pass,4,0.008888888888888889,446,0.8908436362157439,0.9911111111111112,0.9510041211529643,High,development
WF-000254,2008-08-18 07:23:00,0,Pass,0,0.0,450,0.8886296986662388,1.0,0.9554518794664955,High,development
WF-000425,2008-08-22 19:14:00,1,Fail,4,0.008888888888888889,446,0.890906465863957,0.9911111111111112,0.9510292530122495,High,development
WF-000621,2008-09-01 00:45:00,0,Pass,12,0.02666666666666667,438,0.8919928587649708,0.9733333333333334,0.9407971435059883,High,development
WF-000626,2008-09-01 06:21:00,0,Pass,4,0.008888888888888889,446,0.8908436362157439,0.9911111111111112,0.9510041211529643,High,development
WF-000840,2008-09-14 18:27:00,0,Pass,4,0.008888888888888889,446,0.890906465863957,0.9911111111111112,0.9510292530122495,High,development
WF-000721,2008-09-03 20:10:00,0,Pass,16,0.035555555555555556,434,0.89255256865486,0.9644444444444444,0.9356876941286107,High,development
WF-001401,2008-10-07 13:10:00,1,Fail,8,0.017777777777777778,442,0.893161043275428,0.9822222222222222,0.9465977506435045,High,development
WF-001040,2008-09-23 18:10:00,0,Pass,8,0.017777777777777778,442,0.893161043275428,0.9822222222222222,0.9465977506435045,High,development
WF-000504,2008-08-29 02:38:00,0,Pass,8,0.017777777777777778,442,0.8897284497435358,0.9822222222222222,0.9452247132307476,High,development
WF-000925,2008-09-19 20:19:00,1,Fail,12,0.02666666666666667,438,0.8902623685931389,0.9733333333333334,0.9401049474372556,High,development
WF-001065,2008-09-24 15:42:00,0,Pass,4,0.008888888888888889,446,0.890906465863957,0.9911111111111112,0.9510292530122495,High,development
WF-001094,2008-09-26 00:19:00,0,Pass,8,0.017777777777777778,442,0.893161043275428,0.9822222222222222,0.9465977506435045,High,development
WF-001561,2008-10-16 05:58:00,0,Pass,52,0.11555555555555555,398,0.8943216195261409,0.8844444444444445,0.888395314477123,Acceptable,development
WF-000814,2008-09-12 19:36:00,0,Pass,16,0.035555555555555556,434,0.89255256865486,0.9644444444444444,0.9356876941286107,High,development
WF-001402,2008-10-07 13:48:00,0,Pass,16,0.035555555555555556,434,0.8932673816304798,0.9644444444444444,0.9359736193188586,High,development
WF-001183,2008-09-29 16:27:00,0,Pass,4,0.008888888888888889,446,0.890906465863957,0.9911111111111112,0.9510292530122495,High,development
WF-000753,2008-09-08 00:40:00,0,Pass,48,0.10666666666666667,402,0.8916255204670595,0.8933333333333333,0.8926502081868237,Acceptable,development
WF-001051,2008-09-24 05:13:00,0,Pass,8,0.017777777777777778,442,0.893161043275428,0.9822222222222222,0.9465977506435045,High,development
WF-001158,2008-09-28 18:43:00,0,Pass,4,0.008888888888888889,446,0.8908436362157439,0.9911111111111112,0.9510041211529643,High,development
WF-000140,2008-08-06 19:13:00,0,Pass,4,0.008888888888888889,446,0.8908436362157439,0.9911111111111112,0.9510041211529643,High,development
WF-001336,2008-10-06 00:41:00,0,Pass,8,0.017777777777777778,442,0.893161043275428,0.9822222222222222,0.9465977506435045,High,development
WF-000582,2008-08-30 11:18:00,0,Pass,16,0.035555555555555556,434,0.89255256865486,0.9644444444444444,0.9356876941286107,High,development
WF-000381,2008-08-21 20:21:00,0,Pass,0,0.0,450,0.8886296986662388,1.0,0.9554518794664955,High,development
WF-001428,2008-10-08 17:14:00,0,Pass,8,0.017777777777777778,442,0.893161043275428,0.9822222222222222,0.9465977506435045,High,development
WF-001293,2008-10-04 15:16:00,0,Pass,8,0.017777777777777778,442,0.893161043275428,0.9822222222222222,0.9465977506435045,High,development
WF-000717,2008-09-03 17:22:00,0,Pass,0,0.0,450,0.8886296986662388,1.0,0.9554518794664955,High,development
WF-000479,2008-08-28 11:19:00,0,Pass,15,0.03333333333333333,435,0.8918274363215382,0.9666666666666667,0.9367309745286152,High,development
WF-000961,2008-09-20 16:44:00,0,Pass,4,0.008888888888888889,446,0.8908436362157439,0.9911111111111112,0.9510041211529643,High,development
WF-000120,2008-08-05 14:17:00,0,Pass,0,0.0,450,0.8886296986662388,1.0,0.9554518794664955,High,development
WF-000022,2008-07-23 05:15:00,0,Pass,8,0.017777777777777778,442,0.8904412337888274,0.9822222222222222,0.9455098268488642,High,development
WF-000193,2008-08-11 05:15:00,0,Pass,8,0.017777777777777778,442,0.8897284497435358,0.9822222222222222,0.9452247132307476,High,development
WF-000330,2008-08-20 16:08:00,0,Pass,24,0.05333333333333334,426,0.8937662562982269,0.9466666666666667,0.9255065025192908,High,development
WF-000488,2008-08-28 17:32:00,0,Pass,12,0.02666666666666667,438,0.8902623685931389,0.9733333333333334,0.9401049474372556,High,development
WF-001305,2008-10-05 00:33:00,0,Pass,12,0.02666666666666667,438,0.8926916007628274,0.9733333333333334,0.9410766403051309,High,development
WF-001241,2008-10-02 10:03:00,0,Pass,4,0.008888888888888889,446,0.8908436362157439,0.9911111111111112,0.9510041211529643,High,development
WF-000535,2008-08-29 13:27:00,0,Pass,24,0.05333333333333334,426,0.8937662562982269,0.9466666666666667,0.9255065025192908,High,development
WF-001537,2008-10-15 17:19:00,0,Pass,8,0.017777777777777778,442,0.893161043275428,0.9822222222222222,0.9465977506435045,High,development
WF-000537,2008-08-29 14:11:00,0,Pass,4,0.008888888888888889,446,0.8908436362157439,0.9911111111111112,0.9510041211529643,High,development
WF-000976,2008-09-21 04:49:00,0,Pass,0,0.0,450,0.8886296986662388,1.0,0.9554518794664955,High,development
WF-000697,2008-09-02 16:58:00,0,Pass,20,0.044444444444444446,430,0.8914221577456518,0.9555555555555556,0.9299021964315941,High,development
WF-001225,2008-10-01 23:34:00,0,Pass,4,0.008888888888888889,446,0.890906465863957,0.9911111111111112,0.9510292530122495,High,development
WF-000823,2008-09-13 03:14:00,0,Pass,0,0.0,450,0.8886296986662388,1.0,0.9554518794664955,High,development
WF-000687,2008-09-02 13:08:00,0,Pass,28,0.06222222222222222,422,0.8962211956364029,0.9377777777777778,0.9211551449212279,High,development
WF-001277,2008-10-03 20:11:00,0,Pass,4,0.008888888888888889,446,0.890906465863957,0.9911111111111112,0.9510292530122495,High,development
WF-000996,2008-09-21 18:12:00,0,Pass,78,0.17333333333333334,372,0.8938952168094471,0.8266666666666667,0.8535580867237789,Acceptable,development
WF-000761,2008-09-08 18:46:00,0,Pass,8,0.017777777777777778,442,0.893161043275428,0.9822222222222222,0.9465977506435045,High,development
WF-000512,2008-08-29 05:54:00,0,Pass,64,0.14222222222222222,386,0.8899430252732233,0.8577777777777778,0.8706438767759559,Acceptable,development
WF-000556,2008-08-30 02:08:00,0,Pass,12,0.02666666666666667,438,0.8919928587649708,0.9733333333333334,0.9407971435059883,High,development
WF-001558,2008-10-16 05:08:00,0,Pass,44,0.09777777777777778,406,0.8941850789938791,0.9022222222222223,0.899007364930885,Acceptable,development
WF-001007,2008-09-22 07:12:00,0,Pass,8,0.017777777777777778,442,0.893161043275428,0.9822222222222222,0.9465977506435045,High,development
WF-001023,2008-09-23 00:57:00,0,Pass,8,0.017777777777777778,442,0.893161043275428,0.9822222222222222,0.9465977506435045,High,development
WF-001134,2008-09-27 15:09:00,0,Pass,0,0.0,450,0.8886296986662388,1.0,0.9554518794664955,High,development
WF-001078,2008-09-25 11:08:00,0,Pass,8,0.017777777777777778,442,0.893161043275428,0.9822222222222222,0.9465977506435045,High,development
WF-000467,2008-08-28 05:00:00,0,Pass,12,0.02666666666666667,438,0.8902623685931389,0.9733333333333334,0.9401049474372556,High,development
WF-000035,2008-07-28 03:31:00,0,Pass,0,0.0,450,0.8886296986662388,1.0,0.9554518794664955,High,development
WF-000038,2008-07-28 05:36:00,0,Pass,0,0.0,450,0.8886296986662388,1.0,0.9554518794664955,High,development
WF-000276,2008-08-18 17:37:00,0,Pass,8,0.017777777777777778,442,0.8897284497435358,0.9822222222222222,0.9452247132307476,High,development
WF-000773,2008-09-10 07:26:00,0,Pass,4,0.008888888888888889,446,0.8908436362157439,0.9911111111111112,0.9510041211529643,High,development
WF-000789,2008-09-11 14:20:00,0,Pass,4,0.008888888888888889,446,0.890906465863957,0.9911111111111112,0.9510292530122495,High,development
WF-001519,2008-10-15 02:40:00,0,Pass,8,0.017777777777777778,442,0.893161043275428,0.9822222222222222,0.9465977506435045,High,development
WF-001548,2008-10-16 02:17:00,0,Pass,52,0.11555555555555555,398,0.8943216195261409,0.8844444444444445,0.888395314477123,Acceptable,development
WF-000223,2008-08-16 15:19:00,1,Fail,8,0.017777777777777778,442,0.8897284497435358,0.9822222222222222,0.9452247132307476,High,development
WF-000711,2008-09-03 01:32:00,0,Pass,8,0.017777777777777778,442,0.893161043275428,0.9822222222222222,0.9465977506435045,High,development
WF-001445,2008-10-09 15:56:00,0,Pass,8,0.017777777777777778,442,0.893161043275428,0.9822222222222222,0.9465977506435045,High,development
WF-000907,2008-09-19 09:12:00,0,Pass,0,0.0,450,0.8886296986662388,1.0,0.9554518794664955,High,development
WF-001060,2008-09-24 12:04:00,0,Pass,4,0.008888888888888889,446,0.890906465863957,0.9911111111111112,0.9510292530122495,High,development
WF-001554,2008-10-16 04:04:00,0,Pass,44,0.09777777777777778,406,0.8941850789938791,0.9022222222222223,0.899007364930885,Acceptable,development
WF-001113,2008-09-26 19:45:00,0,Pass,4,0.008888888888888889,446,0.890906465863957,0.9911111111111112,0.9510292530122495,High,development
WF-001003,2008-09-22 00:47:00,0,Pass,4,0.008888888888888889,446,0.8908436362157439,0.9911111111111112,0.9510041211529643,High,development
WF-000649,2008-09-02 01:10:00,0,Pass,4,0.008888888888888889,446,0.8908436362157439,0.9911111111111112,0.9510041211529643,High,development
WF-000405,2008-08-22 05:31:00,0,Pass,4,0.008888888888888889,446,0.890906465863957,0.9911111111111112,0.9510292530122495,High,development
WF-000891,2008-09-18 21:56:00,0,Pass,0,0.0,450,0.8886296986662388,1.0,0.9554518794664955,High,development
WF-000946,2008-09-20 12:20:00,0,Pass,4,0.008888888888888889,446,0.890906465863957,0.9911111111111112,0.9510292530122495,High,development
WF-001263,2008-10-03 02:41:00,0,Pass,4,0.008888888888888889,446,0.890906465863957,0.9911111111111112,0.9510292530122495,High,development
WF-000620,2008-09-01 00:39:00,0,Pass,16,0.035555555555555556,434,0.8943635749183747,0.9644444444444444,0.9364120966340166,High,development
WF-000820,2008-09-12 23:40:00,0,Pass,4,0.008888888888888889,446,0.8908436362157439,0.9911111111111112,0.9510041211529643,High,development
WF-001426,2008-10-08 15:37:00,0,Pass,8,0.017777777777777778,442,0.893161043275428,0.9822222222222222,0.9465977506435045,High,development
WF-001461,2008-10-11 08:27:00,0,Pass,20,0.044444444444444446,430,0.8911197398176112,0.9555555555555556,0.9297812292603779,High,development
WF-001062,2008-09-24 13:01:00,0,Pass,0,0.0,450,0.8886296986662388,1.0,0.9554518794664955,High,development
WF-001086,2008-09-25 15:55:00,0,Pass,8,0.017777777777777778,442,0.893161043275428,0.9822222222222222,0.9465977506435045,High,development
WF-001341,2008-10-06 02:49:00,0,Pass,4,0.008888888888888889,446,0.890906465863957,0.9911111111111112,0.9510292530122495,High,development
WF-000882,2008-09-18 05:44:00,0,Pass,4,0.008888888888888889,446,0.8908436362157439,0.9911111111111112,0.9510041211529643,High,development
WF-001048,2008-09-24 02:44:00,0,Pass,8,0.017777777777777778,442,0.893161043275428,0.9822222222222222,0.9465977506435045,High,development
WF-000533,2008-08-29 13:04:00,0,Pass,12,0.02666666666666667,438,0.8919928587649708,0.9733333333333334,0.9407971435059883,High,development
WF-000429,2008-08-22 23:56:00,0,Pass,8,0.017777777777777778,442,0.8897284497435358,0.9822222222222222,0.9452247132307476,High,development
WF-001405,2008-10-07 17:06:00,0,Pass,4,0.008888888888888889,446,0.890906465863957,0.9911111111111112,0.9510292530122495,High,development
WF-000658,2008-09-02 03:35:00,0,Pass,4,0.008888888888888889,446,0.8908436362157439,0.9911111111111112,0.9510041211529643,High,development
WF-000606,2008-08-31 10:59:00,1,Fail,12,0.02666666666666667,438,0.8902623685931389,0.9733333333333334,0.9401049474372556,High,development
WF-001194,2008-09-30 12:31:00,0,Pass,2,0.0044444444444444444,448,0.8887267506426334,0.9955555555555555,0.9528240335903866,High,development
WF-000723,2008-09-04 08:22:00,0,Pass,4,0.008888888888888889,446,0.8908436362157439,0.9911111111111112,0.9510041211529643,High,development
WF-000189,2008-08-10 20:07:00,1,Fail,12,0.02666666666666667,438,0.8902623685931389,0.9733333333333334,0.9401049474372556,High,development
WF-001257,2008-10-02 22:23:00,0,Pass,0,0.0,450,0.8886296986662388,1.0,0.9554518794664955,High,development
WF-000654,2008-09-02 02:11:00,0,Pass,4,0.008888888888888889,446,0.8908436362157439,0.9911111111111112,0.9510041211529643,High,development
WF-001497,2008-10-14 03:21:00,0,Pass,4,0.008888888888888889,446,0.8908436362157439,0.9911111111111112,0.9510041211529643,High,development
WF-000673,2008-09-02 10:13:00,0,Pass,4,0.008888888888888889,446,0.890906465863957,0.9911111111111112,0.9510292530122495,High,development
WF-001286,2008-10-04 00:58:00,0,Pass,8,0.017777777777777778,442,0.893161043275428,0.9822222222222222,0.9465977506435045,High,development
WF-001470,2008-10-12 03:21:00,0,Pass,24,0.05333333333333334,426,0.893460998765228,0.9466666666666667,0.9253843995060912,High,development
WF-000846,2008-09-14 23:00:00,0,Pass,8,0.017777777777777778,442,0.893161043275428,0.9822222222222222,0.9465977506435045,High,development
WF-000252,2008-08-18 06:26:00,0,Pass,16,0.035555555555555556,434,0.89255256865486,0.9644444444444444,0.9356876941286107,High,development
WF-000977,2008-09-21 07:30:00,0,Pass,8,0.017777777777777778,442,0.893161043275428,0.9822222222222222,0.9465977506435045,High,development
WF-000541,2008-08-29 15:43:00,0,Pass,20,0.044444444444444446,430,0.8914221577456518,0.9555555555555556,0.9299021964315941,High,development
WF-001228,2008-10-02 03:17:00,1,Fail,0,0.0,450,0.8886296986662388,1.0,0.9554518794664955,High,development
WF-000349,2008-08-21 04:29:00,0,Pass,4,0.008888888888888889,446,0.890906465863957,0.9911111111111112,0.9510292530122495,High,development
WF-000430,2008-08-23 02:04:00,0,Pass,0,0.0,450,0.8886296986662388,1.0,0.9554518794664955,High,development
WF-000710,2008-09-03 01:15:00,1,Fail,24,0.05333333333333334,426,0.8938320356951824,0.9466666666666667,0.925532814278073,High,development
WF-000742,2008-09-07 12:20:00,0,Pass,8,0.017777777777777778,442,0.893161043275428,0.9822222222222222,0.9465977506435045,High,development
WF-001102,2008-09-26 13:36:00,0,Pass,4,0.008888888888888889,446,0.8908436362157439,0.9911111111111112,0.9510041211529643,High,development
WF-000178,2008-08-09 23:34:00,0,Pass,12,0.02666666666666667,438,0.8920568359866673,0.9733333333333334,0.9408227343946669,High,development
WF-001417,2008-10-08 07:13:00,0,Pass,4,0.008888888888888889,446,0.890906465863957,0.9911111111111112,0.9510292530122495,High,development
WF-001504,2008-10-14 14:43:00,0,Pass,8,0.017777777777777778,442,0.893161043275428,0.9822222222222222,0.9465977506435045,High,development
WF-000432,2008-08-23 04:50:00,0,Pass,12,0.02666666666666667,438,0.8919928587649708,0.9733333333333334,0.9407971435059883,High,development
WF-000448,2008-08-24 10:14:00,0,Pass,0,0.0,450,0.8886296986662388,1.0,0.9554518794664955,High,development
WF-000192,2008-08-11 04:09:00,0,Pass,4,0.008888888888888889,446,0.888331346869451,0.9911111111111112,0.949999205414447,High,development
WF-001326,2008-10-05 15:35:00,1,Fail,8,0.017777777777777778,442,0.893161043275428,0.9822222222222222,0.9465977506435045,High,development
WF-001389,2008-10-07 08:25:00,0,Pass,8,0.017777777777777778,442,0.893161043275428,0.9822222222222222,0.9465977506435045,High,development
WF-000864,2008-09-16 17:07:00,0,Pass,12,0.02666666666666667,438,0.8919928587649708,0.9733333333333334,0.9407971435059883,High,development
WF-000402,2008-08-22 04:40:00,0,Pass,12,0.02666666666666667,438,0.8919928587649708,0.9733333333333334,0.9407971435059883,High,development
WF-000775,2008-09-10 20:52:00,0,Pass,8,0.017777777777777778,442,0.893161043275428,0.9822222222222222,0.9465977506435045,High,development
WF-000595,2008-08-30 19:21:00,0,Pass,20,0.044444444444444446,430,0.8914221577456518,0.9555555555555556,0.9299021964315941,High,development
WF-000647,2008-09-02 00:46:00,0,Pass,20,0.044444444444444446,430,0.8949505445854108,0.9555555555555556,0.9313135511674977,High,development
WF-000394,2008-08-22 01:26:00,0,Pass,0,0.0,450,0.8886296986662388,1.0,0.9554518794664955,High,development
WF-000748,2008-09-07 19:31:00,0,Pass,4,0.008888888888888889,446,0.8908436362157439,0.9911111111111112,0.9510041211529643,High,development
WF-000202,2008-08-15 03:26:00,0,Pass,24,0.05333333333333334,426,0.8938320356951824,0.9466666666666667,0.925532814278073,High,development
WF-000444,2008-08-24 04:00:00,0,Pass,12,0.02666666666666667,438,0.8902623685931389,0.9733333333333334,0.9401049474372556,High,development
WF-000421,2008-08-22 14:45:00,0,Pass,12,0.02666666666666667,438,0.8902623685931389,0.9733333333333334,0.9401049474372556,High,development
WF-000306,2008-08-19 11:44:00,0,Pass,8,0.017777777777777778,442,0.8897284497435358,0.9822222222222222,0.9452247132307476,High,development
WF-001087,2008-09-25 16:44:00,0,Pass,8,0.017777777777777778,442,0.893161043275428,0.9822222222222222,0.9465977506435045,High,development
WF-001186,2008-09-29 21:48:00,1,Fail,4,0.008888888888888889,446,0.890906465863957,0.9911111111111112,0.9510292530122495,High,development
WF-001560,2008-10-16 05:44:00,0,Pass,44,0.09777777777777778,406,0.8941850789938791,0.9022222222222223,0.899007364930885,Acceptable,development
WF-001512,2008-10-15 00:03:00,0,Pass,8,0.017777777777777778,442,0.893161043275428,0.9822222222222222,0.9465977506435045,High,development
WF-000861,2008-09-16 08:50:00,0,Pass,16,0.035555555555555556,434,0.89255256865486,0.9644444444444444,0.9356876941286107,High,development
WF-000930,2008-09-19 21:59:00,1,Fail,4,0.008888888888888889,446,0.8908436362157439,0.9911111111111112,0.9510041211529643,High,development
WF-001244,2008-10-02 14:54:00,0,Pass,4,0.008888888888888889,446,0.890906465863957,0.9911111111111112,0.9510292530122495,High,development
WF-001347,2008-10-06 05:24:00,0,Pass,8,0.017777777777777778,442,0.893161043275428,0.9822222222222222,0.9465977506435045,High,development
WF-000858,2008-09-15 23:37:00,0,Pass,4,0.008888888888888889,446,0.8908436362157439,0.9911111111111112,0.9510041211529643,High,development
WF-001097,2008-09-26 03:12:00,0,Pass,8,0.017777777777777778,442,0.893161043275428,0.9822222222222222,0.9465977506435045,High,development
WF-001364,2008-10-06 13:38:00,1,Fail,4,0.008888888888888889,446,0.890906465863957,0.9911111111111112,0.9510292530122495,High,development
WF-001532,2008-10-15 13:14:00,0,Pass,8,0.017777777777777778,442,0.893161043275428,0.9822222222222222,0.9465977506435045,High,development
WF-001324,2008-10-05 14:34:00,0,Pass,4,0.008888888888888889,446,0.890906465863957,0.9911111111111112,0.9510292530122495,High,development
WF-000454,2008-08-27 13:35:00,0,Pass,0,0.0,450,0.8886296986662388,1.0,0.9554518794664955,High,development
WF-000406,2008-08-22 05:32:00,0,Pass,16,0.035555555555555556,434,0.8926171355283694,0.9644444444444444,0.9357135208780145,High,development
WF-000312,2008-08-19 18:12:00,0,Pass,4,0.008888888888888889,446,0.8908436362157439,0.9911111111111112,0.9510041211529643,High,development
WF-000830,2008-09-13 16:04:00,0,Pass,16,0.035555555555555556,434,0.89255256865486,0.9644444444444444,0.9356876941286107,High,development
WF-000811,2008-09-12 16:23:00,0,Pass,29,0.06444444444444444,421,0.8920418599569165,0.9355555555555556,0.9181500773161,High,development
WF-000790,2008-09-11 14:24:00,0,Pass,4,0.008888888888888889,446,0.890906465863957,0.9911111111111112,0.9510292530122495,High,development
WF-000965,2008-09-20 18:21:00,0,Pass,0,0.0,450,0.8886296986662388,1.0,0.9554518794664955,High,development
WF-001370,2008-10-06 16:50:00,0,Pass,8,0.017777777777777778,442,0.893161043275428,0.9822222222222222,0.9465977506435045,High,development
WF-000377,2008-08-21 19:12:00,0,Pass,8,0.017777777777777778,442,0.8897284497435358,0.9822222222222222,0.9452247132307476,High,development
WF-000033,2008-07-27 22:28:00,0,Pass,4,0.008888888888888889,446,0.890906465863957,0.9911111111111112,0.9510292530122495,High,development
WF-000951,2008-09-20 14:00:00,0,Pass,16,0.035555555555555556,434,0.89255256865486,0.9644444444444444,0.9356876941286107,High,development
WF-000747,2008-09-07 19:29:00,0,Pass,4,0.008888888888888889,446,0.890906465863957,0.9911111111111112,0.9510292530122495,High,development
WF-000438,2008-08-23 09:24:00,0,Pass,4,0.008888888888888889,446,0.8908436362157439,0.9911111111111112,0.9510041211529643,High,development
WF-000518,2008-08-29 06:40:00,0,Pass,0,0.0,450,0.8886296986662388,1.0,0.9554518794664955,High,development
WF-000623,2008-09-01 05:29:00,0,Pass,8,0.017777777777777778,442,0.893161043275428,0.9822222222222222,0.9465977506435045,High,development
WF-000087,2008-08-04 14:04:00,0,Pass,4,0.008888888888888889,446,0.890906465863957,0.9911111111111112,0.9510292530122495,High,development
WF-000903,2008-09-19 07:14:00,0,Pass,4,0.008888888888888889,446,0.8908436362157439,0.9911111111111112,0.9510041211529643,High,development
WF-000657,2008-09-02 03:33:00,0,Pass,12,0.02666666666666667,438,0.8919928587649708,0.9733333333333334,0.9407971435059883,High,development
WF-000495,2008-08-28 20:20:00,0,Pass,20,0.044444444444444446,430,0.8914221577456518,0.9555555555555556,0.9299021964315941,High,development
WF-000139,2008-08-06 18:34:00,0,Pass,4,0.008888888888888889,446,0.8908436362157439,0.9911111111111112,0.9510041211529643,High,development
WF-000980,2008-09-21 08:49:00,0,Pass,8,0.017777777777777778,442,0.893161043275428,0.9822222222222222,0.9465977506435045,High,development
WF-000881,2008-09-18 03:58:00,0,Pass,4,0.008888888888888889,446,0.8908436362157439,0.9911111111111112,0.9510041211529643,High,development
WF-000520,2008-08-29 06:54:00,0,Pass,4,0.008888888888888889,446,0.8908436362157439,0.9911111111111112,0.9510041211529643,High,development
WF-001321,2008-10-05 12:03:00,0,Pass,12,0.02666666666666667,438,0.8926916007628274,0.9733333333333334,0.9410766403051309,High,development
WF-001427,2008-10-08 16:26:00,0,Pass,8,0.017777777777777778,442,0.893161043275428,0.9822222222222222,0.9465977506435045,High,development
WF-000849,2008-09-15 11:40:00,0,Pass,16,0.035555555555555556,434,0.89255256865486,0.9644444444444444,0.9356876941286107,High,development
WF-000865,2008-09-16 18:09:00,0,Pass,0,0.0,450,0.8886296986662388,1.0,0.9554518794664955,High,development
WF-001551,2008-10-16 03:56:00,0,Pass,8,0.017777777777777778,442,0.893161043275428,0.9822222222222222,0.9465977506435045,High,development
WF-001120,2008-09-27 03:53:00,0,Pass,8,0.017777777777777778,442,0.893161043275428,0.9822222222222222,0.9465977506435045,High,development
WF-001106,2008-09-26 15:06:00,0,Pass,0,0.0,450,0.8886296986662388,1.0,0.9554518794664955,High,development
WF-000879,2008-09-18 02:01:00,0,Pass,4,0.008888888888888889,446,0.8908436362157439,0.9911111111111112,0.9510041211529643,High,development
WF-000701,2008-09-02 18:52:00,0,Pass,19,0.042222222222222223,431,0.892493613601384,0.9577777777777777,0.9316641121072202,High,development
WF-001002,2008-09-22 00:28:00,0,Pass,4,0.008888888888888889,446,0.8908436362157439,0.9911111111111112,0.9510041211529643,High,development
WF-000924,2008-09-19 20:17:00,0,Pass,24,0.05333333333333334,426,0.8905521270066876,0.9466666666666667,0.924220850802675,High,development
WF-000207,2008-08-15 11:42:00,0,Pass,0,0.0,450,0.8886296986662388,1.0,0.9554518794664955,High,development
WF-000492,2008-08-28 18:25:00,0,Pass,16,0.035555555555555556,434,0.8926171355283694,0.9644444444444444,0.9357135208780145,High,development
WF-000515,2008-08-29 05:57:00,0,Pass,0,0.0,450,0.8886296986662388,1.0,0.9554518794664955,High,development
WF-000505,2008-08-29 02:39:00,0,Pass,0,0.0,450,0.8886296986662388,1.0,0.9554518794664955,High,development
WF-000603,2008-08-31 05:05:00,0,Pass,8,0.017777777777777778,442,0.8897284497435358,0.9822222222222222,0.9452247132307476,High,development
WF-000854,2008-09-15 21:56:00,0,Pass,4,0.008888888888888889,446,0.8908436362157439,0.9911111111111112,0.9510041211529643,High,development
WF-001168,2008-09-29 03:07:00,0,Pass,4,0.008888888888888889,446,0.8908436362157439,0.9911111111111112,0.9510041211529643,High,development
WF-000522,2008-08-29 07:22:00,0,Pass,12,0.02666666666666667,438,0.8902623685931389,0.9733333333333334,0.9401049474372556,High,development
WF-000859,2008-09-16 07:39:00,0,Pass,12,0.02666666666666667,438,0.8902623685931389,0.9733333333333334,0.9401049474372556,High,development
WF-000732,2008-09-04 16:41:00,0,Pass,4,0.008888888888888889,446,0.8908436362157439,0.9911111111111112,0.9510041211529643,High,development
WF-000204,2008-08-15 05:13:00,0,Pass,8,0.017777777777777778,442,0.8897284497435358,0.9822222222222222,0.9452247132307476,High,development
WF-001410,2008-10-07 20:39:00,0,Pass,4,0.008888888888888889,446,0.890906465863957,0.9911111111111112,0.9510292530122495,High,development
WF-000609,2008-08-31 15:09:00,0,Pass,4,0.008888888888888889,446,0.8908436362157439,0.9911111111111112,0.9510041211529643,High,development
WF-000682,2008-09-02 12:17:00,0,Pass,4,0.008888888888888889,446,0.8908436362157439,0.9911111111111112,0.9510041211529643,High,development
WF-001369,2008-10-06 16:42:00,0,Pass,4,0.008888888888888889,446,0.890906465863957,0.9911111111111112,0.9510292530122495,High,development
WF-000494,2008-08-28 18:57:00,0,Pass,20,0.044444444444444446,430,0.8914221577456518,0.9555555555555556,0.9299021964315941,High,development
WF-000953,2008-09-20 14:42:00,0,Pass,0,0.0,450,0.8886296986662388,1.0,0.9554518794664955,High,development
WF-000123,2008-08-05 20:04:00,0,Pass,0,0.0,450,0.8886296986662388,1.0,0.9554518794664955,High,development
WF-001072,2008-09-25 06:21:00,0,Pass,0,0.0,450,0.8886296986662388,1.0,0.9554518794664955,High,development
WF-001221,2008-10-01 19:57:00,0,Pass,4,0.008888888888888889,446,0.8908436362157439,0.9911111111111112,0.9510041211529643,High,development
WF-000241,2008-08-17 23:55:00,1,Fail,4,0.008888888888888889,446,0.890906465863957,0.9911111111111112,0.9510292530122495,High,development
WF-000008,2008-07-19 19:45:00,0,Pass,4,0.008888888888888889,446,0.8908436362157439,0.9911111111111112,0.9510041211529643,High,development
WF-000389,2008-08-21 23:57:00,0,Pass,20,0.044444444444444446,430,0.8914221577456518,0.9555555555555556,0.9299021964315941,High,development
WF-000735,2008-09-05 15:30:00,0,Pass,4,0.008888888888888889,446,0.8908436362157439,0.9911111111111112,0.9510041211529643,High,development
WF-000005,2008-07-19 15:22:00,0,Pass,16,0.035555555555555556,434,0.8943635749183747,0.9644444444444444,0.9364120966340166,High,development
WF-000364,2008-08-21 15:05:00,0,Pass,0,0.0,450,0.8886296986662388,1.0,0.9554518794664955,High,development
WF-000118,2008-08-05 08:50:00,0,Pass,8,0.017777777777777778,442,0.8903778355465128,0.9822222222222222,0.9454844675519385,High,development
WF-001477,2008-10-13 12:18:00,0,Pass,4,0.008888888888888889,446,0.8908436362157439,0.9911111111111112,0.9510041211529643,High,development
WF-000739,2008-09-07 00:49:00,0,Pass,4,0.008888888888888889,446,0.890906465863957,0.9911111111111112,0.9510292530122495,High,development
WF-001281,2008-10-03 21:15:00,0,Pass,8,0.017777777777777778,442,0.893161043275428,0.9822222222222222,0.9465977506435045,High,development
WF-001160,2008-09-28 19:29:00,0,Pass,4,0.008888888888888889,446,0.890906465863957,0.9911111111111112,0.9510292530122495,High,development
WF-000972,2008-09-21 02:07:00,0,Pass,8,0.017777777777777778,442,0.8897284497435358,0.9822222222222222,0.9452247132307476,High,development
WF-001012,2008-09-22 13:03:00,0,Pass,12,0.02666666666666667,438,0.8920568359866673,0.9733333333333334,0.9408227343946669,High,development
WF-001019,2008-09-22 22:15:00,0,Pass,4,0.008888888888888889,446,0.890906465863957,0.9911111111111112,0.9510292530122495,High,development
WF-000600,2008-08-30 23:51:00,0,Pass,12,0.02666666666666667,438,0.8902623685931389,0.9733333333333334,0.9401049474372556,High,development
WF-000028,2008-07-27 15:46:00,0,Pass,0,0.0,450,0.8886296986662388,1.0,0.9554518794664955,High,development
WF-000581,2008-08-30 11:14:00,0,Pass,16,0.035555555555555556,434,0.8926171355283694,0.9644444444444444,0.9357135208780145,High,development
WF-000918,2008-09-19 18:33:00,0,Pass,8,0.017777777777777778,442,0.893161043275428,0.9822222222222222,0.9465977506435045,High,development
WF-001230,2008-10-02 04:11:00,0,Pass,8,0.017777777777777778,442,0.893161043275428,0.9822222222222222,0.9465977506435045,High,development
WF-001128,2008-09-27 12:36:00,0,Pass,10,0.022222222222222223,440,0.8932804568541625,0.9777777777777777,0.9439788494083317,High,development
WF-000085,2008-08-04 03:49:00,0,Pass,8,0.017777777777777778,442,0.8897284497435358,0.9822222222222222,0.9452247132307476,High,development
WF-000225,2008-08-17 00:52:00,0,Pass,0,0.0,450,0.8886296986662388,1.0,0.9554518794664955,High,development
WF-001419,2008-10-08 09:01:00,0,Pass,4,0.008888888888888889,446,0.890906465863957,0.9911111111111112,0.9510292530122495,High,development
WF-000046,2008-07-29 08:23:00,1,Fail,0,0.0,450,0.8886296986662388,1.0,0.9554518794664955,High,development
WF-001011,2008-09-22 12:45:00,0,Pass,4,0.008888888888888889,446,0.8908436362157439,0.9911111111111112,0.9510041211529643,High,development
WF-001172,2008-09-29 05:32:00,0,Pass,4,0.008888888888888889,446,0.8908436362157439,0.9911111111111112,0.9510041211529643,High,development
WF-001068,2008-09-24 17:54:00,0,Pass,4,0.008888888888888889,446,0.890906465863957,0.9911111111111112,0.9510292530122495,High,development
WF-000304,2008-08-19 11:13:00,0,Pass,12,0.02666666666666667,438,0.8893010809768307,0.9733333333333334,0.9397204323907322,High,development
WF-001371,2008-10-06 17:26:00,0,Pass,8,0.017777777777777778,442,0.893161043275428,0.9822222222222222,0.9465977506435045,High,development
WF-000560,2008-08-30 02:50:00,0,Pass,4,0.008888888888888889,446,0.8908436362157439,0.9911111111111112,0.9510041211529643,High,development
WF-001132,2008-09-27 14:05:00,0,Pass,8,0.017777777777777778,442,0.893161043275428,0.9822222222222222,0.9465977506435045,High,development
WF-001258,2008-10-02 22:33:00,0,Pass,4,0.008888888888888889,446,0.890906465863957,0.9911111111111112,0.9510292530122495,High,development
WF-000532,2008-08-29 12:37:00,0,Pass,12,0.02666666666666667,438,0.8919928587649708,0.9733333333333334,0.9407971435059883,High,development
WF-000077,2008-08-03 15:27:00,0,Pass,4,0.008888888888888889,446,0.8908436362157439,0.9911111111111112,0.9510041211529643,High,development
WF-001521,2008-10-15 03:24:00,0,Pass,8,0.017777777777777778,442,0.893161043275428,0.9822222222222222,0.9465977506435045,High,development
WF-000106,2008-08-05 03:17:00,0,Pass,8,0.017777777777777778,442,0.8911866801471832,0.9822222222222222,0.9458080053922066,High,development
WF-000801,2008-09-12 06:38:00,0,Pass,12,0.02666666666666667,438,0.8902623685931389,0.9733333333333334,0.9401049474372556,High,development
WF-000856,2008-09-15 22:45:00,0,Pass,12,0.02666666666666667,438,0.8902623685931389,0.9733333333333334,0.9401049474372556,High,development
WF-000313,2008-08-19 18:12:00,0,Pass,0,0.0,450,0.8886296986662388,1.0,0.9554518794664955,High,development
WF-001049,2008-09-24 03:32:00,0,Pass,8,0.017777777777777778,442,0.893161043275428,0.9822222222222222,0.9465977506435045,High,development
WF-001165,2008-09-28 22:44:00,0,Pass,8,0.017777777777777778,442,0.8905626200366277,0.9822222222222222,0.9455583813479844,High,development
WF-000635,2008-09-01 19:54:00,1,Fail,20,0.044444444444444446,430,0.8949505445854108,0.9555555555555556,0.9313135511674977,High,development
WF-001331,2008-10-05 18:59:00,0,Pass,4,0.008888888888888889,446,0.890906465863957,0.9911111111111112,0.9510292530122495,High,development
WF-001177,2008-09-29 12:25:00,0,Pass,4,0.008888888888888889,446,0.8908436362157439,0.9911111111111112,0.9510041211529643,High,development
WF-001462,2008-10-11 14:43:00,0,Pass,20,0.044444444444444446,430,0.8911197398176112,0.9555555555555556,0.9297812292603779,High,development
WF-000240,2008-08-17 23:20:00,0,Pass,0,0.0,450,0.8886296986662388,1.0,0.9554518794664955,High,development
WF-001030,2008-09-23 11:14:00,1,Fail,4,0.008888888888888889,446,0.890906465863957,0.9911111111111112,0.9510292530122495,High,development
WF-000446,2008-08-24 07:14:00,0,Pass,0,0.0,450,0.8886296986662388,1.0,0.9554518794664955,High,development
WF-000375,2008-08-21 18:39:00,0,Pass,16,0.035555555555555556,434,0.8926171355283694,0.9644444444444444,0.9357135208780145,High,development
WF-001297,2008-10-04 18:59:00,0,Pass,4,0.008888888888888889,446,0.890906465863957,0.9911111111111112,0.9510292530122495,High,development
WF-000746,2008-09-07 18:49:00,0,Pass,4,0.008888888888888889,446,0.890906465863957,0.9911111111111112,0.9510292530122495,High,development
WF-001274,2008-10-03 18:45:00,0,Pass,4,0.008888888888888889,446,0.890906465863957,0.9911111111111112,0.9510292530122495,High,development
WF-000759,2008-09-08 07:14:00,0,Pass,4,0.008888888888888889,446,0.8908436362157439,0.9911111111111112,0.9510041211529643,High,development
WF-000167,2008-08-09 06:05:00,0,Pass,0,0.0,450,0.8886296986662388,1.0,0.9554518794664955,High,development
WF-001396,2008-10-07 10:51:00,0,Pass,8,0.017777777777777778,442,0.893161043275428,0.9822222222222222,0.9465977506435045,High,development
WF-000670,2008-09-02 08:54:00,0,Pass,4,0.008888888888888889,446,0.890906465863957,0.9911111111111112,0.9510292530122495,High,development
WF-000542,2008-08-29 16:26:00,0,Pass,20,0.044444444444444446,430,0.8914221577456518,0.9555555555555556,0.9299021964315941,High,development
WF-001129,2008-09-27 13:14:00,0,Pass,4,0.008888888888888889,446,0.8908436362157439,0.9911111111111112,0.9510041211529643,High,development
WF-001234,2008-10-02 07:35:00,0,Pass,6,0.013333333333333334,444,0.8910146478905793,0.9866666666666667,0.9484058591562317,High,development
WF-001330,2008-10-05 18:46:00,1,Fail,8,0.017777777777777778,442,0.893161043275428,0.9822222222222222,0.9465977506435045,High,development
WF-000844,2008-09-14 20:45:00,0,Pass,0,0.0,450,0.8886296986662388,1.0,0.9554518794664955,High,development
WF-000890,2008-09-18 21:12:00,0,Pass,2,0.0044444444444444444,448,0.8887267506426334,0.9955555555555555,0.9528240335903866,High,development
WF-000071,2008-08-01 15:10:00,0,Pass,0,0.0,450,0.8886296986662388,1.0,0.9554518794664955,High,development
WF-000768,2008-09-08 21:53:00,0,Pass,4,0.008888888888888889,446,0.890906465863957,0.9911111111111112,0.9510292530122495,High,development
WF-001545,2008-10-15 23:45:00,0,Pass,44,0.09777777777777778,406,0.8941850789938791,0.9022222222222223,0.899007364930885,Acceptable,development
WF-000802,2008-09-12 06:41:00,0,Pass,24,0.05333333333333334,426,0.8937662562982269,0.9466666666666667,0.9255065025192908,High,development
WF-001127,2008-09-27 12:28:00,0,Pass,8,0.017777777777777778,442,0.893161043275428,0.9822222222222222,0.9465977506435045,High,development
WF-000806,2008-09-12 07:38:00,0,Pass,4,0.008888888888888889,446,0.8908436362157439,0.9911111111111112,0.9510041211529643,High,development
WF-000231,2008-08-17 05:21:00,0,Pass,8,0.017777777777777778,442,0.8897284497435358,0.9822222222222222,0.9452247132307476,High,development
WF-001121,2008-09-27 10:10:00,0,Pass,4,0.008888888888888889,446,0.8908436362157439,0.9911111111111112,0.9510041211529643,High,development
WF-001549,2008-10-16 02:22:00,0,Pass,44,0.09777777777777778,406,0.8941850789938791,0.9022222222222223,0.899007364930885,Acceptable,development
WF-000608,2008-08-31 11:03:00,0,Pass,16,0.035555555555555556,434,0.8943635749183747,0.9644444444444444,0.9364120966340166,High,development
WF-000741,2008-09-07 12:04:00,0,Pass,4,0.008888888888888889,446,0.890906465863957,0.9911111111111112,0.9510292530122495,High,development
WF-001531,2008-10-15 12:53:00,0,Pass,16,0.035555555555555556,434,0.8932673816304798,0.9644444444444444,0.9359736193188586,High,development
WF-001245,2008-10-02 15:10:00,0,Pass,4,0.008888888888888889,446,0.890906465863957,0.9911111111111112,0.9510292530122495,High,development
WF-001556,2008-10-16 04:50:00,0,Pass,52,0.11555555555555555,398,0.8943216195261409,0.8844444444444445,0.888395314477123,Acceptable,development
WF-000125,2008-08-05 21:22:00,0,Pass,4,0.008888888888888889,446,0.8908436362157439,0.9911111111111112,0.9510041211529643,High,development
WF-000379,2008-08-21 19:46:00,0,Pass,12,0.02666666666666667,438,0.8920568359866673,0.9733333333333334,0.9408227343946669,High,development
WF-000922,2008-09-19 20:07:00,0,Pass,8,0.017777777777777778,442,0.893161043275428,0.9822222222222222,0.9465977506435045,High,development
WF-001534,2008-10-15 14:08:00,0,Pass,4,0.008888888888888889,446,0.8908436362157439,0.9911111111111112,0.9510041211529643,High,development
WF-000995,2008-09-21 17:30:00,0,Pass,8,0.017777777777777778,442,0.893161043275428,0.9822222222222222,0.9465977506435045,High,development
WF-000627,2008-09-01 06:52:00,0,Pass,12,0.02666666666666667,438,0.8902623685931389,0.9733333333333334,0.9401049474372556,High,development
WF-001414,2008-10-08 05:38:00,0,Pass,4,0.008888888888888889,446,0.8908436362157439,0.9911111111111112,0.9510041211529643,High,development
WF-001069,2008-09-24 18:05:00,0,Pass,12,0.02666666666666667,438,0.8920568359866673,0.9733333333333334,0.9408227343946669,High,development
WF-001196,2008-09-30 14:20:00,0,Pass,4,0.008888888888888889,446,0.888331346869451,0.9911111111111112,0.949999205414447,High,development
WF-001285,2008-10-03 23:46:00,0,Pass,8,0.017777777777777778,442,0.893161043275428,0.9822222222222222,0.9465977506435045,High,development
WF-001356,2008-10-06 08:57:00,0,Pass,24,0.05333333333333334,426,0.894451262559626,0.9466666666666667,0.9257805050238503,High,development
WF-001294,2008-10-04 16:58:00,0,Pass,8,0.017777777777777778,442,0.893161043275428,0.9822222222222222,0.9465977506435045,High,development
WF-001141,2008-09-27 21:45:00,0,Pass,24,0.05333333333333334,426,0.8906179064036431,0.9466666666666667,0.9242471625614572,High,development
WF-001476,2008-10-13 11:27:00,0,Pass,8,0.017777777777777778,442,0.893161043275428,0.9822222222222222,0.9465977506435045,High,development
WF-000099,2008-08-04 22:51:00,0,Pass,24,0.05333333333333334,426,0.8937662562982269,0.9466666666666667,0.9255065025192908,High,development
WF-000923,2008-09-19 20:10:00,0,Pass,4,0.008888888888888889,446,0.8908436362157439,0.9911111111111112,0.9510041211529643,High,development
WF-001061,2008-09-24 12:35:00,0,Pass,8,0.017777777777777778,442,0.893161043275428,0.9822222222222222,0.9465977506435045,High,development
WF-000070,2008-08-01 14:07:00,0,Pass,0,0.0,450,0.8886296986662388,1.0,0.9554518794664955,High,development
WF-000249,2008-08-18 05:25:00,0,Pass,16,0.035555555555555556,434,0.89255256865486,0.9644444444444444,0.9356876941286107,High,development
WF-001021,2008-09-22 23:01:00,0,Pass,4,0.008888888888888889,446,0.890906465863957,0.9911111111111112,0.9510292530122495,High,development
WF-000618,2008-08-31 22:57:00,0,Pass,12,0.02666666666666667,438,0.8919928587649708,0.9733333333333334,0.9407971435059883,High,development
WF-000474,2008-08-28 09:46:00,0,Pass,4,0.008888888888888889,446,0.8908436362157439,0.9911111111111112,0.9510041211529643,High,development
WF-000674,2008-09-02 10:21:00,0,Pass,4,0.008888888888888889,446,0.8908436362157439,0.9911111111111112,0.9510041211529643,High,development
WF-001413,2008-10-08 05:35:00,0,Pass,8,0.017777777777777778,442,0.893161043275428,0.9822222222222222,0.9465977506435045,High,development
WF-000745,2008-09-07 18:24:00,0,Pass,4,0.008888888888888889,446,0.8908436362157439,0.9911111111111112,0.9510041211529643,High,development
WF-000828,2008-09-13 12:48:00,0,Pass,16,0.035555555555555556,434,0.8926171355283694,0.9644444444444444,0.9357135208780145,High,development
WF-000091,2008-08-04 16:31:00,0,Pass,4,0.008888888888888889,446,0.8908436362157439,0.9911111111111112,0.9510041211529643,High,development
WF-000585,2008-08-30 14:23:00,0,Pass,16,0.035555555555555556,434,0.89255256865486,0.9644444444444444,0.9356876941286107,High,development
WF-000898,2008-09-19 04:42:00,0,Pass,16,0.035555555555555556,434,0.89255256865486,0.9644444444444444,0.9356876941286107,High,development
WF-001363,2008-10-06 13:08:00,0,Pass,16,0.035555555555555556,434,0.8932673816304798,0.9644444444444444,0.9359736193188586,High,development
WF-000272,2008-08-18 15:41:00,0,Pass,8,0.017777777777777778,442,0.8897284497435358,0.9822222222222222,0.9452247132307476,High,development
WF-000082,2008-08-03 22:52:00,0,Pass,0,0.0,450,0.8886296986662388,1.0,0.9554518794664955,High,development
WF-000885,2008-09-18 10:48:00,0,Pass,12,0.02666666666666667,438,0.8902623685931389,0.9733333333333334,0.9401049474372556,High,development
WF-000431,2008-08-23 03:26:00,0,Pass,8,0.017777777777777778,442,0.8897284497435358,0.9822222222222222,0.9452247132307476,High,development
WF-001125,2008-09-27 11:54:00,0,Pass,8,0.017777777777777778,442,0.893161043275428,0.9822222222222222,0.9465977506435045,High,development
WF-000318,2008-08-20 00:05:00,0,Pass,16,0.035555555555555556,434,0.8926171355283694,0.9644444444444444,0.9357135208780145,High,development
WF-000301,2008-08-19 10:46:00,0,Pass,12,0.02666666666666667,438,0.8902623685931389,0.9733333333333334,0.9401049474372556,High,development
WF-000449,2008-08-24 13:03:00,1,Fail,4,0.008888888888888889,446,0.8908436362157439,0.9911111111111112,0.9510041211529643,High,development
WF-000368,2008-08-21 15:50:00,0,Pass,0,0.0,450,0.8886296986662388,1.0,0.9554518794664955,High,development
WF-001295,2008-10-04 18:15:00,0,Pass,8,0.017777777777777778,442,0.893161043275428,0.9822222222222222,0.9465977506435045,High,development
WF-000779,2008-09-10 23:43:00,0,Pass,8,0.017777777777777778,442,0.893161043275428,0.9822222222222222,0.9465977506435045,High,development
WF-000549,2008-08-29 22:45:00,0,Pass,4,0.008888888888888889,446,0.8908436362157439,0.9911111111111112,0.9510041211529643,High,development
WF-000418,2008-08-22 12:37:00,0,Pass,12,0.02666666666666667,438,0.8919928587649708,0.9733333333333334,0.9407971435059883,High,development
WF-001540,2008-10-15 19:24:00,0,Pass,8,0.017777777777777778,442,0.893161043275428,0.9822222222222222,0.9465977506435045,High,development
WF-001358,2008-10-06 09:57:00,0,Pass,4,0.008888888888888889,446,0.890906465863957,0.9911111111111112,0.9510292530122495,High,development
WF-000932,2008-09-19 23:33:00,0,Pass,4,0.008888888888888889,446,0.8908436362157439,0.9911111111111112,0.9510041211529643,High,development
WF-000296,2008-08-19 08:01:00,0,Pass,8,0.017777777777777778,442,0.8897284497435358,0.9822222222222222,0.9452247132307476,High,development
WF-000524,2008-08-29 07:33:00,0,Pass,16,0.035555555555555556,434,0.89255256865486,0.9644444444444444,0.9356876941286107,High,development
WF-000356,2008-08-21 12:33:00,0,Pass,4,0.008888888888888889,446,0.890906465863957,0.9911111111111112,0.9510292530122495,High,development
WF-001217,2008-10-01 09:16:00,0,Pass,8,0.017777777777777778,442,0.893161043275428,0.9822222222222222,0.9465977506435045,High,development
WF-001482,2008-10-13 15:42:00,0,Pass,4,0.008888888888888889,446,0.890906465863957,0.9911111111111112,0.9510292530122495,High,development
WF-000672,2008-09-02 09:37:00,0,Pass,12,0.02666666666666667,438,0.8919928587649708,0.9733333333333334,0.9407971435059883,High,development
WF-000001,2008-07-19 11:55:00,0,Pass,20,0.044444444444444446,430,0.8943805102973966,0.9555555555555556,0.9310855374522921,High,development
WF-001067,2008-09-24 16:26:00,0,Pass,0,0.0,450,0.8886296986662388,1.0,0.9554518794664955,High,development
WF-001465,2008-10-11 23:16:00,0,Pass,8,0.017777777777777778,442,0.893161043275428,0.9822222222222222,0.9465977506435045,High,development
WF-000457,2008-08-27 22:48:00,0,Pass,12,0.02666666666666667,438,0.8902623685931389,0.9733333333333334,0.9401049474372556,High,development
WF-000237,2008-08-17 22:03:00,1,Fail,4,0.008888888888888889,446,0.8908436362157439,0.9911111111111112,0.9510041211529643,High,development
WF-000836,2008-09-14 15:46:00,0,Pass,4,0.008888888888888889,446,0.8908436362157439,0.9911111111111112,0.9510041211529643,High,development
WF-000498,2008-08-28 21:52:00,0,Pass,20,0.044444444444444446,430,0.8914221577456518,0.9555555555555556,0.9299021964315941,High,development
WF-000090,2008-08-04 16:15:00,0,Pass,29,0.06444444444444444,421,0.8878412860710971,0.9355555555555556,0.9164698477617722,High,development
WF-001308,2008-10-05 04:20:00,0,Pass,4,0.008888888888888889,446,0.890906465863957,0.9911111111111112,0.9510292530122495,High,development
WF-001421,2008-10-08 10:37:00,0,Pass,16,0.035555555555555556,434,0.8932673816304798,0.9644444444444444,0.9359736193188586,High,development
WF-000476,2008-08-28 10:15:00,0,Pass,12,0.02666666666666667,438,0.8902623685931389,0.9733333333333334,0.9401049474372556,High,development
WF-001415,2008-10-08 06:25:00,0,Pass,8,0.017777777777777778,442,0.893161043275428,0.9822222222222222,0.9465977506435045,High,development
WF-000945,2008-09-20 11:18:00,0,Pass,0,0.0,450,0.8886296986662388,1.0,0.9554518794664955,High,development
WF-000328,2008-08-20 09:17:00,1,Fail,20,0.044444444444444446,430,0.8914221577456518,0.9555555555555556,0.9299021964315941,High,development
WF-001159,2008-09-28 19:18:00,0,Pass,4,0.008888888888888889,446,0.8908436362157439,0.9911111111111112,0.9510041211529643,High,development
WF-001468,2008-10-12 01:50:00,0,Pass,20,0.044444444444444446,430,0.8911197398176112,0.9555555555555556,0.9297812292603779,High,development
WF-000639,2008-09-01 23:19:00,0,Pass,8,0.017777777777777778,442,0.893161043275428,0.9822222222222222,0.9465977506435045,High,development
WF-001182,2008-09-29 15:16:00,0,Pass,0,0.0,450,0.8886296986662388,1.0,0.9554518794664955,High,development
WF-001080,2008-09-25 11:55:00,0,Pass,10,0.022222222222222223,440,0.8932804568541625,0.9777777777777777,0.9439788494083317,High,development
WF-000886,2008-09-18 13:48:00,0,Pass,8,0.017777777777777778,442,0.8903778355465128,0.9822222222222222,0.9454844675519385,High,development
WF-000037,2008-07-28 04:37:00,0,Pass,8,0.017777777777777778,442,0.8897284497435358,0.9822222222222222,0.9452247132307476,High,development
WF-001559,2008-10-16 05:13:00,0,Pass,44,0.09777777777777778,406,0.8911914228766178,0.9022222222222223,0.8978099024839805,Acceptable,development
WF-000763,2008-09-08 19:15:00,0,Pass,8,0.017777777777777778,442,0.893161043275428,0.9822222222222222,0.9465977506435045,High,development
WF-001522,2008-10-15 04:08:00,0,Pass,8,0.017777777777777778,442,0.893161043275428,0.9822222222222222,0.9465977506435045,High,development
WF-000579,2008-08-30 10:16:00,0,Pass,24,0.05333333333333334,426,0.8937662562982269,0.9466666666666667,0.9255065025192908,High,development
WF-000725,2008-09-04 08:41:00,0,Pass,4,0.008888888888888889,446,0.8908436362157439,0.9911111111111112,0.9510041211529643,High,development
WF-001256,2008-10-02 21:33:00,0,Pass,4,0.008888888888888889,446,0.890906465863957,0.9911111111111112,0.9510292530122495,High,development
WF-000927,2008-09-19 21:09:00,1,Fail,16,0.035555555555555556,434,0.89255256865486,0.9644444444444444,0.9356876941286107,High,development
WF-000299,2008-08-19 09:04:00,0,Pass,8,0.017777777777777778,442,0.8897284497435358,0.9822222222222222,0.9452247132307476,High,development
WF-001498,2008-10-14 03:28:00,0,Pass,8,0.017777777777777778,442,0.893161043275428,0.9822222222222222,0.9465977506435045,High,development
WF-001066,2008-09-24 15:43:00,0,Pass,0,0.0,450,0.8886296986662388,1.0,0.9554518794664955,High,development
WF-000666,2008-09-02 06:48:00,0,Pass,19,0.042222222222222223,431,0.8923895068608378,0.9577777777777777,0.9316224694110018,High,development
WF-000442,2008-08-23 15:29:00,1,Fail,20,0.044444444444444446,430,0.8914221577456518,0.9555555555555556,0.9299021964315941,High,development
WF-000258,2008-08-18 10:13:00,0,Pass,12,0.02666666666666667,438,0.8902623685931389,0.9733333333333334,0.9401049474372556,High,development
WF-000103,2008-08-05 02:15:00,0,Pass,8,0.017777777777777778,442,0.8911866801471832,0.9822222222222222,0.9458080053922066,High,development
WF-000199,2008-08-12 11:29:00,0,Pass,24,0.05333333333333334,426,0.8938320356951824,0.9466666666666667,0.925532814278073,High,development
WF-001325,2008-10-05 15:30:00,1,Fail,4,0.008888888888888889,446,0.8908436362157439,0.9911111111111112,0.9510041211529643,High,development
WF-001108,2008-09-26 15:49:00,0,Pass,8,0.017777777777777778,442,0.893161043275428,0.9822222222222222,0.9465977506435045,High,development
WF-001154,2008-09-28 17:06:00,0,Pass,4,0.008888888888888889,446,0.8908436362157439,0.9911111111111112,0.9510041211529643,High,development
WF-000344,2008-08-20 23:18:00,0,Pass,4,0.008888888888888889,446,0.890906465863957,0.9911111111111112,0.9510292530122495,High,development
WF-001292,2008-10-04 09:29:00,0,Pass,8,0.017777777777777778,442,0.893161043275428,0.9822222222222222,0.9465977506435045,High,development
WF-000182,2008-08-10 06:41:00,0,Pass,4,0.008888888888888889,446,0.890906465863957,0.9911111111111112,0.9510292530122495,High,development
WF-001202,2008-09-30 17:27:00,0,Pass,0,0.0,450,0.8886296986662388,1.0,0.9554518794664955,High,development
WF-000584,2008-08-30 14:10:00,1,Fail,0,0.0,450,0.8886296986662388,1.0,0.9554518794664955,High,development
WF-000562,2008-08-30 04:20:00,0,Pass,4,0.008888888888888889,446,0.8908436362157439,0.9911111111111112,0.9510041211529643,High,development
WF-000893,2008-09-18 23:05:00,0,Pass,8,0.017777777777777778,442,0.893161043275428,0.9822222222222222,0.9465977506435045,High,development
WF-000510,2008-08-29 04:56:00,0,Pass,0,0.0,450,0.8886296986662388,1.0,0.9554518794664955,High,development
WF-000245,2008-08-18 04:01:00,1,Fail,0,0.0,450,0.8886296986662388,1.0,0.9554518794664955,High,development
WF-001262,2008-10-03 00:55:00,0,Pass,4,0.008888888888888889,446,0.8908436362157439,0.9911111111111112,0.9510041211529643,High,development
WF-000586,2008-08-30 14:37:00,0,Pass,20,0.044444444444444446,430,0.8949505445854108,0.9555555555555556,0.9313135511674977,High,development
WF-001153,2008-09-28 17:05:00,0,Pass,39,0.08666666666666667,411,0.8951311319131624,0.9133333333333333,0.9060524527652649,High,development
WF-001236,2008-10-02 08:24:00,0,Pass,0,0.0,450,0.8886296986662388,1.0,0.9554518794664955,High,development
WF-000895,2008-09-19 00:30:00,0,Pass,4,0.008888888888888889,446,0.8908436362157439,0.9911111111111112,0.9510041211529643,High,development
WF-000157,2008-08-08 07:26:00,0,Pass,4,0.008888888888888889,446,0.890906465863957,0.9911111111111112,0.9510292530122495,High,development
WF-000997,2008-09-21 19:19:00,0,Pass,8,0.017777777777777778,442,0.893161043275428,0.9822222222222222,0.9465977506435045,High,development
WF-001079,2008-09-25 11:09:00,0,Pass,4,0.008888888888888889,446,0.890906465863957,0.9911111111111112,0.9510292530122495,High,development
WF-001307,2008-10-05 04:01:00,0,Pass,4,0.008888888888888889,446,0.890906465863957,0.9911111111111112,0.9510292530122495,High,development
WF-000065,2008-08-01 05:52:00,1,Fail,4,0.008888888888888889,446,0.8889498100283424,0.9911111111111112,0.9502465906780037,High,development
WF-001000,2008-09-21 22:02:00,0,Pass,0,0.0,450,0.8886296986662388,1.0,0.9554518794664955,High,development
WF-001082,2008-09-25 14:08:00,0,Pass,4,0.008888888888888889,446,0.890906465863957,0.9911111111111112,0.9510292530122495,High,development
WF-000786,2008-09-11 09:24:00,0,Pass,16,0.035555555555555556,434,0.89255256865486,0.9644444444444444,0.9356876941286107,High,development
WF-000407,2008-08-22 06:00:00,1,Fail,12,0.02666666666666667,438,0.8919928587649708,0.9733333333333334,0.9407971435059883,High,development
WF-000650,2008-09-02 01:10:00,0,Pass,20,0.044444444444444446,430,0.8914221577456518,0.9555555555555556,0.9299021964315941,High,development
WF-000547,2008-08-29 21:54:00,0,Pass,4,0.008888888888888889,446,0.8908436362157439,0.9911111111111112,0.9510041211529643,High,development
WF-000079,2008-08-03 17:00:00,0,Pass,0,0.0,450,0.8886296986662388,1.0,0.9554518794664955,High,development
WF-000916,2008-09-19 17:47:00,0,Pass,8,0.017777777777777778,442,0.893161043275428,0.9822222222222222,0.9465977506435045,High,development
WF-000164,2008-08-08 22:25:00,0,Pass,12,0.02666666666666667,438,0.8920568359866673,0.9733333333333334,0.9408227343946669,High,development
WF-000257,2008-08-18 08:31:00,0,Pass,8,0.017777777777777778,442,0.8897284497435358,0.9822222222222222,0.9452247132307476,High,development
WF-001351,2008-10-06 07:12:00,0,Pass,8,0.017777777777777778,442,0.893161043275428,0.9822222222222222,0.9465977506435045,High,development
WF-000315,2008-08-19 18:30:00,0,Pass,0,0.0,450,0.8886296986662388,1.0,0.9554518794664955,High,development
WF-001546,2008-10-16 02:16:00,0,Pass,44,0.09777777777777778,406,0.8941850789938791,0.9022222222222223,0.899007364930885,Acceptable,development
WF-001071,2008-09-25 02:03:00,0,Pass,8,0.017777777777777778,442,0.893161043275428,0.9822222222222222,0.9465977506435045,High,development
WF-000982,2008-09-21 09:31:00,0,Pass,6,0.013333333333333334,444,0.8909515352259325,0.9866666666666667,0.948380614090373,High,development
WF-000999,2008-09-21 21:54:00,0,Pass,4,0.008888888888888889,446,0.8908436362157439,0.9911111111111112,0.9510041211529643,High,development
WF-000736,2008-09-05 21:48:00,0,Pass,27,0.06,423,0.8937147939693425,0.94,0.921485917587737,High,development
WF-001429,2008-10-08 17:31:00,0,Pass,8,0.017777777777777778,442,0.893161043275428,0.9822222222222222,0.9465977506435045,High,development
WF-001382,2008-10-06 22:37:00,0,Pass,4,0.008888888888888889,446,0.8908436362157439,0.9911111111111112,0.9510041211529643,High,development
WF-000041,2008-07-28 15:11:00,1,Fail,0,0.0,450,0.8886296986662388,1.0,0.9554518794664955,High,development
WF-001420,2008-10-08 09:06:00,0,Pass,16,0.035555555555555556,434,0.8932673816304798,0.9644444444444444,0.9359736193188586,High,development
WF-000093,2008-08-04 17:46:00,0,Pass,4,0.008888888888888889,446,0.890906465863957,0.9911111111111112,0.9510292530122495,High,development
WF-001239,2008-10-02 09:10:00,1,Fail,4,0.008888888888888889,446,0.890906465863957,0.9911111111111112,0.9510292530122495,High,development
WF-001076,2008-09-25 09:31:00,0,Pass,16,0.035555555555555556,434,0.8943635749183747,0.9644444444444444,0.9364120966340166,High,development
WF-000926,2008-09-19 21:08:00,0,Pass,4,0.008888888888888889,446,0.8908436362157439,0.9911111111111112,0.9510041211529643,High,development
WF-000868,2008-09-16 19:45:00,0,Pass,4,0.008888888888888889,446,0.8908436362157439,0.9911111111111112,0.9510041211529643,High,development
WF-000598,2008-08-30 20:53:00,0,Pass,24,0.05333333333333334,426,0.8937662562982269,0.9466666666666667,0.9255065025192908,High,development
WF-001387,2008-10-07 07:32:00,0,Pass,4,0.008888888888888889,446,0.890906465863957,0.9911111111111112,0.9510292530122495,High,development
WF-001455,2008-10-10 21:16:00,0,Pass,4,0.008888888888888889,446,0.890906465863957,0.9911111111111112,0.9510292530122495,High,development
WF-001448,2008-10-10 10:53:00,0,Pass,8,0.017777777777777778,442,0.893161043275428,0.9822222222222222,0.9465977506435045,High,development
WF-000068,2008-08-01 11:28:00,0,Pass,0,0.0,450,0.8886296986662388,1.0,0.9554518794664955,High,development
WF-000329,2008-08-20 10:26:00,0,Pass,12,0.02666666666666667,438,0.8920568359866673,0.9733333333333334,0.9408227343946669,High,development
WF-001149,2008-09-28 07:52:00,0,Pass,8,0.017777777777777778,442,0.893161043275428,0.9822222222222222,0.9465977506435045,High,development
WF-000764,2008-09-08 19:25:00,0,Pass,8,0.017777777777777778,442,0.893161043275428,0.9822222222222222,0.9465977506435045,High,development
WF-000108,2008-08-05 03:54:00,0,Pass,8,0.017777777777777778,442,0.8911866801471832,0.9822222222222222,0.9458080053922066,High,development
WF-000909,2008-09-19 10:45:00,0,Pass,0,0.0,450,0.8886296986662388,1.0,0.9554518794664955,High,development
WF-000988,2008-09-21 14:31:00,0,Pass,0,0.0,450,0.8886296986662388,1.0,0.9554518794664955,High,development
WF-001025,2008-09-23 06:44:00,0,Pass,8,0.017777777777777778,442,0.893161043275428,0.9822222222222222,0.9465977506435045,High,development
WF-000555,2008-08-30 01:29:00,0,Pass,12,0.02666666666666667,438,0.8919928587649708,0.9733333333333334,0.9407971435059883,High,development
WF-000347,2008-08-21 02:46:00,0,Pass,24,0.05333333333333334,426,0.8937662562982269,0.9466666666666667,0.9255065025192908,High,development
WF-000530,2008-08-29 12:21:00,0,Pass,4,0.008888888888888889,446,0.8908436362157439,0.9911111111111112,0.9510041211529643,High,development
WF-001552,2008-10-16 04:02:00,0,Pass,52,0.11555555555555555,398,0.8943216195261409,0.8844444444444445,0.888395314477123,Acceptable,development
WF-001289,2008-10-04 03:53:00,0,Pass,4,0.008888888888888889,446,0.890906465863957,0.9911111111111112,0.9510292530122495,High,development
WF-000874,2008-09-17 07:28:00,0,Pass,12,0.02666666666666667,438,0.8902623685931389,0.9733333333333334,0.9401049474372556,High,development
WF-001224,2008-10-01 22:47:00,0,Pass,4,0.008888888888888889,446,0.890906465863957,0.9911111111111112,0.9510292530122495,High,development
WF-001489,2008-10-13 20:30:00,0,Pass,8,0.017777777777777778,442,0.893161043275428,0.9822222222222222,0.9465977506435045,High,development
WF-000969,2008-09-20 23:34:00,0,Pass,2,0.0044444444444444444,448,0.8887267506426334,0.9955555555555555,0.9528240335903866,High,development
WF-000642,2008-09-01 23:39:00,0,Pass,12,0.02666666666666667,438,0.8902623685931389,0.9733333333333334,0.9401049474372556,High,development
WF-001001,2008-09-22 00:12:00,0,Pass,8,0.017777777777777778,442,0.893161043275428,0.9822222222222222,0.9465977506435045,High,development
WF-000238,2008-08-17 22:21:00,0,Pass,4,0.008888888888888889,446,0.8908436362157439,0.9911111111111112,0.9510041211529643,High,development
WF-001131,2008-09-27 14:01:00,0,Pass,8,0.017777777777777778,442,0.893161043275428,0.9822222222222222,0.9465977506435045,High,development
WF-001322,2008-10-05 12:17:00,0,Pass,0,0.0,450,0.8886296986662388,1.0,0.9554518794664955,High,development
WF-001126,2008-09-27 12:26:00,0,Pass,8,0.017777777777777778,442,0.893161043275428,0.9822222222222222,0.9465977506435045,High,development
WF-000507,2008-08-29 03:33:00,0,Pass,12,0.02666666666666667,438,0.8919928587649708,0.9733333333333334,0.9407971435059883,High,development
WF-000383,2008-08-21 21:32:00,0,Pass,12,0.02666666666666667,438,0.8902623685931389,0.9733333333333334,0.9401049474372556,High,development
WF-000366,2008-08-21 15:32:00,0,Pass,0,0.0,450,0.8886296986662388,1.0,0.9554518794664955,High,development
WF-000335,2008-08-20 18:29:00,0,Pass,0,0.0,450,0.8886296986662388,1.0,0.9554518794664955,High,development
WF-000137,2008-08-06 17:35:00,0,Pass,4,0.008888888888888889,446,0.8908436362157439,0.9911111111111112,0.9510041211529643,High,development
WF-001088,2008-09-25 17:28:00,0,Pass,8,0.017777777777777778,442,0.893161043275428,0.9822222222222222,0.9465977506435045,High,development
WF-000253,2008-08-18 07:11:00,0,Pass,20,0.044444444444444446,430,0.8914221577456518,0.9555555555555556,0.9299021964315941,High,development
WF-000281,2008-08-18 23:47:00,0,Pass,8,0.017777777777777778,442,0.8897284497435358,0.9822222222222222,0.9452247132307476,High,development
WF-001373,2008-10-06 17:35:00,0,Pass,12,0.02666666666666667,438,0.8926590977315372,0.9733333333333334,0.9410636390926148,High,development
WF-000599,2008-08-30 21:53:00,0,Pass,4,0.008888888888888889,446,0.8908436362157439,0.9911111111111112,0.9510041211529643,High,development
WF-000617,2008-08-31 22:48:00,0,Pass,16,0.035555555555555556,434,0.89255256865486,0.9644444444444444,0.9356876941286107,High,development
WF-001460,2008-10-11 07:42:00,0,Pass,20,0.044444444444444446,430,0.8911197398176112,0.9555555555555556,0.9297812292603779,High,development
WF-000174,2008-08-09 21:07:00,0,Pass,16,0.035555555555555556,434,0.89255256865486,0.9644444444444444,0.9356876941286107,High,development
WF-000824,2008-09-13 09:19:00,0,Pass,0,0.0,450,0.8886296986662388,1.0,0.9554518794664955,High,development
WF-000810,2008-09-12 15:40:00,0,Pass,12,0.02666666666666667,438,0.8902623685931389,0.9733333333333334,0.9401049474372556,High,development
WF-001017,2008-09-22 21:30:00,0,Pass,6,0.013333333333333334,444,0.8910146478905793,0.9866666666666667,0.9484058591562317,High,development
WF-001565,2008-10-17 05:26:00,0,Pass,107,0.23777777777777778,343,0.8915029565672499,0.7622222222222222,0.8139345159602334,Acceptable,development
WF-000168,2008-08-09 09:16:00,1,Fail,0,0.0,450,0.8886296986662388,1.0,0.9554518794664955,High,development
WF-000357,2008-08-21 12:43:00,0,Pass,4,0.008888888888888889,446,0.890906465863957,0.9911111111111112,0.9510292530122495,High,development
WF-000263,2008-08-18 12:49:00,0,Pass,20,0.044444444444444446,430,0.8914221577456518,0.9555555555555556,0.9299021964315941,High,development
WF-001008,2008-09-22 10:43:00,0,Pass,16,0.035555555555555556,434,0.8926171355283694,0.9644444444444444,0.9357135208780145,High,development
WF-000250,2008-08-18 06:07:00,0,Pass,8,0.017777777777777778,442,0.8897284497435358,0.9822222222222222,0.9452247132307476,High,development
WF-000591,2008-08-30 15:57:00,0,Pass,16,0.035555555555555556,434,0.89255256865486,0.9644444444444444,0.9356876941286107,High,development
WF-000634,2008-09-01 16:20:00,0,Pass,12,0.02666666666666667,438,0.8919928587649708,0.9733333333333334,0.9407971435059883,High,development
WF-001452,2008-10-10 20:02:00,0,Pass,8,0.017777777777777778,442,0.893161043275428,0.9822222222222222,0.9465977506435045,High,development
WF-000128,2008-08-05 23:38:00,0,Pass,4,0.008888888888888889,446,0.8908436362157439,0.9911111111111112,0.9510041211529643,High,development
WF-001253,2008-10-02 19:25:00,0,Pass,0,0.0,450,0.8886296986662388,1.0,0.9554518794664955,High,development
WF-001392,2008-10-07 09:20:00,0,Pass,16,0.035555555555555556,434,0.8932673816304798,0.9644444444444444,0.9359736193188586,High,development
WF-001469,2008-10-12 02:59:00,0,Pass,8,0.017777777777777778,442,0.893161043275428,0.9822222222222222,0.9465977506435045,High,development
WF-000553,2008-08-30 00:05:00,0,Pass,16,0.035555555555555556,434,0.89255256865486,0.9644444444444444,0.9356876941286107,High,development
WF-000412,2008-08-22 09:29:00,0,Pass,0,0.0,450,0.8886296986662388,1.0,0.9554518794664955,High,development
WF-000568,2008-08-30 05:51:00,0,Pass,12,0.02666666666666667,438,0.8919928587649708,0.9733333333333334,0.9407971435059883,High,development
WF-001147,2008-09-28 06:22:00,0,Pass,0,0.0,450,0.8886296986662388,1.0,0.9554518794664955,High,development
WF-000302,2008-08-19 11:11:00,0,Pass,0,0.0,450,0.8886296986662388,1.0,0.9554518794664955,High,development
WF-000557,2008-08-30 02:22:00,0,Pass,24,0.05333333333333334,426,0.8937662562982269,0.9466666666666667,0.9255065025192908,High,development
WF-001471,2008-10-12 03:28:00,0,Pass,8,0.017777777777777778,442,0.893161043275428,0.9822222222222222,0.9465977506435045,High,development
WF-000066,2008-08-01 10:20:00,0,Pass,12,0.02666666666666667,438,0.8902623685931389,0.9733333333333334,0.9401049474372556,High,development
WF-000850,2008-09-15 12:27:00,0,Pass,4,0.008888888888888889,446,0.8908436362157439,0.9911111111111112,0.9510041211529643,High,development
WF-001342,2008-10-06 03:31:00,0,Pass,8,0.017777777777777778,442,0.893161043275428,0.9822222222222222,0.9465977506435045,High,development
WF-001043,2008-09-23 20:18:00,0,Pass,8,0.017777777777777778,442,0.893161043275428,0.9822222222222222,0.9465977506435045,High,development
WF-000040,2008-07-28 08:36:00,0,Pass,8,0.017777777777777778,442,0.8897284497435358,0.9822222222222222,0.9452247132307476,High,development
WF-001041,2008-09-23 18:36:00,0,Pass,8,0.017777777777777778,442,0.893161043275428,0.9822222222222222,0.9465977506435045,High,development
WF-000566,2008-08-30 05:05:00,0,Pass,6,0.013333333333333334,444,0.8909515352259325,0.9866666666666667,0.948380614090373,High,development
WF-000833,2008-09-14 02:50:00,0,Pass,4,0.008888888888888889,446,0.890906465863957,0.9911111111111112,0.9510292530122495,High,development
WF-000834,2008-09-14 02:59:00,0,Pass,0,0.0,450,0.8886296986662388,1.0,0.9554518794664955,High,development
WF-000905,2008-09-19 08:08:00,0,Pass,4,0.008888888888888889,446,0.8908436362157439,0.9911111111111112,0.9510041211529643,High,development
WF-001216,2008-10-01 09:15:00,0,Pass,8,0.017777777777777778,442,0.893161043275428,0.9822222222222222,0.9465977506435045,High,development
WF-001016,2008-09-22 16:25:00,0,Pass,12,0.02666666666666667,438,0.8920568359866673,0.9733333333333334,0.9408227343946669,High,development
WF-000826,2008-09-13 11:42:00,0,Pass,4,0.008888888888888889,446,0.890906465863957,0.9911111111111112,0.9510292530122495,High,development
WF-001261,2008-10-03 00:24:00,0,Pass,4,0.008888888888888889,446,0.890906465863957,0.9911111111111112,0.9510292530122495,High,development
WF-000179,2008-08-10 00:09:00,0,Pass,4,0.008888888888888889,446,0.890906465863957,0.9911111111111112,0.9510292530122495,High,development
WF-000212,2008-08-15 23:31:00,0,Pass,4,0.008888888888888889,446,0.890906465863957,0.9911111111111112,0.9510292530122495,High,development
WF-000540,2008-08-29 15:01:00,0,Pass,12,0.02666666666666667,438,0.8919928587649708,0.9733333333333334,0.9407971435059883,High,development
WF-000484,2008-08-28 16:43:00,0,Pass,24,0.05333333333333334,426,0.8937662562982269,0.9466666666666667,0.9255065025192908,High,development
WF-000744,2008-09-07 18:02:00,0,Pass,16,0.035555555555555556,434,0.8926171355283694,0.9644444444444444,0.9357135208780145,High,development
WF-000478,2008-08-28 10:32:00,0,Pass,12,0.02666666666666667,438,0.8919928587649708,0.9733333333333334,0.9407971435059883,High,development
WF-000219,2008-08-16 09:44:00,1,Fail,0,0.0,450,0.8886296986662388,1.0,0.9554518794664955,High,development
WF-000964,2008-09-20 18:03:00,0,Pass,0,0.0,450,0.8886296986662388,1.0,0.9554518794664955,High,development
WF-000054,2008-07-29 23:19:00,0,Pass,18,0.04,432,0.8927362423782514,0.96,0.9330944969513005,High,development
WF-000471,2008-08-28 07:40:00,0,Pass,8,0.017777777777777778,442,0.8897284497435358,0.9822222222222222,0.9452247132307476,High,development
WF-000842,2008-09-14 20:00:00,0,Pass,12,0.02666666666666667,438,0.8902623685931389,0.9733333333333334,0.9401049474372556,High,development
WF-000358,2008-08-21 12:52:00,0,Pass,4,0.008888888888888889,446,0.890906465863957,0.9911111111111112,0.9510292530122495,High,development
WF-000359,2008-08-21 13:11:00,0,Pass,16,0.035555555555555556,434,0.8926171355283694,0.9644444444444444,0.9357135208780145,High,development
WF-000807,2008-09-12 11:57:00,0,Pass,4,0.008888888888888889,446,0.890906465863957,0.9911111111111112,0.9510292530122495,High,development
WF-000490,2008-08-28 18:10:00,0,Pass,0,0.0,450,0.8886296986662388,1.0,0.9554518794664955,High,development
WF-000740,2008-09-07 10:52:00,0,Pass,4,0.008888888888888889,446,0.890906465863957,0.9911111111111112,0.9510292530122495,High,development
WF-000102,2008-08-05 01:12:00,0,Pass,16,0.035555555555555556,434,0.89255256865486,0.9644444444444444,0.9356876941286107,High,development
WF-001333,2008-10-05 20:12:00,0,Pass,4,0.008888888888888889,446,0.8908436362157439,0.9911111111111112,0.9510041211529643,High,development
WF-001510,2008-10-14 21:36:00,0,Pass,8,0.017777777777777778,442,0.893161043275428,0.9822222222222222,0.9465977506435045,High,development
WF-001488,2008-10-13 20:10:00,0,Pass,16,0.035555555555555556,434,0.8932673816304798,0.9644444444444444,0.9359736193188586,High,development
WF-000426,2008-08-22 23:46:00,0,Pass,12,0.02666666666666667,438,0.8894346828552753,0.9733333333333334,0.9397738731421101,High,development
WF-000053,2008-07-29 23:14:00,0,Pass,8,0.017777777777777778,442,0.8897284497435358,0.9822222222222222,0.9452247132307476,High,development
WF-000268,2008-08-18 15:00:00,0,Pass,0,0.0,450,0.8886296986662388,1.0,0.9554518794664955,High,development
WF-001204,2008-09-30 19:17:00,0,Pass,0,0.0,450,0.8886296986662388,1.0,0.9554518794664955,High,development
WF-000086,2008-08-04 13:19:00,0,Pass,12,0.02666666666666667,438,0.8920568359866673,0.9733333333333334,0.9408227343946669,High,development
WF-001514,2008-10-15 00:47:00,0,Pass,16,0.035555555555555556,434,0.8932673816304798,0.9644444444444444,0.9359736193188586,High,development
WF-000173,2008-08-09 20:04:00,0,Pass,0,0.0,450,0.8886296986662388,1.0,0.9554518794664955,High,development
WF-000875,2008-09-17 21:52:00,0,Pass,4,0.008888888888888889,446,0.890906465863957,0.9911111111111112,0.9510292530122495,High,development
WF-000043,2008-07-29 04:08:00,0,Pass,4,0.008888888888888889,446,0.890906465863957,0.9911111111111112,0.9510292530122495,High,development
WF-000984,2008-09-21 10:49:00,0,Pass,4,0.008888888888888889,446,0.8908436362157439,0.9911111111111112,0.9510041211529643,High,development
WF-001247,2008-10-02 15:58:00,0,Pass,0,0.0,450,0.8886296986662388,1.0,0.9554518794664955,High,development
WF-000487,2008-08-28 17:27:00,0,Pass,20,0.044444444444444446,430,0.8914221577456518,0.9555555555555556,0.9299021964315941,High,development
WF-001014,2008-09-22 14:27:00,0,Pass,8,0.017777777777777778,442,0.893161043275428,0.9822222222222222,0.9465977506435045,High,development
WF-000778,2008-09-10 23:30:00,0,Pass,8,0.017777777777777778,442,0.893161043275428,0.9822222222222222,0.9465977506435045,High,development
WF-000004,2008-07-19 14:43:00,0,Pass,0,0.0,450,0.8886296986662388,1.0,0.9554518794664955,High,development
WF-000374,2008-08-21 18:05:00,1,Fail,16,0.035555555555555556,434,0.8926171355283694,0.9644444444444444,0.9357135208780145,High,development
WF-001557,2008-10-16 04:54:00,0,Pass,52,0.11555555555555555,398,0.8943216195261409,0.8844444444444445,0.888395314477123,Acceptable,development
WF-000523,2008-08-29 07:24:00,0,Pass,20,0.044444444444444446,430,0.8914221577456518,0.9555555555555556,0.9299021964315941,High,development
WF-001393,2008-10-07 09:59:00,0,Pass,16,0.035555555555555556,434,0.8932673816304798,0.9644444444444444,0.9359736193188586,High,development
WF-000130,2008-08-06 02:20:00,0,Pass,0,0.0,450,0.8886296986662388,1.0,0.9554518794664955,High,development
WF-001328,2008-10-05 16:37:00,1,Fail,8,0.017777777777777778,442,0.893161043275428,0.9822222222222222,0.9465977506435045,High,development
WF-000942,2008-09-20 07:21:00,0,Pass,4,0.008888888888888889,446,0.890906465863957,0.9911111111111112,0.9510292530122495,High,development
WF-000527,2008-08-29 08:20:00,0,Pass,20,0.044444444444444446,430,0.8914221577456518,0.9555555555555556,0.9299021964315941,High,development
WF-000348,2008-08-21 04:22:00,0,Pass,0,0.0,450,0.8886296986662388,1.0,0.9554518794664955,High,development
WF-001115,2008-09-26 20:23:00,0,Pass,4,0.008888888888888889,446,0.890906465863957,0.9911111111111112,0.9510292530122495,High,development
WF-000587,2008-08-30 15:06:00,0,Pass,12,0.02666666666666667,438,0.8919928587649708,0.9733333333333334,0.9407971435059883,High,development
WF-001507,2008-10-14 20:01:00,0,Pass,8,0.017777777777777778,442,0.893161043275428,0.9822222222222222,0.9465977506435045,High,development
WF-001218,2008-10-01 14:22:00,0,Pass,4,0.008888888888888889,446,0.8908436362157439,0.9911111111111112,0.9510041211529643,High,development
WF-000181,2008-08-10 06:00:00,1,Fail,0,0.0,450,0.8886296986662388,1.0,0.9554518794664955,High,development
WF-000781,2008-09-11 05:20:00,0,Pass,8,0.017777777777777778,442,0.8897284497435358,0.9822222222222222,0.9452247132307476,High,development
WF-000665,2008-09-02 06:32:00,0,Pass,4,0.008888888888888889,446,0.8908436362157439,0.9911111111111112,0.9510041211529643,High,development
WF-000676,2008-09-02 10:33:00,0,Pass,16,0.035555555555555556,434,0.89255256865486,0.9644444444444444,0.9356876941286107,High,development
WF-001320,2008-10-05 11:30:00,0,Pass,4,0.008888888888888889,446,0.890906465863957,0.9911111111111112,0.9510292530122495,High,development
WF-001287,2008-10-04 01:49:00,0,Pass,4,0.008888888888888889,446,0.890906465863957,0.9911111111111112,0.9510292530122495,High,development
WF-000209,2008-08-15 19:19:00,0,Pass,4,0.008888888888888889,446,0.890906465863957,0.9911111111111112,0.9510292530122495,High,development
WF-000928,2008-09-19 21:13:00,0,Pass,4,0.008888888888888889,446,0.8908436362157439,0.9911111111111112,0.9510041211529643,High,development
WF-000017,2008-07-22 02:59:00,0,Pass,4,0.008888888888888889,446,0.890906465863957,0.9911111111111112,0.9510292530122495,High,development
WF-000126,2008-08-05 23:02:00,0,Pass,0,0.0,450,0.8886296986662388,1.0,0.9554518794664955,High,development
WF-000015,2008-07-21 11:53:00,1,Fail,8,0.017777777777777778,442,0.8897284497435358,0.9822222222222222,0.9452247132307476,High,development
WF-001267,2008-10-03 05:01:00,0,Pass,8,0.017777777777777778,442,0.893161043275428,0.9822222222222222,0.9465977506435045,High,development
WF-000110,2008-08-05 04:35:00,0,Pass,12,0.02666666666666667,438,0.8919928587649708,0.9733333333333334,0.9407971435059883,High,development
WF-001377,2008-10-06 20:02:00,0,Pass,4,0.008888888888888889,446,0.890906465863957,0.9911111111111112,0.9510292530122495,High,development
WF-000640,2008-09-01 23:24:00,0,Pass,8,0.017777777777777778,442,0.893161043275428,0.9822222222222222,0.9465977506435045,High,development
WF-001199,2008-09-30 15:26:00,0,Pass,4,0.008888888888888889,446,0.890906465863957,0.9911111111111112,0.9510292530122495,High,development
WF-000340,2008-08-20 21:41:00,0,Pass,8,0.017777777777777778,442,0.8897284497435358,0.9822222222222222,0.9452247132307476,High,development
WF-000073,2008-08-03 13:09:00,0,Pass,8,0.017777777777777778,442,0.8897284497435358,0.9822222222222222,0.9452247132307476,High,development
WF-001044,2008-09-23 20:59:00,0,Pass,8,0.017777777777777778,442,0.8897284497435358,0.9822222222222222,0.9452247132307476,High,development
WF-000978,2008-09-21 07:55:00,0,Pass,4,0.008888888888888889,446,0.8908436362157439,0.9911111111111112,0.9510041211529643,High,development
WF-000290,2008-08-19 05:53:00,0,Pass,0,0.0,450,0.8886296986662388,1.0,0.9554518794664955,High,development
WF-000127,2008-08-05 23:06:00,0,Pass,0,0.0,450,0.8886296986662388,1.0,0.9554518794664955,High,development
WF-000632,2008-09-01 10:57:00,0,Pass,4,0.008888888888888889,446,0.8908436362157439,0.9911111111111112,0.9510041211529643,High,development
WF-000339,2008-08-20 21:33:00,0,Pass,8,0.017777777777777778,442,0.8897284497435358,0.9822222222222222,0.9452247132307476,High,development
WF-000319,2008-08-20 01:33:00,0,Pass,0,0.0,450,0.8886296986662388,1.0,0.9554518794664955,High,development
WF-001081,2008-09-25 13:42:00,0,Pass,8,0.017777777777777778,442,0.893161043275428,0.9822222222222222,0.9465977506435045,High,development
WF-001279,2008-10-03 20:35:00,0,Pass,4,0.008888888888888889,446,0.890906465863957,0.9911111111111112,0.9510292530122495,High,development
WF-000651,2008-09-02 01:36:00,0,Pass,0,0.0,450,0.8886296986662388,1.0,0.9554518794664955,High,development
WF-000396,2008-08-22 01:54:00,0,Pass,0,0.0,450,0.8886296986662388,1.0,0.9554518794664955,High,development
WF-000072,2008-08-02 03:39:00,0,Pass,0,0.0,450,0.8886296986662388,1.0,0.9554518794664955,High,development
WF-000170,2008-08-09 11:42:00,1,Fail,8,0.017777777777777778,442,0.8897284497435358,0.9822222222222222,0.9452247132307476,High,development
WF-000230,2008-08-17 04:19:00,0,Pass,8,0.017777777777777778,442,0.8897284497435358,0.9822222222222222,0.9452247132307476,High,development
WF-000417,2008-08-22 12:13:00,0,Pass,4,0.008888888888888889,446,0.890906465863957,0.9911111111111112,0.9510292530122495,High,development
WF-000466,2008-08-28 04:54:00,0,Pass,24,0.05333333333333334,426,0.8937662562982269,0.9466666666666667,0.9255065025192908,High,development
WF-000415,2008-08-22 10:47:00,0,Pass,8,0.017777777777777778,442,0.8897284497435358,0.9822222222222222,0.9452247132307476,High,development
WF-001508,2008-10-14 20:30:00,0,Pass,16,0.035555555555555556,434,0.8932673816304798,0.9644444444444444,0.9359736193188586,High,development
WF-000062,2008-07-31 17:07:00,0,Pass,0,0.0,450,0.8886296986662388,1.0,0.9554518794664955,High,development
WF-000286,2008-08-19 05:11:00,0,Pass,8,0.017777777777777778,442,0.8897284497435358,0.9822222222222222,0.9452247132307476,High,development
WF-000305,2008-08-19 11:28:00,0,Pass,4,0.008888888888888889,446,0.8908436362157439,0.9911111111111112,0.9510041211529643,High,development
WF-000738,2008-09-07 00:12:00,0,Pass,16,0.035555555555555556,434,0.8926171355283694,0.9644444444444444,0.9357135208780145,High,development
WF-000206,2008-08-15 10:14:00,0,Pass,4,0.008888888888888889,446,0.890906465863957,0.9911111111111112,0.9510292530122495,High,development
WF-001518,2008-10-15 02:40:00,0,Pass,4,0.008888888888888889,446,0.8908436362157439,0.9911111111111112,0.9510041211529643,High,development
WF-001148,2008-09-28 07:38:00,0,Pass,4,0.008888888888888889,446,0.890906465863957,0.9911111111111112,0.9510292530122495,High,development
WF-000805,2008-09-12 07:29:00,0,Pass,12,0.02666666666666667,438,0.8902623685931389,0.9733333333333334,0.9401049474372556,High,development
WF-000813,2008-09-12 18:52:00,0,Pass,16,0.035555555555555556,434,0.89255256865486,0.9644444444444444,0.9356876941286107,High,development
WF-001423,2008-10-08 13:35:00,0,Pass,8,0.017777777777777778,442,0.893161043275428,0.9822222222222222,0.9465977506435045,High,development
WF-000395,2008-08-22 01:27:00,0,Pass,4,0.008888888888888889,446,0.890906465863957,0.9911111111111112,0.9510292530122495,High,development
WF-000897,2008-09-19 02:44:00,0,Pass,4,0.008888888888888889,446,0.8908436362157439,0.9911111111111112,0.9510041211529643,High,development
WF-000776,2008-09-10 20:53:00,0,Pass,4,0.008888888888888889,446,0.8908436362157439,0.9911111111111112,0.9510041211529643,High,development
WF-001189,2008-09-30 01:36:00,0,Pass,4,0.008888888888888889,446,0.890906465863957,0.9911111111111112,0.9510292530122495,High,development
WF-000499,2008-08-28 22:57:00,0,Pass,12,0.02666666666666667,438,0.8919928587649708,0.9733333333333334,0.9407971435059883,High,development
WF-000300,2008-08-19 09:05:00,0,Pass,27,0.06,423,0.8877422258814175,0.94,0.9190968903525669,High,development
WF-000380,2008-08-21 20:19:00,0,Pass,8,0.017777777777777778,442,0.8897284497435358,0.9822222222222222,0.9452247132307476,High,development
WF-000277,2008-08-18 19:24:00,0,Pass,4,0.008888888888888889,446,0.890906465863957,0.9911111111111112,0.9510292530122495,High,development
WF-000758,2008-09-08 06:37:00,0,Pass,4,0.008888888888888889,446,0.8908436362157439,0.9911111111111112,0.9510041211529643,High,development
WF-000906,2008-09-19 08:52:00,0,Pass,4,0.008888888888888889,446,0.8908436362157439,0.9911111111111112,0.9510041211529643,High,development
WF-000320,2008-08-20 01:42:00,0,Pass,4,0.008888888888888889,446,0.890906465863957,0.9911111111111112,0.9510292530122495,High,development
WF-000403,2008-08-22 04:57:00,0,Pass,4,0.008888888888888889,446,0.890906465863957,0.9911111111111112,0.9510292530122495,High,development
WF-001403,2008-10-07 14:35:00,0,Pass,8,0.017777777777777778,442,0.893161043275428,0.9822222222222222,0.9465977506435045,High,development
WF-000963,2008-09-20 17:29:00,0,Pass,4,0.008888888888888889,446,0.8908436362157439,0.9911111111111112,0.9510041211529643,High,development
WF-001408,2008-10-07 19:24:00,0,Pass,4,0.008888888888888889,446,0.890906465863957,0.9911111111111112,0.9510292530122495,High,development
WF-001103,2008-09-26 13:45:00,0,Pass,4,0.008888888888888889,446,0.8908436362157439,0.9911111111111112,0.9510041211529643,High,development
WF-000350,2008-08-21 05:06:00,0,Pass,4,0.008888888888888889,446,0.890906465863957,0.9911111111111112,0.9510292530122495,High,development
WF-000341,2008-08-20 21:58:00,0,Pass,4,0.008888888888888889,446,0.890906465863957,0.9911111111111112,0.9510292530122495,High,development
WF-000203,2008-08-15 04:14:00,0,Pass,8,0.017777777777777778,442,0.8897284497435358,0.9822222222222222,0.9452247132307476,High,development
WF-000794,2008-09-11 16:28:00,0,Pass,12,0.02666666666666667,438,0.8902623685931389,0.9733333333333334,0.9401049474372556,High,development
WF-000030,2008-07-27 16:49:00,0,Pass,0,0.0,450,0.8886296986662388,1.0,0.9554518794664955,High,development
WF-000317,2008-08-19 20:53:00,0,Pass,15,0.03333333333333333,435,0.8892449269582441,0.9666666666666667,0.9356979707832976,High,development
WF-000064,2008-08-01 02:02:00,0,Pass,0,0.0,450,0.8886296986662388,1.0,0.9554518794664955,High,development
WF-000575,2008-08-30 09:13:00,0,Pass,16,0.035555555555555556,434,0.89255256865486,0.9644444444444444,0.9356876941286107,High,development
WF-001092,2008-09-25 23:04:00,0,Pass,4,0.008888888888888889,446,0.8908436362157439,0.9911111111111112,0.9510041211529643,High,development
WF-000264,2008-08-18 13:07:00,0,Pass,0,0.0,450,0.8886296986662388,1.0,0.9554518794664955,High,development
WF-000214,2008-08-16 05:47:00,0,Pass,8,0.017777777777777778,442,0.8897284497435358,0.9822222222222222,0.9452247132307476,High,development
WF-000966,2008-09-20 18:56:00,0,Pass,0,0.0,450,0.8886296986662388,1.0,0.9554518794664955,High,development
WF-000607,2008-08-31 10:59:00,0,Pass,4,0.008888888888888889,446,0.890906465863957,0.9911111111111112,0.9510292530122495,High,development
WF-000190,2008-08-10 22:26:00,1,Fail,4,0.008888888888888889,446,0.8908436362157439,0.9911111111111112,0.9510041211529643,High,development
WF-000279,2008-08-18 23:00:00,0,Pass,0,0.0,450,0.8886296986662388,1.0,0.9554518794664955,High,development
WF-000613,2008-08-31 21:04:00,0,Pass,4,0.008888888888888889,446,0.8908436362157439,0.9911111111111112,0.9510041211529643,High,development
WF-000382,2008-08-21 20:37:00,0,Pass,0,0.0,450,0.8886296986662388,1.0,0.9554518794664955,High,development
WF-001009,2008-09-22 11:50:00,0,Pass,4,0.008888888888888889,446,0.890906465863957,0.9911111111111112,0.9510292530122495,High,development
WF-000792,2008-09-11 15:05:00,0,Pass,12,0.02666666666666667,438,0.8902623685931389,0.9733333333333334,0.9401049474372556,High,development
WF-001020,2008-09-22 22:17:00,0,Pass,4,0.008888888888888889,446,0.8908436362157439,0.9911111111111112,0.9510041211529643,High,development
WF-000509,2008-08-29 04:55:00,1,Fail,0,0.0,450,0.8886296986662388,1.0,0.9554518794664955,High,development
WF-000464,2008-08-28 04:10:00,0,Pass,16,0.035555555555555556,434,0.89255256865486,0.9644444444444444,0.9356876941286107,High,development
WF-000853,2008-09-15 19:54:00,0,Pass,0,0.0,450,0.8886296986662388,1.0,0.9554518794664955,High,development
WF-001302,2008-10-04 22:06:00,0,Pass,8,0.017777777777777778,442,0.893161043275428,0.9822222222222222,0.9465977506435045,High,development
WF-000483,2008-08-28 16:01:00,0,Pass,16,0.035555555555555556,434,0.8917172544770158,0.9644444444444444,0.935353568457473,High,development
WF-001200,2008-09-30 16:13:00,0,Pass,0,0.0,450,0.8886296986662388,1.0,0.9554518794664955,High,development
WF-001562,2008-10-16 15:02:00,0,Pass,95,0.2111111111111111,355,0.8927851390878049,0.7888888888888889,0.8304473889684553,Acceptable,development
WF-001004,2008-09-22 01:43:00,0,Pass,8,0.017777777777777778,442,0.893161043275428,0.9822222222222222,0.9465977506435045,High,development
WF-001142,2008-09-28 00:51:00,0,Pass,4,0.008888888888888889,446,0.890906465863957,0.9911111111111112,0.9510292530122495,High,development
WF-001525,2008-10-15 06:49:00,0,Pass,8,0.017777777777777778,442,0.893161043275428,0.9822222222222222,0.9465977506435045,High,development
WF-001451,2008-10-10 15:50:00,0,Pass,24,0.05333333333333334,426,0.893460998765228,0.9466666666666667,0.9253843995060912,High,development
WF-000324,2008-08-20 03:12:00,1,Fail,8,0.017777777777777778,442,0.8897284497435358,0.9822222222222222,0.9452247132307476,High,development
WF-001319,2008-10-05 11:05:00,0,Pass,8,0.017777777777777778,442,0.893161043275428,0.9822222222222222,0.9465977506435045,High,development
WF-000409,2008-08-22 07:17:00,0,Pass,0,0.0,450,0.8886296986662388,1.0,0.9554518794664955,High,development
WF-000267,2008-08-18 14:45:00,0,Pass,8,0.017777777777777778,442,0.8897284497435358,0.9822222222222222,0.9452247132307476,High,development
WF-000275,2008-08-18 17:16:00,0,Pass,8,0.017777777777777778,442,0.8897284497435358,0.9822222222222222,0.9452247132307476,High,development
WF-000681,2008-09-02 12:01:00,0,Pass,28,0.06222222222222222,422,0.8962211956364029,0.9377777777777778,0.9211551449212279,High,development
WF-001156,2008-09-28 17:55:00,0,Pass,8,0.017777777777777778,442,0.893161043275428,0.9822222222222222,0.9465977506435045,High,development
WF-001485,2008-10-13 19:17:00,0,Pass,16,0.035555555555555556,434,0.8932673816304798,0.9644444444444444,0.9359736193188586,High,development
WF-000780,2008-09-11 00:17:00,0,Pass,20,0.044444444444444446,430,0.8949505445854108,0.9555555555555556,0.9313135511674977,High,development
WF-000153,2008-08-07 10:12:00,0,Pass,8,0.017777777777777778,442,0.8911866801471832,0.9822222222222222,0.9458080053922066,High,development
WF-000517,2008-08-29 06:37:00,0,Pass,4,0.008888888888888889,446,0.8908436362157439,0.9911111111111112,0.9510041211529643,High,development
WF-000048,2008-07-29 15:41:00,0,Pass,8,0.017777777777777778,442,0.8897284497435358,0.9822222222222222,0.9452247132307476,High,development
WF-000896,2008-09-19 01:57:00,0,Pass,16,0.035555555555555556,434,0.89255256865486,0.9644444444444444,0.9356876941286107,High,development
WF-000774,2008-09-10 09:21:00,0,Pass,0,0.0,450,0.8886296986662388,1.0,0.9554518794664955,High,development
WF-001474,2008-10-13 03:34:00,0,Pass,4,0.008888888888888889,446,0.8908436362157439,0.9911111111111112,0.9510041211529643,High,development
WF-000372,2008-08-21 17:44:00,0,Pass,0,0.0,450,0.8886296986662388,1.0,0.9554518794664955,High,development
WF-001350,2008-10-06 06:49:00,0,Pass,8,0.017777777777777778,442,0.893161043275428,0.9822222222222222,0.9465977506435045,High,development
WF-001436,2008-10-08 23:13:00,0,Pass,4,0.008888888888888889,446,0.890906465863957,0.9911111111111112,0.9510292530122495,High,development
WF-000411,2008-08-22 09:29:00,0,Pass,8,0.017777777777777778,442,0.8897284497435358,0.9822222222222222,0.9452247132307476,High,development
WF-001365,2008-10-06 13:55:00,1,Fail,8,0.017777777777777778,442,0.893161043275428,0.9822222222222222,0.9465977506435045,High,development
WF-000668,2008-09-02 07:32:00,0,Pass,8,0.017777777777777778,442,0.893161043275428,0.9822222222222222,0.9465977506435045,High,development
WF-000291,2008-08-19 05:54:00,0,Pass,8,0.017777777777777778,442,0.8897284497435358,0.9822222222222222,0.9452247132307476,High,development
WF-000648,2008-09-02 01:09:00,0,Pass,20,0.044444444444444446,430,0.8949505445854108,0.9555555555555556,0.9313135511674977,High,development
WF-001249,2008-10-02 16:58:00,0,Pass,4,0.008888888888888889,446,0.890906465863957,0.9911111111111112,0.9510292530122495,High,development
WF-000325,2008-08-20 06:36:00,0,Pass,8,0.017777777777777778,442,0.8897284497435358,0.9822222222222222,0.9452247132307476,High,development
WF-001374,2008-10-06 18:54:00,0,Pass,8,0.017777777777777778,442,0.893161043275428,0.9822222222222222,0.9465977506435045,High,development
WF-000184,2008-08-10 11:16:00,0,Pass,14,0.03111111111111111,436,0.8921722799317721,0.9688888888888889,0.9382022453060422,High,development
WF-001338,2008-10-06 01:27:00,0,Pass,8,0.017777777777777778,442,0.893161043275428,0.9822222222222222,0.9465977506435045,High,development
WF-001411,2008-10-07 20:48:00,0,Pass,4,0.008888888888888889,446,0.890906465863957,0.9911111111111112,0.9510292530122495,High,development
WF-000014,2008-07-21 08:21:00,0,Pass,8,0.017777777777777778,442,0.893161043275428,0.9822222222222222,0.9465977506435045,High,development
WF-001464,2008-10-11 16:25:00,0,Pass,16,0.035555555555555556,434,0.8932673816304798,0.9644444444444444,0.9359736193188586,High,development
WF-000981,2008-09-21 09:16:00,0,Pass,8,0.017777777777777778,442,0.893161043275428,0.9822222222222222,0.9465977506435045,High,development
WF-000100,2008-08-04 23:33:00,0,Pass,8,0.017777777777777778,442,0.8897284497435358,0.9822222222222222,0.9452247132307476,High,development
WF-000938,2008-09-20 05:22:00,0,Pass,4,0.008888888888888889,446,0.890906465863957,0.9911111111111112,0.9510292530122495,High,development
WF-000783,2008-09-11 07:43:00,0,Pass,8,0.017777777777777778,442,0.893161043275428,0.9822222222222222,0.9465977506435045,High,development
WF-000870,2008-09-16 22:45:00,0,Pass,4,0.008888888888888889,446,0.890906465863957,0.9911111111111112,0.9510292530122495,High,development
WF-001112,2008-09-26 19:38:00,0,Pass,0,0.0,450,0.8886296986662388,1.0,0.9554518794664955,High,development
WF-000855,2008-09-15 22:13:00,0,Pass,16,0.035555555555555556,434,0.8926171355283694,0.9644444444444444,0.9357135208780145,High,development
WF-000941,2008-09-20 06:08:00,0,Pass,8,0.017777777777777778,442,0.893161043275428,0.9822222222222222,0.9465977506435045,High,development
WF-000669,2008-09-02 08:15:00,0,Pass,4,0.008888888888888889,446,0.8908436362157439,0.9911111111111112,0.9510041211529643,High,development
WF-001226,2008-10-02 00:21:00,0,Pass,0,0.0,450,0.8886296986662388,1.0,0.9554518794664955,High,development
WF-000056,2008-07-30 07:08:00,0,Pass,8,0.017777777777777778,442,0.8897284497435358,0.9822222222222222,0.9452247132307476,High,development
WF-000308,2008-08-19 11:57:00,0,Pass,20,0.044444444444444446,430,0.8914221577456518,0.9555555555555556,0.9299021964315941,High,development
WF-000900,2008-09-19 05:57:00,0,Pass,16,0.035555555555555556,434,0.8926171355283694,0.9644444444444444,0.9357135208780145,High,development
WF-001517,2008-10-15 01:52:00,0,Pass,16,0.035555555555555556,434,0.8932673816304798,0.9644444444444444,0.9359736193188586,High,development
WF-001266,2008-10-03 04:49:00,0,Pass,8,0.017777777777777778,442,0.893161043275428,0.9822222222222222,0.9465977506435045,High,development
WF-000543,2008-08-29 20:21:00,0,Pass,24,0.05333333333333334,426,0.8937662562982269,0.9466666666666667,0.9255065025192908,High,development
WF-000292,2008-08-19 05:56:00,1,Fail,8,0.017777777777777778,442,0.8897284497435358,0.9822222222222222,0.9452247132307476,High,development
WF-001441,2008-10-09 07:38:00,0,Pass,8,0.017777777777777778,442,0.893161043275428,0.9822222222222222,0.9465977506435045,High,development
WF-000702,2008-09-02 19:18:00,0,Pass,9,0.02,441,0.8875548069475978,0.98,0.9430219227790391,High,development
WF-001313,2008-10-05 08:02:00,0,Pass,4,0.008888888888888889,446,0.890906465863957,0.9911111111111112,0.9510292530122495,High,development
WF-000293,2008-08-19 06:24:00,0,Pass,16,0.035555555555555556,434,0.89255256865486,0.9644444444444444,0.9356876941286107,High,development
WF-001357,2008-10-06 09:11:00,0,Pass,4,0.008888888888888889,446,0.890906465863957,0.9911111111111112,0.9510292530122495,High,development
WF-001056,2008-09-24 10:10:00,0,Pass,0,0.0,450,0.8886296986662388,1.0,0.9554518794664955,High,development
WF-000646,2008-09-02 00:31:00,0,Pass,4,0.008888888888888889,446,0.8908436362157439,0.9911111111111112,0.9510041211529643,High,development
WF-000545,2008-08-29 21:25:00,0,Pass,12,0.02666666666666667,438,0.8919928587649708,0.9733333333333334,0.9407971435059883,High,development
WF-000590,2008-08-30 15:50:00,0,Pass,27,0.06,423,0.8936087183069894,0.94,0.9214434873227957,High,development
WF-000808,2008-09-12 13:08:00,0,Pass,15,0.03333333333333333,435,0.8901881611719129,0.9666666666666667,0.9360752644687651,High,development
WF-000822,2008-09-13 02:57:00,0,Pass,16,0.035555555555555556,434,0.89255256865486,0.9644444444444444,0.9356876941286107,High,development
WF-001271,2008-10-03 09:30:00,0,Pass,4,0.008888888888888889,446,0.890906465863957,0.9911111111111112,0.9510292530122495,High,development
WF-000949,2008-09-20 12:36:00,0,Pass,24,0.05333333333333334,426,0.8906179064036431,0.9466666666666667,0.9242471625614572,High,development
WF-000722,2008-09-04 08:01:00,0,Pass,16,0.035555555555555556,434,0.89255256865486,0.9644444444444444,0.9356876941286107,High,development
WF-000440,2008-08-23 13:02:00,0,Pass,0,0.0,450,0.8886296986662388,1.0,0.9554518794664955,High,development
WF-000610,2008-08-31 15:13:00,0,Pass,12,0.02666666666666667,438,0.8902623685931389,0.9733333333333334,0.9401049474372556,High,development
WF-000677,2008-09-02 11:08:00,0,Pass,28,0.06222222222222222,422,0.8962211956364029,0.9377777777777778,0.9211551449212279,High,development
WF-001222,2008-10-01 21:15:00,0,Pass,0,0.0,450,0.8886296986662388,1.0,0.9554518794664955,High,development
WF-001207,2008-09-30 23:34:00,0,Pass,62,0.13777777777777778,388,0.8967293702989813,0.8622222222222222,0.8760250814529258,Acceptable,development
WF-000303,2008-08-19 11:13:00,0,Pass,12,0.02666666666666667,438,0.8902623685931389,0.9733333333333334,0.9401049474372556,High,development
WF-000700,2008-09-02 18:38:00,0,Pass,0,0.0,450,0.8886296986662388,1.0,0.9554518794664955,High,development
WF-000769,2008-09-08 22:17:00,0,Pass,16,0.035555555555555556,434,0.8926171355283694,0.9644444444444444,0.9357135208780145,High,development
WF-001173,2008-09-29 07:53:00,0,Pass,0,0.0,450,0.8886296986662388,1.0,0.9554518794664955,High,development
WF-001404,2008-10-07 16:32:00,0,Pass,8,0.017777777777777778,442,0.893161043275428,0.9822222222222222,0.9465977506435045,High,development
WF-000680,2008-09-02 11:49:00,0,Pass,24,0.05333333333333334,426,0.8937662562982269,0.9466666666666667,0.9255065025192908,High,development
WF-001101,2008-09-26 11:08:00,0,Pass,8,0.017777777777777778,442,0.893161043275428,0.9822222222222222,0.9465977506435045,High,development
WF-000762,2008-09-08 19:14:00,0,Pass,4,0.008888888888888889,446,0.8908436362157439,0.9911111111111112,0.9510041211529643,High,development
WF-000638,2008-09-01 23:05:00,0,Pass,16,0.035555555555555556,434,0.89255256865486,0.9644444444444444,0.9356876941286107,High,development
WF-000472,2008-08-28 07:51:00,0,Pass,12,0.02666666666666667,438,0.8919928587649708,0.9733333333333334,0.9407971435059883,High,development
WF-000574,2008-08-30 08:53:00,0,Pass,4,0.008888888888888889,446,0.8908436362157439,0.9911111111111112,0.9510041211529643,High,development
WF-001152,2008-09-28 09:50:00,1,Fail,8,0.017777777777777778,442,0.893161043275428,0.9822222222222222,0.9465977506435045,High,development
WF-000078,2008-08-03 16:00:00,0,Pass,0,0.0,450,0.8886296986662388,1.0,0.9554518794664955,High,development
WF-001340,2008-10-06 02:44:00,0,Pass,8,0.017777777777777778,442,0.893161043275428,0.9822222222222222,0.9465977506435045,High,development
WF-000025,2008-07-27 04:18:00,0,Pass,8,0.017777777777777778,442,0.8897284497435358,0.9822222222222222,0.9452247132307476,High,development
WF-001077,2008-09-25 10:23:00,0,Pass,4,0.008888888888888889,446,0.8908436362157439,0.9911111111111112,0.9510041211529643,High,development
WF-001251,2008-10-02 17:19:00,0,Pass,8,0.017777777777777778,442,0.893161043275428,0.9822222222222222,0.9465977506435045,High,development
WF-000387,2008-08-21 23:27:00,0,Pass,12,0.02666666666666667,438,0.8902623685931389,0.9733333333333334,0.9401049474372556,High,development
WF-000992,2008-09-21 15:34:00,0,Pass,8,0.017777777777777778,442,0.893161043275428,0.9822222222222222,0.9465977506435045,High,development
WF-001493,2008-10-13 21:57:00,0,Pass,16,0.035555555555555556,434,0.8932673816304798,0.9644444444444444,0.9359736193188586,High,development
WF-000592,2008-08-30 16:24:00,0,Pass,0,0.0,450,0.8886296986662388,1.0,0.9554518794664955,High,development
WF-001472,2008-10-12 08:19:00,0,Pass,8,0.017777777777777778,442,0.893161043275428,0.9822222222222222,0.9465977506435045,High,development
WF-000146,2008-08-06 23:40:00,0,Pass,12,0.02666666666666667,438,0.8902623685931389,0.9733333333333334,0.9401049474372556,High,development
WF-000013,2008-07-20 03:35:00,0,Pass,8,0.017777777777777778,442,0.8897284497435358,0.9822222222222222,0.9452247132307476,High,development
WF-000278,2008-08-18 19:54:00,1,Fail,0,0.0,450,0.8886296986662388,1.0,0.9554518794664955,High,development
WF-000283,2008-08-19 03:59:00,1,Fail,20,0.044444444444444446,430,0.8914221577456518,0.9555555555555556,0.9299021964315941,High,development
WF-000902,2008-09-19 06:44:00,0,Pass,4,0.008888888888888889,446,0.890906465863957,0.9911111111111112,0.9510292530122495,High,development
WF-000047,2008-07-29 11:47:00,0,Pass,8,0.017777777777777778,442,0.8897284497435358,0.9822222222222222,0.9452247132307476,High,development
WF-001298,2008-10-04 19:12:00,0,Pass,8,0.017777777777777778,442,0.893161043275428,0.9822222222222222,0.9465977506435045,High,development
WF-000149,2008-08-07 07:30:00,0,Pass,4,0.008888888888888889,446,0.8908436362157439,0.9911111111111112,0.9510041211529643,High,development
WF-000034,2008-07-27 23:14:00,0,Pass,6,0.013333333333333334,444,0.8910146478905793,0.9866666666666667,0.9484058591562317,High,development
WF-000271,2008-08-18 15:33:00,0,Pass,8,0.017777777777777778,442,0.8897284497435358,0.9822222222222222,0.9452247132307476,High,development
WF-001162,2008-09-28 20:42:00,0,Pass,8,0.017777777777777778,442,0.893161043275428,0.9822222222222222,0.9465977506435045,High,development
WF-000322,2008-08-20 02:27:00,1,Fail,20,0.044444444444444446,430,0.8914221577456518,0.9555555555555556,0.9299021964315941,High,development
WF-000095,2008-08-04 19:58:00,0,Pass,29,0.06444444444444444,421,0.8913832554705088,0.9355555555555556,0.9178866355215369,High,development
WF-000376,2008-08-21 18:53:00,0,Pass,20,0.044444444444444446,430,0.8914221577456518,0.9555555555555556,0.9299021964315941,High,development
WF-001155,2008-09-28 17:49:00,0,Pass,8,0.017777777777777778,442,0.893161043275428,0.9822222222222222,0.9465977506435045,High,development
WF-000589,2008-08-30 15:37:00,0,Pass,0,0.0,450,0.8886296986662388,1.0,0.9554518794664955,High,development
WF-000551,2008-08-29 22:56:00,0,Pass,4,0.008888888888888889,446,0.8908436362157439,0.9911111111111112,0.9510041211529643,High,development
WF-000211,2008-08-15 20:03:00,0,Pass,8,0.017777777777777778,442,0.8897284497435358,0.9822222222222222,0.9452247132307476,High,development
WF-001312,2008-10-05 06:15:00,0,Pass,4,0.008888888888888889,446,0.890906465863957,0.9911111111111112,0.9510292530122495,High,development
WF-001299,2008-10-04 19:47:00,0,Pass,4,0.008888888888888889,446,0.890906465863957,0.9911111111111112,0.9510292530122495,High,development
WF-001024,2008-09-23 06:44:00,0,Pass,8,0.017777777777777778,442,0.893161043275428,0.9822222222222222,0.9465977506435045,High,development
WF-001174,2008-09-29 09:15:00,0,Pass,4,0.008888888888888889,446,0.8908436362157439,0.9911111111111112,0.9510041211529643,High,development
WF-000921,2008-09-19 20:05:00,0,Pass,32,0.07111111111111111,418,0.8899374684124927,0.9288888888888889,0.9133083206983305,High,development
WF-000720,2008-09-03 20:00:00,0,Pass,0,0.0,450,0.8886296986662388,1.0,0.9554518794664955,High,development
WF-000970,2008-09-21 00:48:00,0,Pass,0,0.0,450,0.8886296986662388,1.0,0.9554518794664955,High,development
WF-000169,2008-08-09 09:22:00,0,Pass,0,0.0,450,0.8886296986662388,1.0,0.9554518794664955,High,development
WF-000388,2008-08-21 23:53:00,0,Pass,8,0.017777777777777778,442,0.8897284497435358,0.9822222222222222,0.9452247132307476,High,development
WF-000055,2008-07-30 06:30:00,0,Pass,0,0.0,450,0.8886296986662388,1.0,0.9554518794664955,High,development
WF-000121,2008-08-05 14:45:00,0,Pass,4,0.008888888888888889,446,0.8889498100283424,0.9911111111111112,0.9502465906780037,High,development
WF-000453,2008-08-27 12:22:00,0,Pass,0,0.0,450,0.8886296986662388,1.0,0.9554518794664955,High,development
WF-001458,2008-10-11 07:38:00,0,Pass,4,0.008888888888888889,446,0.890906465863957,0.9911111111111112,0.9510292530122495,High,development
WF-000724,2008-09-04 08:33:00,0,Pass,4,0.008888888888888889,446,0.8908436362157439,0.9911111111111112,0.9510041211529643,High,development
WF-001463,2008-10-11 15:33:00,0,Pass,8,0.017777777777777778,442,0.893161043275428,0.9822222222222222,0.9465977506435045,High,development
WF-000910,2008-09-19 11:13:00,0,Pass,4,0.008888888888888889,446,0.8908436362157439,0.9911111111111112,0.9510041211529643,High,development
WF-000529,2008-08-29 08:45:00,0,Pass,24,0.05333333333333334,426,0.8937662562982269,0.9466666666666667,0.9255065025192908,High,development
WF-000353,2008-08-21 11:22:00,0,Pass,4,0.008888888888888889,446,0.890906465863957,0.9911111111111112,0.9510292530122495,High,development
WF-001188,2008-09-30 01:33:00,0,Pass,0,0.0,450,0.8886296986662388,1.0,0.9554518794664955,High,development
WF-000944,2008-09-20 10:51:00,0,Pass,4,0.008888888888888889,446,0.8908436362157439,0.9911111111111112,0.9510041211529643,High,development
WF-000255,2008-08-18 07:29:00,0,Pass,0,0.0,450,0.8886296986662388,1.0,0.9554518794664955,High,development
WF-001290,2008-10-04 04:12:00,0,Pass,8,0.017777777777777778,442,0.893161043275428,0.9822222222222222,0.9465977506435045,High,development
WF-000228,2008-08-17 03:18:00,0,Pass,8,0.017777777777777778,442,0.8897284497435358,0.9822222222222222,0.9452247132307476,High,development
WF-000145,2008-08-06 22:27:00,0,Pass,0,0.0,450,0.8886296986662388,1.0,0.9554518794664955,High,development
WF-001291,2008-10-04 04:45:00,0,Pass,4,0.008888888888888889,446,0.890906465863957,0.9911111111111112,0.9510292530122495,High,development
WF-001409,2008-10-07 20:19:00,0,Pass,4,0.008888888888888889,446,0.890906465863957,0.9911111111111112,0.9510292530122495,High,development
WF-000119,2008-08-05 09:48:00,0,Pass,16,0.035555555555555556,434,0.89255256865486,0.9644444444444444,0.9356876941286107,High,development
WF-000197,2008-08-12 06:16:00,0,Pass,6,0.013333333333333334,444,0.8910146478905793,0.9866666666666667,0.9484058591562317,High,development
WF-001215,2008-10-01 08:15:00,0,Pass,8,0.017777777777777778,442,0.893161043275428,0.9822222222222222,0.9465977506435045,High,development
WF-000147,2008-08-06 23:45:00,0,Pass,4,0.008888888888888889,446,0.8908436362157439,0.9911111111111112,0.9510041211529643,High,development
WF-001109,2008-09-26 16:31:00,0,Pass,8,0.017777777777777778,442,0.893161043275428,0.9822222222222222,0.9465977506435045,High,development
WF-001223,2008-10-01 21:50:00,0,Pass,8,0.017777777777777778,442,0.8904936254672711,0.9822222222222222,0.9455307835202418,High,development
WF-000912,2008-09-19 13:59:00,0,Pass,8,0.017777777777777778,442,0.8897284497435358,0.9822222222222222,0.9452247132307476,High,development
WF-000475,2008-08-28 09:49:00,0,Pass,12,0.02666666666666667,438,0.8919928587649708,0.9733333333333334,0.9407971435059883,High,development
WF-000021,2008-07-22 15:30:00,0,Pass,20,0.044444444444444446,430,0.8911197398176112,0.9555555555555556,0.9297812292603779,High,development
WF-000843,2008-09-14 20:43:00,0,Pass,4,0.008888888888888889,446,0.8908436362157439,0.9911111111111112,0.9510041211529643,High,development
WF-001431,2008-10-08 18:22:00,0,Pass,8,0.017777777777777778,442,0.893161043275428,0.9822222222222222,0.9465977506435045,High,development
WF-000914,2008-09-19 16:40:00,0,Pass,0,0.0,450,0.8886296986662388,1.0,0.9554518794664955,High,development
WF-000101,2008-08-05 00:04:00,0,Pass,12,0.02666666666666667,438,0.8919928587649708,0.9733333333333334,0.9407971435059883,High,development
WF-000594,2008-08-30 17:49:00,0,Pass,8,0.017777777777777778,442,0.893161043275428,0.9822222222222222,0.9465977506435045,High,development
WF-000003,2008-07-19 13:17:00,1,Fail,0,0.0,450,0.8886296986662388,1.0,0.9554518794664955,High,development
WF-000939,2008-09-20 05:25:00,0,Pass,4,0.008888888888888889,446,0.8908436362157439,0.9911111111111112,0.9510041211529643,High,development
WF-001381,2008-10-06 21:48:00,0,Pass,16,0.035555555555555556,434,0.8932673816304798,0.9644444444444444,0.9359736193188586,High,development
WF-000950,2008-09-20 12:57:00,0,Pass,4,0.008888888888888889,446,0.8908436362157439,0.9911111111111112,0.9510041211529643,High,development
WF-000611,2008-08-31 16:32:00,0,Pass,20,0.044444444444444446,430,0.8939713725483339,0.9555555555555556,0.9309218823526669,High,development
WF-000784,2008-09-11 08:06:00,0,Pass,8,0.017777777777777778,442,0.893161043275428,0.9822222222222222,0.9465977506435045,High,development
WF-001484,2008-10-13 16:13:00,0,Pass,16,0.035555555555555556,434,0.8932673816304798,0.9644444444444444,0.9359736193188586,High,development
WF-001538,2008-10-15 18:16:00,0,Pass,4,0.008888888888888889,446,0.890906465863957,0.9911111111111112,0.9510292530122495,High,development
WF-000493,2008-08-28 18:47:00,0,Pass,12,0.02666666666666667,438,0.8902623685931389,0.9733333333333334,0.9401049474372556,High,development
WF-000993,2008-09-21 16:43:00,0,Pass,8,0.017777777777777778,442,0.893161043275428,0.9822222222222222,0.9465977506435045,High,development
WF-000756,2008-09-08 03:48:00,0,Pass,4,0.008888888888888889,446,0.8908436362157439,0.9911111111111112,0.9510041211529643,High,development
WF-001161,2008-09-28 20:02:00,0,Pass,8,0.017777777777777778,442,0.893161043275428,0.9822222222222222,0.9465977506435045,High,development
WF-000544,2008-08-29 20:49:00,0,Pass,4,0.008888888888888889,446,0.8908436362157439,0.9911111111111112,0.9510041211529643,High,development
WF-000985,2008-09-21 11:33:00,0,Pass,4,0.008888888888888889,446,0.8908436362157439,0.9911111111111112,0.9510041211529643,High,development
WF-001437,2008-10-08 23:50:00,0,Pass,4,0.008888888888888889,446,0.890906465863957,0.9911111111111112,0.9510292530122495,High,development
WF-000636,2008-09-01 20:51:00,0,Pass,16,0.035555555555555556,434,0.8917172544770158,0.9644444444444444,0.935353568457473,High,development
WF-000273,2008-08-18 16:19:00,0,Pass,20,0.044444444444444446,430,0.8914221577456518,0.9555555555555556,0.9299021964315941,High,development
WF-001314,2008-10-05 08:40:00,0,Pass,8,0.017777777777777778,442,0.893161043275428,0.9822222222222222,0.9465977506435045,High,development
WF-000936,2008-09-20 04:13:00,0,Pass,4,0.008888888888888889,446,0.8908436362157439,0.9911111111111112,0.9510041211529643,High,development
WF-000602,2008-08-31 04:46:00,1,Fail,24,0.05333333333333334,426,0.8937662562982269,0.9466666666666667,0.9255065025192908,High,development
WF-001280,2008-10-03 20:46:00,0,Pass,8,0.017777777777777778,442,0.893161043275428,0.9822222222222222,0.9465977506435045,High,development
WF-000410,2008-08-22 07:27:00,0,Pass,4,0.008888888888888889,446,0.890906465863957,0.9911111111111112,0.9510292530122495,High,development
WF-000148,2008-08-07 00:51:00,0,Pass,0,0.0,450,0.8886296986662388,1.0,0.9554518794664955,High,development
WF-000975,2008-09-21 04:17:00,0,Pass,8,0.017777777777777778,442,0.893161043275428,0.9822222222222222,0.9465977506435045,High,development
WF-000115,2008-08-05 07:12:00,0,Pass,12,0.02666666666666667,438,0.8919928587649708,0.9733333333333334,0.9407971435059883,High,development
WF-001446,2008-10-10 10:05:00,0,Pass,8,0.017777777777777778,442,0.893161043275428,0.9822222222222222,0.9465977506435045,High,development
WF-000502,2008-08-29 00:49:00,0,Pass,4,0.008888888888888889,446,0.8908436362157439,0.9911111111111112,0.9510041211529643,High,development
WF-000360,2008-08-21 13:19:00,0,Pass,4,0.008888888888888889,446,0.890906465863957,0.9911111111111112,0.9510292530122495,High,development
WF-000795,2008-09-11 21:13:00,0,Pass,12,0.02666666666666667,438,0.8902623685931389,0.9733333333333334,0.9401049474372556,High,development
WF-000342,2008-08-20 22:13:00,0,Pass,12,0.02666666666666667,438,0.8902623685931389,0.9733333333333334,0.9401049474372556,High,development
WF-000785,2008-09-11 08:58:00,0,Pass,8,0.017777777777777778,442,0.893161043275428,0.9822222222222222,0.9465977506435045,High,development
WF-001015,2008-09-22 14:36:00,0,Pass,4,0.008888888888888889,446,0.890906465863957,0.9911111111111112,0.9510292530122495,High,development
WF-001181,2008-09-29 15:09:00,0,Pass,0,0.0,450,0.8886296986662388,1.0,0.9554518794664955,High,development
WF-001490,2008-10-13 20:53:00,0,Pass,8,0.017777777777777778,442,0.893161043275428,0.9822222222222222,0.9465977506435045,High,development
WF-000185,2008-08-10 11:49:00,0,Pass,4,0.008888888888888889,446,0.890906465863957,0.9911111111111112,0.9510292530122495,High,development
WF-001513,2008-10-15 00:27:00,0,Pass,16,0.035555555555555556,434,0.8932673816304798,0.9644444444444444,0.9359736193188586,High,development
WF-000641,2008-09-01 23:28:00,0,Pass,16,0.035555555555555556,434,0.8943635749183747,0.9644444444444444,0.9364120966340166,High,development
WF-001288,2008-10-04 02:36:00,0,Pass,4,0.008888888888888889,446,0.890906465863957,0.9911111111111112,0.9510292530122495,High,development
WF-001052,2008-09-24 05:22:00,0,Pass,4,0.008888888888888889,446,0.890906465863957,0.9911111111111112,0.9510292530122495,High,development
WF-000311,2008-08-19 15:33:00,0,Pass,0,0.0,450,0.8886296986662388,1.0,0.9554518794664955,High,development
WF-001184,2008-09-29 17:21:00,0,Pass,0,0.0,450,0.8886296986662388,1.0,0.9554518794664955,High,development
WF-000251,2008-08-18 06:11:00,0,Pass,8,0.017777777777777778,442,0.8897284497435358,0.9822222222222222,0.9452247132307476,High,development
WF-000803,2008-09-12 06:45:00,0,Pass,0,0.0,450,0.8886296986662388,1.0,0.9554518794664955,High,development
WF-001264,2008-10-03 03:52:00,0,Pass,8,0.017777777777777778,442,0.893161043275428,0.9822222222222222,0.9465977506435045,High,development
WF-000208,2008-08-15 18:19:00,0,Pass,8,0.017777777777777778,442,0.8897284497435358,0.9822222222222222,0.9452247132307476,High,development
WF-000482,2008-08-28 15:19:00,0,Pass,12,0.02666666666666667,438,0.8919928587649708,0.9733333333333334,0.9407971435059883,High,development
WF-000506,2008-08-29 03:27:00,0,Pass,24,0.05333333333333334,426,0.8937662562982269,0.9466666666666667,0.9255065025192908,High,development
WF-000274,2008-08-18 17:13:00,1,Fail,8,0.017777777777777778,442,0.8897284497435358,0.9822222222222222,0.9452247132307476,High,development
WF-000075,2008-08-03 14:25:00,0,Pass,20,0.044444444444444446,430,0.8929210829512614,0.9555555555555556,0.930501766513838,High,development
WF-000578,2008-08-30 10:15:00,0,Pass,0,0.0,450,0.8886296986662388,1.0,0.9554518794664955,High,development
WF-000354,2008-08-21 12:00:00,0,Pass,4,0.008888888888888889,446,0.890906465863957,0.9911111111111112,0.9510292530122495,High,development
WF-000619,2008-09-01 00:01:00,0,Pass,4,0.008888888888888889,446,0.8908436362157439,0.9911111111111112,0.9510041211529643,High,development
WF-000548,2008-08-29 22:11:00,0,Pass,4,0.008888888888888889,446,0.8908436362157439,0.9911111111111112,0.9510041211529643,High,development
WF-000282,2008-08-19 01:10:00,0,Pass,8,0.017777777777777778,442,0.8897284497435358,0.9822222222222222,0.9452247132307476,High,development
WF-001430,2008-10-08 17:41:00,0,Pass,8,0.017777777777777778,442,0.893161043275428,0.9822222222222222,0.9465977506435045,High,development
WF-000114,2008-08-05 06:21:00,0,Pass,8,0.017777777777777778,442,0.8897284497435358,0.9822222222222222,0.9452247132307476,High,development
WF-000227,2008-08-17 03:17:00,0,Pass,12,0.02666666666666667,438,0.8902623685931389,0.9733333333333334,0.9401049474372556,High,development
WF-001495,2008-10-13 22:54:00,0,Pass,8,0.017777777777777778,442,0.893161043275428,0.9822222222222222,0.9465977506435045,High,development
WF-000986,2008-09-21 12:04:00,0,Pass,16,0.035555555555555556,434,0.89255256865486,0.9644444444444444,0.9356876941286107,High,development
WF-000559,2008-08-30 02:39:00,0,Pass,12,0.02666666666666667,438,0.8919928587649708,0.9733333333333334,0.9407971435059883,High,development
WF-000845,2008-09-14 21:31:00,0,Pass,0,0.0,450,0.8886296986662388,1.0,0.9554518794664955,High,development
WF-000009,2008-07-19 20:24:00,0,Pass,4,0.008888888888888889,446,0.8908436362157439,0.9911111111111112,0.9510041211529643,High,development
WF-001145,2008-09-28 04:45:00,1,Fail,8,0.017777777777777778,442,0.893161043275428,0.9822222222222222,0.9465977506435045,High,development
WF-000967,2008-09-20 19:14:00,0,Pass,4,0.008888888888888889,446,0.890906465863957,0.9911111111111112,0.9510292530122495,High,development
WF-000734,2008-09-04 17:30:00,0,Pass,16,0.035555555555555556,434,0.89255256865486,0.9644444444444444,0.9356876941286107,High,development
WF-001453,2008-10-10 21:03:00,0,Pass,4,0.008888888888888889,446,0.890906465863957,0.9911111111111112,0.9510292530122495,High,development
WF-000580,2008-08-30 11:12:00,0,Pass,4,0.008888888888888889,446,0.8908436362157439,0.9911111111111112,0.9510041211529643,High,development
WF-001502,2008-10-14 14:07:00,0,Pass,16,0.035555555555555556,434,0.8932673816304798,0.9644444444444444,0.9359736193188586,High,development
WF-000637,2008-09-01 22:05:00,0,Pass,16,0.035555555555555556,434,0.8943635749183747,0.9644444444444444,0.9364120966340166,High,development
WF-001164,2008-09-28 21:27:00,0,Pass,4,0.008888888888888889,446,0.8908436362157439,0.9911111111111112,0.9510041211529643,High,development
WF-000526,2008-08-29 08:10:00,0,Pass,0,0.0,450,0.8886296986662388,1.0,0.9554518794664955,High,development
WF-001137,2008-09-27 17:26:00,0,Pass,4,0.008888888888888889,446,0.8908436362157439,0.9911111111111112,0.9510041211529643,High,development
WF-000831,2008-09-13 16:04:00,0,Pass,12,0.02666666666666667,438,0.8902623685931389,0.9733333333333334,0.9401049474372556,High,development
WF-000719,2008-09-03 18:16:00,0,Pass,20,0.044444444444444446,430,0.8914221577456518,0.9555555555555556,0.9299021964315941,High,development
WF-001524,2008-10-15 05:16:00,0,Pass,8,0.017777777777777778,442,0.893161043275428,0.9822222222222222,0.9465977506435045,High,development
WF-000615,2008-08-31 21:58:00,0,Pass,16,0.035555555555555556,434,0.8943635749183747,0.9644444444444444,0.9364120966340166,High,development
WF-001503,2008-10-14 14:15:00,0,Pass,16,0.035555555555555556,434,0.8932673816304798,0.9644444444444444,0.9359736193188586,High,development
WF-001270,2008-10-03 08:35:00,0,Pass,4,0.008888888888888889,446,0.890906465863957,0.9911111111111112,0.9510292530122495,High,development
WF-000029,2008-07-27 16:06:00,0,Pass,0,0.0,450,0.8886296986662388,1.0,0.9554518794664955,High,development
WF-001254,2008-10-02 20:54:00,0,Pass,4,0.008888888888888889,446,0.890906465863957,0.9911111111111112,0.9510292530122495,High,development
WF-000420,2008-08-22 13:22:00,0,Pass,0,0.0,450,0.8886296986662388,1.0,0.9554518794664955,High,development
WF-000800,2008-09-12 05:55:00,0,Pass,4,0.008888888888888889,446,0.8908436362157439,0.9911111111111112,0.9510041211529643,High,development
WF-001418,2008-10-08 07:16:00,0,Pass,8,0.017777777777777778,442,0.893161043275428,0.9822222222222222,0.9465977506435045,High,development
WF-000832,2008-09-13 20:06:00,1,Fail,9,0.02,441,0.8875548069475978,0.98,0.9430219227790391,High,development
WF-001516,2008-10-15 01:52:00,0,Pass,16,0.035555555555555556,434,0.8932673816304798,0.9644444444444444,0.9359736193188586,High,development
WF-001466,2008-10-11 23:58:00,0,Pass,8,0.017777777777777778,442,0.893161043275428,0.9822222222222222,0.9465977506435045,High,development
WF-000058,2008-07-30 12:29:00,1,Fail,0,0.0,450,0.8886296986662388,1.0,0.9554518794664955,High,development
WF-001323,2008-10-05 13:49:00,0,Pass,4,0.008888888888888889,446,0.890906465863957,0.9911111111111112,0.9510292530122495,High,development
WF-000887,2008-09-18 17:22:00,0,Pass,4,0.008888888888888889,446,0.8908436362157439,0.9911111111111112,0.9510041211529643,High,development
WF-000737,2008-09-07 00:08:00,0,Pass,4,0.008888888888888889,446,0.890906465863957,0.9911111111111112,0.9510292530122495,High,development
WF-000656,2008-09-02 02:52:00,0,Pass,10,0.022222222222222223,440,0.8932804568541625,0.9777777777777777,0.9439788494083317,High,development
WF-000771,2008-09-09 03:53:00,0,Pass,4,0.008888888888888889,446,0.890906465863957,0.9911111111111112,0.9510292530122495,High,development
WF-000899,2008-09-19 05:33:00,0,Pass,4,0.008888888888888889,446,0.8908436362157439,0.9911111111111112,0.9510041211529643,High,development
WF-000397,2008-08-22 02:01:00,0,Pass,4,0.008888888888888889,446,0.890906465863957,0.9911111111111112,0.9510292530122495,High,development
WF-000138,2008-08-06 18:00:00,0,Pass,16,0.035555555555555556,434,0.89255256865486,0.9644444444444444,0.9356876941286107,High,development
WF-001055,2008-09-24 07:23:00,0,Pass,39,0.08666666666666667,411,0.8951311319131624,0.9133333333333333,0.9060524527652649,High,development
WF-000698,2008-09-02 17:10:00,0,Pass,24,0.05333333333333334,426,0.8938320356951824,0.9466666666666667,0.925532814278073,High,development
WF-001439,2008-10-09 04:34:00,1,Fail,8,0.017777777777777778,442,0.893161043275428,0.9822222222222222,0.9465977506435045,High,development
WF-000503,2008-08-29 01:06:00,0,Pass,8,0.017777777777777778,442,0.8897284497435358,0.9822222222222222,0.9452247132307476,High,development
WF-001520,2008-10-15 02:42:00,1,Fail,4,0.008888888888888889,446,0.890906465863957,0.9911111111111112,0.9510292530122495,High,development
WF-001175,2008-09-29 11:13:00,0,Pass,8,0.017777777777777778,442,0.893161043275428,0.9822222222222222,0.9465977506435045,High,development
WF-000247,2008-08-18 04:35:00,0,Pass,12,0.02666666666666667,438,0.8902623685931389,0.9733333333333334,0.9401049474372556,High,test
WF-001316,2008-10-05 09:47:00,0,Pass,8,0.017777777777777778,442,0.893161043275428,0.9822222222222222,0.9465977506435045,High,test
WF-000445,2008-08-24 07:12:00,0,Pass,8,0.017777777777777778,442,0.8897284497435358,0.9822222222222222,0.9452247132307476,High,test
WF-000297,2008-08-19 08:07:00,0,Pass,12,0.02666666666666667,438,0.8919928587649708,0.9733333333333334,0.9407971435059883,High,test
WF-001296,2008-10-04 18:25:00,0,Pass,4,0.008888888888888889,446,0.8908436362157439,0.9911111111111112,0.9510041211529643,High,test
WF-001240,2008-10-02 09:42:00,0,Pass,4,0.008888888888888889,446,0.8908436362157439,0.9911111111111112,0.9510041211529643,High,test
WF-001433,2008-10-08 21:19:00,0,Pass,16,0.035555555555555556,434,0.8932673816304798,0.9644444444444444,0.9359736193188586,High,test
WF-000974,2008-09-21 03:47:00,0,Pass,0,0.0,450,0.8886296986662388,1.0,0.9554518794664955,High,test
WF-000284,2008-08-19 04:58:00,0,Pass,12,0.02666666666666667,438,0.8902623685931389,0.9733333333333334,0.9401049474372556,High,test
WF-000554,2008-08-30 00:57:00,0,Pass,12,0.02666666666666667,438,0.8919928587649708,0.9733333333333334,0.9407971435059883,High,test
WF-000727,2008-09-04 11:50:00,0,Pass,4,0.008888888888888889,446,0.8908436362157439,0.9911111111111112,0.9510041211529643,High,test
WF-001123,2008-09-27 11:04:00,0,Pass,8,0.017777777777777778,442,0.893161043275428,0.9822222222222222,0.9465977506435045,High,test
WF-001275,2008-10-03 19:23:00,0,Pass,8,0.017777777777777778,442,0.893161043275428,0.9822222222222222,0.9465977506435045,High,test
WF-000338,2008-08-20 20:19:00,0,Pass,8,0.017777777777777778,442,0.8897284497435358,0.9822222222222222,0.9452247132307476,High,test
WF-000513,2008-08-29 05:54:00,0,Pass,66,0.14666666666666667,384,0.8954340799149029,0.8533333333333333,0.8701736319659611,Acceptable,test
WF-000793,2008-09-11 15:08:00,0,Pass,12,0.02666666666666667,438,0.8902623685931389,0.9733333333333334,0.9401049474372556,High,test
WF-000644,2008-09-01 23:59:00,0,Pass,4,0.008888888888888889,446,0.8908436362157439,0.9911111111111112,0.9510041211529643,High,test
WF-001033,2008-09-23 12:29:00,0,Pass,4,0.008888888888888889,446,0.8908436362157439,0.9911111111111112,0.9510041211529643,High,test
WF-001397,2008-10-07 11:15:00,0,Pass,4,0.008888888888888889,446,0.890906465863957,0.9911111111111112,0.9510292530122495,High,test
WF-000960,2008-09-20 16:43:00,0,Pass,8,0.017777777777777778,442,0.893161043275428,0.9822222222222222,0.9465977506435045,High,test
WF-001526,2008-10-15 07:36:00,0,Pass,8,0.017777777777777778,442,0.893161043275428,0.9822222222222222,0.9465977506435045,High,test
WF-001443,2008-10-09 15:04:00,0,Pass,8,0.017777777777777778,442,0.893161043275428,0.9822222222222222,0.9465977506435045,High,test
WF-000265,2008-08-18 14:01:00,0,Pass,8,0.017777777777777778,442,0.8897284497435358,0.9822222222222222,0.9452247132307476,High,test
WF-001542,2008-10-15 22:45:00,0,Pass,8,0.017777777777777778,442,0.893161043275428,0.9822222222222222,0.9465977506435045,High,test
WF-001530,2008-10-15 10:00:00,0,Pass,4,0.008888888888888889,446,0.890906465863957,0.9911111111111112,0.9510292530122495,High,test
WF-000799,2008-09-12 05:11:00,0,Pass,4,0.008888888888888889,446,0.8908436362157439,0.9911111111111112,0.9510041211529643,High,test
WF-001209,2008-10-01 00:20:00,0,Pass,4,0.008888888888888889,446,0.890906465863957,0.9911111111111112,0.9510292530122495,High,test
WF-001475,2008-10-13 03:53:00,0,Pass,16,0.035555555555555556,434,0.8932673816304798,0.9644444444444444,0.9359736193188586,High,test
WF-001494,2008-10-13 22:48:00,0,Pass,20,0.044444444444444446,430,0.8949505445854108,0.9555555555555556,0.9313135511674977,High,test
WF-001143,2008-09-28 01:22:00,0,Pass,4,0.008888888888888889,446,0.8908436362157439,0.9911111111111112,0.9510041211529643,High,test
WF-000531,2008-08-29 12:22:00,0,Pass,16,0.035555555555555556,434,0.89255256865486,0.9644444444444444,0.9356876941286107,High,test
WF-000117,2008-08-05 07:48:00,0,Pass,4,0.008888888888888889,446,0.8908436362157439,0.9911111111111112,0.9510041211529643,High,test
WF-000528,2008-08-29 08:41:00,0,Pass,4,0.008888888888888889,446,0.8908436362157439,0.9911111111111112,0.9510041211529643,High,test
WF-001037,2008-09-23 15:23:00,0,Pass,4,0.008888888888888889,446,0.890906465863957,0.9911111111111112,0.9510292530122495,High,test
WF-000835,2008-09-14 15:02:00,0,Pass,4,0.008888888888888889,446,0.8908436362157439,0.9911111111111112,0.9510041211529643,High,test
WF-000866,2008-09-16 18:23:00,0,Pass,20,0.044444444444444446,430,0.8949505445854108,0.9555555555555556,0.9313135511674977,High,test
WF-000233,2008-08-17 13:34:00,0,Pass,4,0.008888888888888889,446,0.890906465863957,0.9911111111111112,0.9510292530122495,High,test
WF-000155,2008-08-07 11:40:00,1,Fail,4,0.008888888888888889,446,0.8908436362157439,0.9911111111111112,0.9510041211529643,High,test
WF-000141,2008-08-06 19:24:00,0,Pass,16,0.035555555555555556,434,0.8926171355283694,0.9644444444444444,0.9357135208780145,High,test
WF-001361,2008-10-06 12:39:00,0,Pass,8,0.017777777777777778,442,0.893161043275428,0.9822222222222222,0.9465977506435045,High,test
WF-000904,2008-09-19 07:18:00,0,Pass,4,0.008888888888888889,446,0.8908436362157439,0.9911111111111112,0.9510041211529643,High,test
WF-001480,2008-10-13 14:30:00,0,Pass,16,0.035555555555555556,434,0.8932673816304798,0.9644444444444444,0.9359736193188586,High,test
WF-001284,2008-10-03 22:53:00,0,Pass,8,0.017777777777777778,442,0.893161043275428,0.9822222222222222,0.9465977506435045,High,test
WF-001499,2008-10-14 03:35:00,0,Pass,16,0.035555555555555556,434,0.8932673816304798,0.9644444444444444,0.9359736193188586,High,test
WF-001157,2008-09-28 18:34:00,0,Pass,4,0.008888888888888889,446,0.8908436362157439,0.9911111111111112,0.9510041211529643,High,test
WF-001564,2008-10-16 20:49:00,0,Pass,40,0.08888888888888889,410,0.8917225480953672,0.9111111111111111,0.9033556859048135,High,test
WF-000955,2008-09-20 14:53:00,0,Pass,0,0.0,450,0.8886296986662388,1.0,0.9554518794664955,High,test
WF-001091,2008-09-25 22:05:00,0,Pass,8,0.017777777777777778,442,0.893161043275428,0.9822222222222222,0.9465977506435045,High,test
WF-001479,2008-10-13 14:29:00,0,Pass,16,0.035555555555555556,434,0.8932673816304798,0.9644444444444444,0.9359736193188586,High,test
WF-000391,2008-08-22 00:44:00,0,Pass,4,0.008888888888888889,446,0.8908436362157439,0.9911111111111112,0.9510041211529643,High,test
WF-000441,2008-08-23 15:10:00,0,Pass,0,0.0,450,0.8886296986662388,1.0,0.9554518794664955,High,test
WF-000259,2008-08-18 11:04:00,0,Pass,0,0.0,450,0.8886296986662388,1.0,0.9554518794664955,High,test
WF-000256,2008-08-18 08:18:00,0,Pass,4,0.008888888888888889,446,0.890906465863957,0.9911111111111112,0.9510292530122495,High,test
WF-000370,2008-08-21 16:36:00,0,Pass,16,0.035555555555555556,434,0.8926171355283694,0.9644444444444444,0.9357135208780145,High,test
WF-000787,2008-09-11 12:47:00,0,Pass,16,0.035555555555555556,434,0.8926171355283694,0.9644444444444444,0.9357135208780145,High,test
WF-001107,2008-09-26 15:36:00,0,Pass,8,0.017777777777777778,442,0.893161043275428,0.9822222222222222,0.9465977506435045,High,test
WF-000063,2008-07-31 20:18:00,1,Fail,0,0.0,450,0.8886296986662388,1.0,0.9554518794664955,High,test
WF-001449,2008-10-10 12:30:00,0,Pass,24,0.05333333333333334,426,0.893460998765228,0.9466666666666667,0.9253843995060912,High,test
WF-000188,2008-08-10 19:07:00,0,Pass,8,0.017777777777777778,442,0.8897284497435358,0.9822222222222222,0.9452247132307476,High,test
WF-001028,2008-09-23 08:11:00,0,Pass,8,0.017777777777777778,442,0.893161043275428,0.9822222222222222,0.9465977506435045,High,test
WF-001243,2008-10-02 14:10:00,1,Fail,8,0.017777777777777778,442,0.893161043275428,0.9822222222222222,0.9465977506435045,High,test
WF-000694,2008-09-02 16:10:00,0,Pass,12,0.02666666666666667,438,0.8902623685931389,0.9733333333333334,0.9401049474372556,High,test
WF-000142,2008-08-06 20:00:00,0,Pass,4,0.008888888888888889,446,0.890906465863957,0.9911111111111112,0.9510292530122495,High,test
WF-001237,2008-10-02 08:52:00,0,Pass,8,0.017777777777777778,442,0.893161043275428,0.9822222222222222,0.9465977506435045,High,test
WF-000080,2008-08-03 17:58:00,0,Pass,8,0.017777777777777778,442,0.8897284497435358,0.9822222222222222,0.9452247132307476,High,test
WF-000196,2008-08-12 04:23:00,0,Pass,21,0.04666666666666667,429,0.8910237753525488,0.9533333333333334,0.9284095101410195,High,test
WF-001412,2008-10-08 04:47:00,0,Pass,8,0.017777777777777778,442,0.893161043275428,0.9822222222222222,0.9465977506435045,High,test
WF-000731,2008-09-04 16:30:00,0,Pass,16,0.035555555555555556,434,0.89255256865486,0.9644444444444444,0.9356876941286107,High,test
WF-001398,2008-10-07 11:16:00,0,Pass,8,0.017777777777777778,442,0.893161043275428,0.9822222222222222,0.9465977506435045,High,test
WF-000069,2008-08-01 12:29:00,0,Pass,0,0.0,450,0.8886296986662388,1.0,0.9554518794664955,High,test
WF-000270,2008-08-18 15:30:00,0,Pass,20,0.044444444444444446,430,0.8914221577456518,0.9555555555555556,0.9299021964315941,High,test
WF-000307,2008-08-19 11:46:00,0,Pass,0,0.0,450,0.8886296986662388,1.0,0.9554518794664955,High,test
WF-001362,2008-10-06 12:42:00,0,Pass,8,0.017777777777777778,442,0.893161043275428,0.9822222222222222,0.9465977506435045,High,test
WF-000577,2008-08-30 09:45:00,1,Fail,4,0.008888888888888889,446,0.8908436362157439,0.9911111111111112,0.9510041211529643,High,test
WF-000947,2008-09-20 12:26:00,0,Pass,4,0.008888888888888889,446,0.8908436362157439,0.9911111111111112,0.9510041211529643,High,test
WF-000716,2008-09-03 14:29:00,0,Pass,4,0.008888888888888889,446,0.8908436362157439,0.9911111111111112,0.9510041211529643,High,test
WF-001454,2008-10-10 21:07:00,0,Pass,4,0.008888888888888889,446,0.890906465863957,0.9911111111111112,0.9510292530122495,High,test
WF-000605,2008-08-31 10:36:00,0,Pass,12,0.02666666666666667,438,0.8919928587649708,0.9733333333333334,0.9407971435059883,High,test
WF-000519,2008-08-29 06:45:00,1,Fail,8,0.017777777777777778,442,0.8897284497435358,0.9822222222222222,0.9452247132307476,High,test
WF-001100,2008-09-26 05:32:00,0,Pass,8,0.017777777777777778,442,0.893161043275428,0.9822222222222222,0.9465977506435045,High,test
WF-001541,2008-10-15 21:44:00,0,Pass,8,0.017777777777777778,442,0.893161043275428,0.9822222222222222,0.9465977506435045,High,test
WF-000246,2008-08-18 04:12:00,0,Pass,12,0.02666666666666667,438,0.8892276593447993,0.9733333333333334,0.9396910637379197,High,test
WF-000059,2008-07-30 21:16:00,1,Fail,0,0.0,450,0.8886296986662388,1.0,0.9554518794664955,High,test
WF-000751,2008-09-07 23:33:00,0,Pass,16,0.035555555555555556,434,0.8926171355283694,0.9644444444444444,0.9357135208780145,High,test
WF-001487,2008-10-13 19:40:00,0,Pass,16,0.035555555555555556,434,0.8932673816304798,0.9644444444444444,0.9359736193188586,High,test
WF-001500,2008-10-14 13:13:00,0,Pass,16,0.035555555555555556,434,0.8932673816304798,0.9644444444444444,0.9359736193188586,High,test
WF-000032,2008-07-27 22:28:00,0,Pass,0,0.0,450,0.8886296986662388,1.0,0.9554518794664955,High,test
WF-000113,2008-08-05 06:11:00,0,Pass,4,0.008888888888888889,446,0.8908436362157439,0.9911111111111112,0.9510041211529643,High,test
WF-000327,2008-08-20 08:40:00,1,Fail,20,0.044444444444444446,430,0.8914221577456518,0.9555555555555556,0.9299021964315941,High,test
WF-000367,2008-08-21 15:48:00,0,Pass,4,0.008888888888888889,446,0.890906465863957,0.9911111111111112,0.9510292530122495,High,test
WF-001523,2008-10-15 05:13:00,0,Pass,16,0.035555555555555556,434,0.8932673816304798,0.9644444444444444,0.9359736193188586,High,test
WF-000690,2008-09-02 14:09:00,0,Pass,24,0.05333333333333334,426,0.8937662562982269,0.9466666666666667,0.9255065025192908,High,test
WF-000450,2008-08-25 09:29:00,0,Pass,12,0.02666666666666667,438,0.8902623685931389,0.9733333333333334,0.9401049474372556,High,test
WF-001395,2008-10-07 10:10:00,0,Pass,8,0.017777777777777778,442,0.893161043275428,0.9822222222222222,0.9465977506435045,High,test
WF-001367,2008-10-06 15:01:00,0,Pass,4,0.008888888888888889,446,0.8908436362157439,0.9911111111111112,0.9510041211529643,High,test
WF-000166,2008-08-09 02:37:00,0,Pass,12,0.02666666666666667,438,0.8902623685931389,0.9733333333333334,0.9401049474372556,High,test
WF-000726,2008-09-04 08:53:00,0,Pass,8,0.017777777777777778,442,0.8903778355465128,0.9822222222222222,0.9454844675519385,High,test
WF-001434,2008-10-08 21:45:00,0,Pass,4,0.008888888888888889,446,0.890906465863957,0.9911111111111112,0.9510292530122495,High,test
WF-000343,2008-08-20 22:45:00,0,Pass,4,0.008888888888888889,446,0.890906465863957,0.9911111111111112,0.9510292530122495,High,test
WF-000878,2008-09-18 01:43:00,0,Pass,16,0.035555555555555556,434,0.89255256865486,0.9644444444444444,0.9356876941286107,High,test
WF-000707,2008-09-03 00:18:00,0,Pass,16,0.035555555555555556,434,0.8926171355283694,0.9644444444444444,0.9357135208780145,High,test
WF-000346,2008-08-21 02:11:00,0,Pass,4,0.008888888888888889,446,0.8908436362157439,0.9911111111111112,0.9510041211529643,High,test
WF-000042,2008-07-28 23:57:00,0,Pass,16,0.035555555555555556,434,0.8926171355283694,0.9644444444444444,0.9357135208780145,High,test
WF-000818,2008-09-12 22:45:00,0,Pass,0,0.0,450,0.8886296986662388,1.0,0.9554518794664955,High,test
WF-001053,2008-09-24 06:13:00,0,Pass,8,0.017777777777777778,442,0.893161043275428,0.9822222222222222,0.9465977506435045,High,test
WF-000931,2008-09-19 23:26:00,0,Pass,4,0.008888888888888889,446,0.8908436362157439,0.9911111111111112,0.9510041211529643,High,test
WF-000477,2008-08-28 10:28:00,0,Pass,19,0.042222222222222223,431,0.8923895068608378,0.9577777777777777,0.9316224694110018,High,test
WF-001440,2008-10-09 06:06:00,0,Pass,16,0.035555555555555556,434,0.8932673816304798,0.9644444444444444,0.9359736193188586,High,test
WF-000863,2008-09-16 09:37:00,0,Pass,12,0.02666666666666667,438,0.8902623685931389,0.9733333333333334,0.9401049474372556,High,test
WF-001006,2008-09-22 06:05:00,0,Pass,4,0.008888888888888889,446,0.8908436362157439,0.9911111111111112,0.9510041211529643,High,test
WF-000012,2008-07-19 22:52:00,1,Fail,4,0.008888888888888889,446,0.8908436362157439,0.9911111111111112,0.9510041211529643,High,test
WF-000010,2008-07-19 21:35:00,0,Pass,4,0.008888888888888889,446,0.8908436362157439,0.9911111111111112,0.9510041211529643,High,test
WF-000314,2008-08-19 18:30:00,0,Pass,12,0.02666666666666667,438,0.8902623685931389,0.9733333333333334,0.9401049474372556,High,test
WF-001353,2008-10-06 07:35:00,0,Pass,8,0.017777777777777778,442,0.893161043275428,0.9822222222222222,0.9465977506435045,High,test
WF-001176,2008-09-29 11:53:00,0,Pass,4,0.008888888888888889,446,0.8908436362157439,0.9911111111111112,0.9510041211529643,High,test
WF-001130,2008-09-27 13:19:00,0,Pass,8,0.017777777777777778,442,0.893161043275428,0.9822222222222222,0.9465977506435045,High,test
WF-000525,2008-08-29 07:33:00,0,Pass,0,0.0,450,0.8886296986662388,1.0,0.9554518794664955,High,test
WF-001206,2008-09-30 21:42:00,0,Pass,4,0.008888888888888889,446,0.890906465863957,0.9911111111111112,0.9510292530122495,High,test
WF-000177,2008-08-09 23:17:00,0,Pass,4,0.008888888888888889,446,0.890906465863957,0.9911111111111112,0.9510292530122495,High,test
WF-001483,2008-10-13 15:42:00,0,Pass,4,0.008888888888888889,446,0.890906465863957,0.9911111111111112,0.9510292530122495,High,test
WF-001093,2008-09-25 23:48:00,0,Pass,8,0.017777777777777778,442,0.893161043275428,0.9822222222222222,0.9465977506435045,High,test
WF-000564,2008-08-30 04:55:00,0,Pass,24,0.05333333333333334,426,0.8937662562982269,0.9466666666666667,0.9255065025192908,High,test
WF-000968,2008-09-20 19:21:00,0,Pass,8,0.017777777777777778,442,0.893161043275428,0.9822222222222222,0.9465977506435045,High,test
WF-001272,2008-10-03 11:40:00,0,Pass,8,0.017777777777777778,442,0.893161043275428,0.9822222222222222,0.9465977506435045,High,test
WF-001473,2008-10-12 18:47:00,0,Pass,8,0.017777777777777778,442,0.893161043275428,0.9822222222222222,0.9465977506435045,High,test
WF-000465,2008-08-28 04:20:00,0,Pass,12,0.02666666666666667,438,0.8902623685931389,0.9733333333333334,0.9401049474372556,High,test
WF-000622,2008-09-01 00:53:00,0,Pass,12,0.02666666666666667,438,0.8919928587649708,0.9733333333333334,0.9407971435059883,High,test
WF-001167,2008-09-29 02:06:00,0,Pass,4,0.008888888888888889,446,0.8908436362157439,0.9911111111111112,0.9510041211529643,High,test
WF-000630,2008-09-01 09:19:00,0,Pass,12,0.02666666666666667,438,0.8919928587649708,0.9733333333333334,0.9407971435059883,High,test
WF-001442,2008-10-09 14:15:00,0,Pass,20,0.044444444444444446,430,0.8949505445854108,0.9555555555555556,0.9313135511674977,High,test
WF-000109,2008-08-05 04:32:00,0,Pass,4,0.008888888888888889,446,0.8908436362157439,0.9911111111111112,0.9510041211529643,High,test
WF-000550,2008-08-29 22:49:00,0,Pass,16,0.035555555555555556,434,0.89255256865486,0.9644444444444444,0.9356876941286107,High,test
WF-000027,2008-07-27 11:10:00,0,Pass,20,0.044444444444444446,430,0.8923447747053024,0.9555555555555556,0.9302712432154543,High,test
WF-000616,2008-08-31 22:32:00,0,Pass,12,0.02666666666666667,438,0.8919928587649708,0.9733333333333334,0.9407971435059883,High,test
WF-000873,2008-09-17 07:14:00,0,Pass,16,0.035555555555555556,434,0.89255256865486,0.9644444444444444,0.9356876941286107,High,test
WF-001345,2008-10-06 04:26:00,0,Pass,4,0.008888888888888889,446,0.890906465863957,0.9911111111111112,0.9510292530122495,High,test
WF-000018,2008-07-22 08:41:00,0,Pass,16,0.035555555555555556,434,0.8926171355283694,0.9644444444444444,0.9357135208780145,High,test
WF-000766,2008-09-08 20:00:00,0,Pass,4,0.008888888888888889,446,0.8908436362157439,0.9911111111111112,0.9510041211529643,High,test
WF-001232,2008-10-02 04:24:00,0,Pass,8,0.017777777777777778,442,0.893161043275428,0.9822222222222222,0.9465977506435045,High,test
WF-000105,2008-08-05 02:45:00,0,Pass,4,0.008888888888888889,446,0.8908436362157439,0.9911111111111112,0.9510041211529643,High,test
WF-000269,2008-08-18 15:26:00,0,Pass,8,0.017777777777777778,442,0.8897284497435358,0.9822222222222222,0.9452247132307476,High,test
WF-001059,2008-09-24 11:47:00,0,Pass,4,0.008888888888888889,446,0.8908436362157439,0.9911111111111112,0.9510041211529643,High,test
WF-000049,2008-07-29 15:49:00,1,Fail,0,0.0,450,0.8886296986662388,1.0,0.9554518794664955,High,test
WF-001386,2008-10-07 03:39:00,0,Pass,4,0.008888888888888889,446,0.890906465863957,0.9911111111111112,0.9510292530122495,High,test
WF-001315,2008-10-05 09:04:00,0,Pass,4,0.008888888888888889,446,0.890906465863957,0.9911111111111112,0.9510292530122495,High,test
WF-001032,2008-09-23 11:43:00,0,Pass,8,0.017777777777777778,442,0.893161043275428,0.9822222222222222,0.9465977506435045,High,test
WF-000191,2008-08-11 03:06:00,0,Pass,0,0.0,450,0.8886296986662388,1.0,0.9554518794664955,High,test
WF-001457,2008-10-11 06:56:00,0,Pass,4,0.008888888888888889,446,0.890906465863957,0.9911111111111112,0.9510292530122495,High,test
WF-000990,2008-09-21 15:15:00,0,Pass,8,0.017777777777777778,442,0.893161043275428,0.9822222222222222,0.9465977506435045,High,test
WF-000937,2008-09-20 04:28:00,0,Pass,8,0.017777777777777778,442,0.893161043275428,0.9822222222222222,0.9465977506435045,High,test
WF-001492,2008-10-13 21:47:00,0,Pass,8,0.017777777777777778,442,0.893161043275428,0.9822222222222222,0.9465977506435045,High,test
WF-000709,2008-09-03 00:58:00,0,Pass,6,0.013333333333333334,444,0.8909515352259325,0.9866666666666667,0.948380614090373,High,test
WF-001544,2008-10-15 23:00:00,0,Pass,44,0.09777777777777778,406,0.8941850789938791,0.9022222222222223,0.899007364930885,Acceptable,test
WF-000052,2008-07-29 21:07:00,0,Pass,0,0.0,450,0.8886296986662388,1.0,0.9554518794664955,High,test
WF-001355,2008-10-06 08:24:00,0,Pass,4,0.008888888888888889,446,0.890906465863957,0.9911111111111112,0.9510292530122495,High,test
WF-000908,2008-09-19 09:47:00,0,Pass,4,0.008888888888888889,446,0.8908436362157439,0.9911111111111112,0.9510041211529643,High,test
WF-000715,2008-09-03 14:24:00,0,Pass,4,0.008888888888888889,446,0.8908436362157439,0.9911111111111112,0.9510041211529643,High,test
WF-000629,2008-09-01 09:06:00,0,Pass,4,0.008888888888888889,446,0.8908436362157439,0.9911111111111112,0.9510041211529643,High,test
WF-001467,2008-10-12 00:57:00,0,Pass,4,0.008888888888888889,446,0.890906465863957,0.9911111111111112,0.9510292530122495,High,test
WF-000501,2008-08-28 23:42:00,0,Pass,24,0.05333333333333334,426,0.8937662562982269,0.9466666666666667,0.9255065025192908,High,test
WF-000461,2008-08-28 03:29:00,0,Pass,12,0.02666666666666667,438,0.8919928587649708,0.9733333333333334,0.9407971435059883,High,test
WF-000289,2008-08-19 05:41:00,0,Pass,0,0.0,450,0.8886296986662388,1.0,0.9554518794664955,High,test
WF-000321,2008-08-20 02:13:00,0,Pass,12,0.02666666666666667,438,0.8902623685931389,0.9733333333333334,0.9401049474372556,High,test
WF-001219,2008-10-01 15:16:00,0,Pass,8,0.017777777777777778,442,0.8904302272249565,0.9822222222222222,0.9455054242233158,High,test
WF-001283,2008-10-03 22:08:00,0,Pass,4,0.008888888888888889,446,0.890906465863957,0.9911111111111112,0.9510292530122495,High,test
WF-000588,2008-08-30 15:16:00,0,Pass,4,0.008888888888888889,446,0.8908436362157439,0.9911111111111112,0.9510041211529643,High,test
WF-000176,2008-08-09 22:37:00,0,Pass,16,0.035555555555555556,434,0.89255256865486,0.9644444444444444,0.9356876941286107,High,test
WF-001354,2008-10-06 07:38:00,0,Pass,4,0.008888888888888889,446,0.890906465863957,0.9911111111111112,0.9510292530122495,High,test
WF-000298,2008-08-19 08:33:00,0,Pass,16,0.035555555555555556,434,0.8926171355283694,0.9644444444444444,0.9357135208780145,High,test
WF-000234,2008-08-17 14:21:00,0,Pass,4,0.008888888888888889,446,0.890906465863957,0.9911111111111112,0.9510292530122495,High,test
WF-001138,2008-09-27 18:14:00,0,Pass,8,0.017777777777777778,442,0.893161043275428,0.9822222222222222,0.9465977506435045,High,test
WF-000571,2008-08-30 08:10:00,0,Pass,24,0.05333333333333334,426,0.8937662562982269,0.9466666666666667,0.9255065025192908,High,test
WF-001096,2008-09-26 02:26:00,0,Pass,4,0.008888888888888889,446,0.8908436362157439,0.9911111111111112,0.9510041211529643,High,test
WF-000812,2008-09-12 18:01:00,0,Pass,16,0.035555555555555556,434,0.89255256865486,0.9644444444444444,0.9356876941286107,High,test
WF-001098,2008-09-26 03:29:00,0,Pass,8,0.017777777777777778,442,0.893161043275428,0.9822222222222222,0.9465977506435045,High,test
WF-000534,2008-08-29 13:14:00,0,Pass,24,0.05333333333333334,426,0.8937662562982269,0.9466666666666667,0.9255065025192908,High,test
WF-000436,2008-08-23 05:58:00,0,Pass,20,0.044444444444444446,430,0.8914221577456518,0.9555555555555556,0.9299021964315941,High,test
WF-000821,2008-09-13 00:25:00,0,Pass,16,0.035555555555555556,434,0.89255256865486,0.9644444444444444,0.9356876941286107,High,test
WF-000612,2008-08-31 20:24:00,0,Pass,12,0.02666666666666667,438,0.8902623685931389,0.9733333333333334,0.9401049474372556,High,test
WF-000777,2008-09-10 21:56:00,0,Pass,4,0.008888888888888889,446,0.890906465863957,0.9911111111111112,0.9510292530122495,High,test
WF-000220,2008-08-16 13:51:00,0,Pass,4,0.008888888888888889,446,0.890906465863957,0.9911111111111112,0.9510292530122495,High,test
WF-000097,2008-08-04 20:58:00,1,Fail,0,0.0,450,0.8886296986662388,1.0,0.9554518794664955,High,test
WF-001214,2008-10-01 07:28:00,0,Pass,8,0.017777777777777778,442,0.893161043275428,0.9822222222222222,0.9465977506435045,High,test
WF-001213,2008-10-01 07:19:00,0,Pass,4,0.008888888888888889,446,0.890906465863957,0.9911111111111112,0.9510292530122495,High,test
WF-000024,2008-07-25 15:23:00,1,Fail,8,0.017777777777777778,442,0.8897284497435358,0.9822222222222222,0.9452247132307476,High,test
WF-000337,2008-08-20 19:20:00,1,Fail,44,0.09777777777777778,406,0.8891639455057723,0.9022222222222223,0.8969989115356423,Acceptable,test
WF-001306,2008-10-05 01:35:00,0,Pass,8,0.017777777777777778,442,0.893161043275428,0.9822222222222222,0.9465977506435045,High,test
WF-000915,2008-09-19 16:58:00,1,Fail,4,0.008888888888888889,446,0.8908436362157439,0.9911111111111112,0.9510041211529643,High,test
WF-001383,2008-10-06 23:03:00,0,Pass,8,0.017777777777777778,442,0.893161043275428,0.9822222222222222,0.9465977506435045,High,test
WF-001335,2008-10-05 22:13:00,0,Pass,8,0.017777777777777778,442,0.893161043275428,0.9822222222222222,0.9465977506435045,High,test
WF-000516,2008-08-29 06:35:00,0,Pass,20,0.044444444444444446,430,0.8914221577456518,0.9555555555555556,0.9299021964315941,High,test
WF-000326,2008-08-20 07:12:00,0,Pass,12,0.02666666666666667,438,0.8919928587649708,0.9733333333333334,0.9407971435059883,High,test
WF-000045,2008-07-29 06:19:00,0,Pass,8,0.017777777777777778,442,0.8897284497435358,0.9822222222222222,0.9452247132307476,High,test
WF-000459,2008-08-28 03:03:00,0,Pass,12,0.02666666666666667,438,0.8919928587649708,0.9733333333333334,0.9407971435059883,High,test
WF-000847,2008-09-15 02:04:00,0,Pass,74,0.16444444444444445,376,0.8988897572340218,0.8355555555555556,0.860889236226942,Acceptable,test
WF-001104,2008-09-26 14:20:00,0,Pass,4,0.008888888888888889,446,0.8908436362157439,0.9911111111111112,0.9510041211529643,High,test
WF-001529,2008-10-15 09:11:00,0,Pass,16,0.035555555555555556,434,0.8932673816304798,0.9644444444444444,0.9359736193188586,High,test
WF-001124,2008-09-27 11:45:00,0,Pass,8,0.017777777777777778,442,0.893161043275428,0.9822222222222222,0.9465977506435045,High,test
WF-001099,2008-09-26 04:14:00,0,Pass,4,0.008888888888888889,446,0.8908436362157439,0.9911111111111112,0.9510041211529643,High,test
WF-001035,2008-09-23 12:46:00,0,Pass,8,0.017777777777777778,442,0.893161043275428,0.9822222222222222,0.9465977506435045,High,test
WF-000398,2008-08-22 02:25:00,0,Pass,24,0.05333333333333334,426,0.8937662562982269,0.9466666666666667,0.9255065025192908,High,test
WF-000706,2008-09-02 20:59:00,0,Pass,8,0.017777777777777778,442,0.893161043275428,0.9822222222222222,0.9465977506435045,High,test
WF-000435,2008-08-23 05:57:00,0,Pass,4,0.008888888888888889,446,0.890906465863957,0.9911111111111112,0.9510292530122495,High,test
WF-001260,2008-10-02 23:32:00,0,Pass,4,0.008888888888888889,446,0.890906465863957,0.9911111111111112,0.9510292530122495,High,test
WF-000393,2008-08-22 01:04:00,1,Fail,4,0.008888888888888889,446,0.890906465863957,0.9911111111111112,0.9510292530122495,High,test
WF-000216,2008-08-16 07:33:00,0,Pass,8,0.017777777777777778,442,0.8897284497435358,0.9822222222222222,0.9452247132307476,High,test
WF-000667,2008-09-02 07:22:00,0,Pass,12,0.02666666666666667,438,0.8902623685931389,0.9733333333333334,0.9401049474372556,High,test
WF-001205,2008-09-30 21:39:00,0,Pass,4,0.008888888888888889,446,0.890906465863957,0.9911111111111112,0.9510292530122495,High,test
WF-000122,2008-08-05 15:45:00,0,Pass,0,0.0,450,0.8886296986662388,1.0,0.9554518794664955,High,test
WF-000954,2008-09-20 14:50:00,0,Pass,8,0.017777777777777778,442,0.893161043275428,0.9822222222222222,0.9465977506435045,High,test
WF-000154,2008-08-07 11:10:00,0,Pass,0,0.0,450,0.8886296986662388,1.0,0.9554518794664955,High,test
WF-001447,2008-10-10 10:46:00,0,Pass,8,0.017777777777777778,442,0.893161043275428,0.9822222222222222,0.9465977506435045,High,test
WF-000767,2008-09-08 21:36:00,0,Pass,16,0.035555555555555556,434,0.8926171355283694,0.9644444444444444,0.9357135208780145,High,test
WF-000456,2008-08-27 17:14:00,0,Pass,0,0.0,450,0.8886296986662388,1.0,0.9554518794664955,High,test
WF-001250,2008-10-02 17:00:00,0,Pass,0,0.0,450,0.8886296986662388,1.0,0.9554518794664955,High,test
WF-001117,2008-09-27 00:16:00,0,Pass,8,0.017777777777777778,442,0.893161043275428,0.9822222222222222,0.9465977506435045,High,test
WF-000384,2008-08-21 22:25:00,0,Pass,20,0.044444444444444446,430,0.8914221577456518,0.9555555555555556,0.9299021964315941,High,test
WF-001034,2008-09-23 12:31:00,0,Pass,8,0.017777777777777778,442,0.893161043275428,0.9822222222222222,0.9465977506435045,High,test
WF-000171,2008-08-09 17:34:00,0,Pass,0,0.0,450,0.8886296986662388,1.0,0.9554518794664955,High,test
WF-001368,2008-10-06 15:52:00,0,Pass,8,0.017777777777777778,442,0.893161043275428,0.9822222222222222,0.9465977506435045,High,test
WF-000888,2008-09-18 18:12:00,0,Pass,4,0.008888888888888889,446,0.8908436362157439,0.9911111111111112,0.9510041211529643,High,test
WF-001074,2008-09-25 07:58:00,0,Pass,8,0.017777777777777778,442,0.893161043275428,0.9822222222222222,0.9465977506435045,High,test
WF-001566,2008-10-17 06:01:00,0,Pass,52,0.11555555555555555,398,0.8943216195261409,0.8844444444444445,0.888395314477123,Acceptable,test
WF-000217,2008-08-16 08:39:00,0,Pass,0,0.0,450,0.8886296986662388,1.0,0.9554518794664955,High,test
WF-001185,2008-09-29 21:26:00,0,Pass,4,0.008888888888888889,446,0.8908436362157439,0.9911111111111112,0.9510041211529643,High,test
WF-000002,2008-07-19 12:32:00,0,Pass,16,0.035555555555555556,434,0.8943635749183747,0.9644444444444444,0.9364120966340166,High,test
WF-001151,2008-09-28 08:41:00,0,Pass,4,0.008888888888888889,446,0.890906465863957,0.9911111111111112,0.9510292530122495,High,test
WF-000583,2008-08-30 11:57:00,0,Pass,16,0.035555555555555556,434,0.89255256865486,0.9644444444444444,0.9356876941286107,High,test
WF-001192,2008-09-30 04:42:00,0,Pass,0,0.0,450,0.8886296986662388,1.0,0.9554518794664955,High,test
WF-001399,2008-10-07 11:36:00,0,Pass,8,0.017777777777777778,442,0.893161043275428,0.9822222222222222,0.9465977506435045,High,test
WF-000877,2008-09-18 01:40:00,0,Pass,4,0.008888888888888889,446,0.8908436362157439,0.9911111111111112,0.9510041211529643,High,test
WF-000957,2008-09-20 15:19:00,0,Pass,8,0.017777777777777778,442,0.893161043275428,0.9822222222222222,0.9465977506435045,High,test
WF-001376,2008-10-06 19:42:00,0,Pass,8,0.017777777777777778,442,0.893161043275428,0.9822222222222222,0.9465977506435045,High,test
WF-000713,2008-09-03 06:26:00,0,Pass,4,0.008888888888888889,446,0.890906465863957,0.9911111111111112,0.9510292530122495,High,test
WF-000232,2008-08-17 12:16:00,1,Fail,4,0.008888888888888889,446,0.8882001414372566,0.9911111111111112,0.9499467232415693,High,test
WF-000570,2008-08-30 07:54:00,0,Pass,15,0.03333333333333333,435,0.8918274363215382,0.9666666666666667,0.9367309745286152,High,test
WF-001220,2008-10-01 16:43:00,0,Pass,0,0.0,450,0.8886296986662388,1.0,0.9554518794664955,High,test
WF-000869,2008-09-16 21:21:00,0,Pass,4,0.008888888888888889,446,0.8908436362157439,0.9911111111111112,0.9510041211529643,High,test
WF-000770,2008-09-09 00:25:00,0,Pass,4,0.008888888888888889,446,0.890906465863957,0.9911111111111112,0.9510292530122495,High,test
WF-001255,2008-10-02 21:32:00,1,Fail,0,0.0,450,0.8886296986662388,1.0,0.9554518794664955,High,test
WF-000659,2008-09-02 03:35:00,0,Pass,24,0.05333333333333334,426,0.8938320356951824,0.9466666666666667,0.925532814278073,High,test
WF-001190,2008-09-30 02:44:00,1,Fail,0,0.0,450,0.8886296986662388,1.0,0.9554518794664955,High,test
WF-000867,2008-09-16 19:34:00,0,Pass,20,0.044444444444444446,430,0.8949505445854108,0.9555555555555556,0.9313135511674977,High,test
WF-001050,2008-09-24 03:40:00,0,Pass,6,0.013333333333333334,444,0.8910146478905793,0.9866666666666667,0.9484058591562317,High,test
WF-000940,2008-09-20 05:34:00,0,Pass,4,0.008888888888888889,446,0.8908436362157439,0.9911111111111112,0.9510041211529643,High,test
WF-000536,2008-08-29 13:49:00,0,Pass,4,0.008888888888888889,446,0.8908436362157439,0.9911111111111112,0.9510041211529643,High,test
WF-000546,2008-08-29 21:46:00,0,Pass,16,0.035555555555555556,434,0.89255256865486,0.9644444444444444,0.9356876941286107,High,test
WF-000628,2008-09-01 08:18:00,0,Pass,16,0.035555555555555556,434,0.8926171355283694,0.9644444444444444,0.9357135208780145,High,test
WF-000019,2008-07-22 11:47:00,0,Pass,4,0.008888888888888889,446,0.890906465863957,0.9911111111111112,0.9510292530122495,High,test
WF-000239,2008-08-17 23:04:00,1,Fail,16,0.035555555555555556,434,0.89255256865486,0.9644444444444444,0.9356876941286107,High,test
WF-001352,2008-10-06 07:17:00,0,Pass,8,0.017777777777777778,442,0.893161043275428,0.9822222222222222,0.9465977506435045,High,test
WF-001246,2008-10-02 15:44:00,0,Pass,0,0.0,450,0.8886296986662388,1.0,0.9554518794664955,High,test
WF-001553,2008-10-16 04:02:00,0,Pass,52,0.11555555555555555,398,0.8943216195261409,0.8844444444444445,0.888395314477123,Acceptable,test
WF-001432,2008-10-08 20:27:00,0,Pass,8,0.017777777777777778,442,0.893161043275428,0.9822222222222222,0.9465977506435045,High,test
WF-000699,2008-09-02 17:18:00,0,Pass,0,0.0,450,0.8886296986662388,1.0,0.9554518794664955,High,test
WF-000026,2008-07-27 09:37:00,0,Pass,4,0.008888888888888889,446,0.890906465863957,0.9911111111111112,0.9510292530122495,High,test
WF-001378,2008-10-06 20:36:00,0,Pass,4,0.008888888888888889,446,0.8908436362157439,0.9911111111111112,0.9510041211529643,High,test
WF-000631,2008-09-01 09:54:00,0,Pass,12,0.02666666666666667,438,0.8902623685931389,0.9733333333333334,0.9401049474372556,High,test
WF-001238,2008-10-02 08:57:00,0,Pass,8,0.017777777777777778,442,0.893161043275428,0.9822222222222222,0.9465977506435045,High,test
WF-000443,2008-08-24 02:32:00,0,Pass,8,0.017777777777777778,442,0.8897284497435358,0.9822222222222222,0.9452247132307476,High,test
WF-000838,2008-09-14 17:40:00,0,Pass,8,0.017777777777777778,442,0.893161043275428,0.9822222222222222,0.9465977506435045,High,test
WF-000451,2008-08-27 00:46:00,0,Pass,16,0.035555555555555556,434,0.89255256865486,0.9644444444444444,0.9356876941286107,High,test
WF-000755,2008-09-08 03:32:00,0,Pass,4,0.008888888888888889,446,0.8908436362157439,0.9911111111111112,0.9510041211529643,High,test
WF-000131,2008-08-06 03:22:00,0,Pass,0,0.0,450,0.8886296986662388,1.0,0.9554518794664955,High,test
WF-000400,2008-08-22 03:18:00,0,Pass,12,0.02666666666666667,438,0.8919928587649708,0.9733333333333334,0.9407971435059883,High,test
WF-000150,2008-08-07 08:21:00,0,Pass,4,0.008888888888888889,446,0.890906465863957,0.9911111111111112,0.9510292530122495,High,test
WF-000819,2008-09-12 23:28:00,0,Pass,0,0.0,450,0.8886296986662388,1.0,0.9554518794664955,High,test
WF-000497,2008-08-28 21:03:00,0,Pass,0,0.0,450,0.8886296986662388,1.0,0.9554518794664955,High,test
WF-000749,2008-09-07 20:12:00,0,Pass,4,0.008888888888888889,446,0.8908436362157439,0.9911111111111112,0.9510041211529643,High,test
WF-000894,2008-09-18 23:44:00,0,Pass,4,0.008888888888888889,446,0.8908436362157439,0.9911111111111112,0.9510041211529643,High,test
WF-000913,2008-09-19 15:31:00,0,Pass,12,0.02666666666666667,438,0.8902623685931389,0.9733333333333334,0.9401049474372556,High,test
WF-001163,2008-09-28 21:08:00,0,Pass,8,0.017777777777777778,442,0.893161043275428,0.9822222222222222,0.9465977506435045,High,test
WF-000841,2008-09-14 19:13:00,0,Pass,12,0.02666666666666667,438,0.8902623685931389,0.9733333333333334,0.9401049474372556,High,test
WF-000708,2008-09-03 00:45:00,0,Pass,10,0.022222222222222223,440,0.8932804568541625,0.9777777777777777,0.9439788494083317,High,test
WF-001135,2008-09-27 15:30:00,0,Pass,8,0.017777777777777778,442,0.893161043275428,0.9822222222222222,0.9465977506435045,High,test
WF-001478,2008-10-13 14:06:00,0,Pass,8,0.017777777777777778,442,0.893161043275428,0.9822222222222222,0.9465977506435045,High,test
WF-000051,2008-07-29 18:08:00,1,Fail,20,0.044444444444444446,430,0.8914221577456518,0.9555555555555556,0.9299021964315941,High,test
WF-001346,2008-10-06 05:21:00,0,Pass,8,0.017777777777777778,442,0.893161043275428,0.9822222222222222,0.9465977506435045,High,test
WF-000460,2008-08-28 03:04:00,0,Pass,36,0.08,414,0.8865266958480962,0.92,0.9066106783392385,High,test
WF-001317,2008-10-05 10:00:00,0,Pass,8,0.017777777777777778,442,0.893161043275428,0.9822222222222222,0.9465977506435045,High,test
WF-001422,2008-10-08 12:11:00,0,Pass,4,0.008888888888888889,446,0.890906465863957,0.9911111111111112,0.9510292530122495,High,test
WF-000572,2008-08-30 08:29:00,0,Pass,0,0.0,450,0.8886296986662388,1.0,0.9554518794664955,High,test
WF-000817,2008-09-12 22:25:00,0,Pass,16,0.035555555555555556,434,0.89255256865486,0.9644444444444444,0.9356876941286107,High,test
WF-000796,2008-09-11 22:07:00,1,Fail,8,0.017777777777777778,442,0.893161043275428,0.9822222222222222,0.9465977506435045,High,test
WF-000345,2008-08-20 23:43:00,1,Fail,20,0.044444444444444446,430,0.8914221577456518,0.9555555555555556,0.9299021964315941,High,test
WF-001095,2008-09-26 01:21:00,0,Pass,8,0.017777777777777778,442,0.893161043275428,0.9822222222222222,0.9465977506435045,High,test
WF-001391,2008-10-07 09:11:00,0,Pass,16,0.035555555555555556,434,0.8932673816304798,0.9644444444444444,0.9359736193188586,High,test
WF-000848,2008-09-15 10:03:00,0,Pass,4,0.008888888888888889,446,0.8908436362157439,0.9911111111111112,0.9510041211529643,High,test
WF-000462,2008-08-28 03:38:00,0,Pass,4,0.008888888888888889,446,0.8908436362157439,0.9911111111111112,0.9510041211529643,High,test
WF-001139,2008-09-27 19:16:00,0,Pass,8,0.017777777777777778,442,0.893161043275428,0.9822222222222222,0.9465977506435045,High,test
WF-001005,2008-09-22 03:51:00,0,Pass,8,0.017777777777777778,442,0.893161043275428,0.9822222222222222,0.9465977506435045,High,test
WF-000675,2008-09-02 10:25:00,0,Pass,4,0.008888888888888889,446,0.890906465863957,0.9911111111111112,0.9510292530122495,High,test
WF-001337,2008-10-06 01:25:00,0,Pass,8,0.017777777777777778,442,0.893161043275428,0.9822222222222222,0.9465977506435045,High,test
WF-000332,2008-08-20 17:09:00,0,Pass,4,0.008888888888888889,446,0.890906465863957,0.9911111111111112,0.9510292530122495,High,test
WF-001425,2008-10-08 14:48:00,0,Pass,8,0.017777777777777778,442,0.893161043275428,0.9822222222222222,0.9465977506435045,High,test
WF-001273,2008-10-03 12:31:00,0,Pass,8,0.017777777777777778,442,0.893161043275428,0.9822222222222222,0.9465977506435045,High,test
WF-000521,2008-08-29 07:18:00,0,Pass,4,0.008888888888888889,446,0.8908436362157439,0.9911111111111112,0.9510041211529643,High,test
WF-001269,2008-10-03 06:15:00,0,Pass,4,0.008888888888888889,446,0.890906465863957,0.9911111111111112,0.9510292530122495,High,test
WF-000851,2008-09-15 16:10:00,0,Pass,4,0.008888888888888889,446,0.8908436362157439,0.9911111111111112,0.9510041211529643,High,test
WF-000229,2008-08-17 03:46:00,0,Pass,0,0.0,450,0.8886296986662388,1.0,0.9554518794664955,High,test
WF-000948,2008-09-20 12:27:00,0,Pass,0,0.0,450,0.8886296986662388,1.0,0.9554518794664955,High,test
WF-000679,2008-09-02 11:47:00,0,Pass,16,0.035555555555555556,434,0.89255256865486,0.9644444444444444,0.9356876941286107,High,test
WF-000933,2008-09-20 00:18:00,0,Pass,4,0.008888888888888889,446,0.8908436362157439,0.9911111111111112,0.9510041211529643,High,test
WF-000243,2008-08-18 00:20:00,0,Pass,4,0.008888888888888889,446,0.8908436362157439,0.9911111111111112,0.9510041211529643,High,test
WF-000653,2008-09-02 02:02:00,0,Pass,4,0.008888888888888889,446,0.890906465863957,0.9911111111111112,0.9510292530122495,High,test
WF-000235,2008-08-17 15:25:00,0,Pass,0,0.0,450,0.8886296986662388,1.0,0.9554518794664955,High,test
WF-001227,2008-10-02 00:22:00,0,Pass,4,0.008888888888888889,446,0.890906465863957,0.9911111111111112,0.9510292530122495,High,test
WF-000754,2008-09-08 01:24:00,0,Pass,0,0.0,450,0.8886296986662388,1.0,0.9554518794664955,High,test
WF-000714,2008-09-03 09:38:00,0,Pass,0,0.0,450,0.8886296986662388,1.0,0.9554518794664955,High,test
WF-000175,2008-08-09 22:15:00,0,Pass,0,0.0,450,0.8886296986662388,1.0,0.9554518794664955,High,test
WF-001310,2008-10-05 05:31:00,0,Pass,0,0.0,450,0.8886296986662388,1.0,0.9554518794664955,High,test
WF-001334,2008-10-05 20:30:00,0,Pass,4,0.008888888888888889,446,0.890906465863957,0.9911111111111112,0.9510292530122495,High,test
WF-000973,2008-09-21 03:04:00,0,Pass,0,0.0,450,0.8886296986662388,1.0,0.9554518794664955,High,test
WF-001038,2008-09-23 15:33:00,0,Pass,4,0.008888888888888889,446,0.890906465863957,0.9911111111111112,0.9510292530122495,High,test
