wafer_id,timestamp,target,status,fail_probability,predicted_target,predicted_status,decision_threshold,model_name,prediction_source
WF-000309,2008-08-19 11:58:00,0,Pass,0.008373438,0,Pass,0.01,XGBoost,Out-of-fold
WF-000236,2008-08-17 21:26:00,1,Fail,0.02983982,1,Fail,0.01,XGBoost,Out-of-fold
WF-000183,2008-08-10 07:01:00,1,Fail,0.17189677,1,Fail,0.01,XGBoost,Out-of-fold
WF-001304,2008-10-05 00:33:00,1,Fail,0.037533373,1,Fail,0.01,XGBoost,Out-of-fold
WF-001248,2008-10-02 16:32:00,0,Pass,0.012845541,1,Fail,0.01,XGBoost,Out-of-fold
WF-001179,2008-09-29 14:04:00,0,Pass,0.015785946,1,Fail,0.01,XGBoost,Out-of-fold
WF-000934,2008-09-20 00:33:00,0,Pass,0.0020811083,0,Pass,0.01,XGBoost,Out-of-fold
WF-000172,2008-08-09 19:03:00,0,Pass,0.114462644,1,Fail,0.01,XGBoost,Out-of-fold
WF-000433,2008-08-23 04:52:00,0,Pass,0.009430288,0,Pass,0.01,XGBoost,Out-of-fold
WF-001491,2008-10-13 21:20:00,0,Pass,0.016160907,1,Fail,0.01,XGBoost,Out-of-fold
WF-000684,2008-09-02 12:30:00,0,Pass,0.0153471865,1,Fail,0.01,XGBoost,Out-of-fold
WF-000597,2008-08-30 20:11:00,0,Pass,0.037820444,1,Fail,0.01,XGBoost,Out-of-fold
WF-000917,2008-09-19 18:11:00,0,Pass,0.006366288,0,Pass,0.01,XGBoost,Out-of-fold
WF-000458,2008-08-27 22:58:00,0,Pass,0.1347584,1,Fail,0.01,XGBoost,Out-of-fold
WF-000378,2008-08-21 19:12:00,0,Pass,0.03327322,1,Fail,0.01,XGBoost,Out-of-fold
WF-000704,2008-09-02 20:52:00,0,Pass,0.010787172,1,Fail,0.01,XGBoost,Out-of-fold
WF-000791,2008-09-11 14:31:00,0,Pass,0.012351733,1,Fail,0.01,XGBoost,Out-of-fold
WF-000538,2008-08-29 14:18:00,0,Pass,0.020415952,1,Fail,0.01,XGBoost,Out-of-fold
WF-001509,2008-10-14 20:48:00,0,Pass,0.0027231937,0,Pass,0.01,XGBoost,Out-of-fold
WF-001511,2008-10-14 23:07:00,0,Pass,0.0023276084,0,Pass,0.01,XGBoost,Out-of-fold
WF-001438,2008-10-09 00:23:00,0,Pass,0.002501967,0,Pass,0.01,XGBoost,Out-of-fold
WF-000362,2008-08-21 13:45:00,0,Pass,0.011045345,1,Fail,0.01,XGBoost,Out-of-fold
WF-000772,2008-09-09 08:44:00,0,Pass,0.013192823,1,Fail,0.01,XGBoost,Out-of-fold
WF-000336,2008-08-20 18:35:00,0,Pass,0.0017945673,0,Pass,0.01,XGBoost,Out-of-fold
WF-000733,2008-09-04 16:56:00,0,Pass,0.0012069019,0,Pass,0.01,XGBoost,Out-of-fold
WF-000757,2008-09-08 04:21:00,0,Pass,0.0016305799,0,Pass,0.01,XGBoost,Out-of-fold
WF-001054,2008-09-24 06:14:00,0,Pass,0.02230192,1,Fail,0.01,XGBoost,Out-of-fold
WF-001380,2008-10-06 21:46:00,0,Pass,0.038545236,1,Fail,0.01,XGBoost,Out-of-fold
WF-000331,2008-08-20 16:16:00,0,Pass,0.025029477,1,Fail,0.01,XGBoost,Out-of-fold
WF-001300,2008-10-04 19:54:00,0,Pass,0.25270382,1,Fail,0.01,XGBoost,Out-of-fold
WF-000901,2008-09-19 06:01:00,0,Pass,0.0013868588,0,Pass,0.01,XGBoost,Out-of-fold
WF-001539,2008-10-15 19:15:00,0,Pass,0.0021850753,0,Pass,0.01,XGBoost,Out-of-fold
WF-001278,2008-10-03 20:26:00,0,Pass,0.0047552404,0,Pass,0.01,XGBoost,Out-of-fold
WF-000437,2008-08-23 05:58:00,0,Pass,0.1212989,1,Fail,0.01,XGBoost,Out-of-fold
WF-001567,2008-10-17 06:07:00,0,Pass,0.01318259,1,Fail,0.01,XGBoost,Out-of-fold
WF-000386,2008-08-21 23:08:00,0,Pass,0.0074572866,0,Pass,0.01,XGBoost,Out-of-fold
WF-000569,2008-08-30 07:50:00,0,Pass,0.0018188183,0,Pass,0.01,XGBoost,Out-of-fold
WF-001501,2008-10-14 13:16:00,0,Pass,0.010108416,1,Fail,0.01,XGBoost,Out-of-fold
WF-000007,2008-07-19 19:44:00,0,Pass,0.16848661,1,Fail,0.01,XGBoost,Out-of-fold
WF-001084,2008-09-25 15:12:00,0,Pass,0.011323754,1,Fail,0.01,XGBoost,Out-of-fold
WF-000496,2008-08-28 20:39:00,1,Fail,0.033259097,1,Fail,0.01,XGBoost,Out-of-fold
WF-000135,2008-08-06 12:33:00,0,Pass,0.063294455,1,Fail,0.01,XGBoost,Out-of-fold
WF-001276,2008-10-03 19:23:00,0,Pass,0.0057328576,0,Pass,0.01,XGBoost,Out-of-fold
WF-000743,2008-09-07 13:02:00,0,Pass,0.0068457616,0,Pass,0.01,XGBoost,Out-of-fold
WF-000355,2008-08-21 12:31:00,0,Pass,0.24100389,1,Fail,0.01,XGBoost,Out-of-fold
WF-001366,2008-10-06 15:00:00,1,Fail,0.0129029155,1,Fail,0.01,XGBoost,Out-of-fold
WF-000020,2008-07-22 14:00:00,0,Pass,0.09762433,1,Fail,0.01,XGBoost,Out-of-fold
WF-000104,2008-08-05 02:36:00,0,Pass,0.010623774,1,Fail,0.01,XGBoost,Out-of-fold
WF-000593,2008-08-30 17:05:00,0,Pass,0.009467174,0,Pass,0.01,XGBoost,Out-of-fold
WF-000643,2008-09-01 23:45:00,0,Pass,0.0177689,1,Fail,0.01,XGBoost,Out-of-fold
WF-000152,2008-08-07 08:55:00,0,Pass,0.048521083,1,Fail,0.01,XGBoost,Out-of-fold
WF-000468,2008-08-28 06:15:00,0,Pass,0.030064719,1,Fail,0.01,XGBoost,Out-of-fold
WF-000399,2008-08-22 02:52:00,0,Pass,0.004278686,0,Pass,0.01,XGBoost,Out-of-fold
WF-000156,2008-08-08 04:55:00,0,Pass,0.1039564,1,Fail,0.01,XGBoost,Out-of-fold
WF-001505,2008-10-14 17:36:00,0,Pass,0.00044032745,0,Pass,0.01,XGBoost,Out-of-fold
WF-000215,2008-08-16 06:52:00,0,Pass,0.041248128,1,Fail,0.01,XGBoost,Out-of-fold
WF-001359,2008-10-06 10:07:00,0,Pass,0.01969177,1,Fail,0.01,XGBoost,Out-of-fold
WF-001195,2008-09-30 13:29:00,0,Pass,0.009689515,0,Pass,0.01,XGBoost,Out-of-fold
WF-000892,2008-09-18 23:00:00,0,Pass,0.017618753,1,Fail,0.01,XGBoost,Out-of-fold
WF-000983,2008-09-21 10:07:00,0,Pass,0.0024199823,0,Pass,0.01,XGBoost,Out-of-fold
WF-001536,2008-10-15 16:24:00,0,Pass,0.0014992387,0,Pass,0.01,XGBoost,Out-of-fold
WF-000686,2008-09-02 13:05:00,0,Pass,0.0046531223,0,Pass,0.01,XGBoost,Out-of-fold
WF-000288,2008-08-19 05:40:00,0,Pass,0.04836872,1,Fail,0.01,XGBoost,Out-of-fold
WF-000385,2008-08-21 22:41:00,0,Pass,0.18002334,1,Fail,0.01,XGBoost,Out-of-fold
WF-000971,2008-09-21 01:06:00,0,Pass,0.19638516,1,Fail,0.01,XGBoost,Out-of-fold
WF-001166,2008-09-28 23:54:00,0,Pass,0.0061352886,0,Pass,0.01,XGBoost,Out-of-fold
WF-001388,2008-10-07 07:41:00,0,Pass,0.0016646341,0,Pass,0.01,XGBoost,Out-of-fold
WF-000797,2008-09-11 23:10:00,0,Pass,0.019139603,1,Fail,0.01,XGBoost,Out-of-fold
WF-001047,2008-09-24 02:19:00,0,Pass,0.017773047,1,Fail,0.01,XGBoost,Out-of-fold
WF-000447,2008-08-24 10:09:00,0,Pass,0.10509713,1,Fail,0.01,XGBoost,Out-of-fold
WF-001116,2008-09-26 20:31:00,0,Pass,0.016069017,1,Fail,0.01,XGBoost,Out-of-fold
WF-000205,2008-08-15 09:38:00,0,Pass,0.0034060727,0,Pass,0.01,XGBoost,Out-of-fold
WF-000576,2008-08-30 09:37:00,0,Pass,0.0037479748,0,Pass,0.01,XGBoost,Out-of-fold
WF-000705,2008-09-02 20:58:00,0,Pass,0.026169954,1,Fail,0.01,XGBoost,Out-of-fold
WF-000186,2008-08-10 12:22:00,0,Pass,0.010531133,1,Fail,0.01,XGBoost,Out-of-fold
WF-000671,2008-09-02 09:36:00,0,Pass,0.01568089,1,Fail,0.01,XGBoost,Out-of-fold
WF-000660,2008-09-02 04:19:00,0,Pass,0.0012723301,0,Pass,0.01,XGBoost,Out-of-fold
WF-000401,2008-08-22 03:58:00,0,Pass,0.022039006,1,Fail,0.01,XGBoost,Out-of-fold
WF-000837,2008-09-14 16:34:00,0,Pass,0.115052745,1,Fail,0.01,XGBoost,Out-of-fold
WF-000159,2008-08-08 12:37:00,1,Fail,0.0055660065,0,Pass,0.01,XGBoost,Out-of-fold
WF-000979,2008-09-21 08:22:00,0,Pass,0.014555148,1,Fail,0.01,XGBoost,Out-of-fold
WF-001045,2008-09-23 21:26:00,0,Pass,0.0021571706,0,Pass,0.01,XGBoost,Out-of-fold
WF-000883,2008-09-18 05:58:00,0,Pass,0.00088715885,0,Pass,0.01,XGBoost,Out-of-fold
WF-000652,2008-09-02 01:50:00,0,Pass,0.0055187945,0,Pass,0.01,XGBoost,Out-of-fold
WF-001090,2008-09-25 19:49:00,0,Pass,0.012474119,1,Fail,0.01,XGBoost,Out-of-fold
WF-001013,2008-09-22 14:24:00,0,Pass,0.0066077886,0,Pass,0.01,XGBoost,Out-of-fold
WF-000825,2008-09-13 10:55:00,0,Pass,0.010437355,1,Fail,0.01,XGBoost,Out-of-fold
WF-000573,2008-08-30 08:42:00,0,Pass,0.052972145,1,Fail,0.01,XGBoost,Out-of-fold
WF-000107,2008-08-05 03:36:00,0,Pass,0.030405253,1,Fail,0.01,XGBoost,Out-of-fold
WF-001506,2008-10-14 19:15:00,0,Pass,0.004928344,0,Pass,0.01,XGBoost,Out-of-fold
WF-001191,2008-09-30 04:01:00,0,Pass,0.27338803,1,Fail,0.01,XGBoost,Out-of-fold
WF-000678,2008-09-02 11:22:00,0,Pass,0.0009876696,0,Pass,0.01,XGBoost,Out-of-fold
WF-000180,2008-08-10 00:46:00,0,Pass,0.023978764,1,Fail,0.01,XGBoost,Out-of-fold
WF-001235,2008-10-02 07:58:00,0,Pass,0.017855141,1,Fail,0.01,XGBoost,Out-of-fold
WF-000057,2008-07-30 12:02:00,0,Pass,0.011322286,1,Fail,0.01,XGBoost,Out-of-fold
WF-000911,2008-09-19 11:54:00,0,Pass,0.009050157,0,Pass,0.01,XGBoost,Out-of-fold
WF-001133,2008-09-27 14:46:00,0,Pass,0.14623941,1,Fail,0.01,XGBoost,Out-of-fold
WF-000728,2008-09-04 14:09:00,0,Pass,0.0032856818,0,Pass,0.01,XGBoost,Out-of-fold
WF-000565,2008-08-30 05:05:00,0,Pass,0.011032966,1,Fail,0.01,XGBoost,Out-of-fold
WF-001231,2008-10-02 04:23:00,0,Pass,0.019035192,1,Fail,0.01,XGBoost,Out-of-fold
WF-000244,2008-08-18 01:23:00,1,Fail,0.5206952,1,Fail,0.01,XGBoost,Out-of-fold
WF-000752,2008-09-08 00:32:00,0,Pass,0.047492698,1,Fail,0.01,XGBoost,Out-of-fold
WF-001555,2008-10-16 04:47:00,0,Pass,0.001849358,0,Pass,0.01,XGBoost,Out-of-fold
WF-000962,2008-09-20 17:26:00,0,Pass,0.0039204448,0,Pass,0.01,XGBoost,Out-of-fold
WF-000050,2008-07-29 17:05:00,1,Fail,0.0544742,1,Fail,0.01,XGBoost,Out-of-fold
WF-000094,2008-08-04 18:24:00,0,Pass,0.0681562,1,Fail,0.01,XGBoost,Out-of-fold
WF-000765,2008-09-08 19:33:00,0,Pass,0.016552059,1,Fail,0.01,XGBoost,Out-of-fold
WF-000662,2008-09-02 05:46:00,0,Pass,0.04261724,1,Fail,0.01,XGBoost,Out-of-fold
WF-001372,2008-10-06 17:26:00,0,Pass,0.0043151737,0,Pass,0.01,XGBoost,Out-of-fold
WF-000060,2008-07-31 13:57:00,0,Pass,0.017072767,1,Fail,0.01,XGBoost,Out-of-fold
WF-001450,2008-10-10 15:33:00,0,Pass,0.0113685345,1,Fail,0.01,XGBoost,Out-of-fold
WF-001105,2008-09-26 14:51:00,0,Pass,0.045036178,1,Fail,0.01,XGBoost,Out-of-fold
WF-001110,2008-09-26 17:59:00,0,Pass,0.0345317,1,Fail,0.01,XGBoost,Out-of-fold
WF-000334,2008-08-20 17:36:00,0,Pass,0.010233503,1,Fail,0.01,XGBoost,Out-of-fold
WF-000695,2008-09-02 16:50:00,0,Pass,0.017748982,1,Fail,0.01,XGBoost,Out-of-fold
WF-000633,2008-09-01 11:40:00,0,Pass,0.015231018,1,Fail,0.01,XGBoost,Out-of-fold
WF-001018,2008-09-22 21:31:00,0,Pass,0.019144988,1,Fail,0.01,XGBoost,Out-of-fold
WF-000194,2008-08-11 11:35:00,0,Pass,0.19562808,1,Fail,0.01,XGBoost,Out-of-fold
WF-000624,2008-09-01 05:32:00,0,Pass,0.0008022969,0,Pass,0.01,XGBoost,Out-of-fold
WF-001327,2008-10-05 16:15:00,0,Pass,0.5821682,1,Fail,0.01,XGBoost,Out-of-fold
WF-000424,2008-08-22 15:54:00,0,Pass,0.1250037,1,Fail,0.01,XGBoost,Out-of-fold
WF-000092,2008-08-04 17:11:00,0,Pass,0.009575251,0,Pass,0.01,XGBoost,Out-of-fold
WF-000729,2008-09-04 14:11:00,0,Pass,0.014589398,1,Fail,0.01,XGBoost,Out-of-fold
WF-000782,2008-09-11 06:04:00,0,Pass,0.00418825,0,Pass,0.01,XGBoost,Out-of-fold
WF-001036,2008-09-23 13:37:00,0,Pass,0.026861541,1,Fail,0.01,XGBoost,Out-of-fold
WF-000160,2008-08-08 20:21:00,0,Pass,0.4131934,1,Fail,0.01,XGBoost,Out-of-fold
WF-000929,2008-09-19 21:14:00,0,Pass,0.0018870834,0,Pass,0.01,XGBoost,Out-of-fold
WF-001385,2008-10-07 03:29:00,0,Pass,0.0053486642,0,Pass,0.01,XGBoost,Out-of-fold
WF-001029,2008-09-23 09:43:00,0,Pass,0.044294976,1,Fail,0.01,XGBoost,Out-of-fold
WF-000991,2008-09-21 15:26:00,0,Pass,0.003721111,0,Pass,0.01,XGBoost,Out-of-fold
WF-000413,2008-08-22 10:01:00,0,Pass,0.15019779,1,Fail,0.01,XGBoost,Out-of-fold
WF-001119,2008-09-27 01:29:00,0,Pass,0.053272136,1,Fail,0.01,XGBoost,Out-of-fold
WF-001265,2008-10-03 03:56:00,0,Pass,0.0043846155,0,Pass,0.01,XGBoost,Out-of-fold
WF-000809,2008-09-12 14:52:00,0,Pass,0.00800927,0,Pass,0.01,XGBoost,Out-of-fold
WF-000074,2008-08-03 14:06:00,0,Pass,0.0982488,1,Fail,0.01,XGBoost,Out-of-fold
WF-000857,2008-09-15 22:54:00,0,Pass,0.010111699,1,Fail,0.01,XGBoost,Out-of-fold
WF-001198,2008-09-30 15:16:00,0,Pass,0.0020159436,0,Pass,0.01,XGBoost,Out-of-fold
WF-000163,2008-08-08 22:06:00,0,Pass,0.047677115,1,Fail,0.01,XGBoost,Out-of-fold
WF-000829,2008-09-13 14:07:00,0,Pass,0.010781327,1,Fail,0.01,XGBoost,Out-of-fold
WF-001318,2008-10-05 10:43:00,0,Pass,0.001820391,0,Pass,0.01,XGBoost,Out-of-fold
WF-000696,2008-09-02 16:54:00,0,Pass,0.019397292,1,Fail,0.01,XGBoost,Out-of-fold
WF-000434,2008-08-23 05:57:00,0,Pass,0.018826995,1,Fail,0.01,XGBoost,Out-of-fold
WF-000511,2008-08-29 05:16:00,0,Pass,0.005682029,0,Pass,0.01,XGBoost,Out-of-fold
WF-001212,2008-10-01 05:56:00,1,Fail,0.019247297,1,Fail,0.01,XGBoost,Out-of-fold
WF-000361,2008-08-21 13:29:00,0,Pass,0.21606383,1,Fail,0.01,XGBoost,Out-of-fold
WF-001170,2008-09-29 04:18:00,0,Pass,0.0041167717,0,Pass,0.01,XGBoost,Out-of-fold
WF-001073,2008-09-25 07:12:00,0,Pass,0.0013893341,0,Pass,0.01,XGBoost,Out-of-fold
WF-001063,2008-09-24 15:05:00,1,Fail,0.022084642,1,Fail,0.01,XGBoost,Out-of-fold
WF-001486,2008-10-13 19:36:00,0,Pass,0.0075819576,0,Pass,0.01,XGBoost,Out-of-fold
WF-001527,2008-10-15 07:55:00,0,Pass,0.0026295383,0,Pass,0.01,XGBoost,Out-of-fold
WF-000552,2008-08-30 00:01:00,0,Pass,0.010687529,1,Fail,0.01,XGBoost,Out-of-fold
WF-000161,2008-08-08 21:22:00,0,Pass,0.011397328,1,Fail,0.01,XGBoost,Out-of-fold
WF-001360,2008-10-06 11:51:00,0,Pass,0.04443777,1,Fail,0.01,XGBoost,Out-of-fold
WF-000862,2008-09-16 08:52:00,0,Pass,0.0019070893,0,Pass,0.01,XGBoost,Out-of-fold
WF-000187,2008-08-10 15:59:00,1,Fail,0.39705274,1,Fail,0.01,XGBoost,Out-of-fold
WF-001140,2008-09-27 20:46:00,0,Pass,0.040303614,1,Fail,0.01,XGBoost,Out-of-fold
WF-000989,2008-09-21 14:33:00,0,Pass,0.007949906,0,Pass,0.01,XGBoost,Out-of-fold
WF-000226,2008-08-17 01:53:00,0,Pass,0.08581574,1,Fail,0.01,XGBoost,Out-of-fold
WF-000689,2008-09-02 13:40:00,0,Pass,0.0014833693,0,Pass,0.01,XGBoost,Out-of-fold
WF-000392,2008-08-22 00:47:00,0,Pass,0.03539206,1,Fail,0.01,XGBoost,Out-of-fold
WF-000039,2008-07-28 06:45:00,1,Fail,0.25828174,1,Fail,0.01,XGBoost,Out-of-fold
WF-000210,2008-08-15 20:00:00,0,Pass,0.23123688,1,Fail,0.01,XGBoost,Out-of-fold
WF-001144,2008-09-28 03:55:00,0,Pass,0.0023437054,0,Pass,0.01,XGBoost,Out-of-fold
WF-001301,2008-10-04 20:39:00,0,Pass,0.021166481,1,Fail,0.01,XGBoost,Out-of-fold
WF-001406,2008-10-07 17:28:00,0,Pass,0.027222631,1,Fail,0.01,XGBoost,Out-of-fold
WF-000242,2008-08-18 00:02:00,1,Fail,0.33693177,1,Fail,0.01,XGBoost,Out-of-fold
WF-000427,2008-08-22 23:47:00,0,Pass,0.0041713812,0,Pass,0.01,XGBoost,Out-of-fold
WF-001259,2008-10-02 23:32:00,0,Pass,0.018799074,1,Fail,0.01,XGBoost,Out-of-fold
WF-001379,2008-10-06 20:47:00,0,Pass,0.049654655,1,Fail,0.01,XGBoost,Out-of-fold
WF-000365,2008-08-21 15:06:00,0,Pass,0.09601621,1,Fail,0.01,XGBoost,Out-of-fold
WF-000872,2008-09-17 04:23:00,1,Fail,0.041122522,1,Fail,0.01,XGBoost,Out-of-fold
WF-001375,2008-10-06 18:55:00,0,Pass,0.06875608,1,Fail,0.01,XGBoost,Out-of-fold
WF-001332,2008-10-05 19:45:00,0,Pass,0.036056183,1,Fail,0.01,XGBoost,Out-of-fold
WF-000508,2008-08-29 03:46:00,0,Pass,0.0017784659,0,Pass,0.01,XGBoost,Out-of-fold
WF-000134,2008-08-06 09:57:00,0,Pass,0.0031887325,0,Pass,0.01,XGBoost,Out-of-fold
WF-001075,2008-09-25 08:45:00,0,Pass,0.010760385,1,Fail,0.01,XGBoost,Out-of-fold
WF-000129,2008-08-06 00:04:00,0,Pass,0.06056789,1,Fail,0.01,XGBoost,Out-of-fold
WF-000712,2008-09-03 04:18:00,0,Pass,0.0013480624,0,Pass,0.01,XGBoost,Out-of-fold
WF-000871,2008-09-17 02:01:00,0,Pass,0.025064679,1,Fail,0.01,XGBoost,Out-of-fold
WF-000151,2008-08-07 08:45:00,0,Pass,0.0035803604,0,Pass,0.01,XGBoost,Out-of-fold
WF-000827,2008-09-13 11:56:00,1,Fail,0.017330935,1,Fail,0.01,XGBoost,Out-of-fold
WF-001114,2008-09-26 19:55:00,0,Pass,0.015109079,1,Fail,0.01,XGBoost,Out-of-fold
WF-000604,2008-08-31 09:11:00,0,Pass,0.11267481,1,Fail,0.01,XGBoost,Out-of-fold
WF-000088,2008-08-04 14:31:00,0,Pass,0.065233275,1,Fail,0.01,XGBoost,Out-of-fold
WF-001543,2008-10-15 22:54:00,0,Pass,0.014776978,1,Fail,0.01,XGBoost,Out-of-fold
WF-000987,2008-09-21 14:30:00,0,Pass,0.0076763392,0,Pass,0.01,XGBoost,Out-of-fold
WF-000089,2008-08-04 15:29:00,0,Pass,0.01392734,1,Fail,0.01,XGBoost,Out-of-fold
WF-000132,2008-08-06 05:40:00,1,Fail,0.08766874,1,Fail,0.01,XGBoost,Out-of-fold
WF-000061,2008-07-31 15:36:00,0,Pass,0.7143483,1,Fail,0.01,XGBoost,Out-of-fold
WF-000371,2008-08-21 17:25:00,0,Pass,0.0037710276,0,Pass,0.01,XGBoost,Out-of-fold
WF-001146,2008-09-28 05:31:00,0,Pass,0.008486101,0,Pass,0.01,XGBoost,Out-of-fold
WF-000994,2008-09-21 17:26:00,0,Pass,0.007755731,0,Pass,0.01,XGBoost,Out-of-fold
WF-001083,2008-09-25 14:28:00,0,Pass,0.03770979,1,Fail,0.01,XGBoost,Out-of-fold
WF-001180,2008-09-29 14:08:00,0,Pass,0.035543956,1,Fail,0.01,XGBoost,Out-of-fold
WF-000491,2008-08-28 18:15:00,0,Pass,0.0065234667,0,Pass,0.01,XGBoost,Out-of-fold
WF-000390,2008-08-22 00:43:00,0,Pass,0.10889298,1,Fail,0.01,XGBoost,Out-of-fold
WF-000067,2008-08-01 10:26:00,0,Pass,0.14416893,1,Fail,0.01,XGBoost,Out-of-fold
WF-000195,2008-08-11 12:38:00,0,Pass,0.06713264,1,Fail,0.01,XGBoost,Out-of-fold
WF-000423,2008-08-22 15:39:00,0,Pass,0.00532427,0,Pass,0.01,XGBoost,Out-of-fold
WF-001348,2008-10-06 06:11:00,0,Pass,0.04221486,1,Fail,0.01,XGBoost,Out-of-fold
WF-001416,2008-10-08 07:10:00,0,Pass,0.003770576,0,Pass,0.01,XGBoost,Out-of-fold
WF-000943,2008-09-20 08:14:00,0,Pass,0.02587538,1,Fail,0.01,XGBoost,Out-of-fold
WF-000958,2008-09-20 15:37:00,0,Pass,0.0053939275,0,Pass,0.01,XGBoost,Out-of-fold
WF-001339,2008-10-06 01:30:00,0,Pass,0.010472252,1,Fail,0.01,XGBoost,Out-of-fold
WF-000439,2008-08-23 12:58:00,0,Pass,0.00065213034,0,Pass,0.01,XGBoost,Out-of-fold
WF-000165,2008-08-09 02:15:00,0,Pass,0.023008808,1,Fail,0.01,XGBoost,Out-of-fold
WF-001039,2008-09-23 15:58:00,0,Pass,0.009129424,0,Pass,0.01,XGBoost,Out-of-fold
WF-001282,2008-10-03 21:52:00,0,Pass,0.031875193,1,Fail,0.01,XGBoost,Out-of-fold
WF-000083,2008-08-04 00:39:00,1,Fail,0.06267199,1,Fail,0.01,XGBoost,Out-of-fold
WF-000419,2008-08-22 12:42:00,0,Pass,0.0036195524,0,Pass,0.01,XGBoost,Out-of-fold
WF-001400,2008-10-07 12:40:00,0,Pass,0.0036728007,0,Pass,0.01,XGBoost,Out-of-fold
WF-000645,2008-09-02 00:26:00,0,Pass,0.014748598,1,Fail,0.01,XGBoost,Out-of-fold
WF-000683,2008-09-02 12:26:00,0,Pass,0.003702696,0,Pass,0.01,XGBoost,Out-of-fold
WF-000136,2008-08-06 13:35:00,0,Pass,0.02830461,1,Fail,0.01,XGBoost,Out-of-fold
WF-000486,2008-08-28 17:21:00,0,Pass,0.007926377,0,Pass,0.01,XGBoost,Out-of-fold
WF-000455,2008-08-27 14:18:00,0,Pass,0.009682312,0,Pass,0.01,XGBoost,Out-of-fold
WF-001197,2008-09-30 14:36:00,0,Pass,0.056913313,1,Fail,0.01,XGBoost,Out-of-fold
WF-000998,2008-09-21 20:35:00,0,Pass,0.0026530116,0,Pass,0.01,XGBoost,Out-of-fold
WF-001496,2008-10-14 00:35:00,0,Pass,0.0036659879,0,Pass,0.01,XGBoost,Out-of-fold
WF-000952,2008-09-20 14:06:00,0,Pass,0.009374634,0,Pass,0.01,XGBoost,Out-of-fold
WF-001150,2008-09-28 08:40:00,0,Pass,0.022559883,1,Fail,0.01,XGBoost,Out-of-fold
WF-001042,2008-09-23 18:56:00,0,Pass,0.05332756,1,Fail,0.01,XGBoost,Out-of-fold
WF-000031,2008-07-27 20:24:00,0,Pass,0.018383281,1,Fail,0.01,XGBoost,Out-of-fold
WF-000248,2008-08-18 05:03:00,0,Pass,0.019925967,1,Fail,0.01,XGBoost,Out-of-fold
WF-000935,2008-09-20 03:58:00,0,Pass,0.025901932,1,Fail,0.01,XGBoost,Out-of-fold
WF-000200,2008-08-12 12:04:00,0,Pass,0.26520973,1,Fail,0.01,XGBoost,Out-of-fold
WF-000295,2008-08-19 07:58:00,1,Fail,0.1044775,1,Fail,0.01,XGBoost,Out-of-fold
WF-000500,2008-08-28 23:40:00,0,Pass,0.71648407,1,Fail,0.01,XGBoost,Out-of-fold
WF-001515,2008-10-15 01:52:00,0,Pass,0.0033491706,0,Pass,0.01,XGBoost,Out-of-fold
WF-000730,2008-09-04 14:48:00,0,Pass,0.0042266957,0,Pass,0.01,XGBoost,Out-of-fold
WF-001390,2008-10-07 08:26:00,0,Pass,0.003931508,0,Pass,0.01,XGBoost,Out-of-fold
WF-000116,2008-08-05 07:12:00,1,Fail,0.33294022,1,Fail,0.01,XGBoost,Out-of-fold
WF-000084,2008-08-04 03:45:00,0,Pass,0.016332442,1,Fail,0.01,XGBoost,Out-of-fold
WF-000260,2008-08-18 12:00:00,0,Pass,0.022708232,1,Fail,0.01,XGBoost,Out-of-fold
WF-000920,2008-09-19 19:29:00,0,Pass,0.0039648456,0,Pass,0.01,XGBoost,Out-of-fold
WF-000693,2008-09-02 15:29:00,0,Pass,0.012384665,1,Fail,0.01,XGBoost,Out-of-fold
WF-000310,2008-08-19 12:30:00,0,Pass,0.0065491726,0,Pass,0.01,XGBoost,Out-of-fold
WF-000563,2008-08-30 04:24:00,0,Pass,0.0012386817,0,Pass,0.01,XGBoost,Out-of-fold
WF-000469,2008-08-28 06:39:00,0,Pass,0.0022114695,0,Pass,0.01,XGBoost,Out-of-fold
WF-000852,2008-09-15 16:59:00,0,Pass,0.00097130303,0,Pass,0.01,XGBoost,Out-of-fold
WF-000201,2008-08-13 02:48:00,0,Pass,0.02423166,1,Fail,0.01,XGBoost,Out-of-fold
WF-000750,2008-09-07 20:50:00,0,Pass,0.0015136992,0,Pass,0.01,XGBoost,Out-of-fold
WF-001229,2008-10-02 03:27:00,0,Pass,0.011944496,1,Fail,0.01,XGBoost,Out-of-fold
WF-000655,2008-09-02 02:50:00,0,Pass,0.0026426318,0,Pass,0.01,XGBoost,Out-of-fold
WF-000416,2008-08-22 11:32:00,0,Pass,0.059662346,1,Fail,0.01,XGBoost,Out-of-fold
WF-001046,2008-09-23 22:25:00,0,Pass,0.0025892893,0,Pass,0.01,XGBoost,Out-of-fold
WF-000889,2008-09-18 18:56:00,0,Pass,0.0011326909,0,Pass,0.01,XGBoost,Out-of-fold
WF-000860,2008-09-16 07:48:00,0,Pass,0.0052459855,0,Pass,0.01,XGBoost,Out-of-fold
WF-001058,2008-09-24 10:59:00,0,Pass,0.0014138577,0,Pass,0.01,XGBoost,Out-of-fold
WF-000036,2008-07-28 03:48:00,0,Pass,0.032787442,1,Fail,0.01,XGBoost,Out-of-fold
WF-001169,2008-09-29 03:50:00,0,Pass,0.025965413,1,Fail,0.01,XGBoost,Out-of-fold
WF-001233,2008-10-02 06:49:00,0,Pass,0.013295808,1,Fail,0.01,XGBoost,Out-of-fold
WF-001456,2008-10-11 02:55:00,0,Pass,0.00583475,0,Pass,0.01,XGBoost,Out-of-fold
WF-001349,2008-10-06 06:26:00,0,Pass,0.011457185,1,Fail,0.01,XGBoost,Out-of-fold
WF-000124,2008-08-05 21:07:00,0,Pass,0.026000923,1,Fail,0.01,XGBoost,Out-of-fold
WF-000213,2008-08-16 02:21:00,0,Pass,0.5179143,1,Fail,0.01,XGBoost,Out-of-fold
WF-001329,2008-10-05 16:49:00,1,Fail,0.13932794,1,Fail,0.01,XGBoost,Out-of-fold
WF-000111,2008-08-05 05:11:00,0,Pass,0.16581273,1,Fail,0.01,XGBoost,Out-of-fold
WF-001344,2008-10-06 03:57:00,1,Fail,0.046654843,1,Fail,0.01,XGBoost,Out-of-fold
WF-001178,2008-09-29 14:03:00,0,Pass,0.0062165363,0,Pass,0.01,XGBoost,Out-of-fold
WF-000261,2008-08-18 12:06:00,0,Pass,0.002551825,0,Pass,0.01,XGBoost,Out-of-fold
WF-000625,2008-09-01 06:12:00,0,Pass,0.00058980414,0,Pass,0.01,XGBoost,Out-of-fold
WF-000614,2008-08-31 21:46:00,0,Pass,0.0014772619,0,Pass,0.01,XGBoost,Out-of-fold
WF-000143,2008-08-06 20:17:00,0,Pass,0.011245929,1,Fail,0.01,XGBoost,Out-of-fold
WF-000076,2008-08-03 15:03:00,0,Pass,0.0051773274,0,Pass,0.01,XGBoost,Out-of-fold
WF-000514,2008-08-29 05:57:00,0,Pass,0.010412268,1,Fail,0.01,XGBoost,Out-of-fold
WF-000373,2008-08-21 18:04:00,0,Pass,0.07017784,1,Fail,0.01,XGBoost,Out-of-fold
WF-001201,2008-09-30 16:50:00,0,Pass,0.008419675,0,Pass,0.01,XGBoost,Out-of-fold
WF-000351,2008-08-21 05:15:00,0,Pass,0.014200721,1,Fail,0.01,XGBoost,Out-of-fold
WF-001193,2008-09-30 08:44:00,0,Pass,0.11789977,1,Fail,0.01,XGBoost,Out-of-fold
WF-000539,2008-08-29 14:30:00,0,Pass,0.24624799,1,Fail,0.01,XGBoost,Out-of-fold
WF-000692,2008-09-02 14:34:00,0,Pass,0.0029929697,0,Pass,0.01,XGBoost,Out-of-fold
WF-001252,2008-10-02 19:21:00,0,Pass,0.005964152,0,Pass,0.01,XGBoost,Out-of-fold
WF-001309,2008-10-05 04:48:00,0,Pass,0.0031522077,0,Pass,0.01,XGBoost,Out-of-fold
WF-001535,2008-10-15 15:11:00,0,Pass,0.0012557517,0,Pass,0.01,XGBoost,Out-of-fold
WF-000404,2008-08-22 05:21:00,0,Pass,0.011364275,1,Fail,0.01,XGBoost,Out-of-fold
WF-001533,2008-10-15 13:16:00,0,Pass,0.0049360576,0,Pass,0.01,XGBoost,Out-of-fold
WF-000839,2008-09-14 18:27:00,0,Pass,0.029409455,1,Fail,0.01,XGBoost,Out-of-fold
WF-000880,2008-09-18 03:58:00,0,Pass,0.006001408,0,Pass,0.01,XGBoost,Out-of-fold
WF-001070,2008-09-25 01:05:00,0,Pass,0.011327582,1,Fail,0.01,XGBoost,Out-of-fold
WF-000158,2008-08-08 08:44:00,1,Fail,0.008909964,0,Pass,0.01,XGBoost,Out-of-fold
WF-000561,2008-08-30 03:10:00,0,Pass,0.00042218357,0,Pass,0.01,XGBoost,Out-of-fold
WF-001268,2008-10-03 05:45:00,0,Pass,0.04712721,1,Fail,0.01,XGBoost,Out-of-fold
WF-000280,2008-08-18 23:03:00,0,Pass,0.03922897,1,Fail,0.01,XGBoost,Out-of-fold
WF-001424,2008-10-08 13:38:00,0,Pass,0.005350199,0,Pass,0.01,XGBoost,Out-of-fold
WF-000816,2008-09-12 21:12:00,0,Pass,0.0033420904,0,Pass,0.01,XGBoost,Out-of-fold
WF-001010,2008-09-22 12:11:00,0,Pass,0.0016974735,0,Pass,0.01,XGBoost,Out-of-fold
WF-001208,2008-09-30 23:58:00,0,Pass,0.017766297,1,Fail,0.01,XGBoost,Out-of-fold
WF-000798,2008-09-11 23:48:00,1,Fail,0.004338617,0,Pass,0.01,XGBoost,Out-of-fold
WF-000287,2008-08-19 05:11:00,0,Pass,0.0027107848,0,Pass,0.01,XGBoost,Out-of-fold
WF-000956,2008-09-20 15:02:00,0,Pass,0.009652546,0,Pass,0.01,XGBoost,Out-of-fold
WF-000098,2008-08-04 21:43:00,0,Pass,0.035406765,1,Fail,0.01,XGBoost,Out-of-fold
WF-001064,2008-09-24 15:39:00,0,Pass,0.009526984,0,Pass,0.01,XGBoost,Out-of-fold
WF-000788,2008-09-11 13:36:00,0,Pass,0.027911244,1,Fail,0.01,XGBoost,Out-of-fold
WF-000316,2008-08-19 19:38:00,0,Pass,0.009036414,0,Pass,0.01,XGBoost,Out-of-fold
WF-000481,2008-08-28 14:48:00,0,Pass,0.0036515412,0,Pass,0.01,XGBoost,Out-of-fold
WF-000262,2008-08-18 12:22:00,0,Pass,0.36508662,1,Fail,0.01,XGBoost,Out-of-fold
WF-000558,2008-08-30 02:32:00,0,Pass,0.004024922,0,Pass,0.01,XGBoost,Out-of-fold
WF-001027,2008-09-23 07:58:00,0,Pass,0.06890926,1,Fail,0.01,XGBoost,Out-of-fold
WF-001343,2008-10-06 03:50:00,1,Fail,0.006868499,0,Pass,0.01,XGBoost,Out-of-fold
WF-000352,2008-08-21 06:10:00,1,Fail,0.04477608,1,Fail,0.01,XGBoost,Out-of-fold
WF-001528,2008-10-15 08:21:00,0,Pass,0.0044338703,0,Pass,0.01,XGBoost,Out-of-fold
WF-000601,2008-08-31 02:57:00,0,Pass,0.0071292655,0,Pass,0.01,XGBoost,Out-of-fold
WF-000044,2008-07-29 05:16:00,0,Pass,0.04267734,1,Fail,0.01,XGBoost,Out-of-fold
WF-001435,2008-10-08 22:08:00,0,Pass,0.027814623,1,Fail,0.01,XGBoost,Out-of-fold
WF-000112,2008-08-05 06:10:00,0,Pass,0.022023281,1,Fail,0.01,XGBoost,Out-of-fold
WF-001118,2008-09-27 00:17:00,0,Pass,0.011457741,1,Fail,0.01,XGBoost,Out-of-fold
WF-000266,2008-08-18 14:04:00,0,Pass,0.008395727,0,Pass,0.01,XGBoost,Out-of-fold
WF-000006,2008-07-19 17:53:00,0,Pass,0.06176475,1,Fail,0.01,XGBoost,Out-of-fold
WF-000294,2008-08-19 07:43:00,0,Pass,0.06630044,1,Fail,0.01,XGBoost,Out-of-fold
WF-000133,2008-08-06 09:56:00,0,Pass,0.054569617,1,Fail,0.01,XGBoost,Out-of-fold
WF-000023,2008-07-23 19:22:00,0,Pass,0.030397443,1,Fail,0.01,XGBoost,Out-of-fold
WF-001136,2008-09-27 16:13:00,0,Pass,0.02695288,1,Fail,0.01,XGBoost,Out-of-fold
WF-000760,2008-09-08 07:41:00,0,Pass,0.0054774247,0,Pass,0.01,XGBoost,Out-of-fold
WF-001444,2008-10-09 15:55:00,1,Fail,0.01811837,1,Fail,0.01,XGBoost,Out-of-fold
WF-001211,2008-10-01 02:53:00,0,Pass,0.1166957,1,Fail,0.01,XGBoost,Out-of-fold
WF-000661,2008-09-02 04:22:00,0,Pass,0.015583706,1,Fail,0.01,XGBoost,Out-of-fold
WF-000919,2008-09-19 19:18:00,0,Pass,0.006067726,0,Pass,0.01,XGBoost,Out-of-fold
WF-001547,2008-10-16 02:16:00,0,Pass,0.0025940803,0,Pass,0.01,XGBoost,Out-of-fold
WF-000363,2008-08-21 14:47:00,0,Pass,0.02036169,1,Fail,0.01,XGBoost,Out-of-fold
WF-000703,2008-09-02 20:18:00,0,Pass,0.015609689,1,Fail,0.01,XGBoost,Out-of-fold
WF-000884,2008-09-18 08:04:00,0,Pass,0.0040190867,0,Pass,0.01,XGBoost,Out-of-fold
WF-001085,2008-09-25 15:40:00,0,Pass,0.031586654,1,Fail,0.01,XGBoost,Out-of-fold
WF-000285,2008-08-19 05:09:00,0,Pass,0.042740393,1,Fail,0.01,XGBoost,Out-of-fold
WF-000664,2008-09-02 06:19:00,0,Pass,0.0008697187,0,Pass,0.01,XGBoost,Out-of-fold
WF-000414,2008-08-22 10:18:00,0,Pass,0.0011847848,0,Pass,0.01,XGBoost,Out-of-fold
WF-000876,2008-09-18 00:57:00,0,Pass,0.0041479175,0,Pass,0.01,XGBoost,Out-of-fold
WF-000224,2008-08-16 23:48:00,0,Pass,0.033514816,1,Fail,0.01,XGBoost,Out-of-fold
WF-000489,2008-08-28 18:05:00,0,Pass,0.0027361354,0,Pass,0.01,XGBoost,Out-of-fold
WF-000688,2008-09-02 13:27:00,0,Pass,0.0049044606,0,Pass,0.01,XGBoost,Out-of-fold
WF-000081,2008-08-03 20:23:00,0,Pass,0.028466277,1,Fail,0.01,XGBoost,Out-of-fold
WF-001122,2008-09-27 10:13:00,0,Pass,0.010130718,1,Fail,0.01,XGBoost,Out-of-fold
WF-001311,2008-10-05 05:53:00,0,Pass,0.0010263348,0,Pass,0.01,XGBoost,Out-of-fold
WF-000815,2008-09-12 20:28:00,0,Pass,0.0035140421,0,Pass,0.01,XGBoost,Out-of-fold
WF-001203,2008-09-30 19:17:00,0,Pass,0.01456437,1,Fail,0.01,XGBoost,Out-of-fold
WF-001407,2008-10-07 18:39:00,0,Pass,0.018479273,1,Fail,0.01,XGBoost,Out-of-fold
WF-001171,2008-09-29 04:47:00,0,Pass,0.041588936,1,Fail,0.01,XGBoost,Out-of-fold
WF-000452,2008-08-27 11:38:00,0,Pass,0.014458618,1,Fail,0.01,XGBoost,Out-of-fold
WF-000198,2008-08-12 10:54:00,0,Pass,0.019253694,1,Fail,0.01,XGBoost,Out-of-fold
WF-000422,2008-08-22 15:25:00,0,Pass,0.010861833,1,Fail,0.01,XGBoost,Out-of-fold
WF-001026,2008-09-23 06:52:00,0,Pass,0.024722679,1,Fail,0.01,XGBoost,Out-of-fold
WF-000428,2008-08-22 23:49:00,0,Pass,0.015935842,1,Fail,0.01,XGBoost,Out-of-fold
WF-000480,2008-08-28 12:44:00,0,Pass,0.00787275,0,Pass,0.01,XGBoost,Out-of-fold
WF-000323,2008-08-20 03:00:00,0,Pass,0.010053939,1,Fail,0.01,XGBoost,Out-of-fold
WF-001022,2008-09-22 23:10:00,0,Pass,0.0020742686,0,Pass,0.01,XGBoost,Out-of-fold
WF-000804,2008-09-12 07:21:00,0,Pass,0.004807156,0,Pass,0.01,XGBoost,Out-of-fold
WF-000096,2008-08-04 20:32:00,0,Pass,0.14765383,1,Fail,0.01,XGBoost,Out-of-fold
WF-001210,2008-10-01 01:11:00,0,Pass,0.061150465,1,Fail,0.01,XGBoost,Out-of-fold
WF-001459,2008-10-11 07:39:00,0,Pass,0.33176118,1,Fail,0.01,XGBoost,Out-of-fold
WF-000162,2008-08-08 21:53:00,0,Pass,0.6667008,1,Fail,0.01,XGBoost,Out-of-fold
WF-000333,2008-08-20 17:35:00,0,Pass,0.0017536074,0,Pass,0.01,XGBoost,Out-of-fold
WF-000596,2008-08-30 19:27:00,0,Pass,0.003728049,0,Pass,0.01,XGBoost,Out-of-fold
WF-000222,2008-08-16 15:16:00,0,Pass,0.036323808,1,Fail,0.01,XGBoost,Out-of-fold
WF-000369,2008-08-21 16:19:00,1,Fail,0.0943193,1,Fail,0.01,XGBoost,Out-of-fold
WF-000144,2008-08-06 21:15:00,0,Pass,0.11656826,1,Fail,0.01,XGBoost,Out-of-fold
WF-000218,2008-08-16 08:41:00,0,Pass,0.0061665834,0,Pass,0.01,XGBoost,Out-of-fold
WF-000485,2008-08-28 16:52:00,0,Pass,0.013236205,1,Fail,0.01,XGBoost,Out-of-fold
WF-000470,2008-08-28 06:56:00,0,Pass,0.005541221,0,Pass,0.01,XGBoost,Out-of-fold
WF-001394,2008-10-07 10:04:00,0,Pass,0.004204286,0,Pass,0.01,XGBoost,Out-of-fold
WF-001563,2008-10-16 15:13:00,0,Pass,0.0010669931,0,Pass,0.01,XGBoost,Out-of-fold
WF-000473,2008-08-28 08:41:00,0,Pass,0.0024353375,0,Pass,0.01,XGBoost,Out-of-fold
WF-000011,2008-07-19 21:57:00,1,Fail,0.15579408,1,Fail,0.01,XGBoost,Out-of-fold
WF-000016,2008-07-22 00:03:00,0,Pass,0.25976366,1,Fail,0.01,XGBoost,Out-of-fold
WF-001481,2008-10-13 14:55:00,0,Pass,0.0007808023,0,Pass,0.01,XGBoost,Out-of-fold
WF-000567,2008-08-30 05:38:00,0,Pass,0.0014246093,0,Pass,0.01,XGBoost,Out-of-fold
WF-000691,2008-09-02 14:21:00,0,Pass,0.004949193,0,Pass,0.01,XGBoost,Out-of-fold
WF-000663,2008-09-02 06:03:00,0,Pass,0.0021959194,0,Pass,0.01,XGBoost,Out-of-fold
WF-000221,2008-08-16 14:30:00,0,Pass,0.045094416,1,Fail,0.01,XGBoost,Out-of-fold
WF-000718,2008-09-03 18:16:00,0,Pass,0.007853972,0,Pass,0.01,XGBoost,Out-of-fold
WF-000959,2008-09-20 15:46:00,0,Pass,0.009764631,0,Pass,0.01,XGBoost,Out-of-fold
WF-001550,2008-10-16 02:55:00,0,Pass,0.00672951,0,Pass,0.01,XGBoost,Out-of-fold
WF-000685,2008-09-02 12:44:00,0,Pass,0.016808178,1,Fail,0.01,XGBoost,Out-of-fold
WF-001089,2008-09-25 17:29:00,0,Pass,0.043954413,1,Fail,0.01,XGBoost,Out-of-fold
WF-001303,2008-10-04 23:18:00,1,Fail,0.03836982,1,Fail,0.01,XGBoost,Out-of-fold
WF-001111,2008-09-26 18:54:00,0,Pass,0.054775234,1,Fail,0.01,XGBoost,Out-of-fold
WF-001187,2008-09-29 22:13:00,0,Pass,0.008215309,0,Pass,0.01,XGBoost,Out-of-fold
WF-000408,2008-08-22 07:04:00,0,Pass,0.0011955559,0,Pass,0.01,XGBoost,Out-of-fold
WF-001031,2008-09-23 11:42:00,0,Pass,0.062446907,1,Fail,0.01,XGBoost,Out-of-fold
WF-000463,2008-08-28 03:45:00,0,Pass,0.007317488,0,Pass,0.01,XGBoost,Out-of-fold
WF-001242,2008-10-02 14:07:00,1,Fail,0.01471337,1,Fail,0.01,XGBoost,Out-of-fold
WF-001384,2008-10-07 01:46:00,0,Pass,0.0048445566,0,Pass,0.01,XGBoost,Out-of-fold
WF-001057,2008-09-24 10:53:00,0,Pass,0.0025470087,0,Pass,0.01,XGBoost,Out-of-fold
WF-000254,2008-08-18 07:23:00,0,Pass,0.029647268,1,Fail,0.01,XGBoost,Out-of-fold
WF-000425,2008-08-22 19:14:00,1,Fail,0.031639617,1,Fail,0.01,XGBoost,Out-of-fold
WF-000621,2008-09-01 00:45:00,0,Pass,0.0026095742,0,Pass,0.01,XGBoost,Out-of-fold
WF-000626,2008-09-01 06:21:00,0,Pass,0.01624313,1,Fail,0.01,XGBoost,Out-of-fold
WF-000840,2008-09-14 18:27:00,0,Pass,0.0052485866,0,Pass,0.01,XGBoost,Out-of-fold
WF-000721,2008-09-03 20:10:00,0,Pass,0.00059281674,0,Pass,0.01,XGBoost,Out-of-fold
WF-001401,2008-10-07 13:10:00,1,Fail,0.054690674,1,Fail,0.01,XGBoost,Out-of-fold
WF-001040,2008-09-23 18:10:00,0,Pass,0.007581208,0,Pass,0.01,XGBoost,Out-of-fold
WF-000504,2008-08-29 02:38:00,0,Pass,0.01128569,1,Fail,0.01,XGBoost,Out-of-fold
WF-000925,2008-09-19 20:19:00,1,Fail,0.036708944,1,Fail,0.01,XGBoost,Out-of-fold
WF-001065,2008-09-24 15:42:00,0,Pass,0.006442524,0,Pass,0.01,XGBoost,Out-of-fold
WF-001094,2008-09-26 00:19:00,0,Pass,0.00445532,0,Pass,0.01,XGBoost,Out-of-fold
WF-001561,2008-10-16 05:58:00,0,Pass,0.0005092953,0,Pass,0.01,XGBoost,Out-of-fold
WF-000814,2008-09-12 19:36:00,0,Pass,0.003935931,0,Pass,0.01,XGBoost,Out-of-fold
WF-001402,2008-10-07 13:48:00,0,Pass,0.007501711,0,Pass,0.01,XGBoost,Out-of-fold
WF-001183,2008-09-29 16:27:00,0,Pass,0.0045141918,0,Pass,0.01,XGBoost,Out-of-fold
WF-000753,2008-09-08 00:40:00,0,Pass,0.05014129,1,Fail,0.01,XGBoost,Out-of-fold
WF-001051,2008-09-24 05:13:00,0,Pass,0.0034896568,0,Pass,0.01,XGBoost,Out-of-fold
WF-001158,2008-09-28 18:43:00,0,Pass,0.010214274,1,Fail,0.01,XGBoost,Out-of-fold
WF-000140,2008-08-06 19:13:00,0,Pass,0.084152944,1,Fail,0.01,XGBoost,Out-of-fold
WF-001336,2008-10-06 00:41:00,0,Pass,0.0016070191,0,Pass,0.01,XGBoost,Out-of-fold
WF-000582,2008-08-30 11:18:00,0,Pass,0.021077545,1,Fail,0.01,XGBoost,Out-of-fold
WF-000381,2008-08-21 20:21:00,0,Pass,0.20781288,1,Fail,0.01,XGBoost,Out-of-fold
WF-001428,2008-10-08 17:14:00,0,Pass,0.14658205,1,Fail,0.01,XGBoost,Out-of-fold
WF-001293,2008-10-04 15:16:00,0,Pass,0.15861554,1,Fail,0.01,XGBoost,Out-of-fold
WF-000717,2008-09-03 17:22:00,0,Pass,0.009057387,0,Pass,0.01,XGBoost,Out-of-fold
WF-000479,2008-08-28 11:19:00,0,Pass,0.0057620956,0,Pass,0.01,XGBoost,Out-of-fold
WF-000961,2008-09-20 16:44:00,0,Pass,0.0009851716,0,Pass,0.01,XGBoost,Out-of-fold
WF-000120,2008-08-05 14:17:00,0,Pass,0.15803543,1,Fail,0.01,XGBoost,Out-of-fold
WF-000022,2008-07-23 05:15:00,0,Pass,0.021327654,1,Fail,0.01,XGBoost,Out-of-fold
WF-000193,2008-08-11 05:15:00,0,Pass,0.18360677,1,Fail,0.01,XGBoost,Out-of-fold
WF-000330,2008-08-20 16:08:00,0,Pass,0.009594167,0,Pass,0.01,XGBoost,Out-of-fold
WF-000488,2008-08-28 17:32:00,0,Pass,0.00797769,0,Pass,0.01,XGBoost,Out-of-fold
WF-001305,2008-10-05 00:33:00,0,Pass,0.13068695,1,Fail,0.01,XGBoost,Out-of-fold
WF-001241,2008-10-02 10:03:00,0,Pass,0.14180714,1,Fail,0.01,XGBoost,Out-of-fold
WF-000535,2008-08-29 13:27:00,0,Pass,0.22439104,1,Fail,0.01,XGBoost,Out-of-fold
WF-001537,2008-10-15 17:19:00,0,Pass,0.005156711,0,Pass,0.01,XGBoost,Out-of-fold
WF-000537,2008-08-29 14:11:00,0,Pass,0.0051788823,0,Pass,0.01,XGBoost,Out-of-fold
WF-000976,2008-09-21 04:49:00,0,Pass,0.0005395596,0,Pass,0.01,XGBoost,Out-of-fold
WF-000697,2008-09-02 16:58:00,0,Pass,0.008204706,0,Pass,0.01,XGBoost,Out-of-fold
WF-001225,2008-10-01 23:34:00,0,Pass,0.015598057,1,Fail,0.01,XGBoost,Out-of-fold
WF-000823,2008-09-13 03:14:00,0,Pass,0.005940599,0,Pass,0.01,XGBoost,Out-of-fold
WF-000687,2008-09-02 13:08:00,0,Pass,0.021099485,1,Fail,0.01,XGBoost,Out-of-fold
WF-001277,2008-10-03 20:11:00,0,Pass,0.0057262573,0,Pass,0.01,XGBoost,Out-of-fold
WF-000996,2008-09-21 18:12:00,0,Pass,0.00717661,0,Pass,0.01,XGBoost,Out-of-fold
WF-000761,2008-09-08 18:46:00,0,Pass,0.033351317,1,Fail,0.01,XGBoost,Out-of-fold
WF-000512,2008-08-29 05:54:00,0,Pass,0.016578915,1,Fail,0.01,XGBoost,Out-of-fold
WF-000556,2008-08-30 02:08:00,0,Pass,0.011171487,1,Fail,0.01,XGBoost,Out-of-fold
WF-001558,2008-10-16 05:08:00,0,Pass,0.005333432,0,Pass,0.01,XGBoost,Out-of-fold
WF-001007,2008-09-22 07:12:00,0,Pass,0.0015028536,0,Pass,0.01,XGBoost,Out-of-fold
WF-001023,2008-09-23 00:57:00,0,Pass,0.005343887,0,Pass,0.01,XGBoost,Out-of-fold
WF-001134,2008-09-27 15:09:00,0,Pass,0.018218495,1,Fail,0.01,XGBoost,Out-of-fold
WF-001078,2008-09-25 11:08:00,0,Pass,0.0044650235,0,Pass,0.01,XGBoost,Out-of-fold
WF-000467,2008-08-28 05:00:00,0,Pass,0.020023085,1,Fail,0.01,XGBoost,Out-of-fold
WF-000035,2008-07-28 03:31:00,0,Pass,0.08992564,1,Fail,0.01,XGBoost,Out-of-fold
WF-000038,2008-07-28 05:36:00,0,Pass,0.019122275,1,Fail,0.01,XGBoost,Out-of-fold
WF-000276,2008-08-18 17:37:00,0,Pass,0.2989209,1,Fail,0.01,XGBoost,Out-of-fold
WF-000773,2008-09-10 07:26:00,0,Pass,0.0062293634,0,Pass,0.01,XGBoost,Out-of-fold
WF-000789,2008-09-11 14:20:00,0,Pass,0.005368055,0,Pass,0.01,XGBoost,Out-of-fold
WF-001519,2008-10-15 02:40:00,0,Pass,0.0067828447,0,Pass,0.01,XGBoost,Out-of-fold
WF-001548,2008-10-16 02:17:00,0,Pass,0.0029711963,0,Pass,0.01,XGBoost,Out-of-fold
WF-000223,2008-08-16 15:19:00,1,Fail,0.03462459,1,Fail,0.01,XGBoost,Out-of-fold
WF-000711,2008-09-03 01:32:00,0,Pass,0.0061080703,0,Pass,0.01,XGBoost,Out-of-fold
WF-001445,2008-10-09 15:56:00,0,Pass,0.0018402736,0,Pass,0.01,XGBoost,Out-of-fold
WF-000907,2008-09-19 09:12:00,0,Pass,0.0070579485,0,Pass,0.01,XGBoost,Out-of-fold
WF-001060,2008-09-24 12:04:00,0,Pass,0.047115024,1,Fail,0.01,XGBoost,Out-of-fold
WF-001554,2008-10-16 04:04:00,0,Pass,0.0016651183,0,Pass,0.01,XGBoost,Out-of-fold
WF-001113,2008-09-26 19:45:00,0,Pass,0.0015403903,0,Pass,0.01,XGBoost,Out-of-fold
WF-001003,2008-09-22 00:47:00,0,Pass,0.002174752,0,Pass,0.01,XGBoost,Out-of-fold
WF-000649,2008-09-02 01:10:00,0,Pass,0.019436995,1,Fail,0.01,XGBoost,Out-of-fold
WF-000405,2008-08-22 05:31:00,0,Pass,0.003376731,0,Pass,0.01,XGBoost,Out-of-fold
WF-000891,2008-09-18 21:56:00,0,Pass,0.0025502888,0,Pass,0.01,XGBoost,Out-of-fold
WF-000946,2008-09-20 12:20:00,0,Pass,0.0006812247,0,Pass,0.01,XGBoost,Out-of-fold
WF-001263,2008-10-03 02:41:00,0,Pass,0.04303396,1,Fail,0.01,XGBoost,Out-of-fold
WF-000620,2008-09-01 00:39:00,0,Pass,0.020900378,1,Fail,0.01,XGBoost,Out-of-fold
WF-000820,2008-09-12 23:40:00,0,Pass,0.0032730899,0,Pass,0.01,XGBoost,Out-of-fold
WF-001426,2008-10-08 15:37:00,0,Pass,0.009838413,0,Pass,0.01,XGBoost,Out-of-fold
WF-001461,2008-10-11 08:27:00,0,Pass,0.06887239,1,Fail,0.01,XGBoost,Out-of-fold
WF-001062,2008-09-24 13:01:00,0,Pass,0.0103973085,1,Fail,0.01,XGBoost,Out-of-fold
WF-001086,2008-09-25 15:55:00,0,Pass,0.02092872,1,Fail,0.01,XGBoost,Out-of-fold
WF-001341,2008-10-06 02:49:00,0,Pass,0.017563533,1,Fail,0.01,XGBoost,Out-of-fold
WF-000882,2008-09-18 05:44:00,0,Pass,0.0043064505,0,Pass,0.01,XGBoost,Out-of-fold
WF-001048,2008-09-24 02:44:00,0,Pass,0.011435058,1,Fail,0.01,XGBoost,Out-of-fold
WF-000533,2008-08-29 13:04:00,0,Pass,0.009987124,0,Pass,0.01,XGBoost,Out-of-fold
WF-000429,2008-08-22 23:56:00,0,Pass,0.004268587,0,Pass,0.01,XGBoost,Out-of-fold
WF-001405,2008-10-07 17:06:00,0,Pass,0.0016308592,0,Pass,0.01,XGBoost,Out-of-fold
WF-000658,2008-09-02 03:35:00,0,Pass,0.008260216,0,Pass,0.01,XGBoost,Out-of-fold
WF-000606,2008-08-31 10:59:00,1,Fail,0.020876173,1,Fail,0.01,XGBoost,Out-of-fold
WF-001194,2008-09-30 12:31:00,0,Pass,0.002271546,0,Pass,0.01,XGBoost,Out-of-fold
WF-000723,2008-09-04 08:22:00,0,Pass,0.001812231,0,Pass,0.01,XGBoost,Out-of-fold
WF-000189,2008-08-10 20:07:00,1,Fail,0.5238281,1,Fail,0.01,XGBoost,Out-of-fold
WF-001257,2008-10-02 22:23:00,0,Pass,0.029236384,1,Fail,0.01,XGBoost,Out-of-fold
WF-000654,2008-09-02 02:11:00,0,Pass,0.0193249,1,Fail,0.01,XGBoost,Out-of-fold
WF-001497,2008-10-14 03:21:00,0,Pass,0.004913391,0,Pass,0.01,XGBoost,Out-of-fold
WF-000673,2008-09-02 10:13:00,0,Pass,0.012061931,1,Fail,0.01,XGBoost,Out-of-fold
WF-001286,2008-10-04 00:58:00,0,Pass,0.009020075,0,Pass,0.01,XGBoost,Out-of-fold
WF-001470,2008-10-12 03:21:00,0,Pass,0.026929297,1,Fail,0.01,XGBoost,Out-of-fold
WF-000846,2008-09-14 23:00:00,0,Pass,0.036369663,1,Fail,0.01,XGBoost,Out-of-fold
WF-000252,2008-08-18 06:26:00,0,Pass,0.038862597,1,Fail,0.01,XGBoost,Out-of-fold
WF-000977,2008-09-21 07:30:00,0,Pass,0.0027476612,0,Pass,0.01,XGBoost,Out-of-fold
WF-000541,2008-08-29 15:43:00,0,Pass,0.02224513,1,Fail,0.01,XGBoost,Out-of-fold
WF-001228,2008-10-02 03:17:00,1,Fail,0.003866896,0,Pass,0.01,XGBoost,Out-of-fold
WF-000349,2008-08-21 04:29:00,0,Pass,0.016420882,1,Fail,0.01,XGBoost,Out-of-fold
WF-000430,2008-08-23 02:04:00,0,Pass,0.013494892,1,Fail,0.01,XGBoost,Out-of-fold
WF-000710,2008-09-03 01:15:00,1,Fail,0.08348548,1,Fail,0.01,XGBoost,Out-of-fold
WF-000742,2008-09-07 12:20:00,0,Pass,0.014494824,1,Fail,0.01,XGBoost,Out-of-fold
WF-001102,2008-09-26 13:36:00,0,Pass,0.02230385,1,Fail,0.01,XGBoost,Out-of-fold
WF-000178,2008-08-09 23:34:00,0,Pass,0.08433844,1,Fail,0.01,XGBoost,Out-of-fold
WF-001417,2008-10-08 07:13:00,0,Pass,0.0011140391,0,Pass,0.01,XGBoost,Out-of-fold
WF-001504,2008-10-14 14:43:00,0,Pass,0.007868889,0,Pass,0.01,XGBoost,Out-of-fold
WF-000432,2008-08-23 04:50:00,0,Pass,0.01889416,1,Fail,0.01,XGBoost,Out-of-fold
WF-000448,2008-08-24 10:14:00,0,Pass,0.23172848,1,Fail,0.01,XGBoost,Out-of-fold
WF-000192,2008-08-11 04:09:00,0,Pass,0.08069992,1,Fail,0.01,XGBoost,Out-of-fold
WF-001326,2008-10-05 15:35:00,1,Fail,0.11585495,1,Fail,0.01,XGBoost,Out-of-fold
WF-001389,2008-10-07 08:25:00,0,Pass,0.018674202,1,Fail,0.01,XGBoost,Out-of-fold
WF-000864,2008-09-16 17:07:00,0,Pass,0.007348901,0,Pass,0.01,XGBoost,Out-of-fold
WF-000402,2008-08-22 04:40:00,0,Pass,0.01370722,1,Fail,0.01,XGBoost,Out-of-fold
WF-000775,2008-09-10 20:52:00,0,Pass,0.08257863,1,Fail,0.01,XGBoost,Out-of-fold
WF-000595,2008-08-30 19:21:00,0,Pass,0.005937826,0,Pass,0.01,XGBoost,Out-of-fold
WF-000647,2008-09-02 00:46:00,0,Pass,0.0009860008,0,Pass,0.01,XGBoost,Out-of-fold
WF-000394,2008-08-22 01:26:00,0,Pass,0.10139562,1,Fail,0.01,XGBoost,Out-of-fold
WF-000748,2008-09-07 19:31:00,0,Pass,0.0013698308,0,Pass,0.01,XGBoost,Out-of-fold
WF-000202,2008-08-15 03:26:00,0,Pass,0.0069080275,0,Pass,0.01,XGBoost,Out-of-fold
WF-000444,2008-08-24 04:00:00,0,Pass,0.0031400586,0,Pass,0.01,XGBoost,Out-of-fold
WF-000421,2008-08-22 14:45:00,0,Pass,0.013490463,1,Fail,0.01,XGBoost,Out-of-fold
WF-000306,2008-08-19 11:44:00,0,Pass,0.06549433,1,Fail,0.01,XGBoost,Out-of-fold
WF-001087,2008-09-25 16:44:00,0,Pass,0.0023346217,0,Pass,0.01,XGBoost,Out-of-fold
WF-001186,2008-09-29 21:48:00,1,Fail,0.0015900969,0,Pass,0.01,XGBoost,Out-of-fold
WF-001560,2008-10-16 05:44:00,0,Pass,0.0011693621,0,Pass,0.01,XGBoost,Out-of-fold
WF-001512,2008-10-15 00:03:00,0,Pass,0.0006993278,0,Pass,0.01,XGBoost,Out-of-fold
WF-000861,2008-09-16 08:50:00,0,Pass,0.009855127,0,Pass,0.01,XGBoost,Out-of-fold
WF-000930,2008-09-19 21:59:00,1,Fail,0.033432227,1,Fail,0.01,XGBoost,Out-of-fold
WF-001244,2008-10-02 14:54:00,0,Pass,0.016752964,1,Fail,0.01,XGBoost,Out-of-fold
WF-001347,2008-10-06 05:24:00,0,Pass,0.043577716,1,Fail,0.01,XGBoost,Out-of-fold
WF-000858,2008-09-15 23:37:00,0,Pass,0.0026463668,0,Pass,0.01,XGBoost,Out-of-fold
WF-001097,2008-09-26 03:12:00,0,Pass,0.0114867585,1,Fail,0.01,XGBoost,Out-of-fold
WF-001364,2008-10-06 13:38:00,1,Fail,0.025181206,1,Fail,0.01,XGBoost,Out-of-fold
WF-001532,2008-10-15 13:14:00,0,Pass,0.031648144,1,Fail,0.01,XGBoost,Out-of-fold
WF-001324,2008-10-05 14:34:00,0,Pass,0.02677608,1,Fail,0.01,XGBoost,Out-of-fold
WF-000454,2008-08-27 13:35:00,0,Pass,0.03198653,1,Fail,0.01,XGBoost,Out-of-fold
WF-000406,2008-08-22 05:32:00,0,Pass,0.0031810892,0,Pass,0.01,XGBoost,Out-of-fold
WF-000312,2008-08-19 18:12:00,0,Pass,0.003088143,0,Pass,0.01,XGBoost,Out-of-fold
WF-000830,2008-09-13 16:04:00,0,Pass,0.0044983095,0,Pass,0.01,XGBoost,Out-of-fold
WF-000811,2008-09-12 16:23:00,0,Pass,0.021417744,1,Fail,0.01,XGBoost,Out-of-fold
WF-000790,2008-09-11 14:24:00,0,Pass,0.018941673,1,Fail,0.01,XGBoost,Out-of-fold
WF-000965,2008-09-20 18:21:00,0,Pass,0.0015423013,0,Pass,0.01,XGBoost,Out-of-fold
WF-001370,2008-10-06 16:50:00,0,Pass,0.016414946,1,Fail,0.01,XGBoost,Out-of-fold
WF-000377,2008-08-21 19:12:00,0,Pass,0.0013490005,0,Pass,0.01,XGBoost,Out-of-fold
WF-000033,2008-07-27 22:28:00,0,Pass,0.03703757,1,Fail,0.01,XGBoost,Out-of-fold
WF-000951,2008-09-20 14:00:00,0,Pass,0.0009596628,0,Pass,0.01,XGBoost,Out-of-fold
WF-000747,2008-09-07 19:29:00,0,Pass,0.04171784,1,Fail,0.01,XGBoost,Out-of-fold
WF-000438,2008-08-23 09:24:00,0,Pass,0.04029148,1,Fail,0.01,XGBoost,Out-of-fold
WF-000518,2008-08-29 06:40:00,0,Pass,0.13145147,1,Fail,0.01,XGBoost,Out-of-fold
WF-000623,2008-09-01 05:29:00,0,Pass,0.0014498291,0,Pass,0.01,XGBoost,Out-of-fold
WF-000087,2008-08-04 14:04:00,0,Pass,0.021032084,1,Fail,0.01,XGBoost,Out-of-fold
WF-000903,2008-09-19 07:14:00,0,Pass,0.0045299516,0,Pass,0.01,XGBoost,Out-of-fold
WF-000657,2008-09-02 03:33:00,0,Pass,0.0064688753,0,Pass,0.01,XGBoost,Out-of-fold
WF-000495,2008-08-28 20:20:00,0,Pass,0.019058414,1,Fail,0.01,XGBoost,Out-of-fold
WF-000139,2008-08-06 18:34:00,0,Pass,0.115051284,1,Fail,0.01,XGBoost,Out-of-fold
WF-000980,2008-09-21 08:49:00,0,Pass,0.0072247456,0,Pass,0.01,XGBoost,Out-of-fold
WF-000881,2008-09-18 03:58:00,0,Pass,0.057957217,1,Fail,0.01,XGBoost,Out-of-fold
WF-000520,2008-08-29 06:54:00,0,Pass,0.009618465,0,Pass,0.01,XGBoost,Out-of-fold
WF-001321,2008-10-05 12:03:00,0,Pass,0.026618825,1,Fail,0.01,XGBoost,Out-of-fold
WF-001427,2008-10-08 16:26:00,0,Pass,0.005969138,0,Pass,0.01,XGBoost,Out-of-fold
WF-000849,2008-09-15 11:40:00,0,Pass,0.00988622,0,Pass,0.01,XGBoost,Out-of-fold
WF-000865,2008-09-16 18:09:00,0,Pass,0.0084591545,0,Pass,0.01,XGBoost,Out-of-fold
WF-001551,2008-10-16 03:56:00,0,Pass,0.0043677352,0,Pass,0.01,XGBoost,Out-of-fold
WF-001120,2008-09-27 03:53:00,0,Pass,0.0015791842,0,Pass,0.01,XGBoost,Out-of-fold
WF-001106,2008-09-26 15:06:00,0,Pass,0.01220324,1,Fail,0.01,XGBoost,Out-of-fold
WF-000879,2008-09-18 02:01:00,0,Pass,0.0016811617,0,Pass,0.01,XGBoost,Out-of-fold
WF-000701,2008-09-02 18:52:00,0,Pass,0.0043163844,0,Pass,0.01,XGBoost,Out-of-fold
WF-001002,2008-09-22 00:28:00,0,Pass,0.002312755,0,Pass,0.01,XGBoost,Out-of-fold
WF-000924,2008-09-19 20:17:00,0,Pass,0.005443107,0,Pass,0.01,XGBoost,Out-of-fold
WF-000207,2008-08-15 11:42:00,0,Pass,0.0073942174,0,Pass,0.01,XGBoost,Out-of-fold
WF-000492,2008-08-28 18:25:00,0,Pass,0.0026242514,0,Pass,0.01,XGBoost,Out-of-fold
WF-000515,2008-08-29 05:57:00,0,Pass,0.11708343,1,Fail,0.01,XGBoost,Out-of-fold
WF-000505,2008-08-29 02:39:00,0,Pass,0.02412979,1,Fail,0.01,XGBoost,Out-of-fold
WF-000603,2008-08-31 05:05:00,0,Pass,0.10390367,1,Fail,0.01,XGBoost,Out-of-fold
WF-000854,2008-09-15 21:56:00,0,Pass,0.032095842,1,Fail,0.01,XGBoost,Out-of-fold
WF-001168,2008-09-29 03:07:00,0,Pass,0.014597886,1,Fail,0.01,XGBoost,Out-of-fold
WF-000522,2008-08-29 07:22:00,0,Pass,0.040797994,1,Fail,0.01,XGBoost,Out-of-fold
WF-000859,2008-09-16 07:39:00,0,Pass,0.0065971897,0,Pass,0.01,XGBoost,Out-of-fold
WF-000732,2008-09-04 16:41:00,0,Pass,0.0025347555,0,Pass,0.01,XGBoost,Out-of-fold
WF-000204,2008-08-15 05:13:00,0,Pass,0.044395603,1,Fail,0.01,XGBoost,Out-of-fold
WF-001410,2008-10-07 20:39:00,0,Pass,0.0018127107,0,Pass,0.01,XGBoost,Out-of-fold
WF-000609,2008-08-31 15:09:00,0,Pass,0.0004663846,0,Pass,0.01,XGBoost,Out-of-fold
WF-000682,2008-09-02 12:17:00,0,Pass,0.018557759,1,Fail,0.01,XGBoost,Out-of-fold
WF-001369,2008-10-06 16:42:00,0,Pass,0.0028796308,0,Pass,0.01,XGBoost,Out-of-fold
WF-000494,2008-08-28 18:57:00,0,Pass,0.024574183,1,Fail,0.01,XGBoost,Out-of-fold
WF-000953,2008-09-20 14:42:00,0,Pass,0.03603929,1,Fail,0.01,XGBoost,Out-of-fold
WF-000123,2008-08-05 20:04:00,0,Pass,0.010318774,1,Fail,0.01,XGBoost,Out-of-fold
WF-001072,2008-09-25 06:21:00,0,Pass,0.0052380837,0,Pass,0.01,XGBoost,Out-of-fold
WF-001221,2008-10-01 19:57:00,0,Pass,0.012225977,1,Fail,0.01,XGBoost,Out-of-fold
WF-000241,2008-08-17 23:55:00,1,Fail,0.15010788,1,Fail,0.01,XGBoost,Out-of-fold
WF-000008,2008-07-19 19:45:00,0,Pass,0.26079184,1,Fail,0.01,XGBoost,Out-of-fold
WF-000389,2008-08-21 23:57:00,0,Pass,0.003228236,0,Pass,0.01,XGBoost,Out-of-fold
WF-000735,2008-09-05 15:30:00,0,Pass,0.0057982886,0,Pass,0.01,XGBoost,Out-of-fold
WF-000005,2008-07-19 15:22:00,0,Pass,0.011331348,1,Fail,0.01,XGBoost,Out-of-fold
WF-000364,2008-08-21 15:05:00,0,Pass,0.04065125,1,Fail,0.01,XGBoost,Out-of-fold
WF-000118,2008-08-05 08:50:00,0,Pass,0.010484267,1,Fail,0.01,XGBoost,Out-of-fold
WF-001477,2008-10-13 12:18:00,0,Pass,0.0048865024,0,Pass,0.01,XGBoost,Out-of-fold
WF-000739,2008-09-07 00:49:00,0,Pass,0.06621836,1,Fail,0.01,XGBoost,Out-of-fold
WF-001281,2008-10-03 21:15:00,0,Pass,0.37055436,1,Fail,0.01,XGBoost,Out-of-fold
WF-001160,2008-09-28 19:29:00,0,Pass,0.0067150714,0,Pass,0.01,XGBoost,Out-of-fold
WF-000972,2008-09-21 02:07:00,0,Pass,0.0022527752,0,Pass,0.01,XGBoost,Out-of-fold
WF-001012,2008-09-22 13:03:00,0,Pass,0.0048305583,0,Pass,0.01,XGBoost,Out-of-fold
WF-001019,2008-09-22 22:15:00,0,Pass,0.0024396635,0,Pass,0.01,XGBoost,Out-of-fold
WF-000600,2008-08-30 23:51:00,0,Pass,0.023451315,1,Fail,0.01,XGBoost,Out-of-fold
WF-000028,2008-07-27 15:46:00,0,Pass,0.1190705,1,Fail,0.01,XGBoost,Out-of-fold
WF-000581,2008-08-30 11:14:00,0,Pass,0.0369225,1,Fail,0.01,XGBoost,Out-of-fold
WF-000918,2008-09-19 18:33:00,0,Pass,0.021420483,1,Fail,0.01,XGBoost,Out-of-fold
WF-001230,2008-10-02 04:11:00,0,Pass,0.021472486,1,Fail,0.01,XGBoost,Out-of-fold
WF-001128,2008-09-27 12:36:00,0,Pass,0.008693638,0,Pass,0.01,XGBoost,Out-of-fold
WF-000085,2008-08-04 03:49:00,0,Pass,0.064871855,1,Fail,0.01,XGBoost,Out-of-fold
WF-000225,2008-08-17 00:52:00,0,Pass,0.026594967,1,Fail,0.01,XGBoost,Out-of-fold
WF-001419,2008-10-08 09:01:00,0,Pass,0.0010310713,0,Pass,0.01,XGBoost,Out-of-fold
WF-000046,2008-07-29 08:23:00,1,Fail,0.018154696,1,Fail,0.01,XGBoost,Out-of-fold
WF-001011,2008-09-22 12:45:00,0,Pass,0.048930466,1,Fail,0.01,XGBoost,Out-of-fold
WF-001172,2008-09-29 05:32:00,0,Pass,0.15835182,1,Fail,0.01,XGBoost,Out-of-fold
WF-001068,2008-09-24 17:54:00,0,Pass,0.0015643291,0,Pass,0.01,XGBoost,Out-of-fold
WF-000304,2008-08-19 11:13:00,0,Pass,0.027751988,1,Fail,0.01,XGBoost,Out-of-fold
WF-001371,2008-10-06 17:26:00,0,Pass,0.004151784,0,Pass,0.01,XGBoost,Out-of-fold
WF-000560,2008-08-30 02:50:00,0,Pass,0.00089940964,0,Pass,0.01,XGBoost,Out-of-fold
WF-001132,2008-09-27 14:05:00,0,Pass,0.02401473,1,Fail,0.01,XGBoost,Out-of-fold
WF-001258,2008-10-02 22:33:00,0,Pass,0.034000546,1,Fail,0.01,XGBoost,Out-of-fold
WF-000532,2008-08-29 12:37:00,0,Pass,0.003734558,0,Pass,0.01,XGBoost,Out-of-fold
WF-000077,2008-08-03 15:27:00,0,Pass,0.034876768,1,Fail,0.01,XGBoost,Out-of-fold
WF-001521,2008-10-15 03:24:00,0,Pass,0.047575362,1,Fail,0.01,XGBoost,Out-of-fold
WF-000106,2008-08-05 03:17:00,0,Pass,0.13321543,1,Fail,0.01,XGBoost,Out-of-fold
WF-000801,2008-09-12 06:38:00,0,Pass,0.009183735,0,Pass,0.01,XGBoost,Out-of-fold
WF-000856,2008-09-15 22:45:00,0,Pass,0.0032418608,0,Pass,0.01,XGBoost,Out-of-fold
WF-000313,2008-08-19 18:12:00,0,Pass,0.17999579,1,Fail,0.01,XGBoost,Out-of-fold
WF-001049,2008-09-24 03:32:00,0,Pass,0.0032947923,0,Pass,0.01,XGBoost,Out-of-fold
WF-001165,2008-09-28 22:44:00,0,Pass,0.0029689765,0,Pass,0.01,XGBoost,Out-of-fold
WF-000635,2008-09-01 19:54:00,1,Fail,0.06877074,1,Fail,0.01,XGBoost,Out-of-fold
WF-001331,2008-10-05 18:59:00,0,Pass,0.002622012,0,Pass,0.01,XGBoost,Out-of-fold
WF-001177,2008-09-29 12:25:00,0,Pass,0.014736801,1,Fail,0.01,XGBoost,Out-of-fold
WF-001462,2008-10-11 14:43:00,0,Pass,0.009488012,0,Pass,0.01,XGBoost,Out-of-fold
WF-000240,2008-08-17 23:20:00,0,Pass,0.03841338,1,Fail,0.01,XGBoost,Out-of-fold
WF-001030,2008-09-23 11:14:00,1,Fail,0.012143823,1,Fail,0.01,XGBoost,Out-of-fold
WF-000446,2008-08-24 07:14:00,0,Pass,0.029264733,1,Fail,0.01,XGBoost,Out-of-fold
WF-000375,2008-08-21 18:39:00,0,Pass,0.018419722,1,Fail,0.01,XGBoost,Out-of-fold
WF-001297,2008-10-04 18:59:00,0,Pass,0.019764502,1,Fail,0.01,XGBoost,Out-of-fold
WF-000746,2008-09-07 18:49:00,0,Pass,0.039201833,1,Fail,0.01,XGBoost,Out-of-fold
WF-001274,2008-10-03 18:45:00,0,Pass,0.0047047785,0,Pass,0.01,XGBoost,Out-of-fold
WF-000759,2008-09-08 07:14:00,0,Pass,0.030358776,1,Fail,0.01,XGBoost,Out-of-fold
WF-000167,2008-08-09 06:05:00,0,Pass,0.055326253,1,Fail,0.01,XGBoost,Out-of-fold
WF-001396,2008-10-07 10:51:00,0,Pass,0.054250196,1,Fail,0.01,XGBoost,Out-of-fold
WF-000670,2008-09-02 08:54:00,0,Pass,0.017405968,1,Fail,0.01,XGBoost,Out-of-fold
WF-000542,2008-08-29 16:26:00,0,Pass,0.062136732,1,Fail,0.01,XGBoost,Out-of-fold
WF-001129,2008-09-27 13:14:00,0,Pass,0.0006076148,0,Pass,0.01,XGBoost,Out-of-fold
WF-001234,2008-10-02 07:35:00,0,Pass,0.34237647,1,Fail,0.01,XGBoost,Out-of-fold
WF-001330,2008-10-05 18:46:00,1,Fail,0.03448101,1,Fail,0.01,XGBoost,Out-of-fold
WF-000844,2008-09-14 20:45:00,0,Pass,0.0025561494,0,Pass,0.01,XGBoost,Out-of-fold
WF-000890,2008-09-18 21:12:00,0,Pass,0.009156604,0,Pass,0.01,XGBoost,Out-of-fold
WF-000071,2008-08-01 15:10:00,0,Pass,0.030734263,1,Fail,0.01,XGBoost,Out-of-fold
WF-000768,2008-09-08 21:53:00,0,Pass,0.013349551,1,Fail,0.01,XGBoost,Out-of-fold
WF-001545,2008-10-15 23:45:00,0,Pass,0.013631327,1,Fail,0.01,XGBoost,Out-of-fold
WF-000802,2008-09-12 06:41:00,0,Pass,0.04064979,1,Fail,0.01,XGBoost,Out-of-fold
WF-001127,2008-09-27 12:28:00,0,Pass,0.011319954,1,Fail,0.01,XGBoost,Out-of-fold
WF-000806,2008-09-12 07:38:00,0,Pass,0.021533586,1,Fail,0.01,XGBoost,Out-of-fold
WF-000231,2008-08-17 05:21:00,0,Pass,0.17375837,1,Fail,0.01,XGBoost,Out-of-fold
WF-001121,2008-09-27 10:10:00,0,Pass,0.002987238,0,Pass,0.01,XGBoost,Out-of-fold
WF-001549,2008-10-16 02:22:00,0,Pass,0.003419248,0,Pass,0.01,XGBoost,Out-of-fold
WF-000608,2008-08-31 11:03:00,0,Pass,0.025227293,1,Fail,0.01,XGBoost,Out-of-fold
WF-000741,2008-09-07 12:04:00,0,Pass,0.0013043457,0,Pass,0.01,XGBoost,Out-of-fold
WF-001531,2008-10-15 12:53:00,0,Pass,0.0132750245,1,Fail,0.01,XGBoost,Out-of-fold
WF-001245,2008-10-02 15:10:00,0,Pass,0.05354323,1,Fail,0.01,XGBoost,Out-of-fold
WF-001556,2008-10-16 04:50:00,0,Pass,0.010508921,1,Fail,0.01,XGBoost,Out-of-fold
WF-000125,2008-08-05 21:22:00,0,Pass,0.03774069,1,Fail,0.01,XGBoost,Out-of-fold
WF-000379,2008-08-21 19:46:00,0,Pass,0.0047406442,0,Pass,0.01,XGBoost,Out-of-fold
WF-000922,2008-09-19 20:07:00,0,Pass,0.0015147799,0,Pass,0.01,XGBoost,Out-of-fold
WF-001534,2008-10-15 14:08:00,0,Pass,0.002027423,0,Pass,0.01,XGBoost,Out-of-fold
WF-000995,2008-09-21 17:30:00,0,Pass,0.0026698795,0,Pass,0.01,XGBoost,Out-of-fold
WF-000627,2008-09-01 06:52:00,0,Pass,0.002395804,0,Pass,0.01,XGBoost,Out-of-fold
WF-001414,2008-10-08 05:38:00,0,Pass,0.004791264,0,Pass,0.01,XGBoost,Out-of-fold
WF-001069,2008-09-24 18:05:00,0,Pass,0.0016454228,0,Pass,0.01,XGBoost,Out-of-fold
WF-001196,2008-09-30 14:20:00,0,Pass,0.006387728,0,Pass,0.01,XGBoost,Out-of-fold
WF-001285,2008-10-03 23:46:00,0,Pass,0.08494679,1,Fail,0.01,XGBoost,Out-of-fold
WF-001356,2008-10-06 08:57:00,0,Pass,0.007592532,0,Pass,0.01,XGBoost,Out-of-fold
WF-001294,2008-10-04 16:58:00,0,Pass,0.008362644,0,Pass,0.01,XGBoost,Out-of-fold
WF-001141,2008-09-27 21:45:00,0,Pass,0.013361068,1,Fail,0.01,XGBoost,Out-of-fold
WF-001476,2008-10-13 11:27:00,0,Pass,0.0011862218,0,Pass,0.01,XGBoost,Out-of-fold
WF-000099,2008-08-04 22:51:00,0,Pass,0.0050073187,0,Pass,0.01,XGBoost,Out-of-fold
WF-000923,2008-09-19 20:10:00,0,Pass,0.0012786753,0,Pass,0.01,XGBoost,Out-of-fold
WF-001061,2008-09-24 12:35:00,0,Pass,0.022046663,1,Fail,0.01,XGBoost,Out-of-fold
WF-000070,2008-08-01 14:07:00,0,Pass,0.066101685,1,Fail,0.01,XGBoost,Out-of-fold
WF-000249,2008-08-18 05:25:00,0,Pass,0.06023859,1,Fail,0.01,XGBoost,Out-of-fold
WF-001021,2008-09-22 23:01:00,0,Pass,0.0037535194,0,Pass,0.01,XGBoost,Out-of-fold
WF-000618,2008-08-31 22:57:00,0,Pass,0.0049823523,0,Pass,0.01,XGBoost,Out-of-fold
WF-000474,2008-08-28 09:46:00,0,Pass,0.0016042725,0,Pass,0.01,XGBoost,Out-of-fold
WF-000674,2008-09-02 10:21:00,0,Pass,0.013047892,1,Fail,0.01,XGBoost,Out-of-fold
WF-001413,2008-10-08 05:35:00,0,Pass,0.0052270982,0,Pass,0.01,XGBoost,Out-of-fold
WF-000745,2008-09-07 18:24:00,0,Pass,0.0027011351,0,Pass,0.01,XGBoost,Out-of-fold
WF-000828,2008-09-13 12:48:00,0,Pass,0.0082813585,0,Pass,0.01,XGBoost,Out-of-fold
WF-000091,2008-08-04 16:31:00,0,Pass,0.019167602,1,Fail,0.01,XGBoost,Out-of-fold
WF-000585,2008-08-30 14:23:00,0,Pass,0.009276875,0,Pass,0.01,XGBoost,Out-of-fold
WF-000898,2008-09-19 04:42:00,0,Pass,0.060646813,1,Fail,0.01,XGBoost,Out-of-fold
WF-001363,2008-10-06 13:08:00,0,Pass,0.009596749,0,Pass,0.01,XGBoost,Out-of-fold
WF-000272,2008-08-18 15:41:00,0,Pass,0.003797056,0,Pass,0.01,XGBoost,Out-of-fold
WF-000082,2008-08-03 22:52:00,0,Pass,0.3040366,1,Fail,0.01,XGBoost,Out-of-fold
WF-000885,2008-09-18 10:48:00,0,Pass,0.027689038,1,Fail,0.01,XGBoost,Out-of-fold
WF-000431,2008-08-23 03:26:00,0,Pass,0.019537559,1,Fail,0.01,XGBoost,Out-of-fold
WF-001125,2008-09-27 11:54:00,0,Pass,0.15781137,1,Fail,0.01,XGBoost,Out-of-fold
WF-000318,2008-08-20 00:05:00,0,Pass,0.032840278,1,Fail,0.01,XGBoost,Out-of-fold
WF-000301,2008-08-19 10:46:00,0,Pass,0.20828958,1,Fail,0.01,XGBoost,Out-of-fold
WF-000449,2008-08-24 13:03:00,1,Fail,0.16198666,1,Fail,0.01,XGBoost,Out-of-fold
WF-000368,2008-08-21 15:50:00,0,Pass,0.041620508,1,Fail,0.01,XGBoost,Out-of-fold
WF-001295,2008-10-04 18:15:00,0,Pass,0.0077749463,0,Pass,0.01,XGBoost,Out-of-fold
WF-000779,2008-09-10 23:43:00,0,Pass,0.014161244,1,Fail,0.01,XGBoost,Out-of-fold
WF-000549,2008-08-29 22:45:00,0,Pass,0.008100911,0,Pass,0.01,XGBoost,Out-of-fold
WF-000418,2008-08-22 12:37:00,0,Pass,0.019563004,1,Fail,0.01,XGBoost,Out-of-fold
WF-001540,2008-10-15 19:24:00,0,Pass,0.0039552567,0,Pass,0.01,XGBoost,Out-of-fold
WF-001358,2008-10-06 09:57:00,0,Pass,0.006168533,0,Pass,0.01,XGBoost,Out-of-fold
WF-000932,2008-09-19 23:33:00,0,Pass,0.010248133,1,Fail,0.01,XGBoost,Out-of-fold
WF-000296,2008-08-19 08:01:00,0,Pass,0.057489596,1,Fail,0.01,XGBoost,Out-of-fold
WF-000524,2008-08-29 07:33:00,0,Pass,0.0043597734,0,Pass,0.01,XGBoost,Out-of-fold
WF-000356,2008-08-21 12:33:00,0,Pass,0.0089591965,0,Pass,0.01,XGBoost,Out-of-fold
WF-001217,2008-10-01 09:16:00,0,Pass,0.032480076,1,Fail,0.01,XGBoost,Out-of-fold
WF-001482,2008-10-13 15:42:00,0,Pass,0.0028002784,0,Pass,0.01,XGBoost,Out-of-fold
WF-000672,2008-09-02 09:37:00,0,Pass,0.0015022934,0,Pass,0.01,XGBoost,Out-of-fold
WF-000001,2008-07-19 11:55:00,0,Pass,0.027929429,1,Fail,0.01,XGBoost,Out-of-fold
WF-001067,2008-09-24 16:26:00,0,Pass,0.007130345,0,Pass,0.01,XGBoost,Out-of-fold
WF-001465,2008-10-11 23:16:00,0,Pass,0.0010885363,0,Pass,0.01,XGBoost,Out-of-fold
WF-000457,2008-08-27 22:48:00,0,Pass,0.006120785,0,Pass,0.01,XGBoost,Out-of-fold
WF-000237,2008-08-17 22:03:00,1,Fail,0.60594875,1,Fail,0.01,XGBoost,Out-of-fold
WF-000836,2008-09-14 15:46:00,0,Pass,0.02322288,1,Fail,0.01,XGBoost,Out-of-fold
WF-000498,2008-08-28 21:52:00,0,Pass,0.0071912245,0,Pass,0.01,XGBoost,Out-of-fold
WF-000090,2008-08-04 16:15:00,0,Pass,0.004458703,0,Pass,0.01,XGBoost,Out-of-fold
WF-001308,2008-10-05 04:20:00,0,Pass,0.051678114,1,Fail,0.01,XGBoost,Out-of-fold
WF-001421,2008-10-08 10:37:00,0,Pass,0.0011213725,0,Pass,0.01,XGBoost,Out-of-fold
WF-000476,2008-08-28 10:15:00,0,Pass,0.010829854,1,Fail,0.01,XGBoost,Out-of-fold
WF-001415,2008-10-08 06:25:00,0,Pass,0.0007710243,0,Pass,0.01,XGBoost,Out-of-fold
WF-000945,2008-09-20 11:18:00,0,Pass,0.010136376,1,Fail,0.01,XGBoost,Out-of-fold
WF-000328,2008-08-20 09:17:00,1,Fail,0.018086104,1,Fail,0.01,XGBoost,Out-of-fold
WF-001159,2008-09-28 19:18:00,0,Pass,0.0021905454,0,Pass,0.01,XGBoost,Out-of-fold
WF-001468,2008-10-12 01:50:00,0,Pass,0.010249153,1,Fail,0.01,XGBoost,Out-of-fold
WF-000639,2008-09-01 23:19:00,0,Pass,0.013157002,1,Fail,0.01,XGBoost,Out-of-fold
WF-001182,2008-09-29 15:16:00,0,Pass,0.00744839,0,Pass,0.01,XGBoost,Out-of-fold
WF-001080,2008-09-25 11:55:00,0,Pass,0.016551461,1,Fail,0.01,XGBoost,Out-of-fold
WF-000886,2008-09-18 13:48:00,0,Pass,0.0020575644,0,Pass,0.01,XGBoost,Out-of-fold
WF-000037,2008-07-28 04:37:00,0,Pass,0.068969876,1,Fail,0.01,XGBoost,Out-of-fold
WF-001559,2008-10-16 05:13:00,0,Pass,0.0008916698,0,Pass,0.01,XGBoost,Out-of-fold
WF-000763,2008-09-08 19:15:00,0,Pass,0.06356238,1,Fail,0.01,XGBoost,Out-of-fold
WF-001522,2008-10-15 04:08:00,0,Pass,0.0019666567,0,Pass,0.01,XGBoost,Out-of-fold
WF-000579,2008-08-30 10:16:00,0,Pass,0.029244462,1,Fail,0.01,XGBoost,Out-of-fold
WF-000725,2008-09-04 08:41:00,0,Pass,0.001094972,0,Pass,0.01,XGBoost,Out-of-fold
WF-001256,2008-10-02 21:33:00,0,Pass,0.06470425,1,Fail,0.01,XGBoost,Out-of-fold
WF-000927,2008-09-19 21:09:00,1,Fail,0.051795024,1,Fail,0.01,XGBoost,Out-of-fold
WF-000299,2008-08-19 09:04:00,0,Pass,0.005548146,0,Pass,0.01,XGBoost,Out-of-fold
WF-001498,2008-10-14 03:28:00,0,Pass,0.008792568,0,Pass,0.01,XGBoost,Out-of-fold
WF-001066,2008-09-24 15:43:00,0,Pass,0.023364449,1,Fail,0.01,XGBoost,Out-of-fold
WF-000666,2008-09-02 06:48:00,0,Pass,0.0013284284,0,Pass,0.01,XGBoost,Out-of-fold
WF-000442,2008-08-23 15:29:00,1,Fail,0.003024092,0,Pass,0.01,XGBoost,Out-of-fold
WF-000258,2008-08-18 10:13:00,0,Pass,0.031541325,1,Fail,0.01,XGBoost,Out-of-fold
WF-000103,2008-08-05 02:15:00,0,Pass,0.010309337,1,Fail,0.01,XGBoost,Out-of-fold
WF-000199,2008-08-12 11:29:00,0,Pass,0.022287223,1,Fail,0.01,XGBoost,Out-of-fold
WF-001325,2008-10-05 15:30:00,1,Fail,0.043702777,1,Fail,0.01,XGBoost,Out-of-fold
WF-001108,2008-09-26 15:49:00,0,Pass,0.040918905,1,Fail,0.01,XGBoost,Out-of-fold
WF-001154,2008-09-28 17:06:00,0,Pass,0.051725395,1,Fail,0.01,XGBoost,Out-of-fold
WF-000344,2008-08-20 23:18:00,0,Pass,0.02766764,1,Fail,0.01,XGBoost,Out-of-fold
WF-001292,2008-10-04 09:29:00,0,Pass,0.0011523152,0,Pass,0.01,XGBoost,Out-of-fold
WF-000182,2008-08-10 06:41:00,0,Pass,0.014448511,1,Fail,0.01,XGBoost,Out-of-fold
WF-001202,2008-09-30 17:27:00,0,Pass,0.04781375,1,Fail,0.01,XGBoost,Out-of-fold
WF-000584,2008-08-30 14:10:00,1,Fail,0.03764265,1,Fail,0.01,XGBoost,Out-of-fold
WF-000562,2008-08-30 04:20:00,0,Pass,0.014711719,1,Fail,0.01,XGBoost,Out-of-fold
WF-000893,2008-09-18 23:05:00,0,Pass,0.045355722,1,Fail,0.01,XGBoost,Out-of-fold
WF-000510,2008-08-29 04:56:00,0,Pass,0.014037852,1,Fail,0.01,XGBoost,Out-of-fold
WF-000245,2008-08-18 04:01:00,1,Fail,0.059379343,1,Fail,0.01,XGBoost,Out-of-fold
WF-001262,2008-10-03 00:55:00,0,Pass,0.14871916,1,Fail,0.01,XGBoost,Out-of-fold
WF-000586,2008-08-30 14:37:00,0,Pass,0.017357918,1,Fail,0.01,XGBoost,Out-of-fold
WF-001153,2008-09-28 17:05:00,0,Pass,0.06463724,1,Fail,0.01,XGBoost,Out-of-fold
WF-001236,2008-10-02 08:24:00,0,Pass,0.015097437,1,Fail,0.01,XGBoost,Out-of-fold
WF-000895,2008-09-19 00:30:00,0,Pass,0.0019472834,0,Pass,0.01,XGBoost,Out-of-fold
WF-000157,2008-08-08 07:26:00,0,Pass,0.06670312,1,Fail,0.01,XGBoost,Out-of-fold
WF-000997,2008-09-21 19:19:00,0,Pass,0.0019984646,0,Pass,0.01,XGBoost,Out-of-fold
WF-001079,2008-09-25 11:09:00,0,Pass,0.003693223,0,Pass,0.01,XGBoost,Out-of-fold
WF-001307,2008-10-05 04:01:00,0,Pass,0.016738934,1,Fail,0.01,XGBoost,Out-of-fold
WF-000065,2008-08-01 05:52:00,1,Fail,0.017640712,1,Fail,0.01,XGBoost,Out-of-fold
WF-001000,2008-09-21 22:02:00,0,Pass,0.0050810417,0,Pass,0.01,XGBoost,Out-of-fold
WF-001082,2008-09-25 14:08:00,0,Pass,0.014901742,1,Fail,0.01,XGBoost,Out-of-fold
WF-000786,2008-09-11 09:24:00,0,Pass,0.0019597618,0,Pass,0.01,XGBoost,Out-of-fold
WF-000407,2008-08-22 06:00:00,1,Fail,0.06155716,1,Fail,0.01,XGBoost,Out-of-fold
WF-000650,2008-09-02 01:10:00,0,Pass,0.048460484,1,Fail,0.01,XGBoost,Out-of-fold
WF-000547,2008-08-29 21:54:00,0,Pass,0.007468712,0,Pass,0.01,XGBoost,Out-of-fold
WF-000079,2008-08-03 17:00:00,0,Pass,0.13414541,1,Fail,0.01,XGBoost,Out-of-fold
WF-000916,2008-09-19 17:47:00,0,Pass,0.003617876,0,Pass,0.01,XGBoost,Out-of-fold
WF-000164,2008-08-08 22:25:00,0,Pass,0.19930845,1,Fail,0.01,XGBoost,Out-of-fold
WF-000257,2008-08-18 08:31:00,0,Pass,0.020563556,1,Fail,0.01,XGBoost,Out-of-fold
WF-001351,2008-10-06 07:12:00,0,Pass,0.009056629,0,Pass,0.01,XGBoost,Out-of-fold
WF-000315,2008-08-19 18:30:00,0,Pass,0.019242726,1,Fail,0.01,XGBoost,Out-of-fold
WF-001546,2008-10-16 02:16:00,0,Pass,0.007711003,0,Pass,0.01,XGBoost,Out-of-fold
WF-001071,2008-09-25 02:03:00,0,Pass,0.009386296,0,Pass,0.01,XGBoost,Out-of-fold
WF-000982,2008-09-21 09:31:00,0,Pass,0.00230784,0,Pass,0.01,XGBoost,Out-of-fold
WF-000999,2008-09-21 21:54:00,0,Pass,0.012477284,1,Fail,0.01,XGBoost,Out-of-fold
WF-000736,2008-09-05 21:48:00,0,Pass,0.036058377,1,Fail,0.01,XGBoost,Out-of-fold
WF-001429,2008-10-08 17:31:00,0,Pass,0.024678446,1,Fail,0.01,XGBoost,Out-of-fold
WF-001382,2008-10-06 22:37:00,0,Pass,0.0057737855,0,Pass,0.01,XGBoost,Out-of-fold
WF-000041,2008-07-28 15:11:00,1,Fail,0.20014296,1,Fail,0.01,XGBoost,Out-of-fold
WF-001420,2008-10-08 09:06:00,0,Pass,0.005678132,0,Pass,0.01,XGBoost,Out-of-fold
WF-000093,2008-08-04 17:46:00,0,Pass,0.10941055,1,Fail,0.01,XGBoost,Out-of-fold
WF-001239,2008-10-02 09:10:00,1,Fail,0.020648284,1,Fail,0.01,XGBoost,Out-of-fold
WF-001076,2008-09-25 09:31:00,0,Pass,0.0070499093,0,Pass,0.01,XGBoost,Out-of-fold
WF-000926,2008-09-19 21:08:00,0,Pass,0.00250497,0,Pass,0.01,XGBoost,Out-of-fold
WF-000868,2008-09-16 19:45:00,0,Pass,0.003986172,0,Pass,0.01,XGBoost,Out-of-fold
WF-000598,2008-08-30 20:53:00,0,Pass,0.011851194,1,Fail,0.01,XGBoost,Out-of-fold
WF-001387,2008-10-07 07:32:00,0,Pass,0.0027413734,0,Pass,0.01,XGBoost,Out-of-fold
WF-001455,2008-10-10 21:16:00,0,Pass,0.000934471,0,Pass,0.01,XGBoost,Out-of-fold
WF-001448,2008-10-10 10:53:00,0,Pass,0.019500544,1,Fail,0.01,XGBoost,Out-of-fold
WF-000068,2008-08-01 11:28:00,0,Pass,0.04896009,1,Fail,0.01,XGBoost,Out-of-fold
WF-000329,2008-08-20 10:26:00,0,Pass,0.0045649153,0,Pass,0.01,XGBoost,Out-of-fold
WF-001149,2008-09-28 07:52:00,0,Pass,0.002913088,0,Pass,0.01,XGBoost,Out-of-fold
WF-000764,2008-09-08 19:25:00,0,Pass,0.021370009,1,Fail,0.01,XGBoost,Out-of-fold
WF-000108,2008-08-05 03:54:00,0,Pass,0.010507518,1,Fail,0.01,XGBoost,Out-of-fold
WF-000909,2008-09-19 10:45:00,0,Pass,0.0011779419,0,Pass,0.01,XGBoost,Out-of-fold
WF-000988,2008-09-21 14:31:00,0,Pass,0.0047715255,0,Pass,0.01,XGBoost,Out-of-fold
WF-001025,2008-09-23 06:44:00,0,Pass,0.036124274,1,Fail,0.01,XGBoost,Out-of-fold
WF-000555,2008-08-30 01:29:00,0,Pass,0.0049008527,0,Pass,0.01,XGBoost,Out-of-fold
WF-000347,2008-08-21 02:46:00,0,Pass,0.0040953,0,Pass,0.01,XGBoost,Out-of-fold
WF-000530,2008-08-29 12:21:00,0,Pass,0.04109317,1,Fail,0.01,XGBoost,Out-of-fold
WF-001552,2008-10-16 04:02:00,0,Pass,0.010534125,1,Fail,0.01,XGBoost,Out-of-fold
WF-001289,2008-10-04 03:53:00,0,Pass,0.0004157065,0,Pass,0.01,XGBoost,Out-of-fold
WF-000874,2008-09-17 07:28:00,0,Pass,0.009239951,0,Pass,0.01,XGBoost,Out-of-fold
WF-001224,2008-10-01 22:47:00,0,Pass,0.18293789,1,Fail,0.01,XGBoost,Out-of-fold
WF-001489,2008-10-13 20:30:00,0,Pass,0.0021504979,0,Pass,0.01,XGBoost,Out-of-fold
WF-000969,2008-09-20 23:34:00,0,Pass,0.0020916327,0,Pass,0.01,XGBoost,Out-of-fold
WF-000642,2008-09-01 23:39:00,0,Pass,0.014803158,1,Fail,0.01,XGBoost,Out-of-fold
WF-001001,2008-09-22 00:12:00,0,Pass,0.0011375248,0,Pass,0.01,XGBoost,Out-of-fold
WF-000238,2008-08-17 22:21:00,0,Pass,0.25276658,1,Fail,0.01,XGBoost,Out-of-fold
WF-001131,2008-09-27 14:01:00,0,Pass,0.0092610195,0,Pass,0.01,XGBoost,Out-of-fold
WF-001322,2008-10-05 12:17:00,0,Pass,0.015287866,1,Fail,0.01,XGBoost,Out-of-fold
WF-001126,2008-09-27 12:26:00,0,Pass,0.0156574,1,Fail,0.01,XGBoost,Out-of-fold
WF-000507,2008-08-29 03:33:00,0,Pass,0.080787525,1,Fail,0.01,XGBoost,Out-of-fold
WF-000383,2008-08-21 21:32:00,0,Pass,0.019674864,1,Fail,0.01,XGBoost,Out-of-fold
WF-000366,2008-08-21 15:32:00,0,Pass,0.0010453187,0,Pass,0.01,XGBoost,Out-of-fold
WF-000335,2008-08-20 18:29:00,0,Pass,0.010143584,1,Fail,0.01,XGBoost,Out-of-fold
WF-000137,2008-08-06 17:35:00,0,Pass,0.030314615,1,Fail,0.01,XGBoost,Out-of-fold
WF-001088,2008-09-25 17:28:00,0,Pass,0.01863006,1,Fail,0.01,XGBoost,Out-of-fold
WF-000253,2008-08-18 07:11:00,0,Pass,0.0060882494,0,Pass,0.01,XGBoost,Out-of-fold
WF-000281,2008-08-18 23:47:00,0,Pass,0.0386462,1,Fail,0.01,XGBoost,Out-of-fold
WF-001373,2008-10-06 17:35:00,0,Pass,0.0015659932,0,Pass,0.01,XGBoost,Out-of-fold
WF-000599,2008-08-30 21:53:00,0,Pass,0.013150255,1,Fail,0.01,XGBoost,Out-of-fold
WF-000617,2008-08-31 22:48:00,0,Pass,0.027576396,1,Fail,0.01,XGBoost,Out-of-fold
WF-001460,2008-10-11 07:42:00,0,Pass,0.0040523973,0,Pass,0.01,XGBoost,Out-of-fold
WF-000174,2008-08-09 21:07:00,0,Pass,0.0066265767,0,Pass,0.01,XGBoost,Out-of-fold
WF-000824,2008-09-13 09:19:00,0,Pass,0.0013033629,0,Pass,0.01,XGBoost,Out-of-fold
WF-000810,2008-09-12 15:40:00,0,Pass,0.029032022,1,Fail,0.01,XGBoost,Out-of-fold
WF-001017,2008-09-22 21:30:00,0,Pass,0.006576294,0,Pass,0.01,XGBoost,Out-of-fold
WF-001565,2008-10-17 05:26:00,0,Pass,0.004854703,0,Pass,0.01,XGBoost,Out-of-fold
WF-000168,2008-08-09 09:16:00,1,Fail,0.5065225,1,Fail,0.01,XGBoost,Out-of-fold
WF-000357,2008-08-21 12:43:00,0,Pass,0.0057471916,0,Pass,0.01,XGBoost,Out-of-fold
WF-000263,2008-08-18 12:49:00,0,Pass,0.15595171,1,Fail,0.01,XGBoost,Out-of-fold
WF-001008,2008-09-22 10:43:00,0,Pass,0.007923434,0,Pass,0.01,XGBoost,Out-of-fold
WF-000250,2008-08-18 06:07:00,0,Pass,0.0034954771,0,Pass,0.01,XGBoost,Out-of-fold
WF-000591,2008-08-30 15:57:00,0,Pass,0.0038296082,0,Pass,0.01,XGBoost,Out-of-fold
WF-000634,2008-09-01 16:20:00,0,Pass,0.0033293986,0,Pass,0.01,XGBoost,Out-of-fold
WF-001452,2008-10-10 20:02:00,0,Pass,0.0022106858,0,Pass,0.01,XGBoost,Out-of-fold
WF-000128,2008-08-05 23:38:00,0,Pass,0.24723361,1,Fail,0.01,XGBoost,Out-of-fold
WF-001253,2008-10-02 19:25:00,0,Pass,0.32399696,1,Fail,0.01,XGBoost,Out-of-fold
WF-001392,2008-10-07 09:20:00,0,Pass,0.0033143358,0,Pass,0.01,XGBoost,Out-of-fold
WF-001469,2008-10-12 02:59:00,0,Pass,0.001259609,0,Pass,0.01,XGBoost,Out-of-fold
WF-000553,2008-08-30 00:05:00,0,Pass,0.036611803,1,Fail,0.01,XGBoost,Out-of-fold
WF-000412,2008-08-22 09:29:00,0,Pass,0.008055157,0,Pass,0.01,XGBoost,Out-of-fold
WF-000568,2008-08-30 05:51:00,0,Pass,0.07082246,1,Fail,0.01,XGBoost,Out-of-fold
WF-001147,2008-09-28 06:22:00,0,Pass,0.041758396,1,Fail,0.01,XGBoost,Out-of-fold
WF-000302,2008-08-19 11:11:00,0,Pass,0.055027824,1,Fail,0.01,XGBoost,Out-of-fold
WF-000557,2008-08-30 02:22:00,0,Pass,0.007427104,0,Pass,0.01,XGBoost,Out-of-fold
WF-001471,2008-10-12 03:28:00,0,Pass,0.03653887,1,Fail,0.01,XGBoost,Out-of-fold
WF-000066,2008-08-01 10:20:00,0,Pass,0.07328603,1,Fail,0.01,XGBoost,Out-of-fold
WF-000850,2008-09-15 12:27:00,0,Pass,0.0041880608,0,Pass,0.01,XGBoost,Out-of-fold
WF-001342,2008-10-06 03:31:00,0,Pass,0.020690946,1,Fail,0.01,XGBoost,Out-of-fold
WF-001043,2008-09-23 20:18:00,0,Pass,0.02332104,1,Fail,0.01,XGBoost,Out-of-fold
WF-000040,2008-07-28 08:36:00,0,Pass,0.0015506927,0,Pass,0.01,XGBoost,Out-of-fold
WF-001041,2008-09-23 18:36:00,0,Pass,0.005707187,0,Pass,0.01,XGBoost,Out-of-fold
WF-000566,2008-08-30 05:05:00,0,Pass,0.059976276,1,Fail,0.01,XGBoost,Out-of-fold
WF-000833,2008-09-14 02:50:00,0,Pass,0.009180598,0,Pass,0.01,XGBoost,Out-of-fold
WF-000834,2008-09-14 02:59:00,0,Pass,0.028861696,1,Fail,0.01,XGBoost,Out-of-fold
WF-000905,2008-09-19 08:08:00,0,Pass,0.022129802,1,Fail,0.01,XGBoost,Out-of-fold
WF-001216,2008-10-01 09:15:00,0,Pass,0.02247878,1,Fail,0.01,XGBoost,Out-of-fold
WF-001016,2008-09-22 16:25:00,0,Pass,0.01788475,1,Fail,0.01,XGBoost,Out-of-fold
WF-000826,2008-09-13 11:42:00,0,Pass,0.030345067,1,Fail,0.01,XGBoost,Out-of-fold
WF-001261,2008-10-03 00:24:00,0,Pass,0.0068242326,0,Pass,0.01,XGBoost,Out-of-fold
WF-000179,2008-08-10 00:09:00,0,Pass,0.064359695,1,Fail,0.01,XGBoost,Out-of-fold
WF-000212,2008-08-15 23:31:00,0,Pass,0.012818662,1,Fail,0.01,XGBoost,Out-of-fold
WF-000540,2008-08-29 15:01:00,0,Pass,0.006703298,0,Pass,0.01,XGBoost,Out-of-fold
WF-000484,2008-08-28 16:43:00,0,Pass,0.028450448,1,Fail,0.01,XGBoost,Out-of-fold
WF-000744,2008-09-07 18:02:00,0,Pass,0.005323831,0,Pass,0.01,XGBoost,Out-of-fold
WF-000478,2008-08-28 10:32:00,0,Pass,0.003016901,0,Pass,0.01,XGBoost,Out-of-fold
WF-000219,2008-08-16 09:44:00,1,Fail,0.14014275,1,Fail,0.01,XGBoost,Out-of-fold
WF-000964,2008-09-20 18:03:00,0,Pass,0.0015335483,0,Pass,0.01,XGBoost,Out-of-fold
WF-000054,2008-07-29 23:19:00,0,Pass,0.048252765,1,Fail,0.01,XGBoost,Out-of-fold
WF-000471,2008-08-28 07:40:00,0,Pass,0.08062415,1,Fail,0.01,XGBoost,Out-of-fold
WF-000842,2008-09-14 20:00:00,0,Pass,0.005376973,0,Pass,0.01,XGBoost,Out-of-fold
WF-000358,2008-08-21 12:52:00,0,Pass,0.03568691,1,Fail,0.01,XGBoost,Out-of-fold
WF-000359,2008-08-21 13:11:00,0,Pass,0.021563048,1,Fail,0.01,XGBoost,Out-of-fold
WF-000807,2008-09-12 11:57:00,0,Pass,0.004648597,0,Pass,0.01,XGBoost,Out-of-fold
WF-000490,2008-08-28 18:10:00,0,Pass,0.005744718,0,Pass,0.01,XGBoost,Out-of-fold
WF-000740,2008-09-07 10:52:00,0,Pass,0.0064501404,0,Pass,0.01,XGBoost,Out-of-fold
WF-000102,2008-08-05 01:12:00,0,Pass,0.007630755,0,Pass,0.01,XGBoost,Out-of-fold
WF-001333,2008-10-05 20:12:00,0,Pass,0.0058688624,0,Pass,0.01,XGBoost,Out-of-fold
WF-001510,2008-10-14 21:36:00,0,Pass,0.0029671113,0,Pass,0.01,XGBoost,Out-of-fold
WF-001488,2008-10-13 20:10:00,0,Pass,0.010576585,1,Fail,0.01,XGBoost,Out-of-fold
WF-000426,2008-08-22 23:46:00,0,Pass,0.0045327954,0,Pass,0.01,XGBoost,Out-of-fold
WF-000053,2008-07-29 23:14:00,0,Pass,0.02294168,1,Fail,0.01,XGBoost,Out-of-fold
WF-000268,2008-08-18 15:00:00,0,Pass,0.17370966,1,Fail,0.01,XGBoost,Out-of-fold
WF-001204,2008-09-30 19:17:00,0,Pass,0.023644798,1,Fail,0.01,XGBoost,Out-of-fold
WF-000086,2008-08-04 13:19:00,0,Pass,0.037690163,1,Fail,0.01,XGBoost,Out-of-fold
WF-001514,2008-10-15 00:47:00,0,Pass,0.016397333,1,Fail,0.01,XGBoost,Out-of-fold
WF-000173,2008-08-09 20:04:00,0,Pass,0.13884102,1,Fail,0.01,XGBoost,Out-of-fold
WF-000875,2008-09-17 21:52:00,0,Pass,0.013180307,1,Fail,0.01,XGBoost,Out-of-fold
WF-000043,2008-07-29 04:08:00,0,Pass,0.04731048,1,Fail,0.01,XGBoost,Out-of-fold
WF-000984,2008-09-21 10:49:00,0,Pass,0.0032404638,0,Pass,0.01,XGBoost,Out-of-fold
WF-001247,2008-10-02 15:58:00,0,Pass,0.009978109,0,Pass,0.01,XGBoost,Out-of-fold
WF-000487,2008-08-28 17:27:00,0,Pass,0.019849759,1,Fail,0.01,XGBoost,Out-of-fold
WF-001014,2008-09-22 14:27:00,0,Pass,0.009073236,0,Pass,0.01,XGBoost,Out-of-fold
WF-000778,2008-09-10 23:30:00,0,Pass,0.009730254,0,Pass,0.01,XGBoost,Out-of-fold
WF-000004,2008-07-19 14:43:00,0,Pass,0.01897216,1,Fail,0.01,XGBoost,Out-of-fold
WF-000374,2008-08-21 18:05:00,1,Fail,0.0045149014,0,Pass,0.01,XGBoost,Out-of-fold
WF-001557,2008-10-16 04:54:00,0,Pass,0.0037408578,0,Pass,0.01,XGBoost,Out-of-fold
WF-000523,2008-08-29 07:24:00,0,Pass,0.045727007,1,Fail,0.01,XGBoost,Out-of-fold
WF-001393,2008-10-07 09:59:00,0,Pass,0.0011138412,0,Pass,0.01,XGBoost,Out-of-fold
WF-000130,2008-08-06 02:20:00,0,Pass,0.02721788,1,Fail,0.01,XGBoost,Out-of-fold
WF-001328,2008-10-05 16:37:00,1,Fail,0.08657664,1,Fail,0.01,XGBoost,Out-of-fold
WF-000942,2008-09-20 07:21:00,0,Pass,0.030930957,1,Fail,0.01,XGBoost,Out-of-fold
WF-000527,2008-08-29 08:20:00,0,Pass,0.019328028,1,Fail,0.01,XGBoost,Out-of-fold
WF-000348,2008-08-21 04:22:00,0,Pass,0.03313501,1,Fail,0.01,XGBoost,Out-of-fold
WF-001115,2008-09-26 20:23:00,0,Pass,0.02695108,1,Fail,0.01,XGBoost,Out-of-fold
WF-000587,2008-08-30 15:06:00,0,Pass,0.0011372117,0,Pass,0.01,XGBoost,Out-of-fold
WF-001507,2008-10-14 20:01:00,0,Pass,0.0055424715,0,Pass,0.01,XGBoost,Out-of-fold
WF-001218,2008-10-01 14:22:00,0,Pass,0.18927003,1,Fail,0.01,XGBoost,Out-of-fold
WF-000181,2008-08-10 06:00:00,1,Fail,0.5313711,1,Fail,0.01,XGBoost,Out-of-fold
WF-000781,2008-09-11 05:20:00,0,Pass,0.0032465314,0,Pass,0.01,XGBoost,Out-of-fold
WF-000665,2008-09-02 06:32:00,0,Pass,0.0010274568,0,Pass,0.01,XGBoost,Out-of-fold
WF-000676,2008-09-02 10:33:00,0,Pass,0.0036800194,0,Pass,0.01,XGBoost,Out-of-fold
WF-001320,2008-10-05 11:30:00,0,Pass,0.037922755,1,Fail,0.01,XGBoost,Out-of-fold
WF-001287,2008-10-04 01:49:00,0,Pass,0.01128443,1,Fail,0.01,XGBoost,Out-of-fold
WF-000209,2008-08-15 19:19:00,0,Pass,0.038689703,1,Fail,0.01,XGBoost,Out-of-fold
WF-000928,2008-09-19 21:13:00,0,Pass,0.0003215527,0,Pass,0.01,XGBoost,Out-of-fold
WF-000017,2008-07-22 02:59:00,0,Pass,0.0020415063,0,Pass,0.01,XGBoost,Out-of-fold
WF-000126,2008-08-05 23:02:00,0,Pass,0.17727493,1,Fail,0.01,XGBoost,Out-of-fold
WF-000015,2008-07-21 11:53:00,1,Fail,0.1226712,1,Fail,0.01,XGBoost,Out-of-fold
WF-001267,2008-10-03 05:01:00,0,Pass,0.0092745265,0,Pass,0.01,XGBoost,Out-of-fold
WF-000110,2008-08-05 04:35:00,0,Pass,0.023046082,1,Fail,0.01,XGBoost,Out-of-fold
WF-001377,2008-10-06 20:02:00,0,Pass,0.0062669856,0,Pass,0.01,XGBoost,Out-of-fold
WF-000640,2008-09-01 23:24:00,0,Pass,0.014542986,1,Fail,0.01,XGBoost,Out-of-fold
WF-001199,2008-09-30 15:26:00,0,Pass,0.0045889122,0,Pass,0.01,XGBoost,Out-of-fold
WF-000340,2008-08-20 21:41:00,0,Pass,0.0014055583,0,Pass,0.01,XGBoost,Out-of-fold
WF-000073,2008-08-03 13:09:00,0,Pass,0.0049221767,0,Pass,0.01,XGBoost,Out-of-fold
WF-001044,2008-09-23 20:59:00,0,Pass,0.0030757308,0,Pass,0.01,XGBoost,Out-of-fold
WF-000978,2008-09-21 07:55:00,0,Pass,0.007020938,0,Pass,0.01,XGBoost,Out-of-fold
WF-000290,2008-08-19 05:53:00,0,Pass,0.038519196,1,Fail,0.01,XGBoost,Out-of-fold
WF-000127,2008-08-05 23:06:00,0,Pass,0.05998455,1,Fail,0.01,XGBoost,Out-of-fold
WF-000632,2008-09-01 10:57:00,0,Pass,0.006859203,0,Pass,0.01,XGBoost,Out-of-fold
WF-000339,2008-08-20 21:33:00,0,Pass,0.0053032204,0,Pass,0.01,XGBoost,Out-of-fold
WF-000319,2008-08-20 01:33:00,0,Pass,0.0072885705,0,Pass,0.01,XGBoost,Out-of-fold
WF-001081,2008-09-25 13:42:00,0,Pass,0.034792762,1,Fail,0.01,XGBoost,Out-of-fold
WF-001279,2008-10-03 20:35:00,0,Pass,0.016886612,1,Fail,0.01,XGBoost,Out-of-fold
WF-000651,2008-09-02 01:36:00,0,Pass,0.03614143,1,Fail,0.01,XGBoost,Out-of-fold
WF-000396,2008-08-22 01:54:00,0,Pass,0.019960767,1,Fail,0.01,XGBoost,Out-of-fold
WF-000072,2008-08-02 03:39:00,0,Pass,0.021855421,1,Fail,0.01,XGBoost,Out-of-fold
WF-000170,2008-08-09 11:42:00,1,Fail,0.49824712,1,Fail,0.01,XGBoost,Out-of-fold
WF-000230,2008-08-17 04:19:00,0,Pass,0.054927066,1,Fail,0.01,XGBoost,Out-of-fold
WF-000417,2008-08-22 12:13:00,0,Pass,0.0030749575,0,Pass,0.01,XGBoost,Out-of-fold
WF-000466,2008-08-28 04:54:00,0,Pass,0.0076862695,0,Pass,0.01,XGBoost,Out-of-fold
WF-000415,2008-08-22 10:47:00,0,Pass,0.018188603,1,Fail,0.01,XGBoost,Out-of-fold
WF-001508,2008-10-14 20:30:00,0,Pass,0.009898339,0,Pass,0.01,XGBoost,Out-of-fold
WF-000062,2008-07-31 17:07:00,0,Pass,0.0761492,1,Fail,0.01,XGBoost,Out-of-fold
WF-000286,2008-08-19 05:11:00,0,Pass,0.009853075,0,Pass,0.01,XGBoost,Out-of-fold
WF-000305,2008-08-19 11:28:00,0,Pass,0.09598651,1,Fail,0.01,XGBoost,Out-of-fold
WF-000738,2008-09-07 00:12:00,0,Pass,0.027579904,1,Fail,0.01,XGBoost,Out-of-fold
WF-000206,2008-08-15 10:14:00,0,Pass,0.055774905,1,Fail,0.01,XGBoost,Out-of-fold
WF-001518,2008-10-15 02:40:00,0,Pass,0.009105989,0,Pass,0.01,XGBoost,Out-of-fold
WF-001148,2008-09-28 07:38:00,0,Pass,0.021039493,1,Fail,0.01,XGBoost,Out-of-fold
WF-000805,2008-09-12 07:29:00,0,Pass,0.0018861666,0,Pass,0.01,XGBoost,Out-of-fold
WF-000813,2008-09-12 18:52:00,0,Pass,0.0025190352,0,Pass,0.01,XGBoost,Out-of-fold
WF-001423,2008-10-08 13:35:00,0,Pass,0.002664238,0,Pass,0.01,XGBoost,Out-of-fold
WF-000395,2008-08-22 01:27:00,0,Pass,0.0042126947,0,Pass,0.01,XGBoost,Out-of-fold
WF-000897,2008-09-19 02:44:00,0,Pass,0.006242738,0,Pass,0.01,XGBoost,Out-of-fold
WF-000776,2008-09-10 20:53:00,0,Pass,0.027880799,1,Fail,0.01,XGBoost,Out-of-fold
WF-001189,2008-09-30 01:36:00,0,Pass,0.0057931673,0,Pass,0.01,XGBoost,Out-of-fold
WF-000499,2008-08-28 22:57:00,0,Pass,0.016112396,1,Fail,0.01,XGBoost,Out-of-fold
WF-000300,2008-08-19 09:05:00,0,Pass,0.016742725,1,Fail,0.01,XGBoost,Out-of-fold
WF-000380,2008-08-21 20:19:00,0,Pass,0.21439382,1,Fail,0.01,XGBoost,Out-of-fold
WF-000277,2008-08-18 19:24:00,0,Pass,0.0288268,1,Fail,0.01,XGBoost,Out-of-fold
WF-000758,2008-09-08 06:37:00,0,Pass,0.04226796,1,Fail,0.01,XGBoost,Out-of-fold
WF-000906,2008-09-19 08:52:00,0,Pass,0.034168135,1,Fail,0.01,XGBoost,Out-of-fold
WF-000320,2008-08-20 01:42:00,0,Pass,0.004794341,0,Pass,0.01,XGBoost,Out-of-fold
WF-000403,2008-08-22 04:57:00,0,Pass,0.07620445,1,Fail,0.01,XGBoost,Out-of-fold
WF-001403,2008-10-07 14:35:00,0,Pass,0.012714943,1,Fail,0.01,XGBoost,Out-of-fold
WF-000963,2008-09-20 17:29:00,0,Pass,0.0018368968,0,Pass,0.01,XGBoost,Out-of-fold
WF-001408,2008-10-07 19:24:00,0,Pass,0.0037213461,0,Pass,0.01,XGBoost,Out-of-fold
WF-001103,2008-09-26 13:45:00,0,Pass,0.009237472,0,Pass,0.01,XGBoost,Out-of-fold
WF-000350,2008-08-21 05:06:00,0,Pass,0.06294954,1,Fail,0.01,XGBoost,Out-of-fold
WF-000341,2008-08-20 21:58:00,0,Pass,0.0048077353,0,Pass,0.01,XGBoost,Out-of-fold
WF-000203,2008-08-15 04:14:00,0,Pass,0.14102146,1,Fail,0.01,XGBoost,Out-of-fold
WF-000794,2008-09-11 16:28:00,0,Pass,0.01623785,1,Fail,0.01,XGBoost,Out-of-fold
WF-000030,2008-07-27 16:49:00,0,Pass,0.046676047,1,Fail,0.01,XGBoost,Out-of-fold
WF-000317,2008-08-19 20:53:00,0,Pass,0.043212976,1,Fail,0.01,XGBoost,Out-of-fold
WF-000064,2008-08-01 02:02:00,0,Pass,0.007176372,0,Pass,0.01,XGBoost,Out-of-fold
WF-000575,2008-08-30 09:13:00,0,Pass,0.018796582,1,Fail,0.01,XGBoost,Out-of-fold
WF-001092,2008-09-25 23:04:00,0,Pass,0.015946403,1,Fail,0.01,XGBoost,Out-of-fold
WF-000264,2008-08-18 13:07:00,0,Pass,0.0081845615,0,Pass,0.01,XGBoost,Out-of-fold
WF-000214,2008-08-16 05:47:00,0,Pass,0.08598099,1,Fail,0.01,XGBoost,Out-of-fold
WF-000966,2008-09-20 18:56:00,0,Pass,0.0017636797,0,Pass,0.01,XGBoost,Out-of-fold
WF-000607,2008-08-31 10:59:00,0,Pass,0.0022242472,0,Pass,0.01,XGBoost,Out-of-fold
WF-000190,2008-08-10 22:26:00,1,Fail,0.059969462,1,Fail,0.01,XGBoost,Out-of-fold
WF-000279,2008-08-18 23:00:00,0,Pass,0.0843757,1,Fail,0.01,XGBoost,Out-of-fold
WF-000613,2008-08-31 21:04:00,0,Pass,0.0018975756,0,Pass,0.01,XGBoost,Out-of-fold
WF-000382,2008-08-21 20:37:00,0,Pass,0.007708019,0,Pass,0.01,XGBoost,Out-of-fold
WF-001009,2008-09-22 11:50:00,0,Pass,0.0015986817,0,Pass,0.01,XGBoost,Out-of-fold
WF-000792,2008-09-11 15:05:00,0,Pass,0.007837043,0,Pass,0.01,XGBoost,Out-of-fold
WF-001020,2008-09-22 22:17:00,0,Pass,0.008951921,0,Pass,0.01,XGBoost,Out-of-fold
WF-000509,2008-08-29 04:55:00,1,Fail,0.009816452,0,Pass,0.01,XGBoost,Out-of-fold
WF-000464,2008-08-28 04:10:00,0,Pass,0.044844504,1,Fail,0.01,XGBoost,Out-of-fold
WF-000853,2008-09-15 19:54:00,0,Pass,0.008746285,0,Pass,0.01,XGBoost,Out-of-fold
WF-001302,2008-10-04 22:06:00,0,Pass,0.0055544297,0,Pass,0.01,XGBoost,Out-of-fold
WF-000483,2008-08-28 16:01:00,0,Pass,0.008030316,0,Pass,0.01,XGBoost,Out-of-fold
WF-001200,2008-09-30 16:13:00,0,Pass,0.0061682495,0,Pass,0.01,XGBoost,Out-of-fold
WF-001562,2008-10-16 15:02:00,0,Pass,0.0065767053,0,Pass,0.01,XGBoost,Out-of-fold
WF-001004,2008-09-22 01:43:00,0,Pass,0.0029692012,0,Pass,0.01,XGBoost,Out-of-fold
WF-001142,2008-09-28 00:51:00,0,Pass,0.11081896,1,Fail,0.01,XGBoost,Out-of-fold
WF-001525,2008-10-15 06:49:00,0,Pass,0.0006815844,0,Pass,0.01,XGBoost,Out-of-fold
WF-001451,2008-10-10 15:50:00,0,Pass,0.008564398,0,Pass,0.01,XGBoost,Out-of-fold
WF-000324,2008-08-20 03:12:00,1,Fail,0.012939375,1,Fail,0.01,XGBoost,Out-of-fold
WF-001319,2008-10-05 11:05:00,0,Pass,0.018173669,1,Fail,0.01,XGBoost,Out-of-fold
WF-000409,2008-08-22 07:17:00,0,Pass,0.016778456,1,Fail,0.01,XGBoost,Out-of-fold
WF-000267,2008-08-18 14:45:00,0,Pass,0.008796757,0,Pass,0.01,XGBoost,Out-of-fold
WF-000275,2008-08-18 17:16:00,0,Pass,0.13569942,1,Fail,0.01,XGBoost,Out-of-fold
WF-000681,2008-09-02 12:01:00,0,Pass,0.027759146,1,Fail,0.01,XGBoost,Out-of-fold
WF-001156,2008-09-28 17:55:00,0,Pass,0.060619786,1,Fail,0.01,XGBoost,Out-of-fold
WF-001485,2008-10-13 19:17:00,0,Pass,0.0009540179,0,Pass,0.01,XGBoost,Out-of-fold
WF-000780,2008-09-11 00:17:00,0,Pass,0.0066794455,0,Pass,0.01,XGBoost,Out-of-fold
WF-000153,2008-08-07 10:12:00,0,Pass,0.01577369,1,Fail,0.01,XGBoost,Out-of-fold
WF-000517,2008-08-29 06:37:00,0,Pass,0.012086292,1,Fail,0.01,XGBoost,Out-of-fold
WF-000048,2008-07-29 15:41:00,0,Pass,0.38940248,1,Fail,0.01,XGBoost,Out-of-fold
WF-000896,2008-09-19 01:57:00,0,Pass,0.004696622,0,Pass,0.01,XGBoost,Out-of-fold
WF-000774,2008-09-10 09:21:00,0,Pass,0.0029969637,0,Pass,0.01,XGBoost,Out-of-fold
WF-001474,2008-10-13 03:34:00,0,Pass,0.0021441162,0,Pass,0.01,XGBoost,Out-of-fold
WF-000372,2008-08-21 17:44:00,0,Pass,0.036927138,1,Fail,0.01,XGBoost,Out-of-fold
WF-001350,2008-10-06 06:49:00,0,Pass,0.0014929866,0,Pass,0.01,XGBoost,Out-of-fold
WF-001436,2008-10-08 23:13:00,0,Pass,0.36046684,1,Fail,0.01,XGBoost,Out-of-fold
WF-000411,2008-08-22 09:29:00,0,Pass,0.05173354,1,Fail,0.01,XGBoost,Out-of-fold
WF-001365,2008-10-06 13:55:00,1,Fail,0.47662842,1,Fail,0.01,XGBoost,Out-of-fold
WF-000668,2008-09-02 07:32:00,0,Pass,0.003580238,0,Pass,0.01,XGBoost,Out-of-fold
WF-000291,2008-08-19 05:54:00,0,Pass,0.027052587,1,Fail,0.01,XGBoost,Out-of-fold
WF-000648,2008-09-02 01:09:00,0,Pass,0.012671492,1,Fail,0.01,XGBoost,Out-of-fold
WF-001249,2008-10-02 16:58:00,0,Pass,0.13554725,1,Fail,0.01,XGBoost,Out-of-fold
WF-000325,2008-08-20 06:36:00,0,Pass,0.030649463,1,Fail,0.01,XGBoost,Out-of-fold
WF-001374,2008-10-06 18:54:00,0,Pass,0.008133967,0,Pass,0.01,XGBoost,Out-of-fold
WF-000184,2008-08-10 11:16:00,0,Pass,0.29857048,1,Fail,0.01,XGBoost,Out-of-fold
WF-001338,2008-10-06 01:27:00,0,Pass,0.012557124,1,Fail,0.01,XGBoost,Out-of-fold
WF-001411,2008-10-07 20:48:00,0,Pass,0.027980722,1,Fail,0.01,XGBoost,Out-of-fold
WF-000014,2008-07-21 08:21:00,0,Pass,0.0059778816,0,Pass,0.01,XGBoost,Out-of-fold
WF-001464,2008-10-11 16:25:00,0,Pass,0.0015349063,0,Pass,0.01,XGBoost,Out-of-fold
WF-000981,2008-09-21 09:16:00,0,Pass,0.0046897796,0,Pass,0.01,XGBoost,Out-of-fold
WF-000100,2008-08-04 23:33:00,0,Pass,0.07814152,1,Fail,0.01,XGBoost,Out-of-fold
WF-000938,2008-09-20 05:22:00,0,Pass,0.0077540143,0,Pass,0.01,XGBoost,Out-of-fold
WF-000783,2008-09-11 07:43:00,0,Pass,0.006114775,0,Pass,0.01,XGBoost,Out-of-fold
WF-000870,2008-09-16 22:45:00,0,Pass,0.0047468375,0,Pass,0.01,XGBoost,Out-of-fold
WF-001112,2008-09-26 19:38:00,0,Pass,0.0040355525,0,Pass,0.01,XGBoost,Out-of-fold
WF-000855,2008-09-15 22:13:00,0,Pass,0.015996773,1,Fail,0.01,XGBoost,Out-of-fold
WF-000941,2008-09-20 06:08:00,0,Pass,0.007336535,0,Pass,0.01,XGBoost,Out-of-fold
WF-000669,2008-09-02 08:15:00,0,Pass,0.01026183,1,Fail,0.01,XGBoost,Out-of-fold
WF-001226,2008-10-02 00:21:00,0,Pass,0.17600663,1,Fail,0.01,XGBoost,Out-of-fold
WF-000056,2008-07-30 07:08:00,0,Pass,0.42383215,1,Fail,0.01,XGBoost,Out-of-fold
WF-000308,2008-08-19 11:57:00,0,Pass,0.005692559,0,Pass,0.01,XGBoost,Out-of-fold
WF-000900,2008-09-19 05:57:00,0,Pass,0.05625124,1,Fail,0.01,XGBoost,Out-of-fold
WF-001517,2008-10-15 01:52:00,0,Pass,0.00298626,0,Pass,0.01,XGBoost,Out-of-fold
WF-001266,2008-10-03 04:49:00,0,Pass,0.058840893,1,Fail,0.01,XGBoost,Out-of-fold
WF-000543,2008-08-29 20:21:00,0,Pass,0.03491512,1,Fail,0.01,XGBoost,Out-of-fold
WF-000292,2008-08-19 05:56:00,1,Fail,0.012176392,1,Fail,0.01,XGBoost,Out-of-fold
WF-001441,2008-10-09 07:38:00,0,Pass,0.016133174,1,Fail,0.01,XGBoost,Out-of-fold
WF-000702,2008-09-02 19:18:00,0,Pass,0.001346136,0,Pass,0.01,XGBoost,Out-of-fold
WF-001313,2008-10-05 08:02:00,0,Pass,0.021434225,1,Fail,0.01,XGBoost,Out-of-fold
WF-000293,2008-08-19 06:24:00,0,Pass,0.07217996,1,Fail,0.01,XGBoost,Out-of-fold
WF-001357,2008-10-06 09:11:00,0,Pass,0.00577083,0,Pass,0.01,XGBoost,Out-of-fold
WF-001056,2008-09-24 10:10:00,0,Pass,0.12148498,1,Fail,0.01,XGBoost,Out-of-fold
WF-000646,2008-09-02 00:31:00,0,Pass,0.0031370404,0,Pass,0.01,XGBoost,Out-of-fold
WF-000545,2008-08-29 21:25:00,0,Pass,0.0077960384,0,Pass,0.01,XGBoost,Out-of-fold
WF-000590,2008-08-30 15:50:00,0,Pass,0.003976606,0,Pass,0.01,XGBoost,Out-of-fold
WF-000808,2008-09-12 13:08:00,0,Pass,0.0012265713,0,Pass,0.01,XGBoost,Out-of-fold
WF-000822,2008-09-13 02:57:00,0,Pass,0.0043926556,0,Pass,0.01,XGBoost,Out-of-fold
WF-001271,2008-10-03 09:30:00,0,Pass,0.0065267524,0,Pass,0.01,XGBoost,Out-of-fold
WF-000949,2008-09-20 12:36:00,0,Pass,0.0055686864,0,Pass,0.01,XGBoost,Out-of-fold
WF-000722,2008-09-04 08:01:00,0,Pass,0.0035770107,0,Pass,0.01,XGBoost,Out-of-fold
WF-000440,2008-08-23 13:02:00,0,Pass,0.0021946295,0,Pass,0.01,XGBoost,Out-of-fold
WF-000610,2008-08-31 15:13:00,0,Pass,0.010901238,1,Fail,0.01,XGBoost,Out-of-fold
WF-000677,2008-09-02 11:08:00,0,Pass,0.003373608,0,Pass,0.01,XGBoost,Out-of-fold
WF-001222,2008-10-01 21:15:00,0,Pass,0.009842154,0,Pass,0.01,XGBoost,Out-of-fold
WF-001207,2008-09-30 23:34:00,0,Pass,0.059014447,1,Fail,0.01,XGBoost,Out-of-fold
WF-000303,2008-08-19 11:13:00,0,Pass,0.03884411,1,Fail,0.01,XGBoost,Out-of-fold
WF-000700,2008-09-02 18:38:00,0,Pass,0.0054198294,0,Pass,0.01,XGBoost,Out-of-fold
WF-000769,2008-09-08 22:17:00,0,Pass,0.015782828,1,Fail,0.01,XGBoost,Out-of-fold
WF-001173,2008-09-29 07:53:00,0,Pass,0.0027436477,0,Pass,0.01,XGBoost,Out-of-fold
WF-001404,2008-10-07 16:32:00,0,Pass,0.030469194,1,Fail,0.01,XGBoost,Out-of-fold
WF-000680,2008-09-02 11:49:00,0,Pass,0.020747256,1,Fail,0.01,XGBoost,Out-of-fold
WF-001101,2008-09-26 11:08:00,0,Pass,0.017885873,1,Fail,0.01,XGBoost,Out-of-fold
WF-000762,2008-09-08 19:14:00,0,Pass,0.01808748,1,Fail,0.01,XGBoost,Out-of-fold
WF-000638,2008-09-01 23:05:00,0,Pass,0.001839194,0,Pass,0.01,XGBoost,Out-of-fold
WF-000472,2008-08-28 07:51:00,0,Pass,0.0014818142,0,Pass,0.01,XGBoost,Out-of-fold
WF-000574,2008-08-30 08:53:00,0,Pass,0.002365046,0,Pass,0.01,XGBoost,Out-of-fold
WF-001152,2008-09-28 09:50:00,1,Fail,0.006820462,0,Pass,0.01,XGBoost,Out-of-fold
WF-000078,2008-08-03 16:00:00,0,Pass,0.16402811,1,Fail,0.01,XGBoost,Out-of-fold
WF-001340,2008-10-06 02:44:00,0,Pass,0.0193042,1,Fail,0.01,XGBoost,Out-of-fold
WF-000025,2008-07-27 04:18:00,0,Pass,0.018578442,1,Fail,0.01,XGBoost,Out-of-fold
WF-001077,2008-09-25 10:23:00,0,Pass,0.024213158,1,Fail,0.01,XGBoost,Out-of-fold
WF-001251,2008-10-02 17:19:00,0,Pass,0.15413037,1,Fail,0.01,XGBoost,Out-of-fold
WF-000387,2008-08-21 23:27:00,0,Pass,0.0089015635,0,Pass,0.01,XGBoost,Out-of-fold
WF-000992,2008-09-21 15:34:00,0,Pass,0.055866186,1,Fail,0.01,XGBoost,Out-of-fold
WF-001493,2008-10-13 21:57:00,0,Pass,0.003970148,0,Pass,0.01,XGBoost,Out-of-fold
WF-000592,2008-08-30 16:24:00,0,Pass,0.0020238631,0,Pass,0.01,XGBoost,Out-of-fold
WF-001472,2008-10-12 08:19:00,0,Pass,0.0011074223,0,Pass,0.01,XGBoost,Out-of-fold
WF-000146,2008-08-06 23:40:00,0,Pass,0.038540274,1,Fail,0.01,XGBoost,Out-of-fold
WF-000013,2008-07-20 03:35:00,0,Pass,0.02373045,1,Fail,0.01,XGBoost,Out-of-fold
WF-000278,2008-08-18 19:54:00,1,Fail,0.05818903,1,Fail,0.01,XGBoost,Out-of-fold
WF-000283,2008-08-19 03:59:00,1,Fail,0.041003875,1,Fail,0.01,XGBoost,Out-of-fold
WF-000902,2008-09-19 06:44:00,0,Pass,0.0034942415,0,Pass,0.01,XGBoost,Out-of-fold
WF-000047,2008-07-29 11:47:00,0,Pass,0.5812563,1,Fail,0.01,XGBoost,Out-of-fold
WF-001298,2008-10-04 19:12:00,0,Pass,0.10182204,1,Fail,0.01,XGBoost,Out-of-fold
WF-000149,2008-08-07 07:30:00,0,Pass,0.052057847,1,Fail,0.01,XGBoost,Out-of-fold
WF-000034,2008-07-27 23:14:00,0,Pass,0.14847235,1,Fail,0.01,XGBoost,Out-of-fold
WF-000271,2008-08-18 15:33:00,0,Pass,0.0145246275,1,Fail,0.01,XGBoost,Out-of-fold
WF-001162,2008-09-28 20:42:00,0,Pass,0.10578649,1,Fail,0.01,XGBoost,Out-of-fold
WF-000322,2008-08-20 02:27:00,1,Fail,0.068344064,1,Fail,0.01,XGBoost,Out-of-fold
WF-000095,2008-08-04 19:58:00,0,Pass,0.025813412,1,Fail,0.01,XGBoost,Out-of-fold
WF-000376,2008-08-21 18:53:00,0,Pass,0.020243017,1,Fail,0.01,XGBoost,Out-of-fold
WF-001155,2008-09-28 17:49:00,0,Pass,0.03185479,1,Fail,0.01,XGBoost,Out-of-fold
WF-000589,2008-08-30 15:37:00,0,Pass,0.05107353,1,Fail,0.01,XGBoost,Out-of-fold
WF-000551,2008-08-29 22:56:00,0,Pass,0.018348094,1,Fail,0.01,XGBoost,Out-of-fold
WF-000211,2008-08-15 20:03:00,0,Pass,0.015987603,1,Fail,0.01,XGBoost,Out-of-fold
WF-001312,2008-10-05 06:15:00,0,Pass,0.030823767,1,Fail,0.01,XGBoost,Out-of-fold
WF-001299,2008-10-04 19:47:00,0,Pass,0.029926326,1,Fail,0.01,XGBoost,Out-of-fold
WF-001024,2008-09-23 06:44:00,0,Pass,0.01710976,1,Fail,0.01,XGBoost,Out-of-fold
WF-001174,2008-09-29 09:15:00,0,Pass,0.030619735,1,Fail,0.01,XGBoost,Out-of-fold
WF-000921,2008-09-19 20:05:00,0,Pass,0.013351178,1,Fail,0.01,XGBoost,Out-of-fold
WF-000720,2008-09-03 20:00:00,0,Pass,0.0011555204,0,Pass,0.01,XGBoost,Out-of-fold
WF-000970,2008-09-21 00:48:00,0,Pass,0.004300709,0,Pass,0.01,XGBoost,Out-of-fold
WF-000169,2008-08-09 09:22:00,0,Pass,0.3999305,1,Fail,0.01,XGBoost,Out-of-fold
WF-000388,2008-08-21 23:53:00,0,Pass,0.018044796,1,Fail,0.01,XGBoost,Out-of-fold
WF-000055,2008-07-30 06:30:00,0,Pass,0.36791694,1,Fail,0.01,XGBoost,Out-of-fold
WF-000121,2008-08-05 14:45:00,0,Pass,0.019153522,1,Fail,0.01,XGBoost,Out-of-fold
WF-000453,2008-08-27 12:22:00,0,Pass,0.048739206,1,Fail,0.01,XGBoost,Out-of-fold
WF-001458,2008-10-11 07:38:00,0,Pass,0.0053725834,0,Pass,0.01,XGBoost,Out-of-fold
WF-000724,2008-09-04 08:33:00,0,Pass,0.0013546203,0,Pass,0.01,XGBoost,Out-of-fold
WF-001463,2008-10-11 15:33:00,0,Pass,0.0018927959,0,Pass,0.01,XGBoost,Out-of-fold
WF-000910,2008-09-19 11:13:00,0,Pass,0.00259803,0,Pass,0.01,XGBoost,Out-of-fold
WF-000529,2008-08-29 08:45:00,0,Pass,0.007803105,0,Pass,0.01,XGBoost,Out-of-fold
WF-000353,2008-08-21 11:22:00,0,Pass,0.0025022465,0,Pass,0.01,XGBoost,Out-of-fold
WF-001188,2008-09-30 01:33:00,0,Pass,0.11822287,1,Fail,0.01,XGBoost,Out-of-fold
WF-000944,2008-09-20 10:51:00,0,Pass,0.018502064,1,Fail,0.01,XGBoost,Out-of-fold
WF-000255,2008-08-18 07:29:00,0,Pass,0.112219974,1,Fail,0.01,XGBoost,Out-of-fold
WF-001290,2008-10-04 04:12:00,0,Pass,0.004258888,0,Pass,0.01,XGBoost,Out-of-fold
WF-000228,2008-08-17 03:18:00,0,Pass,0.39556316,1,Fail,0.01,XGBoost,Out-of-fold
WF-000145,2008-08-06 22:27:00,0,Pass,0.06700856,1,Fail,0.01,XGBoost,Out-of-fold
WF-001291,2008-10-04 04:45:00,0,Pass,0.0048807943,0,Pass,0.01,XGBoost,Out-of-fold
WF-001409,2008-10-07 20:19:00,0,Pass,0.013551672,1,Fail,0.01,XGBoost,Out-of-fold
WF-000119,2008-08-05 09:48:00,0,Pass,0.03334374,1,Fail,0.01,XGBoost,Out-of-fold
WF-000197,2008-08-12 06:16:00,0,Pass,0.09426659,1,Fail,0.01,XGBoost,Out-of-fold
WF-001215,2008-10-01 08:15:00,0,Pass,0.034610376,1,Fail,0.01,XGBoost,Out-of-fold
WF-000147,2008-08-06 23:45:00,0,Pass,0.015434766,1,Fail,0.01,XGBoost,Out-of-fold
WF-001109,2008-09-26 16:31:00,0,Pass,0.03474365,1,Fail,0.01,XGBoost,Out-of-fold
WF-001223,2008-10-01 21:50:00,0,Pass,0.11505443,1,Fail,0.01,XGBoost,Out-of-fold
WF-000912,2008-09-19 13:59:00,0,Pass,0.00875654,0,Pass,0.01,XGBoost,Out-of-fold
WF-000475,2008-08-28 09:49:00,0,Pass,0.009580501,0,Pass,0.01,XGBoost,Out-of-fold
WF-000021,2008-07-22 15:30:00,0,Pass,0.053579036,1,Fail,0.01,XGBoost,Out-of-fold
WF-000843,2008-09-14 20:43:00,0,Pass,0.0295523,1,Fail,0.01,XGBoost,Out-of-fold
WF-001431,2008-10-08 18:22:00,0,Pass,0.0020343338,0,Pass,0.01,XGBoost,Out-of-fold
WF-000914,2008-09-19 16:40:00,0,Pass,0.006601563,0,Pass,0.01,XGBoost,Out-of-fold
WF-000101,2008-08-05 00:04:00,0,Pass,0.0072243186,0,Pass,0.01,XGBoost,Out-of-fold
WF-000594,2008-08-30 17:49:00,0,Pass,0.004614007,0,Pass,0.01,XGBoost,Out-of-fold
WF-000003,2008-07-19 13:17:00,1,Fail,0.41168544,1,Fail,0.01,XGBoost,Out-of-fold
WF-000939,2008-09-20 05:25:00,0,Pass,0.011270573,1,Fail,0.01,XGBoost,Out-of-fold
WF-001381,2008-10-06 21:48:00,0,Pass,0.0008601242,0,Pass,0.01,XGBoost,Out-of-fold
WF-000950,2008-09-20 12:57:00,0,Pass,0.010055876,1,Fail,0.01,XGBoost,Out-of-fold
WF-000611,2008-08-31 16:32:00,0,Pass,0.013028122,1,Fail,0.01,XGBoost,Out-of-fold
WF-000784,2008-09-11 08:06:00,0,Pass,0.008633278,0,Pass,0.01,XGBoost,Out-of-fold
WF-001484,2008-10-13 16:13:00,0,Pass,0.0026066194,0,Pass,0.01,XGBoost,Out-of-fold
WF-001538,2008-10-15 18:16:00,0,Pass,0.0006016567,0,Pass,0.01,XGBoost,Out-of-fold
WF-000493,2008-08-28 18:47:00,0,Pass,0.008703823,0,Pass,0.01,XGBoost,Out-of-fold
WF-000993,2008-09-21 16:43:00,0,Pass,0.012363616,1,Fail,0.01,XGBoost,Out-of-fold
WF-000756,2008-09-08 03:48:00,0,Pass,0.00862908,0,Pass,0.01,XGBoost,Out-of-fold
WF-001161,2008-09-28 20:02:00,0,Pass,0.016169893,1,Fail,0.01,XGBoost,Out-of-fold
WF-000544,2008-08-29 20:49:00,0,Pass,0.06533183,1,Fail,0.01,XGBoost,Out-of-fold
WF-000985,2008-09-21 11:33:00,0,Pass,0.0020408905,0,Pass,0.01,XGBoost,Out-of-fold
WF-001437,2008-10-08 23:50:00,0,Pass,0.026804067,1,Fail,0.01,XGBoost,Out-of-fold
WF-000636,2008-09-01 20:51:00,0,Pass,0.034525312,1,Fail,0.01,XGBoost,Out-of-fold
WF-000273,2008-08-18 16:19:00,0,Pass,0.16180286,1,Fail,0.01,XGBoost,Out-of-fold
WF-001314,2008-10-05 08:40:00,0,Pass,0.015129157,1,Fail,0.01,XGBoost,Out-of-fold
WF-000936,2008-09-20 04:13:00,0,Pass,0.0009769812,0,Pass,0.01,XGBoost,Out-of-fold
WF-000602,2008-08-31 04:46:00,1,Fail,0.0015948936,0,Pass,0.01,XGBoost,Out-of-fold
WF-001280,2008-10-03 20:46:00,0,Pass,0.040471304,1,Fail,0.01,XGBoost,Out-of-fold
WF-000410,2008-08-22 07:27:00,0,Pass,0.00431161,0,Pass,0.01,XGBoost,Out-of-fold
WF-000148,2008-08-07 00:51:00,0,Pass,0.09457132,1,Fail,0.01,XGBoost,Out-of-fold
WF-000975,2008-09-21 04:17:00,0,Pass,0.0046517067,0,Pass,0.01,XGBoost,Out-of-fold
WF-000115,2008-08-05 07:12:00,0,Pass,0.016112495,1,Fail,0.01,XGBoost,Out-of-fold
WF-001446,2008-10-10 10:05:00,0,Pass,0.0076354076,0,Pass,0.01,XGBoost,Out-of-fold
WF-000502,2008-08-29 00:49:00,0,Pass,0.015263931,1,Fail,0.01,XGBoost,Out-of-fold
WF-000360,2008-08-21 13:19:00,0,Pass,0.026302509,1,Fail,0.01,XGBoost,Out-of-fold
WF-000795,2008-09-11 21:13:00,0,Pass,0.0040033134,0,Pass,0.01,XGBoost,Out-of-fold
WF-000342,2008-08-20 22:13:00,0,Pass,0.004101411,0,Pass,0.01,XGBoost,Out-of-fold
WF-000785,2008-09-11 08:58:00,0,Pass,0.010382516,1,Fail,0.01,XGBoost,Out-of-fold
WF-001015,2008-09-22 14:36:00,0,Pass,0.038546395,1,Fail,0.01,XGBoost,Out-of-fold
WF-001181,2008-09-29 15:09:00,0,Pass,0.0015391625,0,Pass,0.01,XGBoost,Out-of-fold
WF-001490,2008-10-13 20:53:00,0,Pass,0.015649341,1,Fail,0.01,XGBoost,Out-of-fold
WF-000185,2008-08-10 11:49:00,0,Pass,0.02136791,1,Fail,0.01,XGBoost,Out-of-fold
WF-001513,2008-10-15 00:27:00,0,Pass,0.00046160544,0,Pass,0.01,XGBoost,Out-of-fold
WF-000641,2008-09-01 23:28:00,0,Pass,0.002459255,0,Pass,0.01,XGBoost,Out-of-fold
WF-001288,2008-10-04 02:36:00,0,Pass,0.0018220025,0,Pass,0.01,XGBoost,Out-of-fold
WF-001052,2008-09-24 05:22:00,0,Pass,0.047752135,1,Fail,0.01,XGBoost,Out-of-fold
WF-000311,2008-08-19 15:33:00,0,Pass,0.016760388,1,Fail,0.01,XGBoost,Out-of-fold
WF-001184,2008-09-29 17:21:00,0,Pass,0.0625099,1,Fail,0.01,XGBoost,Out-of-fold
WF-000251,2008-08-18 06:11:00,0,Pass,0.063483156,1,Fail,0.01,XGBoost,Out-of-fold
WF-000803,2008-09-12 06:45:00,0,Pass,0.00587537,0,Pass,0.01,XGBoost,Out-of-fold
WF-001264,2008-10-03 03:52:00,0,Pass,0.060936358,1,Fail,0.01,XGBoost,Out-of-fold
WF-000208,2008-08-15 18:19:00,0,Pass,0.3378363,1,Fail,0.01,XGBoost,Out-of-fold
WF-000482,2008-08-28 15:19:00,0,Pass,0.05486658,1,Fail,0.01,XGBoost,Out-of-fold
WF-000506,2008-08-29 03:27:00,0,Pass,0.030827552,1,Fail,0.01,XGBoost,Out-of-fold
WF-000274,2008-08-18 17:13:00,1,Fail,0.039607547,1,Fail,0.01,XGBoost,Out-of-fold
WF-000075,2008-08-03 14:25:00,0,Pass,0.03939627,1,Fail,0.01,XGBoost,Out-of-fold
WF-000578,2008-08-30 10:15:00,0,Pass,0.03207917,1,Fail,0.01,XGBoost,Out-of-fold
WF-000354,2008-08-21 12:00:00,0,Pass,0.010672103,1,Fail,0.01,XGBoost,Out-of-fold
WF-000619,2008-09-01 00:01:00,0,Pass,0.0077551366,0,Pass,0.01,XGBoost,Out-of-fold
WF-000548,2008-08-29 22:11:00,0,Pass,0.014376686,1,Fail,0.01,XGBoost,Out-of-fold
WF-000282,2008-08-19 01:10:00,0,Pass,0.11242567,1,Fail,0.01,XGBoost,Out-of-fold
WF-001430,2008-10-08 17:41:00,0,Pass,0.0023531346,0,Pass,0.01,XGBoost,Out-of-fold
WF-000114,2008-08-05 06:21:00,0,Pass,0.06944993,1,Fail,0.01,XGBoost,Out-of-fold
WF-000227,2008-08-17 03:17:00,0,Pass,0.0044614766,0,Pass,0.01,XGBoost,Out-of-fold
WF-001495,2008-10-13 22:54:00,0,Pass,0.0011368381,0,Pass,0.01,XGBoost,Out-of-fold
WF-000986,2008-09-21 12:04:00,0,Pass,0.19760223,1,Fail,0.01,XGBoost,Out-of-fold
WF-000559,2008-08-30 02:39:00,0,Pass,0.01645891,1,Fail,0.01,XGBoost,Out-of-fold
WF-000845,2008-09-14 21:31:00,0,Pass,0.012235747,1,Fail,0.01,XGBoost,Out-of-fold
WF-000009,2008-07-19 20:24:00,0,Pass,0.38911232,1,Fail,0.01,XGBoost,Out-of-fold
WF-001145,2008-09-28 04:45:00,1,Fail,0.06279841,1,Fail,0.01,XGBoost,Out-of-fold
WF-000967,2008-09-20 19:14:00,0,Pass,0.012755723,1,Fail,0.01,XGBoost,Out-of-fold
WF-000734,2008-09-04 17:30:00,0,Pass,0.002380941,0,Pass,0.01,XGBoost,Out-of-fold
WF-001453,2008-10-10 21:03:00,0,Pass,0.022451919,1,Fail,0.01,XGBoost,Out-of-fold
WF-000580,2008-08-30 11:12:00,0,Pass,0.0023974595,0,Pass,0.01,XGBoost,Out-of-fold
WF-001502,2008-10-14 14:07:00,0,Pass,0.0035688318,0,Pass,0.01,XGBoost,Out-of-fold
WF-000637,2008-09-01 22:05:00,0,Pass,0.0029078545,0,Pass,0.01,XGBoost,Out-of-fold
WF-001164,2008-09-28 21:27:00,0,Pass,0.00748079,0,Pass,0.01,XGBoost,Out-of-fold
WF-000526,2008-08-29 08:10:00,0,Pass,0.012170216,1,Fail,0.01,XGBoost,Out-of-fold
WF-001137,2008-09-27 17:26:00,0,Pass,0.0210141,1,Fail,0.01,XGBoost,Out-of-fold
WF-000831,2008-09-13 16:04:00,0,Pass,0.002221305,0,Pass,0.01,XGBoost,Out-of-fold
WF-000719,2008-09-03 18:16:00,0,Pass,0.010156462,1,Fail,0.01,XGBoost,Out-of-fold
WF-001524,2008-10-15 05:16:00,0,Pass,0.013068693,1,Fail,0.01,XGBoost,Out-of-fold
WF-000615,2008-08-31 21:58:00,0,Pass,0.005458278,0,Pass,0.01,XGBoost,Out-of-fold
WF-001503,2008-10-14 14:15:00,0,Pass,0.0008840966,0,Pass,0.01,XGBoost,Out-of-fold
WF-001270,2008-10-03 08:35:00,0,Pass,0.0042438093,0,Pass,0.01,XGBoost,Out-of-fold
WF-000029,2008-07-27 16:06:00,0,Pass,0.021338798,1,Fail,0.01,XGBoost,Out-of-fold
WF-001254,2008-10-02 20:54:00,0,Pass,0.021015514,1,Fail,0.01,XGBoost,Out-of-fold
WF-000420,2008-08-22 13:22:00,0,Pass,0.01686617,1,Fail,0.01,XGBoost,Out-of-fold
WF-000800,2008-09-12 05:55:00,0,Pass,0.058989428,1,Fail,0.01,XGBoost,Out-of-fold
WF-001418,2008-10-08 07:16:00,0,Pass,0.014897803,1,Fail,0.01,XGBoost,Out-of-fold
WF-000832,2008-09-13 20:06:00,1,Fail,0.019758658,1,Fail,0.01,XGBoost,Out-of-fold
WF-001516,2008-10-15 01:52:00,0,Pass,0.0028959545,0,Pass,0.01,XGBoost,Out-of-fold
WF-001466,2008-10-11 23:58:00,0,Pass,0.0009516331,0,Pass,0.01,XGBoost,Out-of-fold
WF-000058,2008-07-30 12:29:00,1,Fail,0.22022708,1,Fail,0.01,XGBoost,Out-of-fold
WF-001323,2008-10-05 13:49:00,0,Pass,0.009172669,0,Pass,0.01,XGBoost,Out-of-fold
WF-000887,2008-09-18 17:22:00,0,Pass,0.0044293264,0,Pass,0.01,XGBoost,Out-of-fold
WF-000737,2008-09-07 00:08:00,0,Pass,0.031652942,1,Fail,0.01,XGBoost,Out-of-fold
WF-000656,2008-09-02 02:52:00,0,Pass,0.0066164583,0,Pass,0.01,XGBoost,Out-of-fold
WF-000771,2008-09-09 03:53:00,0,Pass,0.017767137,1,Fail,0.01,XGBoost,Out-of-fold
WF-000899,2008-09-19 05:33:00,0,Pass,0.0027579647,0,Pass,0.01,XGBoost,Out-of-fold
WF-000397,2008-08-22 02:01:00,0,Pass,0.012735436,1,Fail,0.01,XGBoost,Out-of-fold
WF-000138,2008-08-06 18:00:00,0,Pass,0.06681175,1,Fail,0.01,XGBoost,Out-of-fold
WF-001055,2008-09-24 07:23:00,0,Pass,0.003097819,0,Pass,0.01,XGBoost,Out-of-fold
WF-000698,2008-09-02 17:10:00,0,Pass,0.044272467,1,Fail,0.01,XGBoost,Out-of-fold
WF-001439,2008-10-09 04:34:00,1,Fail,0.014641887,1,Fail,0.01,XGBoost,Out-of-fold
WF-000503,2008-08-29 01:06:00,0,Pass,0.24295308,1,Fail,0.01,XGBoost,Out-of-fold
WF-001520,2008-10-15 02:42:00,1,Fail,0.019833755,1,Fail,0.01,XGBoost,Out-of-fold
WF-001175,2008-09-29 11:13:00,0,Pass,0.3973113,1,Fail,0.01,XGBoost,Out-of-fold
