wafer_id,timestamp,target,status,baseline_balanced_random_forest_fail_probability,baseline_balanced_random_forest_predicted_target,baseline_balanced_random_forest_threshold,augmented_balanced_random_forest_fail_probability,augmented_balanced_random_forest_predicted_target,augmented_balanced_random_forest_threshold,augmented_xgboost_fail_probability,augmented_xgboost_predicted_target,augmented_xgboost_threshold
WF-000309,2008-08-19 11:58:00,0,Pass,0.4137380952380952,1,0.385,0.4271249999999999,1,0.38,0.010334847,1,0.01
WF-000236,2008-08-17 21:26:00,1,Fail,0.3970952380952381,1,0.385,0.4227083333333334,1,0.38,0.054900043,1,0.01
WF-000183,2008-08-10 07:01:00,1,Fail,0.5459285714285714,1,0.385,0.5787499999999999,1,0.38,0.08826231,1,0.01
WF-001304,2008-10-05 00:33:00,1,Fail,0.4067619047619047,1,0.385,0.450375,1,0.38,0.045969974,1,0.01
WF-001248,2008-10-02 16:32:00,0,Pass,0.3563571428571428,0,0.385,0.3671249999999999,0,0.38,0.007356885,0,0.01
WF-001179,2008-09-29 14:04:00,0,Pass,0.3629761904761905,0,0.385,0.32885416666666656,0,0.38,0.008398034,0,0.01
WF-000934,2008-09-20 00:33:00,0,Pass,0.3167380952380953,0,0.385,0.33756249999999993,0,0.38,0.002308904,0,0.01
WF-000172,2008-08-09 19:03:00,0,Pass,0.5511190476190476,1,0.385,0.5919791666666667,1,0.38,0.15645824,1,0.01
WF-000433,2008-08-23 04:52:00,0,Pass,0.3759285714285714,0,0.385,0.43829166666666675,1,0.38,0.006758647,0,0.01
WF-001491,2008-10-13 21:20:00,0,Pass,0.3654285714285714,0,0.385,0.34383333333333327,0,0.38,0.013658589,1,0.01
WF-000684,2008-09-02 12:30:00,0,Pass,0.3968809523809524,1,0.385,0.37166666666666665,0,0.38,0.014544878,1,0.01
WF-000597,2008-08-30 20:11:00,0,Pass,0.4108095238095238,1,0.385,0.3606875000000001,0,0.38,0.020701278,1,0.01
WF-000917,2008-09-19 18:11:00,0,Pass,0.2753571428571429,0,0.385,0.2733541666666666,0,0.38,0.0047841254,0,0.01
WF-000458,2008-08-27 22:58:00,0,Pass,0.5250952380952381,1,0.385,0.5488333333333333,1,0.38,0.14127822,1,0.01
WF-000378,2008-08-21 19:12:00,0,Pass,0.47845238095238096,1,0.385,0.4352291666666667,1,0.38,0.028173516,1,0.01
WF-000704,2008-09-02 20:52:00,0,Pass,0.3702142857142858,0,0.385,0.3737083333333334,0,0.38,0.00823014,0,0.01
WF-000791,2008-09-11 14:31:00,0,Pass,0.3526190476190477,0,0.385,0.33379166666666665,0,0.38,0.012651398,1,0.01
WF-000538,2008-08-29 14:18:00,0,Pass,0.43373809523809526,1,0.385,0.3911875000000001,1,0.38,0.011753902,1,0.01
WF-001509,2008-10-14 20:48:00,0,Pass,0.20264285714285712,0,0.385,0.21289583333333337,0,0.38,0.0005912526,0,0.01
WF-001511,2008-10-14 23:07:00,0,Pass,0.30809523809523803,0,0.385,0.3280625,0,0.38,0.0009891443,0,0.01
WF-001438,2008-10-09 00:23:00,0,Pass,0.2960952380952381,0,0.385,0.32020833333333343,0,0.38,0.0020290734,0,0.01
WF-000362,2008-08-21 13:45:00,0,Pass,0.42730952380952375,1,0.385,0.40006249999999993,1,0.38,0.00997582,0,0.01
WF-000772,2008-09-09 08:44:00,0,Pass,0.29733333333333334,0,0.385,0.3263958333333332,0,0.38,0.010884294,1,0.01
WF-000336,2008-08-20 18:35:00,0,Pass,0.417404761904762,1,0.385,0.48039583333333336,1,0.38,0.0014905971,0,0.01
WF-000733,2008-09-04 16:56:00,0,Pass,0.2995952380952381,0,0.385,0.2688541666666666,0,0.38,0.0023573819,0,0.01
WF-000757,2008-09-08 04:21:00,0,Pass,0.24152380952380956,0,0.385,0.27245833333333336,0,0.38,0.0021664042,0,0.01
WF-001054,2008-09-24 06:14:00,0,Pass,0.4031428571428573,1,0.385,0.3682083333333334,0,0.38,0.015252681,1,0.01
WF-001380,2008-10-06 21:46:00,0,Pass,0.39473809523809517,1,0.385,0.41287499999999994,1,0.38,0.021080172,1,0.01
WF-000331,2008-08-20 16:16:00,0,Pass,0.4738809523809522,1,0.385,0.46195833333333347,1,0.38,0.011456224,1,0.01
WF-001300,2008-10-04 19:54:00,0,Pass,0.47304761904761905,1,0.385,0.41127083333333325,1,0.38,0.08837302,1,0.01
WF-000901,2008-09-19 06:01:00,0,Pass,0.23909523809523806,0,0.385,0.3003958333333333,0,0.38,0.0019220024,0,0.01
WF-001539,2008-10-15 19:15:00,0,Pass,0.2537142857142857,0,0.385,0.2546666666666667,0,0.38,0.0031269882,0,0.01
WF-001278,2008-10-03 20:26:00,0,Pass,0.3514523809523809,0,0.385,0.37012499999999987,0,0.38,0.0041287616,0,0.01
WF-000437,2008-08-23 05:58:00,0,Pass,0.5511666666666665,1,0.385,0.5189999999999999,1,0.38,0.10531812,1,0.01
WF-001567,2008-10-17 06:07:00,0,Pass,0.32399999999999995,0,0.385,0.30131250000000004,0,0.38,0.011836612,1,0.01
WF-000386,2008-08-21 23:08:00,0,Pass,0.3999761904761903,1,0.385,0.4509583333333333,1,0.38,0.0061149546,0,0.01
WF-000569,2008-08-30 07:50:00,0,Pass,0.32909523809523805,0,0.385,0.3353333333333333,0,0.38,0.00097419234,0,0.01
WF-001501,2008-10-14 13:16:00,0,Pass,0.361547619047619,0,0.385,0.3993749999999999,1,0.38,0.012585749,1,0.01
WF-000007,2008-07-19 19:44:00,0,Pass,0.49166666666666675,1,0.385,0.4172916666666666,1,0.38,0.07584763,1,0.01
WF-001084,2008-09-25 15:12:00,0,Pass,0.3169285714285714,0,0.385,0.3032916666666666,0,0.38,0.0038953223,0,0.01
WF-000496,2008-08-28 20:39:00,1,Fail,0.37652380952380954,0,0.385,0.35035416666666674,0,0.38,0.026342196,1,0.01
WF-000135,2008-08-06 12:33:00,0,Pass,0.43792857142857144,1,0.385,0.4231666666666667,1,0.38,0.012666285,1,0.01
WF-001276,2008-10-03 19:23:00,0,Pass,0.31304761904761913,0,0.385,0.3143125,0,0.38,0.002503425,0,0.01
WF-000743,2008-09-07 13:02:00,0,Pass,0.3245238095238095,0,0.385,0.313125,0,0.38,0.00570376,0,0.01
WF-000355,2008-08-21 12:31:00,0,Pass,0.4948095238095239,1,0.385,0.4315,1,0.38,0.17719902,1,0.01
WF-001366,2008-10-06 15:00:00,1,Fail,0.42023809523809524,1,0.385,0.4286250000000002,1,0.38,0.020668909,1,0.01
WF-000020,2008-07-22 14:00:00,0,Pass,0.550095238095238,1,0.385,0.5378125,1,0.38,0.22829978,1,0.01
WF-000104,2008-08-05 02:36:00,0,Pass,0.3963571428571427,1,0.385,0.3602916666666666,0,0.38,0.0053272406,0,0.01
WF-000593,2008-08-30 17:05:00,0,Pass,0.337,0,0.385,0.3730624999999999,0,0.38,0.0052275076,0,0.01
WF-000643,2008-09-01 23:45:00,0,Pass,0.39495238095238105,1,0.385,0.3548333333333334,0,0.38,0.023984678,1,0.01
WF-000152,2008-08-07 08:55:00,0,Pass,0.42716666666666664,1,0.385,0.38204166666666667,1,0.38,0.027787184,1,0.01
WF-000468,2008-08-28 06:15:00,0,Pass,0.3808333333333333,0,0.385,0.36329166666666673,0,0.38,0.00945134,0,0.01
WF-000399,2008-08-22 02:52:00,0,Pass,0.3475952380952381,0,0.385,0.3529791666666667,0,0.38,0.0018703903,0,0.01
WF-000156,2008-08-08 04:55:00,0,Pass,0.5274999999999999,1,0.385,0.40349999999999986,1,0.38,0.04369886,1,0.01
WF-001505,2008-10-14 17:36:00,0,Pass,0.22935714285714287,0,0.385,0.2276041666666667,0,0.38,0.0002636339,0,0.01
WF-000215,2008-08-16 06:52:00,0,Pass,0.4959285714285714,1,0.385,0.4509583333333333,1,0.38,0.014303478,1,0.01
WF-001359,2008-10-06 10:07:00,0,Pass,0.34347619047619055,0,0.385,0.3619375,0,0.38,0.020922037,1,0.01
WF-001195,2008-09-30 13:29:00,0,Pass,0.29516666666666663,0,0.385,0.29733333333333345,0,0.38,0.002987153,0,0.01
WF-000892,2008-09-18 23:00:00,0,Pass,0.3177380952380952,0,0.385,0.3144791666666666,0,0.38,0.010843103,1,0.01
WF-000983,2008-09-21 10:07:00,0,Pass,0.2640714285714285,0,0.385,0.29370833333333324,0,0.38,0.0024917924,0,0.01
WF-001536,2008-10-15 16:24:00,0,Pass,0.33102380952380955,0,0.385,0.33008333333333334,0,0.38,0.0012250878,0,0.01
WF-000686,2008-09-02 13:05:00,0,Pass,0.3479761904761905,0,0.385,0.3214166666666666,0,0.38,0.002851299,0,0.01
WF-000288,2008-08-19 05:40:00,0,Pass,0.43980952380952376,1,0.385,0.4792708333333333,1,0.38,0.06059697,1,0.01
WF-000385,2008-08-21 22:41:00,0,Pass,0.4756428571428572,1,0.385,0.5023125,1,0.38,0.06627172,1,0.01
WF-000971,2008-09-21 01:06:00,0,Pass,0.45804761904761904,1,0.385,0.4405625000000001,1,0.38,0.09452534,1,0.01
WF-001166,2008-09-28 23:54:00,0,Pass,0.3859285714285714,1,0.385,0.3635416666666667,0,0.38,0.0039395606,0,0.01
WF-001388,2008-10-07 07:41:00,0,Pass,0.2600238095238095,0,0.385,0.2747291666666667,0,0.38,0.0010063129,0,0.01
WF-000797,2008-09-11 23:10:00,0,Pass,0.3868571428571429,1,0.385,0.4059166666666666,1,0.38,0.052818313,1,0.01
WF-001047,2008-09-24 02:19:00,0,Pass,0.3307380952380953,0,0.385,0.37585416666666654,0,0.38,0.013903523,1,0.01
WF-000447,2008-08-24 10:09:00,0,Pass,0.4739285714285714,1,0.385,0.47225,1,0.38,0.06862929,1,0.01
WF-001116,2008-09-26 20:31:00,0,Pass,0.4009285714285713,1,0.385,0.3793125,0,0.38,0.014845387,1,0.01
WF-000205,2008-08-15 09:38:00,0,Pass,0.39916666666666667,1,0.385,0.33018749999999986,0,0.38,0.0014014016,0,0.01
WF-000576,2008-08-30 09:37:00,0,Pass,0.3336428571428572,0,0.385,0.33470833333333344,0,0.38,0.0027500088,0,0.01
WF-000705,2008-09-02 20:58:00,0,Pass,0.35040476190476194,0,0.385,0.4099583333333333,1,0.38,0.018185994,1,0.01
WF-000186,2008-08-10 12:22:00,0,Pass,0.31847619047619047,0,0.385,0.38295833333333335,1,0.38,0.012166915,1,0.01
WF-000671,2008-09-02 09:36:00,0,Pass,0.43371428571428566,1,0.385,0.4119791666666668,1,0.38,0.01842167,1,0.01
WF-000660,2008-09-02 04:19:00,0,Pass,0.3352619047619047,0,0.385,0.2980625,0,0.38,0.0008618096,0,0.01
WF-000401,2008-08-22 03:58:00,0,Pass,0.36235714285714293,0,0.385,0.41756250000000006,1,0.38,0.02723458,1,0.01
WF-000837,2008-09-14 16:34:00,0,Pass,0.37950000000000006,0,0.385,0.38456250000000003,1,0.38,0.069309525,1,0.01
WF-000159,2008-08-08 12:37:00,1,Fail,0.3316428571428571,0,0.385,0.3731458333333332,0,0.38,0.0031075648,0,0.01
WF-000979,2008-09-21 08:22:00,0,Pass,0.3388571428571429,0,0.385,0.34162499999999996,0,0.38,0.018190153,1,0.01
WF-001045,2008-09-23 21:26:00,0,Pass,0.3303571428571429,0,0.385,0.3438125,0,0.38,0.0015762834,0,0.01
WF-000883,2008-09-18 05:58:00,0,Pass,0.2610000000000001,0,0.385,0.26227083333333323,0,0.38,0.00027540696,0,0.01
WF-000652,2008-09-02 01:50:00,0,Pass,0.3300714285714286,0,0.385,0.3399583333333333,0,0.38,0.0023633095,0,0.01
WF-001090,2008-09-25 19:49:00,0,Pass,0.351095238095238,0,0.385,0.3555416666666666,0,0.38,0.018983932,1,0.01
WF-001013,2008-09-22 14:24:00,0,Pass,0.31090476190476196,0,0.385,0.30706249999999996,0,0.38,0.0047282795,0,0.01
WF-000825,2008-09-13 10:55:00,0,Pass,0.36157142857142854,0,0.385,0.3274583333333333,0,0.38,0.0082425615,0,0.01
WF-000573,2008-08-30 08:42:00,0,Pass,0.40950000000000014,1,0.385,0.3855625,1,0.38,0.06502541,1,0.01
WF-000107,2008-08-05 03:36:00,0,Pass,0.4145714285714285,1,0.385,0.39404166666666657,1,0.38,0.021959579,1,0.01
WF-001506,2008-10-14 19:15:00,0,Pass,0.3288095238095238,0,0.385,0.28025,0,0.38,0.002824244,0,0.01
WF-001191,2008-09-30 04:01:00,0,Pass,0.47302380952380946,1,0.385,0.5023541666666664,1,0.38,0.39951843,1,0.01
WF-000678,2008-09-02 11:22:00,0,Pass,0.31026190476190485,0,0.385,0.2898750000000001,0,0.38,0.0007730508,0,0.01
WF-000180,2008-08-10 00:46:00,0,Pass,0.43616666666666665,1,0.385,0.4089583333333332,1,0.38,0.012392384,1,0.01
WF-001235,2008-10-02 07:58:00,0,Pass,0.39533333333333326,1,0.385,0.3645625000000002,0,0.38,0.012491993,1,0.01
WF-000057,2008-07-30 12:02:00,0,Pass,0.37997619047619036,0,0.385,0.4137083333333333,1,0.38,0.0310899,1,0.01
WF-000911,2008-09-19 11:54:00,0,Pass,0.3464047619047618,0,0.385,0.3450416666666666,0,0.38,0.005444966,0,0.01
WF-001133,2008-09-27 14:46:00,0,Pass,0.4763571428571429,1,0.385,0.45654166666666685,1,0.38,0.2169149,1,0.01
WF-000728,2008-09-04 14:09:00,0,Pass,0.36214285714285716,0,0.385,0.30614583333333334,0,0.38,0.002265253,0,0.01
WF-000565,2008-08-30 05:05:00,0,Pass,0.32666666666666655,0,0.385,0.33410416666666665,0,0.38,0.026675098,1,0.01
WF-001231,2008-10-02 04:23:00,0,Pass,0.39480952380952383,1,0.385,0.4522708333333334,1,0.38,0.02165353,1,0.01
WF-000244,2008-08-18 01:23:00,1,Fail,0.595952380952381,1,0.385,0.5583958333333334,1,0.38,0.5546578,1,0.01
WF-000752,2008-09-08 00:32:00,0,Pass,0.441,1,0.385,0.37472916666666656,0,0.38,0.062324237,1,0.01
WF-001555,2008-10-16 04:47:00,0,Pass,0.29183333333333333,0,0.385,0.3062708333333333,0,0.38,0.0019601656,0,0.01
WF-000962,2008-09-20 17:26:00,0,Pass,0.27319047619047626,0,0.385,0.3011250000000001,0,0.38,0.004267801,0,0.01
WF-000050,2008-07-29 17:05:00,1,Fail,0.45980952380952383,1,0.385,0.3989999999999999,1,0.38,0.018095214,1,0.01
WF-000094,2008-08-04 18:24:00,0,Pass,0.4640476190476191,1,0.385,0.5526041666666666,1,0.38,0.034698546,1,0.01
WF-000765,2008-09-08 19:33:00,0,Pass,0.3508571428571428,0,0.385,0.3127708333333334,0,0.38,0.011936856,1,0.01
WF-000662,2008-09-02 05:46:00,0,Pass,0.41149999999999987,1,0.385,0.3947708333333335,1,0.38,0.013501877,1,0.01
WF-001372,2008-10-06 17:26:00,0,Pass,0.3088095238095238,0,0.385,0.28908333333333336,0,0.38,0.0033517135,0,0.01
WF-000060,2008-07-31 13:57:00,0,Pass,0.4803809523809525,1,0.385,0.4845833333333333,1,0.38,0.024900384,1,0.01
WF-001450,2008-10-10 15:33:00,0,Pass,0.34752380952380946,0,0.385,0.3725416666666666,0,0.38,0.016053865,1,0.01
WF-001105,2008-09-26 14:51:00,0,Pass,0.3907380952380954,1,0.385,0.4440000000000001,1,0.38,0.03422091,1,0.01
WF-001110,2008-09-26 17:59:00,0,Pass,0.42150000000000004,1,0.385,0.38820833333333327,1,0.38,0.050363805,1,0.01
WF-000334,2008-08-20 17:36:00,0,Pass,0.3867380952380952,1,0.385,0.38183333333333347,1,0.38,0.00643473,0,0.01
WF-000695,2008-09-02 16:50:00,0,Pass,0.3369047619047619,0,0.385,0.3813541666666667,1,0.38,0.008330644,0,0.01
WF-000633,2008-09-01 11:40:00,0,Pass,0.3457619047619047,0,0.385,0.36650000000000005,0,0.38,0.015000531,1,0.01
WF-001018,2008-09-22 21:31:00,0,Pass,0.3526190476190477,0,0.385,0.33954166666666674,0,0.38,0.0149615,1,0.01
WF-000194,2008-08-11 11:35:00,0,Pass,0.5007619047619045,1,0.385,0.546375,1,0.38,0.18195121,1,0.01
WF-000624,2008-09-01 05:32:00,0,Pass,0.2857619047619047,0,0.385,0.2773749999999999,0,0.38,0.0009859073,0,0.01
WF-001327,2008-10-05 16:15:00,0,Pass,0.548285714285714,1,0.385,0.5675416666666667,1,0.38,0.73068273,1,0.01
WF-000424,2008-08-22 15:54:00,0,Pass,0.4994999999999997,1,0.385,0.5285208333333334,1,0.38,0.25849336,1,0.01
WF-000092,2008-08-04 17:11:00,0,Pass,0.40240476190476193,1,0.385,0.4867708333333334,1,0.38,0.007840455,0,0.01
WF-000729,2008-09-04 14:11:00,0,Pass,0.3323809523809524,0,0.385,0.38602083333333326,1,0.38,0.0059665754,0,0.01
WF-000782,2008-09-11 06:04:00,0,Pass,0.3552142857142857,0,0.385,0.3662916666666667,0,0.38,0.006297119,0,0.01
WF-001036,2008-09-23 13:37:00,0,Pass,0.3044761904761905,0,0.385,0.3173958333333333,0,0.38,0.020489685,1,0.01
WF-000160,2008-08-08 20:21:00,0,Pass,0.6266666666666665,1,0.385,0.6525208333333334,1,0.38,0.6360234,1,0.01
WF-000929,2008-09-19 21:14:00,0,Pass,0.2940238095238095,0,0.385,0.3095833333333334,0,0.38,0.0009243156,0,0.01
WF-001385,2008-10-07 03:29:00,0,Pass,0.30576190476190473,0,0.385,0.3434791666666667,0,0.38,0.0011842212,0,0.01
WF-001029,2008-09-23 09:43:00,0,Pass,0.36885714285714294,0,0.385,0.4192708333333334,1,0.38,0.03824734,1,0.01
WF-000991,2008-09-21 15:26:00,0,Pass,0.3475238095238095,0,0.385,0.3487083333333333,0,0.38,0.0033258053,0,0.01
WF-000413,2008-08-22 10:01:00,0,Pass,0.45411904761904753,1,0.385,0.44212499999999993,1,0.38,0.18968242,1,0.01
WF-001119,2008-09-27 01:29:00,0,Pass,0.37411904761904763,0,0.385,0.3796041666666667,0,0.38,0.061907522,1,0.01
WF-001265,2008-10-03 03:56:00,0,Pass,0.3465952380952381,0,0.385,0.4121458333333334,1,0.38,0.004771136,0,0.01
WF-000809,2008-09-12 14:52:00,0,Pass,0.3998333333333335,1,0.385,0.42747916666666674,1,0.38,0.0054653645,0,0.01
WF-000074,2008-08-03 14:06:00,0,Pass,0.49083333333333345,1,0.385,0.4775624999999999,1,0.38,0.05229726,1,0.01
WF-000857,2008-09-15 22:54:00,0,Pass,0.3527142857142857,0,0.385,0.37095833333333333,0,0.38,0.0088440105,0,0.01
WF-001198,2008-09-30 15:16:00,0,Pass,0.27435714285714285,0,0.385,0.26612500000000006,0,0.38,0.0029871871,0,0.01
WF-000163,2008-08-08 22:06:00,0,Pass,0.46411904761904754,1,0.385,0.463125,1,0.38,0.01326036,1,0.01
WF-000829,2008-09-13 14:07:00,0,Pass,0.354452380952381,0,0.385,0.3397083333333334,0,0.38,0.011108936,1,0.01
WF-001318,2008-10-05 10:43:00,0,Pass,0.3261904761904762,0,0.385,0.32729166666666665,0,0.38,0.0016702238,0,0.01
WF-000696,2008-09-02 16:54:00,0,Pass,0.426738095238095,1,0.385,0.4346875,1,0.38,0.027323619,1,0.01
WF-000434,2008-08-23 05:57:00,0,Pass,0.3748095238095238,0,0.385,0.32299999999999995,0,0.38,0.00596385,0,0.01
WF-000511,2008-08-29 05:16:00,0,Pass,0.37478571428571433,0,0.385,0.4299791666666664,1,0.38,0.0074055125,0,0.01
WF-001212,2008-10-01 05:56:00,1,Fail,0.37938095238095243,0,0.385,0.3545208333333333,0,0.38,0.012558195,1,0.01
WF-000361,2008-08-21 13:29:00,0,Pass,0.5291190476190475,1,0.385,0.48383333333333334,1,0.38,0.08689261,1,0.01
WF-001170,2008-09-29 04:18:00,0,Pass,0.32450000000000007,0,0.385,0.3417083333333334,0,0.38,0.0045934515,0,0.01
WF-001073,2008-09-25 07:12:00,0,Pass,0.27176190476190476,0,0.385,0.26391666666666663,0,0.38,0.0012369974,0,0.01
WF-001063,2008-09-24 15:05:00,1,Fail,0.32442857142857146,0,0.385,0.3482916666666665,0,0.38,0.007910026,0,0.01
WF-001486,2008-10-13 19:36:00,0,Pass,0.33521428571428574,0,0.385,0.3708749999999999,0,0.38,0.007838622,0,0.01
WF-001527,2008-10-15 07:55:00,0,Pass,0.3405952380952381,0,0.385,0.34454166666666663,0,0.38,0.0014087664,0,0.01
WF-000552,2008-08-30 00:01:00,0,Pass,0.3534999999999999,0,0.385,0.34510416666666677,0,0.38,0.0035291302,0,0.01
WF-000161,2008-08-08 21:22:00,0,Pass,0.4929761904761905,1,0.385,0.4921458333333334,1,0.38,0.01222964,1,0.01
WF-001360,2008-10-06 11:51:00,0,Pass,0.4097857142857143,1,0.385,0.407875,1,0.38,0.038335666,1,0.01
WF-000862,2008-09-16 08:52:00,0,Pass,0.3174761904761905,0,0.385,0.29793749999999997,0,0.38,0.0016672321,0,0.01
WF-000187,2008-08-10 15:59:00,1,Fail,0.5750714285714285,1,0.385,0.5993333333333333,1,0.38,0.35506245,1,0.01
WF-001140,2008-09-27 20:46:00,0,Pass,0.36347619047619056,0,0.385,0.3543958333333332,0,0.38,0.028754301,1,0.01
WF-000989,2008-09-21 14:33:00,0,Pass,0.3067857142857143,0,0.385,0.3257083333333334,0,0.38,0.0026758192,0,0.01
WF-000226,2008-08-17 01:53:00,0,Pass,0.4319047619047619,1,0.385,0.4638333333333335,1,0.38,0.06536915,1,0.01
WF-000689,2008-09-02 13:40:00,0,Pass,0.25000000000000006,0,0.385,0.2923958333333333,0,0.38,0.0027228466,0,0.01
WF-000392,2008-08-22 00:47:00,0,Pass,0.4435714285714284,1,0.385,0.4707291666666668,1,0.38,0.020979578,1,0.01
WF-000039,2008-07-28 06:45:00,1,Fail,0.5259761904761906,1,0.385,0.53975,1,0.38,0.18896404,1,0.01
WF-000210,2008-08-15 20:00:00,0,Pass,0.6010714285714286,1,0.385,0.6179166666666667,1,0.38,0.11191146,1,0.01
WF-001144,2008-09-28 03:55:00,0,Pass,0.2881904761904762,0,0.385,0.32025000000000003,0,0.38,0.0029355797,0,0.01
WF-001301,2008-10-04 20:39:00,0,Pass,0.2807380952380951,0,0.385,0.2835,0,0.38,0.008924107,0,0.01
WF-001406,2008-10-07 17:28:00,0,Pass,0.3763809523809524,0,0.385,0.3445833333333333,0,0.38,0.014936264,1,0.01
WF-000242,2008-08-18 00:02:00,1,Fail,0.6524523809523811,1,0.385,0.6745624999999998,1,0.38,0.39704165,1,0.01
WF-000427,2008-08-22 23:47:00,0,Pass,0.32033333333333325,0,0.385,0.36870833333333336,0,0.38,0.0019893348,0,0.01
WF-001259,2008-10-02 23:32:00,0,Pass,0.3400714285714285,0,0.385,0.3416458333333333,0,0.38,0.007985509,0,0.01
WF-001379,2008-10-06 20:47:00,0,Pass,0.36957142857142855,0,0.385,0.3765416666666669,0,0.38,0.050989266,1,0.01
WF-000365,2008-08-21 15:06:00,0,Pass,0.5181190476190476,1,0.385,0.47093749999999995,1,0.38,0.05560371,1,0.01
WF-000872,2008-09-17 04:23:00,1,Fail,0.41264285714285726,1,0.385,0.4358749999999999,1,0.38,0.014961049,1,0.01
WF-001375,2008-10-06 18:55:00,0,Pass,0.39538095238095244,1,0.385,0.3664791666666666,0,0.38,0.08057622,1,0.01
WF-001332,2008-10-05 19:45:00,0,Pass,0.40235714285714275,1,0.385,0.4206458333333334,1,0.38,0.033034395,1,0.01
WF-000508,2008-08-29 03:46:00,0,Pass,0.30592857142857144,0,0.385,0.32547916666666665,0,0.38,0.0038919027,0,0.01
WF-000134,2008-08-06 09:57:00,0,Pass,0.37052380952380953,0,0.385,0.4288541666666666,1,0.38,0.00431546,0,0.01
WF-001075,2008-09-25 08:45:00,0,Pass,0.36290476190476184,0,0.385,0.3774791666666667,0,0.38,0.013203294,1,0.01
WF-000129,2008-08-06 00:04:00,0,Pass,0.46288095238095217,1,0.385,0.4982708333333335,1,0.38,0.032633986,1,0.01
WF-000712,2008-09-03 04:18:00,0,Pass,0.29421428571428576,0,0.385,0.2619375,0,0.38,0.0018839246,0,0.01
WF-000871,2008-09-17 02:01:00,0,Pass,0.3855,1,0.385,0.3990833333333333,1,0.38,0.025190642,1,0.01
WF-000151,2008-08-07 08:45:00,0,Pass,0.3973333333333334,1,0.385,0.40052083333333344,1,0.38,0.0062936824,0,0.01
WF-000827,2008-09-13 11:56:00,1,Fail,0.3468571428571429,0,0.385,0.3769166666666667,0,0.38,0.008896652,0,0.01
WF-001114,2008-09-26 19:55:00,0,Pass,0.35261904761904755,0,0.385,0.3471249999999999,0,0.38,0.010082536,1,0.01
WF-000604,2008-08-31 09:11:00,0,Pass,0.43873809523809526,1,0.385,0.4747083333333334,1,0.38,0.039877683,1,0.01
WF-000088,2008-08-04 14:31:00,0,Pass,0.44678571428571434,1,0.385,0.46085416666666645,1,0.38,0.04353624,1,0.01
WF-001543,2008-10-15 22:54:00,0,Pass,0.37552380952380954,0,0.385,0.34764583333333327,0,0.38,0.01627317,1,0.01
WF-000987,2008-09-21 14:30:00,0,Pass,0.3103333333333334,0,0.385,0.28362499999999996,0,0.38,0.00824234,0,0.01
WF-000089,2008-08-04 15:29:00,0,Pass,0.40685714285714286,1,0.385,0.4279166666666667,1,0.38,0.014072854,1,0.01
WF-000132,2008-08-06 05:40:00,1,Fail,0.5290714285714285,1,0.385,0.5337083333333333,1,0.38,0.12677939,1,0.01
WF-000061,2008-07-31 15:36:00,0,Pass,0.6163333333333333,1,0.385,0.6148333333333332,1,0.38,0.5126349,1,0.01
WF-000371,2008-08-21 17:25:00,0,Pass,0.35907142857142854,0,0.385,0.3661666666666666,0,0.38,0.0024227926,0,0.01
WF-001146,2008-09-28 05:31:00,0,Pass,0.3464761904761904,0,0.385,0.42393749999999986,1,0.38,0.007876755,0,0.01
WF-000994,2008-09-21 17:26:00,0,Pass,0.3666904761904761,0,0.385,0.3636875,0,0.38,0.00840887,0,0.01
WF-001083,2008-09-25 14:28:00,0,Pass,0.445,1,0.385,0.41204166666666675,1,0.38,0.042560387,1,0.01
WF-001180,2008-09-29 14:08:00,0,Pass,0.288,0,0.385,0.27110416666666665,0,0.38,0.017305478,1,0.01
WF-000491,2008-08-28 18:15:00,0,Pass,0.37202380952380953,0,0.385,0.3834583333333332,1,0.38,0.011495138,1,0.01
WF-000390,2008-08-22 00:43:00,0,Pass,0.4812380952380951,1,0.385,0.4606874999999998,1,0.38,0.14367308,1,0.01
WF-000067,2008-08-01 10:26:00,0,Pass,0.4217619047619048,1,0.385,0.402625,1,0.38,0.09409605,1,0.01
WF-000195,2008-08-11 12:38:00,0,Pass,0.45697619047619065,1,0.385,0.46495833333333336,1,0.38,0.12540324,1,0.01
WF-000423,2008-08-22 15:39:00,0,Pass,0.3667380952380953,0,0.385,0.40381249999999985,1,0.38,0.0065482357,0,0.01
WF-001348,2008-10-06 06:11:00,0,Pass,0.3750714285714288,0,0.385,0.43093749999999986,1,0.38,0.018765885,1,0.01
WF-001416,2008-10-08 07:10:00,0,Pass,0.3636190476190477,0,0.385,0.35556250000000006,0,0.38,0.011177162,1,0.01
WF-000943,2008-09-20 08:14:00,0,Pass,0.3490714285714286,0,0.385,0.33018749999999997,0,0.38,0.02983888,1,0.01
WF-000958,2008-09-20 15:37:00,0,Pass,0.36461904761904745,0,0.385,0.3518958333333334,0,0.38,0.0022795843,0,0.01
WF-001339,2008-10-06 01:30:00,0,Pass,0.2867142857142857,0,0.385,0.3071458333333333,0,0.38,0.007265982,0,0.01
WF-000439,2008-08-23 12:58:00,0,Pass,0.2944761904761905,0,0.385,0.3308333333333333,0,0.38,0.0004760074,0,0.01
WF-000165,2008-08-09 02:15:00,0,Pass,0.41152380952380946,1,0.385,0.41158333333333325,1,0.38,0.021618962,1,0.01
WF-001039,2008-09-23 15:58:00,0,Pass,0.31840476190476197,0,0.385,0.3051458333333334,0,0.38,0.007789877,0,0.01
WF-001282,2008-10-03 21:52:00,0,Pass,0.37197619047619046,0,0.385,0.4046041666666666,1,0.38,0.015960447,1,0.01
WF-000083,2008-08-04 00:39:00,1,Fail,0.5003095238095239,1,0.385,0.4754583333333333,1,0.38,0.050058514,1,0.01
WF-000419,2008-08-22 12:42:00,0,Pass,0.3020238095238095,0,0.385,0.3275416666666666,0,0.38,0.0033589737,0,0.01
WF-001400,2008-10-07 12:40:00,0,Pass,0.28671428571428575,0,0.385,0.3183125,0,0.38,0.0058141686,0,0.01
WF-000645,2008-09-02 00:26:00,0,Pass,0.35454761904761894,0,0.385,0.32660416666666675,0,0.38,0.0029680762,0,0.01
WF-000683,2008-09-02 12:26:00,0,Pass,0.34426190476190477,0,0.385,0.30206250000000007,0,0.38,0.0014891792,0,0.01
WF-000136,2008-08-06 13:35:00,0,Pass,0.37542857142857144,0,0.385,0.42712500000000014,1,0.38,0.035363488,1,0.01
WF-000486,2008-08-28 17:21:00,0,Pass,0.4016190476190476,1,0.385,0.38785416666666656,1,0.38,0.010756512,1,0.01
WF-000455,2008-08-27 14:18:00,0,Pass,0.3027619047619048,0,0.385,0.32172916666666657,0,0.38,0.009416334,0,0.01
WF-001197,2008-09-30 14:36:00,0,Pass,0.4327142857142858,1,0.385,0.43695833333333345,1,0.38,0.066143714,1,0.01
WF-000998,2008-09-21 20:35:00,0,Pass,0.28180952380952384,0,0.385,0.24822916666666675,0,0.38,0.0007585837,0,0.01
WF-001496,2008-10-14 00:35:00,0,Pass,0.25347619047619047,0,0.385,0.279875,0,0.38,0.0014111652,0,0.01
WF-000952,2008-09-20 14:06:00,0,Pass,0.3860476190476191,1,0.385,0.3934166666666667,1,0.38,0.016834984,1,0.01
WF-001150,2008-09-28 08:40:00,0,Pass,0.41216666666666657,1,0.385,0.3512708333333333,0,0.38,0.020108145,1,0.01
WF-001042,2008-09-23 18:56:00,0,Pass,0.42464285714285716,1,0.385,0.40575000000000006,1,0.38,0.05637307,1,0.01
WF-000031,2008-07-27 20:24:00,0,Pass,0.44459523809523815,1,0.385,0.4186458333333333,1,0.38,0.013521199,1,0.01
WF-000248,2008-08-18 05:03:00,0,Pass,0.4432142857142856,1,0.385,0.4382708333333331,1,0.38,0.03385428,1,0.01
WF-000935,2008-09-20 03:58:00,0,Pass,0.3234047619047619,0,0.385,0.27849999999999997,0,0.38,0.02051381,1,0.01
WF-000200,2008-08-12 12:04:00,0,Pass,0.5282142857142857,1,0.385,0.5863541666666666,1,0.38,0.49515715,1,0.01
WF-000295,2008-08-19 07:58:00,1,Fail,0.465904761904762,1,0.385,0.4591458333333332,1,0.38,0.06185177,1,0.01
WF-000500,2008-08-28 23:40:00,0,Pass,0.4852380952380952,1,0.385,0.48375,1,0.38,0.53343695,1,0.01
WF-001515,2008-10-15 01:52:00,0,Pass,0.23683333333333334,0,0.385,0.30920833333333336,0,0.38,0.0032541642,0,0.01
WF-000730,2008-09-04 14:48:00,0,Pass,0.2957380952380952,0,0.385,0.28893750000000007,0,0.38,0.0024872443,0,0.01
WF-001390,2008-10-07 08:26:00,0,Pass,0.3177142857142857,0,0.385,0.3016458333333333,0,0.38,0.010397313,1,0.01
WF-000116,2008-08-05 07:12:00,1,Fail,0.5516904761904761,1,0.385,0.5864583333333332,1,0.38,0.26535273,1,0.01
WF-000084,2008-08-04 03:45:00,0,Pass,0.4253809523809522,1,0.385,0.41906249999999995,1,0.38,0.015055444,1,0.01
WF-000260,2008-08-18 12:00:00,0,Pass,0.37221428571428583,0,0.385,0.39464583333333325,1,0.38,0.005019759,0,0.01
WF-000920,2008-09-19 19:29:00,0,Pass,0.3055476190476192,0,0.385,0.31300000000000006,0,0.38,0.0019060966,0,0.01
WF-000693,2008-09-02 15:29:00,0,Pass,0.35016666666666674,0,0.385,0.3262291666666667,0,0.38,0.015378729,1,0.01
WF-000310,2008-08-19 12:30:00,0,Pass,0.34528571428571436,0,0.385,0.3347916666666667,0,0.38,0.0022991432,0,0.01
WF-000563,2008-08-30 04:24:00,0,Pass,0.3082142857142857,0,0.385,0.33760416666666665,0,0.38,0.002315363,0,0.01
WF-000469,2008-08-28 06:39:00,0,Pass,0.31459523809523804,0,0.385,0.28933333333333344,0,0.38,0.0028176324,0,0.01
WF-000852,2008-09-15 16:59:00,0,Pass,0.26957142857142863,0,0.385,0.2708958333333334,0,0.38,0.00086048525,0,0.01
WF-000201,2008-08-13 02:48:00,0,Pass,0.5289761904761906,1,0.385,0.5183958333333333,1,0.38,0.0287471,1,0.01
WF-000750,2008-09-07 20:50:00,0,Pass,0.26661904761904764,0,0.385,0.3256875,0,0.38,0.0021812618,0,0.01
WF-001229,2008-10-02 03:27:00,0,Pass,0.3840476190476191,0,0.385,0.3632500000000001,0,0.38,0.0045632212,0,0.01
WF-000655,2008-09-02 02:50:00,0,Pass,0.2936428571428572,0,0.385,0.2626875,0,0.38,0.0005641833,0,0.01
WF-000416,2008-08-22 11:32:00,0,Pass,0.44488095238095243,1,0.385,0.42181250000000003,1,0.38,0.044105615,1,0.01
WF-001046,2008-09-23 22:25:00,0,Pass,0.25407142857142867,0,0.385,0.260375,0,0.38,0.0034414383,0,0.01
WF-000889,2008-09-18 18:56:00,0,Pass,0.2712857142857143,0,0.385,0.29729166666666657,0,0.38,0.0011916272,0,0.01
WF-000860,2008-09-16 07:48:00,0,Pass,0.28111904761904755,0,0.385,0.3740416666666666,0,0.38,0.006446328,0,0.01
WF-001058,2008-09-24 10:59:00,0,Pass,0.2450238095238096,0,0.385,0.2611041666666667,0,0.38,0.0014828927,0,0.01
WF-000036,2008-07-28 03:48:00,0,Pass,0.48047619047619045,1,0.385,0.46858333333333335,1,0.38,0.033502508,1,0.01
WF-001169,2008-09-29 03:50:00,0,Pass,0.34338095238095245,0,0.385,0.3223958333333332,0,0.38,0.013524023,1,0.01
WF-001233,2008-10-02 06:49:00,0,Pass,0.40302380952380956,1,0.385,0.39812499999999995,1,0.38,0.011681245,1,0.01
WF-001456,2008-10-11 02:55:00,0,Pass,0.3076666666666666,0,0.385,0.2924375,0,0.38,0.0022471703,0,0.01
WF-001349,2008-10-06 06:26:00,0,Pass,0.3103571428571429,0,0.385,0.32325000000000004,0,0.38,0.007099396,0,0.01
WF-000124,2008-08-05 21:07:00,0,Pass,0.471642857142857,1,0.385,0.4782500000000002,1,0.38,0.020317182,1,0.01
WF-000213,2008-08-16 02:21:00,0,Pass,0.551142857142857,1,0.385,0.5373541666666667,1,0.38,0.41363883,1,0.01
WF-001329,2008-10-05 16:49:00,1,Fail,0.5053333333333333,1,0.385,0.4849999999999999,1,0.38,0.09009673,1,0.01
WF-000111,2008-08-05 05:11:00,0,Pass,0.4688333333333333,1,0.385,0.48145833333333327,1,0.38,0.12281911,1,0.01
WF-001344,2008-10-06 03:57:00,1,Fail,0.3982380952380952,1,0.385,0.34610416666666666,0,0.38,0.05531231,1,0.01
WF-001178,2008-09-29 14:03:00,0,Pass,0.40076190476190465,1,0.385,0.42695833333333316,1,0.38,0.018816356,1,0.01
WF-000261,2008-08-18 12:06:00,0,Pass,0.32769047619047614,0,0.385,0.2966875,0,0.38,0.0008150118,0,0.01
WF-000625,2008-09-01 06:12:00,0,Pass,0.2656904761904762,0,0.385,0.30354166666666665,0,0.38,0.00069060863,0,0.01
WF-000614,2008-08-31 21:46:00,0,Pass,0.2942619047619047,0,0.385,0.2732500000000001,0,0.38,0.0029229259,0,0.01
WF-000143,2008-08-06 20:17:00,0,Pass,0.40478571428571425,1,0.385,0.43104166666666655,1,0.38,0.00372685,0,0.01
WF-000076,2008-08-03 15:03:00,0,Pass,0.3834523809523809,0,0.385,0.4083958333333333,1,0.38,0.0065906644,0,0.01
WF-000514,2008-08-29 05:57:00,0,Pass,0.3577857142857142,0,0.385,0.32364583333333335,0,0.38,0.0059769945,0,0.01
WF-000373,2008-08-21 18:04:00,0,Pass,0.4039999999999999,1,0.385,0.3664583333333333,0,0.38,0.021519292,1,0.01
WF-001201,2008-09-30 16:50:00,0,Pass,0.3519285714285713,0,0.385,0.3802083333333332,1,0.38,0.0033124902,0,0.01
WF-000351,2008-08-21 05:15:00,0,Pass,0.4475952380952381,1,0.385,0.4288749999999999,1,0.38,0.017069109,1,0.01
WF-001193,2008-09-30 08:44:00,0,Pass,0.42854761904761907,1,0.385,0.41225000000000006,1,0.38,0.089316875,1,0.01
WF-000539,2008-08-29 14:30:00,0,Pass,0.5084285714285712,1,0.385,0.4806875,1,0.38,0.4381585,1,0.01
WF-000692,2008-09-02 14:34:00,0,Pass,0.350452380952381,0,0.385,0.3479375,0,0.38,0.003374248,0,0.01
WF-001252,2008-10-02 19:21:00,0,Pass,0.3255952380952381,0,0.385,0.34462500000000007,0,0.38,0.008842297,0,0.01
WF-001309,2008-10-05 04:48:00,0,Pass,0.3078095238095238,0,0.385,0.352625,0,0.38,0.0036649115,0,0.01
WF-001535,2008-10-15 15:11:00,0,Pass,0.2631666666666667,0,0.385,0.25325,0,0.38,0.0004884469,0,0.01
WF-000404,2008-08-22 05:21:00,0,Pass,0.3889761904761904,1,0.385,0.3928541666666666,1,0.38,0.008135625,0,0.01
WF-001533,2008-10-15 13:16:00,0,Pass,0.30983333333333324,0,0.385,0.2996041666666667,0,0.38,0.0027989885,0,0.01
WF-000839,2008-09-14 18:27:00,0,Pass,0.3805,0,0.385,0.2928750000000001,0,0.38,0.01162874,1,0.01
WF-000880,2008-09-18 03:58:00,0,Pass,0.3563571428571427,0,0.385,0.34079166666666666,0,0.38,0.0038410018,0,0.01
WF-001070,2008-09-25 01:05:00,0,Pass,0.2938809523809524,0,0.385,0.3234583333333334,0,0.38,0.0074302186,0,0.01
WF-000158,2008-08-08 08:44:00,1,Fail,0.41780952380952385,1,0.385,0.3895416666666667,1,0.38,0.0026616645,0,0.01
WF-000561,2008-08-30 03:10:00,0,Pass,0.24592857142857139,0,0.385,0.28856250000000006,0,0.38,0.00056770706,0,0.01
WF-001268,2008-10-03 05:45:00,0,Pass,0.49147619047619034,1,0.385,0.5458124999999999,1,0.38,0.079152755,1,0.01
WF-000280,2008-08-18 23:03:00,0,Pass,0.47414285714285737,1,0.385,0.4547083333333333,1,0.38,0.046232056,1,0.01
WF-001424,2008-10-08 13:38:00,0,Pass,0.31540476190476185,0,0.385,0.3315416666666667,0,0.38,0.0045224815,0,0.01
WF-000816,2008-09-12 21:12:00,0,Pass,0.3811666666666666,0,0.385,0.34845833333333337,0,0.38,0.0028398915,0,0.01
WF-001010,2008-09-22 12:11:00,0,Pass,0.283404761904762,0,0.385,0.31914583333333324,0,0.38,0.0025479333,0,0.01
WF-001208,2008-09-30 23:58:00,0,Pass,0.3435714285714287,0,0.385,0.3851666666666665,1,0.38,0.0056170765,0,0.01
WF-000798,2008-09-11 23:48:00,1,Fail,0.2979285714285715,0,0.385,0.3109374999999999,0,0.38,0.0027264692,0,0.01
WF-000287,2008-08-19 05:11:00,0,Pass,0.37235714285714283,0,0.385,0.4003958333333333,1,0.38,0.0015295648,0,0.01
WF-000956,2008-09-20 15:02:00,0,Pass,0.31816666666666665,0,0.385,0.2946458333333334,0,0.38,0.004927514,0,0.01
WF-000098,2008-08-04 21:43:00,0,Pass,0.40528571428571436,1,0.385,0.40279166666666677,1,0.38,0.009956873,0,0.01
WF-001064,2008-09-24 15:39:00,0,Pass,0.34364285714285714,0,0.385,0.30291666666666667,0,0.38,0.005668166,0,0.01
WF-000788,2008-09-11 13:36:00,0,Pass,0.3199285714285715,0,0.385,0.32208333333333333,0,0.38,0.010919737,1,0.01
WF-000316,2008-08-19 19:38:00,0,Pass,0.47985714285714276,1,0.385,0.45383333333333326,1,0.38,0.015361245,1,0.01
WF-000481,2008-08-28 14:48:00,0,Pass,0.3367380952380952,0,0.385,0.3554166666666667,0,0.38,0.0040840995,0,0.01
WF-000262,2008-08-18 12:22:00,0,Pass,0.5317380952380952,1,0.385,0.48314583333333316,1,0.38,0.31279227,1,0.01
WF-000558,2008-08-30 02:32:00,0,Pass,0.3811904761904762,0,0.385,0.4301250000000001,1,0.38,0.010303291,1,0.01
WF-001027,2008-09-23 07:58:00,0,Pass,0.3528333333333334,0,0.385,0.33458333333333345,0,0.38,0.06441716,1,0.01
WF-001343,2008-10-06 03:50:00,1,Fail,0.3375,0,0.385,0.3300833333333333,0,0.38,0.006393214,0,0.01
WF-000352,2008-08-21 06:10:00,1,Fail,0.49373809523809514,1,0.385,0.5037708333333333,1,0.38,0.0861906,1,0.01
WF-001528,2008-10-15 08:21:00,0,Pass,0.32578571428571423,0,0.385,0.29427083333333326,0,0.38,0.003373706,0,0.01
WF-000601,2008-08-31 02:57:00,0,Pass,0.3222380952380952,0,0.385,0.3059791666666667,0,0.38,0.007851865,0,0.01
WF-000044,2008-07-29 05:16:00,0,Pass,0.5229761904761906,1,0.385,0.4991041666666667,1,0.38,0.036673088,1,0.01
WF-001435,2008-10-08 22:08:00,0,Pass,0.2982142857142858,0,0.385,0.3297916666666666,0,0.38,0.02316174,1,0.01
WF-000112,2008-08-05 06:10:00,0,Pass,0.3958095238095237,1,0.385,0.3981666666666667,1,0.38,0.00976825,0,0.01
WF-001118,2008-09-27 00:17:00,0,Pass,0.3628333333333333,0,0.385,0.30458333333333326,0,0.38,0.0057680896,0,0.01
WF-000266,2008-08-18 14:04:00,0,Pass,0.3979047619047619,1,0.385,0.38806250000000003,1,0.38,0.006596821,0,0.01
WF-000006,2008-07-19 17:53:00,0,Pass,0.4764523809523809,1,0.385,0.47279166666666667,1,0.38,0.059145406,1,0.01
WF-000294,2008-08-19 07:43:00,0,Pass,0.44540476190476186,1,0.385,0.49502083333333347,1,0.38,0.053144723,1,0.01
WF-000133,2008-08-06 09:56:00,0,Pass,0.4750714285714286,1,0.385,0.5171458333333331,1,0.38,0.061331626,1,0.01
WF-000023,2008-07-23 19:22:00,0,Pass,0.43311904761904757,1,0.385,0.3766666666666667,0,0.38,0.012901064,1,0.01
WF-001136,2008-09-27 16:13:00,0,Pass,0.3585714285714286,0,0.385,0.3236458333333333,0,0.38,0.014654961,1,0.01
WF-000760,2008-09-08 07:41:00,0,Pass,0.3277380952380953,0,0.385,0.36577083333333316,0,0.38,0.002283421,0,0.01
WF-001444,2008-10-09 15:55:00,1,Fail,0.40009523809523817,1,0.385,0.3852291666666667,1,0.38,0.024127508,1,0.01
WF-001211,2008-10-01 02:53:00,0,Pass,0.42290476190476184,1,0.385,0.4104999999999999,1,0.38,0.0929518,1,0.01
WF-000661,2008-09-02 04:22:00,0,Pass,0.3825,0,0.385,0.35254166666666664,0,0.38,0.012054154,1,0.01
WF-000919,2008-09-19 19:18:00,0,Pass,0.2881190476190476,0,0.385,0.2679791666666667,0,0.38,0.005767556,0,0.01
WF-001547,2008-10-16 02:16:00,0,Pass,0.25673809523809527,0,0.385,0.2868125,0,0.38,0.0022031143,0,0.01
WF-000363,2008-08-21 14:47:00,0,Pass,0.47209523809523807,1,0.385,0.4717916666666669,1,0.38,0.039174262,1,0.01
WF-000703,2008-09-02 20:18:00,0,Pass,0.3514523809523809,0,0.385,0.35247916666666657,0,0.38,0.0060430467,0,0.01
WF-000884,2008-09-18 08:04:00,0,Pass,0.3374523809523809,0,0.385,0.35577083333333337,0,0.38,0.011036104,1,0.01
WF-001085,2008-09-25 15:40:00,0,Pass,0.4015000000000001,1,0.385,0.37335416666666676,0,0.38,0.03395988,1,0.01
WF-000285,2008-08-19 05:09:00,0,Pass,0.4654285714285713,1,0.385,0.45345833333333346,1,0.38,0.016475229,1,0.01
WF-000664,2008-09-02 06:19:00,0,Pass,0.23747619047619042,0,0.385,0.2430208333333333,0,0.38,0.00059449184,0,0.01
WF-000414,2008-08-22 10:18:00,0,Pass,0.29611904761904767,0,0.385,0.3209375,0,0.38,0.00029519232,0,0.01
WF-000876,2008-09-18 00:57:00,0,Pass,0.2929285714285714,0,0.385,0.3252708333333334,0,0.38,0.0030587385,0,0.01
WF-000224,2008-08-16 23:48:00,0,Pass,0.5156904761904763,1,0.385,0.4923958333333332,1,0.38,0.044948623,1,0.01
WF-000489,2008-08-28 18:05:00,0,Pass,0.30023809523809525,0,0.385,0.2987083333333334,0,0.38,0.0009653699,0,0.01
WF-000688,2008-09-02 13:27:00,0,Pass,0.31911904761904764,0,0.385,0.2989583333333334,0,0.38,0.0032533403,0,0.01
WF-000081,2008-08-03 20:23:00,0,Pass,0.4744761904761904,1,0.385,0.4667083333333333,1,0.38,0.023227958,1,0.01
WF-001122,2008-09-27 10:13:00,0,Pass,0.3352380952380952,0,0.385,0.31952083333333337,0,0.38,0.009064914,0,0.01
WF-001311,2008-10-05 05:53:00,0,Pass,0.273952380952381,0,0.385,0.309125,0,0.38,0.0017430334,0,0.01
WF-000815,2008-09-12 20:28:00,0,Pass,0.29783333333333334,0,0.385,0.25793750000000004,0,0.38,0.0010162842,0,0.01
WF-001203,2008-09-30 19:17:00,0,Pass,0.3313571428571428,0,0.385,0.32858333333333334,0,0.38,0.011221676,1,0.01
WF-001407,2008-10-07 18:39:00,0,Pass,0.3382142857142857,0,0.385,0.32639583333333344,0,0.38,0.008911876,0,0.01
WF-001171,2008-09-29 04:47:00,0,Pass,0.4152142857142859,1,0.385,0.4544999999999999,1,0.38,0.050100844,1,0.01
WF-000452,2008-08-27 11:38:00,0,Pass,0.35611904761904756,0,0.385,0.2943333333333334,0,0.38,0.0036725334,0,0.01
WF-000198,2008-08-12 10:54:00,0,Pass,0.41838095238095224,1,0.385,0.38433333333333325,1,0.38,0.009921958,0,0.01
WF-000422,2008-08-22 15:25:00,0,Pass,0.4541666666666667,1,0.385,0.44085416666666655,1,0.38,0.008718696,0,0.01
WF-001026,2008-09-23 06:52:00,0,Pass,0.37297619047619035,0,0.385,0.3714375,0,0.38,0.041140538,1,0.01
WF-000428,2008-08-22 23:49:00,0,Pass,0.39280952380952383,1,0.385,0.4185833333333334,1,0.38,0.019612182,1,0.01
WF-000480,2008-08-28 12:44:00,0,Pass,0.3959285714285714,1,0.385,0.3752916666666665,0,0.38,0.0044579455,0,0.01
WF-000323,2008-08-20 03:00:00,0,Pass,0.42954761904761907,1,0.385,0.4011458333333333,1,0.38,0.011705376,1,0.01
WF-001022,2008-09-22 23:10:00,0,Pass,0.3233095238095238,0,0.385,0.29118750000000004,0,0.38,0.0033737076,0,0.01
WF-000804,2008-09-12 07:21:00,0,Pass,0.28557142857142864,0,0.385,0.2608958333333334,0,0.38,0.0056321127,0,0.01
WF-000096,2008-08-04 20:32:00,0,Pass,0.5445476190476191,1,0.385,0.5527916666666667,1,0.38,0.10447588,1,0.01
WF-001210,2008-10-01 01:11:00,0,Pass,0.3896190476190477,1,0.385,0.3824375,1,0.38,0.027789097,1,0.01
WF-001459,2008-10-11 07:39:00,0,Pass,0.486,1,0.385,0.5237916666666667,1,0.38,0.2031536,1,0.01
WF-000162,2008-08-08 21:53:00,0,Pass,0.6117619047619047,1,0.385,0.6060000000000002,1,0.38,0.6172234,1,0.01
WF-000333,2008-08-20 17:35:00,0,Pass,0.3880952380952381,1,0.385,0.3926041666666666,1,0.38,0.0022180206,0,0.01
WF-000596,2008-08-30 19:27:00,0,Pass,0.3469285714285714,0,0.385,0.38783333333333336,1,0.38,0.0029065069,0,0.01
WF-000222,2008-08-16 15:16:00,0,Pass,0.4866428571428572,1,0.385,0.4648333333333335,1,0.38,0.028657999,1,0.01
WF-000369,2008-08-21 16:19:00,1,Fail,0.4783809523809524,1,0.385,0.5214375,1,0.38,0.119768254,1,0.01
WF-000144,2008-08-06 21:15:00,0,Pass,0.5192857142857142,1,0.385,0.5779583333333334,1,0.38,0.052445177,1,0.01
WF-000218,2008-08-16 08:41:00,0,Pass,0.380952380952381,0,0.385,0.38868749999999996,1,0.38,0.004701872,0,0.01
WF-000485,2008-08-28 16:52:00,0,Pass,0.42290476190476184,1,0.385,0.40125000000000005,1,0.38,0.01925302,1,0.01
WF-000470,2008-08-28 06:56:00,0,Pass,0.3604761904761904,0,0.385,0.3088749999999999,0,0.38,0.0033786783,0,0.01
WF-001394,2008-10-07 10:04:00,0,Pass,0.28380952380952373,0,0.385,0.26843750000000005,0,0.38,0.0020361652,0,0.01
WF-001563,2008-10-16 15:13:00,0,Pass,0.23719047619047615,0,0.385,0.25043750000000004,0,0.38,0.0008838737,0,0.01
WF-000473,2008-08-28 08:41:00,0,Pass,0.357452380952381,0,0.385,0.34383333333333327,0,0.38,0.0034834356,0,0.01
WF-000011,2008-07-19 21:57:00,1,Fail,0.5060238095238095,1,0.385,0.5247916666666664,1,0.38,0.18197204,1,0.01
WF-000016,2008-07-22 00:03:00,0,Pass,0.5624047619047617,1,0.385,0.6323541666666667,1,0.38,0.5286294,1,0.01
WF-001481,2008-10-13 14:55:00,0,Pass,0.2408333333333334,0,0.385,0.24779166666666647,0,0.38,0.00035294428,0,0.01
WF-000567,2008-08-30 05:38:00,0,Pass,0.34478571428571425,0,0.385,0.3457291666666666,0,0.38,0.0017433546,0,0.01
WF-000691,2008-09-02 14:21:00,0,Pass,0.3728095238095237,0,0.385,0.3880416666666666,1,0.38,0.0054885903,0,0.01
WF-000663,2008-09-02 06:03:00,0,Pass,0.3037619047619047,0,0.385,0.2925833333333334,0,0.38,0.0023914203,0,0.01
WF-000221,2008-08-16 14:30:00,0,Pass,0.4599999999999999,1,0.385,0.4602083333333332,1,0.38,0.057856336,1,0.01
WF-000718,2008-09-03 18:16:00,0,Pass,0.3316904761904762,0,0.385,0.265,0,0.38,0.0033909224,0,0.01
WF-000959,2008-09-20 15:46:00,0,Pass,0.3274047619047619,0,0.385,0.3274791666666667,0,0.38,0.005377784,0,0.01
WF-001550,2008-10-16 02:55:00,0,Pass,0.3365000000000001,0,0.385,0.3270416666666667,0,0.38,0.009113939,0,0.01
WF-000685,2008-09-02 12:44:00,0,Pass,0.3497857142857142,0,0.385,0.33960416666666676,0,0.38,0.011921828,1,0.01
WF-001089,2008-09-25 17:29:00,0,Pass,0.38133333333333325,0,0.385,0.3882708333333333,1,0.38,0.022117594,1,0.01
WF-001303,2008-10-04 23:18:00,1,Fail,0.41888095238095235,1,0.385,0.38202083333333337,1,0.38,0.025604628,1,0.01
WF-001111,2008-09-26 18:54:00,0,Pass,0.38092857142857145,0,0.385,0.3635000000000001,0,0.38,0.050326917,1,0.01
WF-001187,2008-09-29 22:13:00,0,Pass,0.3668333333333333,0,0.385,0.3527083333333331,0,0.38,0.0083621815,0,0.01
WF-000408,2008-08-22 07:04:00,0,Pass,0.2989523809523809,0,0.385,0.29989583333333325,0,0.38,0.0016439735,0,0.01
WF-001031,2008-09-23 11:42:00,0,Pass,0.3925476190476189,1,0.385,0.3627083333333334,0,0.38,0.037531685,1,0.01
WF-000463,2008-08-28 03:45:00,0,Pass,0.36638095238095225,0,0.385,0.3127708333333334,0,0.38,0.0034576613,0,0.01
WF-001242,2008-10-02 14:07:00,1,Fail,0.2981190476190477,0,0.385,0.3125416666666666,0,0.38,0.01717584,1,0.01
WF-001384,2008-10-07 01:46:00,0,Pass,0.29926190476190473,0,0.385,0.3452291666666666,0,0.38,0.0033647716,0,0.01
WF-001057,2008-09-24 10:53:00,0,Pass,0.34116666666666673,0,0.385,0.3964999999999999,1,0.38,0.0043264953,0,0.01
WF-000254,2008-08-18 07:23:00,0,Pass,0.42102380952380947,1,0.385,0.4592083333333333,1,0.38,0.029084967,1,0.01
WF-000425,2008-08-22 19:14:00,1,Fail,0.4418571428571429,1,0.385,0.39512499999999995,1,0.38,0.024164114,1,0.01
WF-000621,2008-09-01 00:45:00,0,Pass,0.2795,0,0.385,0.28852083333333334,0,0.38,0.0029427707,0,0.01
WF-000626,2008-09-01 06:21:00,0,Pass,0.39761904761904765,1,0.385,0.43095833333333333,1,0.38,0.010148833,1,0.01
WF-000840,2008-09-14 18:27:00,0,Pass,0.3314285714285714,0,0.385,0.29241666666666666,0,0.38,0.002622154,0,0.01
WF-000721,2008-09-03 20:10:00,0,Pass,0.31699999999999995,0,0.385,0.2756041666666666,0,0.38,0.000855347,0,0.01
WF-001401,2008-10-07 13:10:00,1,Fail,0.48492857142857143,1,0.385,0.4151041666666667,1,0.38,0.027268976,1,0.01
WF-001040,2008-09-23 18:10:00,0,Pass,0.3320714285714286,0,0.385,0.29985416666666664,0,0.38,0.007084135,0,0.01
WF-000504,2008-08-29 02:38:00,0,Pass,0.32173809523809527,0,0.385,0.294,0,0.38,0.00630602,0,0.01
WF-000925,2008-09-19 20:19:00,1,Fail,0.40533333333333343,1,0.385,0.40766666666666657,1,0.38,0.029214397,1,0.01
WF-001065,2008-09-24 15:42:00,0,Pass,0.35050000000000003,0,0.385,0.32575000000000004,0,0.38,0.006676393,0,0.01
WF-001094,2008-09-26 00:19:00,0,Pass,0.311452380952381,0,0.385,0.34850000000000003,0,0.38,0.005169607,0,0.01
WF-001561,2008-10-16 05:58:00,0,Pass,0.20061904761904759,0,0.385,0.26431250000000006,0,0.38,0.00037777473,0,0.01
WF-000814,2008-09-12 19:36:00,0,Pass,0.3169523809523808,0,0.385,0.34014583333333337,0,0.38,0.0057888655,0,0.01
WF-001402,2008-10-07 13:48:00,0,Pass,0.3658095238095237,0,0.385,0.3444166666666667,0,0.38,0.004379658,0,0.01
WF-001183,2008-09-29 16:27:00,0,Pass,0.2875714285714286,0,0.385,0.2869166666666667,0,0.38,0.0013037197,0,0.01
WF-000753,2008-09-08 00:40:00,0,Pass,0.41261904761904766,1,0.385,0.36137500000000017,0,0.38,0.053241182,1,0.01
WF-001051,2008-09-24 05:13:00,0,Pass,0.30742857142857144,0,0.385,0.34502083333333344,0,0.38,0.004085968,0,0.01
WF-001158,2008-09-28 18:43:00,0,Pass,0.3020476190476191,0,0.385,0.34516666666666673,0,0.38,0.004260148,0,0.01
WF-000140,2008-08-06 19:13:00,0,Pass,0.411142857142857,1,0.385,0.33991666666666676,0,0.38,0.028800687,1,0.01
WF-001336,2008-10-06 00:41:00,0,Pass,0.30788095238095237,0,0.385,0.3164375,0,0.38,0.0025217503,0,0.01
WF-000582,2008-08-30 11:18:00,0,Pass,0.3544047619047618,0,0.385,0.3469374999999999,0,0.38,0.036730044,1,0.01
WF-000381,2008-08-21 20:21:00,0,Pass,0.4958571428571429,1,0.385,0.49681249999999993,1,0.38,0.19836974,1,0.01
WF-001428,2008-10-08 17:14:00,0,Pass,0.505142857142857,1,0.385,0.4802916666666666,1,0.38,0.04979266,1,0.01
WF-001293,2008-10-04 15:16:00,0,Pass,0.4986904761904762,1,0.385,0.5078750000000001,1,0.38,0.101435445,1,0.01
WF-000717,2008-09-03 17:22:00,0,Pass,0.38669047619047625,1,0.385,0.39489583333333345,1,0.38,0.011259563,1,0.01
WF-000479,2008-08-28 11:19:00,0,Pass,0.34283333333333327,0,0.385,0.38274999999999987,1,0.38,0.0024459488,0,0.01
WF-000961,2008-09-20 16:44:00,0,Pass,0.2734047619047619,0,0.385,0.3388333333333334,0,0.38,0.0017227393,0,0.01
WF-000120,2008-08-05 14:17:00,0,Pass,0.44790476190476186,1,0.385,0.43658333333333316,1,0.38,0.050583046,1,0.01
WF-000022,2008-07-23 05:15:00,0,Pass,0.4150714285714286,1,0.385,0.4379375,1,0.38,0.014438818,1,0.01
WF-000193,2008-08-11 05:15:00,0,Pass,0.5703095238095236,1,0.385,0.5786458333333333,1,0.38,0.4985707,1,0.01
WF-000330,2008-08-20 16:08:00,0,Pass,0.3490952380952381,0,0.385,0.3227708333333333,0,0.38,0.0037491785,0,0.01
WF-000488,2008-08-28 17:32:00,0,Pass,0.35971428571428576,0,0.385,0.35327083333333326,0,0.38,0.0050792033,0,0.01
WF-001305,2008-10-05 00:33:00,0,Pass,0.4085952380952382,1,0.385,0.4499791666666666,1,0.38,0.062224593,1,0.01
WF-001241,2008-10-02 10:03:00,0,Pass,0.3929523809523809,1,0.385,0.4112291666666667,1,0.38,0.16255783,1,0.01
WF-000535,2008-08-29 13:27:00,0,Pass,0.4441904761904763,1,0.385,0.39425,1,0.38,0.082985364,1,0.01
WF-001537,2008-10-15 17:19:00,0,Pass,0.2642380952380952,0,0.385,0.2989583333333333,0,0.38,0.0033580111,0,0.01
WF-000537,2008-08-29 14:11:00,0,Pass,0.3519761904761906,0,0.385,0.3929583333333332,1,0.38,0.004965971,0,0.01
WF-000976,2008-09-21 04:49:00,0,Pass,0.23361904761904767,0,0.385,0.21189583333333334,0,0.38,0.0003244671,0,0.01
WF-000697,2008-09-02 16:58:00,0,Pass,0.377238095238095,0,0.385,0.38570833333333326,1,0.38,0.009919878,0,0.01
WF-001225,2008-10-01 23:34:00,0,Pass,0.3482619047619048,0,0.385,0.35710416666666656,0,0.38,0.007253868,0,0.01
WF-000823,2008-09-13 03:14:00,0,Pass,0.2792619047619048,0,0.385,0.31316666666666665,0,0.38,0.0046056663,0,0.01
WF-000687,2008-09-02 13:08:00,0,Pass,0.40890476190476194,1,0.385,0.41424999999999995,1,0.38,0.02629565,1,0.01
WF-001277,2008-10-03 20:11:00,0,Pass,0.3505714285714284,0,0.385,0.3955208333333332,1,0.38,0.013516976,1,0.01
WF-000996,2008-09-21 18:12:00,0,Pass,0.3214523809523811,0,0.385,0.3047291666666667,0,0.38,0.010067122,1,0.01
WF-000761,2008-09-08 18:46:00,0,Pass,0.30876190476190474,0,0.385,0.3080833333333334,0,0.38,0.023214022,1,0.01
WF-000512,2008-08-29 05:54:00,0,Pass,0.39461904761904765,1,0.385,0.37447916666666664,0,0.38,0.0066420278,0,0.01
WF-000556,2008-08-30 02:08:00,0,Pass,0.42771428571428566,1,0.385,0.44772916666666673,1,0.38,0.0124379,1,0.01
WF-001558,2008-10-16 05:08:00,0,Pass,0.3764285714285713,0,0.385,0.37664583333333335,0,0.38,0.0046612564,0,0.01
WF-001007,2008-09-22 07:12:00,0,Pass,0.24685714285714283,0,0.385,0.27622916666666675,0,0.38,0.0013217233,0,0.01
WF-001023,2008-09-23 00:57:00,0,Pass,0.3500952380952381,0,0.385,0.35025,0,0.38,0.0112745175,1,0.01
WF-001134,2008-09-27 15:09:00,0,Pass,0.36045238095238097,0,0.385,0.39385416666666656,1,0.38,0.023291696,1,0.01
WF-001078,2008-09-25 11:08:00,0,Pass,0.3220714285714286,0,0.385,0.2798541666666666,0,0.38,0.00120387,0,0.01
WF-000467,2008-08-28 05:00:00,0,Pass,0.46526190476190477,1,0.385,0.4899583333333332,1,0.38,0.012976919,1,0.01
WF-000035,2008-07-28 03:31:00,0,Pass,0.5405952380952379,1,0.385,0.5499166666666668,1,0.38,0.032894723,1,0.01
WF-000038,2008-07-28 05:36:00,0,Pass,0.4580476190476192,1,0.385,0.4381875000000002,1,0.38,0.01196001,1,0.01
WF-000276,2008-08-18 17:37:00,0,Pass,0.5771904761904761,1,0.385,0.6047083333333333,1,0.38,0.2732458,1,0.01
WF-000773,2008-09-10 07:26:00,0,Pass,0.2813333333333333,0,0.385,0.29435416666666664,0,0.38,0.01018626,1,0.01
WF-000789,2008-09-11 14:20:00,0,Pass,0.3111904761904763,0,0.385,0.32947916666666666,0,0.38,0.002841107,0,0.01
WF-001519,2008-10-15 02:40:00,0,Pass,0.3280952380952381,0,0.385,0.3314791666666666,0,0.38,0.010239271,1,0.01
WF-001548,2008-10-16 02:17:00,0,Pass,0.34461904761904766,0,0.385,0.3161041666666667,0,0.38,0.0031877672,0,0.01
WF-000223,2008-08-16 15:19:00,1,Fail,0.5079047619047619,1,0.385,0.48977083333333327,1,0.38,0.020036334,1,0.01
WF-000711,2008-09-03 01:32:00,0,Pass,0.392595238095238,1,0.385,0.3581458333333334,0,0.38,0.010278454,1,0.01
WF-001445,2008-10-09 15:56:00,0,Pass,0.27514285714285724,0,0.385,0.2959375,0,0.38,0.00066435203,0,0.01
WF-000907,2008-09-19 09:12:00,0,Pass,0.30952380952380953,0,0.385,0.35485416666666664,0,0.38,0.007326114,0,0.01
WF-001060,2008-09-24 12:04:00,0,Pass,0.39914285714285713,1,0.385,0.37027083333333316,0,0.38,0.07966772,1,0.01
WF-001554,2008-10-16 04:04:00,0,Pass,0.29588095238095224,0,0.385,0.287625,0,0.38,0.00081518426,0,0.01
WF-001113,2008-09-26 19:45:00,0,Pass,0.26552380952380955,0,0.385,0.28541666666666665,0,0.38,0.0027371072,0,0.01
WF-001003,2008-09-22 00:47:00,0,Pass,0.29923809523809525,0,0.385,0.30052083333333324,0,0.38,0.0058744764,0,0.01
WF-000649,2008-09-02 01:10:00,0,Pass,0.384142857142857,0,0.385,0.42749999999999977,1,0.38,0.02294919,1,0.01
WF-000405,2008-08-22 05:31:00,0,Pass,0.3869999999999998,1,0.385,0.3618333333333334,0,0.38,0.0032493346,0,0.01
WF-000891,2008-09-18 21:56:00,0,Pass,0.3262380952380952,0,0.385,0.33541666666666664,0,0.38,0.001224911,0,0.01
WF-000946,2008-09-20 12:20:00,0,Pass,0.27838095238095234,0,0.385,0.22120833333333334,0,0.38,0.0006157212,0,0.01
WF-001263,2008-10-03 02:41:00,0,Pass,0.4069047619047619,1,0.385,0.3694166666666666,0,0.38,0.018334376,1,0.01
WF-000620,2008-09-01 00:39:00,0,Pass,0.3735952380952381,0,0.385,0.3355625,0,0.38,0.005324214,0,0.01
WF-000820,2008-09-12 23:40:00,0,Pass,0.322095238095238,0,0.385,0.33627083333333324,0,0.38,0.0062890826,0,0.01
WF-001426,2008-10-08 15:37:00,0,Pass,0.37,0,0.385,0.3550000000000001,0,0.38,0.006713466,0,0.01
WF-001461,2008-10-11 08:27:00,0,Pass,0.36295238095238097,0,0.385,0.37895833333333345,0,0.38,0.034975406,1,0.01
WF-001062,2008-09-24 13:01:00,0,Pass,0.3228571428571428,0,0.385,0.35608333333333336,0,0.38,0.013156023,1,0.01
WF-001086,2008-09-25 15:55:00,0,Pass,0.36623809523809525,0,0.385,0.38164583333333335,1,0.38,0.03410243,1,0.01
WF-001341,2008-10-06 02:49:00,0,Pass,0.3636428571428571,0,0.385,0.31108333333333343,0,0.38,0.006123286,0,0.01
WF-000882,2008-09-18 05:44:00,0,Pass,0.3195238095238095,0,0.385,0.32420833333333327,0,0.38,0.0085056955,0,0.01
WF-001048,2008-09-24 02:44:00,0,Pass,0.3627857142857143,0,0.385,0.32002083333333337,0,0.38,0.006141028,0,0.01
WF-000533,2008-08-29 13:04:00,0,Pass,0.3776428571428571,0,0.385,0.3426250000000002,0,0.38,0.014654818,1,0.01
WF-000429,2008-08-22 23:56:00,0,Pass,0.3173095238095238,0,0.385,0.3142083333333334,0,0.38,0.0020289314,0,0.01
WF-001405,2008-10-07 17:06:00,0,Pass,0.3132857142857143,0,0.385,0.33462500000000006,0,0.38,0.0011643647,0,0.01
WF-000658,2008-09-02 03:35:00,0,Pass,0.4067619047619047,1,0.385,0.4007916666666667,1,0.38,0.00393594,0,0.01
WF-000606,2008-08-31 10:59:00,1,Fail,0.4224761904761905,1,0.385,0.3927708333333333,1,0.38,0.020392315,1,0.01
WF-001194,2008-09-30 12:31:00,0,Pass,0.32623809523809527,0,0.385,0.33512499999999995,0,0.38,0.0014481621,0,0.01
WF-000723,2008-09-04 08:22:00,0,Pass,0.2616190476190476,0,0.385,0.27574999999999994,0,0.38,0.0012907118,0,0.01
WF-000189,2008-08-10 20:07:00,1,Fail,0.576785714285714,1,0.385,0.5376249999999999,1,0.38,0.4188943,1,0.01
WF-001257,2008-10-02 22:23:00,0,Pass,0.3788333333333334,0,0.385,0.3866666666666667,1,0.38,0.02287494,1,0.01
WF-000654,2008-09-02 02:11:00,0,Pass,0.34799999999999986,0,0.385,0.36268750000000005,0,0.38,0.01587438,1,0.01
WF-001497,2008-10-14 03:21:00,0,Pass,0.28319047619047627,0,0.385,0.2961041666666667,0,0.38,0.005034711,0,0.01
WF-000673,2008-09-02 10:13:00,0,Pass,0.34678571428571425,0,0.385,0.3538750000000001,0,0.38,0.0116393985,1,0.01
WF-001286,2008-10-04 00:58:00,0,Pass,0.37064285714285705,0,0.385,0.4002291666666667,1,0.38,0.013625039,1,0.01
WF-001470,2008-10-12 03:21:00,0,Pass,0.40778571428571425,1,0.385,0.37847916666666653,0,0.38,0.023054102,1,0.01
WF-000846,2008-09-14 23:00:00,0,Pass,0.4399761904761906,1,0.385,0.4618958333333332,1,0.38,0.03996562,1,0.01
WF-000252,2008-08-18 06:26:00,0,Pass,0.4576428571428571,1,0.385,0.43081250000000004,1,0.38,0.014878039,1,0.01
WF-000977,2008-09-21 07:30:00,0,Pass,0.2794047619047619,0,0.385,0.27841666666666665,0,0.38,0.0035846496,0,0.01
WF-000541,2008-08-29 15:43:00,0,Pass,0.4520714285714284,1,0.385,0.4173750000000001,1,0.38,0.010594368,1,0.01
WF-001228,2008-10-02 03:17:00,1,Fail,0.38680952380952377,1,0.385,0.39308333333333323,1,0.38,0.004329861,0,0.01
WF-000349,2008-08-21 04:29:00,0,Pass,0.37876190476190474,0,0.385,0.4283958333333334,1,0.38,0.01827222,1,0.01
WF-000430,2008-08-23 02:04:00,0,Pass,0.39657142857142846,1,0.385,0.4682083333333333,1,0.38,0.017570248,1,0.01
WF-000710,2008-09-03 01:15:00,1,Fail,0.4573333333333334,1,0.385,0.46189583333333323,1,0.38,0.08569612,1,0.01
WF-000742,2008-09-07 12:20:00,0,Pass,0.3081904761904761,0,0.385,0.26983333333333337,0,0.38,0.0066384454,0,0.01
WF-001102,2008-09-26 13:36:00,0,Pass,0.3389285714285715,0,0.385,0.29125,0,0.38,0.007980468,0,0.01
WF-000178,2008-08-09 23:34:00,0,Pass,0.4284047619047618,1,0.385,0.44277083333333317,1,0.38,0.04316592,1,0.01
WF-001417,2008-10-08 07:13:00,0,Pass,0.30123809523809525,0,0.385,0.2758958333333334,0,0.38,0.0006827511,0,0.01
WF-001504,2008-10-14 14:43:00,0,Pass,0.296404761904762,0,0.385,0.3171041666666666,0,0.38,0.0025357034,0,0.01
WF-000432,2008-08-23 04:50:00,0,Pass,0.46573809523809523,1,0.385,0.46243750000000006,1,0.38,0.025937863,1,0.01
WF-000448,2008-08-24 10:14:00,0,Pass,0.5205238095238095,1,0.385,0.4673333333333333,1,0.38,0.16535194,1,0.01
WF-000192,2008-08-11 04:09:00,0,Pass,0.47276190476190477,1,0.385,0.46481249999999996,1,0.38,0.09642689,1,0.01
WF-001326,2008-10-05 15:35:00,1,Fail,0.4603333333333334,1,0.385,0.4243333333333333,1,0.38,0.032562762,1,0.01
WF-001389,2008-10-07 08:25:00,0,Pass,0.3260714285714286,0,0.385,0.3459166666666666,0,0.38,0.010257041,1,0.01
WF-000864,2008-09-16 17:07:00,0,Pass,0.35323809523809524,0,0.385,0.35072916666666665,0,0.38,0.0029052538,0,0.01
WF-000402,2008-08-22 04:40:00,0,Pass,0.3438333333333333,0,0.385,0.3228541666666666,0,0.38,0.012151937,1,0.01
WF-000775,2008-09-10 20:52:00,0,Pass,0.37780952380952376,0,0.385,0.36468749999999994,0,0.38,0.04789983,1,0.01
WF-000595,2008-08-30 19:21:00,0,Pass,0.3554761904761904,0,0.385,0.2914999999999999,0,0.38,0.0050690975,0,0.01
WF-000647,2008-09-02 00:46:00,0,Pass,0.25197619047619046,0,0.385,0.2624583333333334,0,0.38,0.0007550828,0,0.01
WF-000394,2008-08-22 01:26:00,0,Pass,0.5587380952380954,1,0.385,0.5012291666666667,1,0.38,0.14126088,1,0.01
WF-000748,2008-09-07 19:31:00,0,Pass,0.29680952380952375,0,0.385,0.31725000000000003,0,0.38,0.0016521267,0,0.01
WF-000202,2008-08-15 03:26:00,0,Pass,0.41533333333333317,1,0.385,0.4252499999999999,1,0.38,0.010587053,1,0.01
WF-000444,2008-08-24 04:00:00,0,Pass,0.343904761904762,0,0.385,0.3928541666666666,1,0.38,0.0008716347,0,0.01
WF-000421,2008-08-22 14:45:00,0,Pass,0.36895238095238087,0,0.385,0.3583124999999999,0,0.38,0.0071826805,0,0.01
WF-000306,2008-08-19 11:44:00,0,Pass,0.48890476190476184,1,0.385,0.47102083333333356,1,0.38,0.058636468,1,0.01
WF-001087,2008-09-25 16:44:00,0,Pass,0.2945238095238095,0,0.385,0.35141666666666665,0,0.38,0.003668828,0,0.01
WF-001186,2008-09-29 21:48:00,1,Fail,0.33404761904761915,0,0.385,0.31556249999999997,0,0.38,0.0014553941,0,0.01
WF-001560,2008-10-16 05:44:00,0,Pass,0.24121428571428571,0,0.385,0.26325000000000004,0,0.38,0.0020304527,0,0.01
WF-001512,2008-10-15 00:03:00,0,Pass,0.2701666666666668,0,0.385,0.30039583333333325,0,0.38,0.0014162018,0,0.01
WF-000861,2008-09-16 08:50:00,0,Pass,0.2578571428571429,0,0.385,0.2808333333333333,0,0.38,0.005394457,0,0.01
WF-000930,2008-09-19 21:59:00,1,Fail,0.31533333333333324,0,0.385,0.32966666666666666,0,0.38,0.028091969,1,0.01
WF-001244,2008-10-02 14:54:00,0,Pass,0.367452380952381,0,0.385,0.34739583333333335,0,0.38,0.0073558264,0,0.01
WF-001347,2008-10-06 05:24:00,0,Pass,0.36069047619047623,0,0.385,0.39579166666666665,1,0.38,0.063784555,1,0.01
WF-000858,2008-09-15 23:37:00,0,Pass,0.29866666666666664,0,0.385,0.2746458333333334,0,0.38,0.0023514603,0,0.01
WF-001097,2008-09-26 03:12:00,0,Pass,0.30683333333333335,0,0.385,0.2922291666666667,0,0.38,0.0048038173,0,0.01
WF-001364,2008-10-06 13:38:00,1,Fail,0.4012619047619048,1,0.385,0.38262500000000016,1,0.38,0.033464015,1,0.01
WF-001532,2008-10-15 13:14:00,0,Pass,0.33969047619047615,0,0.385,0.33224999999999993,0,0.38,0.01723272,1,0.01
WF-001324,2008-10-05 14:34:00,0,Pass,0.37352380952380965,0,0.385,0.383125,1,0.38,0.0143602295,1,0.01
WF-000454,2008-08-27 13:35:00,0,Pass,0.3704761904761905,0,0.385,0.3952291666666667,1,0.38,0.019029373,1,0.01
WF-000406,2008-08-22 05:32:00,0,Pass,0.37852380952380943,0,0.385,0.4069791666666665,1,0.38,0.0020696574,0,0.01
WF-000312,2008-08-19 18:12:00,0,Pass,0.3389285714285714,0,0.385,0.37402083333333325,0,0.38,0.0028636735,0,0.01
WF-000830,2008-09-13 16:04:00,0,Pass,0.2993095238095238,0,0.385,0.2849583333333333,0,0.38,0.0031445383,0,0.01
WF-000811,2008-09-12 16:23:00,0,Pass,0.37464285714285717,0,0.385,0.39170833333333327,1,0.38,0.016577927,1,0.01
WF-000790,2008-09-11 14:24:00,0,Pass,0.370047619047619,0,0.385,0.4026458333333332,1,0.38,0.016311612,1,0.01
WF-000965,2008-09-20 18:21:00,0,Pass,0.2732142857142857,0,0.385,0.3502708333333333,0,0.38,0.0012869695,0,0.01
WF-001370,2008-10-06 16:50:00,0,Pass,0.4040238095238097,1,0.385,0.3651875000000001,0,0.38,0.024886146,1,0.01
WF-000377,2008-08-21 19:12:00,0,Pass,0.382595238095238,0,0.385,0.35472916666666665,0,0.38,0.0014645793,0,0.01
WF-000033,2008-07-27 22:28:00,0,Pass,0.47390476190476183,1,0.385,0.4576249999999999,1,0.38,0.019692875,1,0.01
WF-000951,2008-09-20 14:00:00,0,Pass,0.2746904761904762,0,0.385,0.29068749999999993,0,0.38,0.002149118,0,0.01
WF-000747,2008-09-07 19:29:00,0,Pass,0.4149999999999999,1,0.385,0.4196666666666665,1,0.38,0.033938915,1,0.01
WF-000438,2008-08-23 09:24:00,0,Pass,0.44157142857142867,1,0.385,0.4478958333333335,1,0.38,0.10472756,1,0.01
WF-000518,2008-08-29 06:40:00,0,Pass,0.4534761904761906,1,0.385,0.39914583333333326,1,0.38,0.08612803,1,0.01
WF-000623,2008-09-01 05:29:00,0,Pass,0.2681666666666667,0,0.385,0.3074583333333333,0,0.38,0.0015403171,0,0.01
WF-000087,2008-08-04 14:04:00,0,Pass,0.45257142857142857,1,0.385,0.4519999999999999,1,0.38,0.009875215,0,0.01
WF-000903,2008-09-19 07:14:00,0,Pass,0.3036428571428571,0,0.385,0.33181250000000007,0,0.38,0.0055503775,0,0.01
WF-000657,2008-09-02 03:33:00,0,Pass,0.3368095238095238,0,0.385,0.2787708333333332,0,0.38,0.0030162542,0,0.01
WF-000495,2008-08-28 20:20:00,0,Pass,0.36264285714285716,0,0.385,0.3747916666666666,0,0.38,0.0076889386,0,0.01
WF-000139,2008-08-06 18:34:00,0,Pass,0.458404761904762,1,0.385,0.4695624999999998,1,0.38,0.11056922,1,0.01
WF-000980,2008-09-21 08:49:00,0,Pass,0.33676190476190476,0,0.385,0.27987500000000004,0,0.38,0.0053566457,0,0.01
WF-000881,2008-09-18 03:58:00,0,Pass,0.3699047619047619,0,0.385,0.45960416666666665,1,0.38,0.05863402,1,0.01
WF-000520,2008-08-29 06:54:00,0,Pass,0.2955238095238095,0,0.385,0.31322916666666667,0,0.38,0.0058392356,0,0.01
WF-001321,2008-10-05 12:03:00,0,Pass,0.34364285714285714,0,0.385,0.43712500000000004,1,0.38,0.027365882,1,0.01
WF-001427,2008-10-08 16:26:00,0,Pass,0.28904761904761905,0,0.385,0.28235416666666663,0,0.38,0.004908554,0,0.01
WF-000849,2008-09-15 11:40:00,0,Pass,0.2450238095238096,0,0.385,0.2695416666666666,0,0.38,0.0047141546,0,0.01
WF-000865,2008-09-16 18:09:00,0,Pass,0.27838095238095245,0,0.385,0.3266458333333334,0,0.38,0.009708821,0,0.01
WF-001551,2008-10-16 03:56:00,0,Pass,0.2506904761904763,0,0.385,0.27527083333333335,0,0.38,0.004100926,0,0.01
WF-001120,2008-09-27 03:53:00,0,Pass,0.32033333333333336,0,0.385,0.30922916666666667,0,0.38,0.002957699,0,0.01
WF-001106,2008-09-26 15:06:00,0,Pass,0.3951904761904762,1,0.385,0.44077083333333333,1,0.38,0.033181567,1,0.01
WF-000879,2008-09-18 02:01:00,0,Pass,0.2815476190476191,0,0.385,0.3365625000000001,0,0.38,0.0014144522,0,0.01
WF-000701,2008-09-02 18:52:00,0,Pass,0.27216666666666667,0,0.385,0.2573749999999999,0,0.38,0.0015611448,0,0.01
WF-001002,2008-09-22 00:28:00,0,Pass,0.3128809523809524,0,0.385,0.28443750000000007,0,0.38,0.0012579772,0,0.01
WF-000924,2008-09-19 20:17:00,0,Pass,0.3480952380952382,0,0.385,0.4128125,1,0.38,0.003696469,0,0.01
WF-000207,2008-08-15 11:42:00,0,Pass,0.4664285714285714,1,0.385,0.46731249999999996,1,0.38,0.009563739,0,0.01
WF-000492,2008-08-28 18:25:00,0,Pass,0.3137142857142857,0,0.385,0.3093958333333333,0,0.38,0.002634969,0,0.01
WF-000515,2008-08-29 05:57:00,0,Pass,0.41195238095238096,1,0.385,0.46745833333333336,1,0.38,0.15691254,1,0.01
WF-000505,2008-08-29 02:39:00,0,Pass,0.4194999999999998,1,0.385,0.43604166666666677,1,0.38,0.028469821,1,0.01
WF-000603,2008-08-31 05:05:00,0,Pass,0.4227619047619048,1,0.385,0.4386875,1,0.38,0.15681237,1,0.01
WF-000854,2008-09-15 21:56:00,0,Pass,0.4182142857142857,1,0.385,0.4011458333333332,1,0.38,0.012110662,1,0.01
WF-001168,2008-09-29 03:07:00,0,Pass,0.34699999999999986,0,0.385,0.3170833333333332,0,0.38,0.003538885,0,0.01
WF-000522,2008-08-29 07:22:00,0,Pass,0.3476190476190476,0,0.385,0.39064583333333347,1,0.38,0.03580874,1,0.01
WF-000859,2008-09-16 07:39:00,0,Pass,0.3211428571428572,0,0.385,0.3768333333333333,0,0.38,0.006241283,0,0.01
WF-000732,2008-09-04 16:41:00,0,Pass,0.27942857142857136,0,0.385,0.27925,0,0.38,0.001429009,0,0.01
WF-000204,2008-08-15 05:13:00,0,Pass,0.4509761904761905,1,0.385,0.4624375000000002,1,0.38,0.010975565,1,0.01
WF-001410,2008-10-07 20:39:00,0,Pass,0.26509523809523816,0,0.385,0.2779374999999999,0,0.38,0.0007546203,0,0.01
WF-000609,2008-08-31 15:09:00,0,Pass,0.29126190476190467,0,0.385,0.3000625,0,0.38,0.00029802864,0,0.01
WF-000682,2008-09-02 12:17:00,0,Pass,0.33445238095238095,0,0.385,0.34275000000000005,0,0.38,0.015367874,1,0.01
WF-001369,2008-10-06 16:42:00,0,Pass,0.33271428571428574,0,0.385,0.3194999999999999,0,0.38,0.0019810128,0,0.01
WF-000494,2008-08-28 18:57:00,0,Pass,0.3891666666666667,1,0.385,0.37635416666666666,0,0.38,0.020849105,1,0.01
WF-000953,2008-09-20 14:42:00,0,Pass,0.4026666666666668,1,0.385,0.4095208333333333,1,0.38,0.04681804,1,0.01
WF-000123,2008-08-05 20:04:00,0,Pass,0.41573809523809524,1,0.385,0.40752083333333333,1,0.38,0.005080042,0,0.01
WF-001072,2008-09-25 06:21:00,0,Pass,0.2982857142857143,0,0.385,0.32695833333333335,0,0.38,0.0038922837,0,0.01
WF-001221,2008-10-01 19:57:00,0,Pass,0.34916666666666674,0,0.385,0.3251041666666666,0,0.38,0.008585652,0,0.01
WF-000241,2008-08-17 23:55:00,1,Fail,0.47211904761904755,1,0.385,0.4642083333333332,1,0.38,0.08046896,1,0.01
WF-000008,2008-07-19 19:45:00,0,Pass,0.5188333333333331,1,0.385,0.5077291666666668,1,0.38,0.14127004,1,0.01
WF-000389,2008-08-21 23:57:00,0,Pass,0.35154761904761905,0,0.385,0.32575000000000004,0,0.38,0.0018126571,0,0.01
WF-000735,2008-09-05 15:30:00,0,Pass,0.31909523809523804,0,0.385,0.29872916666666666,0,0.38,0.0022705412,0,0.01
WF-000005,2008-07-19 15:22:00,0,Pass,0.44811904761904764,1,0.385,0.45585416666666667,1,0.38,0.012255317,1,0.01
WF-000364,2008-08-21 15:05:00,0,Pass,0.4251190476190477,1,0.385,0.4094166666666665,1,0.38,0.032788865,1,0.01
WF-000118,2008-08-05 08:50:00,0,Pass,0.3989285714285714,1,0.385,0.3941458333333332,1,0.38,0.0071418257,0,0.01
WF-001477,2008-10-13 12:18:00,0,Pass,0.3358809523809524,0,0.385,0.2934999999999999,0,0.38,0.005221458,0,0.01
WF-000739,2008-09-07 00:49:00,0,Pass,0.38790476190476186,1,0.385,0.41774999999999984,1,0.38,0.05454649,1,0.01
WF-001281,2008-10-03 21:15:00,0,Pass,0.4914285714285713,1,0.385,0.4810208333333334,1,0.38,0.34972835,1,0.01
WF-001160,2008-09-28 19:29:00,0,Pass,0.35014285714285703,0,0.385,0.36125,0,0.38,0.0054942747,0,0.01
WF-000972,2008-09-21 02:07:00,0,Pass,0.3047380952380952,0,0.385,0.3449166666666666,0,0.38,0.0023583341,0,0.01
WF-001012,2008-09-22 13:03:00,0,Pass,0.2904285714285714,0,0.385,0.31468749999999995,0,0.38,0.005146015,0,0.01
WF-001019,2008-09-22 22:15:00,0,Pass,0.34985714285714287,0,0.385,0.3806875,1,0.38,0.0038965568,0,0.01
WF-000600,2008-08-30 23:51:00,0,Pass,0.4269047619047619,1,0.385,0.4622500000000001,1,0.38,0.03562534,1,0.01
WF-000028,2008-07-27 15:46:00,0,Pass,0.5026666666666667,1,0.385,0.5464583333333335,1,0.38,0.12922634,1,0.01
WF-000581,2008-08-30 11:14:00,0,Pass,0.4197142857142859,1,0.385,0.4061041666666667,1,0.38,0.03687668,1,0.01
WF-000918,2008-09-19 18:33:00,0,Pass,0.3339761904761904,0,0.385,0.3375625,0,0.38,0.037518054,1,0.01
WF-001230,2008-10-02 04:11:00,0,Pass,0.3297857142857143,0,0.385,0.2981041666666666,0,0.38,0.011308261,1,0.01
WF-001128,2008-09-27 12:36:00,0,Pass,0.3318333333333333,0,0.385,0.30204166666666676,0,0.38,0.0047507384,0,0.01
WF-000085,2008-08-04 03:49:00,0,Pass,0.4593333333333333,1,0.385,0.5630625,1,0.38,0.051509246,1,0.01
WF-000225,2008-08-17 00:52:00,0,Pass,0.42992857142857144,1,0.385,0.3845,1,0.38,0.025361821,1,0.01
WF-001419,2008-10-08 09:01:00,0,Pass,0.25899999999999995,0,0.385,0.3333958333333335,0,0.38,0.0011352359,0,0.01
WF-000046,2008-07-29 08:23:00,1,Fail,0.4938571428571428,1,0.385,0.47625,1,0.38,0.011362897,1,0.01
WF-001011,2008-09-22 12:45:00,0,Pass,0.4175714285714285,1,0.385,0.4209999999999999,1,0.38,0.0131398635,1,0.01
WF-001172,2008-09-29 05:32:00,0,Pass,0.4600714285714286,1,0.385,0.4034791666666666,1,0.38,0.07676762,1,0.01
WF-001068,2008-09-24 17:54:00,0,Pass,0.3289523809523809,0,0.385,0.34337499999999993,0,0.38,0.0023106139,0,0.01
WF-000304,2008-08-19 11:13:00,0,Pass,0.4461666666666668,1,0.385,0.48149999999999993,1,0.38,0.04802742,1,0.01
WF-001371,2008-10-06 17:26:00,0,Pass,0.3280952380952381,0,0.385,0.29620833333333335,0,0.38,0.0037401076,0,0.01
WF-000560,2008-08-30 02:50:00,0,Pass,0.3385714285714286,0,0.385,0.2728958333333334,0,0.38,0.00034692432,0,0.01
WF-001132,2008-09-27 14:05:00,0,Pass,0.3726428571428571,0,0.385,0.418,1,0.38,0.030266473,1,0.01
WF-001258,2008-10-02 22:33:00,0,Pass,0.40242857142857147,1,0.385,0.451625,1,0.38,0.06915454,1,0.01
WF-000532,2008-08-29 12:37:00,0,Pass,0.33102380952380955,0,0.385,0.3060000000000001,0,0.38,0.0014364265,0,0.01
WF-000077,2008-08-03 15:27:00,0,Pass,0.4282619047619048,1,0.385,0.4642708333333333,1,0.38,0.035601802,1,0.01
WF-001521,2008-10-15 03:24:00,0,Pass,0.37997619047619036,0,0.385,0.3666666666666667,0,0.38,0.03494681,1,0.01
WF-000106,2008-08-05 03:17:00,0,Pass,0.44552380952380954,1,0.385,0.43458333333333327,1,0.38,0.099136434,1,0.01
WF-000801,2008-09-12 06:38:00,0,Pass,0.38776190476190486,1,0.385,0.4731458333333333,1,0.38,0.02314381,1,0.01
WF-000856,2008-09-15 22:45:00,0,Pass,0.3342142857142857,0,0.385,0.31625,0,0.38,0.008084551,0,0.01
WF-000313,2008-08-19 18:12:00,0,Pass,0.5398095238095237,1,0.385,0.5273749999999999,1,0.38,0.30517623,1,0.01
WF-001049,2008-09-24 03:32:00,0,Pass,0.25430952380952376,0,0.385,0.24533333333333343,0,0.38,0.005634092,0,0.01
WF-001165,2008-09-28 22:44:00,0,Pass,0.3200952380952381,0,0.385,0.3037916666666666,0,0.38,0.0012085335,0,0.01
WF-000635,2008-09-01 19:54:00,1,Fail,0.4794523809523809,1,0.385,0.4705416666666667,1,0.38,0.05594458,1,0.01
WF-001331,2008-10-05 18:59:00,0,Pass,0.3081904761904761,0,0.385,0.3047708333333333,0,0.38,0.0022098697,0,0.01
WF-001177,2008-09-29 12:25:00,0,Pass,0.33809523809523806,0,0.385,0.34275,0,0.38,0.016172072,1,0.01
WF-001462,2008-10-11 14:43:00,0,Pass,0.3660476190476189,0,0.385,0.40389583333333334,1,0.38,0.010974095,1,0.01
WF-000240,2008-08-17 23:20:00,0,Pass,0.42049999999999993,1,0.385,0.46412499999999995,1,0.38,0.019239107,1,0.01
WF-001030,2008-09-23 11:14:00,1,Fail,0.3984285714285714,1,0.385,0.43079166666666674,1,0.38,0.008346972,0,0.01
WF-000446,2008-08-24 07:14:00,0,Pass,0.41930952380952385,1,0.385,0.47656249999999994,1,0.38,0.02404014,1,0.01
WF-000375,2008-08-21 18:39:00,0,Pass,0.3993809523809524,1,0.385,0.34679166666666666,0,0.38,0.005498617,0,0.01
WF-001297,2008-10-04 18:59:00,0,Pass,0.37066666666666664,0,0.385,0.4042291666666666,1,0.38,0.019184269,1,0.01
WF-000746,2008-09-07 18:49:00,0,Pass,0.39933333333333326,1,0.385,0.3770416666666667,0,0.38,0.036313746,1,0.01
WF-001274,2008-10-03 18:45:00,0,Pass,0.32623809523809527,0,0.385,0.3554166666666667,0,0.38,0.006040561,0,0.01
WF-000759,2008-09-08 07:14:00,0,Pass,0.3322857142857143,0,0.385,0.3637708333333333,0,0.38,0.022889787,1,0.01
WF-000167,2008-08-09 06:05:00,0,Pass,0.4961666666666666,1,0.385,0.4841458333333334,1,0.38,0.030460523,1,0.01
WF-001396,2008-10-07 10:51:00,0,Pass,0.37123809523809526,0,0.385,0.3782291666666667,0,0.38,0.05943135,1,0.01
WF-000670,2008-09-02 08:54:00,0,Pass,0.3548333333333334,0,0.385,0.3380208333333332,0,0.38,0.008709123,0,0.01
WF-000542,2008-08-29 16:26:00,0,Pass,0.426595238095238,1,0.385,0.4023125000000001,1,0.38,0.08888198,1,0.01
WF-001129,2008-09-27 13:14:00,0,Pass,0.23383333333333334,0,0.385,0.24177083333333335,0,0.38,0.0007028801,0,0.01
WF-001234,2008-10-02 07:35:00,0,Pass,0.4315,1,0.385,0.443125,1,0.38,0.28838596,1,0.01
WF-001330,2008-10-05 18:46:00,1,Fail,0.4125952380952379,1,0.385,0.4108541666666665,1,0.38,0.045027968,1,0.01
WF-000844,2008-09-14 20:45:00,0,Pass,0.2596666666666667,0,0.385,0.2652291666666667,0,0.38,0.0016690268,0,0.01
WF-000890,2008-09-18 21:12:00,0,Pass,0.36657142857142844,0,0.385,0.4360208333333334,1,0.38,0.01066561,1,0.01
WF-000071,2008-08-01 15:10:00,0,Pass,0.4108095238095236,1,0.385,0.5025000000000001,1,0.38,0.029240036,1,0.01
WF-000768,2008-09-08 21:53:00,0,Pass,0.36864285714285716,0,0.385,0.3944166666666666,1,0.38,0.011754898,1,0.01
WF-001545,2008-10-15 23:45:00,0,Pass,0.34145238095238084,0,0.385,0.3981458333333332,1,0.38,0.018285785,1,0.01
WF-000802,2008-09-12 06:41:00,0,Pass,0.3291428571428571,0,0.385,0.2845833333333333,0,0.38,0.016569711,1,0.01
WF-001127,2008-09-27 12:28:00,0,Pass,0.32028571428571423,0,0.385,0.3060000000000001,0,0.38,0.002625954,0,0.01
WF-000806,2008-09-12 07:38:00,0,Pass,0.38373809523809527,0,0.385,0.35666666666666663,0,0.38,0.0126142185,1,0.01
WF-000231,2008-08-17 05:21:00,0,Pass,0.5294761904761905,1,0.385,0.4899583333333333,1,0.38,0.09400504,1,0.01
WF-001121,2008-09-27 10:10:00,0,Pass,0.2776190476190476,0,0.385,0.276,0,0.38,0.0018569706,0,0.01
WF-001549,2008-10-16 02:22:00,0,Pass,0.27399999999999997,0,0.385,0.27160416666666676,0,0.38,0.0042876136,0,0.01
WF-000608,2008-08-31 11:03:00,0,Pass,0.45938095238095245,1,0.385,0.42574999999999996,1,0.38,0.010859834,1,0.01
WF-000741,2008-09-07 12:04:00,0,Pass,0.24776190476190468,0,0.385,0.26452083333333326,0,0.38,0.0015908283,0,0.01
WF-001531,2008-10-15 12:53:00,0,Pass,0.3712857142857143,0,0.385,0.3752708333333333,0,0.38,0.012857567,1,0.01
WF-001245,2008-10-02 15:10:00,0,Pass,0.3774047619047619,0,0.385,0.43891666666666673,1,0.38,0.039485574,1,0.01
WF-001556,2008-10-16 04:50:00,0,Pass,0.30354761904761907,0,0.385,0.32514583333333336,0,0.38,0.0078908345,0,0.01
WF-000125,2008-08-05 21:22:00,0,Pass,0.4187380952380952,1,0.385,0.4422291666666666,1,0.38,0.03154089,1,0.01
WF-000379,2008-08-21 19:46:00,0,Pass,0.3871666666666665,1,0.385,0.3856666666666665,1,0.38,0.0047898088,0,0.01
WF-000922,2008-09-19 20:07:00,0,Pass,0.2800238095238096,0,0.385,0.29566666666666663,0,0.38,0.0022657025,0,0.01
WF-001534,2008-10-15 14:08:00,0,Pass,0.3288095238095238,0,0.385,0.3907291666666665,1,0.38,0.002186399,0,0.01
WF-000995,2008-09-21 17:30:00,0,Pass,0.30638095238095236,0,0.385,0.28389583333333335,0,0.38,0.0021894532,0,0.01
WF-000627,2008-09-01 06:52:00,0,Pass,0.2872142857142857,0,0.385,0.33124999999999993,0,0.38,0.0016232607,0,0.01
WF-001414,2008-10-08 05:38:00,0,Pass,0.3005,0,0.385,0.3328750000000001,0,0.38,0.0042282236,0,0.01
WF-001069,2008-09-24 18:05:00,0,Pass,0.3274761904761905,0,0.385,0.27268749999999997,0,0.38,0.0012283021,0,0.01
WF-001196,2008-09-30 14:20:00,0,Pass,0.34802380952380946,0,0.385,0.3571666666666667,0,0.38,0.0062239226,0,0.01
WF-001285,2008-10-03 23:46:00,0,Pass,0.44445238095238104,1,0.385,0.4094583333333333,1,0.38,0.062869705,1,0.01
WF-001356,2008-10-06 08:57:00,0,Pass,0.2787380952380953,0,0.385,0.3006041666666667,0,0.38,0.005340806,0,0.01
WF-001294,2008-10-04 16:58:00,0,Pass,0.359952380952381,0,0.385,0.39358333333333334,1,0.38,0.007938978,0,0.01
WF-001141,2008-09-27 21:45:00,0,Pass,0.34869047619047616,0,0.385,0.3665208333333333,0,0.38,0.016561182,1,0.01
WF-001476,2008-10-13 11:27:00,0,Pass,0.2374999999999999,0,0.385,0.2786458333333333,0,0.38,0.00064387516,0,0.01
WF-000099,2008-08-04 22:51:00,0,Pass,0.40107142857142863,1,0.385,0.355,0,0.38,0.0016338589,0,0.01
WF-000923,2008-09-19 20:10:00,0,Pass,0.309547619047619,0,0.385,0.3163958333333333,0,0.38,0.0008141793,0,0.01
WF-001061,2008-09-24 12:35:00,0,Pass,0.36678571428571427,0,0.385,0.38699999999999996,1,0.38,0.015208863,1,0.01
WF-000070,2008-08-01 14:07:00,0,Pass,0.46440476190476193,1,0.385,0.4528125,1,0.38,0.051111232,1,0.01
WF-000249,2008-08-18 05:25:00,0,Pass,0.4742619047619049,1,0.385,0.5060624999999999,1,0.38,0.031623233,1,0.01
WF-001021,2008-09-22 23:01:00,0,Pass,0.32935714285714285,0,0.385,0.3235833333333333,0,0.38,0.0010963143,0,0.01
WF-000618,2008-08-31 22:57:00,0,Pass,0.39630952380952367,1,0.385,0.3639791666666667,0,0.38,0.003321891,0,0.01
WF-000474,2008-08-28 09:46:00,0,Pass,0.2869523809523809,0,0.385,0.28972916666666665,0,0.38,0.00082795054,0,0.01
WF-000674,2008-09-02 10:21:00,0,Pass,0.34097619047619054,0,0.385,0.3285833333333333,0,0.38,0.01831301,1,0.01
WF-001413,2008-10-08 05:35:00,0,Pass,0.3252380952380952,0,0.385,0.34797916666666656,0,0.38,0.0043869847,0,0.01
WF-000745,2008-09-07 18:24:00,0,Pass,0.2806428571428572,0,0.385,0.2886041666666667,0,0.38,0.004123755,0,0.01
WF-000828,2008-09-13 12:48:00,0,Pass,0.32573809523809516,0,0.385,0.3536458333333334,0,0.38,0.016311213,1,0.01
WF-000091,2008-08-04 16:31:00,0,Pass,0.44216666666666665,1,0.385,0.39074999999999993,1,0.38,0.012105414,1,0.01
WF-000585,2008-08-30 14:23:00,0,Pass,0.37359523809523826,0,0.385,0.3589791666666667,0,0.38,0.00556283,0,0.01
WF-000898,2008-09-19 04:42:00,0,Pass,0.39107142857142857,1,0.385,0.3807500000000001,1,0.38,0.042172708,1,0.01
WF-001363,2008-10-06 13:08:00,0,Pass,0.3364523809523809,0,0.385,0.32102083333333326,0,0.38,0.009899919,0,0.01
WF-000272,2008-08-18 15:41:00,0,Pass,0.367,0,0.385,0.3963750000000001,1,0.38,0.004779251,0,0.01
WF-000082,2008-08-03 22:52:00,0,Pass,0.5328809523809526,1,0.385,0.5600625000000001,1,0.38,0.41170517,1,0.01
WF-000885,2008-09-18 10:48:00,0,Pass,0.37797619047619047,0,0.385,0.3764375,0,0.38,0.05987443,1,0.01
WF-000431,2008-08-23 03:26:00,0,Pass,0.36704761904761896,0,0.385,0.3070625,0,0.38,0.009429285,0,0.01
WF-001125,2008-09-27 11:54:00,0,Pass,0.42473809523809525,1,0.385,0.5046875,1,0.38,0.11149273,1,0.01
WF-000318,2008-08-20 00:05:00,0,Pass,0.4280238095238095,1,0.385,0.44210416666666674,1,0.38,0.016733881,1,0.01
WF-000301,2008-08-19 10:46:00,0,Pass,0.5842619047619046,1,0.385,0.5612708333333333,1,0.38,0.17554007,1,0.01
WF-000449,2008-08-24 13:03:00,1,Fail,0.5176904761904763,1,0.385,0.4945833333333334,1,0.38,0.05162352,1,0.01
WF-000368,2008-08-21 15:50:00,0,Pass,0.4744285714285713,1,0.385,0.49508333333333326,1,0.38,0.029883735,1,0.01
WF-001295,2008-10-04 18:15:00,0,Pass,0.45992857142857135,1,0.385,0.40939583333333324,1,0.38,0.009647656,0,0.01
WF-000779,2008-09-10 23:43:00,0,Pass,0.3868809523809524,1,0.385,0.4444791666666666,1,0.38,0.027597805,1,0.01
WF-000549,2008-08-29 22:45:00,0,Pass,0.3602142857142857,0,0.385,0.37079166666666663,0,0.38,0.004483527,0,0.01
WF-000418,2008-08-22 12:37:00,0,Pass,0.4776428571428572,1,0.385,0.4416250000000002,1,0.38,0.015150587,1,0.01
WF-001540,2008-10-15 19:24:00,0,Pass,0.3026904761904762,0,0.385,0.36272916666666666,0,0.38,0.004432507,0,0.01
WF-001358,2008-10-06 09:57:00,0,Pass,0.37140476190476185,0,0.385,0.3696041666666667,0,0.38,0.005918673,0,0.01
WF-000932,2008-09-19 23:33:00,0,Pass,0.371952380952381,0,0.385,0.4130208333333333,1,0.38,0.010723056,1,0.01
WF-000296,2008-08-19 08:01:00,0,Pass,0.45945238095238095,1,0.385,0.5113333333333332,1,0.38,0.04985686,1,0.01
WF-000524,2008-08-29 07:33:00,0,Pass,0.33983333333333343,0,0.385,0.39297916666666666,1,0.38,0.0034489823,0,0.01
WF-000356,2008-08-21 12:33:00,0,Pass,0.3903333333333332,1,0.385,0.40741666666666654,1,0.38,0.0056609684,0,0.01
WF-001217,2008-10-01 09:16:00,0,Pass,0.44357142857142856,1,0.385,0.3877083333333332,1,0.38,0.0173918,1,0.01
WF-001482,2008-10-13 15:42:00,0,Pass,0.34988095238095235,0,0.385,0.30370833333333336,0,0.38,0.00207873,0,0.01
WF-000672,2008-09-02 09:37:00,0,Pass,0.3090952380952381,0,0.385,0.29302083333333334,0,0.38,0.0019028019,0,0.01
WF-000001,2008-07-19 11:55:00,0,Pass,0.4320952380952382,1,0.385,0.39841666666666664,1,0.38,0.011595547,1,0.01
WF-001067,2008-09-24 16:26:00,0,Pass,0.36635714285714277,0,0.385,0.3599791666666667,0,0.38,0.008348571,0,0.01
WF-001465,2008-10-11 23:16:00,0,Pass,0.3009761904761905,0,0.385,0.2819375,0,0.38,0.0011577962,0,0.01
WF-000457,2008-08-27 22:48:00,0,Pass,0.3554761904761904,0,0.385,0.3723958333333334,0,0.38,0.010581386,1,0.01
WF-000237,2008-08-17 22:03:00,1,Fail,0.5861666666666667,1,0.385,0.5199583333333334,1,0.38,0.4850799,1,0.01
WF-000836,2008-09-14 15:46:00,0,Pass,0.37573809523809537,0,0.385,0.3541666666666668,0,0.38,0.030445362,1,0.01
WF-000498,2008-08-28 21:52:00,0,Pass,0.40740476190476194,1,0.385,0.45662499999999995,1,0.38,0.008945108,0,0.01
WF-000090,2008-08-04 16:15:00,0,Pass,0.3493571428571429,0,0.385,0.4003124999999999,1,0.38,0.008688122,0,0.01
WF-001308,2008-10-05 04:20:00,0,Pass,0.39342857142857157,1,0.385,0.42762500000000003,1,0.38,0.026304498,1,0.01
WF-001421,2008-10-08 10:37:00,0,Pass,0.34140476190476193,0,0.385,0.30274999999999996,0,0.38,0.00048779135,0,0.01
WF-000476,2008-08-28 10:15:00,0,Pass,0.3754523809523811,0,0.385,0.32545833333333335,0,0.38,0.009774313,0,0.01
WF-001415,2008-10-08 06:25:00,0,Pass,0.2864523809523809,0,0.385,0.24987500000000007,0,0.38,0.00097016967,0,0.01
WF-000945,2008-09-20 11:18:00,0,Pass,0.3262857142857143,0,0.385,0.3301041666666667,0,0.38,0.004591409,0,0.01
WF-000328,2008-08-20 09:17:00,1,Fail,0.4389523809523811,1,0.385,0.38297916666666654,1,0.38,0.007117455,0,0.01
WF-001159,2008-09-28 19:18:00,0,Pass,0.31280952380952387,0,0.385,0.28785416666666674,0,0.38,0.0018891889,0,0.01
WF-001468,2008-10-12 01:50:00,0,Pass,0.2948571428571429,0,0.385,0.2959166666666666,0,0.38,0.005397789,0,0.01
WF-000639,2008-09-01 23:19:00,0,Pass,0.38878571428571423,1,0.385,0.3648750000000001,0,0.38,0.014176264,1,0.01
WF-001182,2008-09-29 15:16:00,0,Pass,0.3248571428571427,0,0.385,0.3495,0,0.38,0.0062368307,0,0.01
WF-001080,2008-09-25 11:55:00,0,Pass,0.34957142857142853,0,0.385,0.3457916666666666,0,0.38,0.018962868,1,0.01
WF-000886,2008-09-18 13:48:00,0,Pass,0.2885238095238094,0,0.385,0.3341041666666667,0,0.38,0.0012809754,0,0.01
WF-000037,2008-07-28 04:37:00,0,Pass,0.49483333333333346,1,0.385,0.515375,1,0.38,0.046221755,1,0.01
WF-001559,2008-10-16 05:13:00,0,Pass,0.2874047619047619,0,0.385,0.2873749999999999,0,0.38,0.001974163,0,0.01
WF-000763,2008-09-08 19:15:00,0,Pass,0.35016666666666657,0,0.385,0.34991666666666665,0,0.38,0.10102244,1,0.01
WF-001522,2008-10-15 04:08:00,0,Pass,0.22697619047619047,0,0.385,0.23097916666666665,0,0.38,0.0006939251,0,0.01
WF-000579,2008-08-30 10:16:00,0,Pass,0.3742380952380952,0,0.385,0.37135416666666665,0,0.38,0.0142824985,1,0.01
WF-000725,2008-09-04 08:41:00,0,Pass,0.25759523809523804,0,0.385,0.2400833333333333,0,0.38,0.000345389,0,0.01
WF-001256,2008-10-02 21:33:00,0,Pass,0.38002380952380965,0,0.385,0.3633124999999998,0,0.38,0.047911305,1,0.01
WF-000927,2008-09-19 21:09:00,1,Fail,0.3872619047619048,1,0.385,0.4104999999999999,1,0.38,0.03879798,1,0.01
WF-000299,2008-08-19 09:04:00,0,Pass,0.40173809523809534,1,0.385,0.39656249999999993,1,0.38,0.0029742292,0,0.01
WF-001498,2008-10-14 03:28:00,0,Pass,0.30521428571428577,0,0.385,0.33916666666666656,0,0.38,0.0041295458,0,0.01
WF-001066,2008-09-24 15:43:00,0,Pass,0.4552142857142857,1,0.385,0.47497916666666673,1,0.38,0.058101423,1,0.01
WF-000666,2008-09-02 06:48:00,0,Pass,0.2564047619047619,0,0.385,0.21891666666666673,0,0.38,0.0007929067,0,0.01
WF-000442,2008-08-23 15:29:00,1,Fail,0.2997857142857144,0,0.385,0.34568750000000004,0,0.38,0.0024231316,0,0.01
WF-000258,2008-08-18 10:13:00,0,Pass,0.4718809523809524,1,0.385,0.45981249999999996,1,0.38,0.028263245,1,0.01
WF-000103,2008-08-05 02:15:00,0,Pass,0.4552380952380953,1,0.385,0.43322916666666667,1,0.38,0.009562687,0,0.01
WF-000199,2008-08-12 11:29:00,0,Pass,0.4030238095238094,1,0.385,0.3772708333333333,0,0.38,0.00809731,0,0.01
WF-001325,2008-10-05 15:30:00,1,Fail,0.4099285714285715,1,0.385,0.43472916666666656,1,0.38,0.077769265,1,0.01
WF-001108,2008-09-26 15:49:00,0,Pass,0.4118333333333334,1,0.385,0.3380625,0,0.38,0.0075903507,0,0.01
WF-001154,2008-09-28 17:06:00,0,Pass,0.4201428571428571,1,0.385,0.4179166666666667,1,0.38,0.028426167,1,0.01
WF-000344,2008-08-20 23:18:00,0,Pass,0.42421428571428577,1,0.385,0.4346458333333333,1,0.38,0.071261846,1,0.01
WF-001292,2008-10-04 09:29:00,0,Pass,0.2867142857142857,0,0.385,0.3606666666666666,0,0.38,0.002002624,0,0.01
WF-000182,2008-08-10 06:41:00,0,Pass,0.37188095238095253,0,0.385,0.3727500000000001,0,0.38,0.009742129,0,0.01
WF-001202,2008-09-30 17:27:00,0,Pass,0.3670714285714285,0,0.385,0.3720416666666666,0,0.38,0.01779356,1,0.01
WF-000584,2008-08-30 14:10:00,1,Fail,0.3954285714285712,1,0.385,0.3517291666666666,0,0.38,0.0152783375,1,0.01
WF-000562,2008-08-30 04:20:00,0,Pass,0.34804761904761905,0,0.385,0.3868958333333334,1,0.38,0.008424139,0,0.01
WF-000893,2008-09-18 23:05:00,0,Pass,0.3178333333333333,0,0.385,0.32060416666666663,0,0.38,0.04988618,1,0.01
WF-000510,2008-08-29 04:56:00,0,Pass,0.35083333333333333,0,0.385,0.43104166666666666,1,0.38,0.018374372,1,0.01
WF-000245,2008-08-18 04:01:00,1,Fail,0.4287380952380953,1,0.385,0.4277916666666667,1,0.38,0.07172509,1,0.01
WF-001262,2008-10-03 00:55:00,0,Pass,0.43049999999999994,1,0.385,0.4393541666666666,1,0.38,0.15570688,1,0.01
WF-000586,2008-08-30 14:37:00,0,Pass,0.33619047619047615,0,0.385,0.38025,1,0.38,0.014793397,1,0.01
WF-001153,2008-09-28 17:05:00,0,Pass,0.37321428571428555,0,0.385,0.37102083333333336,0,0.38,0.041510236,1,0.01
WF-001236,2008-10-02 08:24:00,0,Pass,0.4535952380952382,1,0.385,0.4498541666666667,1,0.38,0.019054065,1,0.01
WF-000895,2008-09-19 00:30:00,0,Pass,0.28547619047619055,0,0.385,0.2567291666666667,0,0.38,0.00076991896,0,0.01
WF-000157,2008-08-08 07:26:00,0,Pass,0.4840952380952382,1,0.385,0.4985833333333332,1,0.38,0.09498188,1,0.01
WF-000997,2008-09-21 19:19:00,0,Pass,0.2852619047619048,0,0.385,0.3420833333333333,0,0.38,0.0019164344,0,0.01
WF-001079,2008-09-25 11:09:00,0,Pass,0.2801904761904763,0,0.385,0.3138750000000001,0,0.38,0.002816028,0,0.01
WF-001307,2008-10-05 04:01:00,0,Pass,0.3292619047619048,0,0.385,0.3497708333333335,0,0.38,0.035157613,1,0.01
WF-000065,2008-08-01 05:52:00,1,Fail,0.4577857142857143,1,0.385,0.4175624999999999,1,0.38,0.018408077,1,0.01
WF-001000,2008-09-21 22:02:00,0,Pass,0.32802380952380955,0,0.385,0.3318750000000001,0,0.38,0.0057143862,0,0.01
WF-001082,2008-09-25 14:08:00,0,Pass,0.3164047619047619,0,0.385,0.3294166666666667,0,0.38,0.007407784,0,0.01
WF-000786,2008-09-11 09:24:00,0,Pass,0.26928571428571435,0,0.385,0.25556249999999997,0,0.38,0.0031362888,0,0.01
WF-000407,2008-08-22 06:00:00,1,Fail,0.5225952380952381,1,0.385,0.5084375,1,0.38,0.04226073,1,0.01
WF-000650,2008-09-02 01:10:00,0,Pass,0.4170238095238096,1,0.385,0.38922916666666674,1,0.38,0.040131137,1,0.01
WF-000547,2008-08-29 21:54:00,0,Pass,0.3900714285714285,1,0.385,0.3311458333333333,0,0.38,0.005231464,0,0.01
WF-000079,2008-08-03 17:00:00,0,Pass,0.5160714285714285,1,0.385,0.48108333333333325,1,0.38,0.1475989,1,0.01
WF-000916,2008-09-19 17:47:00,0,Pass,0.2740714285714285,0,0.385,0.25662500000000005,0,0.38,0.0046178214,0,0.01
WF-000164,2008-08-08 22:25:00,0,Pass,0.5273571428571426,1,0.385,0.5645833333333333,1,0.38,0.12034623,1,0.01
WF-000257,2008-08-18 08:31:00,0,Pass,0.47457142857142864,1,0.385,0.46862500000000007,1,0.38,0.029496616,1,0.01
WF-001351,2008-10-06 07:12:00,0,Pass,0.3929047619047619,1,0.385,0.3809166666666666,1,0.38,0.010368989,1,0.01
WF-000315,2008-08-19 18:30:00,0,Pass,0.47133333333333344,1,0.385,0.45895833333333336,1,0.38,0.0124573065,1,0.01
WF-001546,2008-10-16 02:16:00,0,Pass,0.2880952380952381,0,0.385,0.3300208333333333,0,0.38,0.008368701,0,0.01
WF-001071,2008-09-25 02:03:00,0,Pass,0.33847619047619054,0,0.385,0.2891041666666666,0,0.38,0.008217202,0,0.01
WF-000982,2008-09-21 09:31:00,0,Pass,0.3408333333333333,0,0.385,0.3845,1,0.38,0.0045853374,0,0.01
WF-000999,2008-09-21 21:54:00,0,Pass,0.34261904761904755,0,0.385,0.3780833333333332,0,0.38,0.017403815,1,0.01
WF-000736,2008-09-05 21:48:00,0,Pass,0.3458333333333334,0,0.385,0.3674791666666665,0,0.38,0.029636072,1,0.01
WF-001429,2008-10-08 17:31:00,0,Pass,0.34211904761904754,0,0.385,0.3242708333333333,0,0.38,0.017082844,1,0.01
WF-001382,2008-10-06 22:37:00,0,Pass,0.28790476190476183,0,0.385,0.30264583333333334,0,0.38,0.005216019,0,0.01
WF-000041,2008-07-28 15:11:00,1,Fail,0.530952380952381,1,0.385,0.5371875,1,0.38,0.36058,1,0.01
WF-001420,2008-10-08 09:06:00,0,Pass,0.3216666666666667,0,0.385,0.31072916666666656,0,0.38,0.0035398551,0,0.01
WF-000093,2008-08-04 17:46:00,0,Pass,0.4375714285714286,1,0.385,0.4515208333333333,1,0.38,0.04771785,1,0.01
WF-001239,2008-10-02 09:10:00,1,Fail,0.37438095238095237,0,0.385,0.36737500000000006,0,0.38,0.0067814863,0,0.01
WF-001076,2008-09-25 09:31:00,0,Pass,0.3115476190476192,0,0.385,0.36966666666666675,0,0.38,0.0045633577,0,0.01
WF-000926,2008-09-19 21:08:00,0,Pass,0.33990476190476193,0,0.385,0.3400000000000001,0,0.38,0.004922107,0,0.01
WF-000868,2008-09-16 19:45:00,0,Pass,0.3392142857142857,0,0.385,0.3703125,0,0.38,0.0037246535,0,0.01
WF-000598,2008-08-30 20:53:00,0,Pass,0.35288095238095235,0,0.385,0.3191875,0,0.38,0.0107387835,1,0.01
WF-001387,2008-10-07 07:32:00,0,Pass,0.2844285714285715,0,0.385,0.2534166666666666,0,0.38,0.0009195423,0,0.01
WF-001455,2008-10-10 21:16:00,0,Pass,0.27176190476190476,0,0.385,0.3158958333333333,0,0.38,0.0010422713,0,0.01
WF-001448,2008-10-10 10:53:00,0,Pass,0.3664523809523809,0,0.385,0.33416666666666667,0,0.38,0.007540376,0,0.01
WF-000068,2008-08-01 11:28:00,0,Pass,0.5068571428571428,1,0.385,0.5311666666666668,1,0.38,0.05656195,1,0.01
WF-000329,2008-08-20 10:26:00,0,Pass,0.34183333333333327,0,0.385,0.3800833333333334,1,0.38,0.0028581454,0,0.01
WF-001149,2008-09-28 07:52:00,0,Pass,0.3293095238095238,0,0.385,0.2920208333333334,0,0.38,0.0021358838,0,0.01
WF-000764,2008-09-08 19:25:00,0,Pass,0.3749523809523809,0,0.385,0.38983333333333337,1,0.38,0.009525221,0,0.01
WF-000108,2008-08-05 03:54:00,0,Pass,0.39319047619047603,1,0.385,0.4237916666666667,1,0.38,0.0048573343,0,0.01
WF-000909,2008-09-19 10:45:00,0,Pass,0.27045238095238106,0,0.385,0.326,0,0.38,0.001588272,0,0.01
WF-000988,2008-09-21 14:31:00,0,Pass,0.32457142857142846,0,0.385,0.3851666666666666,1,0.38,0.0057132053,0,0.01
WF-001025,2008-09-23 06:44:00,0,Pass,0.4107857142857143,1,0.385,0.37502083333333325,0,0.38,0.025694666,1,0.01
WF-000555,2008-08-30 01:29:00,0,Pass,0.33664285714285713,0,0.385,0.342,0,0.38,0.0031241341,0,0.01
WF-000347,2008-08-21 02:46:00,0,Pass,0.32376190476190486,0,0.385,0.31835416666666666,0,0.38,0.0033714701,0,0.01
WF-000530,2008-08-29 12:21:00,0,Pass,0.4414761904761905,1,0.385,0.4343333333333332,1,0.38,0.04108682,1,0.01
WF-001552,2008-10-16 04:02:00,0,Pass,0.2633809523809524,0,0.385,0.3024166666666667,0,0.38,0.001981288,0,0.01
WF-001289,2008-10-04 03:53:00,0,Pass,0.23628571428571427,0,0.385,0.26716666666666666,0,0.38,0.00038265943,0,0.01
WF-000874,2008-09-17 07:28:00,0,Pass,0.35319047619047617,0,0.385,0.3308333333333333,0,0.38,0.0053852038,0,0.01
WF-001224,2008-10-01 22:47:00,0,Pass,0.4618571428571428,1,0.385,0.45604166666666685,1,0.38,0.14448318,1,0.01
WF-001489,2008-10-13 20:30:00,0,Pass,0.26709523809523805,0,0.385,0.33279166666666654,0,0.38,0.0011395296,0,0.01
WF-000969,2008-09-20 23:34:00,0,Pass,0.33164285714285713,0,0.385,0.3181875,0,0.38,0.0027144495,0,0.01
WF-000642,2008-09-01 23:39:00,0,Pass,0.39692857142857135,1,0.385,0.38835416666666667,1,0.38,0.013943327,1,0.01
WF-001001,2008-09-22 00:12:00,0,Pass,0.22290476190476194,0,0.385,0.24695833333333334,0,0.38,0.0008872151,0,0.01
WF-000238,2008-08-17 22:21:00,0,Pass,0.5762619047619049,1,0.385,0.5274791666666666,1,0.38,0.260983,1,0.01
WF-001131,2008-09-27 14:01:00,0,Pass,0.3739761904761904,0,0.385,0.335625,0,0.38,0.005021314,0,0.01
WF-001322,2008-10-05 12:17:00,0,Pass,0.43264285714285716,1,0.385,0.3951666666666666,1,0.38,0.005888896,0,0.01
WF-001126,2008-09-27 12:26:00,0,Pass,0.313952380952381,0,0.385,0.27168749999999997,0,0.38,0.0089561185,0,0.01
WF-000507,2008-08-29 03:33:00,0,Pass,0.501142857142857,1,0.385,0.5155,1,0.38,0.162304,1,0.01
WF-000383,2008-08-21 21:32:00,0,Pass,0.38166666666666677,0,0.385,0.40897916666666667,1,0.38,0.017134361,1,0.01
WF-000366,2008-08-21 15:32:00,0,Pass,0.33973809523809506,0,0.385,0.3415000000000001,0,0.38,0.0009450575,0,0.01
WF-000335,2008-08-20 18:29:00,0,Pass,0.42114285714285715,1,0.385,0.3913541666666667,1,0.38,0.007862232,0,0.01
WF-000137,2008-08-06 17:35:00,0,Pass,0.44523809523809527,1,0.385,0.3535416666666667,0,0.38,0.019495359,1,0.01
WF-001088,2008-09-25 17:28:00,0,Pass,0.382904761904762,0,0.385,0.3471249999999999,0,0.38,0.013210029,1,0.01
WF-000253,2008-08-18 07:11:00,0,Pass,0.410047619047619,1,0.385,0.36372916666666666,0,0.38,0.0038242782,0,0.01
WF-000281,2008-08-18 23:47:00,0,Pass,0.4459047619047618,1,0.385,0.5058958333333334,1,0.38,0.08336043,1,0.01
WF-001373,2008-10-06 17:35:00,0,Pass,0.27433333333333326,0,0.385,0.27770833333333333,0,0.38,0.0016155351,0,0.01
WF-000599,2008-08-30 21:53:00,0,Pass,0.3548095238095238,0,0.385,0.3379791666666667,0,0.38,0.009456279,0,0.01
WF-000617,2008-08-31 22:48:00,0,Pass,0.38957142857142857,1,0.385,0.4123125000000001,1,0.38,0.03157506,1,0.01
WF-001460,2008-10-11 07:42:00,0,Pass,0.35111904761904755,0,0.385,0.38141666666666657,1,0.38,0.003904219,0,0.01
WF-000174,2008-08-09 21:07:00,0,Pass,0.4289047619047619,1,0.385,0.4490624999999998,1,0.38,0.0048655975,0,0.01
WF-000824,2008-09-13 09:19:00,0,Pass,0.2996666666666666,0,0.385,0.29914583333333333,0,0.38,0.000689695,0,0.01
WF-000810,2008-09-12 15:40:00,0,Pass,0.42907142857142855,1,0.385,0.4305208333333331,1,0.38,0.04349496,1,0.01
WF-001017,2008-09-22 21:30:00,0,Pass,0.2701666666666666,0,0.385,0.31183333333333335,0,0.38,0.0016342495,0,0.01
WF-001565,2008-10-17 05:26:00,0,Pass,0.2797857142857143,0,0.385,0.31820833333333326,0,0.38,0.004379851,0,0.01
WF-000168,2008-08-09 09:16:00,1,Fail,0.6134285714285714,1,0.385,0.5589791666666666,1,0.38,0.5465817,1,0.01
WF-000357,2008-08-21 12:43:00,0,Pass,0.42138095238095236,1,0.385,0.43439583333333337,1,0.38,0.010063128,1,0.01
WF-000263,2008-08-18 12:49:00,0,Pass,0.5460714285714285,1,0.385,0.5095624999999999,1,0.38,0.08217857,1,0.01
WF-001008,2008-09-22 10:43:00,0,Pass,0.3608333333333333,0,0.385,0.38179166666666653,1,0.38,0.0034748556,0,0.01
WF-000250,2008-08-18 06:07:00,0,Pass,0.4335,1,0.385,0.4151250000000001,1,0.38,0.0043766624,0,0.01
WF-000591,2008-08-30 15:57:00,0,Pass,0.38114285714285706,0,0.385,0.3291041666666667,0,0.38,0.0018895664,0,0.01
WF-000634,2008-09-01 16:20:00,0,Pass,0.33245238095238094,0,0.385,0.28227083333333336,0,0.38,0.003165174,0,0.01
WF-001452,2008-10-10 20:02:00,0,Pass,0.2878095238095239,0,0.385,0.28510416666666666,0,0.38,0.0017467113,0,0.01
WF-000128,2008-08-05 23:38:00,0,Pass,0.5160714285714286,1,0.385,0.4213333333333333,1,0.38,0.12264154,1,0.01
WF-001253,2008-10-02 19:25:00,0,Pass,0.47978571428571426,1,0.385,0.4963541666666667,1,0.38,0.22389582,1,0.01
WF-001392,2008-10-07 09:20:00,0,Pass,0.2876904761904762,0,0.385,0.2921041666666666,0,0.38,0.0030862645,0,0.01
WF-001469,2008-10-12 02:59:00,0,Pass,0.23469047619047614,0,0.385,0.24583333333333332,0,0.38,0.0009137095,0,0.01
WF-000553,2008-08-30 00:05:00,0,Pass,0.3993809523809524,1,0.385,0.36612500000000026,0,0.38,0.017592667,1,0.01
WF-000412,2008-08-22 09:29:00,0,Pass,0.41257142857142876,1,0.385,0.3935416666666665,1,0.38,0.011824771,1,0.01
WF-000568,2008-08-30 05:51:00,0,Pass,0.46845238095238095,1,0.385,0.48158333333333336,1,0.38,0.041187186,1,0.01
WF-001147,2008-09-28 06:22:00,0,Pass,0.4209047619047619,1,0.385,0.44195833333333334,1,0.38,0.03930013,1,0.01
WF-000302,2008-08-19 11:11:00,0,Pass,0.4777619047619046,1,0.385,0.4116458333333333,1,0.38,0.027223768,1,0.01
WF-000557,2008-08-30 02:22:00,0,Pass,0.3055238095238095,0,0.385,0.3161875,0,0.38,0.004662303,0,0.01
WF-001471,2008-10-12 03:28:00,0,Pass,0.3660238095238094,0,0.385,0.3655833333333333,0,0.38,0.036388133,1,0.01
WF-000066,2008-08-01 10:20:00,0,Pass,0.43633333333333335,1,0.385,0.4020625000000001,1,0.38,0.055206947,1,0.01
WF-000850,2008-09-15 12:27:00,0,Pass,0.31821428571428584,0,0.385,0.2839791666666667,0,0.38,0.0013852767,0,0.01
WF-001342,2008-10-06 03:31:00,0,Pass,0.2925238095238095,0,0.385,0.3232916666666666,0,0.38,0.015316649,1,0.01
WF-001043,2008-09-23 20:18:00,0,Pass,0.3324285714285714,0,0.385,0.31066666666666665,0,0.38,0.01259294,1,0.01
WF-000040,2008-07-28 08:36:00,0,Pass,0.32035714285714284,0,0.385,0.306375,0,0.38,0.0013418646,0,0.01
WF-001041,2008-09-23 18:36:00,0,Pass,0.34054761904761904,0,0.385,0.3237291666666667,0,0.38,0.005114683,0,0.01
WF-000566,2008-08-30 05:05:00,0,Pass,0.3907619047619047,1,0.385,0.39581249999999996,1,0.38,0.025284939,1,0.01
WF-000833,2008-09-14 02:50:00,0,Pass,0.3836190476190476,0,0.385,0.3975000000000001,1,0.38,0.006702006,0,0.01
WF-000834,2008-09-14 02:59:00,0,Pass,0.35283333333333344,0,0.385,0.3750208333333335,0,0.38,0.027005415,1,0.01
WF-000905,2008-09-19 08:08:00,0,Pass,0.41285714285714287,1,0.385,0.36835416666666665,0,0.38,0.016888758,1,0.01
WF-001216,2008-10-01 09:15:00,0,Pass,0.3672380952380953,0,0.385,0.37083333333333335,0,0.38,0.011999587,1,0.01
WF-001016,2008-09-22 16:25:00,0,Pass,0.32878571428571424,0,0.385,0.30695833333333333,0,0.38,0.006498877,0,0.01
WF-000826,2008-09-13 11:42:00,0,Pass,0.40097619047619054,1,0.385,0.37791666666666673,0,0.38,0.056251746,1,0.01
WF-001261,2008-10-03 00:24:00,0,Pass,0.3420238095238096,0,0.385,0.4103333333333333,1,0.38,0.0119124735,1,0.01
WF-000179,2008-08-10 00:09:00,0,Pass,0.4213095238095237,1,0.385,0.38914583333333325,1,0.38,0.020137688,1,0.01
WF-000212,2008-08-15 23:31:00,0,Pass,0.4161666666666665,1,0.385,0.42439583333333347,1,0.38,0.010617856,1,0.01
WF-000540,2008-08-29 15:01:00,0,Pass,0.36266666666666664,0,0.385,0.37979166666666664,0,0.38,0.0064285016,0,0.01
WF-000484,2008-08-28 16:43:00,0,Pass,0.4554285714285716,1,0.385,0.45914583333333325,1,0.38,0.045972683,1,0.01
WF-000744,2008-09-07 18:02:00,0,Pass,0.2868571428571428,0,0.385,0.26458333333333334,0,0.38,0.0114754485,1,0.01
WF-000478,2008-08-28 10:32:00,0,Pass,0.34076190476190465,0,0.385,0.36247916666666685,0,0.38,0.0014920087,0,0.01
WF-000219,2008-08-16 09:44:00,1,Fail,0.5220238095238094,1,0.385,0.5115416666666668,1,0.38,0.034106687,1,0.01
WF-000964,2008-09-20 18:03:00,0,Pass,0.3003809523809524,0,0.385,0.29083333333333333,0,0.38,0.0009636736,0,0.01
WF-000054,2008-07-29 23:19:00,0,Pass,0.3940476190476191,1,0.385,0.3715000000000001,0,0.38,0.07665251,1,0.01
WF-000471,2008-08-28 07:40:00,0,Pass,0.46366666666666667,1,0.385,0.44945833333333324,1,0.38,0.027704442,1,0.01
WF-000842,2008-09-14 20:00:00,0,Pass,0.35116666666666657,0,0.385,0.3327083333333334,0,0.38,0.0034824247,0,0.01
WF-000358,2008-08-21 12:52:00,0,Pass,0.4714999999999999,1,0.385,0.43714583333333334,1,0.38,0.025735943,1,0.01
WF-000359,2008-08-21 13:11:00,0,Pass,0.4233333333333334,1,0.385,0.41947916666666674,1,0.38,0.03485223,1,0.01
WF-000807,2008-09-12 11:57:00,0,Pass,0.3262857142857143,0,0.385,0.2990416666666667,0,0.38,0.003600042,0,0.01
WF-000490,2008-08-28 18:10:00,0,Pass,0.3256190476190476,0,0.385,0.33191666666666664,0,0.38,0.001544683,0,0.01
WF-000740,2008-09-07 10:52:00,0,Pass,0.317547619047619,0,0.385,0.3178541666666667,0,0.38,0.0049345214,0,0.01
WF-000102,2008-08-05 01:12:00,0,Pass,0.42028571428571426,1,0.385,0.3830624999999999,1,0.38,0.005933108,0,0.01
WF-001333,2008-10-05 20:12:00,0,Pass,0.3172142857142857,0,0.385,0.28,0,0.38,0.0036466643,0,0.01
WF-001510,2008-10-14 21:36:00,0,Pass,0.318547619047619,0,0.385,0.33539583333333334,0,0.38,0.0020523963,0,0.01
WF-001488,2008-10-13 20:10:00,0,Pass,0.3157857142857142,0,0.385,0.26343750000000005,0,0.38,0.011315802,1,0.01
WF-000426,2008-08-22 23:46:00,0,Pass,0.34807142857142864,0,0.385,0.36274999999999996,0,0.38,0.008292845,0,0.01
WF-000053,2008-07-29 23:14:00,0,Pass,0.4881666666666667,1,0.385,0.4733958333333333,1,0.38,0.022584574,1,0.01
WF-000268,2008-08-18 15:00:00,0,Pass,0.5316190476190478,1,0.385,0.4935833333333335,1,0.38,0.18547285,1,0.01
WF-001204,2008-09-30 19:17:00,0,Pass,0.41147619047619033,1,0.385,0.4134166666666667,1,0.38,0.062340192,1,0.01
WF-000086,2008-08-04 13:19:00,0,Pass,0.44797619047619053,1,0.385,0.5004166666666667,1,0.38,0.021615518,1,0.01
WF-001514,2008-10-15 00:47:00,0,Pass,0.330404761904762,0,0.385,0.28454166666666664,0,0.38,0.010897346,1,0.01
WF-000173,2008-08-09 20:04:00,0,Pass,0.5677142857142857,1,0.385,0.6024791666666668,1,0.38,0.23018222,1,0.01
WF-000875,2008-09-17 21:52:00,0,Pass,0.37188095238095237,0,0.385,0.4206458333333331,1,0.38,0.024303265,1,0.01
WF-000043,2008-07-29 04:08:00,0,Pass,0.4085238095238094,1,0.385,0.42877083333333327,1,0.38,0.046205264,1,0.01
WF-000984,2008-09-21 10:49:00,0,Pass,0.28926190476190466,0,0.385,0.2993125,0,0.38,0.0026580708,0,0.01
WF-001247,2008-10-02 15:58:00,0,Pass,0.4050952380952382,1,0.385,0.43135416666666665,1,0.38,0.008023857,0,0.01
WF-000487,2008-08-28 17:27:00,0,Pass,0.37190476190476196,0,0.385,0.3459375,0,0.38,0.010773453,1,0.01
WF-001014,2008-09-22 14:27:00,0,Pass,0.2864761904761905,0,0.385,0.3277083333333334,0,0.38,0.015615558,1,0.01
WF-000778,2008-09-10 23:30:00,0,Pass,0.3183095238095239,0,0.385,0.3196250000000001,0,0.38,0.0073945154,0,0.01
WF-000004,2008-07-19 14:43:00,0,Pass,0.40769047619047627,1,0.385,0.45089583333333344,1,0.38,0.01696626,1,0.01
WF-000374,2008-08-21 18:05:00,1,Fail,0.37328571428571417,0,0.385,0.40118749999999986,1,0.38,0.003976143,0,0.01
WF-001557,2008-10-16 04:54:00,0,Pass,0.3268095238095238,0,0.385,0.30974999999999997,0,0.38,0.002477681,0,0.01
WF-000523,2008-08-29 07:24:00,0,Pass,0.4326666666666667,1,0.385,0.45595833333333324,1,0.38,0.024316678,1,0.01
WF-001393,2008-10-07 09:59:00,0,Pass,0.22004761904761905,0,0.385,0.23587499999999997,0,0.38,0.0006268809,0,0.01
WF-000130,2008-08-06 02:20:00,0,Pass,0.46147619047619043,1,0.385,0.5005833333333332,1,0.38,0.018644694,1,0.01
WF-001328,2008-10-05 16:37:00,1,Fail,0.42726190476190473,1,0.385,0.36272916666666666,0,0.38,0.050492402,1,0.01
WF-000942,2008-09-20 07:21:00,0,Pass,0.40369047619047616,1,0.385,0.3682500000000001,0,0.38,0.008862203,0,0.01
WF-000527,2008-08-29 08:20:00,0,Pass,0.4124761904761905,1,0.385,0.4353958333333331,1,0.38,0.019697571,1,0.01
WF-000348,2008-08-21 04:22:00,0,Pass,0.4799285714285714,1,0.385,0.4660416666666666,1,0.38,0.05231889,1,0.01
WF-001115,2008-09-26 20:23:00,0,Pass,0.3978333333333334,1,0.385,0.3684166666666666,0,0.38,0.019746168,1,0.01
WF-000587,2008-08-30 15:06:00,0,Pass,0.2508333333333333,0,0.385,0.28114583333333326,0,0.38,0.0028044397,0,0.01
WF-001507,2008-10-14 20:01:00,0,Pass,0.33130952380952394,0,0.385,0.34881249999999997,0,0.38,0.008879123,0,0.01
WF-001218,2008-10-01 14:22:00,0,Pass,0.4921190476190476,1,0.385,0.5199791666666668,1,0.38,0.28632662,1,0.01
WF-000181,2008-08-10 06:00:00,1,Fail,0.5299999999999999,1,0.385,0.49633333333333335,1,0.38,0.38912058,1,0.01
WF-000781,2008-09-11 05:20:00,0,Pass,0.34021428571428575,0,0.385,0.30200000000000005,0,0.38,0.004769483,0,0.01
WF-000665,2008-09-02 06:32:00,0,Pass,0.3132619047619048,0,0.385,0.31831250000000005,0,0.38,0.0005022364,0,0.01
WF-000676,2008-09-02 10:33:00,0,Pass,0.260642857142857,0,0.385,0.31318749999999995,0,0.38,0.0028785504,0,0.01
WF-001320,2008-10-05 11:30:00,0,Pass,0.38314285714285723,0,0.385,0.4428333333333334,1,0.38,0.046060212,1,0.01
WF-001287,2008-10-04 01:49:00,0,Pass,0.34747619047619044,0,0.385,0.3575416666666667,0,0.38,0.008178556,0,0.01
WF-000209,2008-08-15 19:19:00,0,Pass,0.5033333333333333,1,0.385,0.47462499999999996,1,0.38,0.036003467,1,0.01
WF-000928,2008-09-19 21:13:00,0,Pass,0.2239285714285714,0,0.385,0.20937500000000003,0,0.38,0.00032272682,0,0.01
WF-000017,2008-07-22 02:59:00,0,Pass,0.3642857142857144,0,0.385,0.38460416666666675,1,0.38,0.004162163,0,0.01
WF-000126,2008-08-05 23:02:00,0,Pass,0.5527380952380953,1,0.385,0.5554166666666664,1,0.38,0.2593984,1,0.01
WF-000015,2008-07-21 11:53:00,1,Fail,0.5101904761904761,1,0.385,0.6081875000000001,1,0.38,0.09954862,1,0.01
WF-001267,2008-10-03 05:01:00,0,Pass,0.35238095238095235,0,0.385,0.32920833333333327,0,0.38,0.00411834,0,0.01
WF-000110,2008-08-05 04:35:00,0,Pass,0.455547619047619,1,0.385,0.46862499999999996,1,0.38,0.009477666,0,0.01
WF-001377,2008-10-06 20:02:00,0,Pass,0.3591190476190476,0,0.385,0.3458333333333334,0,0.38,0.013270184,1,0.01
WF-000640,2008-09-01 23:24:00,0,Pass,0.34661904761904766,0,0.385,0.3068541666666667,0,0.38,0.013756701,1,0.01
WF-001199,2008-09-30 15:26:00,0,Pass,0.2968571428571428,0,0.385,0.29329166666666656,0,0.38,0.002001095,0,0.01
WF-000340,2008-08-20 21:41:00,0,Pass,0.29192857142857137,0,0.385,0.30812499999999987,0,0.38,0.0008055742,0,0.01
WF-000073,2008-08-03 13:09:00,0,Pass,0.48066666666666663,1,0.385,0.5854166666666667,1,0.38,0.004758263,0,0.01
WF-001044,2008-09-23 20:59:00,0,Pass,0.33576190476190476,0,0.385,0.32591666666666663,0,0.38,0.00086470664,0,0.01
WF-000978,2008-09-21 07:55:00,0,Pass,0.30319047619047623,0,0.385,0.31866666666666665,0,0.38,0.005544801,0,0.01
WF-000290,2008-08-19 05:53:00,0,Pass,0.44519047619047625,1,0.385,0.45039583333333316,1,0.38,0.017500052,1,0.01
WF-000127,2008-08-05 23:06:00,0,Pass,0.45676190476190476,1,0.385,0.45666666666666667,1,0.38,0.06570003,1,0.01
WF-000632,2008-09-01 10:57:00,0,Pass,0.296595238095238,0,0.385,0.2638958333333333,0,0.38,0.0029079085,0,0.01
WF-000339,2008-08-20 21:33:00,0,Pass,0.324452380952381,0,0.385,0.3640208333333333,0,0.38,0.0037096224,0,0.01
WF-000319,2008-08-20 01:33:00,0,Pass,0.40952380952380946,1,0.385,0.38314583333333324,1,0.38,0.00477782,0,0.01
WF-001081,2008-09-25 13:42:00,0,Pass,0.36999999999999983,0,0.385,0.37224999999999997,0,0.38,0.030905817,1,0.01
WF-001279,2008-10-03 20:35:00,0,Pass,0.38040476190476186,0,0.385,0.3797916666666668,0,0.38,0.012013376,1,0.01
WF-000651,2008-09-02 01:36:00,0,Pass,0.402857142857143,1,0.385,0.37368750000000006,0,0.38,0.027064543,1,0.01
WF-000396,2008-08-22 01:54:00,0,Pass,0.3702857142857143,0,0.385,0.40154166666666663,1,0.38,0.01696832,1,0.01
WF-000072,2008-08-02 03:39:00,0,Pass,0.4187619047619047,1,0.385,0.40179166666666677,1,0.38,0.012862573,1,0.01
WF-000170,2008-08-09 11:42:00,1,Fail,0.5876190476190477,1,0.385,0.5989791666666666,1,0.38,0.395974,1,0.01
WF-000230,2008-08-17 04:19:00,0,Pass,0.5629761904761904,1,0.385,0.4816041666666667,1,0.38,0.028600393,1,0.01
WF-000417,2008-08-22 12:13:00,0,Pass,0.378095238095238,0,0.385,0.3517708333333332,0,0.38,0.0018531396,0,0.01
WF-000466,2008-08-28 04:54:00,0,Pass,0.3601666666666667,0,0.385,0.3694374999999999,0,0.38,0.0097959265,0,0.01
WF-000415,2008-08-22 10:47:00,0,Pass,0.37323809523809537,0,0.385,0.4316458333333332,1,0.38,0.01409569,1,0.01
WF-001508,2008-10-14 20:30:00,0,Pass,0.372547619047619,0,0.385,0.3444583333333335,0,0.38,0.0055740303,0,0.01
WF-000062,2008-07-31 17:07:00,0,Pass,0.5031666666666668,1,0.385,0.5386041666666666,1,0.38,0.083786845,1,0.01
WF-000286,2008-08-19 05:11:00,0,Pass,0.4274047619047619,1,0.385,0.4229999999999998,1,0.38,0.006566143,0,0.01
WF-000305,2008-08-19 11:28:00,0,Pass,0.5303333333333332,1,0.385,0.5105416666666668,1,0.38,0.06812222,1,0.01
WF-000738,2008-09-07 00:12:00,0,Pass,0.3963333333333333,1,0.385,0.35,0,0.38,0.02343225,1,0.01
WF-000206,2008-08-15 10:14:00,0,Pass,0.4092619047619047,1,0.385,0.38252083333333325,1,0.38,0.050989773,1,0.01
WF-001518,2008-10-15 02:40:00,0,Pass,0.3029761904761905,0,0.385,0.3462708333333333,0,0.38,0.0056577134,0,0.01
WF-001148,2008-09-28 07:38:00,0,Pass,0.45042857142857146,1,0.385,0.4828541666666667,1,0.38,0.0221176,1,0.01
WF-000805,2008-09-12 07:29:00,0,Pass,0.3128333333333333,0,0.385,0.3220625,0,0.38,0.0013729668,0,0.01
WF-000813,2008-09-12 18:52:00,0,Pass,0.30452380952380953,0,0.385,0.3061874999999999,0,0.38,0.0029148948,0,0.01
WF-001423,2008-10-08 13:35:00,0,Pass,0.27442857142857136,0,0.385,0.3480416666666667,0,0.38,0.0069644777,0,0.01
WF-000395,2008-08-22 01:27:00,0,Pass,0.3859047619047618,1,0.385,0.3985416666666665,1,0.38,0.0023764365,0,0.01
WF-000897,2008-09-19 02:44:00,0,Pass,0.3393333333333334,0,0.385,0.35418750000000004,0,0.38,0.002719424,0,0.01
WF-000776,2008-09-10 20:53:00,0,Pass,0.38526190476190475,1,0.385,0.3868124999999998,1,0.38,0.017788103,1,0.01
WF-001189,2008-09-30 01:36:00,0,Pass,0.3999047619047618,1,0.385,0.4146041666666667,1,0.38,0.0057286136,0,0.01
WF-000499,2008-08-28 22:57:00,0,Pass,0.3849761904761904,0,0.385,0.3878541666666668,1,0.38,0.020684816,1,0.01
WF-000300,2008-08-19 09:05:00,0,Pass,0.3944761904761905,1,0.385,0.43349999999999994,1,0.38,0.007090823,0,0.01
WF-000380,2008-08-21 20:19:00,0,Pass,0.5047619047619045,1,0.385,0.5115416666666668,1,0.38,0.14361392,1,0.01
WF-000277,2008-08-18 19:24:00,0,Pass,0.4206428571428572,1,0.385,0.4093333333333333,1,0.38,0.029946152,1,0.01
WF-000758,2008-09-08 06:37:00,0,Pass,0.3568095238095237,0,0.385,0.3290208333333333,0,0.38,0.020837426,1,0.01
WF-000906,2008-09-19 08:52:00,0,Pass,0.3246428571428571,0,0.385,0.34729166666666667,0,0.38,0.014919597,1,0.01
WF-000320,2008-08-20 01:42:00,0,Pass,0.36207142857142866,0,0.385,0.38035416666666677,1,0.38,0.0035001738,0,0.01
WF-000403,2008-08-22 04:57:00,0,Pass,0.4468571428571429,1,0.385,0.44141666666666646,1,0.38,0.07886727,1,0.01
WF-001403,2008-10-07 14:35:00,0,Pass,0.3687857142857143,0,0.385,0.35029166666666667,0,0.38,0.010407951,1,0.01
WF-000963,2008-09-20 17:29:00,0,Pass,0.28590476190476194,0,0.385,0.30670833333333336,0,0.38,0.0018039286,0,0.01
WF-001408,2008-10-07 19:24:00,0,Pass,0.2998095238095238,0,0.385,0.3411874999999999,0,0.38,0.004886565,0,0.01
WF-001103,2008-09-26 13:45:00,0,Pass,0.34216666666666673,0,0.385,0.3548541666666666,0,0.38,0.0050364863,0,0.01
WF-000350,2008-08-21 05:06:00,0,Pass,0.46940476190476194,1,0.385,0.5068333333333335,1,0.38,0.086551964,1,0.01
WF-000341,2008-08-20 21:58:00,0,Pass,0.36630952380952386,0,0.385,0.38733333333333325,1,0.38,0.005986189,0,0.01
WF-000203,2008-08-15 04:14:00,0,Pass,0.5578333333333331,1,0.385,0.5298750000000001,1,0.38,0.16112578,1,0.01
WF-000794,2008-09-11 16:28:00,0,Pass,0.3704523809523809,0,0.385,0.344875,0,0.38,0.02672975,1,0.01
WF-000030,2008-07-27 16:49:00,0,Pass,0.48057142857142854,1,0.385,0.42475,1,0.38,0.031202924,1,0.01
WF-000317,2008-08-19 20:53:00,0,Pass,0.45042857142857146,1,0.385,0.43764583333333307,1,0.38,0.041583095,1,0.01
WF-000064,2008-08-01 02:02:00,0,Pass,0.4424285714285714,1,0.385,0.4581666666666668,1,0.38,0.008144731,0,0.01
WF-000575,2008-08-30 09:13:00,0,Pass,0.3826428571428571,0,0.385,0.4209999999999999,1,0.38,0.043920062,1,0.01
WF-001092,2008-09-25 23:04:00,0,Pass,0.368452380952381,0,0.385,0.3508750000000001,0,0.38,0.049024217,1,0.01
WF-000264,2008-08-18 13:07:00,0,Pass,0.3515,0,0.385,0.41197916666666673,1,0.38,0.005527065,0,0.01
WF-000214,2008-08-16 05:47:00,0,Pass,0.5570952380952381,1,0.385,0.5710833333333334,1,0.38,0.11171356,1,0.01
WF-000966,2008-09-20 18:56:00,0,Pass,0.2755000000000001,0,0.385,0.2728125,0,0.38,0.0010169849,0,0.01
WF-000607,2008-08-31 10:59:00,0,Pass,0.3223809523809523,0,0.385,0.3137916666666666,0,0.38,0.002660195,0,0.01
WF-000190,2008-08-10 22:26:00,1,Fail,0.4532142857142858,1,0.385,0.41870833333333335,1,0.38,0.05015372,1,0.01
WF-000279,2008-08-18 23:00:00,0,Pass,0.448,1,0.385,0.5032916666666667,1,0.38,0.071812384,1,0.01
WF-000613,2008-08-31 21:04:00,0,Pass,0.2954523809523808,0,0.385,0.3388333333333333,0,0.38,0.0023199741,0,0.01
WF-000382,2008-08-21 20:37:00,0,Pass,0.38859523809523805,1,0.385,0.36554166666666676,0,0.38,0.007182861,0,0.01
WF-001009,2008-09-22 11:50:00,0,Pass,0.3255238095238095,0,0.385,0.39775,1,0.38,0.0032576418,0,0.01
WF-000792,2008-09-11 15:05:00,0,Pass,0.3755714285714286,0,0.385,0.368,0,0.38,0.01104043,1,0.01
WF-001020,2008-09-22 22:17:00,0,Pass,0.3012857142857143,0,0.385,0.2625625,0,0.38,0.0063671204,0,0.01
WF-000509,2008-08-29 04:55:00,1,Fail,0.3726666666666667,0,0.385,0.43187500000000006,1,0.38,0.010473997,1,0.01
WF-000464,2008-08-28 04:10:00,0,Pass,0.37778571428571417,0,0.385,0.3448125,0,0.38,0.01313655,1,0.01
WF-000853,2008-09-15 19:54:00,0,Pass,0.3368809523809524,0,0.385,0.36735416666666665,0,0.38,0.010306539,1,0.01
WF-001302,2008-10-04 22:06:00,0,Pass,0.3102380952380952,0,0.385,0.29100000000000004,0,0.38,0.0016562791,0,0.01
WF-000483,2008-08-28 16:01:00,0,Pass,0.38554761904761903,1,0.385,0.3404374999999999,0,0.38,0.0072924076,0,0.01
WF-001200,2008-09-30 16:13:00,0,Pass,0.32392857142857145,0,0.385,0.34147916666666656,0,0.38,0.0057527116,0,0.01
WF-001562,2008-10-16 15:02:00,0,Pass,0.31011904761904757,0,0.385,0.30812499999999987,0,0.38,0.0032891864,0,0.01
WF-001004,2008-09-22 01:43:00,0,Pass,0.27740476190476193,0,0.385,0.27874999999999994,0,0.38,0.006036946,0,0.01
WF-001142,2008-09-28 00:51:00,0,Pass,0.39571428571428574,1,0.385,0.42481249999999987,1,0.38,0.07791801,1,0.01
WF-001525,2008-10-15 06:49:00,0,Pass,0.2535714285714286,0,0.385,0.30097916666666663,0,0.38,0.0010259759,0,0.01
WF-001451,2008-10-10 15:50:00,0,Pass,0.33197619047619037,0,0.385,0.32475000000000004,0,0.38,0.0065527414,0,0.01
WF-000324,2008-08-20 03:12:00,1,Fail,0.3903333333333334,1,0.385,0.3972500000000001,1,0.38,0.007307474,0,0.01
WF-001319,2008-10-05 11:05:00,0,Pass,0.30811904761904757,0,0.385,0.2914166666666666,0,0.38,0.021578817,1,0.01
WF-000409,2008-08-22 07:17:00,0,Pass,0.4386666666666666,1,0.385,0.45822916666666663,1,0.38,0.0162083,1,0.01
WF-000267,2008-08-18 14:45:00,0,Pass,0.4366904761904763,1,0.385,0.42860416666666673,1,0.38,0.014245903,1,0.01
WF-000275,2008-08-18 17:16:00,0,Pass,0.5220714285714285,1,0.385,0.5185,1,0.38,0.12571229,1,0.01
WF-000681,2008-09-02 12:01:00,0,Pass,0.43771428571428567,1,0.385,0.4132083333333332,1,0.38,0.023628158,1,0.01
WF-001156,2008-09-28 17:55:00,0,Pass,0.3505238095238095,0,0.385,0.3696041666666667,0,0.38,0.03468743,1,0.01
WF-001485,2008-10-13 19:17:00,0,Pass,0.2075,0,0.385,0.20762499999999992,0,0.38,0.00066895824,0,0.01
WF-000780,2008-09-11 00:17:00,0,Pass,0.2646904761904762,0,0.385,0.25785416666666666,0,0.38,0.0032686235,0,0.01
WF-000153,2008-08-07 10:12:00,0,Pass,0.4145952380952381,1,0.385,0.39508333333333334,1,0.38,0.009880863,0,0.01
WF-000517,2008-08-29 06:37:00,0,Pass,0.3659285714285715,0,0.385,0.3624583333333332,0,0.38,0.010110516,1,0.01
WF-000048,2008-07-29 15:41:00,0,Pass,0.5197619047619049,1,0.385,0.6076458333333331,1,0.38,0.2378378,1,0.01
WF-000896,2008-09-19 01:57:00,0,Pass,0.3059047619047619,0,0.385,0.2662083333333333,0,0.38,0.0026605811,0,0.01
WF-000774,2008-09-10 09:21:00,0,Pass,0.2991666666666667,0,0.385,0.3076875,0,0.38,0.0025172757,0,0.01
WF-001474,2008-10-13 03:34:00,0,Pass,0.2756428571428572,0,0.385,0.3070833333333333,0,0.38,0.0007635771,0,0.01
WF-000372,2008-08-21 17:44:00,0,Pass,0.4774047619047619,1,0.385,0.5051041666666668,1,0.38,0.03320736,1,0.01
WF-001350,2008-10-06 06:49:00,0,Pass,0.30299999999999994,0,0.385,0.3049166666666666,0,0.38,0.0014075909,0,0.01
WF-001436,2008-10-08 23:13:00,0,Pass,0.4431428571428571,1,0.385,0.46839583333333346,1,0.38,0.19523709,1,0.01
WF-000411,2008-08-22 09:29:00,0,Pass,0.42195238095238097,1,0.385,0.40577083333333325,1,0.38,0.018855952,1,0.01
WF-001365,2008-10-06 13:55:00,1,Fail,0.48616666666666675,1,0.385,0.49664583333333323,1,0.38,0.3729273,1,0.01
WF-000668,2008-09-02 07:32:00,0,Pass,0.3307142857142857,0,0.385,0.37431249999999994,0,0.38,0.0027014099,0,0.01
WF-000291,2008-08-19 05:54:00,0,Pass,0.43530952380952387,1,0.385,0.43431249999999993,1,0.38,0.02842965,1,0.01
WF-000648,2008-09-02 01:09:00,0,Pass,0.3814523809523809,0,0.385,0.36879166666666663,0,0.38,0.01143211,1,0.01
WF-001249,2008-10-02 16:58:00,0,Pass,0.47038095238095234,1,0.385,0.4266458333333334,1,0.38,0.08692834,1,0.01
WF-000325,2008-08-20 06:36:00,0,Pass,0.4581904761904762,1,0.385,0.46170833333333333,1,0.38,0.02903616,1,0.01
WF-001374,2008-10-06 18:54:00,0,Pass,0.29104761904761905,0,0.385,0.29862500000000014,0,0.38,0.004159782,0,0.01
WF-000184,2008-08-10 11:16:00,0,Pass,0.5293571428571427,1,0.385,0.5348124999999997,1,0.38,0.23938976,1,0.01
WF-001338,2008-10-06 01:27:00,0,Pass,0.3225238095238095,0,0.385,0.4043750000000001,1,0.38,0.006590858,0,0.01
WF-001411,2008-10-07 20:48:00,0,Pass,0.42021428571428576,1,0.385,0.4612291666666667,1,0.38,0.056279168,1,0.01
WF-000014,2008-07-21 08:21:00,0,Pass,0.3294285714285714,0,0.385,0.3678541666666667,0,0.38,0.00785081,0,0.01
WF-001464,2008-10-11 16:25:00,0,Pass,0.2585476190476191,0,0.385,0.22106250000000005,0,0.38,0.0006178057,0,0.01
WF-000981,2008-09-21 09:16:00,0,Pass,0.3354999999999999,0,0.385,0.30602083333333335,0,0.38,0.0049373386,0,0.01
WF-000100,2008-08-04 23:33:00,0,Pass,0.5232142857142857,1,0.385,0.5591875,1,0.38,0.10688991,1,0.01
WF-000938,2008-09-20 05:22:00,0,Pass,0.34338095238095234,0,0.385,0.3534999999999997,0,0.38,0.007148994,0,0.01
WF-000783,2008-09-11 07:43:00,0,Pass,0.3723809523809525,0,0.385,0.34800000000000003,0,0.38,0.0035098118,0,0.01
WF-000870,2008-09-16 22:45:00,0,Pass,0.3648333333333333,0,0.385,0.3996874999999999,1,0.38,0.005207204,0,0.01
WF-001112,2008-09-26 19:38:00,0,Pass,0.3115238095238095,0,0.385,0.31627083333333333,0,0.38,0.002684798,0,0.01
WF-000855,2008-09-15 22:13:00,0,Pass,0.3392857142857143,0,0.385,0.3241875,0,0.38,0.020446487,1,0.01
WF-000941,2008-09-20 06:08:00,0,Pass,0.30492857142857144,0,0.385,0.3299375,0,0.38,0.006504544,0,0.01
WF-000669,2008-09-02 08:15:00,0,Pass,0.3706428571428572,0,0.385,0.350125,0,0.38,0.008437158,0,0.01
WF-001226,2008-10-02 00:21:00,0,Pass,0.5033095238095238,1,0.385,0.4486250000000001,1,0.38,0.11936332,1,0.01
WF-000056,2008-07-30 07:08:00,0,Pass,0.5950952380952383,1,0.385,0.5664375000000001,1,0.38,0.48225224,1,0.01
WF-000308,2008-08-19 11:57:00,0,Pass,0.3880714285714285,1,0.385,0.37412499999999993,0,0.38,0.002647248,0,0.01
WF-000900,2008-09-19 05:57:00,0,Pass,0.4073333333333333,1,0.385,0.4147916666666667,1,0.38,0.07832985,1,0.01
WF-001517,2008-10-15 01:52:00,0,Pass,0.2399761904761905,0,0.385,0.24918750000000003,0,0.38,0.0027738262,0,0.01
WF-001266,2008-10-03 04:49:00,0,Pass,0.36397619047619045,0,0.385,0.3720833333333334,0,0.38,0.011945037,1,0.01
WF-000543,2008-08-29 20:21:00,0,Pass,0.4505952380952381,1,0.385,0.3826041666666667,1,0.38,0.0079756295,0,0.01
WF-000292,2008-08-19 05:56:00,1,Fail,0.4695,1,0.385,0.44683333333333336,1,0.38,0.028648065,1,0.01
WF-001441,2008-10-09 07:38:00,0,Pass,0.3884047619047618,1,0.385,0.40968750000000015,1,0.38,0.034477685,1,0.01
WF-000702,2008-09-02 19:18:00,0,Pass,0.3197380952380952,0,0.385,0.25579166666666664,0,0.38,0.0007430359,0,0.01
WF-001313,2008-10-05 08:02:00,0,Pass,0.3825714285714285,0,0.385,0.3853125,1,0.38,0.015212983,1,0.01
WF-000293,2008-08-19 06:24:00,0,Pass,0.4320476190476189,1,0.385,0.39699999999999996,1,0.38,0.03375504,1,0.01
WF-001357,2008-10-06 09:11:00,0,Pass,0.3258809523809523,0,0.385,0.32908333333333334,0,0.38,0.0033989407,0,0.01
WF-001056,2008-09-24 10:10:00,0,Pass,0.4275,1,0.385,0.4268958333333332,1,0.38,0.059734713,1,0.01
WF-000646,2008-09-02 00:31:00,0,Pass,0.3426190476190476,0,0.385,0.32745833333333335,0,0.38,0.004661062,0,0.01
WF-000545,2008-08-29 21:25:00,0,Pass,0.34921428571428564,0,0.385,0.3846875,1,0.38,0.00503393,0,0.01
WF-000590,2008-08-30 15:50:00,0,Pass,0.3626428571428571,0,0.385,0.3603958333333333,0,0.38,0.005321349,0,0.01
WF-000808,2008-09-12 13:08:00,0,Pass,0.2510238095238096,0,0.385,0.2832916666666668,0,0.38,0.000987814,0,0.01
WF-000822,2008-09-13 02:57:00,0,Pass,0.2742619047619048,0,0.385,0.32429166666666664,0,0.38,0.008386435,0,0.01
WF-001271,2008-10-03 09:30:00,0,Pass,0.3483333333333333,0,0.385,0.3395,0,0.38,0.002983338,0,0.01
WF-000949,2008-09-20 12:36:00,0,Pass,0.34876190476190483,0,0.385,0.34391666666666665,0,0.38,0.0039337925,0,0.01
WF-000722,2008-09-04 08:01:00,0,Pass,0.3026190476190476,0,0.385,0.3172708333333334,0,0.38,0.0040962724,0,0.01
WF-000440,2008-08-23 13:02:00,0,Pass,0.3453333333333334,0,0.385,0.362625,0,0.38,0.0019223456,0,0.01
WF-000610,2008-08-31 15:13:00,0,Pass,0.36249999999999993,0,0.385,0.35068749999999993,0,0.38,0.020899164,1,0.01
WF-000677,2008-09-02 11:08:00,0,Pass,0.36428571428571416,0,0.385,0.3678958333333333,0,0.38,0.002383128,0,0.01
WF-001222,2008-10-01 21:15:00,0,Pass,0.3827142857142857,0,0.385,0.39550000000000013,1,0.38,0.0059422604,0,0.01
WF-001207,2008-09-30 23:34:00,0,Pass,0.36761904761904757,0,0.385,0.31806249999999997,0,0.38,0.047686208,1,0.01
WF-000303,2008-08-19 11:13:00,0,Pass,0.4976904761904762,1,0.385,0.5121041666666667,1,0.38,0.0486408,1,0.01
WF-000700,2008-09-02 18:38:00,0,Pass,0.35404761904761906,0,0.385,0.35733333333333334,0,0.38,0.0038816105,0,0.01
WF-000769,2008-09-08 22:17:00,0,Pass,0.37683333333333335,0,0.385,0.4157500000000001,1,0.38,0.025873715,1,0.01
WF-001173,2008-09-29 07:53:00,0,Pass,0.3076904761904761,0,0.385,0.31954166666666667,0,0.38,0.0027553574,0,0.01
WF-001404,2008-10-07 16:32:00,0,Pass,0.3659523809523811,0,0.385,0.37497916666666653,0,0.38,0.014193601,1,0.01
WF-000680,2008-09-02 11:49:00,0,Pass,0.3997857142857143,1,0.385,0.3536666666666667,0,0.38,0.01583352,1,0.01
WF-001101,2008-09-26 11:08:00,0,Pass,0.3435238095238095,0,0.385,0.36514583333333334,0,0.38,0.016319072,1,0.01
WF-000762,2008-09-08 19:14:00,0,Pass,0.35821428571428565,0,0.385,0.38570833333333326,1,0.38,0.023649741,1,0.01
WF-000638,2008-09-01 23:05:00,0,Pass,0.30121428571428555,0,0.385,0.34662499999999996,0,0.38,0.0022201205,0,0.01
WF-000472,2008-08-28 07:51:00,0,Pass,0.399595238095238,1,0.385,0.3901666666666666,1,0.38,0.0018289402,0,0.01
WF-000574,2008-08-30 08:53:00,0,Pass,0.32480952380952377,0,0.385,0.33012499999999995,0,0.38,0.0012709663,0,0.01
WF-001152,2008-09-28 09:50:00,1,Fail,0.3547857142857142,0,0.385,0.3979166666666668,1,0.38,0.005069393,0,0.01
WF-000078,2008-08-03 16:00:00,0,Pass,0.5141904761904762,1,0.385,0.5344374999999998,1,0.38,0.101473175,1,0.01
WF-001340,2008-10-06 02:44:00,0,Pass,0.3116904761904762,0,0.385,0.28064583333333337,0,0.38,0.0036527228,0,0.01
WF-000025,2008-07-27 04:18:00,0,Pass,0.44726190476190464,1,0.385,0.5486041666666666,1,0.38,0.018484153,1,0.01
WF-001077,2008-09-25 10:23:00,0,Pass,0.3397857142857143,0,0.385,0.29600000000000004,0,0.38,0.010468919,1,0.01
WF-001251,2008-10-02 17:19:00,0,Pass,0.49895238095238104,1,0.385,0.44952083333333326,1,0.38,0.0950404,1,0.01
WF-000387,2008-08-21 23:27:00,0,Pass,0.3551904761904763,0,0.385,0.37977083333333306,0,0.38,0.010579554,1,0.01
WF-000992,2008-09-21 15:34:00,0,Pass,0.31550000000000006,0,0.385,0.31570833333333326,0,0.38,0.012950153,1,0.01
WF-001493,2008-10-13 21:57:00,0,Pass,0.2557857142857143,0,0.385,0.2896458333333333,0,0.38,0.0020853083,0,0.01
WF-000592,2008-08-30 16:24:00,0,Pass,0.3515952380952381,0,0.385,0.37922916666666673,0,0.38,0.0024056735,0,0.01
WF-001472,2008-10-12 08:19:00,0,Pass,0.2681666666666666,0,0.385,0.2673125000000001,0,0.38,0.00049932365,0,0.01
WF-000146,2008-08-06 23:40:00,0,Pass,0.4818095238095237,1,0.385,0.4507708333333332,1,0.38,0.035089638,1,0.01
WF-000013,2008-07-20 03:35:00,0,Pass,0.41283333333333344,1,0.385,0.428875,1,0.38,0.015475194,1,0.01
WF-000278,2008-08-18 19:54:00,1,Fail,0.40433333333333343,1,0.385,0.38514583333333335,1,0.38,0.017207123,1,0.01
WF-000283,2008-08-19 03:59:00,1,Fail,0.4950952380952381,1,0.385,0.5042499999999999,1,0.38,0.05355452,1,0.01
WF-000902,2008-09-19 06:44:00,0,Pass,0.31700000000000006,0,0.385,0.2959166666666666,0,0.38,0.010833875,1,0.01
WF-000047,2008-07-29 11:47:00,0,Pass,0.6287142857142858,1,0.385,0.6539583333333332,1,0.38,0.5350544,1,0.01
WF-001298,2008-10-04 19:12:00,0,Pass,0.4290476190476192,1,0.385,0.43643750000000003,1,0.38,0.12203576,1,0.01
WF-000149,2008-08-07 07:30:00,0,Pass,0.39471428571428574,1,0.385,0.39689583333333334,1,0.38,0.033742175,1,0.01
WF-000034,2008-07-27 23:14:00,0,Pass,0.48790476190476195,1,0.385,0.5578958333333331,1,0.38,0.091179796,1,0.01
WF-000271,2008-08-18 15:33:00,0,Pass,0.4368333333333333,1,0.385,0.3946041666666665,1,0.38,0.020294338,1,0.01
WF-001162,2008-09-28 20:42:00,0,Pass,0.40542857142857147,1,0.385,0.42627083333333327,1,0.38,0.0754275,1,0.01
WF-000322,2008-08-20 02:27:00,1,Fail,0.4085714285714286,1,0.385,0.43952083333333325,1,0.38,0.08663092,1,0.01
WF-000095,2008-08-04 19:58:00,0,Pass,0.4686190476190475,1,0.385,0.4781041666666664,1,0.38,0.031104973,1,0.01
WF-000376,2008-08-21 18:53:00,0,Pass,0.4352857142857141,1,0.385,0.4313333333333331,1,0.38,0.016997702,1,0.01
WF-001155,2008-09-28 17:49:00,0,Pass,0.4301904761904761,1,0.385,0.4207708333333335,1,0.38,0.032964822,1,0.01
WF-000589,2008-08-30 15:37:00,0,Pass,0.4236904761904762,1,0.385,0.43174999999999997,1,0.38,0.012404867,1,0.01
WF-000551,2008-08-29 22:56:00,0,Pass,0.3918809523809524,1,0.385,0.3679583333333333,0,0.38,0.01293655,1,0.01
WF-000211,2008-08-15 20:03:00,0,Pass,0.47757142857142876,1,0.385,0.4681875000000001,1,0.38,0.03133978,1,0.01
WF-001312,2008-10-05 06:15:00,0,Pass,0.3971190476190475,1,0.385,0.4110416666666665,1,0.38,0.013046369,1,0.01
WF-001299,2008-10-04 19:47:00,0,Pass,0.43109523809523825,1,0.385,0.4078750000000002,1,0.38,0.014048059,1,0.01
WF-001024,2008-09-23 06:44:00,0,Pass,0.35380952380952385,0,0.385,0.3360416666666666,0,0.38,0.023411514,1,0.01
WF-001174,2008-09-29 09:15:00,0,Pass,0.32771428571428574,0,0.385,0.3399375,0,0.38,0.027077135,1,0.01
WF-000921,2008-09-19 20:05:00,0,Pass,0.36076190476190484,0,0.385,0.37635416666666677,0,0.38,0.010113805,1,0.01
WF-000720,2008-09-03 20:00:00,0,Pass,0.2446428571428572,0,0.385,0.27262499999999995,0,0.38,0.0007495568,0,0.01
WF-000970,2008-09-21 00:48:00,0,Pass,0.30880952380952387,0,0.385,0.34906249999999994,0,0.38,0.005156051,0,0.01
WF-000169,2008-08-09 09:22:00,0,Pass,0.5706666666666669,1,0.385,0.49641666666666673,1,0.38,0.35994333,1,0.01
WF-000388,2008-08-21 23:53:00,0,Pass,0.4541190476190476,1,0.385,0.4771250000000002,1,0.38,0.010796844,1,0.01
WF-000055,2008-07-30 06:30:00,0,Pass,0.5521666666666666,1,0.385,0.6061458333333336,1,0.38,0.4341011,1,0.01
WF-000121,2008-08-05 14:45:00,0,Pass,0.4820238095238096,1,0.385,0.5235833333333332,1,0.38,0.009559616,0,0.01
WF-000453,2008-08-27 12:22:00,0,Pass,0.36454761904761906,0,0.385,0.3180416666666666,0,0.38,0.02970263,1,0.01
WF-001458,2008-10-11 07:38:00,0,Pass,0.2910714285714286,0,0.385,0.27458333333333346,0,0.38,0.0033199955,0,0.01
WF-000724,2008-09-04 08:33:00,0,Pass,0.25466666666666665,0,0.385,0.2628958333333334,0,0.38,0.0018818894,0,0.01
WF-001463,2008-10-11 15:33:00,0,Pass,0.2556666666666667,0,0.385,0.27568750000000003,0,0.38,0.0014888281,0,0.01
WF-000910,2008-09-19 11:13:00,0,Pass,0.3000952380952381,0,0.385,0.3383958333333333,0,0.38,0.0026258307,0,0.01
WF-000529,2008-08-29 08:45:00,0,Pass,0.36185714285714293,0,0.385,0.3528125000000001,0,0.38,0.0069241896,0,0.01
WF-000353,2008-08-21 11:22:00,0,Pass,0.3359047619047619,0,0.385,0.36535416666666654,0,0.38,0.0053183036,0,0.01
WF-001188,2008-09-30 01:33:00,0,Pass,0.40178571428571436,1,0.385,0.4336874999999999,1,0.38,0.1645694,1,0.01
WF-000944,2008-09-20 10:51:00,0,Pass,0.35947619047619056,0,0.385,0.3293749999999999,0,0.38,0.010907244,1,0.01
WF-000255,2008-08-18 07:29:00,0,Pass,0.45433333333333314,1,0.385,0.4424583333333333,1,0.38,0.06093907,1,0.01
WF-001290,2008-10-04 04:12:00,0,Pass,0.32528571428571446,0,0.385,0.33625000000000016,0,0.38,0.0014912097,0,0.01
WF-000228,2008-08-17 03:18:00,0,Pass,0.5208333333333333,1,0.385,0.5193541666666666,1,0.38,0.16393496,1,0.01
WF-000145,2008-08-06 22:27:00,0,Pass,0.5239761904761906,1,0.385,0.5599166666666668,1,0.38,0.10908879,1,0.01
WF-001291,2008-10-04 04:45:00,0,Pass,0.3142142857142857,0,0.385,0.29802083333333335,0,0.38,0.0039423313,0,0.01
WF-001409,2008-10-07 20:19:00,0,Pass,0.40783333333333327,1,0.385,0.3807083333333333,1,0.38,0.006852352,0,0.01
WF-000119,2008-08-05 09:48:00,0,Pass,0.4192142857142859,1,0.385,0.39849999999999997,1,0.38,0.023858706,1,0.01
WF-000197,2008-08-12 06:16:00,0,Pass,0.46616666666666656,1,0.385,0.5226458333333333,1,0.38,0.04586884,1,0.01
WF-001215,2008-10-01 08:15:00,0,Pass,0.4540714285714285,1,0.385,0.40227083333333336,1,0.38,0.027530124,1,0.01
WF-000147,2008-08-06 23:45:00,0,Pass,0.3699047619047619,0,0.385,0.39708333333333323,1,0.38,0.024463462,1,0.01
WF-001109,2008-09-26 16:31:00,0,Pass,0.30014285714285727,0,0.385,0.2677916666666667,0,0.38,0.025149504,1,0.01
WF-001223,2008-10-01 21:50:00,0,Pass,0.4644285714285715,1,0.385,0.46252083333333327,1,0.38,0.12696268,1,0.01
WF-000912,2008-09-19 13:59:00,0,Pass,0.3823333333333334,0,0.385,0.3578333333333332,0,0.38,0.0031662995,0,0.01
WF-000475,2008-08-28 09:49:00,0,Pass,0.3577857142857142,0,0.385,0.29943750000000013,0,0.38,0.0020522587,0,0.01
WF-000021,2008-07-22 15:30:00,0,Pass,0.4159047619047617,1,0.385,0.38841666666666663,1,0.38,0.033693485,1,0.01
WF-000843,2008-09-14 20:43:00,0,Pass,0.3254999999999999,0,0.385,0.3744166666666665,0,0.38,0.0174952,1,0.01
WF-001431,2008-10-08 18:22:00,0,Pass,0.27873809523809523,0,0.385,0.24283333333333335,0,0.38,0.0018360461,0,0.01
WF-000914,2008-09-19 16:40:00,0,Pass,0.3292857142857144,0,0.385,0.34093750000000006,0,0.38,0.003569042,0,0.01
WF-000101,2008-08-05 00:04:00,0,Pass,0.3649761904761905,0,0.385,0.2984791666666667,0,0.38,0.0016328886,0,0.01
WF-000594,2008-08-30 17:49:00,0,Pass,0.3643095238095238,0,0.385,0.41070833333333345,1,0.38,0.0041940846,0,0.01
WF-000003,2008-07-19 13:17:00,1,Fail,0.5400238095238096,1,0.385,0.5267291666666664,1,0.38,0.5168508,1,0.01
WF-000939,2008-09-20 05:25:00,0,Pass,0.349952380952381,0,0.385,0.3969375,1,0.38,0.01325378,1,0.01
WF-001381,2008-10-06 21:48:00,0,Pass,0.25930952380952377,0,0.385,0.2356666666666667,0,0.38,0.00053145393,0,0.01
WF-000950,2008-09-20 12:57:00,0,Pass,0.34847619047619044,0,0.385,0.36718750000000006,0,0.38,0.0068600215,0,0.01
WF-000611,2008-08-31 16:32:00,0,Pass,0.3112857142857144,0,0.385,0.3624583333333334,0,0.38,0.008753552,0,0.01
WF-000784,2008-09-11 08:06:00,0,Pass,0.3230952380952381,0,0.385,0.3159583333333333,0,0.38,0.004490989,0,0.01
WF-001484,2008-10-13 16:13:00,0,Pass,0.2593095238095237,0,0.385,0.2373333333333333,0,0.38,0.0011472749,0,0.01
WF-001538,2008-10-15 18:16:00,0,Pass,0.26366666666666666,0,0.385,0.22618750000000007,0,0.38,0.00019752374,0,0.01
WF-000493,2008-08-28 18:47:00,0,Pass,0.3884047619047619,1,0.385,0.435125,1,0.38,0.009091891,0,0.01
WF-000993,2008-09-21 16:43:00,0,Pass,0.2704047619047619,0,0.385,0.29620833333333335,0,0.38,0.008856919,0,0.01
WF-000756,2008-09-08 03:48:00,0,Pass,0.33549999999999996,0,0.385,0.31029166666666674,0,0.38,0.012832457,1,0.01
WF-001161,2008-09-28 20:02:00,0,Pass,0.29099999999999987,0,0.385,0.28297916666666656,0,0.38,0.0155893685,1,0.01
WF-000544,2008-08-29 20:49:00,0,Pass,0.41573809523809524,1,0.385,0.4101249999999999,1,0.38,0.0647906,1,0.01
WF-000985,2008-09-21 11:33:00,0,Pass,0.27704761904761915,0,0.385,0.300375,0,0.38,0.0018424813,0,0.01
WF-001437,2008-10-08 23:50:00,0,Pass,0.35654761904761895,0,0.385,0.33474999999999994,0,0.38,0.029141905,1,0.01
WF-000636,2008-09-01 20:51:00,0,Pass,0.4549761904761906,1,0.385,0.4169374999999998,1,0.38,0.020422747,1,0.01
WF-000273,2008-08-18 16:19:00,0,Pass,0.48726190476190456,1,0.385,0.43506249999999996,1,0.38,0.05016529,1,0.01
WF-001314,2008-10-05 08:40:00,0,Pass,0.41580952380952374,1,0.385,0.41285416666666686,1,0.38,0.012415779,1,0.01
WF-000936,2008-09-20 04:13:00,0,Pass,0.2750714285714286,0,0.385,0.28,0,0.38,0.0011917021,0,0.01
WF-000602,2008-08-31 04:46:00,1,Fail,0.3293333333333333,0,0.385,0.32862499999999994,0,0.38,0.0017999542,0,0.01
WF-001280,2008-10-03 20:46:00,0,Pass,0.4323333333333334,1,0.385,0.4729583333333334,1,0.38,0.058099337,1,0.01
WF-000410,2008-08-22 07:27:00,0,Pass,0.3508333333333334,0,0.385,0.33062499999999995,0,0.38,0.0013492685,0,0.01
WF-000148,2008-08-07 00:51:00,0,Pass,0.48759523809523825,1,0.385,0.5226874999999999,1,0.38,0.17063409,1,0.01
WF-000975,2008-09-21 04:17:00,0,Pass,0.34083333333333327,0,0.385,0.3430833333333333,0,0.38,0.003108618,0,0.01
WF-000115,2008-08-05 07:12:00,0,Pass,0.3982380952380952,1,0.385,0.4349999999999998,1,0.38,0.025867509,1,0.01
WF-001446,2008-10-10 10:05:00,0,Pass,0.28252380952380957,0,0.385,0.27164583333333336,0,0.38,0.0033261594,0,0.01
WF-000502,2008-08-29 00:49:00,0,Pass,0.3766190476190477,0,0.385,0.3529999999999998,0,0.38,0.0039944327,0,0.01
WF-000360,2008-08-21 13:19:00,0,Pass,0.4164523809523807,1,0.385,0.4223749999999999,1,0.38,0.015938833,1,0.01
WF-000795,2008-09-11 21:13:00,0,Pass,0.33885714285714275,0,0.385,0.3461041666666667,0,0.38,0.005513437,0,0.01
WF-000342,2008-08-20 22:13:00,0,Pass,0.3407857142857143,0,0.385,0.34404166666666663,0,0.38,0.0020835458,0,0.01
WF-000785,2008-09-11 08:58:00,0,Pass,0.31776190476190475,0,0.385,0.3193541666666666,0,0.38,0.0075397016,0,0.01
WF-001015,2008-09-22 14:36:00,0,Pass,0.39640476190476176,1,0.385,0.4051875,1,0.38,0.041036382,1,0.01
WF-001181,2008-09-29 15:09:00,0,Pass,0.277404761904762,0,0.385,0.2762083333333334,0,0.38,0.0013168029,0,0.01
WF-001490,2008-10-13 20:53:00,0,Pass,0.39776190476190476,1,0.385,0.43306249999999985,1,0.38,0.014792786,1,0.01
WF-000185,2008-08-10 11:49:00,0,Pass,0.39371428571428585,1,0.385,0.42600000000000016,1,0.38,0.016544547,1,0.01
WF-001513,2008-10-15 00:27:00,0,Pass,0.2679047619047619,0,0.385,0.26897916666666666,0,0.38,0.00042070213,0,0.01
WF-000641,2008-09-01 23:28:00,0,Pass,0.33035714285714274,0,0.385,0.33116666666666666,0,0.38,0.0027290247,0,0.01
WF-001288,2008-10-04 02:36:00,0,Pass,0.31940476190476186,0,0.385,0.333375,0,0.38,0.0010654675,0,0.01
WF-001052,2008-09-24 05:22:00,0,Pass,0.41521428571428587,1,0.385,0.38947916666666677,1,0.38,0.015762087,1,0.01
WF-000311,2008-08-19 15:33:00,0,Pass,0.479904761904762,1,0.385,0.4950833333333335,1,0.38,0.010006298,1,0.01
WF-001184,2008-09-29 17:21:00,0,Pass,0.39745238095238083,1,0.385,0.4267499999999999,1,0.38,0.045723032,1,0.01
WF-000251,2008-08-18 06:11:00,0,Pass,0.4156666666666667,1,0.385,0.45204166666666673,1,0.38,0.0583389,1,0.01
WF-000803,2008-09-12 06:45:00,0,Pass,0.3336190476190476,0,0.385,0.38377083333333323,1,0.38,0.005877195,0,0.01
WF-001264,2008-10-03 03:52:00,0,Pass,0.3942380952380953,1,0.385,0.4193333333333333,1,0.38,0.05662425,1,0.01
WF-000208,2008-08-15 18:19:00,0,Pass,0.5506904761904763,1,0.385,0.5756249999999998,1,0.38,0.509348,1,0.01
WF-000482,2008-08-28 15:19:00,0,Pass,0.44411904761904736,1,0.385,0.40693749999999995,1,0.38,0.028444223,1,0.01
WF-000506,2008-08-29 03:27:00,0,Pass,0.37133333333333335,0,0.385,0.3887291666666666,1,0.38,0.020177573,1,0.01
WF-000274,2008-08-18 17:13:00,1,Fail,0.4032142857142857,1,0.385,0.4380833333333334,1,0.38,0.026429672,1,0.01
WF-000075,2008-08-03 14:25:00,0,Pass,0.45026190476190503,1,0.385,0.4713958333333331,1,0.38,0.022287589,1,0.01
WF-000578,2008-08-30 10:15:00,0,Pass,0.4453809523809524,1,0.385,0.4602708333333335,1,0.38,0.010503989,1,0.01
WF-000354,2008-08-21 12:00:00,0,Pass,0.3588333333333333,0,0.385,0.34608333333333335,0,0.38,0.0054406733,0,0.01
WF-000619,2008-09-01 00:01:00,0,Pass,0.4408095238095239,1,0.385,0.4234374999999999,1,0.38,0.012847519,1,0.01
WF-000548,2008-08-29 22:11:00,0,Pass,0.36002380952380947,0,0.385,0.3229374999999999,0,0.38,0.02197436,1,0.01
WF-000282,2008-08-19 01:10:00,0,Pass,0.4343095238095238,1,0.385,0.47462499999999996,1,0.38,0.18777302,1,0.01
WF-001430,2008-10-08 17:41:00,0,Pass,0.31014285714285716,0,0.385,0.33858333333333335,0,0.38,0.0016838666,0,0.01
WF-000114,2008-08-05 06:21:00,0,Pass,0.4652380952380951,1,0.385,0.4947708333333333,1,0.38,0.12900153,1,0.01
WF-000227,2008-08-17 03:17:00,0,Pass,0.42614285714285716,1,0.385,0.3953749999999999,1,0.38,0.007586221,0,0.01
WF-001495,2008-10-13 22:54:00,0,Pass,0.2627142857142857,0,0.385,0.2830416666666667,0,0.38,0.00060847827,0,0.01
WF-000986,2008-09-21 12:04:00,0,Pass,0.47890476190476194,1,0.385,0.4832291666666666,1,0.38,0.1931089,1,0.01
WF-000559,2008-08-30 02:39:00,0,Pass,0.3620238095238095,0,0.385,0.32910416666666664,0,0.38,0.02100168,1,0.01
WF-000845,2008-09-14 21:31:00,0,Pass,0.3618571428571429,0,0.385,0.31956249999999997,0,0.38,0.010892295,1,0.01
WF-000009,2008-07-19 20:24:00,0,Pass,0.5783333333333331,1,0.385,0.6125625,1,0.38,0.42270756,1,0.01
WF-001145,2008-09-28 04:45:00,1,Fail,0.40528571428571425,1,0.385,0.41960416666666667,1,0.38,0.02680132,1,0.01
WF-000967,2008-09-20 19:14:00,0,Pass,0.38873809523809516,1,0.385,0.3984791666666667,1,0.38,0.022513276,1,0.01
WF-000734,2008-09-04 17:30:00,0,Pass,0.29350000000000004,0,0.385,0.2570625,0,0.38,0.0021588288,0,0.01
WF-001453,2008-10-10 21:03:00,0,Pass,0.41250000000000014,1,0.385,0.4415208333333333,1,0.38,0.015420179,1,0.01
WF-000580,2008-08-30 11:12:00,0,Pass,0.30309523809523803,0,0.385,0.3087083333333333,0,0.38,0.0010947989,0,0.01
WF-001502,2008-10-14 14:07:00,0,Pass,0.2817380952380953,0,0.385,0.29656249999999995,0,0.38,0.003420369,0,0.01
WF-000637,2008-09-01 22:05:00,0,Pass,0.3563095238095237,0,0.385,0.33254166666666657,0,0.38,0.001264119,0,0.01
WF-001164,2008-09-28 21:27:00,0,Pass,0.3264523809523809,0,0.385,0.3077083333333333,0,0.38,0.003582016,0,0.01
WF-000526,2008-08-29 08:10:00,0,Pass,0.3835,0,0.385,0.34824999999999984,0,0.38,0.008875214,0,0.01
WF-001137,2008-09-27 17:26:00,0,Pass,0.32504761904761903,0,0.385,0.35589583333333324,0,0.38,0.018476775,1,0.01
WF-000831,2008-09-13 16:04:00,0,Pass,0.3093809523809523,0,0.385,0.31493750000000004,0,0.38,0.0014521567,0,0.01
WF-000719,2008-09-03 18:16:00,0,Pass,0.35938095238095236,0,0.385,0.36925,0,0.38,0.008079502,0,0.01
WF-001524,2008-10-15 05:16:00,0,Pass,0.3057619047619048,0,0.385,0.311125,0,0.38,0.005060536,0,0.01
WF-000615,2008-08-31 21:58:00,0,Pass,0.34354761904761905,0,0.385,0.3015833333333333,0,0.38,0.0032589706,0,0.01
WF-001503,2008-10-14 14:15:00,0,Pass,0.227452380952381,0,0.385,0.21100000000000005,0,0.38,0.0010762997,0,0.01
WF-001270,2008-10-03 08:35:00,0,Pass,0.3384047619047618,0,0.385,0.3306041666666667,0,0.38,0.0023619293,0,0.01
WF-000029,2008-07-27 16:06:00,0,Pass,0.49769047619047624,1,0.385,0.4828750000000001,1,0.38,0.009160949,0,0.01
WF-001254,2008-10-02 20:54:00,0,Pass,0.39504761904761915,1,0.385,0.43168749999999995,1,0.38,0.03820672,1,0.01
WF-000420,2008-08-22 13:22:00,0,Pass,0.43214285714285716,1,0.385,0.43531249999999994,1,0.38,0.016049504,1,0.01
WF-000800,2008-09-12 05:55:00,0,Pass,0.3706190476190476,0,0.385,0.31525000000000003,0,0.38,0.026068015,1,0.01
WF-001418,2008-10-08 07:16:00,0,Pass,0.3471666666666669,0,0.385,0.37372916666666656,0,0.38,0.012932148,1,0.01
WF-000832,2008-09-13 20:06:00,1,Fail,0.3298095238095239,0,0.385,0.3418125000000001,0,0.38,0.011620818,1,0.01
WF-001516,2008-10-15 01:52:00,0,Pass,0.3047142857142857,0,0.385,0.2999583333333333,0,0.38,0.005166714,0,0.01
WF-001466,2008-10-11 23:58:00,0,Pass,0.2594761904761905,0,0.385,0.23183333333333334,0,0.38,0.00041228667,0,0.01
WF-000058,2008-07-30 12:29:00,1,Fail,0.4991904761904762,1,0.385,0.5452708333333335,1,0.38,0.24058428,1,0.01
WF-001323,2008-10-05 13:49:00,0,Pass,0.37292857142857155,0,0.385,0.3359166666666667,0,0.38,0.0102506,1,0.01
WF-000887,2008-09-18 17:22:00,0,Pass,0.30297619047619034,0,0.385,0.3207083333333334,0,0.38,0.0067944545,0,0.01
WF-000737,2008-09-07 00:08:00,0,Pass,0.3824999999999999,0,0.385,0.3395208333333333,0,0.38,0.0252884,1,0.01
WF-000656,2008-09-02 02:52:00,0,Pass,0.36049999999999993,0,0.385,0.35252083333333345,0,0.38,0.003786319,0,0.01
WF-000771,2008-09-09 03:53:00,0,Pass,0.33980952380952384,0,0.385,0.3453749999999999,0,0.38,0.01180093,1,0.01
WF-000899,2008-09-19 05:33:00,0,Pass,0.2478571428571429,0,0.385,0.23845833333333324,0,0.38,0.0013133491,0,0.01
WF-000397,2008-08-22 02:01:00,0,Pass,0.40466666666666656,1,0.385,0.4328958333333333,1,0.38,0.012449589,1,0.01
WF-000138,2008-08-06 18:00:00,0,Pass,0.45888095238095244,1,0.385,0.43629166666666663,1,0.38,0.041023865,1,0.01
WF-001055,2008-09-24 07:23:00,0,Pass,0.3095714285714285,0,0.385,0.30125,0,0.38,0.0026717072,0,0.01
WF-000698,2008-09-02 17:10:00,0,Pass,0.38042857142857134,0,0.385,0.33462500000000006,0,0.38,0.028350791,1,0.01
WF-001439,2008-10-09 04:34:00,1,Fail,0.38383333333333336,0,0.385,0.3359375,0,0.38,0.010124699,1,0.01
WF-000503,2008-08-29 01:06:00,0,Pass,0.48992857142857144,1,0.385,0.5191458333333332,1,0.38,0.18370952,1,0.01
WF-001520,2008-10-15 02:42:00,1,Fail,0.377452380952381,0,0.385,0.40837499999999993,1,0.38,0.012127033,1,0.01
WF-001175,2008-09-29 11:13:00,0,Pass,0.5072142857142857,1,0.385,0.5356666666666666,1,0.38,0.47083324,1,0.01
