wafer_id,target,status,decision,calibrated_failure_probability,prediction_confidence,combined_uncertainty,data_familiarity_percentile,neighbour_count,failed_neighbour_count,passed_neighbour_count,historical_raw_failure_rate,historical_weighted_failure_rate,historical_failure_rate_lower_95,historical_failure_rate_upper_95,mean_similarity,maximum_similarity,minimum_similarity,mean_failed_neighbour_similarity,mean_passed_neighbour_similarity,similarity_strength,historical_evidence_level,top_risk_features,top_protective_features,historical_evidence_text
WF-000247,0,Pass,High Risk,0.0881819396074319,0.2720674056271344,0.7279325943728656,0.3806863527533919,10,1,9,0.1,0.13421088298656395,0.01787574951572113,0.4041563854975721,0.42470896460657714,0.5854706442092765,0.2315829678905584,0.5700056515215806,0.4085648882826879,Moderate,Limited Failure Evidence,"sensor_060, sensor_206, sensor_478, sensor_342, sensor_386","sensor_032, sensor_104","The 10 nearest development records contained 1 observed failures. The similarity-weighted historical failure rate was 13.42%, and the mean analytical similarity score was 42.47%. The resulting evidence category is Limited Failure Evidence. This is historical statistical evidence, not proof of a physical failure mechanism."
WF-001316,0,Pass,Engineering Review,0.0484713095501457,0.4378494232213429,0.5621505767786571,0.7605746209098165,10,0,10,0.0,0.0,0.0,0.2775401687666166,0.43540557753060727,0.8682854802811479,0.2308450857926672,,0.43540557753060727,Moderate,No Retrieved Failure Evidence,"sensor_406, sensor_082, sensor_268, sensor_056, sensor_022","sensor_104, sensor_060, sensor_389, sensor_478, sensor_206","The 10 nearest development records contained 0 observed failures. The similarity-weighted historical failure rate was 0.00%, and the mean analytical similarity score was 43.54%. The resulting evidence category is No Retrieved Failure Evidence. This is historical statistical evidence, not proof of a physical failure mechanism."
WF-000445,0,Pass,Engineering Review,0.0527244553091201,0.2088607534148435,0.7911392465851564,0.2482043096568236,10,0,10,0.0,0.0,0.0,0.2775401687666166,0.002034086240376497,0.008684208337539743,5.6007062611872444e-06,,0.002034086240376497,Very Weak,No Retrieved Failure Evidence,"sensor_104, sensor_317, sensor_015","sensor_248, sensor_520, sensor_389, sensor_444, sensor_020","The 10 nearest development records contained 0 observed failures. The similarity-weighted historical failure rate was 0.00%, and the mean analytical similarity score was 0.20%. The resulting evidence category is No Retrieved Failure Evidence. This is historical statistical evidence, not proof of a physical failure mechanism."
WF-000297,0,Pass,Engineering Review,0.0629760541589986,0.3174293547995154,0.6825706452004846,0.5371109337589786,10,0,10,0.0,0.0,0.0,0.2775401687666166,0.3261172875985894,0.4455118907463632,0.25447551741207447,,0.3261172875985894,Weak,No Retrieved Failure Evidence,"sensor_342, sensor_001, sensor_206","sensor_104, sensor_131, sensor_201, sensor_317, sensor_453","The 10 nearest development records contained 0 observed failures. The similarity-weighted historical failure rate was 0.00%, and the mean analytical similarity score was 32.61%. The resulting evidence category is No Retrieved Failure Evidence. This is historical statistical evidence, not proof of a physical failure mechanism."
WF-001296,0,Pass,Engineering Review,0.0423677814160584,0.4164477548165061,0.5835522451834938,0.5323224261771748,10,3,7,0.3,0.25548025599843294,0.10778928748621183,0.6032267800204347,0.36900854189332705,0.6435961626061641,0.1809189361270634,0.31424798916171887,0.39247735020687335,Moderate,Moderate Failure Evidence,nan,"sensor_104, sensor_520, sensor_248, sensor_511, sensor_060","The 10 nearest development records contained 3 observed failures. The similarity-weighted historical failure rate was 25.55%, and the mean analytical similarity score was 36.90%. The resulting evidence category is Moderate Failure Evidence. This is historical statistical evidence, not proof of a physical failure mechanism."
WF-001240,0,Pass,Engineering Review,0.0517514508083244,0.3962679002211794,0.6037320997788206,0.6719872306464485,10,0,10,0.0,0.0,0.0,0.2775401687666166,0.6042922903203374,0.7470654786585923,0.5080705806080831,,0.6042922903203374,Strong,No Retrieved Failure Evidence,sensor_133,"sensor_520, sensor_029, sensor_060, sensor_478, sensor_511","The 10 nearest development records contained 0 observed failures. The similarity-weighted historical failure rate was 0.00%, and the mean analytical similarity score was 60.43%. The resulting evidence category is No Retrieved Failure Evidence. This is historical statistical evidence, not proof of a physical failure mechanism."
WF-001433,0,Pass,Low Risk,0.023658352782628,0.4197749922399569,0.580225007760043,0.4325618515562649,10,0,10,0.0,0.0,0.0,0.2775401687666166,0.5958191852167817,0.804091396731768,0.4853124523534843,,0.5958191852167817,Strong,No Retrieved Failure Evidence,nan,"sensor_034, sensor_214, sensor_032, sensor_104, sensor_352","The 10 nearest development records contained 0 observed failures. The similarity-weighted historical failure rate was 0.00%, and the mean analytical similarity score was 59.58%. The resulting evidence category is No Retrieved Failure Evidence. This is historical statistical evidence, not proof of a physical failure mechanism."
WF-000974,0,Pass,Low Risk,0.0263637970331434,0.4233584013217353,0.5766415986782647,0.8906624102154829,10,1,9,0.1,0.13298913494701933,0.01787574951572113,0.4041563854975721,0.5244335853197579,0.6974396884883847,0.4284562646244021,0.6974396884883847,0.5052106849676883,Moderate,Limited Failure Evidence,nan,"sensor_104, sensor_131, sensor_248, sensor_352, sensor_060","The 10 nearest development records contained 1 observed failures. The similarity-weighted historical failure rate was 13.30%, and the mean analytical similarity score was 52.44%. The resulting evidence category is Limited Failure Evidence. This is historical statistical evidence, not proof of a physical failure mechanism."
WF-000284,0,Pass,Engineering Review,0.0511986153901467,0.3575143690842667,0.6424856309157333,0.893854748603352,10,0,10,0.0,0.0,0.0,0.2775401687666166,0.617170772475253,0.8326098020366688,0.44570726212358186,,0.617170772475253,Strong,No Retrieved Failure Evidence,"sensor_060, sensor_153, sensor_426","sensor_104, sensor_432, sensor_424, sensor_282, sensor_126","The 10 nearest development records contained 0 observed failures. The similarity-weighted historical failure rate was 0.00%, and the mean analytical similarity score was 61.72%. The resulting evidence category is No Retrieved Failure Evidence. This is historical statistical evidence, not proof of a physical failure mechanism."
WF-000554,0,Pass,Low Risk,0.02463606235205,0.4837253992009918,0.5162746007990082,0.9960095770151637,10,0,10,0.0,0.0,0.0,0.2775401687666166,0.5697622346657644,0.7292730199925217,0.42850759475091116,,0.5697622346657644,Strong,No Retrieved Failure Evidence,nan,"sensor_032, sensor_104, sensor_352, sensor_520, sensor_248","The 10 nearest development records contained 0 observed failures. The similarity-weighted historical failure rate was 0.00%, and the mean analytical similarity score was 56.98%. The resulting evidence category is No Retrieved Failure Evidence. This is historical statistical evidence, not proof of a physical failure mechanism."
WF-000727,0,Pass,Low Risk,0.0192826831941094,0.5023158666742495,0.4976841333257504,0.8906624102154829,10,0,10,0.0,0.0,0.0,0.2775401687666166,0.5922205824915245,0.9080624973784822,0.43735118257400235,,0.5922205824915245,Strong,No Retrieved Failure Evidence,"sensor_034, sensor_064, sensor_342","sensor_032, sensor_520, sensor_248, sensor_060, sensor_104","The 10 nearest development records contained 0 observed failures. The similarity-weighted historical failure rate was 0.00%, and the mean analytical similarity score was 59.22%. The resulting evidence category is No Retrieved Failure Evidence. This is historical statistical evidence, not proof of a physical failure mechanism."
WF-001123,0,Pass,Low Risk,0.0306379573140376,0.3842612344307621,0.6157387655692379,0.5403032721468476,10,1,9,0.1,0.12964110379272267,0.01787574951572113,0.4041563854975721,0.4073845312801702,0.691838965820521,0.23809380919406173,0.5281378030324222,0.3939675010854755,Moderate,Limited Failure Evidence,sensor_424,"sensor_104, sensor_060, sensor_317, sensor_206, sensor_511","The 10 nearest development records contained 1 observed failures. The similarity-weighted historical failure rate was 12.96%, and the mean analytical similarity score was 40.74%. The resulting evidence category is Limited Failure Evidence. This is historical statistical evidence, not proof of a physical failure mechanism."
WF-001275,0,Pass,Engineering Review,0.0451050242569556,0.3071337688357471,0.6928662311642528,0.23463687150837986,10,0,10,0.0,0.0,0.0,0.2775401687666166,0.4063609938374723,0.7025659442772876,0.23588798149657855,,0.4063609938374723,Moderate,No Retrieved Failure Evidence,"sensor_478, sensor_206, sensor_342, sensor_034, sensor_130","sensor_104, sensor_548, sensor_060, sensor_317, sensor_432","The 10 nearest development records contained 0 observed failures. The similarity-weighted historical failure rate was 0.00%, and the mean analytical similarity score was 40.64%. The resulting evidence category is No Retrieved Failure Evidence. This is historical statistical evidence, not proof of a physical failure mechanism."
WF-000338,0,Pass,Low Risk,0.0253537726731054,0.3567795353907665,0.6432204646092334,0.16999201915403028,10,1,9,0.1,0.010122395563789062,0.01787574951572113,0.4041563854975721,0.03352660776016902,0.1405376700676338,0.0016810650631367597,0.0033936958566043083,0.03687470908278732,Very Weak,Limited Failure Evidence,"sensor_206, sensor_342","sensor_131, sensor_032, sensor_104, sensor_248, sensor_520","The 10 nearest development records contained 1 observed failures. The similarity-weighted historical failure rate was 1.01%, and the mean analytical similarity score was 3.35%. The resulting evidence category is Limited Failure Evidence. This is historical statistical evidence, not proof of a physical failure mechanism."
WF-000513,0,Pass,Low Risk,0.0285030275934763,0.459680133209711,0.540319866790289,0.8515562649640862,10,0,10,0.0,0.0,0.0,0.2775401687666166,0.5741072157578947,0.8865920996570917,0.449801883775134,,0.5741072157578947,Strong,No Retrieved Failure Evidence,sensor_576,"sensor_104, sensor_520, sensor_248, sensor_060, sensor_511","The 10 nearest development records contained 0 observed failures. The similarity-weighted historical failure rate was 0.00%, and the mean analytical similarity score was 57.41%. The resulting evidence category is No Retrieved Failure Evidence. This is historical statistical evidence, not proof of a physical failure mechanism."
WF-000793,0,Pass,Engineering Review,0.0426441651253827,0.3763474133504664,0.6236525866495336,0.5235434956105347,10,2,8,0.2,0.13326069239045096,0.056680947980693314,0.5098431532792765,0.3586036850286214,0.6043114092066235,0.19501493846368878,0.2389388768034064,0.38851988708492513,Moderate,Limited Failure Evidence,"sensor_424, sensor_153, sensor_064, sensor_015, sensor_206","sensor_104, sensor_214, sensor_034, sensor_310, sensor_060","The 10 nearest development records contained 2 observed failures. The similarity-weighted historical failure rate was 13.33%, and the mean analytical similarity score was 35.86%. The resulting evidence category is Limited Failure Evidence. This is historical statistical evidence, not proof of a physical failure mechanism."
WF-000644,0,Pass,Engineering Review,0.0674301676033938,0.3093740136802027,0.6906259863197972,0.24581005586592175,10,0,10,0.0,0.0,0.0,0.2775401687666166,0.578963327979289,0.7854376123889263,0.4226037771167122,,0.578963327979289,Strong,No Retrieved Failure Evidence,"sensor_065, sensor_066, sensor_064, sensor_068","sensor_248, sensor_104, sensor_520, sensor_352, sensor_060","The 10 nearest development records contained 0 observed failures. The similarity-weighted historical failure rate was 0.00%, and the mean analytical similarity score was 57.90%. The resulting evidence category is No Retrieved Failure Evidence. This is historical statistical evidence, not proof of a physical failure mechanism."
WF-001033,0,Pass,Engineering Review,0.0418474101202156,0.3995828351631742,0.6004171648368257,0.6855546687948924,10,0,10,0.0,0.0,0.0,0.2775401687666166,0.42874163420203937,0.7347751032997955,0.1726547800813598,,0.42874163420203937,Moderate,No Retrieved Failure Evidence,nan,"sensor_104, sensor_248, sensor_126, sensor_520, sensor_060","The 10 nearest development records contained 0 observed failures. The similarity-weighted historical failure rate was 0.00%, and the mean analytical similarity score was 42.87%. The resulting evidence category is No Retrieved Failure Evidence. This is historical statistical evidence, not proof of a physical failure mechanism."
WF-001397,0,Pass,Engineering Review,0.0377204669258587,0.2944655141160117,0.7055344858839883,0.09736632083000796,10,0,10,0.0,0.0,0.0,0.2775401687666166,0.23543372734874227,0.7478314011140511,0.08562992082981306,,0.23543372734874227,Weak,No Retrieved Failure Evidence,"sensor_478, sensor_342, sensor_206","sensor_032, sensor_104, sensor_317, sensor_060, sensor_511","The 10 nearest development records contained 0 observed failures. The similarity-weighted historical failure rate was 0.00%, and the mean analytical similarity score was 23.54%. The resulting evidence category is No Retrieved Failure Evidence. This is historical statistical evidence, not proof of a physical failure mechanism."
WF-000960,0,Pass,Low Risk,0.0294046723208523,0.4341160917599598,0.5658839082400402,0.5235434956105347,10,1,9,0.1,0.093069074376206,0.01787574951572113,0.4041563854975721,0.45631944780729705,0.9127405157166568,0.2719673355952344,0.4246922862728658,0.45983357686667836,Moderate,Limited Failure Evidence,sensor_153,"sensor_104, sensor_131, sensor_130, sensor_126, sensor_029","The 10 nearest development records contained 1 observed failures. The similarity-weighted historical failure rate was 9.31%, and the mean analytical similarity score was 45.63%. The resulting evidence category is Limited Failure Evidence. This is historical statistical evidence, not proof of a physical failure mechanism."
WF-001526,0,Pass,Low Risk,0.0198803182261642,0.396667687316871,0.6033323126831289,0.0638467677573824,10,0,10,0.0,0.0,0.0,0.2775401687666166,0.06619157804675113,0.3838572754157588,0.004902677487091492,,0.06619157804675113,Very Weak,No Retrieved Failure Evidence,sensor_512,"sensor_104, sensor_034, sensor_131, sensor_214, sensor_352","The 10 nearest development records contained 0 observed failures. The similarity-weighted historical failure rate was 0.00%, and the mean analytical similarity score was 6.62%. The resulting evidence category is No Retrieved Failure Evidence. This is historical statistical evidence, not proof of a physical failure mechanism."
WF-001443,0,Pass,Low Risk,0.0181476305780483,0.4584951295218503,0.5415048704781498,0.6935355147645651,10,1,9,0.1,0.11105071050494081,0.01787574951572113,0.4041563854975721,0.5838430586918745,0.9593812630917806,0.39029495262801217,0.6483618649111051,0.5766743024452933,Strong,Limited Failure Evidence,nan,"sensor_034, sensor_214, sensor_131, sensor_032, sensor_104","The 10 nearest development records contained 1 observed failures. The similarity-weighted historical failure rate was 11.11%, and the mean analytical similarity score was 58.38%. The resulting evidence category is Limited Failure Evidence. This is historical statistical evidence, not proof of a physical failure mechanism."
WF-000265,0,Pass,Engineering Review,0.0538031487423166,0.3830270519966525,0.6169729480033475,0.8675179569034318,10,1,9,0.1,0.07699104122055736,0.01787574951572113,0.4041563854975721,0.2514385846109046,0.37514817841663994,0.16507850667934626,0.1935851843221676,0.2578667401985421,Weak,Limited Failure Evidence,"sensor_060, sensor_511, sensor_153, sensor_034","sensor_032, sensor_104, sensor_206, sensor_015, sensor_470","The 10 nearest development records contained 1 observed failures. The similarity-weighted historical failure rate was 7.70%, and the mean analytical similarity score was 25.14%. The resulting evidence category is Limited Failure Evidence. This is historical statistical evidence, not proof of a physical failure mechanism."
WF-001542,0,Pass,Low Risk,0.0218768148533152,0.4429190097641921,0.5570809902358079,0.43176376695929763,10,0,10,0.0,0.0,0.0,0.2775401687666166,0.06463376186500028,0.1350726908022953,0.025475741810922145,,0.06463376186500028,Very Weak,No Retrieved Failure Evidence,sensor_153,"sensor_034, sensor_104, sensor_214, sensor_131, sensor_126","The 10 nearest development records contained 0 observed failures. The similarity-weighted historical failure rate was 0.00%, and the mean analytical similarity score was 6.46%. The resulting evidence category is No Retrieved Failure Evidence. This is historical statistical evidence, not proof of a physical failure mechanism."
WF-001530,0,Pass,Low Risk,0.0186067130995502,0.3980195100743661,0.6019804899256339,0.16999201915403028,10,0,10,0.0,0.0,0.0,0.2775401687666166,0.6050626800043234,0.7921585662843322,0.4920302217662686,,0.6050626800043234,Strong,No Retrieved Failure Evidence,sensor_476,"sensor_034, sensor_131, sensor_104, sensor_032, sensor_060","The 10 nearest development records contained 0 observed failures. The similarity-weighted historical failure rate was 0.00%, and the mean analytical similarity score was 60.51%. The resulting evidence category is No Retrieved Failure Evidence. This is historical statistical evidence, not proof of a physical failure mechanism."
WF-000799,0,Pass,Engineering Review,0.0611085369595678,0.2868980699667158,0.7131019300332841,0.16280925778132482,10,1,9,0.1,0.20823291403731506,0.01787574951572113,0.4041563854975721,0.44836982756150984,0.9336535575954165,0.17122667206257153,0.9336535575954165,0.3944494131132979,Moderate,Limited Failure Evidence,"sensor_424, sensor_064","sensor_104, sensor_015, sensor_564, sensor_432, sensor_296","The 10 nearest development records contained 1 observed failures. The similarity-weighted historical failure rate was 20.82%, and the mean analytical similarity score was 44.84%. The resulting evidence category is Limited Failure Evidence. This is historical statistical evidence, not proof of a physical failure mechanism."
WF-001209,0,Pass,Engineering Review,0.0725170463385827,0.2990451487357989,0.7009548512642011,0.538707102952913,10,0,10,0.0,0.0,0.0,0.2775401687666166,0.5986793678399484,0.7516263964862443,0.4538864652222853,,0.5986793678399484,Strong,No Retrieved Failure Evidence,"sensor_424, sensor_034","sensor_104, sensor_029, sensor_060, sensor_126, sensor_130","The 10 nearest development records contained 0 observed failures. The similarity-weighted historical failure rate was 0.00%, and the mean analytical similarity score was 59.87%. The resulting evidence category is No Retrieved Failure Evidence. This is historical statistical evidence, not proof of a physical failure mechanism."
WF-001475,0,Pass,Low Risk,0.0252320060344618,0.4319471021317037,0.5680528978682963,0.4086193136472466,10,0,10,0.0,0.0,0.0,0.2775401687666166,0.7005507644658764,0.9047917257179605,0.5478081141326083,,0.7005507644658764,Strong,No Retrieved Failure Evidence,"sensor_489, sensor_082","sensor_131, sensor_104, sensor_060, sensor_478, sensor_317","The 10 nearest development records contained 0 observed failures. The similarity-weighted historical failure rate was 0.00%, and the mean analytical similarity score was 70.06%. The resulting evidence category is No Retrieved Failure Evidence. This is historical statistical evidence, not proof of a physical failure mechanism."
WF-001494,0,Pass,Low Risk,0.0183735844336359,0.4280227544636211,0.5719772455363789,0.4908220271348763,10,1,9,0.1,0.05172032252824055,0.01787574951572113,0.4041563854975721,0.3139555064954528,0.9712620486067928,0.1325201943892274,0.16237880055461937,0.33079736271110094,Weak,Limited Failure Evidence,sensor_512,"sensor_104, sensor_032, sensor_432, sensor_060, sensor_478","The 10 nearest development records contained 1 observed failures. The similarity-weighted historical failure rate was 5.17%, and the mean analytical similarity score was 31.40%. The resulting evidence category is Limited Failure Evidence. This is historical statistical evidence, not proof of a physical failure mechanism."
WF-001143,0,Pass,Low Risk,0.0214773592737084,0.383026252222064,0.616973747777936,0.5490822027134876,10,0,10,0.0,0.0,0.0,0.2775401687666166,0.5724519410057886,0.6925151400118711,0.449390533429848,,0.5724519410057886,Strong,No Retrieved Failure Evidence,nan,"sensor_104, sensor_520, sensor_060, sensor_130, sensor_453","The 10 nearest development records contained 0 observed failures. The similarity-weighted historical failure rate was 0.00%, and the mean analytical similarity score was 57.25%. The resulting evidence category is No Retrieved Failure Evidence. This is historical statistical evidence, not proof of a physical failure mechanism."
WF-000531,0,Pass,Low Risk,0.0320711492468924,0.3796917872283974,0.6203082127716026,0.4134078212290503,10,0,10,0.0,0.0,0.0,0.2775401687666166,0.5922282432647916,0.8366599342725465,0.3956869456731429,,0.5922282432647916,Strong,No Retrieved Failure Evidence,sensor_476,"sensor_032, sensor_104, sensor_248, sensor_352, sensor_520","The 10 nearest development records contained 0 observed failures. The similarity-weighted historical failure rate was 0.00%, and the mean analytical similarity score was 59.22%. The resulting evidence category is No Retrieved Failure Evidence. This is historical statistical evidence, not proof of a physical failure mechanism."
WF-000117,0,Pass,High Risk,0.08617730496953,0.3532961700040336,0.6467038299959664,0.4485235434956105,10,0,10,0.0,0.0,0.0,0.2775401687666166,0.5826885123804755,0.703983870995809,0.5244314201043666,,0.5826885123804755,Strong,No Retrieved Failure Evidence,"sensor_104, sensor_511, sensor_060, sensor_386, sensor_424","sensor_478, sensor_470, sensor_342, sensor_206","The 10 nearest development records contained 0 observed failures. The similarity-weighted historical failure rate was 0.00%, and the mean analytical similarity score was 58.27%. The resulting evidence category is No Retrieved Failure Evidence. This is historical statistical evidence, not proof of a physical failure mechanism."
WF-000528,0,Pass,Engineering Review,0.0381657557069309,0.3510727691007169,0.6489272308992831,0.3280127693535515,10,0,10,0.0,0.0,0.0,0.2775401687666166,0.554811452354344,0.6755890765451743,0.4011767508987152,,0.554811452354344,Strong,No Retrieved Failure Evidence,"sensor_542, sensor_103","sensor_104, sensor_032, sensor_065, sensor_478, sensor_123","The 10 nearest development records contained 0 observed failures. The similarity-weighted historical failure rate was 0.00%, and the mean analytical similarity score was 55.48%. The resulting evidence category is No Retrieved Failure Evidence. This is historical statistical evidence, not proof of a physical failure mechanism."
WF-001037,0,Pass,Engineering Review,0.0509239273914036,0.3533377038643071,0.6466622961356929,0.5235434956105347,10,0,10,0.0,0.0,0.0,0.2775401687666166,0.3655764488159375,0.5064078609973877,0.2135568698602604,,0.3655764488159375,Moderate,No Retrieved Failure Evidence,"sensor_478, sensor_206, sensor_342","sensor_214, sensor_104, sensor_352, sensor_060, sensor_511","The 10 nearest development records contained 0 observed failures. The similarity-weighted historical failure rate was 0.00%, and the mean analytical similarity score was 36.56%. The resulting evidence category is No Retrieved Failure Evidence. This is historical statistical evidence, not proof of a physical failure mechanism."
WF-000835,0,Pass,Engineering Review,0.0559059183912735,0.2937994150776452,0.7062005849223547,0.6847565841979251,10,1,9,0.1,0.07585782264984436,0.01787574951572113,0.4041563854975721,0.2635905082039883,0.3374475314211253,0.1749121983257224,0.1999540202352049,0.2706612290894087,Weak,Limited Failure Evidence,"sensor_424, sensor_015, sensor_476","sensor_104, sensor_032, sensor_248, sensor_060, sensor_520","The 10 nearest development records contained 1 observed failures. The similarity-weighted historical failure rate was 7.59%, and the mean analytical similarity score was 26.36%. The resulting evidence category is Limited Failure Evidence. This is historical statistical evidence, not proof of a physical failure mechanism."
WF-000866,0,Pass,Low Risk,0.0205299903912706,0.4777586087653737,0.5222413912346263,0.7869114126097367,10,0,10,0.0,0.0,0.0,0.2775401687666166,0.5412258647890914,0.7010053958954459,0.42687625025263004,,0.5412258647890914,Moderate,No Retrieved Failure Evidence,nan,"sensor_034, sensor_104, sensor_131, sensor_214, sensor_352","The 10 nearest development records contained 0 observed failures. The similarity-weighted historical failure rate was 0.00%, and the mean analytical similarity score was 54.12%. The resulting evidence category is No Retrieved Failure Evidence. This is historical statistical evidence, not proof of a physical failure mechanism."
WF-000233,0,Pass,High Risk,0.1346828590055515,0.1685636711637997,0.8314363288362002,0.27693535514764567,10,0,10,0.0,0.0,0.0,0.2775401687666166,0.043863476723931843,0.11651818312653921,0.015104529982693985,,0.043863476723931843,Very Weak,No Retrieved Failure Evidence,"sensor_104, sensor_065, sensor_478, sensor_206, sensor_066","sensor_032, sensor_034, sensor_060","The 10 nearest development records contained 0 observed failures. The similarity-weighted historical failure rate was 0.00%, and the mean analytical similarity score was 4.39%. The resulting evidence category is No Retrieved Failure Evidence. This is historical statistical evidence, not proof of a physical failure mechanism."
WF-000155,1,Fail,Engineering Review,0.0680880688253122,0.2833128978460839,0.7166871021539161,0.4086193136472466,10,1,9,0.1,0.1814499325425076,0.01787574951572113,0.4041563854975721,0.291653987973777,0.5664447520215056,0.0528407854454497,0.5292059644359516,0.26525932392242424,Weak,Limited Failure Evidence,"sensor_104, sensor_060, sensor_386, sensor_520, sensor_424","sensor_032, sensor_201, sensor_282, sensor_022","The 10 nearest development records contained 1 observed failures. The similarity-weighted historical failure rate was 18.14%, and the mean analytical similarity score was 29.17%. The resulting evidence category is Limited Failure Evidence. This is historical statistical evidence, not proof of a physical failure mechanism."
WF-000141,0,Pass,High Risk,0.1223067350011968,0.3017567133283098,0.6982432866716902,0.6847565841979251,10,1,9,0.1,0.11807092276805432,0.01787574951572113,0.4041563854975721,0.5440574732999215,0.720601160879383,0.4228638182671706,0.6423736791137781,0.5331334504317152,Moderate,Limited Failure Evidence,"sensor_104, sensor_511, sensor_065, sensor_066","sensor_060, sensor_564, sensor_424, sensor_022, sensor_317","The 10 nearest development records contained 1 observed failures. The similarity-weighted historical failure rate was 11.81%, and the mean analytical similarity score was 54.41%. The resulting evidence category is Limited Failure Evidence. This is historical statistical evidence, not proof of a physical failure mechanism."
WF-001361,0,Pass,Low Risk,0.0309131434517018,0.4115538520744661,0.5884461479255338,0.8379888268156425,10,1,9,0.1,0.04868855752858429,0.01787574951572113,0.4041563854975721,0.30699471816591817,0.833712469320063,0.14947129996392827,0.14947129996392827,0.3244973201883615,Weak,Limited Failure Evidence,"sensor_512, sensor_082","sensor_104, sensor_060, sensor_184, sensor_206, sensor_578","The 10 nearest development records contained 1 observed failures. The similarity-weighted historical failure rate was 4.87%, and the mean analytical similarity score was 30.70%. The resulting evidence category is Limited Failure Evidence. This is historical statistical evidence, not proof of a physical failure mechanism."
WF-000904,0,Pass,Low Risk,0.0219170643882636,0.4218171175651103,0.5781828824348897,0.4277733439744613,10,0,10,0.0,0.0,0.0,0.2775401687666166,0.3626518337043783,0.5840820648803488,0.2231369559218087,,0.3626518337043783,Moderate,No Retrieved Failure Evidence,sensor_489,"sensor_104, sensor_131, sensor_214, sensor_248, sensor_520","The 10 nearest development records contained 0 observed failures. The similarity-weighted historical failure rate was 0.00%, and the mean analytical similarity score was 36.27%. The resulting evidence category is No Retrieved Failure Evidence. This is historical statistical evidence, not proof of a physical failure mechanism."
WF-001480,0,Pass,Low Risk,0.030779034803649,0.4681662015024021,0.5318337984975978,0.7015163607342378,10,0,10,0.0,0.0,0.0,0.2775401687666166,0.43176480268777534,0.8243214429031753,0.23547766477163562,,0.43176480268777534,Moderate,No Retrieved Failure Evidence,sensor_103,"sensor_104, sensor_214, sensor_352, sensor_478, sensor_432","The 10 nearest development records contained 0 observed failures. The similarity-weighted historical failure rate was 0.00%, and the mean analytical similarity score was 43.18%. The resulting evidence category is No Retrieved Failure Evidence. This is historical statistical evidence, not proof of a physical failure mechanism."
WF-001284,0,Pass,Engineering Review,0.0639657036553918,0.2714142424031071,0.7285857575968929,0.10933758978451713,10,0,10,0.0,0.0,0.0,0.2775401687666166,0.019983491451792425,0.08576393201628739,0.0004742013221032352,,0.019983491451792425,Very Weak,No Retrieved Failure Evidence,"sensor_476, sensor_130","sensor_104, sensor_282, sensor_432, sensor_578, sensor_122","The 10 nearest development records contained 0 observed failures. The similarity-weighted historical failure rate was 0.00%, and the mean analytical similarity score was 2.00%. The resulting evidence category is No Retrieved Failure Evidence. This is historical statistical evidence, not proof of a physical failure mechanism."
WF-001499,0,Pass,Engineering Review,0.036773648363792,0.3619206604975294,0.6380793395024705,0.12529928172386273,10,1,9,0.1,0.08126892013573893,0.01787574951572113,0.4041563854975721,0.5574028636059352,0.8681717698239511,0.39147076473900083,0.45299528805822925,0.5690037053334582,Strong,Limited Failure Evidence,"sensor_065, sensor_476, sensor_489","sensor_104, sensor_511, sensor_317, sensor_060, sensor_181","The 10 nearest development records contained 1 observed failures. The similarity-weighted historical failure rate was 8.13%, and the mean analytical similarity score was 55.74%. The resulting evidence category is Limited Failure Evidence. This is historical statistical evidence, not proof of a physical failure mechanism."
WF-001157,0,Pass,Engineering Review,0.0445785602112406,0.3732563073354618,0.6267436926645382,0.43096568236233046,10,0,10,0.0,0.0,0.0,0.2775401687666166,0.6688660051309021,0.8021711188021261,0.5270483800242718,,0.6688660051309021,Strong,No Retrieved Failure Evidence,sensor_206,"sensor_104, sensor_214, sensor_352, sensor_126, sensor_181","The 10 nearest development records contained 0 observed failures. The similarity-weighted historical failure rate was 0.00%, and the mean analytical similarity score was 66.89%. The resulting evidence category is No Retrieved Failure Evidence. This is historical statistical evidence, not proof of a physical failure mechanism."
WF-001564,0,Pass,Low Risk,0.0294693810101592,0.3174412366774775,0.6825587633225225,0.21388667198723066,10,0,10,0.0,0.0,0.0,0.2775401687666166,0.5709508294942526,0.8552098068060707,0.43905091994238904,,0.5709508294942526,Strong,No Retrieved Failure Evidence,"sensor_512, sensor_034","sensor_104, sensor_032, sensor_060, sensor_432, sensor_511","The 10 nearest development records contained 0 observed failures. The similarity-weighted historical failure rate was 0.00%, and the mean analytical similarity score was 57.10%. The resulting evidence category is No Retrieved Failure Evidence. This is historical statistical evidence, not proof of a physical failure mechanism."
WF-000955,0,Pass,Low Risk,0.0234881832990537,0.3613041215340428,0.6386958784659571,0.13567438148443733,10,0,10,0.0,0.0,0.0,0.2775401687666166,0.24215181178658524,0.49387178860781766,0.13504813699220553,,0.24215181178658524,Weak,No Retrieved Failure Evidence,sensor_153,"sensor_131, sensor_104, sensor_032, sensor_060, sensor_511","The 10 nearest development records contained 0 observed failures. The similarity-weighted historical failure rate was 0.00%, and the mean analytical similarity score was 24.22%. The resulting evidence category is No Retrieved Failure Evidence. This is historical statistical evidence, not proof of a physical failure mechanism."
WF-001091,0,Pass,Engineering Review,0.0476745203383376,0.4326704015691051,0.5673295984308948,0.8523543495610535,10,0,10,0.0,0.0,0.0,0.2775401687666166,0.6464190084415128,0.8264316536876392,0.5438913279144164,,0.6464190084415128,Strong,No Retrieved Failure Evidence,nan,"sensor_104, sensor_511, sensor_060, sensor_478, sensor_126","The 10 nearest development records contained 0 observed failures. The similarity-weighted historical failure rate was 0.00%, and the mean analytical similarity score was 64.64%. The resulting evidence category is No Retrieved Failure Evidence. This is historical statistical evidence, not proof of a physical failure mechanism."
WF-001479,0,Pass,Low Risk,0.0127124392248786,0.4389320155956159,0.5610679844043841,0.1899441340782123,10,1,9,0.1,0.06925590660731418,0.01787574951572113,0.4041563854975721,0.29676631636142414,0.5692005910230346,0.12893196901475334,0.20552820290123444,0.3069038845236674,Weak,Limited Failure Evidence,nan,"sensor_104, sensor_214, sensor_317, sensor_352, sensor_432","The 10 nearest development records contained 1 observed failures. The similarity-weighted historical failure rate was 6.93%, and the mean analytical similarity score was 29.68%. The resulting evidence category is Limited Failure Evidence. This is historical statistical evidence, not proof of a physical failure mechanism."
WF-000391,0,Pass,Engineering Review,0.0481135830090228,0.4289315999905884,0.5710684000094116,0.6185155626496409,10,0,10,0.0,0.0,0.0,0.2775401687666166,0.5478112932290962,0.6130980989594571,0.46561207250611275,,0.5478112932290962,Moderate,No Retrieved Failure Evidence,"sensor_104, sensor_476","sensor_032, sensor_317, sensor_034, sensor_060, sensor_453","The 10 nearest development records contained 0 observed failures. The similarity-weighted historical failure rate was 0.00%, and the mean analytical similarity score was 54.78%. The resulting evidence category is No Retrieved Failure Evidence. This is historical statistical evidence, not proof of a physical failure mechanism."
WF-000441,0,Pass,Low Risk,0.0337460924926868,0.3176316226706197,0.6823683773293803,0.11731843575418999,10,1,9,0.1,0.06044619910665103,0.01787574951572113,0.4041563854975721,0.10414272138484892,0.30151940660751503,0.028232331733595586,0.06295031672337062,0.10871965523612431,Very Weak,Limited Failure Evidence,"sensor_015, sensor_130","sensor_034, sensor_104, sensor_032, sensor_060, sensor_478","The 10 nearest development records contained 1 observed failures. The similarity-weighted historical failure rate was 6.04%, and the mean analytical similarity score was 10.41%. The resulting evidence category is Limited Failure Evidence. This is historical statistical evidence, not proof of a physical failure mechanism."
WF-000259,0,Pass,Engineering Review,0.0581452047197266,0.3590468208178575,0.6409531791821425,0.7358339984038308,10,0,10,0.0,0.0,0.0,0.2775401687666166,0.5874629722580426,0.6746965620112662,0.5078918080052438,,0.5874629722580426,Strong,No Retrieved Failure Evidence,"sensor_065, sensor_489, sensor_153, sensor_288","sensor_060, sensor_034, sensor_104, sensor_578, sensor_317","The 10 nearest development records contained 0 observed failures. The similarity-weighted historical failure rate was 0.00%, and the mean analytical similarity score was 58.75%. The resulting evidence category is No Retrieved Failure Evidence. This is historical statistical evidence, not proof of a physical failure mechanism."
WF-000256,0,Pass,Engineering Review,0.0752601224037911,0.3027034066484708,0.6972965933515292,0.169193934557063,10,2,8,0.2,0.10818406480785947,0.056680947980693314,0.5098431532792765,0.05346550260770687,0.17627665037332532,0.011733618981878843,0.028920576995484698,0.059601734010762415,Very Weak,Limited Failure Evidence,"sensor_104, sensor_342, sensor_153, sensor_001","sensor_060, sensor_317, sensor_147, sensor_282, sensor_389","The 10 nearest development records contained 2 observed failures. The similarity-weighted historical failure rate was 10.82%, and the mean analytical similarity score was 5.35%. The resulting evidence category is Limited Failure Evidence. This is historical statistical evidence, not proof of a physical failure mechanism."
WF-000370,0,Pass,Engineering Review,0.0516183485221198,0.3919885941020906,0.6080114058979094,0.7310454908220272,10,0,10,0.0,0.0,0.0,0.2775401687666166,0.41112928930745324,0.7519204267071512,0.25325809429174995,,0.41112928930745324,Moderate,No Retrieved Failure Evidence,nan,"sensor_104, sensor_034, sensor_511, sensor_453, sensor_147","The 10 nearest development records contained 0 observed failures. The similarity-weighted historical failure rate was 0.00%, and the mean analytical similarity score was 41.11%. The resulting evidence category is No Retrieved Failure Evidence. This is historical statistical evidence, not proof of a physical failure mechanism."
WF-000787,0,Pass,Engineering Review,0.0522865348979022,0.3890067764787291,0.6109932235212708,0.8874700718276138,10,1,9,0.1,0.11747553652617851,0.01787574951572113,0.4041563854975721,0.35012156330584693,0.4307922130631856,0.25904188901307806,0.41130718498738744,0.3433231608967869,Moderate,Limited Failure Evidence,"sensor_104, sensor_424, sensor_015","sensor_034, sensor_029, sensor_060, sensor_125, sensor_128","The 10 nearest development records contained 1 observed failures. The similarity-weighted historical failure rate was 11.75%, and the mean analytical similarity score was 35.01%. The resulting evidence category is Limited Failure Evidence. This is historical statistical evidence, not proof of a physical failure mechanism."
WF-001107,0,Pass,Engineering Review,0.0419699587227745,0.3006197825364797,0.6993802174635203,0.2913008778930567,10,1,9,0.1,0.10358220785352701,0.01787574951572113,0.4041563854975721,0.4895617465650979,0.6539590906212434,0.37735667154847796,0.5070988658984168,0.4876131777502846,Moderate,Limited Failure Evidence,"sensor_424, sensor_015, sensor_082, sensor_034","sensor_104, sensor_060, sensor_130, sensor_147, sensor_317","The 10 nearest development records contained 1 observed failures. The similarity-weighted historical failure rate was 10.36%, and the mean analytical similarity score was 48.96%. The resulting evidence category is Limited Failure Evidence. This is historical statistical evidence, not proof of a physical failure mechanism."
WF-000063,1,Fail,Engineering Review,0.0736807735274379,0.2855868672884276,0.7144131327115724,0.06464485235434958,10,0,10,0.0,0.0,0.0,0.2775401687666166,0.4300381593437832,0.668082174166891,0.1981249844217347,,0.4300381593437832,Moderate,No Retrieved Failure Evidence,"sensor_104, sensor_060, sensor_563, sensor_131, sensor_386","sensor_478, sensor_201, sensor_432, sensor_206","The 10 nearest development records contained 0 observed failures. The similarity-weighted historical failure rate was 0.00%, and the mean analytical similarity score was 43.00%. The resulting evidence category is No Retrieved Failure Evidence. This is historical statistical evidence, not proof of a physical failure mechanism."
WF-001449,0,Pass,Low Risk,0.0267026885943025,0.3690663936816435,0.6309336063183565,0.5395051875498803,10,0,10,0.0,0.0,0.0,0.2775401687666166,0.4627043182252784,0.5621971972317092,0.4028560233757543,,0.4627043182252784,Moderate,No Retrieved Failure Evidence,sensor_034,"sensor_104, sensor_511, sensor_478, sensor_060, sensor_201","The 10 nearest development records contained 0 observed failures. The similarity-weighted historical failure rate was 0.00%, and the mean analytical similarity score was 46.27%. The resulting evidence category is No Retrieved Failure Evidence. This is historical statistical evidence, not proof of a physical failure mechanism."
WF-000188,0,Pass,High Risk,0.1899591813905203,0.1970674677887459,0.802932532211254,0.3854748603351955,10,1,9,0.1,0.09216716436012548,0.01787574951572113,0.4041563854975721,0.18716100239015115,0.35039131566595305,0.10285804612228373,0.172500988690989,0.18878989280116917,Very Weak,Limited Failure Evidence,"sensor_104, sensor_065, sensor_066, sensor_511, sensor_520","sensor_060, sensor_310, sensor_308, sensor_432","The 10 nearest development records contained 1 observed failures. The similarity-weighted historical failure rate was 9.22%, and the mean analytical similarity score was 18.72%. The resulting evidence category is Limited Failure Evidence. This is historical statistical evidence, not proof of a physical failure mechanism."
WF-001028,0,Pass,Engineering Review,0.0579024191975105,0.4635812672426784,0.5364187327573215,0.9704708699122107,10,1,9,0.1,0.12121733693997509,0.01787574951572113,0.4041563854975721,0.4081882926358495,0.6599851369837613,0.253205014032315,0.49479497803392924,0.39856532759161845,Moderate,Limited Failure Evidence,"sensor_424, sensor_181, sensor_317","sensor_034, sensor_104, sensor_511, sensor_060, sensor_130","The 10 nearest development records contained 1 observed failures. The similarity-weighted historical failure rate was 12.12%, and the mean analytical similarity score was 40.82%. The resulting evidence category is Limited Failure Evidence. This is historical statistical evidence, not proof of a physical failure mechanism."
WF-001243,1,Fail,High Risk,0.1296846647603922,0.2400582744467248,0.7599417255532752,0.3814844373503591,10,0,10,0.0,0.0,0.0,0.2775401687666166,0.6007010334624477,0.8627342426595915,0.5124662386392739,,0.6007010334624477,Strong,No Retrieved Failure Evidence,"sensor_104, sensor_511, sensor_125, sensor_133, sensor_434","sensor_214, sensor_352, sensor_060, sensor_079","The 10 nearest development records contained 0 observed failures. The similarity-weighted historical failure rate was 0.00%, and the mean analytical similarity score was 60.07%. The resulting evidence category is No Retrieved Failure Evidence. This is historical statistical evidence, not proof of a physical failure mechanism."
WF-000694,0,Pass,Low Risk,0.0156205708782122,0.4454883602345935,0.5545116397654064,0.9377494014365523,10,0,10,0.0,0.0,0.0,0.2775401687666166,0.042885315729655406,0.14479201242557452,0.009903507275443613,,0.042885315729655406,Very Weak,No Retrieved Failure Evidence,sensor_511,"sensor_032, sensor_104, sensor_060, sensor_520, sensor_248","The 10 nearest development records contained 0 observed failures. The similarity-weighted historical failure rate was 0.00%, and the mean analytical similarity score was 4.29%. The resulting evidence category is No Retrieved Failure Evidence. This is historical statistical evidence, not proof of a physical failure mechanism."
WF-000142,0,Pass,High Risk,0.091274723666988,0.3145304428185275,0.6854695571814725,0.8387869114126099,10,1,9,0.1,0.1361453747627367,0.01787574951572113,0.4041563854975721,0.12707989960573554,0.20015800974691603,0.0545549453157966,0.1730134055663382,0.12197617672122413,Very Weak,Limited Failure Evidence,"sensor_104, sensor_065, sensor_066, sensor_511, sensor_064","sensor_060, sensor_564, sensor_478, sensor_432, sensor_206","The 10 nearest development records contained 1 observed failures. The similarity-weighted historical failure rate was 13.61%, and the mean analytical similarity score was 12.71%. The resulting evidence category is Limited Failure Evidence. This is historical statistical evidence, not proof of a physical failure mechanism."
WF-001237,0,Pass,Engineering Review,0.0634823912269744,0.3783662191982194,0.6216337808017807,0.4652833200319234,10,3,7,0.3,0.3245745657840421,0.10778928748621183,0.6032267800204347,0.5624670013056429,0.8036339853077757,0.4624874230555738,0.6085416090554377,0.5427207408414452,Strong,Moderate Failure Evidence,"sensor_104, sensor_065, sensor_015, sensor_424, sensor_511","sensor_060, sensor_548, sensor_478, sensor_578, sensor_317","The 10 nearest development records contained 3 observed failures. The similarity-weighted historical failure rate was 32.46%, and the mean analytical similarity score was 56.25%. The resulting evidence category is Moderate Failure Evidence. This is historical statistical evidence, not proof of a physical failure mechanism."
WF-000080,0,Pass,High Risk,0.1217196747138822,0.1876960654735811,0.8123039345264189,0.17877094972067042,10,1,9,0.1,0.019439140835707677,0.01787574951572113,0.4041563854975721,0.3116648802082197,0.8278933824378955,0.06058497499911545,0.06058497499911545,0.3395626474536757,Weak,Limited Failure Evidence,"sensor_104, sensor_060, sensor_511, sensor_386, sensor_520","sensor_201, sensor_432, sensor_015, sensor_461","The 10 nearest development records contained 1 observed failures. The similarity-weighted historical failure rate was 1.94%, and the mean analytical similarity score was 31.17%. The resulting evidence category is Limited Failure Evidence. This is historical statistical evidence, not proof of a physical failure mechanism."
WF-000196,0,Pass,Insufficient Evidence,0.0824352728077775,0.1408361504996082,0.8591638495003917,0.03591380686352763,10,1,9,0.1,0.014340456228575854,0.01787574951572113,0.4041563854975721,0.18333347900687186,0.8306532896575086,0.026290857309305762,0.026290857309305762,0.20078265919549032,Very Weak,Limited Failure Evidence,"sensor_104, sensor_060, sensor_511, sensor_432, sensor_181","sensor_470, sensor_480, sensor_478, sensor_342, sensor_208","The 10 nearest development records contained 1 observed failures. The similarity-weighted historical failure rate was 1.43%, and the mean analytical similarity score was 18.33%. The resulting evidence category is Limited Failure Evidence. This is historical statistical evidence, not proof of a physical failure mechanism."
WF-001412,0,Pass,Low Risk,0.0201329162075677,0.4678543914121259,0.5321456085878741,0.636073423782921,10,1,9,0.1,0.07613544559069307,0.01787574951572113,0.4041563854975721,0.4686540264161806,0.8923274976290431,0.22933350859055812,0.35681183129068356,0.48108093698568016,Moderate,Limited Failure Evidence,"sensor_489, sensor_082, sensor_065","sensor_034, sensor_104, sensor_060, sensor_478, sensor_317","The 10 nearest development records contained 1 observed failures. The similarity-weighted historical failure rate was 7.61%, and the mean analytical similarity score was 46.87%. The resulting evidence category is Limited Failure Evidence. This is historical statistical evidence, not proof of a physical failure mechanism."
WF-000731,0,Pass,Low Risk,0.0046567560809824,0.5468644478043551,0.4531355521956449,0.7366320830007981,10,1,9,0.1,0.0801589192882484,0.01787574951572113,0.4041563854975721,0.4181503749602865,0.571019523032137,0.33069855430357314,0.3351848215679242,0.42736876978166016,Moderate,Limited Failure Evidence,nan,"sensor_214, sensor_104, sensor_032, sensor_060, sensor_352","The 10 nearest development records contained 1 observed failures. The similarity-weighted historical failure rate was 8.02%, and the mean analytical similarity score was 41.82%. The resulting evidence category is Limited Failure Evidence. This is historical statistical evidence, not proof of a physical failure mechanism."
WF-001398,0,Pass,Insufficient Evidence,0.1069377987734891,0.1910463014371495,0.8089536985628505,0.01995211492418203,10,3,7,0.3,2.6641067868964327e-16,0.10778928748621183,0.6032267800204347,7.713837107483136e-07,7.713740051308858e-06,6.563070247345261e-44,6.850161930353124e-22,1.1019767296404475e-06,Very Weak,Limited Failure Evidence,"sensor_478, sensor_206, sensor_342, sensor_476, sensor_066","sensor_214, sensor_104, sensor_352, sensor_317","The 10 nearest development records contained 3 observed failures. The similarity-weighted historical failure rate was 0.00%, and the mean analytical similarity score was 0.00%. The resulting evidence category is Limited Failure Evidence. This is historical statistical evidence, not proof of a physical failure mechanism."
WF-000069,0,Pass,High Risk,0.1550037502939744,0.208050290936173,0.791949709063827,0.1963288108539505,10,0,10,0.0,0.0,0.0,0.2775401687666166,0.4473273053197862,0.8904892831133878,0.2605068486834672,,0.4473273053197862,Moderate,No Retrieved Failure Evidence,"sensor_060, sensor_104, sensor_065, sensor_066, sensor_317","sensor_015, sensor_386, sensor_144","The 10 nearest development records contained 0 observed failures. The similarity-weighted historical failure rate was 0.00%, and the mean analytical similarity score was 44.73%. The resulting evidence category is No Retrieved Failure Evidence. This is historical statistical evidence, not proof of a physical failure mechanism."
WF-000270,0,Pass,High Risk,0.0978985629258667,0.2956679767881815,0.7043320232118184,0.5682362330407023,10,0,10,0.0,0.0,0.0,0.2775401687666166,0.29505832883346567,0.6742904023824993,0.17108438820802557,,0.29505832883346567,Weak,No Retrieved Failure Evidence,"sensor_060, sensor_034","sensor_032, sensor_104, sensor_201, sensor_206, sensor_478","The 10 nearest development records contained 0 observed failures. The similarity-weighted historical failure rate was 0.00%, and the mean analytical similarity score was 29.51%. The resulting evidence category is No Retrieved Failure Evidence. This is historical statistical evidence, not proof of a physical failure mechanism."
WF-000307,0,Pass,High Risk,0.1087341887862489,0.323500417215615,0.6764995827843849,0.9664804469273743,10,1,9,0.1,0.030551652851594304,0.01787574951572113,0.4041563854975721,0.14518253976722842,0.5081711580926805,0.03794625924318916,0.044355665550811475,0.15638552579127477,Very Weak,Limited Failure Evidence,"sensor_104, sensor_060, sensor_511","sensor_214, sensor_352, sensor_310, sensor_432, sensor_470","The 10 nearest development records contained 1 observed failures. The similarity-weighted historical failure rate was 3.06%, and the mean analytical similarity score was 14.52%. The resulting evidence category is Limited Failure Evidence. This is historical statistical evidence, not proof of a physical failure mechanism."
WF-001362,0,Pass,Engineering Review,0.0656332363013398,0.3948880345102792,0.6051119654897208,0.27693535514764567,10,1,9,0.1,0.07637863413194157,0.01787574951572113,0.4041563854975721,0.3879456608883383,0.7113964358118042,0.27985289755973464,0.2963075969606467,0.39812766799141514,Moderate,Limited Failure Evidence,"sensor_478, sensor_066, sensor_342, sensor_206","sensor_104, sensor_214, sensor_352, sensor_060, sensor_511","The 10 nearest development records contained 1 observed failures. The similarity-weighted historical failure rate was 7.64%, and the mean analytical similarity score was 38.79%. The resulting evidence category is Limited Failure Evidence. This is historical statistical evidence, not proof of a physical failure mechanism."
WF-000577,1,Fail,Engineering Review,0.0618579242797185,0.3073449008036747,0.6926550991963253,0.06703910614525144,10,0,10,0.0,0.0,0.0,0.2775401687666166,0.31271932664191215,0.6077050849077086,0.15323474665619738,,0.31271932664191215,Weak,No Retrieved Failure Evidence,sensor_476,"sensor_034, sensor_104, sensor_282, sensor_147, sensor_317","The 10 nearest development records contained 0 observed failures. The similarity-weighted historical failure rate was 0.00%, and the mean analytical similarity score was 31.27%. The resulting evidence category is No Retrieved Failure Evidence. This is historical statistical evidence, not proof of a physical failure mechanism."
WF-000947,0,Pass,Low Risk,0.0097998114632629,0.4651473350765885,0.5348526649234115,0.5969672785315243,10,1,9,0.1,8.603082340320171e-19,0.01787574951572113,0.4041563854975721,0.1829254651251799,0.8984852806443855,2.0675055293615247e-36,1.5737228386132886e-18,0.20325051680575545,Very Weak,Limited Failure Evidence,nan,"sensor_034, sensor_104, sensor_131, sensor_060, sensor_511","The 10 nearest development records contained 1 observed failures. The similarity-weighted historical failure rate was 0.00%, and the mean analytical similarity score was 18.29%. The resulting evidence category is Limited Failure Evidence. This is historical statistical evidence, not proof of a physical failure mechanism."
WF-000716,0,Pass,Engineering Review,0.0420833264764579,0.3159907752988998,0.6840092247011003,0.25219473264166004,10,0,10,0.0,0.0,0.0,0.2775401687666166,0.43714691009561346,0.6198150112031384,0.2607771938114753,,0.43714691009561346,Moderate,No Retrieved Failure Evidence,sensor_512,"sensor_034, sensor_104, sensor_060, sensor_511, sensor_389","The 10 nearest development records contained 0 observed failures. The similarity-weighted historical failure rate was 0.00%, and the mean analytical similarity score was 43.71%. The resulting evidence category is No Retrieved Failure Evidence. This is historical statistical evidence, not proof of a physical failure mechanism."
WF-001454,0,Pass,Low Risk,0.0243358776993061,0.3806601133161633,0.6193398866838367,0.41500399042298486,10,3,7,0.3,0.326241097958449,0.10778928748621183,0.6032267800204347,0.5740792555753746,0.8118303403899486,0.44542073723157677,0.6242941555135976,0.5525585841732791,Strong,Moderate Failure Evidence,"sensor_478, sensor_206, sensor_342","sensor_104, sensor_032, sensor_352, sensor_060, sensor_511","The 10 nearest development records contained 3 observed failures. The similarity-weighted historical failure rate was 32.62%, and the mean analytical similarity score was 57.41%. The resulting evidence category is Moderate Failure Evidence. This is historical statistical evidence, not proof of a physical failure mechanism."
WF-000605,0,Pass,Low Risk,0.0277391866556808,0.4500635305807434,0.5499364694192566,0.8292098962490024,10,0,10,0.0,0.0,0.0,0.2775401687666166,0.37899434667799203,0.9431125813326969,0.17324295694245526,,0.37899434667799203,Moderate,No Retrieved Failure Evidence,"sensor_015, sensor_064","sensor_032, sensor_520, sensor_248, sensor_104, sensor_060","The 10 nearest development records contained 0 observed failures. The similarity-weighted historical failure rate was 0.00%, and the mean analytical similarity score was 37.90%. The resulting evidence category is No Retrieved Failure Evidence. This is historical statistical evidence, not proof of a physical failure mechanism."
WF-000519,1,Fail,High Risk,0.0920218471522257,0.2390764535929155,0.7609235464070845,0.11811652035115727,10,0,10,0.0,0.0,0.0,0.2775401687666166,0.02091831925351108,0.04694572780202549,0.001901545588772906,,0.02091831925351108,Very Weak,No Retrieved Failure Evidence,"sensor_060, sensor_478, sensor_342, sensor_206, sensor_574","sensor_104, sensor_126, sensor_201, sensor_282, sensor_123","The 10 nearest development records contained 0 observed failures. The similarity-weighted historical failure rate was 0.00%, and the mean analytical similarity score was 2.09%. The resulting evidence category is No Retrieved Failure Evidence. This is historical statistical evidence, not proof of a physical failure mechanism."
WF-001100,0,Pass,Low Risk,0.0283699642967726,0.4531587609690236,0.5468412390309764,0.8292098962490024,10,0,10,0.0,0.0,0.0,0.2775401687666166,0.45162765063029225,0.6196442999950302,0.29285875905345327,,0.45162765063029225,Moderate,No Retrieved Failure Evidence,nan,"sensor_104, sensor_060, sensor_029, sensor_130, sensor_478","The 10 nearest development records contained 0 observed failures. The similarity-weighted historical failure rate was 0.00%, and the mean analytical similarity score was 45.16%. The resulting evidence category is No Retrieved Failure Evidence. This is historical statistical evidence, not proof of a physical failure mechanism."
WF-001541,0,Pass,Low Risk,0.0320251230365045,0.3676310160536516,0.6323689839463483,0.20510774142059063,10,1,9,0.1,0.1727384224790922,0.01787574951572113,0.4041563854975721,0.4497806818609843,0.7769440544623687,0.19783712284855096,0.7769440544623687,0.41342919601638606,Moderate,Limited Failure Evidence,sensor_153,"sensor_214, sensor_131, sensor_104, sensor_352, sensor_126","The 10 nearest development records contained 1 observed failures. The similarity-weighted historical failure rate was 17.27%, and the mean analytical similarity score was 44.98%. The resulting evidence category is Limited Failure Evidence. This is historical statistical evidence, not proof of a physical failure mechanism."
WF-000246,0,Pass,High Risk,0.1290701768064499,0.3233270058247076,0.6766729941752924,0.6975259377494014,10,0,10,0.0,0.0,0.0,0.2775401687666166,0.1845988311210019,0.546244063990263,0.05476373160881497,,0.1845988311210019,Very Weak,No Retrieved Failure Evidence,"sensor_104, sensor_478, sensor_206, sensor_342, sensor_060","sensor_034, sensor_520, sensor_248, sensor_317","The 10 nearest development records contained 0 observed failures. The similarity-weighted historical failure rate was 0.00%, and the mean analytical similarity score was 18.46%. The resulting evidence category is No Retrieved Failure Evidence. This is historical statistical evidence, not proof of a physical failure mechanism."
WF-000059,1,Fail,High Risk,0.1271055599532795,0.1648954744173594,0.8351045255826406,0.031125299281724028,10,1,9,0.1,0.10279028340137554,0.01787574951572113,0.4041563854975721,0.28446889242259277,0.45845721853918625,0.14290373802137613,0.2924063807099372,0.28358694927955447,Weak,Limited Failure Evidence,"sensor_060, sensor_034, sensor_432, sensor_153","sensor_104, sensor_201, sensor_478, sensor_317, sensor_548","The 10 nearest development records contained 1 observed failures. The similarity-weighted historical failure rate was 10.28%, and the mean analytical similarity score was 28.45%. The resulting evidence category is Limited Failure Evidence. This is historical statistical evidence, not proof of a physical failure mechanism."
WF-000751,0,Pass,Engineering Review,0.0524321923124244,0.2980733616722296,0.7019266383277705,0.2274541101356744,10,0,10,0.0,0.0,0.0,0.2775401687666166,0.28090256349518317,0.4234231744615703,0.1938098644346925,,0.28090256349518317,Weak,No Retrieved Failure Evidence,"sensor_104, sensor_060, sensor_424, sensor_317","sensor_034, sensor_029, sensor_125, sensor_201, sensor_184","The 10 nearest development records contained 0 observed failures. The similarity-weighted historical failure rate was 0.00%, and the mean analytical similarity score was 28.09%. The resulting evidence category is No Retrieved Failure Evidence. This is historical statistical evidence, not proof of a physical failure mechanism."
WF-001487,0,Pass,Low Risk,0.015831868315119,0.4202069249977919,0.5797930750022081,0.26097366320830007,10,0,10,0.0,0.0,0.0,0.2775401687666166,0.7293655183161034,0.9839215973084798,0.5370829946063335,,0.7293655183161034,Strong,No Retrieved Failure Evidence,sensor_082,"sensor_131, sensor_104, sensor_060, sensor_478, sensor_511","The 10 nearest development records contained 0 observed failures. The similarity-weighted historical failure rate was 0.00%, and the mean analytical similarity score was 72.94%. The resulting evidence category is No Retrieved Failure Evidence. This is historical statistical evidence, not proof of a physical failure mechanism."
WF-001500,0,Pass,Low Risk,0.0273699445319095,0.3551091042622691,0.6448908957377308,0.12051077414205902,10,0,10,0.0,0.0,0.0,0.2775401687666166,0.6217571862359454,0.8253720855577105,0.5082205108944903,,0.6217571862359454,Strong,No Retrieved Failure Evidence,sensor_127,"sensor_214, sensor_104, sensor_352, sensor_126, sensor_060","The 10 nearest development records contained 0 observed failures. The similarity-weighted historical failure rate was 0.00%, and the mean analytical similarity score was 62.18%. The resulting evidence category is No Retrieved Failure Evidence. This is historical statistical evidence, not proof of a physical failure mechanism."
WF-000032,0,Pass,High Risk,0.0918302668887925,0.2243347643134326,0.7756652356865673,0.12529928172386273,10,1,9,0.1,0.08775945460215841,0.01787574951572113,0.4041563854975721,0.3671699654124069,0.6305269163252567,0.2824349576676315,0.32222635910886194,0.37216369944613414,Moderate,Limited Failure Evidence,"sensor_060, sensor_065, sensor_386, sensor_520, sensor_406","sensor_104, sensor_432, sensor_478, sensor_206, sensor_201","The 10 nearest development records contained 1 observed failures. The similarity-weighted historical failure rate was 8.78%, and the mean analytical similarity score was 36.72%. The resulting evidence category is Limited Failure Evidence. This is historical statistical evidence, not proof of a physical failure mechanism."
WF-000113,0,Pass,High Risk,0.1003935256931306,0.2133200057636572,0.7866799942363427,0.3375897845171588,10,1,9,0.1,0.0008161783769446549,0.01787574951572113,0.4041563854975721,0.040011974047898566,0.3681906494549284,0.00015147199506242176,0.0003265690803676551,0.04442146348873534,Very Weak,Limited Failure Evidence,"sensor_104, sensor_060, sensor_034, sensor_153","sensor_206, sensor_389, sensor_478, sensor_485, sensor_447","The 10 nearest development records contained 1 observed failures. The similarity-weighted historical failure rate was 0.08%, and the mean analytical similarity score was 4.00%. The resulting evidence category is Limited Failure Evidence. This is historical statistical evidence, not proof of a physical failure mechanism."
WF-000327,1,Fail,High Risk,0.1602795371211892,0.2538371262609686,0.7461628737390313,0.9664804469273743,10,0,10,0.0,0.0,0.0,0.2775401687666166,0.15582391668306164,0.4585908102355136,0.05035444645870692,,0.15582391668306164,Very Weak,No Retrieved Failure Evidence,"sensor_342, sensor_060, sensor_478, sensor_206, sensor_104","sensor_032, sensor_034, sensor_015","The 10 nearest development records contained 0 observed failures. The similarity-weighted historical failure rate was 0.00%, and the mean analytical similarity score was 15.58%. The resulting evidence category is No Retrieved Failure Evidence. This is historical statistical evidence, not proof of a physical failure mechanism."
WF-000367,0,Pass,Engineering Review,0.0433363889036841,0.3931030129803837,0.6068969870196163,0.553072625698324,10,1,9,0.1,0.0840648732157719,0.01787574951572113,0.4041563854975721,0.24680869733114816,0.5633267089432764,0.14646199374682187,0.20747941849692791,0.25117861720161705,Weak,Limited Failure Evidence,sensor_060,"sensor_104, sensor_034, sensor_478, sensor_126, sensor_548","The 10 nearest development records contained 1 observed failures. The similarity-weighted historical failure rate was 8.41%, and the mean analytical similarity score was 24.68%. The resulting evidence category is Limited Failure Evidence. This is historical statistical evidence, not proof of a physical failure mechanism."
WF-001523,0,Pass,Engineering Review,0.0384031286879328,0.3368290856426926,0.6631709143573074,0.5131683958499601,10,0,10,0.0,0.0,0.0,0.2775401687666166,0.43513602265322493,0.5118751375211795,0.35582754345609224,,0.43513602265322493,Moderate,No Retrieved Failure Evidence,sensor_056,"sensor_104, sensor_389, sensor_453, sensor_060, sensor_478","The 10 nearest development records contained 0 observed failures. The similarity-weighted historical failure rate was 0.00%, and the mean analytical similarity score was 43.51%. The resulting evidence category is No Retrieved Failure Evidence. This is historical statistical evidence, not proof of a physical failure mechanism."
WF-000690,0,Pass,High Risk,0.1403861357013753,0.2042636023153765,0.7957363976846235,0.461292897047087,10,2,8,0.2,0.19863189281314442,0.056680947980693314,0.5098431532792765,0.4916036300435481,0.7994504227223234,0.3559340657677948,0.4882407977468137,0.4924443381177316,Moderate,Limited Failure Evidence,"sensor_104, sensor_349, sensor_034","sensor_248, sensor_511, sensor_520, sensor_386, sensor_271","The 10 nearest development records contained 2 observed failures. The similarity-weighted historical failure rate was 19.86%, and the mean analytical similarity score was 49.16%. The resulting evidence category is Limited Failure Evidence. This is historical statistical evidence, not proof of a physical failure mechanism."
WF-000450,0,Pass,Engineering Review,0.0780687049992616,0.339658931018318,0.660341068981682,0.6512370311252993,10,1,9,0.1,0.08482551064648775,0.01787574951572113,0.4041563854975721,0.3479883847672516,0.8831930696884822,0.07460427907509638,0.2951829243692857,0.3538556581448033,Weak,Limited Failure Evidence,"sensor_015, sensor_001, sensor_342, sensor_056","sensor_104, sensor_060, sensor_578, sensor_561, sensor_469","The 10 nearest development records contained 1 observed failures. The similarity-weighted historical failure rate was 8.48%, and the mean analytical similarity score was 34.80%. The resulting evidence category is Limited Failure Evidence. This is historical statistical evidence, not proof of a physical failure mechanism."
WF-001395,0,Pass,Engineering Review,0.0441058815076441,0.419527199767479,0.580472800232521,0.5179569034317638,10,2,8,0.2,0.22621937175422122,0.056680947980693314,0.5098431532792765,0.6198872824266047,0.7795162131095463,0.4849854395729467,0.7011525579448901,0.5995709635470334,Strong,Limited Failure Evidence,"sensor_065, sensor_489","sensor_104, sensor_060, sensor_317, sensor_181, sensor_478","The 10 nearest development records contained 2 observed failures. The similarity-weighted historical failure rate was 22.62%, and the mean analytical similarity score was 61.99%. The resulting evidence category is Limited Failure Evidence. This is historical statistical evidence, not proof of a physical failure mechanism."
WF-001367,0,Pass,Engineering Review,0.0364254575704652,0.4059332883259348,0.5940667116740652,0.7653631284916201,10,1,9,0.1,0.1305066858599055,0.01787574951572113,0.4041563854975721,0.5439455263243202,0.7098852792890902,0.415179821845881,0.7098852792890902,0.5255077759949015,Moderate,Limited Failure Evidence,"sensor_082, sensor_317, sensor_034","sensor_104, sensor_126, sensor_029, sensor_548, sensor_511","The 10 nearest development records contained 1 observed failures. The similarity-weighted historical failure rate was 13.05%, and the mean analytical similarity score was 54.39%. The resulting evidence category is Limited Failure Evidence. This is historical statistical evidence, not proof of a physical failure mechanism."
WF-000166,0,Pass,High Risk,0.1657742816473493,0.1914613227405539,0.8085386772594461,0.42537909018355946,10,0,10,0.0,0.0,0.0,0.2775401687666166,0.33434927714199847,0.546288494222239,0.17807750325929037,,0.33434927714199847,Weak,No Retrieved Failure Evidence,"sensor_104, sensor_060, sensor_511, sensor_563, sensor_520","sensor_470, sensor_201, sensor_480, sensor_478","The 10 nearest development records contained 0 observed failures. The similarity-weighted historical failure rate was 0.00%, and the mean analytical similarity score was 33.43%. The resulting evidence category is No Retrieved Failure Evidence. This is historical statistical evidence, not proof of a physical failure mechanism."
WF-000726,0,Pass,Low Risk,0.0244293874887086,0.3836933107337407,0.6163066892662593,0.3080606544293695,10,0,10,0.0,0.0,0.0,0.2775401687666166,0.271554779856867,0.5255786435948105,0.14787028692064755,,0.271554779856867,Weak,No Retrieved Failure Evidence,"sensor_478, sensor_206, sensor_342","sensor_104, sensor_060, sensor_201, sensor_511, sensor_469","The 10 nearest development records contained 0 observed failures. The similarity-weighted historical failure rate was 0.00%, and the mean analytical similarity score was 27.16%. The resulting evidence category is No Retrieved Failure Evidence. This is historical statistical evidence, not proof of a physical failure mechanism."
WF-001434,0,Pass,Low Risk,0.0166559513486499,0.4554073052708655,0.5445926947291345,0.7741420590582602,10,1,9,0.1,0.09017268705920607,0.01787574951572113,0.4041563854975721,0.12778972718559034,0.21193455996909083,0.057011786394387025,0.11523143078887557,0.12918509345189197,Very Weak,Limited Failure Evidence,sensor_489,"sensor_034, sensor_104, sensor_060, sensor_206, sensor_125","The 10 nearest development records contained 1 observed failures. The similarity-weighted historical failure rate was 9.02%, and the mean analytical similarity score was 12.78%. The resulting evidence category is Limited Failure Evidence. This is historical statistical evidence, not proof of a physical failure mechanism."
WF-000343,0,Pass,High Risk,0.0814487425053567,0.3783979819284401,0.6216020180715599,0.7158818834796488,10,2,8,0.2,0.12528638649324256,0.056680947980693314,0.5098431532792765,0.37483283883735685,0.6671755952836979,0.23449240727754658,0.234807259584682,0.4098392336505256,Moderate,Limited Failure Evidence,"sensor_104, sensor_511, sensor_034","sensor_060, sensor_317, sensor_478, sensor_206, sensor_181","The 10 nearest development records contained 2 observed failures. The similarity-weighted historical failure rate was 12.53%, and the mean analytical similarity score was 37.48%. The resulting evidence category is Limited Failure Evidence. This is historical statistical evidence, not proof of a physical failure mechanism."
WF-000878,0,Pass,Engineering Review,0.0476016467646207,0.4280493425309995,0.5719506574690005,0.8523543495610535,10,1,9,0.1,0.173786723691032,0.01787574951572113,0.4041563854975721,0.4904049893063484,0.8522587637328588,0.35603005172746244,0.8522587637328588,0.4501990143700694,Moderate,Limited Failure Evidence,"sensor_206, sensor_342, sensor_478","sensor_104, sensor_214, sensor_352, sensor_060, sensor_317","The 10 nearest development records contained 1 observed failures. The similarity-weighted historical failure rate was 17.38%, and the mean analytical similarity score was 49.04%. The resulting evidence category is Limited Failure Evidence. This is historical statistical evidence, not proof of a physical failure mechanism."
WF-000707,0,Pass,Engineering Review,0.0603287179363219,0.3132411319876761,0.6867588680123238,0.2641660015961692,10,0,10,0.0,0.0,0.0,0.2775401687666166,0.3335102662241076,0.8101357211218121,0.12470098414772615,,0.3335102662241076,Weak,No Retrieved Failure Evidence,"sensor_104, sensor_478, sensor_511, sensor_206, sensor_342","sensor_032, sensor_378, sensor_469, sensor_060, sensor_020","The 10 nearest development records contained 0 observed failures. The similarity-weighted historical failure rate was 0.00%, and the mean analytical similarity score was 33.35%. The resulting evidence category is No Retrieved Failure Evidence. This is historical statistical evidence, not proof of a physical failure mechanism."
WF-000346,0,Pass,High Risk,0.1503474571733584,0.2776952390899502,0.7223047609100497,0.32561851556264965,10,0,10,0.0,0.0,0.0,0.2775401687666166,0.4642123563830042,0.6499759601463947,0.25556378877602126,,0.4642123563830042,Moderate,No Retrieved Failure Evidence,"sensor_104, sensor_511, sensor_476, sensor_153, sensor_065","sensor_034, sensor_060, sensor_444, sensor_564, sensor_432","The 10 nearest development records contained 0 observed failures. The similarity-weighted historical failure rate was 0.00%, and the mean analytical similarity score was 46.42%. The resulting evidence category is No Retrieved Failure Evidence. This is historical statistical evidence, not proof of a physical failure mechanism."
WF-000042,0,Pass,Engineering Review,0.0756628180524629,0.3290151653638155,0.6709848346361845,0.8515562649640862,10,0,10,0.0,0.0,0.0,0.2775401687666166,0.5909398961113193,0.756456048427983,0.4155883397463595,,0.5909398961113193,Strong,No Retrieved Failure Evidence,"sensor_104, sensor_015, sensor_489","sensor_060, sensor_511, sensor_478, sensor_206, sensor_432","The 10 nearest development records contained 0 observed failures. The similarity-weighted historical failure rate was 0.00%, and the mean analytical similarity score was 59.09%. The resulting evidence category is No Retrieved Failure Evidence. This is historical statistical evidence, not proof of a physical failure mechanism."
WF-000818,0,Pass,Low Risk,0.0281330288721425,0.3894378725844454,0.6105621274155546,0.2913008778930567,10,0,10,0.0,0.0,0.0,0.2775401687666166,0.2486993686069776,0.6563003471631349,0.12887138491440647,,0.2486993686069776,Weak,No Retrieved Failure Evidence,"sensor_424, sensor_082","sensor_034, sensor_104, sensor_131, sensor_029, sensor_123","The 10 nearest development records contained 0 observed failures. The similarity-weighted historical failure rate was 0.00%, and the mean analytical similarity score was 24.87%. The resulting evidence category is No Retrieved Failure Evidence. This is historical statistical evidence, not proof of a physical failure mechanism."
WF-001053,0,Pass,Engineering Review,0.0571068407006044,0.3260177654300574,0.6739822345699427,0.4764565043894653,10,0,10,0.0,0.0,0.0,0.2775401687666166,0.6247130358965564,0.8558906748904122,0.49133882330904677,,0.6247130358965564,Strong,No Retrieved Failure Evidence,nan,"sensor_104, sensor_060, sensor_511, sensor_206, sensor_130","The 10 nearest development records contained 0 observed failures. The similarity-weighted historical failure rate was 0.00%, and the mean analytical similarity score was 62.47%. The resulting evidence category is No Retrieved Failure Evidence. This is historical statistical evidence, not proof of a physical failure mechanism."
WF-000931,0,Pass,Low Risk,0.0165529979837179,0.4253630165164818,0.5746369834835182,0.44692737430167595,10,2,8,0.2,0.15812821896206203,0.056680947980693314,0.5098431532792765,0.32418805715462423,0.5877486730483183,0.18317722329995237,0.2563164004331595,0.3411559713349904,Weak,Limited Failure Evidence,sensor_153,"sensor_034, sensor_131, sensor_104, sensor_520, sensor_248","The 10 nearest development records contained 2 observed failures. The similarity-weighted historical failure rate was 15.81%, and the mean analytical similarity score was 32.42%. The resulting evidence category is Limited Failure Evidence. This is historical statistical evidence, not proof of a physical failure mechanism."
WF-000477,0,Pass,Engineering Review,0.0565693144170977,0.3368026790197262,0.6631973209802737,0.35674381484437345,10,0,10,0.0,0.0,0.0,0.2775401687666166,0.30241088873627014,0.7652182249530354,0.1778793911268965,,0.30241088873627014,Weak,No Retrieved Failure Evidence,"sensor_060, sensor_065, sensor_064","sensor_131, sensor_104, sensor_478, sensor_511, sensor_206","The 10 nearest development records contained 0 observed failures. The similarity-weighted historical failure rate was 0.00%, and the mean analytical similarity score was 30.24%. The resulting evidence category is No Retrieved Failure Evidence. This is historical statistical evidence, not proof of a physical failure mechanism."
WF-001440,0,Pass,Low Risk,0.0165250016048479,0.4762158040410568,0.5237841959589431,0.5698324022346368,10,1,9,0.1,0.08225909769509636,0.01787574951572113,0.4041563854975721,0.6508865299084654,0.868917130049772,0.5014289209781848,0.5354133865216272,0.6637168791736696,Strong,Limited Failure Evidence,nan,"sensor_104, sensor_034, sensor_131, sensor_060, sensor_126","The 10 nearest development records contained 1 observed failures. The similarity-weighted historical failure rate was 8.23%, and the mean analytical similarity score was 65.09%. The resulting evidence category is Limited Failure Evidence. This is historical statistical evidence, not proof of a physical failure mechanism."
WF-000863,0,Pass,Low Risk,0.0273019774078918,0.366494642523697,0.633505357476303,0.20430965682362334,10,1,9,0.1,0.003958173973980587,0.01787574951572113,0.4041563854975721,0.07866252556988129,0.7724031548512771,0.000450209248423154,0.0031135996143828656,0.08705685067604779,Very Weak,Limited Failure Evidence,"sensor_424, sensor_104","sensor_034, sensor_131, sensor_248, sensor_126, sensor_181","The 10 nearest development records contained 1 observed failures. The similarity-weighted historical failure rate was 0.40%, and the mean analytical similarity score was 7.87%. The resulting evidence category is Limited Failure Evidence. This is historical statistical evidence, not proof of a physical failure mechanism."
WF-001006,0,Pass,Low Risk,0.0324334385598817,0.3797129555353371,0.6202870444646629,0.45810055865921784,10,1,9,0.1,0.06819625761294325,0.01787574951572113,0.4041563854975721,0.34609860759091726,0.8021412345451417,0.09765300046870803,0.23602629802751152,0.3583288642090735,Weak,Limited Failure Evidence,nan,"sensor_104, sensor_060, sensor_130, sensor_206, sensor_478","The 10 nearest development records contained 1 observed failures. The similarity-weighted historical failure rate was 6.82%, and the mean analytical similarity score was 34.61%. The resulting evidence category is Limited Failure Evidence. This is historical statistical evidence, not proof of a physical failure mechanism."
WF-000012,1,Fail,High Risk,0.1668514943075023,0.2937924923504683,0.7062075076495318,0.07661612130885875,10,0,10,0.0,0.0,0.0,0.2775401687666166,0.15788307586290123,0.5650712428217095,0.030145091836398547,,0.15788307586290123,Very Weak,No Retrieved Failure Evidence,"sensor_104, sensor_060, sensor_342, sensor_478, sensor_476","sensor_389, sensor_548, sensor_378","The 10 nearest development records contained 0 observed failures. The similarity-weighted historical failure rate was 0.00%, and the mean analytical similarity score was 15.79%. The resulting evidence category is No Retrieved Failure Evidence. This is historical statistical evidence, not proof of a physical failure mechanism."
WF-000010,0,Pass,High Risk,0.1258533507077436,0.251946873678118,0.7480531263218819,0.0638467677573824,10,1,9,0.1,0.38317759238704,0.01787574951572113,0.4041563854975721,0.019748686036677766,0.07567253968341742,0.0011890148132986465,0.07567253968341742,0.013534924520373363,Very Weak,Limited Failure Evidence,"sensor_060, sensor_104, sensor_342, sensor_478, sensor_206","sensor_201, sensor_470, sensor_548, sensor_015","The 10 nearest development records contained 1 observed failures. The similarity-weighted historical failure rate was 38.32%, and the mean analytical similarity score was 1.97%. The resulting evidence category is Limited Failure Evidence. This is historical statistical evidence, not proof of a physical failure mechanism."
WF-000314,0,Pass,Engineering Review,0.0537917052352995,0.3075440111153305,0.6924559888846695,0.14445331205107736,10,0,10,0.0,0.0,0.0,0.2775401687666166,0.11175329514017032,0.20855838924568218,0.041360134708880246,,0.11175329514017032,Very Weak,No Retrieved Failure Evidence,"sensor_317, sensor_349, sensor_574","sensor_131, sensor_104, sensor_060, sensor_126, sensor_036","The 10 nearest development records contained 0 observed failures. The similarity-weighted historical failure rate was 0.00%, and the mean analytical similarity score was 11.18%. The resulting evidence category is No Retrieved Failure Evidence. This is historical statistical evidence, not proof of a physical failure mechanism."
WF-001353,0,Pass,Engineering Review,0.0374863500412216,0.4511255989912256,0.5488744010087744,0.8339984038308061,10,1,9,0.1,0.08726085983563779,0.01787574951572113,0.4041563854975721,0.5702078331168535,0.7347370109116894,0.497568258027925,0.497568258027925,0.5782788970156234,Strong,Limited Failure Evidence,"sensor_034, sensor_056","sensor_104, sensor_060, sensor_201, sensor_564, sensor_511","The 10 nearest development records contained 1 observed failures. The similarity-weighted historical failure rate was 8.73%, and the mean analytical similarity score was 57.02%. The resulting evidence category is Limited Failure Evidence. This is historical statistical evidence, not proof of a physical failure mechanism."
WF-001176,0,Pass,Low Risk,0.0331359064005779,0.3554022809060008,0.6445977190939991,0.2553870710295292,10,1,9,0.1,0.07842736138607796,0.01787574951572113,0.4041563854975721,0.575298273830916,0.8834436624472243,0.3687052152324247,0.45119125626524087,0.5890879424493243,Strong,Limited Failure Evidence,"sensor_034, sensor_082","sensor_104, sensor_248, sensor_520, sensor_317, sensor_181","The 10 nearest development records contained 1 observed failures. The similarity-weighted historical failure rate was 7.84%, and the mean analytical similarity score was 57.53%. The resulting evidence category is Limited Failure Evidence. This is historical statistical evidence, not proof of a physical failure mechanism."
WF-001130,0,Pass,Low Risk,0.0334438967979777,0.3777399800584027,0.6222600199415973,0.44612928970470866,10,1,9,0.1,0.10102596509079845,0.01787574951572113,0.4041563854975721,0.46540571256621677,0.8178249372785773,0.30456731891710587,0.47018061270772793,0.46487516810604884,Moderate,Limited Failure Evidence,nan,"sensor_104, sensor_060, sensor_317, sensor_130, sensor_126","The 10 nearest development records contained 1 observed failures. The similarity-weighted historical failure rate was 10.10%, and the mean analytical similarity score was 46.54%. The resulting evidence category is Limited Failure Evidence. This is historical statistical evidence, not proof of a physical failure mechanism."
WF-000525,0,Pass,Engineering Review,0.0587311360002732,0.324488853260435,0.6755111467395649,0.4972067039106145,10,1,9,0.1,0.10010474808473498,0.01787574951572113,0.4041563854975721,0.15399847243719,0.359017175906879,0.06000041160483926,0.15415978288758908,0.1539805490538123,Very Weak,Limited Failure Evidence,"sensor_317, sensor_542, sensor_103","sensor_104, sensor_060, sensor_564, sensor_578, sensor_574","The 10 nearest development records contained 1 observed failures. The similarity-weighted historical failure rate was 10.01%, and the mean analytical similarity score was 15.40%. The resulting evidence category is Limited Failure Evidence. This is historical statistical evidence, not proof of a physical failure mechanism."
WF-001206,0,Pass,Engineering Review,0.0514523456403994,0.307464841534433,0.692535158465567,0.2537909018355946,10,0,10,0.0,0.0,0.0,0.2775401687666166,0.4073907062398508,0.7076989671528454,0.25670745510355264,,0.4073907062398508,Moderate,No Retrieved Failure Evidence,sensor_103,"sensor_214, sensor_104, sensor_352, sensor_130, sensor_511","The 10 nearest development records contained 0 observed failures. The similarity-weighted historical failure rate was 0.00%, and the mean analytical similarity score was 40.74%. The resulting evidence category is No Retrieved Failure Evidence. This is historical statistical evidence, not proof of a physical failure mechanism."
WF-000177,0,Pass,High Risk,0.1383367466928346,0.2301431252994541,0.7698568747005459,0.6145251396648045,10,1,9,0.1,0.030744338708943334,0.01787574951572113,0.4041563854975721,0.19011147830902816,0.45539027268234744,0.02896988451093901,0.05844851681590696,0.20474069625270833,Very Weak,Limited Failure Evidence,"sensor_104, sensor_511, sensor_065, sensor_066, sensor_015","sensor_060, sensor_201, sensor_342, sensor_478, sensor_206","The 10 nearest development records contained 1 observed failures. The similarity-weighted historical failure rate was 3.07%, and the mean analytical similarity score was 19.01%. The resulting evidence category is Limited Failure Evidence. This is historical statistical evidence, not proof of a physical failure mechanism."
WF-001483,0,Pass,Low Risk,0.0310327247541021,0.3254772423126427,0.6745227576873574,0.0430965682362332,10,0,10,0.0,0.0,0.0,0.2775401687666166,0.4254055922261027,0.5964063232517354,0.34927255097240834,,0.4254055922261027,Moderate,No Retrieved Failure Evidence,"sensor_206, sensor_478","sensor_104, sensor_131, sensor_060, sensor_511, sensor_126","The 10 nearest development records contained 0 observed failures. The similarity-weighted historical failure rate was 0.00%, and the mean analytical similarity score was 42.54%. The resulting evidence category is No Retrieved Failure Evidence. This is historical statistical evidence, not proof of a physical failure mechanism."
WF-001093,0,Pass,High Risk,0.0971869380346341,0.1907753285344991,0.8092246714655009,0.19473264166001591,10,1,9,0.1,0.06604421554388802,0.01787574951572113,0.4041563854975721,0.28556418909569764,0.5982991380958426,0.15988003072279472,0.18859862856251855,0.2963381402660509,Weak,Limited Failure Evidence,"sensor_034, sensor_282","sensor_104, sensor_511, sensor_130, sensor_126, sensor_029","The 10 nearest development records contained 1 observed failures. The similarity-weighted historical failure rate was 6.60%, and the mean analytical similarity score was 28.56%. The resulting evidence category is Limited Failure Evidence. This is historical statistical evidence, not proof of a physical failure mechanism."
WF-000564,0,Pass,High Risk,0.1215244773666268,0.2444129874081832,0.7555870125918168,0.3232242617717478,10,2,8,0.2,0.15657644959386807,0.056680947980693314,0.5098431532792765,0.5876137169357831,0.7482492827949,0.4298331431399216,0.4600323476523055,0.6195090592566525,Strong,Limited Failure Evidence,"sensor_478, sensor_342, sensor_206, sensor_574, sensor_578","sensor_104, sensor_060, sensor_248, sensor_520, sensor_059","The 10 nearest development records contained 2 observed failures. The similarity-weighted historical failure rate was 15.66%, and the mean analytical similarity score was 58.76%. The resulting evidence category is Limited Failure Evidence. This is historical statistical evidence, not proof of a physical failure mechanism."
WF-000968,0,Pass,Low Risk,0.0278010924165778,0.4422191986964867,0.5577808013035133,0.7414205905826018,10,1,9,0.1,0.07732300994480953,0.01787574951572113,0.4041563854975721,0.3723338170690259,0.5533628456715552,0.2773026730918935,0.28789971440017187,0.38171538403223193,Moderate,Limited Failure Evidence,"sensor_512, sensor_342","sensor_104, sensor_131, sensor_060, sensor_126, sensor_130","The 10 nearest development records contained 1 observed failures. The similarity-weighted historical failure rate was 7.73%, and the mean analytical similarity score was 37.23%. The resulting evidence category is Limited Failure Evidence. This is historical statistical evidence, not proof of a physical failure mechanism."
WF-001272,0,Pass,High Risk,0.0981183454150619,0.2910987962327803,0.7089012037672197,0.7486033519553073,10,1,9,0.1,0.07710933879102057,0.01787574951572113,0.4041563854975721,0.5634811637423262,0.7525825537763197,0.39353696952182554,0.4344965995736556,0.5778127819832896,Strong,Limited Failure Evidence,"sensor_104, sensor_125, sensor_015, sensor_124, sensor_133","sensor_214, sensor_060, sensor_352, sensor_206, sensor_511","The 10 nearest development records contained 1 observed failures. The similarity-weighted historical failure rate was 7.71%, and the mean analytical similarity score was 56.35%. The resulting evidence category is Limited Failure Evidence. This is historical statistical evidence, not proof of a physical failure mechanism."
WF-001473,0,Pass,Low Risk,0.0228641726482831,0.4096382129639181,0.5903617870360819,0.3743016759776536,10,2,8,0.2,0.20778571150219374,0.056680947980693314,0.5098431532792765,0.359212340679817,0.6132133553456426,0.2199695536564429,0.3731959589426209,0.35571643611411596,Moderate,Limited Failure Evidence,sensor_056,"sensor_104, sensor_131, sensor_578, sensor_548, sensor_181","The 10 nearest development records contained 2 observed failures. The similarity-weighted historical failure rate was 20.78%, and the mean analytical similarity score was 35.92%. The resulting evidence category is Limited Failure Evidence. This is historical statistical evidence, not proof of a physical failure mechanism."
WF-000465,0,Pass,High Risk,0.080974732001453,0.3288158320296103,0.6711841679703896,0.34636871508379885,10,3,7,0.3,0.2777327369279818,0.10778928748621183,0.6032267800204347,0.5468664825023588,0.7742874881651782,0.4268612675832477,0.5062757497318613,0.564262510832572,Moderate,Moderate Failure Evidence,"sensor_104, sensor_511, sensor_103","sensor_060, sensor_564, sensor_127, sensor_189, sensor_308","The 10 nearest development records contained 3 observed failures. The similarity-weighted historical failure rate was 27.77%, and the mean analytical similarity score was 54.69%. The resulting evidence category is Moderate Failure Evidence. This is historical statistical evidence, not proof of a physical failure mechanism."
WF-000622,0,Pass,Low Risk,0.0223167881014539,0.3571248136412773,0.6428751863587227,0.16759776536312854,10,1,9,0.1,0.08942347977491166,0.01787574951572113,0.4041563854975721,0.5319930248379383,0.7011448413811147,0.43281212932479024,0.47572667496989457,0.5382448414899431,Moderate,Limited Failure Evidence,"sensor_104, sensor_034","sensor_060, sensor_520, sensor_248, sensor_478, sensor_206","The 10 nearest development records contained 1 observed failures. The similarity-weighted historical failure rate was 8.94%, and the mean analytical similarity score was 53.20%. The resulting evidence category is Limited Failure Evidence. This is historical statistical evidence, not proof of a physical failure mechanism."
WF-001167,0,Pass,Engineering Review,0.0475184686152613,0.4311559612350712,0.5688440387649287,0.9177972865123704,10,1,9,0.1,0.16700827899669415,0.01787574951572113,0.4041563854975721,0.19733017698294608,0.5273048873653268,0.07383459090363334,0.3295577325203489,0.18263822636767912,Very Weak,Limited Failure Evidence,"sensor_424, sensor_034, sensor_064","sensor_104, sensor_520, sensor_248, sensor_060, sensor_130","The 10 nearest development records contained 1 observed failures. The similarity-weighted historical failure rate was 16.70%, and the mean analytical similarity score was 19.73%. The resulting evidence category is Limited Failure Evidence. This is historical statistical evidence, not proof of a physical failure mechanism."
WF-000630,0,Pass,Low Risk,0.0278699994602215,0.4951076853856093,0.5048923146143907,0.8810853950518756,10,1,9,0.1,0.1396225174665057,0.01787574951572113,0.4041563854975721,0.43200317849901965,0.6641205383625137,0.2929654377267497,0.6031737133556535,0.41298423018161595,Moderate,Limited Failure Evidence,sensor_589,"sensor_104, sensor_060, sensor_034, sensor_478, sensor_282","The 10 nearest development records contained 1 observed failures. The similarity-weighted historical failure rate was 13.96%, and the mean analytical similarity score was 43.20%. The resulting evidence category is Limited Failure Evidence. This is historical statistical evidence, not proof of a physical failure mechanism."
WF-001442,0,Pass,Low Risk,0.0162653857813916,0.4280218008224004,0.5719781991775996,0.49002394253790904,10,2,8,0.2,0.20016715236860594,0.056680947980693314,0.5098431532792765,0.45886215339810416,0.675431476195543,0.3224761544386166,0.4592456528771247,0.4587662785283489,Moderate,Limited Failure Evidence,nan,"sensor_034, sensor_104, sensor_131, sensor_060, sensor_126","The 10 nearest development records contained 2 observed failures. The similarity-weighted historical failure rate was 20.02%, and the mean analytical similarity score was 45.89%. The resulting evidence category is Limited Failure Evidence. This is historical statistical evidence, not proof of a physical failure mechanism."
WF-000109,0,Pass,High Risk,0.1053196950607065,0.2106138718048575,0.7893861281951425,0.04868316041500398,10,0,10,0.0,0.0,0.0,0.2775401687666166,0.19840573105610168,0.567329788152942,0.02584472919026457,,0.19840573105610168,Very Weak,No Retrieved Failure Evidence,"sensor_060, sensor_104, sensor_206, sensor_478, sensor_342","sensor_564, sensor_511, sensor_122, sensor_125, sensor_485","The 10 nearest development records contained 0 observed failures. The similarity-weighted historical failure rate was 0.00%, and the mean analytical similarity score was 19.84%. The resulting evidence category is No Retrieved Failure Evidence. This is historical statistical evidence, not proof of a physical failure mechanism."
WF-000550,0,Pass,Engineering Review,0.0414907756863708,0.4090702180192636,0.5909297819807364,0.9792498004788508,10,2,8,0.2,0.2621183422323556,0.056680947980693314,0.5098431532792765,0.28779511956066733,0.5904526718797747,0.12749697045285896,0.3771818982090235,0.2654484248985783,Weak,Limited Failure Evidence,sensor_034,"sensor_104, sensor_520, sensor_248, sensor_126, sensor_206","The 10 nearest development records contained 2 observed failures. The similarity-weighted historical failure rate was 26.21%, and the mean analytical similarity score was 28.78%. The resulting evidence category is Limited Failure Evidence. This is historical statistical evidence, not proof of a physical failure mechanism."
WF-000027,0,Pass,High Risk,0.1359081637688931,0.2564682474872333,0.7435317525127667,0.349561053471668,10,0,10,0.0,0.0,0.0,0.2775401687666166,0.3452562562824545,0.7882457878662728,0.12678904244508327,,0.3452562562824545,Weak,No Retrieved Failure Evidence,"sensor_104, sensor_065, sensor_034","sensor_060, sensor_206, sensor_342, sensor_478, sensor_574","The 10 nearest development records contained 0 observed failures. The similarity-weighted historical failure rate was 0.00%, and the mean analytical similarity score was 34.53%. The resulting evidence category is No Retrieved Failure Evidence. This is historical statistical evidence, not proof of a physical failure mechanism."
WF-000616,0,Pass,Low Risk,0.0122494254630322,0.4978736563832621,0.5021263436167378,0.9449321628092578,10,0,10,0.0,0.0,0.0,0.2775401687666166,0.47006654352696386,0.7529186492095378,0.29446503885132624,,0.47006654352696386,Moderate,No Retrieved Failure Evidence,nan,"sensor_104, sensor_032, sensor_520, sensor_060, sensor_511","The 10 nearest development records contained 0 observed failures. The similarity-weighted historical failure rate was 0.00%, and the mean analytical similarity score was 47.01%. The resulting evidence category is No Retrieved Failure Evidence. This is historical statistical evidence, not proof of a physical failure mechanism."
WF-000873,0,Pass,Low Risk,0.0219285744454393,0.4162618684864302,0.5837381315135698,0.7509976057462091,10,0,10,0.0,0.0,0.0,0.2775401687666166,0.607900631765515,0.8463983522132931,0.4771513507417394,,0.607900631765515,Strong,No Retrieved Failure Evidence,sensor_511,"sensor_034, sensor_104, sensor_131, sensor_214, sensor_520","The 10 nearest development records contained 0 observed failures. The similarity-weighted historical failure rate was 0.00%, and the mean analytical similarity score was 60.79%. The resulting evidence category is No Retrieved Failure Evidence. This is historical statistical evidence, not proof of a physical failure mechanism."
WF-001345,0,Pass,Engineering Review,0.0635084428820361,0.3189611215877698,0.6810388784122302,0.34716679968076614,10,1,9,0.1,0.13271074902278787,0.01787574951572113,0.4041563854975721,0.5049092791474183,0.6888262485604927,0.36802869758195533,0.6700688862420978,0.48655821169245406,Moderate,Limited Failure Evidence,"sensor_489, sensor_130, sensor_034, sensor_068","sensor_104, sensor_317, sensor_478, sensor_206, sensor_182","The 10 nearest development records contained 1 observed failures. The similarity-weighted historical failure rate was 13.27%, and the mean analytical similarity score was 50.49%. The resulting evidence category is Limited Failure Evidence. This is historical statistical evidence, not proof of a physical failure mechanism."
WF-000018,0,Pass,Engineering Review,0.0713107101820972,0.2402717066243325,0.7597282933756675,0.28731045490822027,10,2,8,0.2,0.18056270856654127,0.056680947980693314,0.5098431532792765,0.3763277959491047,0.8188713666683053,0.16168899588301663,0.33975383072723503,0.3854712872545721,Moderate,Limited Failure Evidence,"sensor_104, sensor_511, sensor_214","sensor_060, sensor_478, sensor_578, sensor_201, sensor_574","The 10 nearest development records contained 2 observed failures. The similarity-weighted historical failure rate was 18.06%, and the mean analytical similarity score was 37.63%. The resulting evidence category is Limited Failure Evidence. This is historical statistical evidence, not proof of a physical failure mechanism."
WF-000766,0,Pass,Engineering Review,0.042064415436513,0.4095986056506893,0.5904013943493107,0.36871508379888274,10,2,8,0.2,0.22915459357615364,0.056680947980693314,0.5098431532792765,0.6194842642312128,0.9569275078384304,0.4460995829897088,0.7097883239836308,0.5969082492931084,Strong,Limited Failure Evidence,"sensor_489, sensor_282","sensor_104, sensor_032, sensor_317, sensor_060, sensor_181","The 10 nearest development records contained 2 observed failures. The similarity-weighted historical failure rate was 22.92%, and the mean analytical similarity score was 61.95%. The resulting evidence category is Limited Failure Evidence. This is historical statistical evidence, not proof of a physical failure mechanism."
WF-001232,0,Pass,Engineering Review,0.0492570342250401,0.3077556319867723,0.6922443680132278,0.4325618515562649,10,0,10,0.0,0.0,0.0,0.2775401687666166,0.570817909454972,0.7284200915703464,0.4582176627060419,,0.570817909454972,Strong,No Retrieved Failure Evidence,"sensor_126, sensor_206","sensor_034, sensor_104, sensor_511, sensor_317, sensor_453","The 10 nearest development records contained 0 observed failures. The similarity-weighted historical failure rate was 0.00%, and the mean analytical similarity score was 57.08%. The resulting evidence category is No Retrieved Failure Evidence. This is historical statistical evidence, not proof of a physical failure mechanism."
WF-000105,0,Pass,High Risk,0.0903947877565658,0.3076931145399353,0.6923068854600647,0.23543495610534715,10,1,9,0.1,0.0933776167553116,0.01787574951572113,0.4041563854975721,0.011172373573351723,0.07496423168453072,0.0009490376977237289,0.010432496177796083,0.011254582172857902,Very Weak,Limited Failure Evidence,"sensor_104, sensor_060, sensor_520, sensor_034, sensor_181","sensor_201, sensor_122, sensor_125, sensor_282, sensor_564","The 10 nearest development records contained 1 observed failures. The similarity-weighted historical failure rate was 9.34%, and the mean analytical similarity score was 1.12%. The resulting evidence category is Limited Failure Evidence. This is historical statistical evidence, not proof of a physical failure mechanism."
WF-000269,0,Pass,High Risk,0.0862601096438172,0.339689007156837,0.660310992843163,0.4964086193136472,10,0,10,0.0,0.0,0.0,0.2775401687666166,0.14584385850078913,0.48201017003688457,0.03804056400961814,,0.14584385850078913,Very Weak,No Retrieved Failure Evidence,"sensor_060, sensor_342, sensor_478, sensor_104, sensor_206","sensor_317, sensor_201, sensor_511, sensor_480","The 10 nearest development records contained 0 observed failures. The similarity-weighted historical failure rate was 0.00%, and the mean analytical similarity score was 14.58%. The resulting evidence category is No Retrieved Failure Evidence. This is historical statistical evidence, not proof of a physical failure mechanism."
WF-001059,0,Pass,Low Risk,0.0292397966553082,0.4496399023280233,0.5503600976719767,0.6903431763766961,10,1,9,0.1,0.12994025698630504,0.01787574951572113,0.4041563854975721,0.4846708145543685,0.9346232638768062,0.2699902333122243,0.6297825019695644,0.4685472937304579,Moderate,Limited Failure Evidence,sensor_103,"sensor_104, sensor_214, sensor_352, sensor_511, sensor_060","The 10 nearest development records contained 1 observed failures. The similarity-weighted historical failure rate was 12.99%, and the mean analytical similarity score was 48.47%. The resulting evidence category is Limited Failure Evidence. This is historical statistical evidence, not proof of a physical failure mechanism."
WF-000049,1,Fail,Engineering Review,0.0599791033825022,0.1845980495371205,0.8154019504628794,0.09177972865123718,10,1,9,0.1,0.05088993463388533,0.01787574951572113,0.4041563854975721,0.09407584874220265,0.23705514743164505,0.003814688975953809,0.04787513793117976,0.09920926105453853,Very Weak,Limited Failure Evidence,"sensor_060, sensor_478, sensor_342, sensor_511, sensor_206","sensor_214, sensor_352, sensor_104, sensor_126","The 10 nearest development records contained 1 observed failures. The similarity-weighted historical failure rate was 5.09%, and the mean analytical similarity score was 9.41%. The resulting evidence category is Limited Failure Evidence. This is historical statistical evidence, not proof of a physical failure mechanism."
WF-001386,0,Pass,Engineering Review,0.0478623073461422,0.2965262788358642,0.7034737211641358,0.3064644852354349,10,0,10,0.0,0.0,0.0,0.2775401687666166,0.5270182222229144,0.8167451452451538,0.29204331453388566,,0.5270182222229144,Moderate,No Retrieved Failure Evidence,"sensor_034, sensor_512","sensor_104, sensor_131, sensor_015, sensor_342, sensor_478","The 10 nearest development records contained 0 observed failures. The similarity-weighted historical failure rate was 0.00%, and the mean analytical similarity score was 52.70%. The resulting evidence category is No Retrieved Failure Evidence. This is historical statistical evidence, not proof of a physical failure mechanism."
WF-001315,0,Pass,Low Risk,0.0316207451834414,0.3287210953139859,0.671278904686014,0.21867517956903437,10,0,10,0.0,0.0,0.0,0.2775401687666166,0.09401672536635855,0.3264932915254382,0.037753047562717426,,0.09401672536635855,Very Weak,No Retrieved Failure Evidence,sensor_034,"sensor_104, sensor_060, sensor_478, sensor_206, sensor_511","The 10 nearest development records contained 0 observed failures. The similarity-weighted historical failure rate was 0.00%, and the mean analytical similarity score was 9.40%. The resulting evidence category is No Retrieved Failure Evidence. This is historical statistical evidence, not proof of a physical failure mechanism."
WF-001032,0,Pass,Engineering Review,0.0351566409644104,0.4225728136607217,0.5774271863392784,0.5490822027134876,10,0,10,0.0,0.0,0.0,0.2775401687666166,0.515381918687524,0.7919813320487049,0.3474192761147997,,0.515381918687524,Moderate,No Retrieved Failure Evidence,nan,"sensor_214, sensor_104, sensor_511, sensor_060, sensor_126","The 10 nearest development records contained 0 observed failures. The similarity-weighted historical failure rate was 0.00%, and the mean analytical similarity score was 51.54%. The resulting evidence category is No Retrieved Failure Evidence. This is historical statistical evidence, not proof of a physical failure mechanism."
WF-000191,0,Pass,High Risk,0.2366487052575615,0.2141170073585696,0.7858829926414304,0.4221867517956903,10,1,9,0.1,0.12218048279704811,0.01787574951572113,0.4041563854975721,0.5822736538209691,0.7516727089221678,0.35441381615490286,0.7114247614384727,0.5679235307523576,Strong,Limited Failure Evidence,"sensor_104, sensor_060, sensor_065, sensor_342, sensor_066","sensor_034, sensor_308, sensor_310, sensor_432","The 10 nearest development records contained 1 observed failures. The similarity-weighted historical failure rate was 12.22%, and the mean analytical similarity score was 58.23%. The resulting evidence category is Limited Failure Evidence. This is historical statistical evidence, not proof of a physical failure mechanism."
WF-001457,0,Pass,Engineering Review,0.0675257997962518,0.220972190490406,0.7790278095095939,0.058260175578611184,10,1,9,0.1,0.0,0.01787574951572113,0.4041563854975721,9.9688717485494e-11,9.418209158807674e-10,0.0,0.0,1.1076524165054889e-10,Very Weak,Limited Failure Evidence,"sensor_478, sensor_342, sensor_206, sensor_034","sensor_104, sensor_126, sensor_317, sensor_060, sensor_125","The 10 nearest development records contained 1 observed failures. The similarity-weighted historical failure rate was 0.00%, and the mean analytical similarity score was 0.00%. The resulting evidence category is Limited Failure Evidence. This is historical statistical evidence, not proof of a physical failure mechanism."
WF-000990,0,Pass,Low Risk,0.0247430443724499,0.4632096323246942,0.5367903676753059,0.922585794094174,10,2,8,0.2,0.11315460748091408,0.056680947980693314,0.5098431532792765,0.4014275574705601,0.8369594268678444,0.16928485167480883,0.22711688848801653,0.44500522471619597,Moderate,Limited Failure Evidence,nan,"sensor_034, sensor_131, sensor_104, sensor_214, sensor_126","The 10 nearest development records contained 2 observed failures. The similarity-weighted historical failure rate was 11.32%, and the mean analytical similarity score was 40.14%. The resulting evidence category is Limited Failure Evidence. This is historical statistical evidence, not proof of a physical failure mechanism."
WF-000937,0,Pass,Low Risk,0.0128631040847779,0.4215053426564173,0.5784946573435827,0.3072625698324022,10,0,10,0.0,0.0,0.0,0.2775401687666166,0.7506104902544612,0.8426436554981457,0.5761473789876064,,0.7506104902544612,Very Strong,No Retrieved Failure Evidence,nan,"sensor_131, sensor_104, sensor_060, sensor_034, sensor_126","The 10 nearest development records contained 0 observed failures. The similarity-weighted historical failure rate was 0.00%, and the mean analytical similarity score was 75.06%. The resulting evidence category is No Retrieved Failure Evidence. This is historical statistical evidence, not proof of a physical failure mechanism."
WF-001492,0,Pass,Low Risk,0.0086214682717125,0.4423302907381796,0.5576697092618204,0.05267358339984041,10,1,9,0.1,0.09729115657241723,0.01787574951572113,0.4041563854975721,0.588548553890095,0.9096813940432582,0.4142570358160793,0.5726056950699097,0.5903199826478933,Strong,Limited Failure Evidence,sensor_434,"sensor_131, sensor_104, sensor_181, sensor_201, sensor_317","The 10 nearest development records contained 1 observed failures. The similarity-weighted historical failure rate was 9.73%, and the mean analytical similarity score was 58.85%. The resulting evidence category is Limited Failure Evidence. This is historical statistical evidence, not proof of a physical failure mechanism."
WF-000709,0,Pass,Low Risk,0.0283070992209167,0.462252659416797,0.537747340583203,0.7015163607342378,10,0,10,0.0,0.0,0.0,0.2775401687666166,0.6930576139733844,0.8809772754769887,0.6000838943754927,,0.6930576139733844,Strong,No Retrieved Failure Evidence,"sensor_478, sensor_206, sensor_342","sensor_104, sensor_520, sensor_248, sensor_032, sensor_432","The 10 nearest development records contained 0 observed failures. The similarity-weighted historical failure rate was 0.00%, and the mean analytical similarity score was 69.31%. The resulting evidence category is No Retrieved Failure Evidence. This is historical statistical evidence, not proof of a physical failure mechanism."
WF-001544,0,Pass,Low Risk,0.0291397823757858,0.3787135250707951,0.6212864749292049,0.25139664804469275,10,0,10,0.0,0.0,0.0,0.2775401687666166,0.224021078800774,0.705575061269595,0.0767683810235587,,0.224021078800774,Weak,No Retrieved Failure Evidence,"sensor_153, sensor_288","sensor_104, sensor_032, sensor_511, sensor_478, sensor_201","The 10 nearest development records contained 0 observed failures. The similarity-weighted historical failure rate was 0.00%, and the mean analytical similarity score was 22.40%. The resulting evidence category is No Retrieved Failure Evidence. This is historical statistical evidence, not proof of a physical failure mechanism."
WF-000052,0,Pass,Insufficient Evidence,0.1263664825255145,0.1483198884860631,0.8516801115139369,0.011173184357541999,10,0,10,0.0,0.0,0.0,0.2775401687666166,0.5856507577871184,0.7848609983829907,0.4856922404075945,,0.5856507577871184,Strong,No Retrieved Failure Evidence,"sensor_060, sensor_104, sensor_511, sensor_317","sensor_201, sensor_015, sensor_478, sensor_342, sensor_447","The 10 nearest development records contained 0 observed failures. The similarity-weighted historical failure rate was 0.00%, and the mean analytical similarity score was 58.57%. The resulting evidence category is No Retrieved Failure Evidence. This is historical statistical evidence, not proof of a physical failure mechanism."
WF-001355,0,Pass,Low Risk,0.0186270885350573,0.3206041934136843,0.6793958065863157,0.15163607342378294,10,1,9,0.1,0.10103640120526364,0.01787574951572113,0.4041563854975721,0.5190060728734576,0.7291737479079703,0.37517754353129174,0.5243850580681095,0.5184084078518295,Moderate,Limited Failure Evidence,nan,"sensor_104, sensor_060, sensor_317, sensor_201, sensor_453","The 10 nearest development records contained 1 observed failures. The similarity-weighted historical failure rate was 10.10%, and the mean analytical similarity score was 51.90%. The resulting evidence category is Limited Failure Evidence. This is historical statistical evidence, not proof of a physical failure mechanism."
WF-000908,0,Pass,Low Risk,0.0092964306760435,0.5398253196835927,0.4601746803164073,0.9241819632881086,10,0,10,0.0,0.0,0.0,0.2775401687666166,0.7516756438535719,0.8479275418212717,0.6186029383783616,,0.7516756438535719,Very Strong,No Retrieved Failure Evidence,sensor_512,"sensor_034, sensor_104, sensor_131, sensor_060, sensor_181","The 10 nearest development records contained 0 observed failures. The similarity-weighted historical failure rate was 0.00%, and the mean analytical similarity score was 75.17%. The resulting evidence category is No Retrieved Failure Evidence. This is historical statistical evidence, not proof of a physical failure mechanism."
WF-000715,0,Pass,Low Risk,0.0161458792290348,0.4963410097912662,0.5036589902087338,0.9066241021548285,10,0,10,0.0,0.0,0.0,0.2775401687666166,0.615656736507024,0.8188053007409021,0.4629634280099933,,0.615656736507024,Strong,No Retrieved Failure Evidence,nan,"sensor_214, sensor_104, sensor_060, sensor_352, sensor_511","The 10 nearest development records contained 0 observed failures. The similarity-weighted historical failure rate was 0.00%, and the mean analytical similarity score was 61.57%. The resulting evidence category is No Retrieved Failure Evidence. This is historical statistical evidence, not proof of a physical failure mechanism."
WF-000629,0,Pass,Low Risk,0.0265960168206336,0.4011926030508802,0.5988073969491198,0.5522745411013568,10,1,9,0.1,0.09367451945894767,0.01787574951572113,0.4041563854975721,0.4439500479452592,0.7327599065847977,0.3328189745230603,0.41586807405048937,0.44707026726690036,Moderate,Limited Failure Evidence,nan,"sensor_032, sensor_104, sensor_060, sensor_282, sensor_564","The 10 nearest development records contained 1 observed failures. The similarity-weighted historical failure rate was 9.37%, and the mean analytical similarity score was 44.40%. The resulting evidence category is Limited Failure Evidence. This is historical statistical evidence, not proof of a physical failure mechanism."
WF-001467,0,Pass,Low Risk,0.0158861525010141,0.376714908862755,0.623285091137245,0.1739824421388667,10,0,10,0.0,0.0,0.0,0.2775401687666166,0.43490594215816597,0.642964303433129,0.3235850864056857,,0.43490594215816597,Moderate,No Retrieved Failure Evidence,nan,"sensor_034, sensor_104, sensor_131, sensor_060, sensor_317","The 10 nearest development records contained 0 observed failures. The similarity-weighted historical failure rate was 0.00%, and the mean analytical similarity score was 43.49%. The resulting evidence category is No Retrieved Failure Evidence. This is historical statistical evidence, not proof of a physical failure mechanism."
WF-000501,0,Pass,Engineering Review,0.0522753435504643,0.4050037501500408,0.5949962498499592,0.9489225857940942,10,0,10,0.0,0.0,0.0,0.2775401687666166,0.7016157497748325,0.8592289479514895,0.5872307446008738,,0.7016157497748325,Strong,No Retrieved Failure Evidence,"sensor_424, sensor_386, sensor_034, sensor_512","sensor_104, sensor_060, sensor_317, sensor_432, sensor_578","The 10 nearest development records contained 0 observed failures. The similarity-weighted historical failure rate was 0.00%, and the mean analytical similarity score was 70.16%. The resulting evidence category is No Retrieved Failure Evidence. This is historical statistical evidence, not proof of a physical failure mechanism."
WF-000461,0,Pass,High Risk,0.091639000120013,0.2729614092316619,0.7270385907683381,0.30327214684756587,10,0,10,0.0,0.0,0.0,0.2775401687666166,0.4644231761934522,0.6286515122613017,0.3021693601472866,,0.4644231761934522,Moderate,No Retrieved Failure Evidence,"sensor_104, sensor_520, sensor_386, sensor_034","sensor_131, sensor_060, sensor_127, sensor_342, sensor_578","The 10 nearest development records contained 0 observed failures. The similarity-weighted historical failure rate was 0.00%, and the mean analytical similarity score was 46.44%. The resulting evidence category is No Retrieved Failure Evidence. This is historical statistical evidence, not proof of a physical failure mechanism."
WF-000289,0,Pass,High Risk,0.0818613127245224,0.2884532241536856,0.7115467758463144,0.6352753391859537,10,0,10,0.0,0.0,0.0,0.2775401687666166,0.28271150118295235,0.5723864787202978,0.13485025891441346,,0.28271150118295235,Weak,No Retrieved Failure Evidence,"sensor_060, sensor_342, sensor_206","sensor_104, sensor_126, sensor_147, sensor_281, sensor_228","The 10 nearest development records contained 0 observed failures. The similarity-weighted historical failure rate was 0.00%, and the mean analytical similarity score was 28.27%. The resulting evidence category is No Retrieved Failure Evidence. This is historical statistical evidence, not proof of a physical failure mechanism."
WF-000321,0,Pass,High Risk,0.1258310775114572,0.307790812223815,0.6922091877761849,0.5913806863527534,10,3,7,0.3,0.3,0.10778928748621183,0.6032267800204347,3.0313217636004713e-61,3.0313217632004445e-60,4.107538999052386e-105,5.592911354625084e-82,4.3304596622863874e-61,Very Weak,Moderate Failure Evidence,"sensor_060, sensor_206, sensor_342, sensor_478, sensor_104","sensor_034, sensor_578, sensor_032, sensor_485, sensor_461","The 10 nearest development records contained 3 observed failures. The similarity-weighted historical failure rate was 30.00%, and the mean analytical similarity score was 0.00%. The resulting evidence category is Moderate Failure Evidence. This is historical statistical evidence, not proof of a physical failure mechanism."
WF-001219,0,Pass,Engineering Review,0.065472972330567,0.404706156480581,0.595293843519419,0.962490023942538,10,0,10,0.0,0.0,0.0,0.2775401687666166,0.6092403160492532,0.7635294874332872,0.48132542744085394,,0.6092403160492532,Strong,No Retrieved Failure Evidence,"sensor_104, sensor_034, sensor_133","sensor_520, sensor_248, sensor_029, sensor_060, sensor_386","The 10 nearest development records contained 0 observed failures. The similarity-weighted historical failure rate was 0.00%, and the mean analytical similarity score was 60.92%. The resulting evidence category is No Retrieved Failure Evidence. This is historical statistical evidence, not proof of a physical failure mechanism."
WF-001283,0,Pass,Engineering Review,0.0640837006656665,0.3738157120908545,0.6261842879091455,0.8236233040702314,10,0,10,0.0,0.0,0.0,0.2775401687666166,0.5838490733539047,0.9324541790880043,0.4142623796776998,,0.5838490733539047,Strong,No Retrieved Failure Evidence,"sensor_125, sensor_104, sensor_015, sensor_133","sensor_034, sensor_214, sensor_029, sensor_352, sensor_126","The 10 nearest development records contained 0 observed failures. The similarity-weighted historical failure rate was 0.00%, and the mean analytical similarity score was 58.38%. The resulting evidence category is No Retrieved Failure Evidence. This is historical statistical evidence, not proof of a physical failure mechanism."
WF-000588,0,Pass,Engineering Review,0.0546552507674919,0.3936419685422342,0.6063580314577657,0.6400638467677574,10,1,9,0.1,0.10605491306217944,0.01787574951572113,0.4041563854975721,0.46704024497140556,0.762828721714947,0.32830757468688715,0.4953191257698141,0.4638981471049158,Moderate,Limited Failure Evidence,"sensor_103, sensor_489","sensor_032, sensor_034, sensor_104, sensor_060, sensor_206","The 10 nearest development records contained 1 observed failures. The similarity-weighted historical failure rate was 10.61%, and the mean analytical similarity score was 46.70%. The resulting evidence category is Limited Failure Evidence. This is historical statistical evidence, not proof of a physical failure mechanism."
WF-000176,0,Pass,High Risk,0.0977705350883857,0.2649847707133506,0.7350152292866494,0.27853152434158024,10,2,8,0.2,0.5047031933235951,0.056680947980693314,0.5098431532792765,0.10716979393489912,0.46944596581860437,0.0388366246011323,0.27044468613387623,0.06635107088515488,Very Weak,Limited Failure Evidence,"sensor_104, sensor_060, sensor_511, sensor_015, sensor_424","sensor_032, sensor_456, sensor_564","The 10 nearest development records contained 2 observed failures. The similarity-weighted historical failure rate was 50.47%, and the mean analytical similarity score was 10.72%. The resulting evidence category is Limited Failure Evidence. This is historical statistical evidence, not proof of a physical failure mechanism."
WF-001354,0,Pass,Low Risk,0.0327598249483776,0.2905209992530018,0.7094790007469982,0.1484437350359138,10,0,10,0.0,0.0,0.0,0.2775401687666166,0.6345395985554971,0.7306412599386984,0.51496010327945,,0.6345395985554971,Strong,No Retrieved Failure Evidence,"sensor_130, sensor_034, sensor_064","sensor_104, sensor_060, sensor_511, sensor_184, sensor_432","The 10 nearest development records contained 0 observed failures. The similarity-weighted historical failure rate was 0.00%, and the mean analytical similarity score was 63.45%. The resulting evidence category is No Retrieved Failure Evidence. This is historical statistical evidence, not proof of a physical failure mechanism."
WF-000298,0,Pass,High Risk,0.1151980509692443,0.2434314078657534,0.7565685921342465,0.38786911412609737,10,0,10,0.0,0.0,0.0,0.2775401687666166,0.5873578319605838,0.801852502483975,0.44755241727625766,,0.5873578319605838,Strong,No Retrieved Failure Evidence,"sensor_065, sensor_104, sensor_066, sensor_064","sensor_181, sensor_478, sensor_317, sensor_032, sensor_060","The 10 nearest development records contained 0 observed failures. The similarity-weighted historical failure rate was 0.00%, and the mean analytical similarity score was 58.74%. The resulting evidence category is No Retrieved Failure Evidence. This is historical statistical evidence, not proof of a physical failure mechanism."
WF-000234,0,Pass,High Risk,0.1691337865727382,0.200267960488424,0.7997320395115759,0.36871508379888274,10,1,9,0.1,0.1687349656435694,0.01787574951572113,0.4041563854975721,0.269484886602999,0.46115576874728487,0.14044710008450956,0.45471523082418236,0.2489037372450898,Weak,Limited Failure Evidence,"sensor_104, sensor_065, sensor_478, sensor_206, sensor_342","sensor_032, sensor_034, sensor_060, sensor_181, sensor_317","The 10 nearest development records contained 1 observed failures. The similarity-weighted historical failure rate was 16.87%, and the mean analytical similarity score was 26.95%. The resulting evidence category is Limited Failure Evidence. This is historical statistical evidence, not proof of a physical failure mechanism."
WF-001138,0,Pass,Engineering Review,0.0795190587134035,0.3769974869130638,0.6230025130869362,0.5251396648044693,10,0,10,0.0,0.0,0.0,0.2775401687666166,0.5835915755618881,0.7586079724322745,0.40040356629557533,,0.5835915755618881,Strong,No Retrieved Failure Evidence,"sensor_424, sensor_489","sensor_214, sensor_104, sensor_352, sensor_130, sensor_206","The 10 nearest development records contained 0 observed failures. The similarity-weighted historical failure rate was 0.00%, and the mean analytical similarity score was 58.36%. The resulting evidence category is No Retrieved Failure Evidence. This is historical statistical evidence, not proof of a physical failure mechanism."
WF-000571,0,Pass,Engineering Review,0.0365610341534805,0.3405056071017189,0.659494392898281,0.1532322426177175,10,0,10,0.0,0.0,0.0,0.2775401687666166,0.030741658553817646,0.10197984403511516,0.011362614083655027,,0.030741658553817646,Very Weak,No Retrieved Failure Evidence,"sensor_424, sensor_406","sensor_104, sensor_248, sensor_032, sensor_520, sensor_060","The 10 nearest development records contained 0 observed failures. The similarity-weighted historical failure rate was 0.00%, and the mean analytical similarity score was 3.07%. The resulting evidence category is No Retrieved Failure Evidence. This is historical statistical evidence, not proof of a physical failure mechanism."
WF-001096,0,Pass,Engineering Review,0.0499985555243499,0.3611703519075483,0.6388296480924517,0.578611332801277,10,2,8,0.2,0.19105624575127897,0.056680947980693314,0.5098431532792765,0.38404147399481003,0.6608930054720202,0.14332983293207988,0.36686761117117916,0.38833493970071775,Moderate,Limited Failure Evidence,"sensor_282, sensor_386","sensor_104, sensor_060, sensor_130, sensor_126, sensor_564","The 10 nearest development records contained 2 observed failures. The similarity-weighted historical failure rate was 19.11%, and the mean analytical similarity score was 38.40%. The resulting evidence category is Limited Failure Evidence. This is historical statistical evidence, not proof of a physical failure mechanism."
WF-000812,0,Pass,Low Risk,0.0113072610572928,0.5164028914291944,0.4835971085708056,0.7741420590582602,10,0,10,0.0,0.0,0.0,0.2775401687666166,0.40064755420483655,0.8086227497454678,0.2705207999756652,,0.40064755420483655,Moderate,No Retrieved Failure Evidence,nan,"sensor_034, sensor_104, sensor_214, sensor_520, sensor_248","The 10 nearest development records contained 0 observed failures. The similarity-weighted historical failure rate was 0.00%, and the mean analytical similarity score was 40.06%. The resulting evidence category is No Retrieved Failure Evidence. This is historical statistical evidence, not proof of a physical failure mechanism."
WF-001098,0,Pass,Low Risk,0.0300055477309219,0.3484749493115284,0.6515250506884716,0.4030327214684757,10,0,10,0.0,0.0,0.0,0.2775401687666166,0.5586651560687559,0.9127198798276942,0.3629162693690107,,0.5586651560687559,Strong,No Retrieved Failure Evidence,sensor_432,"sensor_214, sensor_104, sensor_352, sensor_130, sensor_020","The 10 nearest development records contained 0 observed failures. The similarity-weighted historical failure rate was 0.00%, and the mean analytical similarity score was 55.87%. The resulting evidence category is No Retrieved Failure Evidence. This is historical statistical evidence, not proof of a physical failure mechanism."
WF-000534,0,Pass,Engineering Review,0.038943601096623,0.3686208205536818,0.6313791794463182,0.43655227454110135,10,0,10,0.0,0.0,0.0,0.2775401687666166,0.28105659596854615,0.6863511291657379,0.11025958209095144,,0.28105659596854615,Weak,No Retrieved Failure Evidence,"sensor_478, sensor_206, sensor_342","sensor_032, sensor_104, sensor_248, sensor_060, sensor_520","The 10 nearest development records contained 0 observed failures. The similarity-weighted historical failure rate was 0.00%, and the mean analytical similarity score was 28.11%. The resulting evidence category is No Retrieved Failure Evidence. This is historical statistical evidence, not proof of a physical failure mechanism."
WF-000436,0,Pass,High Risk,0.0825632478349338,0.2955147580266539,0.704485241973346,0.9960095770151637,10,0,10,0.0,0.0,0.0,0.2775401687666166,0.49625067218828356,0.8456404699107266,0.27144728775522714,,0.49625067218828356,Moderate,No Retrieved Failure Evidence,"sensor_060, sensor_426, sensor_064, sensor_034, sensor_153","sensor_520, sensor_104, sensor_248, sensor_578, sensor_281","The 10 nearest development records contained 0 observed failures. The similarity-weighted historical failure rate was 0.00%, and the mean analytical similarity score was 49.63%. The resulting evidence category is No Retrieved Failure Evidence. This is historical statistical evidence, not proof of a physical failure mechanism."
WF-000821,0,Pass,Low Risk,0.025142566193286,0.3904849003786423,0.6095150996213576,0.40462889066241026,10,2,8,0.2,0.2803463877059547,0.056680947980693314,0.5098431532792765,0.3429768385450043,0.6308948273682319,0.21092542816203755,0.48076158876450203,0.30853065099012983,Weak,Limited Failure Evidence,sensor_511,"sensor_034, sensor_104, sensor_029, sensor_201, sensor_424","The 10 nearest development records contained 2 observed failures. The similarity-weighted historical failure rate was 28.03%, and the mean analytical similarity score was 34.30%. The resulting evidence category is Limited Failure Evidence. This is historical statistical evidence, not proof of a physical failure mechanism."
WF-000612,0,Pass,Engineering Review,0.0391131357234496,0.3010219408382714,0.6989780591617286,0.34158020750199525,10,1,9,0.1,0.07302738027213611,0.01787574951572113,0.4041563854975721,0.043854350453528514,0.11781742476362761,0.012308399701894466,0.03202568327157351,0.04516864680707907,Very Weak,Limited Failure Evidence,"sensor_478, sensor_520, sensor_342, sensor_153","sensor_034, sensor_060, sensor_104, sensor_564, sensor_022","The 10 nearest development records contained 1 observed failures. The similarity-weighted historical failure rate was 7.30%, and the mean analytical similarity score was 4.39%. The resulting evidence category is Limited Failure Evidence. This is historical statistical evidence, not proof of a physical failure mechanism."
WF-000777,0,Pass,Engineering Review,0.039724556364075,0.3745308132366495,0.6254691867633505,0.5522745411013568,10,0,10,0.0,0.0,0.0,0.2775401687666166,0.27802313483240415,0.6378487235707733,0.12940692292947464,,0.27802313483240415,Weak,No Retrieved Failure Evidence,"sensor_424, sensor_563, sensor_064","sensor_104, sensor_060, sensor_201, sensor_389, sensor_308","The 10 nearest development records contained 0 observed failures. The similarity-weighted historical failure rate was 0.00%, and the mean analytical similarity score was 27.80%. The resulting evidence category is No Retrieved Failure Evidence. This is historical statistical evidence, not proof of a physical failure mechanism."
WF-000220,0,Pass,High Risk,0.117946603156967,0.3170906565417032,0.6829093434582967,0.11173184357541899,10,0,10,0.0,0.0,0.0,0.2775401687666166,0.6013178760784988,0.959617670403868,0.45562366354407113,,0.6013178760784988,Strong,No Retrieved Failure Evidence,"sensor_104, sensor_103","sensor_201, sensor_478, sensor_511, sensor_182, sensor_317","The 10 nearest development records contained 0 observed failures. The similarity-weighted historical failure rate was 0.00%, and the mean analytical similarity score was 60.13%. The resulting evidence category is No Retrieved Failure Evidence. This is historical statistical evidence, not proof of a physical failure mechanism."
WF-000097,1,Fail,Insufficient Evidence,0.1492766461690038,0.1563115601873055,0.8436884398126945,0.015163607342378427,10,1,9,0.1,0.17127494847870425,0.01787574951572113,0.4041563854975721,0.04528378576467061,0.13542835087361044,0.005495608465339539,0.0775597807376464,0.04169756410100664,Very Weak,Limited Failure Evidence,"sensor_104, sensor_060, sensor_478, sensor_511, sensor_206","sensor_282, sensor_444","The 10 nearest development records contained 1 observed failures. The similarity-weighted historical failure rate was 17.13%, and the mean analytical similarity score was 4.53%. The resulting evidence category is Limited Failure Evidence. This is historical statistical evidence, not proof of a physical failure mechanism."
WF-001214,0,Pass,Engineering Review,0.0495783764278274,0.4197634341444201,0.5802365658555799,0.7605746209098165,10,0,10,0.0,0.0,0.0,0.2775401687666166,0.6819024259973862,0.8313975351680251,0.5691373549800322,,0.6819024259973862,Strong,No Retrieved Failure Evidence,"sensor_104, sensor_511, sensor_268","sensor_034, sensor_214, sensor_029, sensor_352, sensor_060","The 10 nearest development records contained 0 observed failures. The similarity-weighted historical failure rate was 0.00%, and the mean analytical similarity score was 68.19%. The resulting evidence category is No Retrieved Failure Evidence. This is historical statistical evidence, not proof of a physical failure mechanism."
WF-001213,0,Pass,Low Risk,0.0329788067638946,0.4378155258859912,0.5621844741140087,0.9154030327214685,10,0,10,0.0,0.0,0.0,0.2775401687666166,0.24644396587174988,0.48372245710358774,0.09456947855500422,,0.24644396587174988,Weak,No Retrieved Failure Evidence,"sensor_133, sensor_181, sensor_406","sensor_034, sensor_104, sensor_478, sensor_060, sensor_206","The 10 nearest development records contained 0 observed failures. The similarity-weighted historical failure rate was 0.00%, and the mean analytical similarity score was 24.64%. The resulting evidence category is No Retrieved Failure Evidence. This is historical statistical evidence, not proof of a physical failure mechanism."
WF-000024,1,Fail,Insufficient Evidence,0.1822904497207002,0.1423588167949389,0.857641183205061,0.013567438148443633,10,2,8,0.2,0.3157719733266013,0.056680947980693314,0.5098431532792765,0.22157713815970198,0.6436724786459177,0.05575650782622769,0.34983925080375033,0.18951160999868996,Weak,Limited Failure Evidence,"sensor_060, sensor_386, sensor_153, sensor_520, sensor_432","sensor_104, sensor_470, sensor_478, sensor_015","The 10 nearest development records contained 2 observed failures. The similarity-weighted historical failure rate was 31.58%, and the mean analytical similarity score was 22.16%. The resulting evidence category is Limited Failure Evidence. This is historical statistical evidence, not proof of a physical failure mechanism."
WF-000337,1,Fail,High Risk,0.1620322241434946,0.1859828926408584,0.8140171073591416,0.5227454110135674,10,0,10,0.0,0.0,0.0,0.2775401687666166,0.4601197408008327,0.6852889876990123,0.3407277024872524,,0.4601197408008327,Moderate,No Retrieved Failure Evidence,"sensor_065, sensor_064, sensor_066, sensor_060, sensor_104","sensor_126, sensor_206, sensor_310, sensor_342","The 10 nearest development records contained 0 observed failures. The similarity-weighted historical failure rate was 0.00%, and the mean analytical similarity score was 46.01%. The resulting evidence category is No Retrieved Failure Evidence. This is historical statistical evidence, not proof of a physical failure mechanism."
WF-001306,0,Pass,High Risk,0.0919695668780327,0.3787097422509115,0.6212902577490884,0.8140462889066242,10,1,9,0.1,0.08285705920473217,0.01787574951572113,0.4041563854975721,0.2722815900206649,0.4724112658191654,0.16746542530535868,0.22560451824700842,0.277467931328849,Weak,Limited Failure Evidence,"sensor_125, sensor_424, sensor_015, sensor_133","sensor_060, sensor_470, sensor_198, sensor_478, sensor_548","The 10 nearest development records contained 1 observed failures. The similarity-weighted historical failure rate was 8.29%, and the mean analytical similarity score was 27.23%. The resulting evidence category is Limited Failure Evidence. This is historical statistical evidence, not proof of a physical failure mechanism."
WF-000915,1,Fail,Engineering Review,0.0729517403904716,0.2911180696371755,0.7088819303628244,0.9752593774940144,10,1,9,0.1,0.19619910297364063,0.01787574951572113,0.4041563854975721,0.4128514782673502,0.810010896973956,0.30104316861764574,0.810010896973956,0.3687226539666162,Moderate,Limited Failure Evidence,"sensor_060, sensor_153, sensor_015","sensor_104, sensor_389, sensor_511, sensor_253, sensor_206","The 10 nearest development records contained 1 observed failures. The similarity-weighted historical failure rate was 19.62%, and the mean analytical similarity score was 41.29%. The resulting evidence category is Limited Failure Evidence. This is historical statistical evidence, not proof of a physical failure mechanism."
WF-001383,0,Pass,Engineering Review,0.0497181298183147,0.4206112565537563,0.5793887434462437,0.6233040702314445,10,2,8,0.2,0.22012086802457617,0.056680947980693314,0.5098431532792765,0.6083997135355713,0.8566776821965651,0.44429452129656005,0.6696073652467672,0.5930978006077724,Strong,Limited Failure Evidence,"sensor_453, sensor_317, sensor_489","sensor_034, sensor_104, sensor_029, sensor_060, sensor_432","The 10 nearest development records contained 2 observed failures. The similarity-weighted historical failure rate was 22.01%, and the mean analytical similarity score was 60.84%. The resulting evidence category is Limited Failure Evidence. This is historical statistical evidence, not proof of a physical failure mechanism."
WF-001335,0,Pass,High Risk,0.095739907530341,0.3300711756792876,0.6699288243207124,0.2482043096568236,10,2,8,0.2,0.15281339602664198,0.056680947980693314,0.5098431532792765,0.34471024330085326,0.6052717298180168,0.2188463757752612,0.26338171461986704,0.3650423754710998,Weak,Limited Failure Evidence,"sensor_082, sensor_056, sensor_103, sensor_181","sensor_104, sensor_060, sensor_478, sensor_206, sensor_424","The 10 nearest development records contained 2 observed failures. The similarity-weighted historical failure rate was 15.28%, and the mean analytical similarity score was 34.47%. The resulting evidence category is Limited Failure Evidence. This is historical statistical evidence, not proof of a physical failure mechanism."
WF-000516,0,Pass,High Risk,0.0958298481546696,0.3064157317995983,0.6935842682004016,0.5778132482043097,10,0,10,0.0,0.0,0.0,0.2775401687666166,0.29953948360757016,0.6724457023199765,0.1910982622298378,,0.29953948360757016,Weak,No Retrieved Failure Evidence,"sensor_060, sensor_104, sensor_153","sensor_478, sensor_126, sensor_342, sensor_271, sensor_282","The 10 nearest development records contained 0 observed failures. The similarity-weighted historical failure rate was 0.00%, and the mean analytical similarity score was 29.95%. The resulting evidence category is No Retrieved Failure Evidence. This is historical statistical evidence, not proof of a physical failure mechanism."
WF-000326,0,Pass,High Risk,0.1758060533040048,0.2995375613006411,0.700462438699359,0.6679968076616121,10,2,8,0.2,0.4499423937475248,0.056680947980693314,0.5098431532792765,0.09667078552701246,0.4001354057575396,0.028740052043637287,0.2174814232273878,0.06646812610191861,Very Weak,Limited Failure Evidence,"sensor_104, sensor_342, sensor_478, sensor_206, sensor_476","sensor_060, sensor_126, sensor_282, sensor_125, sensor_424","The 10 nearest development records contained 2 observed failures. The similarity-weighted historical failure rate was 44.99%, and the mean analytical similarity score was 9.67%. The resulting evidence category is Limited Failure Evidence. This is historical statistical evidence, not proof of a physical failure mechanism."
WF-000045,0,Pass,Insufficient Evidence,0.2695770769573562,0.1618960901092023,0.8381039098907976,0.023942537909018347,10,0,10,0.0,0.0,0.0,0.2775401687666166,0.109548905867909,0.4356801468237605,0.013697126280776177,,0.109548905867909,Very Weak,No Retrieved Failure Evidence,"sensor_104, sensor_065, sensor_060, sensor_015, sensor_066","sensor_461, sensor_478","The 10 nearest development records contained 0 observed failures. The similarity-weighted historical failure rate was 0.00%, and the mean analytical similarity score was 10.95%. The resulting evidence category is No Retrieved Failure Evidence. This is historical statistical evidence, not proof of a physical failure mechanism."
WF-000459,0,Pass,Engineering Review,0.0703880901952533,0.3171860517048636,0.6828139482951363,0.6544293695131684,10,3,7,0.3,0.26742204565324773,0.10778928748621183,0.6032267800204347,0.6199302132418878,0.7838463957905991,0.4521505000397836,0.5526100192913325,0.648781724934983,Strong,Moderate Failure Evidence,"sensor_104, sensor_520, sensor_034","sensor_131, sensor_060, sensor_317, sensor_411, sensor_578","The 10 nearest development records contained 3 observed failures. The similarity-weighted historical failure rate was 26.74%, and the mean analytical similarity score was 61.99%. The resulting evidence category is Moderate Failure Evidence. This is historical statistical evidence, not proof of a physical failure mechanism."
WF-000847,0,Pass,High Risk,0.0901201075521735,0.3495374753724184,0.6504625246275815,0.7709497206703911,10,0,10,0.0,0.0,0.0,0.2775401687666166,0.4848441724965829,0.9462979691001557,0.31099440638255454,,0.4848441724965829,Moderate,No Retrieved Failure Evidence,"sensor_015, sensor_406, sensor_432, sensor_268","sensor_104, sensor_511, sensor_020, sensor_060, sensor_342","The 10 nearest development records contained 0 observed failures. The similarity-weighted historical failure rate was 0.00%, and the mean analytical similarity score was 48.48%. The resulting evidence category is No Retrieved Failure Evidence. This is historical statistical evidence, not proof of a physical failure mechanism."
WF-001104,0,Pass,Engineering Review,0.0399966311958555,0.3232012705564249,0.6767987294435751,0.6544293695131684,10,0,10,0.0,0.0,0.0,0.2775401687666166,0.2963966996730973,0.4408691361832871,0.1693144195629751,,0.2963966996730973,Weak,No Retrieved Failure Evidence,nan,"sensor_104, sensor_060, sensor_478, sensor_206, sensor_282","The 10 nearest development records contained 0 observed failures. The similarity-weighted historical failure rate was 0.00%, and the mean analytical similarity score was 29.64%. The resulting evidence category is No Retrieved Failure Evidence. This is historical statistical evidence, not proof of a physical failure mechanism."
WF-001529,0,Pass,Low Risk,0.0107147518487837,0.4278747317833328,0.5721252682166672,0.1276935355147646,10,2,8,0.2,0.22368231514918596,0.056680947980693314,0.5098431532792765,0.5087320373349985,0.6993760363733614,0.37985023593080863,0.5689717995082728,0.4936720967916799,Moderate,Limited Failure Evidence,nan,"sensor_214, sensor_104, sensor_131, sensor_126, sensor_317","The 10 nearest development records contained 2 observed failures. The similarity-weighted historical failure rate was 22.37%, and the mean analytical similarity score was 50.87%. The resulting evidence category is Limited Failure Evidence. This is historical statistical evidence, not proof of a physical failure mechanism."
WF-001124,0,Pass,Insufficient Evidence,0.0256633708061988,0.3334313306030296,0.6665686693969703,0.011971268954509173,10,0,10,0.0,0.0,0.0,0.2775401687666166,0.2592315303811899,0.37670311124230527,0.19101051062980642,,0.2592315303811899,Weak,No Retrieved Failure Evidence,"sensor_015, sensor_434","sensor_104, sensor_214, sensor_352, sensor_060, sensor_511","The 10 nearest development records contained 0 observed failures. The similarity-weighted historical failure rate was 0.00%, and the mean analytical similarity score was 25.92%. The resulting evidence category is No Retrieved Failure Evidence. This is historical statistical evidence, not proof of a physical failure mechanism."
WF-001099,0,Pass,Low Risk,0.0144297908565783,0.4665405955140928,0.5334594044859071,0.6193136472466082,10,0,10,0.0,0.0,0.0,0.2775401687666166,0.6928292442008179,0.8270531842169756,0.5310266375217384,,0.6928292442008179,Strong,No Retrieved Failure Evidence,sensor_424,"sensor_214, sensor_104, sensor_060, sensor_520, sensor_248","The 10 nearest development records contained 0 observed failures. The similarity-weighted historical failure rate was 0.00%, and the mean analytical similarity score was 69.28%. The resulting evidence category is No Retrieved Failure Evidence. This is historical statistical evidence, not proof of a physical failure mechanism."
WF-001035,0,Pass,Engineering Review,0.0598173219059501,0.4027124627053428,0.5972875372946571,0.5538707102952913,10,1,9,0.1,0.08143182601963159,0.01787574951572113,0.4041563854975721,0.608307367819518,0.7993907248165398,0.4922274211744723,0.4953557974273903,0.6208575423075322,Strong,Limited Failure Evidence,"sensor_153, sensor_082, sensor_288, sensor_214","sensor_104, sensor_060, sensor_130, sensor_511, sensor_389","The 10 nearest development records contained 1 observed failures. The similarity-weighted historical failure rate was 8.14%, and the mean analytical similarity score was 60.83%. The resulting evidence category is Limited Failure Evidence. This is historical statistical evidence, not proof of a physical failure mechanism."
WF-000398,0,Pass,High Risk,0.081353766436341,0.4028354769189939,0.5971645230810061,0.7438148443735035,10,0,10,0.0,0.0,0.0,0.2775401687666166,0.442717048999303,0.8005581540576964,0.21927282175277496,,0.442717048999303,Moderate,No Retrieved Failure Evidence,"sensor_478, sensor_342, sensor_206, sensor_034","sensor_104, sensor_520, sensor_248, sensor_060, sensor_282","The 10 nearest development records contained 0 observed failures. The similarity-weighted historical failure rate was 0.00%, and the mean analytical similarity score was 44.27%. The resulting evidence category is No Retrieved Failure Evidence. This is historical statistical evidence, not proof of a physical failure mechanism."
WF-000706,0,Pass,Engineering Review,0.0393909651156157,0.3370818544214279,0.6629181455785721,0.16520351157222668,10,0,10,0.0,0.0,0.0,0.2775401687666166,0.25779039004967197,0.4756113949526261,0.1633978569703237,,0.25779039004967197,Weak,No Retrieved Failure Evidence,"sensor_472, sensor_068","sensor_032, sensor_104, sensor_478, sensor_447, sensor_184","The 10 nearest development records contained 0 observed failures. The similarity-weighted historical failure rate was 0.00%, and the mean analytical similarity score was 25.78%. The resulting evidence category is No Retrieved Failure Evidence. This is historical statistical evidence, not proof of a physical failure mechanism."
WF-000435,0,Pass,High Risk,0.1117264891273574,0.246770151989995,0.753229848010005,0.9050279329608939,10,1,9,0.1,0.10686399177723459,0.01787574951572113,0.4041563854975721,0.24008263208505545,0.4954815134154573,0.12974226216489806,0.256561884209942,0.23825160407117915,Weak,Limited Failure Evidence,"sensor_104, sensor_082, sensor_426, sensor_153, sensor_034","sensor_032, sensor_478, sensor_206, sensor_342","The 10 nearest development records contained 1 observed failures. The similarity-weighted historical failure rate was 10.69%, and the mean analytical similarity score was 24.01%. The resulting evidence category is Limited Failure Evidence. This is historical statistical evidence, not proof of a physical failure mechanism."
WF-001260,0,Pass,Engineering Review,0.045878457633465,0.2919330066343706,0.7080669933656294,0.36233040702314445,10,1,9,0.1,0.17064647402465655,0.01787574951572113,0.4041563854975721,0.17826991890850957,0.48579981173490483,0.06796294385723024,0.3042113308639861,0.16427642869123443,Very Weak,Limited Failure Evidence,"sensor_125, sensor_424, sensor_133","sensor_104, sensor_060, sensor_578, sensor_564, sensor_478","The 10 nearest development records contained 1 observed failures. The similarity-weighted historical failure rate was 17.06%, and the mean analytical similarity score was 17.83%. The resulting evidence category is Limited Failure Evidence. This is historical statistical evidence, not proof of a physical failure mechanism."
WF-000393,1,Fail,Engineering Review,0.0563079658235813,0.3527807822099051,0.6472192177900948,0.36871508379888274,10,1,9,0.1,0.0567631780115554,0.01787574951572113,0.4041563854975721,0.38383928025697484,0.5139424956171784,0.21787937393053963,0.21787937393053963,0.4022792698488009,Moderate,Limited Failure Evidence,sensor_060,"sensor_214, sensor_352, sensor_104, sensor_126, sensor_432","The 10 nearest development records contained 1 observed failures. The similarity-weighted historical failure rate was 5.68%, and the mean analytical similarity score was 38.38%. The resulting evidence category is Limited Failure Evidence. This is historical statistical evidence, not proof of a physical failure mechanism."
WF-000216,0,Pass,High Risk,0.1849699847961197,0.2212822159938733,0.7787177840061267,0.6320830007980847,10,1,9,0.1,0.13786058309821672,0.01787574951572113,0.4041563854975721,0.3221685495837911,0.6998454486504722,0.10242590719343742,0.44414344101528186,0.308615783869181,Weak,Limited Failure Evidence,"sensor_104, sensor_060, sensor_511, sensor_064, sensor_065","sensor_310, sensor_478, sensor_206","The 10 nearest development records contained 1 observed failures. The similarity-weighted historical failure rate was 13.79%, and the mean analytical similarity score was 32.22%. The resulting evidence category is Limited Failure Evidence. This is historical statistical evidence, not proof of a physical failure mechanism."
WF-000667,0,Pass,Engineering Review,0.0395349546921264,0.3572446262853,0.6427553737147,0.5155626496408621,10,1,9,0.1,0.06948774231557951,0.01787574951572113,0.4041563854975721,0.23881808755929962,0.4899917536391316,0.10033124096561195,0.16594929728620117,0.24691461981186608,Weak,Limited Failure Evidence,"sensor_104, sensor_511","sensor_032, sensor_248, sensor_520, sensor_386, sensor_015","The 10 nearest development records contained 1 observed failures. The similarity-weighted historical failure rate was 6.95%, and the mean analytical similarity score was 23.88%. The resulting evidence category is Limited Failure Evidence. This is historical statistical evidence, not proof of a physical failure mechanism."
WF-001205,0,Pass,High Risk,0.1215678334293939,0.3735110521406313,0.6264889478593687,0.7653631284916201,10,1,9,0.1,0.04977558998798475,0.01787574951572113,0.4041563854975721,0.4052039265536044,0.6191442836913201,0.18153296195344706,0.20169264509653698,0.4278162911599452,Moderate,Limited Failure Evidence,"sensor_424, sensor_181, sensor_453","sensor_104, sensor_130, sensor_432, sensor_060, sensor_183","The 10 nearest development records contained 1 observed failures. The similarity-weighted historical failure rate was 4.98%, and the mean analytical similarity score was 40.52%. The resulting evidence category is Limited Failure Evidence. This is historical statistical evidence, not proof of a physical failure mechanism."
WF-000122,0,Pass,High Risk,0.1958908042345759,0.2756980984333383,0.7243019015666616,0.1372705506783719,10,0,10,0.0,0.0,0.0,0.2775401687666166,0.3886375139894543,0.769947269623073,0.16336385671182757,,0.3886375139894543,Moderate,No Retrieved Failure Evidence,"sensor_104, sensor_065, sensor_060, sensor_066, sensor_034","sensor_125, sensor_087, sensor_122","The 10 nearest development records contained 0 observed failures. The similarity-weighted historical failure rate was 0.00%, and the mean analytical similarity score was 38.86%. The resulting evidence category is No Retrieved Failure Evidence. This is historical statistical evidence, not proof of a physical failure mechanism."
WF-000954,0,Pass,Engineering Review,0.0475600435719507,0.3494254607649665,0.6505745392350335,0.5123703112529928,10,0,10,0.0,0.0,0.0,0.2775401687666166,0.5076700389142913,0.6814628165054237,0.38191718511995043,,0.5076700389142913,Moderate,No Retrieved Failure Evidence,sensor_288,"sensor_131, sensor_104, sensor_130, sensor_060, sensor_126","The 10 nearest development records contained 0 observed failures. The similarity-weighted historical failure rate was 0.00%, and the mean analytical similarity score was 50.77%. The resulting evidence category is No Retrieved Failure Evidence. This is historical statistical evidence, not proof of a physical failure mechanism."
WF-000154,0,Pass,High Risk,0.1163668071051087,0.1608299817195257,0.8391700182804742,0.1580207501995211,10,0,10,0.0,0.0,0.0,0.2775401687666166,0.1048979688971284,0.35771884259039355,0.010748328922590287,,0.1048979688971284,Very Weak,No Retrieved Failure Evidence,"sensor_104, sensor_060, sensor_511, sensor_386, sensor_520","sensor_478, sensor_122, sensor_342","The 10 nearest development records contained 0 observed failures. The similarity-weighted historical failure rate was 0.00%, and the mean analytical similarity score was 10.49%. The resulting evidence category is No Retrieved Failure Evidence. This is historical statistical evidence, not proof of a physical failure mechanism."
WF-001447,0,Pass,Low Risk,0.0256892989555888,0.297932851520824,0.7020671484791761,0.03272146847565838,10,1,9,0.1,0.1,0.01787574951572113,0.4041563854975721,3.543765080723337e-28,2.8527774134900707e-27,0.0,0.0,3.937516756359263e-28,Very Weak,Limited Failure Evidence,sensor_082,"sensor_104, sensor_214, sensor_352, sensor_060, sensor_478","The 10 nearest development records contained 1 observed failures. The similarity-weighted historical failure rate was 10.00%, and the mean analytical similarity score was 0.00%. The resulting evidence category is Limited Failure Evidence. This is historical statistical evidence, not proof of a physical failure mechanism."
WF-000767,0,Pass,Engineering Review,0.0480821176462883,0.3954630917997014,0.6045369082002986,0.48842777334397447,10,0,10,0.0,0.0,0.0,0.2775401687666166,0.6019643417223415,0.8151433869191498,0.43109616198660633,,0.6019643417223415,Strong,No Retrieved Failure Evidence,"sensor_511, sensor_015, sensor_424","sensor_034, sensor_104, sensor_060, sensor_206, sensor_029","The 10 nearest development records contained 0 observed failures. The similarity-weighted historical failure rate was 0.00%, and the mean analytical similarity score was 60.20%. The resulting evidence category is No Retrieved Failure Evidence. This is historical statistical evidence, not proof of a physical failure mechanism."
WF-000456,0,Pass,Low Risk,0.0231566041013922,0.3845322122283467,0.6154677877716532,0.37190742218675177,10,2,8,0.2,0.20495581662089898,0.056680947980693314,0.5098431532792765,0.6274637920997521,0.8851307321676658,0.41797912544979376,0.6430117695492534,0.623576797737377,Strong,Limited Failure Evidence,sensor_064,"sensor_104, sensor_034, sensor_520, sensor_478, sensor_206","The 10 nearest development records contained 2 observed failures. The similarity-weighted historical failure rate was 20.50%, and the mean analytical similarity score was 62.75%. The resulting evidence category is Limited Failure Evidence. This is historical statistical evidence, not proof of a physical failure mechanism."
WF-001250,0,Pass,Engineering Review,0.0608561260742196,0.2942469799039591,0.7057530200960409,0.41021548284118114,10,0,10,0.0,0.0,0.0,0.2775401687666166,0.6090284082038168,0.911881307614159,0.5100062840525937,,0.6090284082038168,Strong,No Retrieved Failure Evidence,"sensor_489, sensor_015","sensor_104, sensor_520, sensor_248, sensor_181, sensor_317","The 10 nearest development records contained 0 observed failures. The similarity-weighted historical failure rate was 0.00%, and the mean analytical similarity score was 60.90%. The resulting evidence category is No Retrieved Failure Evidence. This is historical statistical evidence, not proof of a physical failure mechanism."
WF-001117,0,Pass,Engineering Review,0.0539520871203171,0.3499027239361749,0.6500972760638251,0.48443735035913804,10,0,10,0.0,0.0,0.0,0.2775401687666166,0.18221564806350718,0.3670961195781827,0.08500027016131544,,0.18221564806350718,Very Weak,No Retrieved Failure Evidence,sensor_489,"sensor_104, sensor_511, sensor_060, sensor_206, sensor_432","The 10 nearest development records contained 0 observed failures. The similarity-weighted historical failure rate was 0.00%, and the mean analytical similarity score was 18.22%. The resulting evidence category is No Retrieved Failure Evidence. This is historical statistical evidence, not proof of a physical failure mechanism."
WF-000384,0,Pass,High Risk,0.1083175541615425,0.1667206151448141,0.8332793848551858,0.3112529928172386,10,0,10,0.0,0.0,0.0,0.2775401687666166,0.32263926724094893,0.7349623327626175,0.17492881860532458,,0.32263926724094893,Weak,No Retrieved Failure Evidence,"sensor_153, sensor_017, sensor_034, sensor_426, sensor_288","sensor_060, sensor_104, sensor_574, sensor_485","The 10 nearest development records contained 0 observed failures. The similarity-weighted historical failure rate was 0.00%, and the mean analytical similarity score was 32.26%. The resulting evidence category is No Retrieved Failure Evidence. This is historical statistical evidence, not proof of a physical failure mechanism."
WF-001034,0,Pass,Engineering Review,0.0771235202510167,0.1942849021049894,0.8057150978950106,0.08060654429369518,10,1,9,0.1,0.07689682300233246,0.01787574951572113,0.4041563854975721,0.29731518950715335,0.3791236837487289,0.228625935034365,0.228625935034365,0.3049473288930187,Weak,Limited Failure Evidence,"sensor_349, sensor_082","sensor_104, sensor_060, sensor_511, sensor_130, sensor_206","The 10 nearest development records contained 1 observed failures. The similarity-weighted historical failure rate was 7.69%, and the mean analytical similarity score was 29.73%. The resulting evidence category is Limited Failure Evidence. This is historical statistical evidence, not proof of a physical failure mechanism."
WF-000171,0,Pass,High Risk,0.2453715147057599,0.1805531186984122,0.8194468813015878,0.22505985634477255,10,2,8,0.2,0.07421954066000092,0.056680947980693314,0.5098431532792765,0.06095886138721872,0.21073107543180836,0.008446784175082342,0.0226216934565802,0.07054315336987835,Very Weak,Limited Failure Evidence,"sensor_104, sensor_511, sensor_060, sensor_206, sensor_520",sensor_378,"The 10 nearest development records contained 2 observed failures. The similarity-weighted historical failure rate was 7.42%, and the mean analytical similarity score was 6.10%. The resulting evidence category is Limited Failure Evidence. This is historical statistical evidence, not proof of a physical failure mechanism."
WF-001368,0,Pass,Engineering Review,0.0473835448352099,0.3658752771980759,0.6341247228019241,0.363926576217079,10,0,10,0.0,0.0,0.0,0.2775401687666166,0.7264804552359385,0.9042230461307152,0.5679803949272644,,0.7264804552359385,Strong,No Retrieved Failure Evidence,sensor_001,"sensor_104, sensor_126, sensor_511, sensor_206, sensor_015","The 10 nearest development records contained 0 observed failures. The similarity-weighted historical failure rate was 0.00%, and the mean analytical similarity score was 72.65%. The resulting evidence category is No Retrieved Failure Evidence. This is historical statistical evidence, not proof of a physical failure mechanism."
WF-000888,0,Pass,Low Risk,0.0231805995380912,0.4401252905186626,0.5598747094813373,0.6376695929768557,10,0,10,0.0,0.0,0.0,0.2775401687666166,0.4761589855286378,0.7855441915127974,0.261692519000542,,0.4761589855286378,Moderate,No Retrieved Failure Evidence,nan,"sensor_214, sensor_104, sensor_034, sensor_131, sensor_352","The 10 nearest development records contained 0 observed failures. The similarity-weighted historical failure rate was 0.00%, and the mean analytical similarity score was 47.62%. The resulting evidence category is No Retrieved Failure Evidence. This is historical statistical evidence, not proof of a physical failure mechanism."
WF-001074,0,Pass,Low Risk,0.0255857049947101,0.4411518393451659,0.5588481606548341,0.6081404628890663,10,0,10,0.0,0.0,0.0,0.2775401687666166,0.7305689436523781,0.9121451463686171,0.5492433958336123,,0.7305689436523781,Strong,No Retrieved Failure Evidence,nan,"sensor_104, sensor_214, sensor_060, sensor_206, sensor_352","The 10 nearest development records contained 0 observed failures. The similarity-weighted historical failure rate was 0.00%, and the mean analytical similarity score was 73.06%. The resulting evidence category is No Retrieved Failure Evidence. This is historical statistical evidence, not proof of a physical failure mechanism."
WF-001566,0,Pass,Low Risk,0.0237743521976791,0.4466011426500669,0.5533988573499331,0.7470071827613727,10,2,8,0.2,0.17767284432381766,0.056680947980693314,0.5098431532792765,0.5408933773582014,0.7609934254839433,0.42579374967984446,0.48051032415573836,0.5559891406588172,Moderate,Limited Failure Evidence,"sensor_511, sensor_034","sensor_131, sensor_201, sensor_126, sensor_181, sensor_432","The 10 nearest development records contained 2 observed failures. The similarity-weighted historical failure rate was 17.77%, and the mean analytical similarity score was 54.09%. The resulting evidence category is Limited Failure Evidence. This is historical statistical evidence, not proof of a physical failure mechanism."
WF-000217,0,Pass,High Risk,0.1679896899796958,0.2462030909003967,0.7537969090996033,0.6065442936951317,10,2,8,0.2,0.16623385451202033,0.056680947980693314,0.5098431532792765,0.20328975325947202,0.3222221899695933,0.10688522389978646,0.1689681963355979,0.21187014249044056,Weak,Limited Failure Evidence,"sensor_104, sensor_060, sensor_034, sensor_478, sensor_206","sensor_032, sensor_511, sensor_564, sensor_317","The 10 nearest development records contained 2 observed failures. The similarity-weighted historical failure rate was 16.62%, and the mean analytical similarity score was 20.33%. The resulting evidence category is Limited Failure Evidence. This is historical statistical evidence, not proof of a physical failure mechanism."
WF-001185,0,Pass,Low Risk,0.0313558480806723,0.4581440231495723,0.5418559768504276,0.8523543495610535,10,0,10,0.0,0.0,0.0,0.2775401687666166,0.32791904156745844,0.6602788395000021,0.18832763215664566,,0.32791904156745844,Weak,No Retrieved Failure Evidence,"sensor_065, sensor_066, sensor_015, sensor_489","sensor_104, sensor_520, sensor_060, sensor_248, sensor_511","The 10 nearest development records contained 0 observed failures. The similarity-weighted historical failure rate was 0.00%, and the mean analytical similarity score was 32.79%. The resulting evidence category is No Retrieved Failure Evidence. This is historical statistical evidence, not proof of a physical failure mechanism."
WF-000002,0,Pass,Engineering Review,0.0622417162205708,0.2844558465860414,0.7155441534139586,0.26097366320830007,10,0,10,0.0,0.0,0.0,0.2775401687666166,0.3093631472756547,0.6390878769827829,0.11640614504228916,,0.3093631472756547,Weak,No Retrieved Failure Evidence,"sensor_104, sensor_511, sensor_039, sensor_034, sensor_103","sensor_060, sensor_432, sensor_201, sensor_480, sensor_469","The 10 nearest development records contained 0 observed failures. The similarity-weighted historical failure rate was 0.00%, and the mean analytical similarity score was 30.94%. The resulting evidence category is No Retrieved Failure Evidence. This is historical statistical evidence, not proof of a physical failure mechanism."
WF-001151,0,Pass,Low Risk,0.0184493647110867,0.3692702494923044,0.6307297505076955,0.2537909018355946,10,0,10,0.0,0.0,0.0,0.2775401687666166,0.5327989849916575,0.6897917079533702,0.411728859891174,,0.5327989849916575,Moderate,No Retrieved Failure Evidence,sensor_489,"sensor_034, sensor_104, sensor_060, sensor_130, sensor_511","The 10 nearest development records contained 0 observed failures. The similarity-weighted historical failure rate was 0.00%, and the mean analytical similarity score was 53.28%. The resulting evidence category is No Retrieved Failure Evidence. This is historical statistical evidence, not proof of a physical failure mechanism."
WF-000583,0,Pass,Engineering Review,0.0595071627983476,0.3037015086198505,0.6962984913801494,0.30965682362330404,10,1,9,0.1,0.059844666034459426,0.01787574951572113,0.4041563854975721,0.37925593156619447,0.8406942278772312,0.21128184482940188,0.22696444566166707,0.3961772077778086,Moderate,Limited Failure Evidence,"sensor_421, sensor_103","sensor_104, sensor_248, sensor_060, sensor_206, sensor_520","The 10 nearest development records contained 1 observed failures. The similarity-weighted historical failure rate was 5.98%, and the mean analytical similarity score was 37.93%. The resulting evidence category is Limited Failure Evidence. This is historical statistical evidence, not proof of a physical failure mechanism."
WF-001192,0,Pass,High Risk,0.0988537527957076,0.3089427468217092,0.6910572531782908,0.6528332003192339,10,0,10,0.0,0.0,0.0,0.2775401687666166,0.49795224491544543,0.8961180706446585,0.25006524512275874,,0.49795224491544543,Moderate,No Retrieved Failure Evidence,"sensor_282, sensor_082, sensor_060","sensor_104, sensor_478, sensor_520, sensor_206, sensor_342","The 10 nearest development records contained 0 observed failures. The similarity-weighted historical failure rate was 0.00%, and the mean analytical similarity score was 49.80%. The resulting evidence category is No Retrieved Failure Evidence. This is historical statistical evidence, not proof of a physical failure mechanism."
WF-001399,0,Pass,Engineering Review,0.0508143739127773,0.3396815587581951,0.6603184412418048,0.29289704708699127,10,2,8,0.2,0.1907540357721301,0.056680947980693314,0.5098431532792765,0.5813724215862444,0.7540415133837571,0.3929550062867803,0.5544956785209618,0.588091607352565,Strong,Limited Failure Evidence,"sensor_065, sensor_001","sensor_104, sensor_060, sensor_317, sensor_453, sensor_181","The 10 nearest development records contained 2 observed failures. The similarity-weighted historical failure rate was 19.08%, and the mean analytical similarity score was 58.14%. The resulting evidence category is Limited Failure Evidence. This is historical statistical evidence, not proof of a physical failure mechanism."
WF-000877,0,Pass,Low Risk,0.0347794256432422,0.250089518194109,0.749910481805891,0.26177174780526735,10,1,9,0.1,0.07573025799495106,0.01787574951572113,0.4041563854975721,0.3800594562628383,0.8290150466960677,0.17363582175695647,0.28782000676205566,0.3903082839851476,Moderate,Limited Failure Evidence,nan,"sensor_104, sensor_214, sensor_520, sensor_248, sensor_352","The 10 nearest development records contained 1 observed failures. The similarity-weighted historical failure rate was 7.57%, and the mean analytical similarity score was 38.01%. The resulting evidence category is Limited Failure Evidence. This is historical statistical evidence, not proof of a physical failure mechanism."
WF-000957,0,Pass,Low Risk,0.0297655372257082,0.3309649652413883,0.6690350347586117,0.04628890662410201,10,1,9,0.1,0.11200656877726083,0.01787574951572113,0.4041563854975721,0.4666789293195609,0.9069351495811355,0.3028017312664318,0.5227110559372984,0.4604531374731455,Moderate,Limited Failure Evidence,sensor_434,"sensor_104, sensor_214, sensor_060, sensor_352, sensor_130","The 10 nearest development records contained 1 observed failures. The similarity-weighted historical failure rate was 11.20%, and the mean analytical similarity score was 46.67%. The resulting evidence category is Limited Failure Evidence. This is historical statistical evidence, not proof of a physical failure mechanism."
WF-001376,0,Pass,Engineering Review,0.0494496445804721,0.4499977177780502,0.5500022822219497,0.8523543495610535,10,2,8,0.2,0.21475278420184676,0.056680947980693314,0.5098431532792765,0.6000928981850414,0.7827605728414349,0.44454736469205974,0.644358103324965,0.5890265969000605,Strong,Limited Failure Evidence,"sensor_104, sensor_489","sensor_060, sensor_126, sensor_548, sensor_206, sensor_201","The 10 nearest development records contained 2 observed failures. The similarity-weighted historical failure rate was 21.48%, and the mean analytical similarity score was 60.01%. The resulting evidence category is Limited Failure Evidence. This is historical statistical evidence, not proof of a physical failure mechanism."
WF-000713,0,Pass,Low Risk,0.017998145378469,0.4262656180604821,0.5737343819395179,0.8236233040702314,10,1,9,0.1,0.02201105315878782,0.01787574951572113,0.4041563854975721,0.2615981596001197,0.7057539707973695,0.035550455159297174,0.05758050997199294,0.2842667873365782,Weak,Limited Failure Evidence,nan,"sensor_034, sensor_032, sensor_104, sensor_317, sensor_060","The 10 nearest development records contained 1 observed failures. The similarity-weighted historical failure rate was 2.20%, and the mean analytical similarity score was 26.16%. The resulting evidence category is Limited Failure Evidence. This is historical statistical evidence, not proof of a physical failure mechanism."
WF-000232,1,Fail,Engineering Review,0.0524209766877405,0.2943467490014416,0.7056532509985585,0.8523543495610535,10,1,9,0.1,0.08887096797953305,0.01787574951572113,0.4041563854975721,0.3314119215835799,0.4461689864153344,0.21375208405537172,0.29452898271089845,0.33551002590276663,Weak,Limited Failure Evidence,"sensor_153, sensor_206, sensor_034","sensor_104, sensor_564, sensor_060, sensor_184, sensor_578","The 10 nearest development records contained 1 observed failures. The similarity-weighted historical failure rate was 8.89%, and the mean analytical similarity score was 33.14%. The resulting evidence category is Limited Failure Evidence. This is historical statistical evidence, not proof of a physical failure mechanism."
WF-000570,0,Pass,Engineering Review,0.0470217662582769,0.3137165186043498,0.6862834813956502,0.5163607342378291,10,0,10,0.0,0.0,0.0,0.2775401687666166,0.2089014926956073,0.7337324225250933,0.02329639407679723,,0.2089014926956073,Weak,No Retrieved Failure Evidence,"sensor_015, sensor_082, sensor_011","sensor_032, sensor_104, sensor_065, sensor_282, sensor_022","The 10 nearest development records contained 0 observed failures. The similarity-weighted historical failure rate was 0.00%, and the mean analytical similarity score was 20.89%. The resulting evidence category is No Retrieved Failure Evidence. This is historical statistical evidence, not proof of a physical failure mechanism."
WF-001220,0,Pass,Engineering Review,0.0594824044989312,0.300184120962805,0.699815879037195,0.5945730247406225,10,0,10,0.0,0.0,0.0,0.2775401687666166,0.3456690616549456,0.7255318757548758,0.17829495745762977,,0.3456690616549456,Weak,No Retrieved Failure Evidence,"sensor_153, sensor_520, sensor_386, sensor_426","sensor_104, sensor_060, sensor_389, sensor_206, sensor_130","The 10 nearest development records contained 0 observed failures. The similarity-weighted historical failure rate was 0.00%, and the mean analytical similarity score was 34.57%. The resulting evidence category is No Retrieved Failure Evidence. This is historical statistical evidence, not proof of a physical failure mechanism."
WF-000869,0,Pass,Engineering Review,0.039247380070933,0.3751624804549761,0.6248375195450239,0.6145251396648045,10,1,9,0.1,0.0876945512198195,0.01787574951572113,0.4041563854975721,0.5657747875251861,0.9308690091402679,0.4297199891968835,0.4961536608350993,0.5735104682685291,Strong,Limited Failure Evidence,sensor_153,"sensor_131, sensor_104, sensor_060, sensor_520, sensor_248","The 10 nearest development records contained 1 observed failures. The similarity-weighted historical failure rate was 8.77%, and the mean analytical similarity score was 56.58%. The resulting evidence category is Limited Failure Evidence. This is historical statistical evidence, not proof of a physical failure mechanism."
WF-000770,0,Pass,High Risk,0.0823713437739898,0.2447612854295981,0.7552387145704018,0.1276935355147646,10,0,10,0.0,0.0,0.0,0.2775401687666166,0.021845202169790922,0.06521726956302656,0.0006701086283434914,,0.021845202169790922,Very Weak,No Retrieved Failure Evidence,"sensor_104, sensor_511, sensor_342, sensor_432","sensor_214, sensor_352, sensor_548, sensor_281, sensor_424","The 10 nearest development records contained 0 observed failures. The similarity-weighted historical failure rate was 0.00%, and the mean analytical similarity score was 2.18%. The resulting evidence category is No Retrieved Failure Evidence. This is historical statistical evidence, not proof of a physical failure mechanism."
WF-001255,1,Fail,High Risk,0.1017632844266154,0.3108319113952568,0.6891680886047432,0.24102154828411815,10,1,9,0.1,0.048249397600124005,0.01787574951572113,0.4041563854975721,0.23982510528690204,0.8221797918215025,0.08985244982426566,0.11571416859479339,0.25361520936380305,Weak,Limited Failure Evidence,"sensor_133, sensor_489, sensor_512","sensor_520, sensor_104, sensor_511, sensor_478, sensor_248","The 10 nearest development records contained 1 observed failures. The similarity-weighted historical failure rate was 4.82%, and the mean analytical similarity score was 23.98%. The resulting evidence category is Limited Failure Evidence. This is historical statistical evidence, not proof of a physical failure mechanism."
WF-000659,0,Pass,Low Risk,0.0342839994440544,0.3777420476457422,0.6222579523542577,0.8731045490822028,10,0,10,0.0,0.0,0.0,0.2775401687666166,0.5946793106124477,0.7601504371783333,0.48355231076289346,,0.5946793106124477,Strong,No Retrieved Failure Evidence,"sensor_424, sensor_489","sensor_104, sensor_032, sensor_060, sensor_059, sensor_470","The 10 nearest development records contained 0 observed failures. The similarity-weighted historical failure rate was 0.00%, and the mean analytical similarity score was 59.47%. The resulting evidence category is No Retrieved Failure Evidence. This is historical statistical evidence, not proof of a physical failure mechanism."
WF-001190,1,Fail,Low Risk,0.0269371623680153,0.3997627210835821,0.6002372789164179,0.4277733439744613,10,0,10,0.0,0.0,0.0,0.2775401687666166,0.22917139123996857,0.5154902909798089,0.09099430448342695,,0.22917139123996857,Weak,No Retrieved Failure Evidence,"sensor_424, sensor_153","sensor_034, sensor_214, sensor_104, sensor_520, sensor_352","The 10 nearest development records contained 0 observed failures. The similarity-weighted historical failure rate was 0.00%, and the mean analytical similarity score was 22.92%. The resulting evidence category is No Retrieved Failure Evidence. This is historical statistical evidence, not proof of a physical failure mechanism."
WF-000867,0,Pass,High Risk,0.1070555208950244,0.215814628663556,0.784185371336444,0.17637669592976857,10,0,10,0.0,0.0,0.0,0.2775401687666166,0.40117620988175534,0.6123969605962727,0.16858226114531077,,0.40117620988175534,Moderate,No Retrieved Failure Evidence,"sensor_060, sensor_153, sensor_288, sensor_034, sensor_068","sensor_104, sensor_511, sensor_478, sensor_253","The 10 nearest development records contained 0 observed failures. The similarity-weighted historical failure rate was 0.00%, and the mean analytical similarity score was 40.12%. The resulting evidence category is No Retrieved Failure Evidence. This is historical statistical evidence, not proof of a physical failure mechanism."
WF-001050,0,Pass,Engineering Review,0.041453372249273,0.4163713865103184,0.5836286134896815,0.7964884277733439,10,2,8,0.2,0.11028751002618814,0.056680947980693314,0.5098431532792765,0.42190621960123503,0.6793028834204194,0.20340328313916584,0.2326549321219117,0.4692190414710658,Moderate,Limited Failure Evidence,sensor_342,"sensor_104, sensor_214, sensor_352, sensor_060, sensor_432","The 10 nearest development records contained 2 observed failures. The similarity-weighted historical failure rate was 11.03%, and the mean analytical similarity score was 42.19%. The resulting evidence category is Limited Failure Evidence. This is historical statistical evidence, not proof of a physical failure mechanism."
WF-000940,0,Pass,Low Risk,0.0319485248093627,0.3872302017918184,0.6127697982081817,0.3966480446927374,10,3,7,0.3,0.2669245019453143,0.10778928748621183,0.6032267800204347,0.6427769116600215,0.8788427406407118,0.4861045307691189,0.5719096900226618,0.6731485780760327,Strong,Moderate Failure Evidence,"sensor_511, sensor_386","sensor_131, sensor_104, sensor_214, sensor_352, sensor_130","The 10 nearest development records contained 3 observed failures. The similarity-weighted historical failure rate was 26.69%, and the mean analytical similarity score was 64.28%. The resulting evidence category is Moderate Failure Evidence. This is historical statistical evidence, not proof of a physical failure mechanism."
WF-000536,0,Pass,Engineering Review,0.0625372168080231,0.4111796620541439,0.5888203379458561,0.9664804469273743,10,0,10,0.0,0.0,0.0,0.2775401687666166,0.3468951728090185,0.4774279675213272,0.2644680992868173,,0.3468951728090185,Weak,No Retrieved Failure Evidence,"sensor_478, sensor_206, sensor_342, sensor_432","sensor_104, sensor_248, sensor_520, sensor_352, sensor_214","The 10 nearest development records contained 0 observed failures. The similarity-weighted historical failure rate was 0.00%, and the mean analytical similarity score was 34.69%. The resulting evidence category is No Retrieved Failure Evidence. This is historical statistical evidence, not proof of a physical failure mechanism."
WF-000546,0,Pass,Engineering Review,0.0387746331375065,0.3485351562965452,0.6514648437034548,0.27853152434158024,10,1,9,0.1,0.08182098675681918,0.01787574951572113,0.4041563854975721,0.6066752999105252,0.8092747708917933,0.4963877167966838,0.4963877167966838,0.6189294758120631,Strong,Limited Failure Evidence,sensor_317,"sensor_032, sensor_104, sensor_034, sensor_060, sensor_352","The 10 nearest development records contained 1 observed failures. The similarity-weighted historical failure rate was 8.18%, and the mean analytical similarity score was 60.67%. The resulting evidence category is Limited Failure Evidence. This is historical statistical evidence, not proof of a physical failure mechanism."
WF-000628,0,Pass,Engineering Review,0.0463148261190744,0.3493846219653509,0.6506153780346491,0.699122106943336,10,1,9,0.1,0.12333005076547705,0.01787574951572113,0.4041563854975721,0.5267021037984931,0.6495819719975172,0.3852616278884894,0.6495819719975172,0.5130487851097126,Moderate,Limited Failure Evidence,"sensor_153, sensor_426, sensor_511, sensor_589, sensor_103","sensor_060, sensor_432, sensor_461, sensor_065, sensor_342","The 10 nearest development records contained 1 observed failures. The similarity-weighted historical failure rate was 12.33%, and the mean analytical similarity score was 52.67%. The resulting evidence category is Limited Failure Evidence. This is historical statistical evidence, not proof of a physical failure mechanism."
WF-000019,0,Pass,High Risk,0.0933540879499722,0.2587157052241994,0.7412842947758005,0.5482841181165203,10,0,10,0.0,0.0,0.0,0.2775401687666166,0.6668334465895431,0.9611754527995798,0.4593080430820545,,0.6668334465895431,Strong,No Retrieved Failure Evidence,"sensor_104, sensor_511","sensor_060, sensor_181, sensor_317, sensor_478, sensor_206","The 10 nearest development records contained 0 observed failures. The similarity-weighted historical failure rate was 0.00%, and the mean analytical similarity score was 66.68%. The resulting evidence category is No Retrieved Failure Evidence. This is historical statistical evidence, not proof of a physical failure mechanism."
WF-000239,1,Fail,High Risk,0.3250012272911497,0.3127861614453524,0.6872138385546476,0.7494014365522745,10,3,7,0.3,0.3234383566391242,0.10778928748621183,0.6032267800204347,0.5597010819937102,0.8288650040951644,0.42639586445968114,0.6034293272306176,0.5409604054636069,Strong,Moderate Failure Evidence,"sensor_104, sensor_060, sensor_478, sensor_065, sensor_066",sensor_032,"The 10 nearest development records contained 3 observed failures. The similarity-weighted historical failure rate was 32.34%, and the mean analytical similarity score was 55.97%. The resulting evidence category is Moderate Failure Evidence. This is historical statistical evidence, not proof of a physical failure mechanism."
WF-001352,0,Pass,Low Risk,0.0243545580369474,0.3882031531772644,0.6117968468227356,0.3974461292897047,10,0,10,0.0,0.0,0.0,0.2775401687666166,0.5684994107653397,0.9525887306420593,0.3462033359860257,,0.5684994107653397,Strong,No Retrieved Failure Evidence,sensor_130,"sensor_034, sensor_104, sensor_060, sensor_029, sensor_478","The 10 nearest development records contained 0 observed failures. The similarity-weighted historical failure rate was 0.00%, and the mean analytical similarity score was 56.85%. The resulting evidence category is No Retrieved Failure Evidence. This is historical statistical evidence, not proof of a physical failure mechanism."
WF-001246,0,Pass,Engineering Review,0.0496106000647048,0.3163996863058949,0.6836003136941051,0.09018355945730239,10,1,9,0.1,0.07245049042462219,0.01787574951572113,0.4041563854975721,0.35065190692936726,0.8831428589094363,0.20737880921145704,0.25404902625361636,0.3613855603377841,Moderate,Limited Failure Evidence,"sensor_476, sensor_015","sensor_104, sensor_520, sensor_248, sensor_511, sensor_282","The 10 nearest development records contained 1 observed failures. The similarity-weighted historical failure rate was 7.25%, and the mean analytical similarity score was 35.07%. The resulting evidence category is Limited Failure Evidence. This is historical statistical evidence, not proof of a physical failure mechanism."
WF-001553,0,Pass,Engineering Review,0.0589889272315011,0.3031095555369578,0.6968904444630422,0.07661612130885875,10,2,8,0.2,0.1892268546715685,0.056680947980693314,0.5098431532792765,0.376018563759346,0.7117416467366768,0.2013492084392266,0.3557640505915084,0.38108219205130534,Moderate,Limited Failure Evidence,"sensor_424, sensor_476, sensor_153","sensor_034, sensor_032, sensor_104, sensor_181, sensor_432","The 10 nearest development records contained 2 observed failures. The similarity-weighted historical failure rate was 18.92%, and the mean analytical similarity score was 37.60%. The resulting evidence category is Limited Failure Evidence. This is historical statistical evidence, not proof of a physical failure mechanism."
WF-001432,0,Pass,Engineering Review,0.0381043993429214,0.4499336147056944,0.5500663852943055,0.7414205905826018,10,1,9,0.1,0.04455422237311734,0.01787574951572113,0.4041563854975721,0.4811321489236639,0.8404256378806537,0.18473837320270312,0.21436468754000731,0.5107729779662925,Moderate,Limited Failure Evidence,"sensor_489, sensor_034, sensor_065","sensor_104, sensor_060, sensor_317, sensor_122, sensor_125","The 10 nearest development records contained 1 observed failures. The similarity-weighted historical failure rate was 4.46%, and the mean analytical similarity score was 48.11%. The resulting evidence category is Limited Failure Evidence. This is historical statistical evidence, not proof of a physical failure mechanism."
WF-000699,0,Pass,Engineering Review,0.047695357261218,0.2614421896775487,0.7385578103224513,0.13567438148443733,10,1,9,0.1,0.07819481687720445,0.01787574951572113,0.4041563854975721,0.2970913630542117,0.6609724449651172,0.15048145296531704,0.23231004729823143,0.30428928702709834,Weak,Limited Failure Evidence,sensor_424,"sensor_104, sensor_248, sensor_520, sensor_201, sensor_181","The 10 nearest development records contained 1 observed failures. The similarity-weighted historical failure rate was 7.82%, and the mean analytical similarity score was 29.71%. The resulting evidence category is Limited Failure Evidence. This is historical statistical evidence, not proof of a physical failure mechanism."
WF-000026,0,Pass,High Risk,0.1022168043439557,0.1531403631459027,0.8468596368540973,0.027932960893854775,10,1,9,0.1,0.08112497084457224,0.01787574951572113,0.4041563854975721,0.18780899006790114,0.3841596412489136,0.12175044168319452,0.15235998843607038,0.19174776802699345,Very Weak,Limited Failure Evidence,sensor_104,"sensor_214, sensor_352, sensor_282, sensor_147, sensor_470","The 10 nearest development records contained 1 observed failures. The similarity-weighted historical failure rate was 8.11%, and the mean analytical similarity score was 18.78%. The resulting evidence category is Limited Failure Evidence. This is historical statistical evidence, not proof of a physical failure mechanism."
WF-001378,0,Pass,Engineering Review,0.0420455109646044,0.4464688315967339,0.5535311684032661,0.7541899441340782,10,0,10,0.0,0.0,0.0,0.2775401687666166,0.5513770324967262,0.6393105053212813,0.4441015579404141,,0.5513770324967262,Strong,No Retrieved Failure Evidence,"sensor_060, sensor_424, sensor_206","sensor_104, sensor_520, sensor_131, sensor_248, sensor_029","The 10 nearest development records contained 0 observed failures. The similarity-weighted historical failure rate was 0.00%, and the mean analytical similarity score was 55.14%. The resulting evidence category is No Retrieved Failure Evidence. This is historical statistical evidence, not proof of a physical failure mechanism."
WF-000631,0,Pass,Engineering Review,0.0671575177307038,0.3225573472489067,0.6774426527510933,0.6145251396648045,10,0,10,0.0,0.0,0.0,0.2775401687666166,0.1408899585137831,0.3276210082710524,0.05947755408497061,,0.1408899585137831,Very Weak,No Retrieved Failure Evidence,"sensor_104, sensor_064, sensor_153","sensor_060, sensor_342, sensor_478, sensor_206, sensor_282","The 10 nearest development records contained 0 observed failures. The similarity-weighted historical failure rate was 0.00%, and the mean analytical similarity score was 14.09%. The resulting evidence category is No Retrieved Failure Evidence. This is historical statistical evidence, not proof of a physical failure mechanism."
WF-001238,0,Pass,Engineering Review,0.0471455622287035,0.3243291841309585,0.6756708158690414,0.300877893056664,10,1,9,0.1,0.07096044900067208,0.01787574951572113,0.4041563854975721,0.5460837429330141,0.8956379235188718,0.3875034759049427,0.3875034759049427,0.5637037726027998,Moderate,Limited Failure Evidence,"sensor_104, sensor_181","sensor_214, sensor_060, sensor_352, sensor_342, sensor_578","The 10 nearest development records contained 1 observed failures. The similarity-weighted historical failure rate was 7.10%, and the mean analytical similarity score was 54.61%. The resulting evidence category is Limited Failure Evidence. This is historical statistical evidence, not proof of a physical failure mechanism."
WF-000443,0,Pass,Engineering Review,0.070261084641459,0.402114278364885,0.597885721635115,0.7924980047885076,10,0,10,0.0,0.0,0.0,0.2775401687666166,0.17531689516627727,0.39133136013094494,0.0724691526538979,,0.17531689516627727,Very Weak,No Retrieved Failure Evidence,"sensor_065, sensor_206, sensor_317","sensor_248, sensor_104, sensor_060, sensor_520, sensor_201","The 10 nearest development records contained 0 observed failures. The similarity-weighted historical failure rate was 0.00%, and the mean analytical similarity score was 17.53%. The resulting evidence category is No Retrieved Failure Evidence. This is historical statistical evidence, not proof of a physical failure mechanism."
WF-000838,0,Pass,Low Risk,0.0318797060998321,0.3823936801169719,0.6176063198830282,0.3216280925778132,10,0,10,0.0,0.0,0.0,0.2775401687666166,0.5374251483468528,0.7622212860639702,0.29097113920571377,,0.5374251483468528,Moderate,No Retrieved Failure Evidence,nan,"sensor_034, sensor_104, sensor_511, sensor_564, sensor_029","The 10 nearest development records contained 0 observed failures. The similarity-weighted historical failure rate was 0.00%, and the mean analytical similarity score was 53.74%. The resulting evidence category is No Retrieved Failure Evidence. This is historical statistical evidence, not proof of a physical failure mechanism."
WF-000451,0,Pass,Engineering Review,0.0596931069656709,0.2890750365647135,0.7109249634352865,0.1580207501995211,10,0,10,0.0,0.0,0.0,0.2775401687666166,0.12469991317714946,0.2345072053459323,0.05391617242990029,,0.12469991317714946,Very Weak,No Retrieved Failure Evidence,"sensor_065, sensor_034","sensor_032, sensor_104, sensor_060, sensor_201, sensor_281","The 10 nearest development records contained 0 observed failures. The similarity-weighted historical failure rate was 0.00%, and the mean analytical similarity score was 12.47%. The resulting evidence category is No Retrieved Failure Evidence. This is historical statistical evidence, not proof of a physical failure mechanism."
WF-000755,0,Pass,Engineering Review,0.0584131867245203,0.3475692382613476,0.6524307617386524,0.36711891460494817,10,0,10,0.0,0.0,0.0,0.2775401687666166,0.00506865723195885,0.04326057738929107,1.4007865568845787e-05,,0.00506865723195885,Very Weak,No Retrieved Failure Evidence,"sensor_478, sensor_342, sensor_511, sensor_206, sensor_034","sensor_104, sensor_060, sensor_480, sensor_389","The 10 nearest development records contained 0 observed failures. The similarity-weighted historical failure rate was 0.00%, and the mean analytical similarity score was 0.51%. The resulting evidence category is No Retrieved Failure Evidence. This is historical statistical evidence, not proof of a physical failure mechanism."
WF-000131,0,Pass,High Risk,0.104469726751709,0.1516262019641405,0.8483737980358594,0.06943335993615318,10,3,7,0.3,0.364657558466445,0.10778928748621183,0.6032267800204347,0.42645332741920655,0.7729634677032321,0.23895535664350756,0.5183647639219311,0.3870627117751818,Moderate,Moderate Failure Evidence,"sensor_104, sensor_060, sensor_511, sensor_386, sensor_520","sensor_478, sensor_206, sensor_480, sensor_548, sensor_201","The 10 nearest development records contained 3 observed failures. The similarity-weighted historical failure rate was 36.47%, and the mean analytical similarity score was 42.65%. The resulting evidence category is Moderate Failure Evidence. This is historical statistical evidence, not proof of a physical failure mechanism."
WF-000400,0,Pass,Engineering Review,0.049321172754477,0.3003273569901249,0.699672643009875,0.169193934557063,10,1,9,0.1,0.16313267503793924,0.01787574951572113,0.4041563854975721,0.48295880974734884,0.7878636256722418,0.3699918118990277,0.7878636256722418,0.4490804968668052,Moderate,Limited Failure Evidence,"sensor_104, sensor_511, sensor_034","sensor_032, sensor_131, sensor_201, sensor_281, sensor_022","The 10 nearest development records contained 1 observed failures. The similarity-weighted historical failure rate was 16.31%, and the mean analytical similarity score was 48.30%. The resulting evidence category is Limited Failure Evidence. This is historical statistical evidence, not proof of a physical failure mechanism."
WF-000150,0,Pass,High Risk,0.1112806630063405,0.158852601728333,0.841147398271667,0.1476456504389465,10,2,8,0.2,0.11561905351841219,0.056680947980693314,0.5098431532792765,0.19416147103909026,0.38053147417132654,0.06623788254914006,0.11224382755641107,0.21464088190976005,Very Weak,Limited Failure Evidence,"sensor_104, sensor_065, sensor_015, sensor_066, sensor_489","sensor_201, sensor_060, sensor_470, sensor_184","The 10 nearest development records contained 2 observed failures. The similarity-weighted historical failure rate was 11.56%, and the mean analytical similarity score was 19.42%. The resulting evidence category is Limited Failure Evidence. This is historical statistical evidence, not proof of a physical failure mechanism."
WF-000819,0,Pass,Low Risk,0.0213473101017144,0.4150483504384761,0.5849516495615239,0.41500399042298486,10,1,9,0.1,0.1389884656329055,0.01787574951572113,0.4041563854975721,0.4698665083020687,0.6530602504119539,0.30300476669056514,0.6530602504119539,0.449511648067637,Moderate,Limited Failure Evidence,"sensor_104, sensor_424, sensor_015","sensor_034, sensor_214, sensor_060, sensor_131, sensor_352","The 10 nearest development records contained 1 observed failures. The similarity-weighted historical failure rate was 13.90%, and the mean analytical similarity score was 46.99%. The resulting evidence category is Limited Failure Evidence. This is historical statistical evidence, not proof of a physical failure mechanism."
WF-000497,0,Pass,Engineering Review,0.0493746711077056,0.3458840093336803,0.6541159906663196,0.9377494014365523,10,0,10,0.0,0.0,0.0,0.2775401687666166,0.5373125635056107,0.8069281105038094,0.3001863130857848,,0.5373125635056107,Moderate,No Retrieved Failure Evidence,"sensor_017, sensor_432","sensor_104, sensor_060, sensor_032, sensor_065, sensor_478","The 10 nearest development records contained 0 observed failures. The similarity-weighted historical failure rate was 0.00%, and the mean analytical similarity score was 53.73%. The resulting evidence category is No Retrieved Failure Evidence. This is historical statistical evidence, not proof of a physical failure mechanism."
WF-000749,0,Pass,Low Risk,0.0194137338011722,0.4919321855345954,0.5080678144654046,0.8858739026336792,10,0,10,0.0,0.0,0.0,0.2775401687666166,0.42195033148965333,0.7850442002182325,0.26445202573038795,,0.42195033148965333,Moderate,No Retrieved Failure Evidence,sensor_034,"sensor_104, sensor_060, sensor_520, sensor_201, sensor_282","The 10 nearest development records contained 0 observed failures. The similarity-weighted historical failure rate was 0.00%, and the mean analytical similarity score was 42.20%. The resulting evidence category is No Retrieved Failure Evidence. This is historical statistical evidence, not proof of a physical failure mechanism."
WF-000894,0,Pass,Engineering Review,0.0517292485570852,0.3664595040198268,0.6335404959801731,0.33599361532322425,10,1,9,0.1,0.1407289805445939,0.01787574951572113,0.4041563854975721,0.5156743855115197,0.7257033056599608,0.4055536554566294,0.7257033056599608,0.4923378388283596,Moderate,Limited Failure Evidence,sensor_153,"sensor_104, sensor_352, sensor_520, sensor_060, sensor_248","The 10 nearest development records contained 1 observed failures. The similarity-weighted historical failure rate was 14.07%, and the mean analytical similarity score was 51.57%. The resulting evidence category is Limited Failure Evidence. This is historical statistical evidence, not proof of a physical failure mechanism."
WF-000913,0,Pass,Engineering Review,0.0440960754815834,0.324533311277672,0.675466688722328,0.8914604948124502,10,1,9,0.1,0.034155356100759114,0.01787574951572113,0.4041563854975721,0.08777480079807005,0.6063408936245536,0.0021279037832412358,0.02997979577931278,0.09419646802237641,Very Weak,Limited Failure Evidence,nan,"sensor_104, sensor_248, sensor_520, sensor_511, sensor_206","The 10 nearest development records contained 1 observed failures. The similarity-weighted historical failure rate was 3.42%, and the mean analytical similarity score was 8.78%. The resulting evidence category is Limited Failure Evidence. This is historical statistical evidence, not proof of a physical failure mechanism."
WF-001163,0,Pass,Engineering Review,0.044955538910332,0.3894017945020204,0.6105982054979795,0.5155626496408621,10,2,8,0.2,0.17935600276128064,0.056680947980693314,0.5098431532792765,0.5771836982775537,0.8838377040026042,0.43579741484510953,0.5176068049101754,0.5920779216193983,Strong,Limited Failure Evidence,"sensor_424, sensor_489, sensor_082","sensor_104, sensor_511, sensor_478, sensor_060, sensor_317","The 10 nearest development records contained 2 observed failures. The similarity-weighted historical failure rate was 17.94%, and the mean analytical similarity score was 57.72%. The resulting evidence category is Limited Failure Evidence. This is historical statistical evidence, not proof of a physical failure mechanism."
WF-000841,0,Pass,Engineering Review,0.036893126597488,0.375241444588917,0.624758555411083,0.7310454908220272,10,0,10,0.0,0.0,0.0,0.2775401687666166,0.30009415062887357,0.5014887429599866,0.21667795335300416,,0.30009415062887357,Weak,No Retrieved Failure Evidence,"sensor_386, sensor_434","sensor_034, sensor_104, sensor_029, sensor_478, sensor_564","The 10 nearest development records contained 0 observed failures. The similarity-weighted historical failure rate was 0.00%, and the mean analytical similarity score was 30.01%. The resulting evidence category is No Retrieved Failure Evidence. This is historical statistical evidence, not proof of a physical failure mechanism."
WF-000708,0,Pass,Engineering Review,0.0473835448352099,0.4056680014932704,0.5943319985067296,0.9704708699122107,10,0,10,0.0,0.0,0.0,0.2775401687666166,0.4765597177985435,0.6239155778705419,0.36516914200257594,,0.4765597177985435,Moderate,No Retrieved Failure Evidence,"sensor_342, sensor_478, sensor_206, sensor_574, sensor_476","sensor_104, sensor_032, sensor_352, sensor_548, sensor_485","The 10 nearest development records contained 0 observed failures. The similarity-weighted historical failure rate was 0.00%, and the mean analytical similarity score was 47.66%. The resulting evidence category is No Retrieved Failure Evidence. This is historical statistical evidence, not proof of a physical failure mechanism."
WF-001135,0,Pass,Engineering Review,0.0434719913235208,0.3151715767917133,0.6848284232082866,0.3064644852354349,10,0,10,0.0,0.0,0.0,0.2775401687666166,0.2816365427987879,0.9159709386813248,0.08417523958897077,,0.2816365427987879,Weak,No Retrieved Failure Evidence,"sensor_489, sensor_434","sensor_104, sensor_126, sensor_060, sensor_206, sensor_424","The 10 nearest development records contained 0 observed failures. The similarity-weighted historical failure rate was 0.00%, and the mean analytical similarity score was 28.16%. The resulting evidence category is No Retrieved Failure Evidence. This is historical statistical evidence, not proof of a physical failure mechanism."
WF-001478,0,Pass,Low Risk,0.0155714199198236,0.4198554310764847,0.5801445689235153,0.169193934557063,10,0,10,0.0,0.0,0.0,0.2775401687666166,0.0046659545217227795,0.04168381400070922,0.00013302338336912588,,0.0046659545217227795,Very Weak,No Retrieved Failure Evidence,"sensor_206, sensor_342, sensor_478, sensor_064","sensor_104, sensor_214, sensor_034, sensor_060, sensor_352","The 10 nearest development records contained 0 observed failures. The similarity-weighted historical failure rate was 0.00%, and the mean analytical similarity score was 0.47%. The resulting evidence category is No Retrieved Failure Evidence. This is historical statistical evidence, not proof of a physical failure mechanism."
WF-000051,1,Fail,High Risk,0.1019898466008417,0.2495287098979795,0.7504712901020205,0.43575418994413406,10,1,9,0.1,0.13567384569671387,0.01787574951572113,0.4041563854975721,0.4532497588677943,0.6758710153260483,0.3463772790861866,0.6149413784670189,0.4352840233567694,Moderate,Limited Failure Evidence,"sensor_060, sensor_424, sensor_034, sensor_015","sensor_104, sensor_578, sensor_036, sensor_478, sensor_308","The 10 nearest development records contained 1 observed failures. The similarity-weighted historical failure rate was 13.57%, and the mean analytical similarity score was 45.32%. The resulting evidence category is Limited Failure Evidence. This is historical statistical evidence, not proof of a physical failure mechanism."
WF-001346,0,Pass,Low Risk,0.0232767682877164,0.4452342098243039,0.554765790175696,0.8076616121308859,10,2,8,0.2,0.21109517116120077,0.056680947980693314,0.5098431532792765,0.5320493742693178,0.7812755214810707,0.3869125380892084,0.561565268637957,0.5246704006771581,Moderate,Limited Failure Evidence,sensor_406,"sensor_034, sensor_104, sensor_029, sensor_317, sensor_181","The 10 nearest development records contained 2 observed failures. The similarity-weighted historical failure rate was 21.11%, and the mean analytical similarity score was 53.20%. The resulting evidence category is Limited Failure Evidence. This is historical statistical evidence, not proof of a physical failure mechanism."
WF-000460,0,Pass,Engineering Review,0.0527357214831558,0.4568567771864261,0.543143222813574,0.9361532322426178,10,1,9,0.1,0.08661688325557455,0.01787574951572113,0.4041563854975721,0.34609691570808787,0.9893156832461056,0.03659848726190053,0.29977836143001874,0.3512434217389845,Weak,Limited Failure Evidence,"sensor_104, sensor_511, sensor_489, sensor_426","sensor_131, sensor_520, sensor_248, sensor_478, sensor_564","The 10 nearest development records contained 1 observed failures. The similarity-weighted historical failure rate was 8.66%, and the mean analytical similarity score was 34.61%. The resulting evidence category is Limited Failure Evidence. This is historical statistical evidence, not proof of a physical failure mechanism."
WF-001317,0,Pass,Low Risk,0.0331280378511453,0.382486646736081,0.617513353263919,0.20830007980845966,10,0,10,0.0,0.0,0.0,0.2775401687666166,0.3328058746852381,0.6646377911915906,0.1993323851532837,,0.3328058746852381,Weak,No Retrieved Failure Evidence,sensor_342,"sensor_104, sensor_317, sensor_181, sensor_511, sensor_453","The 10 nearest development records contained 0 observed failures. The similarity-weighted historical failure rate was 0.00%, and the mean analytical similarity score was 33.28%. The resulting evidence category is No Retrieved Failure Evidence. This is historical statistical evidence, not proof of a physical failure mechanism."
WF-001422,0,Pass,Low Risk,0.0084168674729297,0.4775211550519335,0.5224788449480664,0.7964884277733439,10,1,9,0.1,0.010612584226629139,0.01787574951572113,0.4041563854975721,0.08082873044353903,0.30588791308670926,0.0077478464677377705,0.008578017097635606,0.08885658748197273,Very Weak,Limited Failure Evidence,sensor_103,"sensor_034, sensor_104, sensor_060, sensor_131, sensor_317","The 10 nearest development records contained 1 observed failures. The similarity-weighted historical failure rate was 1.06%, and the mean analytical similarity score was 8.08%. The resulting evidence category is Limited Failure Evidence. This is historical statistical evidence, not proof of a physical failure mechanism."
WF-000572,0,Pass,Engineering Review,0.0683636751133987,0.3445752506569946,0.6554247493430054,0.2745411013567438,10,1,9,0.1,0.0645647255772838,0.01787574951572113,0.4041563854975721,0.41841864533544604,0.617631017849169,0.2218438933507656,0.2701508501250191,0.4348928448032713,Moderate,Limited Failure Evidence,"sensor_520, sensor_386, sensor_206","sensor_104, sensor_131, sensor_432, sensor_282, sensor_147","The 10 nearest development records contained 1 observed failures. The similarity-weighted historical failure rate was 6.46%, and the mean analytical similarity score was 41.84%. The resulting evidence category is Limited Failure Evidence. This is historical statistical evidence, not proof of a physical failure mechanism."
WF-000817,0,Pass,Low Risk,0.0128786301620683,0.4983764598821812,0.5016235401178188,0.7086991221069434,10,3,7,0.3,0.30811487890482697,0.10778928748621183,0.6032267800204347,0.36358062873358066,0.7560407485915807,0.22048101011394752,0.3734153379812935,0.3593657533417037,Moderate,Moderate Failure Evidence,sensor_082,"sensor_034, sensor_104, sensor_214, sensor_520, sensor_060","The 10 nearest development records contained 3 observed failures. The similarity-weighted historical failure rate was 30.81%, and the mean analytical similarity score was 36.36%. The resulting evidence category is Moderate Failure Evidence. This is historical statistical evidence, not proof of a physical failure mechanism."
WF-000796,1,Fail,Engineering Review,0.0361807096397845,0.3687061014499476,0.6312938985500524,0.18834796488427774,10,1,9,0.1,0.16350996223370667,0.01787574951572113,0.4041563854975721,0.3253196438325376,0.5319300267694113,0.20130356516956296,0.5319300267694113,0.30236293461732944,Weak,Limited Failure Evidence,nan,"sensor_104, sensor_352, sensor_214, sensor_029, sensor_060","The 10 nearest development records contained 1 observed failures. The similarity-weighted historical failure rate was 16.35%, and the mean analytical similarity score was 32.53%. The resulting evidence category is Limited Failure Evidence. This is historical statistical evidence, not proof of a physical failure mechanism."
WF-000345,1,Fail,Engineering Review,0.0687648573608557,0.3236884508646427,0.6763115491353573,0.5538707102952913,10,0,10,0.0,0.0,0.0,0.2775401687666166,0.13844799547386577,0.23178094682913405,0.09300232914145624,,0.13844799547386577,Very Weak,No Retrieved Failure Evidence,"sensor_060, sensor_386, sensor_153, sensor_065, sensor_426","sensor_104, sensor_511, sensor_317","The 10 nearest development records contained 0 observed failures. The similarity-weighted historical failure rate was 0.00%, and the mean analytical similarity score was 13.84%. The resulting evidence category is No Retrieved Failure Evidence. This is historical statistical evidence, not proof of a physical failure mechanism."
WF-001095,0,Pass,High Risk,0.0855171138577884,0.2856929953313584,0.7143070046686416,0.11572226656025542,10,0,10,0.0,0.0,0.0,0.2775401687666166,0.4599849933172938,0.6599922679781356,0.33069614557409743,,0.4599849933172938,Moderate,No Retrieved Failure Evidence,"sensor_424, sensor_282","sensor_104, sensor_130, sensor_126, sensor_478, sensor_511","The 10 nearest development records contained 0 observed failures. The similarity-weighted historical failure rate was 0.00%, and the mean analytical similarity score was 46.00%. The resulting evidence category is No Retrieved Failure Evidence. This is historical statistical evidence, not proof of a physical failure mechanism."
WF-001391,0,Pass,Engineering Review,0.0382096282185509,0.377341960226815,0.622658039773185,0.355147645650439,10,0,10,0.0,0.0,0.0,0.2775401687666166,0.01790468396696996,0.07930022505356342,0.002248639292465298,,0.01790468396696996,Very Weak,No Retrieved Failure Evidence,"sensor_104, sensor_034, sensor_126","sensor_317, sensor_201, sensor_511, sensor_564, sensor_478","The 10 nearest development records contained 0 observed failures. The similarity-weighted historical failure rate was 0.00%, and the mean analytical similarity score was 1.79%. The resulting evidence category is No Retrieved Failure Evidence. This is historical statistical evidence, not proof of a physical failure mechanism."
WF-000848,0,Pass,Engineering Review,0.053929152626906,0.4060023660737878,0.5939976339262121,0.8523543495610535,10,0,10,0.0,0.0,0.0,0.2775401687666166,0.38250990205828833,0.6428269374822676,0.2550852366690857,,0.38250990205828833,Moderate,No Retrieved Failure Evidence,sensor_424,"sensor_104, sensor_060, sensor_206, sensor_389, sensor_378","The 10 nearest development records contained 0 observed failures. The similarity-weighted historical failure rate was 0.00%, and the mean analytical similarity score was 38.25%. The resulting evidence category is No Retrieved Failure Evidence. This is historical statistical evidence, not proof of a physical failure mechanism."
WF-000462,0,Pass,Engineering Review,0.056605026107768,0.3211440148833948,0.6788559851166052,0.5059856344772546,10,1,9,0.1,0.0714284304093069,0.01787574951572113,0.4041563854975721,0.0905915250871562,0.2646374861198934,0.022334845012863844,0.06470810445360917,0.09346746071310587,Very Weak,Limited Failure Evidence,"sensor_424, sensor_015, sensor_034","sensor_104, sensor_131, sensor_206, sensor_271, sensor_564","The 10 nearest development records contained 1 observed failures. The similarity-weighted historical failure rate was 7.14%, and the mean analytical similarity score was 9.06%. The resulting evidence category is Limited Failure Evidence. This is historical statistical evidence, not proof of a physical failure mechanism."
WF-001139,0,Pass,Engineering Review,0.0434429060618953,0.3902777776441107,0.6097222223558894,0.5506783719074222,10,1,9,0.1,0.14596481418254856,0.01787574951572113,0.4041563854975721,0.539714813487912,0.8266363335335065,0.39194683738144587,0.7877937246233191,0.5121504900284222,Moderate,Limited Failure Evidence,nan,"sensor_104, sensor_060, sensor_130, sensor_389, sensor_432","The 10 nearest development records contained 1 observed failures. The similarity-weighted historical failure rate was 14.60%, and the mean analytical similarity score was 53.97%. The resulting evidence category is Limited Failure Evidence. This is historical statistical evidence, not proof of a physical failure mechanism."
WF-001005,0,Pass,Low Risk,0.0174044761498418,0.5129151645928662,0.4870848354071337,0.9401436552274542,10,0,10,0.0,0.0,0.0,0.2775401687666166,0.05443821527224304,0.09116501905045687,0.032267129273509845,,0.05443821527224304,Very Weak,No Retrieved Failure Evidence,nan,"sensor_131, sensor_104, sensor_214, sensor_060, sensor_352","The 10 nearest development records contained 0 observed failures. The similarity-weighted historical failure rate was 0.00%, and the mean analytical similarity score was 5.44%. The resulting evidence category is No Retrieved Failure Evidence. This is historical statistical evidence, not proof of a physical failure mechanism."
WF-000675,0,Pass,Low Risk,0.0274244105177695,0.4067563316476548,0.5932436683523452,0.4764565043894653,10,0,10,0.0,0.0,0.0,0.2775401687666166,0.21231441537870316,0.5886864699649098,0.02317530268946192,,0.21231441537870316,Weak,No Retrieved Failure Evidence,"sensor_104, sensor_153","sensor_034, sensor_029, sensor_181, sensor_317, sensor_453","The 10 nearest development records contained 0 observed failures. The similarity-weighted historical failure rate was 0.00%, and the mean analytical similarity score was 21.23%. The resulting evidence category is No Retrieved Failure Evidence. This is historical statistical evidence, not proof of a physical failure mechanism."
WF-001337,0,Pass,Engineering Review,0.0483448180224865,0.3994685001340948,0.6005314998659051,0.7557861133280128,10,1,9,0.1,0.09150273978186525,0.01787574951572113,0.4041563854975721,0.3889203009691846,0.5955634023279426,0.2665031055437569,0.35587273095468014,0.39259225319301844,Moderate,Limited Failure Evidence,sensor_034,"sensor_104, sensor_282, sensor_060, sensor_206, sensor_511","The 10 nearest development records contained 1 observed failures. The similarity-weighted historical failure rate was 9.15%, and the mean analytical similarity score was 38.89%. The resulting evidence category is Limited Failure Evidence. This is historical statistical evidence, not proof of a physical failure mechanism."
WF-000332,0,Pass,Engineering Review,0.065246456767347,0.3930199381567751,0.6069800618432248,0.9489225857940942,10,1,9,0.1,0.061192501127141044,0.01787574951572113,0.4041563854975721,0.16390040436581332,0.30791613533820034,0.10029475678893905,0.10029475678893905,0.1709676985410216,Very Weak,Limited Failure Evidence,"sensor_017, sensor_153, sensor_288","sensor_104, sensor_034, sensor_206, sensor_511, sensor_342","The 10 nearest development records contained 1 observed failures. The similarity-weighted historical failure rate was 6.12%, and the mean analytical similarity score was 16.39%. The resulting evidence category is Limited Failure Evidence. This is historical statistical evidence, not proof of a physical failure mechanism."
WF-001425,0,Pass,Low Risk,0.0249580594212095,0.4308631501910098,0.5691368498089902,0.6440542697525937,10,1,9,0.1,0.09050934687680569,0.01787574951572113,0.4041563854975721,0.5573507270809014,0.8633279229403216,0.35821961325647067,0.5044545028940516,0.5632280853238847,Strong,Limited Failure Evidence,"sensor_434, sensor_034","sensor_104, sensor_511, sensor_317, sensor_201, sensor_453","The 10 nearest development records contained 1 observed failures. The similarity-weighted historical failure rate was 9.05%, and the mean analytical similarity score was 55.74%. The resulting evidence category is Limited Failure Evidence. This is historical statistical evidence, not proof of a physical failure mechanism."
WF-001273,0,Pass,High Risk,0.1811384392853575,0.3765387710063265,0.6234612289936734,0.47964884277733444,10,0,10,0.0,0.0,0.0,0.2775401687666166,0.09478384718419376,0.7293640120743812,0.007496466976382966,,0.09478384718419376,Very Weak,No Retrieved Failure Evidence,"sensor_104, sensor_125, sensor_015, sensor_424, sensor_133","sensor_060, sensor_126, sensor_282, sensor_308, sensor_478","The 10 nearest development records contained 0 observed failures. The similarity-weighted historical failure rate was 0.00%, and the mean analytical similarity score was 9.48%. The resulting evidence category is No Retrieved Failure Evidence. This is historical statistical evidence, not proof of a physical failure mechanism."
WF-000521,0,Pass,Engineering Review,0.0781913240428275,0.3639075706512817,0.6360924293487182,0.6536312849162011,10,0,10,0.0,0.0,0.0,0.2775401687666166,0.19764604457032628,0.3827950444675194,0.08335029802788725,,0.19764604457032628,Very Weak,No Retrieved Failure Evidence,"sensor_511, sensor_104, sensor_015","sensor_034, sensor_126, sensor_520, sensor_248, sensor_206","The 10 nearest development records contained 0 observed failures. The similarity-weighted historical failure rate was 0.00%, and the mean analytical similarity score was 19.76%. The resulting evidence category is No Retrieved Failure Evidence. This is historical statistical evidence, not proof of a physical failure mechanism."
WF-001269,0,Pass,Engineering Review,0.0532446440524183,0.3577731612084175,0.6422268387915825,0.5865921787709497,10,0,10,0.0,0.0,0.0,0.2775401687666166,0.41965308400088575,0.6998691209833993,0.2685556278225306,,0.41965308400088575,Moderate,No Retrieved Failure Evidence,"sensor_104, sensor_133, sensor_056","sensor_034, sensor_060, sensor_478, sensor_201, sensor_317","The 10 nearest development records contained 0 observed failures. The similarity-weighted historical failure rate was 0.00%, and the mean analytical similarity score was 41.97%. The resulting evidence category is No Retrieved Failure Evidence. This is historical statistical evidence, not proof of a physical failure mechanism."
WF-000851,0,Pass,Low Risk,0.0113072610572929,0.4724868265345221,0.5275131734654779,0.4134078212290503,10,0,10,0.0,0.0,0.0,0.2775401687666166,0.678459978304751,0.7913648920167027,0.5574142383154034,,0.678459978304751,Strong,No Retrieved Failure Evidence,nan,"sensor_034, sensor_131, sensor_104, sensor_520, sensor_248","The 10 nearest development records contained 0 observed failures. The similarity-weighted historical failure rate was 0.00%, and the mean analytical similarity score was 67.85%. The resulting evidence category is No Retrieved Failure Evidence. This is historical statistical evidence, not proof of a physical failure mechanism."
WF-000229,0,Pass,High Risk,0.2326193201507952,0.2345810678389503,0.7654189321610497,0.48363926576217076,10,1,9,0.1,0.030579867381312232,0.01787574951572113,0.4041563854975721,0.10068107224229687,0.2807787177925148,0.029958911363071494,0.030788138369777545,0.1084469537836879,Very Weak,Limited Failure Evidence,"sensor_104, sensor_065, sensor_478, sensor_206, sensor_066","sensor_060, sensor_548, sensor_432","The 10 nearest development records contained 1 observed failures. The similarity-weighted historical failure rate was 3.06%, and the mean analytical similarity score was 10.07%. The resulting evidence category is Limited Failure Evidence. This is historical statistical evidence, not proof of a physical failure mechanism."
WF-000948,0,Pass,Low Risk,0.0298163259809585,0.376250164166001,0.623749835833999,0.25059856344772546,10,1,9,0.1,0.03035900890707329,0.01787574951572113,0.4041563854975721,0.36267521330797087,0.8528056777677505,0.11010460031191394,0.11010460031191394,0.3907386147519772,Moderate,Limited Failure Evidence,"sensor_424, sensor_386","sensor_131, sensor_104, sensor_126, sensor_060, sensor_130","The 10 nearest development records contained 1 observed failures. The similarity-weighted historical failure rate was 3.04%, and the mean analytical similarity score was 36.27%. The resulting evidence category is Limited Failure Evidence. This is historical statistical evidence, not proof of a physical failure mechanism."
WF-000679,0,Pass,Engineering Review,0.0450651238955002,0.3297198275954265,0.6702801724045735,0.6153232242617718,10,1,9,0.1,0.08384709244027427,0.01787574951572113,0.4041563854975721,0.45824352618976,0.8272249315454124,0.21869856165578058,0.3842238730059005,0.46646793209907766,Moderate,Limited Failure Evidence,"sensor_034, sensor_206","sensor_104, sensor_520, sensor_248, sensor_060, sensor_564","The 10 nearest development records contained 1 observed failures. The similarity-weighted historical failure rate was 8.38%, and the mean analytical similarity score was 45.82%. The resulting evidence category is Limited Failure Evidence. This is historical statistical evidence, not proof of a physical failure mechanism."
WF-000933,0,Pass,Low Risk,0.0147788975616677,0.4163660018009877,0.5836339981990122,0.42059058260175575,10,1,9,0.1,0.252625841931512,0.01787574951572113,0.4041563854975721,0.2805701872621999,0.7087927977799523,0.1333072360511823,0.7087927977799523,0.23298989720467184,Weak,Limited Failure Evidence,nan,"sensor_131, sensor_104, sensor_060, sensor_520, sensor_248","The 10 nearest development records contained 1 observed failures. The similarity-weighted historical failure rate was 25.26%, and the mean analytical similarity score was 28.06%. The resulting evidence category is Limited Failure Evidence. This is historical statistical evidence, not proof of a physical failure mechanism."
WF-000243,0,Pass,High Risk,0.1490733499274895,0.2764243428399709,0.723575657160029,0.8978451715881884,10,0,10,0.0,0.0,0.0,0.2775401687666166,0.5425375761884154,0.818298614160899,0.4043858509528739,,0.5425375761884154,Moderate,No Retrieved Failure Evidence,"sensor_104, sensor_060, sensor_065, sensor_066, sensor_489","sensor_548, sensor_470, sensor_578","The 10 nearest development records contained 0 observed failures. The similarity-weighted historical failure rate was 0.00%, and the mean analytical similarity score was 54.25%. The resulting evidence category is No Retrieved Failure Evidence. This is historical statistical evidence, not proof of a physical failure mechanism."
WF-000653,0,Pass,Engineering Review,0.0764582147901078,0.2013106415283715,0.7986893584716285,0.41021548284118114,10,1,9,0.1,0.034215130671456546,0.01787574951572113,0.4041563854975721,0.2649804548493553,0.6044074290848732,0.042196554029330105,0.09066340888052683,0.2843490155125584,Weak,Limited Failure Evidence,"sensor_104, sensor_511","sensor_034, sensor_060, sensor_206, sensor_478, sensor_015","The 10 nearest development records contained 1 observed failures. The similarity-weighted historical failure rate was 3.42%, and the mean analytical similarity score was 26.50%. The resulting evidence category is Limited Failure Evidence. This is historical statistical evidence, not proof of a physical failure mechanism."
WF-000235,0,Pass,High Risk,0.0996491343707386,0.3430349507369884,0.6569650492630116,0.4804469273743017,10,1,9,0.1,0.1690799178732079,0.01787574951572113,0.4041563854975721,0.2793015007975609,0.4791748442599843,0.12254493747648822,0.472242748167153,0.2578635844231617,Weak,Limited Failure Evidence,"sensor_520, sensor_034, sensor_386, sensor_153, sensor_574","sensor_104, sensor_352, sensor_032, sensor_214, sensor_060","The 10 nearest development records contained 1 observed failures. The similarity-weighted historical failure rate was 16.91%, and the mean analytical similarity score was 27.93%. The resulting evidence category is Limited Failure Evidence. This is historical statistical evidence, not proof of a physical failure mechanism."
WF-001227,0,Pass,High Risk,0.0881482315700047,0.3289197566845738,0.6710802433154262,0.6999201915403033,10,1,9,0.1,0.13349320178758026,0.01787574951572113,0.4041563854975721,0.564170495872219,0.7830750869681172,0.4562167137553798,0.7531292584806935,0.5431750778046107,Strong,Limited Failure Evidence,"sensor_104, sensor_489, sensor_126, sensor_130, sensor_434","sensor_034, sensor_282, sensor_511, sensor_147","The 10 nearest development records contained 1 observed failures. The similarity-weighted historical failure rate was 13.35%, and the mean analytical similarity score was 56.42%. The resulting evidence category is Limited Failure Evidence. This is historical statistical evidence, not proof of a physical failure mechanism."
WF-000754,0,Pass,Low Risk,0.0333251808971113,0.3200004185615128,0.6799995814384872,0.2753391859537111,10,1,9,0.1,0.08282365733471626,0.01787574951572113,0.4041563854975721,0.15975975405130444,0.3610291322052791,0.03779082672410813,0.13231887125423786,0.16280874102875628,Very Weak,Limited Failure Evidence,"sensor_104, sensor_511, sensor_206","sensor_032, sensor_248, sensor_520, sensor_548, sensor_386","The 10 nearest development records contained 1 observed failures. The similarity-weighted historical failure rate was 8.28%, and the mean analytical similarity score was 15.98%. The resulting evidence category is Limited Failure Evidence. This is historical statistical evidence, not proof of a physical failure mechanism."
WF-000714,0,Pass,Engineering Review,0.0395619978434222,0.3306101769123682,0.6693898230876318,0.08938547486033521,10,0,10,0.0,0.0,0.0,0.2775401687666166,0.48973528882432776,0.8387590754328582,0.33710475670068185,,0.48973528882432776,Moderate,No Retrieved Failure Evidence,sensor_489,"sensor_104, sensor_060, sensor_564, sensor_461, sensor_511","The 10 nearest development records contained 0 observed failures. The similarity-weighted historical failure rate was 0.00%, and the mean analytical similarity score was 48.97%. The resulting evidence category is No Retrieved Failure Evidence. This is historical statistical evidence, not proof of a physical failure mechanism."
WF-000175,0,Pass,High Risk,0.1575054607472795,0.1774426246731109,0.8225573753268891,0.20830007980845966,10,2,8,0.2,0.025147403924590795,0.056680947980693314,0.5098431532792765,0.010585246287995398,0.08373832788090962,0.0004161984206101224,0.001330957320227478,0.01289881852993738,Very Weak,Limited Failure Evidence,"sensor_104, sensor_060, sensor_511, sensor_563, sensor_015","sensor_470, sensor_317, sensor_578","The 10 nearest development records contained 2 observed failures. The similarity-weighted historical failure rate was 2.51%, and the mean analytical similarity score was 1.06%. The resulting evidence category is Limited Failure Evidence. This is historical statistical evidence, not proof of a physical failure mechanism."
WF-001310,0,Pass,Engineering Review,0.076744950457366,0.3174048210039117,0.6825951789960882,0.34237829209896253,10,0,10,0.0,0.0,0.0,0.2775401687666166,0.054884994346227456,0.381196199054323,0.011625420823610916,,0.054884994346227456,Very Weak,No Retrieved Failure Evidence,"sensor_406, sensor_133","sensor_104, sensor_470, sensor_126, sensor_432, sensor_511","The 10 nearest development records contained 0 observed failures. The similarity-weighted historical failure rate was 0.00%, and the mean analytical similarity score was 5.49%. The resulting evidence category is No Retrieved Failure Evidence. This is historical statistical evidence, not proof of a physical failure mechanism."
WF-001334,0,Pass,Engineering Review,0.0512647117781761,0.3387244857455228,0.6612755142544772,0.2011173184357542,10,0,10,0.0,0.0,0.0,0.2775401687666166,0.5978887401279109,0.7548032210265107,0.462597770902962,,0.5978887401279109,Strong,No Retrieved Failure Evidence,"sensor_206, sensor_478, sensor_342, sensor_034, sensor_060","sensor_104, sensor_317, sensor_201, sensor_511, sensor_480","The 10 nearest development records contained 0 observed failures. The similarity-weighted historical failure rate was 0.00%, and the mean analytical similarity score was 59.79%. The resulting evidence category is No Retrieved Failure Evidence. This is historical statistical evidence, not proof of a physical failure mechanism."
WF-000973,0,Pass,Engineering Review,0.0363493656581005,0.4362926714052411,0.5637073285947589,0.9329608938547486,10,0,10,0.0,0.0,0.0,0.2775401687666166,0.38712266387148275,0.5527825787363507,0.24638479576220765,,0.38712266387148275,Moderate,No Retrieved Failure Evidence,sensor_034,"sensor_104, sensor_511, sensor_352, sensor_130, sensor_060","The 10 nearest development records contained 0 observed failures. The similarity-weighted historical failure rate was 0.00%, and the mean analytical similarity score was 38.71%. The resulting evidence category is No Retrieved Failure Evidence. This is historical statistical evidence, not proof of a physical failure mechanism."
WF-001038,0,Pass,Engineering Review,0.0409972899372134,0.2909068411500524,0.7090931588499476,0.16999201915403028,10,1,9,0.1,0.1159635918027124,0.01787574951572113,0.4041563854975721,0.5936229142114146,0.944079927374464,0.4149150147892001,0.6883864530834903,0.5830936321145173,Strong,Limited Failure Evidence,"sensor_082, sensor_489","sensor_104, sensor_214, sensor_034, sensor_060, sensor_352","The 10 nearest development records contained 1 observed failures. The similarity-weighted historical failure rate was 11.60%, and the mean analytical similarity score was 59.36%. The resulting evidence category is Limited Failure Evidence. This is historical statistical evidence, not proof of a physical failure mechanism."
