wafer_id,target,status,decision,calibrated_failure_probability,prediction_confidence,combined_uncertainty,data_familiarity,historical_weighted_failure_rate,priority_1_sensor,priority_1_score,priority_1_level,top_5_sensors,very_high_or_high_sensor_count,missing_priority_sensor_count,inspection_summary
WF-000002,0,Pass,Engineering Review,0.0622417162205708,0.2844558465860414,0.7155441534139586,0.26097366320830007,0.0,sensor_104,0.875,Very High,"sensor_104, sensor_511, sensor_034, sensor_060, sensor_432",3,0,"The record is assigned to Engineering Review with a calibrated failure probability of 6.22%. The first statistical sensor measurements to investigate are sensor_104, sensor_511, sensor_034. This ranking is based on model attribution, robust deviation, global importance and recurrence in observed failure explanations. It does not establish a physical root cause."
WF-000010,0,Pass,High Risk,0.1258533507077437,0.2519468736781179,0.7480531263218821,0.0638467677573824,0.38317759238704,sensor_060,0.9,Very High,"sensor_060, sensor_478, sensor_104, sensor_206, sensor_342",4,0,"The record is assigned to High Risk with a calibrated failure probability of 12.59%. The first statistical sensor measurements to investigate are sensor_060, sensor_478, sensor_104. This ranking is based on model attribution, robust deviation, global importance and recurrence in observed failure explanations. It does not establish a physical root cause."
WF-000012,1,Fail,High Risk,0.1668514943075025,0.2937924923504679,0.706207507649532,0.07661612130885875,0.0,sensor_060,0.9249999999999999,Very High,"sensor_060, sensor_104, sensor_478, sensor_034, sensor_342",5,0,"The record is assigned to High Risk with a calibrated failure probability of 16.69%. The first statistical sensor measurements to investigate are sensor_060, sensor_104, sensor_478. This ranking is based on model attribution, robust deviation, global importance and recurrence in observed failure explanations. It does not establish a physical root cause."
WF-000018,0,Pass,Engineering Review,0.0713107101820972,0.2402717066243325,0.7597282933756675,0.28731045490822027,0.1805627085665412,sensor_104,0.85,Very High,"sensor_104, sensor_511, sensor_214, sensor_060, sensor_478",3,0,"The record is assigned to Engineering Review with a calibrated failure probability of 7.13%. The first statistical sensor measurements to investigate are sensor_104, sensor_511, sensor_214. This ranking is based on model attribution, robust deviation, global importance and recurrence in observed failure explanations. It does not establish a physical root cause."
WF-000019,0,Pass,High Risk,0.0933540879499721,0.2587157052241994,0.7412842947758006,0.5482841181165203,0.0,sensor_104,0.975,Very High,"sensor_104, sensor_511, sensor_478, sensor_060, sensor_317",2,0,"The record is assigned to High Risk with a calibrated failure probability of 9.34%. The first statistical sensor measurements to investigate are sensor_104, sensor_511, sensor_478. This ranking is based on model attribution, robust deviation, global importance and recurrence in observed failure explanations. It does not establish a physical root cause."
WF-000024,1,Fail,Insufficient Evidence,0.1822904497207002,0.1423588167949389,0.857641183205061,0.013567438148443633,0.3157719733266013,sensor_060,0.85,Very High,"sensor_060, sensor_432, sensor_153, sensor_034, sensor_520",2,0,"The record is assigned to Insufficient Evidence with a calibrated failure probability of 18.23%. The first statistical sensor measurements to investigate are sensor_060, sensor_432, sensor_153. This ranking is based on model attribution, robust deviation, global importance and recurrence in observed failure explanations. It does not establish a physical root cause."
WF-000026,0,Pass,High Risk,0.1022168043439557,0.1531403631459024,0.8468596368540975,0.027932960893854775,0.0811249708445722,sensor_104,0.8,Very High,"sensor_104, sensor_282, sensor_214, sensor_352, sensor_147",1,0,"The record is assigned to High Risk with a calibrated failure probability of 10.22%. The first statistical sensor measurements to investigate are sensor_104, sensor_282, sensor_214. This ranking is based on model attribution, robust deviation, global importance and recurrence in observed failure explanations. It does not establish a physical root cause."
WF-000027,0,Pass,High Risk,0.1359081637688931,0.2564682474872333,0.7435317525127667,0.349561053471668,0.0,sensor_104,0.825,Very High,"sensor_104, sensor_034, sensor_060, sensor_065, sensor_478",2,0,"The record is assigned to High Risk with a calibrated failure probability of 13.59%. The first statistical sensor measurements to investigate are sensor_104, sensor_034, sensor_060. This ranking is based on model attribution, robust deviation, global importance and recurrence in observed failure explanations. It does not establish a physical root cause."
WF-000032,0,Pass,High Risk,0.0918302668887925,0.2243347643134326,0.7756652356865673,0.12529928172386273,0.0877594546021584,sensor_060,0.9,Very High,"sensor_060, sensor_520, sensor_104, sensor_065, sensor_386",2,0,"The record is assigned to High Risk with a calibrated failure probability of 9.18%. The first statistical sensor measurements to investigate are sensor_060, sensor_520, sensor_104. This ranking is based on model attribution, robust deviation, global importance and recurrence in observed failure explanations. It does not establish a physical root cause."
WF-000042,0,Pass,Engineering Review,0.0756628180524629,0.3290151653638155,0.6709848346361845,0.8515562649640862,0.0,sensor_104,0.85,Very High,"sensor_104, sensor_060, sensor_432, sensor_511, sensor_478",1,0,"The record is assigned to Engineering Review with a calibrated failure probability of 7.57%. The first statistical sensor measurements to investigate are sensor_104, sensor_060, sensor_432. This ranking is based on model attribution, robust deviation, global importance and recurrence in observed failure explanations. It does not establish a physical root cause."
WF-000045,0,Pass,Insufficient Evidence,0.2695770769573562,0.1618960901092023,0.8381039098907976,0.023942537909018347,0.0,sensor_104,0.825,Very High,"sensor_104, sensor_060, sensor_065, sensor_432, sensor_511",3,0,"The record is assigned to Insufficient Evidence with a calibrated failure probability of 26.96%. The first statistical sensor measurements to investigate are sensor_104, sensor_060, sensor_065. This ranking is based on model attribution, robust deviation, global importance and recurrence in observed failure explanations. It does not establish a physical root cause."
WF-000049,1,Fail,Engineering Review,0.0599791033825022,0.1845980495371205,0.8154019504628794,0.09177972865123718,0.0508899346338853,sensor_060,0.9249999999999999,Very High,"sensor_060, sensor_478, sensor_034, sensor_206, sensor_511",3,0,"The record is assigned to Engineering Review with a calibrated failure probability of 6.00%. The first statistical sensor measurements to investigate are sensor_060, sensor_478, sensor_034. This ranking is based on model attribution, robust deviation, global importance and recurrence in observed failure explanations. It does not establish a physical root cause."
WF-000051,1,Fail,High Risk,0.1019898466008417,0.2495287098979795,0.7504712901020205,0.43575418994413406,0.1356738456967138,sensor_060,0.9,Very High,"sensor_060, sensor_034, sensor_104, sensor_424, sensor_478",2,0,"The record is assigned to High Risk with a calibrated failure probability of 10.20%. The first statistical sensor measurements to investigate are sensor_060, sensor_034, sensor_104. This ranking is based on model attribution, robust deviation, global importance and recurrence in observed failure explanations. It does not establish a physical root cause."
WF-000052,0,Pass,Insufficient Evidence,0.1263664825255144,0.1483198884860631,0.8516801115139369,0.011173184357541999,0.0,sensor_060,0.95,Very High,"sensor_060, sensor_104, sensor_511, sensor_478, sensor_342",3,0,"The record is assigned to Insufficient Evidence with a calibrated failure probability of 12.64%. The first statistical sensor measurements to investigate are sensor_060, sensor_104, sensor_511. This ranking is based on model attribution, robust deviation, global importance and recurrence in observed failure explanations. It does not establish a physical root cause."
WF-000059,1,Fail,High Risk,0.1271055599532795,0.1648954744173592,0.8351045255826408,0.031125299281724028,0.1027902834013755,sensor_060,0.9,Very High,"sensor_060, sensor_034, sensor_432, sensor_153, sensor_104",3,0,"The record is assigned to High Risk with a calibrated failure probability of 12.71%. The first statistical sensor measurements to investigate are sensor_060, sensor_034, sensor_432. This ranking is based on model attribution, robust deviation, global importance and recurrence in observed failure explanations. It does not establish a physical root cause."
WF-000063,1,Fail,Engineering Review,0.0736807735274379,0.2855868672884275,0.7144131327115725,0.06464485235434958,0.0,sensor_104,0.9,Very High,"sensor_104, sensor_060, sensor_520, sensor_478, sensor_206",2,0,"The record is assigned to Engineering Review with a calibrated failure probability of 7.37%. The first statistical sensor measurements to investigate are sensor_104, sensor_060, sensor_520. This ranking is based on model attribution, robust deviation, global importance and recurrence in observed failure explanations. It does not establish a physical root cause."
WF-000069,0,Pass,High Risk,0.1550037502939744,0.2080502909361731,0.7919497090638269,0.1963288108539505,0.0,sensor_060,0.875,Very High,"sensor_060, sensor_104, sensor_065, sensor_153, sensor_015",4,0,"The record is assigned to High Risk with a calibrated failure probability of 15.50%. The first statistical sensor measurements to investigate are sensor_060, sensor_104, sensor_065. This ranking is based on model attribution, robust deviation, global importance and recurrence in observed failure explanations. It does not establish a physical root cause."
WF-000080,0,Pass,High Risk,0.1217196747138822,0.1876960654735811,0.8123039345264189,0.17877094972067042,0.0194391408357076,sensor_060,0.9249999999999999,Very High,"sensor_060, sensor_104, sensor_511, sensor_520, sensor_386",3,0,"The record is assigned to High Risk with a calibrated failure probability of 12.17%. The first statistical sensor measurements to investigate are sensor_060, sensor_104, sensor_511. This ranking is based on model attribution, robust deviation, global importance and recurrence in observed failure explanations. It does not establish a physical root cause."
WF-000097,1,Fail,Insufficient Evidence,0.1492766461690038,0.1563115601873058,0.8436884398126941,0.015163607342378427,0.1712749484787042,sensor_478,0.825,Very High,"sensor_478, sensor_104, sensor_060, sensor_206, sensor_511",5,0,"The record is assigned to Insufficient Evidence with a calibrated failure probability of 14.93%. The first statistical sensor measurements to investigate are sensor_478, sensor_104, sensor_060. This ranking is based on model attribution, robust deviation, global importance and recurrence in observed failure explanations. It does not establish a physical root cause."
WF-000105,0,Pass,High Risk,0.0903947877565658,0.3076931145399352,0.6923068854600648,0.23543495610534715,0.0933776167553116,sensor_104,0.95,Very High,"sensor_104, sensor_060, sensor_520, sensor_181, sensor_034",4,0,"The record is assigned to High Risk with a calibrated failure probability of 9.04%. The first statistical sensor measurements to investigate are sensor_104, sensor_060, sensor_520. This ranking is based on model attribution, robust deviation, global importance and recurrence in observed failure explanations. It does not establish a physical root cause."
WF-000109,0,Pass,High Risk,0.1053196950607065,0.2106138718048577,0.7893861281951422,0.04868316041500398,0.0,sensor_060,0.95,Very High,"sensor_060, sensor_104, sensor_478, sensor_206, sensor_342",4,0,"The record is assigned to High Risk with a calibrated failure probability of 10.53%. The first statistical sensor measurements to investigate are sensor_060, sensor_104, sensor_478. This ranking is based on model attribution, robust deviation, global importance and recurrence in observed failure explanations. It does not establish a physical root cause."
WF-000113,0,Pass,High Risk,0.1003935256931306,0.2133200057636572,0.7866799942363427,0.3375897845171588,0.0008161783769446,sensor_060,0.9249999999999999,Very High,"sensor_060, sensor_104, sensor_034, sensor_153, sensor_478",3,0,"The record is assigned to High Risk with a calibrated failure probability of 10.04%. The first statistical sensor measurements to investigate are sensor_060, sensor_104, sensor_034. This ranking is based on model attribution, robust deviation, global importance and recurrence in observed failure explanations. It does not establish a physical root cause."
WF-000117,0,Pass,High Risk,0.08617730496953,0.3532961700040336,0.6467038299959664,0.4485235434956105,0.0,sensor_060,0.9,Very High,"sensor_060, sensor_104, sensor_511, sensor_034, sensor_424",3,0,"The record is assigned to High Risk with a calibrated failure probability of 8.62%. The first statistical sensor measurements to investigate are sensor_060, sensor_104, sensor_511. This ranking is based on model attribution, robust deviation, global importance and recurrence in observed failure explanations. It does not establish a physical root cause."
WF-000122,0,Pass,High Risk,0.1958908042345759,0.2756980984333382,0.7243019015666619,0.1372705506783719,0.0,sensor_104,0.85,Very High,"sensor_104, sensor_034, sensor_065, sensor_060, sensor_066",5,0,"The record is assigned to High Risk with a calibrated failure probability of 19.59%. The first statistical sensor measurements to investigate are sensor_104, sensor_034, sensor_065. This ranking is based on model attribution, robust deviation, global importance and recurrence in observed failure explanations. It does not establish a physical root cause."
WF-000131,0,Pass,High Risk,0.104469726751709,0.1516262019641405,0.8483737980358594,0.06943335993615318,0.364657558466445,sensor_104,0.875,Very High,"sensor_104, sensor_060, sensor_511, sensor_520, sensor_386",4,0,"The record is assigned to High Risk with a calibrated failure probability of 10.45%. The first statistical sensor measurements to investigate are sensor_104, sensor_060, sensor_511. This ranking is based on model attribution, robust deviation, global importance and recurrence in observed failure explanations. It does not establish a physical root cause."
WF-000141,0,Pass,High Risk,0.1223067350011968,0.3017567133283098,0.6982432866716901,0.6847565841979251,0.1180709227680543,sensor_104,0.95,Very High,"sensor_104, sensor_511, sensor_065, sensor_060, sensor_066",3,0,"The record is assigned to High Risk with a calibrated failure probability of 12.23%. The first statistical sensor measurements to investigate are sensor_104, sensor_511, sensor_065. This ranking is based on model attribution, robust deviation, global importance and recurrence in observed failure explanations. It does not establish a physical root cause."
WF-000142,0,Pass,High Risk,0.091274723666988,0.3145304428185273,0.6854695571814726,0.8387869114126099,0.1361453747627367,sensor_104,0.875,Very High,"sensor_104, sensor_060, sensor_065, sensor_511, sensor_066",2,0,"The record is assigned to High Risk with a calibrated failure probability of 9.13%. The first statistical sensor measurements to investigate are sensor_104, sensor_060, sensor_065. This ranking is based on model attribution, robust deviation, global importance and recurrence in observed failure explanations. It does not establish a physical root cause."
WF-000150,0,Pass,High Risk,0.1112806630063405,0.158852601728333,0.841147398271667,0.1476456504389465,0.1156190535184121,sensor_065,0.8125,Very High,"sensor_065, sensor_104, sensor_060, sensor_015, sensor_066",3,0,"The record is assigned to High Risk with a calibrated failure probability of 11.13%. The first statistical sensor measurements to investigate are sensor_065, sensor_104, sensor_060. This ranking is based on model attribution, robust deviation, global importance and recurrence in observed failure explanations. It does not establish a physical root cause."
WF-000154,0,Pass,High Risk,0.1163668071051087,0.160829981719526,0.839170018280474,0.1580207501995211,0.0,sensor_104,0.875,Very High,"sensor_104, sensor_060, sensor_511, sensor_520, sensor_386",3,0,"The record is assigned to High Risk with a calibrated failure probability of 11.64%. The first statistical sensor measurements to investigate are sensor_104, sensor_060, sensor_511. This ranking is based on model attribution, robust deviation, global importance and recurrence in observed failure explanations. It does not establish a physical root cause."
WF-000155,1,Fail,Engineering Review,0.0680880688253122,0.2833128978460839,0.7166871021539161,0.4086193136472466,0.1814499325425076,sensor_060,0.9,Very High,"sensor_060, sensor_104, sensor_520, sensor_214, sensor_424",3,0,"The record is assigned to Engineering Review with a calibrated failure probability of 6.81%. The first statistical sensor measurements to investigate are sensor_060, sensor_104, sensor_520. This ranking is based on model attribution, robust deviation, global importance and recurrence in observed failure explanations. It does not establish a physical root cause."
WF-000166,0,Pass,High Risk,0.1657742816473493,0.1914613227405539,0.8085386772594461,0.42537909018355946,0.0,sensor_104,0.875,Very High,"sensor_104, sensor_060, sensor_520, sensor_511, sensor_563",4,0,"The record is assigned to High Risk with a calibrated failure probability of 16.58%. The first statistical sensor measurements to investigate are sensor_104, sensor_060, sensor_520. This ranking is based on model attribution, robust deviation, global importance and recurrence in observed failure explanations. It does not establish a physical root cause."
WF-000171,0,Pass,High Risk,0.2453715147057599,0.1805531186984122,0.8194468813015878,0.22505985634477255,0.0742195406600009,sensor_104,0.9,Very High,"sensor_104, sensor_060, sensor_511, sensor_206, sensor_520",3,0,"The record is assigned to High Risk with a calibrated failure probability of 24.54%. The first statistical sensor measurements to investigate are sensor_104, sensor_060, sensor_511. This ranking is based on model attribution, robust deviation, global importance and recurrence in observed failure explanations. It does not establish a physical root cause."
WF-000175,0,Pass,High Risk,0.1575054607472795,0.1774426246731109,0.8225573753268891,0.20830007980845966,0.0251474039245907,sensor_104,0.925,Very High,"sensor_104, sensor_060, sensor_511, sensor_015, sensor_034",3,0,"The record is assigned to High Risk with a calibrated failure probability of 15.75%. The first statistical sensor measurements to investigate are sensor_104, sensor_060, sensor_511. This ranking is based on model attribution, robust deviation, global importance and recurrence in observed failure explanations. It does not establish a physical root cause."
WF-000176,0,Pass,High Risk,0.0977705350883857,0.2649847707133506,0.7350152292866494,0.27853152434158024,0.5047031933235951,sensor_104,0.925,Very High,"sensor_104, sensor_060, sensor_511, sensor_478, sensor_015",3,0,"The record is assigned to High Risk with a calibrated failure probability of 9.78%. The first statistical sensor measurements to investigate are sensor_104, sensor_060, sensor_511. This ranking is based on model attribution, robust deviation, global importance and recurrence in observed failure explanations. It does not establish a physical root cause."
WF-000177,0,Pass,High Risk,0.1383367466928345,0.230143125299454,0.7698568747005459,0.6145251396648045,0.0307443387089433,sensor_104,0.9,Very High,"sensor_104, sensor_511, sensor_060, sensor_065, sensor_478",2,0,"The record is assigned to High Risk with a calibrated failure probability of 13.83%. The first statistical sensor measurements to investigate are sensor_104, sensor_511, sensor_060. This ranking is based on model attribution, robust deviation, global importance and recurrence in observed failure explanations. It does not establish a physical root cause."
WF-000188,0,Pass,High Risk,0.1899591813905203,0.1970674677887459,0.802932532211254,0.3854748603351955,0.0921671643601254,sensor_104,0.875,Very High,"sensor_104, sensor_065, sensor_511, sensor_520, sensor_066",4,0,"The record is assigned to High Risk with a calibrated failure probability of 19.00%. The first statistical sensor measurements to investigate are sensor_104, sensor_065, sensor_511. This ranking is based on model attribution, robust deviation, global importance and recurrence in observed failure explanations. It does not establish a physical root cause."
WF-000191,0,Pass,High Risk,0.2366487052575615,0.2141170073585696,0.7858829926414304,0.4221867517956903,0.1221804827970481,sensor_104,0.875,Very High,"sensor_104, sensor_060, sensor_065, sensor_342, sensor_478",5,0,"The record is assigned to High Risk with a calibrated failure probability of 23.66%. The first statistical sensor measurements to investigate are sensor_104, sensor_060, sensor_065. This ranking is based on model attribution, robust deviation, global importance and recurrence in observed failure explanations. It does not establish a physical root cause."
WF-000196,0,Pass,Insufficient Evidence,0.0824352728077776,0.1408361504996082,0.8591638495003917,0.03591380686352763,0.0143404562285758,sensor_104,0.85,Very High,"sensor_104, sensor_060, sensor_511, sensor_432, sensor_478",4,0,"The record is assigned to Insufficient Evidence with a calibrated failure probability of 8.24%. The first statistical sensor measurements to investigate are sensor_104, sensor_060, sensor_511. This ranking is based on model attribution, robust deviation, global importance and recurrence in observed failure explanations. It does not establish a physical root cause."
WF-000216,0,Pass,High Risk,0.1849699847961197,0.2212822159938733,0.7787177840061267,0.6320830007980847,0.1378605830982167,sensor_060,0.875,Very High,"sensor_060, sensor_104, sensor_511, sensor_520, sensor_386",3,0,"The record is assigned to High Risk with a calibrated failure probability of 18.50%. The first statistical sensor measurements to investigate are sensor_060, sensor_104, sensor_511. This ranking is based on model attribution, robust deviation, global importance and recurrence in observed failure explanations. It does not establish a physical root cause."
WF-000217,0,Pass,High Risk,0.1679896899796958,0.246203090900397,0.753796909099603,0.6065442936951317,0.1662338545120203,sensor_104,0.9,Very High,"sensor_104, sensor_060, sensor_034, sensor_478, sensor_206",4,0,"The record is assigned to High Risk with a calibrated failure probability of 16.80%. The first statistical sensor measurements to investigate are sensor_104, sensor_060, sensor_034. This ranking is based on model attribution, robust deviation, global importance and recurrence in observed failure explanations. It does not establish a physical root cause."
WF-000220,0,Pass,High Risk,0.1179466031569671,0.3170906565417035,0.6829093434582965,0.11173184357541899,0.0,sensor_104,0.975,Very High,"sensor_104, sensor_511, sensor_478, sensor_103, sensor_271",1,0,"The record is assigned to High Risk with a calibrated failure probability of 11.79%. The first statistical sensor measurements to investigate are sensor_104, sensor_511, sensor_478. This ranking is based on model attribution, robust deviation, global importance and recurrence in observed failure explanations. It does not establish a physical root cause."
WF-000229,0,Pass,High Risk,0.2326193201507954,0.2345810678389503,0.7654189321610496,0.48363926576217076,0.0305798673813122,sensor_104,0.9,Very High,"sensor_104, sensor_478, sensor_206, sensor_065, sensor_511",3,0,"The record is assigned to High Risk with a calibrated failure probability of 23.26%. The first statistical sensor measurements to investigate are sensor_104, sensor_478, sensor_206. This ranking is based on model attribution, robust deviation, global importance and recurrence in observed failure explanations. It does not establish a physical root cause."
WF-000232,1,Fail,Engineering Review,0.0524209766877405,0.2943467490014412,0.7056532509985587,0.8523543495610535,0.088870967979533,sensor_153,0.75,High,"sensor_153, sensor_034, sensor_206, sensor_104, sensor_060",3,0,"The record is assigned to Engineering Review with a calibrated failure probability of 5.24%. The first statistical sensor measurements to investigate are sensor_153, sensor_034, sensor_206. This ranking is based on model attribution, robust deviation, global importance and recurrence in observed failure explanations. It does not establish a physical root cause."
WF-000233,0,Pass,High Risk,0.1346828590055515,0.1685636711637997,0.8314363288362002,0.27693535514764567,0.0,sensor_104,0.8,Very High,"sensor_104, sensor_478, sensor_206, sensor_060, sensor_065",3,0,"The record is assigned to High Risk with a calibrated failure probability of 13.47%. The first statistical sensor measurements to investigate are sensor_104, sensor_478, sensor_206. This ranking is based on model attribution, robust deviation, global importance and recurrence in observed failure explanations. It does not establish a physical root cause."
WF-000234,0,Pass,High Risk,0.1691337865727382,0.2002679604884241,0.7997320395115759,0.36871508379888274,0.1687349656435694,sensor_104,0.8,Very High,"sensor_104, sensor_206, sensor_478, sensor_060, sensor_342",3,0,"The record is assigned to High Risk with a calibrated failure probability of 16.91%. The first statistical sensor measurements to investigate are sensor_104, sensor_206, sensor_478. This ranking is based on model attribution, robust deviation, global importance and recurrence in observed failure explanations. It does not establish a physical root cause."
WF-000235,0,Pass,High Risk,0.0996491343707387,0.343034950736988,0.656965049263012,0.4804469273743017,0.1690799178732079,sensor_034,0.75,High,"sensor_034, sensor_520, sensor_104, sensor_153, sensor_060",2,0,"The record is assigned to High Risk with a calibrated failure probability of 9.96%. The first statistical sensor measurements to investigate are sensor_034, sensor_520, sensor_104. This ranking is based on model attribution, robust deviation, global importance and recurrence in observed failure explanations. It does not establish a physical root cause."
WF-000239,1,Fail,High Risk,0.3250012272911499,0.3127861614453524,0.6872138385546476,0.7494014365522745,0.3234383566391242,sensor_104,0.825,Very High,"sensor_104, sensor_060, sensor_478, sensor_511, sensor_206",4,0,"The record is assigned to High Risk with a calibrated failure probability of 32.50%. The first statistical sensor measurements to investigate are sensor_104, sensor_060, sensor_478. This ranking is based on model attribution, robust deviation, global importance and recurrence in observed failure explanations. It does not establish a physical root cause."
WF-000243,0,Pass,High Risk,0.1490733499274895,0.2764243428399709,0.723575657160029,0.8978451715881884,0.0,sensor_060,0.9249999999999999,Very High,"sensor_060, sensor_104, sensor_065, sensor_066, sensor_520",5,0,"The record is assigned to High Risk with a calibrated failure probability of 14.91%. The first statistical sensor measurements to investigate are sensor_060, sensor_104, sensor_065. This ranking is based on model attribution, robust deviation, global importance and recurrence in observed failure explanations. It does not establish a physical root cause."
WF-000246,0,Pass,High Risk,0.1290701768064499,0.3233270058247077,0.6766729941752923,0.6975259377494014,0.0,sensor_104,0.875,Very High,"sensor_104, sensor_478, sensor_206, sensor_060, sensor_342",4,0,"The record is assigned to High Risk with a calibrated failure probability of 12.91%. The first statistical sensor measurements to investigate are sensor_104, sensor_478, sensor_206. This ranking is based on model attribution, robust deviation, global importance and recurrence in observed failure explanations. It does not establish a physical root cause."
WF-000247,0,Pass,High Risk,0.0881819396074319,0.2720674056271345,0.7279325943728655,0.3806863527533919,0.1342108829865639,sensor_060,0.875,Very High,"sensor_060, sensor_478, sensor_206, sensor_104, sensor_342",3,0,"The record is assigned to High Risk with a calibrated failure probability of 8.82%. The first statistical sensor measurements to investigate are sensor_060, sensor_478, sensor_206. This ranking is based on model attribution, robust deviation, global importance and recurrence in observed failure explanations. It does not establish a physical root cause."
WF-000256,0,Pass,Engineering Review,0.0752601224037912,0.3027034066484707,0.6972965933515293,0.169193934557063,0.1081840648078594,sensor_104,0.825,Very High,"sensor_104, sensor_153, sensor_342, sensor_282, sensor_060",3,0,"The record is assigned to Engineering Review with a calibrated failure probability of 7.53%. The first statistical sensor measurements to investigate are sensor_104, sensor_153, sensor_342. This ranking is based on model attribution, robust deviation, global importance and recurrence in observed failure explanations. It does not establish a physical root cause."
WF-000259,0,Pass,Engineering Review,0.0581452047197266,0.3590468208178575,0.6409531791821425,0.7358339984038308,0.0,sensor_065,0.7,High,"sensor_065, sensor_060, sensor_153, sensor_104, sensor_034",2,0,"The record is assigned to Engineering Review with a calibrated failure probability of 5.81%. The first statistical sensor measurements to investigate are sensor_065, sensor_060, sensor_153. This ranking is based on model attribution, robust deviation, global importance and recurrence in observed failure explanations. It does not establish a physical root cause."
WF-000265,0,Pass,Engineering Review,0.0538031487423166,0.3830270519966526,0.6169729480033473,0.8675179569034318,0.0769910412205573,sensor_060,0.9,Very High,"sensor_060, sensor_511, sensor_034, sensor_153, sensor_104",3,0,"The record is assigned to Engineering Review with a calibrated failure probability of 5.38%. The first statistical sensor measurements to investigate are sensor_060, sensor_511, sensor_034. This ranking is based on model attribution, robust deviation, global importance and recurrence in observed failure explanations. It does not establish a physical root cause."
WF-000269,0,Pass,High Risk,0.0862601096438172,0.3396890071568369,0.6603109928431631,0.4964086193136472,0.0,sensor_060,0.95,Very High,"sensor_060, sensor_478, sensor_104, sensor_206, sensor_342",4,0,"The record is assigned to High Risk with a calibrated failure probability of 8.63%. The first statistical sensor measurements to investigate are sensor_060, sensor_478, sensor_104. This ranking is based on model attribution, robust deviation, global importance and recurrence in observed failure explanations. It does not establish a physical root cause."
WF-000270,0,Pass,High Risk,0.0978985629258668,0.2956679767881815,0.7043320232118184,0.5682362330407023,0.0,sensor_060,0.9249999999999999,Very High,"sensor_060, sensor_034, sensor_104, sensor_478, sensor_206",2,0,"The record is assigned to High Risk with a calibrated failure probability of 9.79%. The first statistical sensor measurements to investigate are sensor_060, sensor_034, sensor_104. This ranking is based on model attribution, robust deviation, global importance and recurrence in observed failure explanations. It does not establish a physical root cause."
WF-000284,0,Pass,Engineering Review,0.0511986153901467,0.3575143690842669,0.6424856309157331,0.893854748603352,0.0,sensor_060,0.875,Very High,"sensor_060, sensor_153, sensor_104, sensor_282, sensor_432",2,0,"The record is assigned to Engineering Review with a calibrated failure probability of 5.12%. The first statistical sensor measurements to investigate are sensor_060, sensor_153, sensor_104. This ranking is based on model attribution, robust deviation, global importance and recurrence in observed failure explanations. It does not establish a physical root cause."
WF-000289,0,Pass,High Risk,0.0818613127245224,0.2884532241536857,0.7115467758463143,0.6352753391859537,0.0,sensor_060,0.9,Very High,"sensor_060, sensor_206, sensor_342, sensor_104, sensor_147",3,0,"The record is assigned to High Risk with a calibrated failure probability of 8.19%. The first statistical sensor measurements to investigate are sensor_060, sensor_206, sensor_342. This ranking is based on model attribution, robust deviation, global importance and recurrence in observed failure explanations. It does not establish a physical root cause."
WF-000297,0,Pass,Engineering Review,0.0629760541589986,0.3174293547995154,0.6825706452004846,0.5371109337589786,0.0,sensor_342,0.875,Very High,"sensor_342, sensor_206, sensor_104, sensor_001, sensor_181",2,0,"The record is assigned to Engineering Review with a calibrated failure probability of 6.30%. The first statistical sensor measurements to investigate are sensor_342, sensor_206, sensor_104. This ranking is based on model attribution, robust deviation, global importance and recurrence in observed failure explanations. It does not establish a physical root cause."
WF-000298,0,Pass,High Risk,0.1151980509692443,0.2434314078657533,0.7565685921342467,0.38786911412609737,0.0,sensor_104,0.85,Very High,"sensor_104, sensor_065, sensor_060, sensor_066, sensor_032",2,0,"The record is assigned to High Risk with a calibrated failure probability of 11.52%. The first statistical sensor measurements to investigate are sensor_104, sensor_065, sensor_060. This ranking is based on model attribution, robust deviation, global importance and recurrence in observed failure explanations. It does not establish a physical root cause."
WF-000307,0,Pass,High Risk,0.1087341887862489,0.3235004172156148,0.6764995827843852,0.9664804469273743,0.0305516528515943,sensor_060,0.9249999999999999,Very High,"sensor_060, sensor_104, sensor_511, sensor_432, sensor_214",3,0,"The record is assigned to High Risk with a calibrated failure probability of 10.87%. The first statistical sensor measurements to investigate are sensor_060, sensor_104, sensor_511. This ranking is based on model attribution, robust deviation, global importance and recurrence in observed failure explanations. It does not establish a physical root cause."
WF-000314,0,Pass,Engineering Review,0.0537917052352994,0.3075440111153306,0.6924559888846694,0.14445331205107736,0.0,sensor_317,0.7,High,"sensor_317, sensor_104, sensor_060, sensor_574, sensor_310",1,0,"The record is assigned to Engineering Review with a calibrated failure probability of 5.38%. The first statistical sensor measurements to investigate are sensor_317, sensor_104, sensor_060. This ranking is based on model attribution, robust deviation, global importance and recurrence in observed failure explanations. It does not establish a physical root cause."
WF-000321,0,Pass,High Risk,0.1258310775114571,0.3077908122238149,0.6922091877761851,0.5913806863527534,0.3,sensor_060,0.9249999999999999,Very High,"sensor_060, sensor_206, sensor_104, sensor_478, sensor_342",4,0,"The record is assigned to High Risk with a calibrated failure probability of 12.58%. The first statistical sensor measurements to investigate are sensor_060, sensor_206, sensor_104. This ranking is based on model attribution, robust deviation, global importance and recurrence in observed failure explanations. It does not establish a physical root cause."
WF-000326,0,Pass,High Risk,0.1758060533040049,0.2995375613006412,0.7004624386993588,0.6679968076616121,0.4499423937475248,sensor_104,0.9,Very High,"sensor_104, sensor_478, sensor_206, sensor_342, sensor_060",4,0,"The record is assigned to High Risk with a calibrated failure probability of 17.58%. The first statistical sensor measurements to investigate are sensor_104, sensor_478, sensor_206. This ranking is based on model attribution, robust deviation, global importance and recurrence in observed failure explanations. It does not establish a physical root cause."
WF-000327,1,Fail,High Risk,0.1602795371211892,0.2538371262609686,0.7461628737390313,0.9664804469273743,0.0,sensor_060,0.9,Very High,"sensor_060, sensor_478, sensor_104, sensor_206, sensor_342",4,0,"The record is assigned to High Risk with a calibrated failure probability of 16.03%. The first statistical sensor measurements to investigate are sensor_060, sensor_478, sensor_104. This ranking is based on model attribution, robust deviation, global importance and recurrence in observed failure explanations. It does not establish a physical root cause."
WF-000332,0,Pass,Engineering Review,0.065246456767347,0.3930199381567751,0.6069800618432248,0.9489225857940942,0.061192501127141,sensor_104,0.7,Moderate,"sensor_104, sensor_478, sensor_153, sensor_206, sensor_288",0,0,"The record is assigned to Engineering Review with a calibrated failure probability of 6.52%. The first statistical sensor measurements to investigate are sensor_104, sensor_478, sensor_153. This ranking is based on model attribution, robust deviation, global importance and recurrence in observed failure explanations. It does not establish a physical root cause."
WF-000337,1,Fail,High Risk,0.1620322241434947,0.1859828926408584,0.8140171073591416,0.5227454110135674,0.0,sensor_065,0.7375,High,"sensor_065, sensor_060, sensor_104, sensor_153, sensor_064",3,0,"The record is assigned to High Risk with a calibrated failure probability of 16.20%. The first statistical sensor measurements to investigate are sensor_065, sensor_060, sensor_104. This ranking is based on model attribution, robust deviation, global importance and recurrence in observed failure explanations. It does not establish a physical root cause."
WF-000338,0,Pass,Low Risk,0.0253537726731054,0.3567795353907665,0.6432204646092334,0.16999201915403028,0.010122395563789,sensor_206,0.85,Very High,"sensor_206, sensor_342, sensor_104, sensor_511, sensor_032",2,0,"The record is assigned to Low Risk with a calibrated failure probability of 2.54%. The first statistical sensor measurements to investigate are sensor_206, sensor_342, sensor_104. This ranking is based on model attribution, robust deviation, global importance and recurrence in observed failure explanations. It does not establish a physical root cause."
WF-000343,0,Pass,High Risk,0.0814487425053567,0.37839798192844,0.62160201807156,0.7158818834796488,0.1252863864932425,sensor_104,0.85,Very High,"sensor_104, sensor_511, sensor_034, sensor_060, sensor_317",3,0,"The record is assigned to High Risk with a calibrated failure probability of 8.14%. The first statistical sensor measurements to investigate are sensor_104, sensor_511, sensor_034. This ranking is based on model attribution, robust deviation, global importance and recurrence in observed failure explanations. It does not establish a physical root cause."
WF-000345,1,Fail,Engineering Review,0.0687648573608557,0.3236884508646423,0.6763115491353577,0.5538707102952913,0.0,sensor_060,0.9,Very High,"sensor_060, sensor_153, sensor_520, sensor_386, sensor_104",1,0,"The record is assigned to Engineering Review with a calibrated failure probability of 6.88%. The first statistical sensor measurements to investigate are sensor_060, sensor_153, sensor_520. This ranking is based on model attribution, robust deviation, global importance and recurrence in observed failure explanations. It does not establish a physical root cause."
WF-000346,0,Pass,High Risk,0.1503474571733583,0.2776952390899502,0.7223047609100497,0.32561851556264965,0.0,sensor_104,0.95,Very High,"sensor_104, sensor_511, sensor_060, sensor_153, sensor_476",3,0,"The record is assigned to High Risk with a calibrated failure probability of 15.03%. The first statistical sensor measurements to investigate are sensor_104, sensor_511, sensor_060. This ranking is based on model attribution, robust deviation, global importance and recurrence in observed failure explanations. It does not establish a physical root cause."
WF-000367,0,Pass,Engineering Review,0.0433363889036841,0.3931030129803837,0.6068969870196163,0.553072625698324,0.0840648732157719,sensor_060,0.9249999999999999,Very High,"sensor_060, sensor_104, sensor_432, sensor_478, sensor_206",1,0,"The record is assigned to Engineering Review with a calibrated failure probability of 4.33%. The first statistical sensor measurements to investigate are sensor_060, sensor_104, sensor_432. This ranking is based on model attribution, robust deviation, global importance and recurrence in observed failure explanations. It does not establish a physical root cause."
WF-000370,0,Pass,Engineering Review,0.0516183485221198,0.3919885941020909,0.608011405897909,0.7310454908220272,0.0,sensor_511,0.65,Moderate,"sensor_511, sensor_104, sensor_282, sensor_034, sensor_317",0,0,"The record is assigned to Engineering Review with a calibrated failure probability of 5.16%. The first statistical sensor measurements to investigate are sensor_511, sensor_104, sensor_282. This ranking is based on model attribution, robust deviation, global importance and recurrence in observed failure explanations. It does not establish a physical root cause."
WF-000384,0,Pass,High Risk,0.1083175541615425,0.1667206151448141,0.8332793848551858,0.3112529928172386,0.0,sensor_153,0.75,High,"sensor_153, sensor_034, sensor_104, sensor_288, sensor_426",2,0,"The record is assigned to High Risk with a calibrated failure probability of 10.83%. The first statistical sensor measurements to investigate are sensor_153, sensor_034, sensor_104. This ranking is based on model attribution, robust deviation, global importance and recurrence in observed failure explanations. It does not establish a physical root cause."
WF-000391,0,Pass,Engineering Review,0.0481135830090228,0.4289315999905884,0.5710684000094116,0.6185155626496409,0.0,sensor_104,0.875,Very High,"sensor_104, sensor_317, sensor_032, sensor_060, sensor_034",1,0,"The record is assigned to Engineering Review with a calibrated failure probability of 4.81%. The first statistical sensor measurements to investigate are sensor_104, sensor_317, sensor_032. This ranking is based on model attribution, robust deviation, global importance and recurrence in observed failure explanations. It does not establish a physical root cause."
WF-000393,1,Fail,Engineering Review,0.0563079658235813,0.3527807822099051,0.6472192177900948,0.36871508379888274,0.0567631780115554,sensor_060,0.7999999999999999,High,"sensor_060, sensor_214, sensor_104, sensor_478, sensor_206",1,0,"The record is assigned to Engineering Review with a calibrated failure probability of 5.63%. The first statistical sensor measurements to investigate are sensor_060, sensor_214, sensor_104. This ranking is based on model attribution, robust deviation, global importance and recurrence in observed failure explanations. It does not establish a physical root cause."
WF-000398,0,Pass,High Risk,0.081353766436341,0.4028354769189939,0.5971645230810061,0.7438148443735035,0.0,sensor_478,0.8499999999999999,Very High,"sensor_478, sensor_206, sensor_034, sensor_104, sensor_342",4,0,"The record is assigned to High Risk with a calibrated failure probability of 8.14%. The first statistical sensor measurements to investigate are sensor_478, sensor_206, sensor_034. This ranking is based on model attribution, robust deviation, global importance and recurrence in observed failure explanations. It does not establish a physical root cause."
WF-000400,0,Pass,Engineering Review,0.049321172754477,0.300327356990125,0.699672643009875,0.169193934557063,0.1631326750379392,sensor_104,0.9,Very High,"sensor_104, sensor_511, sensor_034, sensor_032, sensor_282",3,0,"The record is assigned to Engineering Review with a calibrated failure probability of 4.93%. The first statistical sensor measurements to investigate are sensor_104, sensor_511, sensor_034. This ranking is based on model attribution, robust deviation, global importance and recurrence in observed failure explanations. It does not establish a physical root cause."
WF-000435,0,Pass,High Risk,0.1117264891273574,0.246770151989995,0.753229848010005,0.9050279329608939,0.1068639917772345,sensor_104,0.875,Very High,"sensor_104, sensor_153, sensor_034, sensor_032, sensor_478",1,0,"The record is assigned to High Risk with a calibrated failure probability of 11.17%. The first statistical sensor measurements to investigate are sensor_104, sensor_153, sensor_034. This ranking is based on model attribution, robust deviation, global importance and recurrence in observed failure explanations. It does not establish a physical root cause."
WF-000436,0,Pass,High Risk,0.0825632478349338,0.2955147580266538,0.7044852419733462,0.9960095770151637,0.0,sensor_060,0.95,Very High,"sensor_060, sensor_034, sensor_153, sensor_104, sensor_064",3,0,"The record is assigned to High Risk with a calibrated failure probability of 8.26%. The first statistical sensor measurements to investigate are sensor_060, sensor_034, sensor_153. This ranking is based on model attribution, robust deviation, global importance and recurrence in observed failure explanations. It does not establish a physical root cause."
WF-000441,0,Pass,Low Risk,0.0337460924926869,0.3176316226706197,0.6823683773293803,0.11731843575418999,0.060446199106651,sensor_104,0.7875,Moderate,"sensor_104, sensor_015, sensor_060, sensor_034, sensor_478",0,0,"The record is assigned to Low Risk with a calibrated failure probability of 3.37%. The first statistical sensor measurements to investigate are sensor_104, sensor_015, sensor_060. This ranking is based on model attribution, robust deviation, global importance and recurrence in observed failure explanations. It does not establish a physical root cause."
WF-000443,0,Pass,Engineering Review,0.070261084641459,0.4021142783648853,0.5978857216351148,0.7924980047885076,0.0,sensor_206,0.8,Very High,"sensor_206, sensor_065, sensor_060, sensor_104, sensor_317",2,0,"The record is assigned to Engineering Review with a calibrated failure probability of 7.03%. The first statistical sensor measurements to investigate are sensor_206, sensor_065, sensor_060. This ranking is based on model attribution, robust deviation, global importance and recurrence in observed failure explanations. It does not establish a physical root cause."
WF-000445,0,Pass,Engineering Review,0.0527244553091201,0.2088607534148435,0.7911392465851564,0.2482043096568236,0.0,sensor_104,0.85,Very High,"sensor_104, sensor_317, sensor_015, sensor_520, sensor_469",3,0,"The record is assigned to Engineering Review with a calibrated failure probability of 5.27%. The first statistical sensor measurements to investigate are sensor_104, sensor_317, sensor_015. This ranking is based on model attribution, robust deviation, global importance and recurrence in observed failure explanations. It does not establish a physical root cause."
WF-000450,0,Pass,Engineering Review,0.0780687049992616,0.3396589310183181,0.6603410689816819,0.6512370311252993,0.0848255106464877,sensor_342,0.7250000000000001,High,"sensor_342, sensor_015, sensor_104, sensor_578, sensor_001",2,0,"The record is assigned to Engineering Review with a calibrated failure probability of 7.81%. The first statistical sensor measurements to investigate are sensor_342, sensor_015, sensor_104. This ranking is based on model attribution, robust deviation, global importance and recurrence in observed failure explanations. It does not establish a physical root cause."
WF-000451,0,Pass,Engineering Review,0.059693106965671,0.2890750365647134,0.7109249634352865,0.1580207501995211,0.0,sensor_034,0.7250000000000001,High,"sensor_034, sensor_060, sensor_065, sensor_104, sensor_032",2,0,"The record is assigned to Engineering Review with a calibrated failure probability of 5.97%. The first statistical sensor measurements to investigate are sensor_034, sensor_060, sensor_065. This ranking is based on model attribution, robust deviation, global importance and recurrence in observed failure explanations. It does not establish a physical root cause."
WF-000456,0,Pass,Low Risk,0.0231566041013922,0.3845322122283467,0.6154677877716532,0.37190742218675177,0.2049558166208989,sensor_206,0.65,Moderate,"sensor_206, sensor_478, sensor_104, sensor_034, sensor_342",0,0,"The record is assigned to Low Risk with a calibrated failure probability of 2.32%. The first statistical sensor measurements to investigate are sensor_206, sensor_478, sensor_104. This ranking is based on model attribution, robust deviation, global importance and recurrence in observed failure explanations. It does not establish a physical root cause."
WF-000459,0,Pass,Engineering Review,0.0703880901952532,0.3171860517048637,0.6828139482951363,0.6544293695131684,0.2674220456532477,sensor_104,0.85,Very High,"sensor_104, sensor_034, sensor_520, sensor_317, sensor_060",3,0,"The record is assigned to Engineering Review with a calibrated failure probability of 7.04%. The first statistical sensor measurements to investigate are sensor_104, sensor_034, sensor_520. This ranking is based on model attribution, robust deviation, global importance and recurrence in observed failure explanations. It does not establish a physical root cause."
WF-000460,0,Pass,Engineering Review,0.0527357214831558,0.4568567771864262,0.5431432228135737,0.9361532322426178,0.0866168832555745,sensor_104,0.875,Very High,"sensor_104, sensor_511, sensor_478, sensor_206, sensor_426",2,0,"The record is assigned to Engineering Review with a calibrated failure probability of 5.27%. The first statistical sensor measurements to investigate are sensor_104, sensor_511, sensor_478. This ranking is based on model attribution, robust deviation, global importance and recurrence in observed failure explanations. It does not establish a physical root cause."
WF-000461,0,Pass,High Risk,0.0916390001200131,0.2729614092316619,0.7270385907683381,0.30327214684756587,0.0,sensor_104,0.85,Very High,"sensor_104, sensor_034, sensor_520, sensor_386, sensor_060",3,0,"The record is assigned to High Risk with a calibrated failure probability of 9.16%. The first statistical sensor measurements to investigate are sensor_104, sensor_034, sensor_520. This ranking is based on model attribution, robust deviation, global importance and recurrence in observed failure explanations. It does not establish a physical root cause."
WF-000462,0,Pass,Engineering Review,0.056605026107768,0.3211440148833948,0.6788559851166052,0.5059856344772546,0.0714284304093069,sensor_034,0.8500000000000001,Very High,"sensor_034, sensor_424, sensor_015, sensor_104, sensor_206",3,0,"The record is assigned to Engineering Review with a calibrated failure probability of 5.66%. The first statistical sensor measurements to investigate are sensor_034, sensor_424, sensor_015. This ranking is based on model attribution, robust deviation, global importance and recurrence in observed failure explanations. It does not establish a physical root cause."
WF-000465,0,Pass,High Risk,0.080974732001453,0.3288158320296104,0.6711841679703896,0.34636871508379885,0.2777327369279818,sensor_104,0.975,Very High,"sensor_104, sensor_511, sensor_103, sensor_282, sensor_060",2,0,"The record is assigned to High Risk with a calibrated failure probability of 8.10%. The first statistical sensor measurements to investigate are sensor_104, sensor_511, sensor_103. This ranking is based on model attribution, robust deviation, global importance and recurrence in observed failure explanations. It does not establish a physical root cause."
WF-000477,0,Pass,Engineering Review,0.0565693144170977,0.3368026790197262,0.6631973209802737,0.35674381484437345,0.0,sensor_060,0.875,Very High,"sensor_060, sensor_104, sensor_065, sensor_478, sensor_034",2,0,"The record is assigned to Engineering Review with a calibrated failure probability of 5.66%. The first statistical sensor measurements to investigate are sensor_060, sensor_104, sensor_065. This ranking is based on model attribution, robust deviation, global importance and recurrence in observed failure explanations. It does not establish a physical root cause."
WF-000497,0,Pass,Engineering Review,0.0493746711077056,0.3458840093336802,0.6541159906663199,0.9377494014365523,0.0,sensor_432,0.7250000000000001,High,"sensor_432, sensor_104, sensor_032, sensor_060, sensor_478",1,0,"The record is assigned to Engineering Review with a calibrated failure probability of 4.94%. The first statistical sensor measurements to investigate are sensor_432, sensor_104, sensor_032. This ranking is based on model attribution, robust deviation, global importance and recurrence in observed failure explanations. It does not establish a physical root cause."
WF-000501,0,Pass,Engineering Review,0.0522753435504643,0.4050037501500408,0.5949962498499592,0.9489225857940942,0.0,sensor_424,0.7125,High,"sensor_424, sensor_060, sensor_386, sensor_034, sensor_104",3,0,"The record is assigned to Engineering Review with a calibrated failure probability of 5.23%. The first statistical sensor measurements to investigate are sensor_424, sensor_060, sensor_386. This ranking is based on model attribution, robust deviation, global importance and recurrence in observed failure explanations. It does not establish a physical root cause."
WF-000513,0,Pass,Low Risk,0.0285030275934763,0.459680133209711,0.540319866790289,0.8515562649640862,0.0,sensor_104,0.725,Moderate,"sensor_104, sensor_511, sensor_015, sensor_060, sensor_389",0,1,"The record is assigned to Low Risk with a calibrated failure probability of 2.85%. The first statistical sensor measurements to investigate are sensor_104, sensor_511, sensor_015. This ranking is based on model attribution, robust deviation, global importance and recurrence in observed failure explanations. It does not establish a physical root cause."
WF-000516,0,Pass,High Risk,0.0958298481546696,0.3064157317995982,0.6935842682004019,0.5778132482043097,0.0,sensor_060,0.9,Very High,"sensor_060, sensor_104, sensor_153, sensor_478, sensor_206",2,0,"The record is assigned to High Risk with a calibrated failure probability of 9.58%. The first statistical sensor measurements to investigate are sensor_060, sensor_104, sensor_153. This ranking is based on model attribution, robust deviation, global importance and recurrence in observed failure explanations. It does not establish a physical root cause."
WF-000519,1,Fail,High Risk,0.0920218471522257,0.2390764535929155,0.7609235464070845,0.11811652035115727,0.0,sensor_060,0.875,Very High,"sensor_060, sensor_478, sensor_206, sensor_342, sensor_104",4,0,"The record is assigned to High Risk with a calibrated failure probability of 9.20%. The first statistical sensor measurements to investigate are sensor_060, sensor_478, sensor_206. This ranking is based on model attribution, robust deviation, global importance and recurrence in observed failure explanations. It does not establish a physical root cause."
WF-000521,0,Pass,Engineering Review,0.0781913240428275,0.3639075706512817,0.6360924293487182,0.6536312849162011,0.0,sensor_511,0.8500000000000001,Very High,"sensor_511, sensor_104, sensor_034, sensor_478, sensor_206",2,0,"The record is assigned to Engineering Review with a calibrated failure probability of 7.82%. The first statistical sensor measurements to investigate are sensor_511, sensor_104, sensor_034. This ranking is based on model attribution, robust deviation, global importance and recurrence in observed failure explanations. It does not establish a physical root cause."
WF-000525,0,Pass,Engineering Review,0.0587311360002732,0.3244888532604352,0.6755111467395648,0.4972067039106145,0.1001047480847349,sensor_317,0.8,Very High,"sensor_317, sensor_578, sensor_104, sensor_060, sensor_103",1,0,"The record is assigned to Engineering Review with a calibrated failure probability of 5.87%. The first statistical sensor measurements to investigate are sensor_317, sensor_578, sensor_104. This ranking is based on model attribution, robust deviation, global importance and recurrence in observed failure explanations. It does not establish a physical root cause."
WF-000528,0,Pass,Engineering Review,0.0381657557069309,0.3510727691007168,0.6489272308992832,0.3280127693535515,0.0,sensor_104,0.6625,Moderate,"sensor_104, sensor_478, sensor_060, sensor_103, sensor_032",0,0,"The record is assigned to Engineering Review with a calibrated failure probability of 3.82%. The first statistical sensor measurements to investigate are sensor_104, sensor_478, sensor_060. This ranking is based on model attribution, robust deviation, global importance and recurrence in observed failure explanations. It does not establish a physical root cause."
WF-000531,0,Pass,Low Risk,0.0320711492468924,0.3796917872283974,0.6203082127716026,0.4134078212290503,0.0,sensor_104,0.7,Moderate,"sensor_104, sensor_478, sensor_214, sensor_032, sensor_476",0,0,"The record is assigned to Low Risk with a calibrated failure probability of 3.21%. The first statistical sensor measurements to investigate are sensor_104, sensor_478, sensor_214. This ranking is based on model attribution, robust deviation, global importance and recurrence in observed failure explanations. It does not establish a physical root cause."
WF-000534,0,Pass,Engineering Review,0.038943601096623,0.3686208205536819,0.6313791794463182,0.43655227454110135,0.0,sensor_478,0.8500000000000001,Very High,"sensor_478, sensor_206, sensor_104, sensor_342, sensor_060",3,0,"The record is assigned to Engineering Review with a calibrated failure probability of 3.89%. The first statistical sensor measurements to investigate are sensor_478, sensor_206, sensor_104. This ranking is based on model attribution, robust deviation, global importance and recurrence in observed failure explanations. It does not establish a physical root cause."
WF-000536,0,Pass,Engineering Review,0.0625372168080231,0.4111796620541439,0.5888203379458561,0.9664804469273743,0.0,sensor_478,0.9,Very High,"sensor_478, sensor_206, sensor_342, sensor_104, sensor_432",3,0,"The record is assigned to Engineering Review with a calibrated failure probability of 6.25%. The first statistical sensor measurements to investigate are sensor_478, sensor_206, sensor_342. This ranking is based on model attribution, robust deviation, global importance and recurrence in observed failure explanations. It does not establish a physical root cause."
WF-000546,0,Pass,Engineering Review,0.0387746331375065,0.3485351562965452,0.6514648437034548,0.27853152434158024,0.0818209867568191,sensor_317,0.7499999999999999,High,"sensor_317, sensor_104, sensor_034, sensor_032, sensor_060",1,0,"The record is assigned to Engineering Review with a calibrated failure probability of 3.88%. The first statistical sensor measurements to investigate are sensor_317, sensor_104, sensor_034. This ranking is based on model attribution, robust deviation, global importance and recurrence in observed failure explanations. It does not establish a physical root cause."
WF-000550,0,Pass,Engineering Review,0.0414907756863708,0.4090702180192634,0.5909297819807365,0.9792498004788508,0.2621183422323556,sensor_034,0.8999999999999999,Very High,"sensor_034, sensor_104, sensor_478, sensor_206, sensor_342",1,0,"The record is assigned to Engineering Review with a calibrated failure probability of 4.15%. The first statistical sensor measurements to investigate are sensor_034, sensor_104, sensor_478. This ranking is based on model attribution, robust deviation, global importance and recurrence in observed failure explanations. It does not establish a physical root cause."
WF-000554,0,Pass,Low Risk,0.02463606235205,0.4837253992009918,0.5162746007990082,0.9960095770151637,0.0,sensor_214,0.675,Moderate,"sensor_214, sensor_206, sensor_104, sensor_352, sensor_060",0,0,"The record is assigned to Low Risk with a calibrated failure probability of 2.46%. The first statistical sensor measurements to investigate are sensor_214, sensor_206, sensor_104. This ranking is based on model attribution, robust deviation, global importance and recurrence in observed failure explanations. It does not establish a physical root cause."
WF-000564,0,Pass,High Risk,0.1215244773666268,0.2444129874081834,0.7555870125918165,0.3232242617717478,0.156576449593868,sensor_478,0.8999999999999999,Very High,"sensor_478, sensor_206, sensor_104, sensor_342, sensor_060",3,0,"The record is assigned to High Risk with a calibrated failure probability of 12.15%. The first statistical sensor measurements to investigate are sensor_478, sensor_206, sensor_104. This ranking is based on model attribution, robust deviation, global importance and recurrence in observed failure explanations. It does not establish a physical root cause."
WF-000570,0,Pass,Engineering Review,0.0470217662582769,0.31371651860435,0.68628348139565,0.5163607342378291,0.0,sensor_015,0.7124999999999999,High,"sensor_015, sensor_478, sensor_104, sensor_032, sensor_206",1,0,"The record is assigned to Engineering Review with a calibrated failure probability of 4.70%. The first statistical sensor measurements to investigate are sensor_015, sensor_478, sensor_104. This ranking is based on model attribution, robust deviation, global importance and recurrence in observed failure explanations. It does not establish a physical root cause."
WF-000571,0,Pass,Engineering Review,0.0365610341534805,0.3405056071017188,0.6594943928982812,0.1532322426177175,0.0,sensor_104,0.8125,Moderate,"sensor_104, sensor_424, sensor_060, sensor_511, sensor_032",1,0,"The record is assigned to Engineering Review with a calibrated failure probability of 3.66%. The first statistical sensor measurements to investigate are sensor_104, sensor_424, sensor_060. This ranking is based on model attribution, robust deviation, global importance and recurrence in observed failure explanations. It does not establish a physical root cause."
WF-000572,0,Pass,Engineering Review,0.0683636751133987,0.3445752506569946,0.6554247493430054,0.2745411013567438,0.0645647255772838,sensor_520,0.75,High,"sensor_520, sensor_104, sensor_206, sensor_386, sensor_511",2,0,"The record is assigned to Engineering Review with a calibrated failure probability of 6.84%. The first statistical sensor measurements to investigate are sensor_520, sensor_104, sensor_206. This ranking is based on model attribution, robust deviation, global importance and recurrence in observed failure explanations. It does not establish a physical root cause."
WF-000577,1,Fail,Engineering Review,0.0618579242797185,0.3073449008036745,0.6926550991963254,0.06703910614525144,0.0,sensor_104,0.7,Moderate,"sensor_104, sensor_282, sensor_034, sensor_317, sensor_478",0,0,"The record is assigned to Engineering Review with a calibrated failure probability of 6.19%. The first statistical sensor measurements to investigate are sensor_104, sensor_282, sensor_034. This ranking is based on model attribution, robust deviation, global importance and recurrence in observed failure explanations. It does not establish a physical root cause."
WF-000583,0,Pass,Engineering Review,0.0595071627983477,0.3037015086198507,0.6962984913801493,0.30965682362330404,0.0598446660344594,sensor_104,0.7375,Moderate,"sensor_104, sensor_206, sensor_103, sensor_015, sensor_060",0,0,"The record is assigned to Engineering Review with a calibrated failure probability of 5.95%. The first statistical sensor measurements to investigate are sensor_104, sensor_206, sensor_103. This ranking is based on model attribution, robust deviation, global importance and recurrence in observed failure explanations. It does not establish a physical root cause."
WF-000588,0,Pass,Engineering Review,0.0546552507674919,0.393641968542234,0.6063580314577659,0.6400638467677574,0.1060549130621794,sensor_060,0.7374999999999999,Moderate,"sensor_060, sensor_103, sensor_104, sensor_032, sensor_034",1,0,"The record is assigned to Engineering Review with a calibrated failure probability of 5.47%. The first statistical sensor measurements to investigate are sensor_060, sensor_103, sensor_104. This ranking is based on model attribution, robust deviation, global importance and recurrence in observed failure explanations. It does not establish a physical root cause."
WF-000605,0,Pass,Low Risk,0.0277391866556808,0.4500635305807434,0.5499364694192566,0.8292098962490024,0.0,sensor_015,0.75,High,"sensor_015, sensor_060, sensor_104, sensor_478, sensor_282",1,0,"The record is assigned to Low Risk with a calibrated failure probability of 2.77%. The first statistical sensor measurements to investigate are sensor_015, sensor_060, sensor_104. This ranking is based on model attribution, robust deviation, global importance and recurrence in observed failure explanations. It does not establish a physical root cause."
WF-000612,0,Pass,Engineering Review,0.0391131357234496,0.3010219408382711,0.6989780591617288,0.34158020750199525,0.0730273802721361,sensor_478,0.75,High,"sensor_478, sensor_520, sensor_342, sensor_153, sensor_104",3,0,"The record is assigned to Engineering Review with a calibrated failure probability of 3.91%. The first statistical sensor measurements to investigate are sensor_478, sensor_520, sensor_342. This ranking is based on model attribution, robust deviation, global importance and recurrence in observed failure explanations. It does not establish a physical root cause."
WF-000616,0,Pass,Low Risk,0.0122494254630322,0.4978736563832621,0.5021263436167378,0.9449321628092578,0.0,sensor_511,0.65,Moderate,"sensor_511, sensor_104, sensor_214, sensor_060, sensor_352",0,0,"The record is assigned to Low Risk with a calibrated failure probability of 1.22%. The first statistical sensor measurements to investigate are sensor_511, sensor_104, sensor_214. This ranking is based on model attribution, robust deviation, global importance and recurrence in observed failure explanations. It does not establish a physical root cause."
WF-000622,0,Pass,Low Risk,0.0223167881014539,0.3571248136412773,0.6428751863587227,0.16759776536312854,0.0894234797749116,sensor_034,0.8250000000000001,Very High,"sensor_034, sensor_104, sensor_478, sensor_060, sensor_206",2,0,"The record is assigned to Low Risk with a calibrated failure probability of 2.23%. The first statistical sensor measurements to investigate are sensor_034, sensor_104, sensor_478. This ranking is based on model attribution, robust deviation, global importance and recurrence in observed failure explanations. It does not establish a physical root cause."
WF-000628,0,Pass,Engineering Review,0.0463148261190744,0.3493846219653509,0.6506153780346491,0.699122106943336,0.123330050765477,sensor_511,0.7999999999999999,High,"sensor_511, sensor_153, sensor_060, sensor_426, sensor_589",2,0,"The record is assigned to Engineering Review with a calibrated failure probability of 4.63%. The first statistical sensor measurements to investigate are sensor_511, sensor_153, sensor_060. This ranking is based on model attribution, robust deviation, global importance and recurrence in observed failure explanations. It does not establish a physical root cause."
WF-000629,0,Pass,Low Risk,0.0265960168206336,0.4011926030508802,0.5988073969491198,0.5522745411013568,0.0936745194589476,sensor_060,0.7,Moderate,"sensor_060, sensor_032, sensor_282, sensor_104, sensor_478",0,0,"The record is assigned to Low Risk with a calibrated failure probability of 2.66%. The first statistical sensor measurements to investigate are sensor_060, sensor_032, sensor_282. This ranking is based on model attribution, robust deviation, global importance and recurrence in observed failure explanations. It does not establish a physical root cause."
WF-000630,0,Pass,Low Risk,0.0278699994602215,0.4951076853856093,0.5048923146143907,0.8810853950518756,0.1396225174665057,sensor_060,0.65,Moderate,"sensor_060, sensor_104, sensor_478, sensor_589, sensor_206",0,0,"The record is assigned to Low Risk with a calibrated failure probability of 2.79%. The first statistical sensor measurements to investigate are sensor_060, sensor_104, sensor_478. This ranking is based on model attribution, robust deviation, global importance and recurrence in observed failure explanations. It does not establish a physical root cause."
WF-000631,0,Pass,Engineering Review,0.0671575177307038,0.3225573472489067,0.6774426527510933,0.6145251396648045,0.0,sensor_104,0.8,Very High,"sensor_104, sensor_153, sensor_478, sensor_064, sensor_206",2,0,"The record is assigned to Engineering Review with a calibrated failure probability of 6.72%. The first statistical sensor measurements to investigate are sensor_104, sensor_153, sensor_478. This ranking is based on model attribution, robust deviation, global importance and recurrence in observed failure explanations. It does not establish a physical root cause."
WF-000644,0,Pass,Engineering Review,0.0674301676033938,0.3093740136802027,0.6906259863197972,0.24581005586592175,0.0,sensor_065,0.8,Very High,"sensor_065, sensor_060, sensor_066, sensor_104, sensor_214",1,0,"The record is assigned to Engineering Review with a calibrated failure probability of 6.74%. The first statistical sensor measurements to investigate are sensor_065, sensor_060, sensor_066. This ranking is based on model attribution, robust deviation, global importance and recurrence in observed failure explanations. It does not establish a physical root cause."
WF-000653,0,Pass,Engineering Review,0.0764582147901078,0.2013106415283714,0.7986893584716286,0.41021548284118114,0.0342151306714565,sensor_104,0.95,Very High,"sensor_104, sensor_511, sensor_060, sensor_034, sensor_478",2,0,"The record is assigned to Engineering Review with a calibrated failure probability of 7.65%. The first statistical sensor measurements to investigate are sensor_104, sensor_511, sensor_060. This ranking is based on model attribution, robust deviation, global importance and recurrence in observed failure explanations. It does not establish a physical root cause."
WF-000659,0,Pass,Low Risk,0.0342839994440544,0.3777420476457422,0.6222579523542577,0.8731045490822028,0.0,sensor_424,0.7375,High,"sensor_424, sensor_060, sensor_104, sensor_032, sensor_489",1,0,"The record is assigned to Low Risk with a calibrated failure probability of 3.43%. The first statistical sensor measurements to investigate are sensor_424, sensor_060, sensor_104. This ranking is based on model attribution, robust deviation, global importance and recurrence in observed failure explanations. It does not establish a physical root cause."
WF-000667,0,Pass,Engineering Review,0.0395349546921264,0.3572446262853,0.6427553737147,0.5155626496408621,0.0694877423155795,sensor_104,0.85,Very High,"sensor_104, sensor_511, sensor_015, sensor_032, sensor_520",2,0,"The record is assigned to Engineering Review with a calibrated failure probability of 3.95%. The first statistical sensor measurements to investigate are sensor_104, sensor_511, sensor_015. This ranking is based on model attribution, robust deviation, global importance and recurrence in observed failure explanations. It does not establish a physical root cause."
WF-000675,0,Pass,Low Risk,0.0274244105177695,0.4067563316476548,0.5932436683523452,0.4764565043894653,0.0,sensor_104,0.8,Very High,"sensor_104, sensor_153, sensor_034, sensor_181, sensor_317",2,0,"The record is assigned to Low Risk with a calibrated failure probability of 2.74%. The first statistical sensor measurements to investigate are sensor_104, sensor_153, sensor_034. This ranking is based on model attribution, robust deviation, global importance and recurrence in observed failure explanations. It does not establish a physical root cause."
WF-000679,0,Pass,Engineering Review,0.0450651238955002,0.3297198275954265,0.6702801724045735,0.6153232242617718,0.0838470924402742,sensor_034,0.8500000000000001,Very High,"sensor_034, sensor_206, sensor_104, sensor_060, sensor_282",2,0,"The record is assigned to Engineering Review with a calibrated failure probability of 4.51%. The first statistical sensor measurements to investigate are sensor_034, sensor_206, sensor_104. This ranking is based on model attribution, robust deviation, global importance and recurrence in observed failure explanations. It does not establish a physical root cause."
WF-000690,0,Pass,High Risk,0.1403861357013753,0.2042636023153765,0.7957363976846235,0.461292897047087,0.1986318928131444,sensor_104,1.0,Very High,"sensor_104, sensor_034, sensor_511, sensor_015, sensor_349",2,0,"The record is assigned to High Risk with a calibrated failure probability of 14.04%. The first statistical sensor measurements to investigate are sensor_104, sensor_034, sensor_511. This ranking is based on model attribution, robust deviation, global importance and recurrence in observed failure explanations. It does not establish a physical root cause."
WF-000694,0,Pass,Low Risk,0.0156205708782122,0.4454883602345935,0.5545116397654064,0.9377494014365523,0.0,sensor_511,0.7999999999999999,High,"sensor_511, sensor_060, sensor_104, sensor_478, sensor_206",1,0,"The record is assigned to Low Risk with a calibrated failure probability of 1.56%. The first statistical sensor measurements to investigate are sensor_511, sensor_060, sensor_104. This ranking is based on model attribution, robust deviation, global importance and recurrence in observed failure explanations. It does not establish a physical root cause."
WF-000699,0,Pass,Engineering Review,0.047695357261218,0.2614421896775487,0.7385578103224513,0.13567438148443733,0.0781948168772044,sensor_424,0.7875,High,"sensor_424, sensor_104, sensor_282, sensor_015, sensor_181",1,0,"The record is assigned to Engineering Review with a calibrated failure probability of 4.77%. The first statistical sensor measurements to investigate are sensor_424, sensor_104, sensor_282. This ranking is based on model attribution, robust deviation, global importance and recurrence in observed failure explanations. It does not establish a physical root cause."
WF-000706,0,Pass,Engineering Review,0.0393909651156156,0.3370818544214279,0.662918145578572,0.16520351157222668,0.0,sensor_032,0.7124999999999999,Moderate,"sensor_032, sensor_104, sensor_478, sensor_472, sensor_022",0,0,"The record is assigned to Engineering Review with a calibrated failure probability of 3.94%. The first statistical sensor measurements to investigate are sensor_032, sensor_104, sensor_478. This ranking is based on model attribution, robust deviation, global importance and recurrence in observed failure explanations. It does not establish a physical root cause."
WF-000707,0,Pass,Engineering Review,0.0603287179363219,0.3132411319876762,0.6867588680123238,0.2641660015961692,0.0,sensor_478,0.825,Very High,"sensor_478, sensor_104, sensor_511, sensor_206, sensor_342",3,0,"The record is assigned to Engineering Review with a calibrated failure probability of 6.03%. The first statistical sensor measurements to investigate are sensor_478, sensor_104, sensor_511. This ranking is based on model attribution, robust deviation, global importance and recurrence in observed failure explanations. It does not establish a physical root cause."
WF-000708,0,Pass,Engineering Review,0.0473835448352099,0.4056680014932704,0.5943319985067296,0.9704708699122107,0.0,sensor_342,0.825,Very High,"sensor_342, sensor_478, sensor_206, sensor_104, sensor_032",3,0,"The record is assigned to Engineering Review with a calibrated failure probability of 4.74%. The first statistical sensor measurements to investigate are sensor_342, sensor_478, sensor_206. This ranking is based on model attribution, robust deviation, global importance and recurrence in observed failure explanations. It does not establish a physical root cause."
WF-000709,0,Pass,Low Risk,0.0283070992209167,0.4622526594167971,0.537747340583203,0.7015163607342378,0.0,sensor_478,0.8500000000000001,Very High,"sensor_478, sensor_206, sensor_104, sensor_342, sensor_060",3,0,"The record is assigned to Low Risk with a calibrated failure probability of 2.83%. The first statistical sensor measurements to investigate are sensor_478, sensor_206, sensor_104. This ranking is based on model attribution, robust deviation, global importance and recurrence in observed failure explanations. It does not establish a physical root cause."
WF-000713,0,Pass,Low Risk,0.017998145378469,0.4262656180604821,0.5737343819395179,0.8236233040702314,0.0220110531587878,sensor_060,0.65,Moderate,"sensor_060, sensor_104, sensor_034, sensor_032, sensor_478",0,0,"The record is assigned to Low Risk with a calibrated failure probability of 1.80%. The first statistical sensor measurements to investigate are sensor_060, sensor_104, sensor_034. This ranking is based on model attribution, robust deviation, global importance and recurrence in observed failure explanations. It does not establish a physical root cause."
WF-000714,0,Pass,Engineering Review,0.0395619978434222,0.3306101769123682,0.6693898230876318,0.08938547486033521,0.0,sensor_104,0.675,Moderate,"sensor_104, sensor_060, sensor_489, sensor_478, sensor_206",0,0,"The record is assigned to Engineering Review with a calibrated failure probability of 3.96%. The first statistical sensor measurements to investigate are sensor_104, sensor_060, sensor_489. This ranking is based on model attribution, robust deviation, global importance and recurrence in observed failure explanations. It does not establish a physical root cause."
WF-000715,0,Pass,Low Risk,0.0161458792290348,0.4963410097912662,0.5036589902087338,0.9066241021548285,0.0,sensor_511,0.65,Moderate,"sensor_511, sensor_104, sensor_214, sensor_060, sensor_015",0,0,"The record is assigned to Low Risk with a calibrated failure probability of 1.61%. The first statistical sensor measurements to investigate are sensor_511, sensor_104, sensor_214. This ranking is based on model attribution, robust deviation, global importance and recurrence in observed failure explanations. It does not establish a physical root cause."
WF-000716,0,Pass,Engineering Review,0.0420833264764579,0.3159907752988998,0.6840092247011003,0.25219473264166004,0.0,sensor_034,0.675,Moderate,"sensor_034, sensor_104, sensor_060, sensor_512, sensor_511",0,0,"The record is assigned to Engineering Review with a calibrated failure probability of 4.21%. The first statistical sensor measurements to investigate are sensor_034, sensor_104, sensor_060. This ranking is based on model attribution, robust deviation, global importance and recurrence in observed failure explanations. It does not establish a physical root cause."
WF-000726,0,Pass,Low Risk,0.0244293874887086,0.3836933107337407,0.6163066892662593,0.3080606544293695,0.0,sensor_478,0.875,Very High,"sensor_478, sensor_206, sensor_104, sensor_342, sensor_060",2,0,"The record is assigned to Low Risk with a calibrated failure probability of 2.44%. The first statistical sensor measurements to investigate are sensor_478, sensor_206, sensor_104. This ranking is based on model attribution, robust deviation, global importance and recurrence in observed failure explanations. It does not establish a physical root cause."
WF-000727,0,Pass,Low Risk,0.0192826831941094,0.5023158666742495,0.4976841333257504,0.8906624102154829,0.0,sensor_034,0.7749999999999999,High,"sensor_034, sensor_342, sensor_060, sensor_104, sensor_032",2,0,"The record is assigned to Low Risk with a calibrated failure probability of 1.93%. The first statistical sensor measurements to investigate are sensor_034, sensor_342, sensor_060. This ranking is based on model attribution, robust deviation, global importance and recurrence in observed failure explanations. It does not establish a physical root cause."
WF-000731,0,Pass,Low Risk,0.0046567560809824,0.5468644478043551,0.4531355521956449,0.7366320830007981,0.0801589192882484,sensor_214,0.675,Moderate,"sensor_214, sensor_060, sensor_511, sensor_104, sensor_352",0,0,"The record is assigned to Low Risk with a calibrated failure probability of 0.47%. The first statistical sensor measurements to investigate are sensor_214, sensor_060, sensor_511. This ranking is based on model attribution, robust deviation, global importance and recurrence in observed failure explanations. It does not establish a physical root cause."
WF-000749,0,Pass,Low Risk,0.0194137338011722,0.4919321855345954,0.5080678144654046,0.8858739026336792,0.0,sensor_034,0.8,Very High,"sensor_034, sensor_104, sensor_060, sensor_282, sensor_511",1,0,"The record is assigned to Low Risk with a calibrated failure probability of 1.94%. The first statistical sensor measurements to investigate are sensor_034, sensor_104, sensor_060. This ranking is based on model attribution, robust deviation, global importance and recurrence in observed failure explanations. It does not establish a physical root cause."
WF-000751,0,Pass,Engineering Review,0.0524321923124244,0.2980733616722296,0.7019266383277705,0.2274541101356744,0.0,sensor_104,0.825,Very High,"sensor_104, sensor_424, sensor_060, sensor_034, sensor_317",3,0,"The record is assigned to Engineering Review with a calibrated failure probability of 5.24%. The first statistical sensor measurements to investigate are sensor_104, sensor_424, sensor_060. This ranking is based on model attribution, robust deviation, global importance and recurrence in observed failure explanations. It does not establish a physical root cause."
WF-000754,0,Pass,Low Risk,0.0333251808971113,0.3200004185615128,0.6799995814384872,0.2753391859537111,0.0828236573347162,sensor_104,0.9,Very High,"sensor_104, sensor_511, sensor_206, sensor_032, sensor_432",3,0,"The record is assigned to Low Risk with a calibrated failure probability of 3.33%. The first statistical sensor measurements to investigate are sensor_104, sensor_511, sensor_206. This ranking is based on model attribution, robust deviation, global importance and recurrence in observed failure explanations. It does not establish a physical root cause."
WF-000755,0,Pass,Engineering Review,0.0584131867245204,0.3475692382613476,0.6524307617386524,0.36711891460494817,0.0,sensor_478,0.825,Very High,"sensor_478, sensor_206, sensor_034, sensor_511, sensor_342",2,0,"The record is assigned to Engineering Review with a calibrated failure probability of 5.84%. The first statistical sensor measurements to investigate are sensor_478, sensor_206, sensor_034. This ranking is based on model attribution, robust deviation, global importance and recurrence in observed failure explanations. It does not establish a physical root cause."
WF-000766,0,Pass,Engineering Review,0.042064415436513,0.4095986056506893,0.5904013943493107,0.36871508379888274,0.2291545935761536,sensor_104,0.6375,Moderate,"sensor_104, sensor_032, sensor_317, sensor_015, sensor_060",0,0,"The record is assigned to Engineering Review with a calibrated failure probability of 4.21%. The first statistical sensor measurements to investigate are sensor_104, sensor_032, sensor_317. This ranking is based on model attribution, robust deviation, global importance and recurrence in observed failure explanations. It does not establish a physical root cause."
WF-000767,0,Pass,Engineering Review,0.0480821176462884,0.3954630917997014,0.6045369082002986,0.48842777334397447,0.0,sensor_511,0.8,Very High,"sensor_511, sensor_060, sensor_015, sensor_104, sensor_424",1,0,"The record is assigned to Engineering Review with a calibrated failure probability of 4.81%. The first statistical sensor measurements to investigate are sensor_511, sensor_060, sensor_015. This ranking is based on model attribution, robust deviation, global importance and recurrence in observed failure explanations. It does not establish a physical root cause."
WF-000770,0,Pass,High Risk,0.0823713437739899,0.2447612854295981,0.7552387145704018,0.1276935355147646,0.0,sensor_104,0.95,Very High,"sensor_104, sensor_511, sensor_342, sensor_432, sensor_214",4,0,"The record is assigned to High Risk with a calibrated failure probability of 8.24%. The first statistical sensor measurements to investigate are sensor_104, sensor_511, sensor_342. This ranking is based on model attribution, robust deviation, global importance and recurrence in observed failure explanations. It does not establish a physical root cause."
WF-000777,0,Pass,Engineering Review,0.039724556364075,0.3745308132366495,0.6254691867633504,0.5522745411013568,0.0,sensor_424,0.8375,Very High,"sensor_424, sensor_064, sensor_104, sensor_060, sensor_563",1,0,"The record is assigned to Engineering Review with a calibrated failure probability of 3.97%. The first statistical sensor measurements to investigate are sensor_424, sensor_064, sensor_104. This ranking is based on model attribution, robust deviation, global importance and recurrence in observed failure explanations. It does not establish a physical root cause."
WF-000787,0,Pass,Engineering Review,0.0522865348979022,0.3890067764787293,0.6109932235212707,0.8874700718276138,0.1174755365261785,sensor_104,0.825,Very High,"sensor_104, sensor_424, sensor_015, sensor_034, sensor_060",3,0,"The record is assigned to Engineering Review with a calibrated failure probability of 5.23%. The first statistical sensor measurements to investigate are sensor_104, sensor_424, sensor_015. This ranking is based on model attribution, robust deviation, global importance and recurrence in observed failure explanations. It does not establish a physical root cause."
WF-000793,0,Pass,Engineering Review,0.0426441651253826,0.3763474133504663,0.6236525866495337,0.5235434956105347,0.1332606923904509,sensor_206,0.7249999999999999,High,"sensor_206, sensor_153, sensor_424, sensor_104, sensor_060",3,0,"The record is assigned to Engineering Review with a calibrated failure probability of 4.26%. The first statistical sensor measurements to investigate are sensor_206, sensor_153, sensor_424. This ranking is based on model attribution, robust deviation, global importance and recurrence in observed failure explanations. It does not establish a physical root cause."
WF-000796,1,Fail,Engineering Review,0.0361807096397845,0.3687061014499476,0.6312938985500524,0.18834796488427774,0.1635099622337066,sensor_104,0.65,Moderate,"sensor_104, sensor_478, sensor_060, sensor_206, sensor_282",0,0,"The record is assigned to Engineering Review with a calibrated failure probability of 3.62%. The first statistical sensor measurements to investigate are sensor_104, sensor_478, sensor_060. This ranking is based on model attribution, robust deviation, global importance and recurrence in observed failure explanations. It does not establish a physical root cause."
WF-000799,0,Pass,Engineering Review,0.0611085369595678,0.2868980699667159,0.713101930033284,0.16280925778132482,0.208232914037315,sensor_424,0.875,Very High,"sensor_424, sensor_432, sensor_015, sensor_104, sensor_064",1,0,"The record is assigned to Engineering Review with a calibrated failure probability of 6.11%. The first statistical sensor measurements to investigate are sensor_424, sensor_432, sensor_015. This ranking is based on model attribution, robust deviation, global importance and recurrence in observed failure explanations. It does not establish a physical root cause."
WF-000812,0,Pass,Low Risk,0.0113072610572929,0.5164028914291944,0.4835971085708056,0.7741420590582602,0.0,sensor_034,0.7250000000000001,Moderate,"sensor_034, sensor_104, sensor_214, sensor_060, sensor_352",0,0,"The record is assigned to Low Risk with a calibrated failure probability of 1.13%. The first statistical sensor measurements to investigate are sensor_034, sensor_104, sensor_214. This ranking is based on model attribution, robust deviation, global importance and recurrence in observed failure explanations. It does not establish a physical root cause."
WF-000817,0,Pass,Low Risk,0.0128786301620683,0.4983764598821812,0.5016235401178188,0.7086991221069434,0.3081148789048269,sensor_034,0.7250000000000001,Moderate,"sensor_034, sensor_104, sensor_511, sensor_060, sensor_082",0,0,"The record is assigned to Low Risk with a calibrated failure probability of 1.29%. The first statistical sensor measurements to investigate are sensor_034, sensor_104, sensor_511. This ranking is based on model attribution, robust deviation, global importance and recurrence in observed failure explanations. It does not establish a physical root cause."
WF-000818,0,Pass,Low Risk,0.0281330288721425,0.3894378725844454,0.6105621274155546,0.2913008778930567,0.0,sensor_424,0.7875,High,"sensor_424, sensor_034, sensor_104, sensor_082, sensor_511",1,0,"The record is assigned to Low Risk with a calibrated failure probability of 2.81%. The first statistical sensor measurements to investigate are sensor_424, sensor_034, sensor_104. This ranking is based on model attribution, robust deviation, global importance and recurrence in observed failure explanations. It does not establish a physical root cause."
WF-000819,0,Pass,Low Risk,0.0213473101017144,0.4150483504384761,0.5849516495615239,0.41500399042298486,0.1389884656329055,sensor_104,0.8,Very High,"sensor_104, sensor_424, sensor_511, sensor_060, sensor_214",1,0,"The record is assigned to Low Risk with a calibrated failure probability of 2.13%. The first statistical sensor measurements to investigate are sensor_104, sensor_424, sensor_511. This ranking is based on model attribution, robust deviation, global importance and recurrence in observed failure explanations. It does not establish a physical root cause."
WF-000821,0,Pass,Low Risk,0.025142566193286,0.3904849003786423,0.6095150996213576,0.40462889066241026,0.2803463877059547,sensor_511,0.75,High,"sensor_511, sensor_034, sensor_104, sensor_201, sensor_378",1,0,"The record is assigned to Low Risk with a calibrated failure probability of 2.51%. The first statistical sensor measurements to investigate are sensor_511, sensor_034, sensor_104. This ranking is based on model attribution, robust deviation, global importance and recurrence in observed failure explanations. It does not establish a physical root cause."
WF-000835,0,Pass,Engineering Review,0.0559059183912735,0.2937994150776452,0.7062005849223547,0.6847565841979251,0.0758578226498443,sensor_424,0.7374999999999999,High,"sensor_424, sensor_015, sensor_060, sensor_104, sensor_478",2,0,"The record is assigned to Engineering Review with a calibrated failure probability of 5.59%. The first statistical sensor measurements to investigate are sensor_424, sensor_015, sensor_060. This ranking is based on model attribution, robust deviation, global importance and recurrence in observed failure explanations. It does not establish a physical root cause."
WF-000838,0,Pass,Low Risk,0.0318797060998321,0.3823936801169719,0.6176063198830282,0.3216280925778132,0.0,sensor_034,0.65,Moderate,"sensor_034, sensor_104, sensor_478, sensor_511, sensor_548",0,0,"The record is assigned to Low Risk with a calibrated failure probability of 3.19%. The first statistical sensor measurements to investigate are sensor_034, sensor_104, sensor_478. This ranking is based on model attribution, robust deviation, global importance and recurrence in observed failure explanations. It does not establish a physical root cause."
WF-000841,0,Pass,Engineering Review,0.036893126597488,0.3752414445889169,0.624758555411083,0.7310454908220272,0.0,sensor_386,0.75,High,"sensor_386, sensor_034, sensor_104, sensor_478, sensor_206",1,0,"The record is assigned to Engineering Review with a calibrated failure probability of 3.69%. The first statistical sensor measurements to investigate are sensor_386, sensor_034, sensor_104. This ranking is based on model attribution, robust deviation, global importance and recurrence in observed failure explanations. It does not establish a physical root cause."
WF-000847,0,Pass,High Risk,0.0901201075521735,0.3495374753724185,0.6504625246275815,0.7709497206703911,0.0,sensor_104,0.7125,Moderate,"sensor_104, sensor_432, sensor_015, sensor_060, sensor_478",2,3,"The record is assigned to High Risk with a calibrated failure probability of 9.01%. The first statistical sensor measurements to investigate are sensor_104, sensor_432, sensor_015. This ranking is based on model attribution, robust deviation, global importance and recurrence in observed failure explanations. It does not establish a physical root cause."
WF-000848,0,Pass,Engineering Review,0.053929152626906,0.4060023660737878,0.5939976339262121,0.8523543495610535,0.0,sensor_424,0.7,High,"sensor_424, sensor_104, sensor_342, sensor_478, sensor_060",1,0,"The record is assigned to Engineering Review with a calibrated failure probability of 5.39%. The first statistical sensor measurements to investigate are sensor_424, sensor_104, sensor_342. This ranking is based on model attribution, robust deviation, global importance and recurrence in observed failure explanations. It does not establish a physical root cause."
WF-000851,0,Pass,Low Risk,0.0113072610572929,0.4724868265345221,0.5275131734654779,0.4134078212290503,0.0,sensor_478,0.75,Moderate,"sensor_478, sensor_104, sensor_206, sensor_034, sensor_060",0,0,"The record is assigned to Low Risk with a calibrated failure probability of 1.13%. The first statistical sensor measurements to investigate are sensor_478, sensor_104, sensor_206. This ranking is based on model attribution, robust deviation, global importance and recurrence in observed failure explanations. It does not establish a physical root cause."
WF-000863,0,Pass,Low Risk,0.0273019774078918,0.366494642523697,0.633505357476303,0.20430965682362334,0.0039581739739805,sensor_104,0.775,High,"sensor_104, sensor_424, sensor_034, sensor_181, sensor_126",2,0,"The record is assigned to Low Risk with a calibrated failure probability of 2.73%. The first statistical sensor measurements to investigate are sensor_104, sensor_424, sensor_034. This ranking is based on model attribution, robust deviation, global importance and recurrence in observed failure explanations. It does not establish a physical root cause."
WF-000866,0,Pass,Low Risk,0.0205299903912706,0.4777586087653737,0.5222413912346262,0.7869114126097367,0.0,sensor_104,0.675,Moderate,"sensor_104, sensor_034, sensor_060, sensor_478, sensor_214",0,0,"The record is assigned to Low Risk with a calibrated failure probability of 2.05%. The first statistical sensor measurements to investigate are sensor_104, sensor_034, sensor_060. This ranking is based on model attribution, robust deviation, global importance and recurrence in observed failure explanations. It does not establish a physical root cause."
WF-000867,0,Pass,High Risk,0.1070555208950243,0.2158146286635559,0.7841853713364441,0.17637669592976857,0.0,sensor_060,0.85,Very High,"sensor_060, sensor_104, sensor_153, sensor_288, sensor_034",2,0,"The record is assigned to High Risk with a calibrated failure probability of 10.71%. The first statistical sensor measurements to investigate are sensor_060, sensor_104, sensor_153. This ranking is based on model attribution, robust deviation, global importance and recurrence in observed failure explanations. It does not establish a physical root cause."
WF-000869,0,Pass,Engineering Review,0.039247380070933,0.3751624804549761,0.6248375195450239,0.6145251396648045,0.0876945512198195,sensor_104,0.775,Moderate,"sensor_104, sensor_153, sensor_478, sensor_206, sensor_060",1,0,"The record is assigned to Engineering Review with a calibrated failure probability of 3.92%. The first statistical sensor measurements to investigate are sensor_104, sensor_153, sensor_478. This ranking is based on model attribution, robust deviation, global importance and recurrence in observed failure explanations. It does not establish a physical root cause."
WF-000873,0,Pass,Low Risk,0.0219285744454393,0.4162618684864302,0.5837381315135698,0.7509976057462091,0.0,sensor_511,0.8499999999999999,Very High,"sensor_511, sensor_478, sensor_104, sensor_034, sensor_214",1,0,"The record is assigned to Low Risk with a calibrated failure probability of 2.19%. The first statistical sensor measurements to investigate are sensor_511, sensor_478, sensor_104. This ranking is based on model attribution, robust deviation, global importance and recurrence in observed failure explanations. It does not establish a physical root cause."
WF-000877,0,Pass,Low Risk,0.0347794256432422,0.250089518194109,0.749910481805891,0.26177174780526735,0.075730257994951,sensor_104,0.8,Moderate,"sensor_104, sensor_478, sensor_214, sensor_060, sensor_206",0,0,"The record is assigned to Low Risk with a calibrated failure probability of 3.48%. The first statistical sensor measurements to investigate are sensor_104, sensor_478, sensor_214. This ranking is based on model attribution, robust deviation, global importance and recurrence in observed failure explanations. It does not establish a physical root cause."
WF-000878,0,Pass,Engineering Review,0.0476016467646206,0.4280493425309995,0.5719506574690005,0.8523543495610535,0.173786723691032,sensor_206,0.7749999999999999,High,"sensor_206, sensor_478, sensor_342, sensor_104, sensor_060",3,0,"The record is assigned to Engineering Review with a calibrated failure probability of 4.76%. The first statistical sensor measurements to investigate are sensor_206, sensor_478, sensor_342. This ranking is based on model attribution, robust deviation, global importance and recurrence in observed failure explanations. It does not establish a physical root cause."
WF-000888,0,Pass,Low Risk,0.0231805995380912,0.4401252905186626,0.5598747094813373,0.6376695929768557,0.0,sensor_034,0.675,Moderate,"sensor_034, sensor_104, sensor_060, sensor_126, sensor_214",0,0,"The record is assigned to Low Risk with a calibrated failure probability of 2.32%. The first statistical sensor measurements to investigate are sensor_034, sensor_104, sensor_060. This ranking is based on model attribution, robust deviation, global importance and recurrence in observed failure explanations. It does not establish a physical root cause."
WF-000894,0,Pass,Engineering Review,0.0517292485570852,0.3664595040198268,0.6335404959801731,0.33599361532322425,0.1407289805445939,sensor_104,0.825,Moderate,"sensor_104, sensor_153, sensor_206, sensor_060, sensor_511",1,0,"The record is assigned to Engineering Review with a calibrated failure probability of 5.17%. The first statistical sensor measurements to investigate are sensor_104, sensor_153, sensor_206. This ranking is based on model attribution, robust deviation, global importance and recurrence in observed failure explanations. It does not establish a physical root cause."
WF-000904,0,Pass,Low Risk,0.0219170643882636,0.4218171175651102,0.5781828824348898,0.4277733439744613,0.0,sensor_104,0.725,Moderate,"sensor_104, sensor_060, sensor_214, sensor_511, sensor_131",0,0,"The record is assigned to Low Risk with a calibrated failure probability of 2.19%. The first statistical sensor measurements to investigate are sensor_104, sensor_060, sensor_214. This ranking is based on model attribution, robust deviation, global importance and recurrence in observed failure explanations. It does not establish a physical root cause."
WF-000908,0,Pass,Low Risk,0.0092964306760435,0.5398253196835927,0.4601746803164073,0.9241819632881086,0.0,sensor_104,0.775,Moderate,"sensor_104, sensor_060, sensor_034, sensor_511, sensor_512",0,0,"The record is assigned to Low Risk with a calibrated failure probability of 0.93%. The first statistical sensor measurements to investigate are sensor_104, sensor_060, sensor_034. This ranking is based on model attribution, robust deviation, global importance and recurrence in observed failure explanations. It does not establish a physical root cause."
WF-000913,0,Pass,Engineering Review,0.0440960754815834,0.324533311277672,0.675466688722328,0.8914604948124502,0.0341553561007591,sensor_104,0.85,Moderate,"sensor_104, sensor_511, sensor_478, sensor_206, sensor_214",0,0,"The record is assigned to Engineering Review with a calibrated failure probability of 4.41%. The first statistical sensor measurements to investigate are sensor_104, sensor_511, sensor_478. This ranking is based on model attribution, robust deviation, global importance and recurrence in observed failure explanations. It does not establish a physical root cause."
WF-000915,1,Fail,Engineering Review,0.0729517403904716,0.2911180696371755,0.7088819303628244,0.9752593774940144,0.1961991029736406,sensor_104,0.8,Moderate,"sensor_104, sensor_060, sensor_153, sensor_015, sensor_511",3,0,"The record is assigned to Engineering Review with a calibrated failure probability of 7.30%. The first statistical sensor measurements to investigate are sensor_104, sensor_060, sensor_153. This ranking is based on model attribution, robust deviation, global importance and recurrence in observed failure explanations. It does not establish a physical root cause."
WF-000931,0,Pass,Low Risk,0.0165529979837179,0.4253630165164818,0.5746369834835182,0.44692737430167595,0.158128218962062,sensor_153,0.7749999999999999,High,"sensor_153, sensor_104, sensor_034, sensor_060, sensor_126",1,0,"The record is assigned to Low Risk with a calibrated failure probability of 1.66%. The first statistical sensor measurements to investigate are sensor_153, sensor_104, sensor_034. This ranking is based on model attribution, robust deviation, global importance and recurrence in observed failure explanations. It does not establish a physical root cause."
WF-000933,0,Pass,Low Risk,0.0147788975616677,0.4163660018009877,0.5836339981990122,0.42059058260175575,0.252625841931512,sensor_104,0.65,Moderate,"sensor_104, sensor_126, sensor_060, sensor_520, sensor_130",0,0,"The record is assigned to Low Risk with a calibrated failure probability of 1.48%. The first statistical sensor measurements to investigate are sensor_104, sensor_126, sensor_060. This ranking is based on model attribution, robust deviation, global importance and recurrence in observed failure explanations. It does not establish a physical root cause."
WF-000937,0,Pass,Low Risk,0.0128631040847779,0.4215053426564173,0.5784946573435826,0.3072625698324022,0.0,sensor_060,0.675,Moderate,"sensor_060, sensor_478, sensor_104, sensor_206, sensor_126",0,0,"The record is assigned to Low Risk with a calibrated failure probability of 1.29%. The first statistical sensor measurements to investigate are sensor_060, sensor_478, sensor_104. This ranking is based on model attribution, robust deviation, global importance and recurrence in observed failure explanations. It does not establish a physical root cause."
WF-000940,0,Pass,Low Risk,0.0319485248093627,0.3872302017918184,0.6127697982081816,0.3966480446927374,0.2669245019453143,sensor_511,0.8,Very High,"sensor_511, sensor_104, sensor_060, sensor_214, sensor_386",1,0,"The record is assigned to Low Risk with a calibrated failure probability of 3.19%. The first statistical sensor measurements to investigate are sensor_511, sensor_104, sensor_060. This ranking is based on model attribution, robust deviation, global importance and recurrence in observed failure explanations. It does not establish a physical root cause."
WF-000947,0,Pass,Low Risk,0.0097998114632629,0.4651473350765884,0.5348526649234115,0.5969672785315243,8.603082340320172e-19,sensor_104,0.825,Moderate,"sensor_104, sensor_478, sensor_511, sensor_060, sensor_206",0,0,"The record is assigned to Low Risk with a calibrated failure probability of 0.98%. The first statistical sensor measurements to investigate are sensor_104, sensor_478, sensor_511. This ranking is based on model attribution, robust deviation, global importance and recurrence in observed failure explanations. It does not establish a physical root cause."
WF-000948,0,Pass,Low Risk,0.0298163259809585,0.376250164166001,0.623749835833999,0.25059856344772546,0.0303590089070732,sensor_424,0.725,High,"sensor_424, sensor_104, sensor_060, sensor_386, sensor_352",1,0,"The record is assigned to Low Risk with a calibrated failure probability of 2.98%. The first statistical sensor measurements to investigate are sensor_424, sensor_104, sensor_060. This ranking is based on model attribution, robust deviation, global importance and recurrence in observed failure explanations. It does not establish a physical root cause."
WF-000954,0,Pass,Engineering Review,0.0475600435719507,0.3494254607649666,0.6505745392350334,0.5123703112529928,0.0,sensor_060,0.65,Moderate,"sensor_060, sensor_104, sensor_126, sensor_288, sensor_130",0,0,"The record is assigned to Engineering Review with a calibrated failure probability of 4.76%. The first statistical sensor measurements to investigate are sensor_060, sensor_104, sensor_126. This ranking is based on model attribution, robust deviation, global importance and recurrence in observed failure explanations. It does not establish a physical root cause."
WF-000955,0,Pass,Low Risk,0.0234881832990537,0.3613041215340428,0.6386958784659571,0.13567438148443733,0.0,sensor_153,0.75,High,"sensor_153, sensor_104, sensor_032, sensor_511, sensor_060",1,0,"The record is assigned to Low Risk with a calibrated failure probability of 2.35%. The first statistical sensor measurements to investigate are sensor_153, sensor_104, sensor_032. This ranking is based on model attribution, robust deviation, global importance and recurrence in observed failure explanations. It does not establish a physical root cause."
WF-000957,0,Pass,Low Risk,0.0297655372257082,0.3309649652413883,0.6690350347586116,0.04628890662410201,0.1120065687772608,sensor_060,0.675,Moderate,"sensor_060, sensor_104, sensor_214, sensor_478, sensor_434",0,0,"The record is assigned to Low Risk with a calibrated failure probability of 2.98%. The first statistical sensor measurements to investigate are sensor_060, sensor_104, sensor_214. This ranking is based on model attribution, robust deviation, global importance and recurrence in observed failure explanations. It does not establish a physical root cause."
WF-000960,0,Pass,Low Risk,0.0294046723208523,0.4341160917599598,0.5658839082400402,0.5235434956105347,0.093069074376206,sensor_153,0.8499999999999999,Very High,"sensor_153, sensor_104, sensor_126, sensor_511, sensor_130",1,0,"The record is assigned to Low Risk with a calibrated failure probability of 2.94%. The first statistical sensor measurements to investigate are sensor_153, sensor_104, sensor_126. This ranking is based on model attribution, robust deviation, global importance and recurrence in observed failure explanations. It does not establish a physical root cause."
WF-000968,0,Pass,Low Risk,0.0278010924165778,0.4422191986964867,0.5577808013035133,0.7414205905826018,0.0773230099448095,sensor_342,0.7250000000000001,High,"sensor_342, sensor_126, sensor_104, sensor_060, sensor_130",1,0,"The record is assigned to Low Risk with a calibrated failure probability of 2.78%. The first statistical sensor measurements to investigate are sensor_342, sensor_126, sensor_104. This ranking is based on model attribution, robust deviation, global importance and recurrence in observed failure explanations. It does not establish a physical root cause."
WF-000973,0,Pass,Engineering Review,0.0363493656581005,0.436292671405241,0.5637073285947589,0.9329608938547486,0.0,sensor_034,0.8500000000000001,Very High,"sensor_034, sensor_511, sensor_104, sensor_060, sensor_214",1,0,"The record is assigned to Engineering Review with a calibrated failure probability of 3.63%. The first statistical sensor measurements to investigate are sensor_034, sensor_511, sensor_104. This ranking is based on model attribution, robust deviation, global importance and recurrence in observed failure explanations. It does not establish a physical root cause."
WF-000974,0,Pass,Low Risk,0.0263637970331434,0.4233584013217353,0.5766415986782647,0.8906624102154829,0.1329891349470193,sensor_104,0.75,Moderate,"sensor_104, sensor_060, sensor_511, sensor_131, sensor_126",0,0,"The record is assigned to Low Risk with a calibrated failure probability of 2.64%. The first statistical sensor measurements to investigate are sensor_104, sensor_060, sensor_511. This ranking is based on model attribution, robust deviation, global importance and recurrence in observed failure explanations. It does not establish a physical root cause."
WF-000990,0,Pass,Low Risk,0.0247430443724499,0.4632096323246942,0.5367903676753059,0.922585794094174,0.113154607480914,sensor_034,0.675,Moderate,"sensor_034, sensor_104, sensor_060, sensor_126, sensor_214",0,0,"The record is assigned to Low Risk with a calibrated failure probability of 2.47%. The first statistical sensor measurements to investigate are sensor_034, sensor_104, sensor_060. This ranking is based on model attribution, robust deviation, global importance and recurrence in observed failure explanations. It does not establish a physical root cause."
WF-001005,0,Pass,Low Risk,0.0174044761498418,0.5129151645928662,0.4870848354071337,0.9401436552274542,0.0,sensor_060,0.775,Moderate,"sensor_060, sensor_104, sensor_214, sensor_511, sensor_206",0,0,"The record is assigned to Low Risk with a calibrated failure probability of 1.74%. The first statistical sensor measurements to investigate are sensor_060, sensor_104, sensor_214. This ranking is based on model attribution, robust deviation, global importance and recurrence in observed failure explanations. It does not establish a physical root cause."
WF-001006,0,Pass,Low Risk,0.0324334385598817,0.3797129555353371,0.6202870444646629,0.45810055865921784,0.0681962576129432,sensor_104,0.675,Moderate,"sensor_104, sensor_478, sensor_060, sensor_206, sensor_342",0,0,"The record is assigned to Low Risk with a calibrated failure probability of 3.24%. The first statistical sensor measurements to investigate are sensor_104, sensor_478, sensor_060. This ranking is based on model attribution, robust deviation, global importance and recurrence in observed failure explanations. It does not establish a physical root cause."
WF-001028,0,Pass,Engineering Review,0.0579024191975105,0.4635812672426784,0.5364187327573215,0.9704708699122107,0.121217336939975,sensor_104,0.675,Moderate,"sensor_104, sensor_034, sensor_424, sensor_060, sensor_317",0,0,"The record is assigned to Engineering Review with a calibrated failure probability of 5.79%. The first statistical sensor measurements to investigate are sensor_104, sensor_034, sensor_424. This ranking is based on model attribution, robust deviation, global importance and recurrence in observed failure explanations. It does not establish a physical root cause."
WF-001032,0,Pass,Engineering Review,0.0351566409644104,0.4225728136607217,0.5774271863392784,0.5490822027134876,0.0,sensor_104,0.85,Moderate,"sensor_104, sensor_478, sensor_511, sensor_060, sensor_214",0,0,"The record is assigned to Engineering Review with a calibrated failure probability of 3.52%. The first statistical sensor measurements to investigate are sensor_104, sensor_478, sensor_511. This ranking is based on model attribution, robust deviation, global importance and recurrence in observed failure explanations. It does not establish a physical root cause."
WF-001033,0,Pass,Engineering Review,0.0418474101202156,0.3995828351631742,0.6004171648368257,0.6855546687948924,0.0,sensor_104,0.8,Moderate,"sensor_104, sensor_478, sensor_060, sensor_206, sensor_432",0,0,"The record is assigned to Engineering Review with a calibrated failure probability of 4.18%. The first statistical sensor measurements to investigate are sensor_104, sensor_478, sensor_060. This ranking is based on model attribution, robust deviation, global importance and recurrence in observed failure explanations. It does not establish a physical root cause."
WF-001034,0,Pass,Engineering Review,0.0771235202510167,0.194284902104989,0.805715097895011,0.08060654429369518,0.0768968230023324,sensor_060,0.7125,Moderate,"sensor_060, sensor_104, sensor_349, sensor_082, sensor_130",0,0,"The record is assigned to Engineering Review with a calibrated failure probability of 7.71%. The first statistical sensor measurements to investigate are sensor_060, sensor_104, sensor_349. This ranking is based on model attribution, robust deviation, global importance and recurrence in observed failure explanations. It does not establish a physical root cause."
WF-001035,0,Pass,Engineering Review,0.0598173219059501,0.4027124627053428,0.5972875372946571,0.5538707102952913,0.0814318260196315,sensor_153,0.7625,High,"sensor_153, sensor_104, sensor_214, sensor_288, sensor_060",1,0,"The record is assigned to Engineering Review with a calibrated failure probability of 5.98%. The first statistical sensor measurements to investigate are sensor_153, sensor_104, sensor_214. This ranking is based on model attribution, robust deviation, global importance and recurrence in observed failure explanations. It does not establish a physical root cause."
WF-001037,0,Pass,Engineering Review,0.0509239273914036,0.3533377038643072,0.6466622961356927,0.5235434956105347,0.0,sensor_478,0.8500000000000001,Very High,"sensor_478, sensor_206, sensor_104, sensor_342, sensor_060",2,0,"The record is assigned to Engineering Review with a calibrated failure probability of 5.09%. The first statistical sensor measurements to investigate are sensor_478, sensor_206, sensor_104. This ranking is based on model attribution, robust deviation, global importance and recurrence in observed failure explanations. It does not establish a physical root cause."
WF-001038,0,Pass,Engineering Review,0.0409972899372134,0.2909068411500524,0.7090931588499476,0.16999201915403028,0.1159635918027124,sensor_104,0.7375,Moderate,"sensor_104, sensor_060, sensor_214, sensor_082, sensor_352",0,0,"The record is assigned to Engineering Review with a calibrated failure probability of 4.10%. The first statistical sensor measurements to investigate are sensor_104, sensor_060, sensor_214. This ranking is based on model attribution, robust deviation, global importance and recurrence in observed failure explanations. It does not establish a physical root cause."
WF-001050,0,Pass,Engineering Review,0.041453372249273,0.4163713865103184,0.5836286134896815,0.7964884277733439,0.1102875100261881,sensor_104,0.8,Moderate,"sensor_104, sensor_342, sensor_060, sensor_432, sensor_214",1,0,"The record is assigned to Engineering Review with a calibrated failure probability of 4.15%. The first statistical sensor measurements to investigate are sensor_104, sensor_342, sensor_060. This ranking is based on model attribution, robust deviation, global importance and recurrence in observed failure explanations. It does not establish a physical root cause."
WF-001053,0,Pass,Engineering Review,0.0571068407006044,0.3260177654300574,0.6739822345699427,0.4764565043894653,0.0,sensor_104,0.75,Moderate,"sensor_104, sensor_478, sensor_060, sensor_578, sensor_511",0,0,"The record is assigned to Engineering Review with a calibrated failure probability of 5.71%. The first statistical sensor measurements to investigate are sensor_104, sensor_478, sensor_060. This ranking is based on model attribution, robust deviation, global importance and recurrence in observed failure explanations. It does not establish a physical root cause."
WF-001059,0,Pass,Low Risk,0.0292397966553082,0.4496399023280234,0.5503600976719766,0.6903431763766961,0.129940256986305,sensor_104,0.825,Moderate,"sensor_104, sensor_060, sensor_214, sensor_511, sensor_352",0,0,"The record is assigned to Low Risk with a calibrated failure probability of 2.92%. The first statistical sensor measurements to investigate are sensor_104, sensor_060, sensor_214. This ranking is based on model attribution, robust deviation, global importance and recurrence in observed failure explanations. It does not establish a physical root cause."
WF-001074,0,Pass,Low Risk,0.0255857049947101,0.4411518393451659,0.5588481606548341,0.6081404628890663,0.0,sensor_104,0.85,Moderate,"sensor_104, sensor_060, sensor_478, sensor_214, sensor_130",0,0,"The record is assigned to Low Risk with a calibrated failure probability of 2.56%. The first statistical sensor measurements to investigate are sensor_104, sensor_060, sensor_478. This ranking is based on model attribution, robust deviation, global importance and recurrence in observed failure explanations. It does not establish a physical root cause."
WF-001091,0,Pass,Engineering Review,0.0476745203383376,0.4326704015691052,0.5673295984308948,0.8523543495610535,0.0,sensor_104,0.8,Moderate,"sensor_104, sensor_060, sensor_511, sensor_478, sensor_130",0,0,"The record is assigned to Engineering Review with a calibrated failure probability of 4.77%. The first statistical sensor measurements to investigate are sensor_104, sensor_060, sensor_511. This ranking is based on model attribution, robust deviation, global importance and recurrence in observed failure explanations. It does not establish a physical root cause."
WF-001093,0,Pass,High Risk,0.0971869380346342,0.1907753285344991,0.8092246714655008,0.19473264166001591,0.066044215543888,sensor_034,0.7000000000000001,High,"sensor_034, sensor_104, sensor_282, sensor_060, sensor_511",1,0,"The record is assigned to High Risk with a calibrated failure probability of 9.72%. The first statistical sensor measurements to investigate are sensor_034, sensor_104, sensor_282. This ranking is based on model attribution, robust deviation, global importance and recurrence in observed failure explanations. It does not establish a physical root cause."
WF-001095,0,Pass,High Risk,0.0855171138577884,0.2856929953313584,0.7143070046686416,0.11572226656025542,0.0,sensor_104,0.7125,Moderate,"sensor_104, sensor_478, sensor_424, sensor_432, sensor_282",0,0,"The record is assigned to High Risk with a calibrated failure probability of 8.55%. The first statistical sensor measurements to investigate are sensor_104, sensor_478, sensor_424. This ranking is based on model attribution, robust deviation, global importance and recurrence in observed failure explanations. It does not establish a physical root cause."
WF-001096,0,Pass,Engineering Review,0.0499985555243499,0.3611703519075483,0.6388296480924517,0.578611332801277,0.1910562457512789,sensor_282,0.7250000000000001,High,"sensor_282, sensor_060, sensor_317, sensor_104, sensor_126",1,0,"The record is assigned to Engineering Review with a calibrated failure probability of 5.00%. The first statistical sensor measurements to investigate are sensor_282, sensor_060, sensor_317. This ranking is based on model attribution, robust deviation, global importance and recurrence in observed failure explanations. It does not establish a physical root cause."
WF-001098,0,Pass,Low Risk,0.0300055477309219,0.3484749493115283,0.6515250506884717,0.4030327214684757,0.0,sensor_104,0.8,Moderate,"sensor_104, sensor_432, sensor_214, sensor_060, sensor_511",1,0,"The record is assigned to Low Risk with a calibrated failure probability of 3.00%. The first statistical sensor measurements to investigate are sensor_104, sensor_432, sensor_214. This ranking is based on model attribution, robust deviation, global importance and recurrence in observed failure explanations. It does not establish a physical root cause."
WF-001099,0,Pass,Low Risk,0.0144297908565783,0.4665405955140928,0.5334594044859071,0.6193136472466082,0.0,sensor_424,0.6875,High,"sensor_424, sensor_214, sensor_478, sensor_104, sensor_060",1,0,"The record is assigned to Low Risk with a calibrated failure probability of 1.44%. The first statistical sensor measurements to investigate are sensor_424, sensor_214, sensor_478. This ranking is based on model attribution, robust deviation, global importance and recurrence in observed failure explanations. It does not establish a physical root cause."
WF-001100,0,Pass,Low Risk,0.0283699642967726,0.4531587609690235,0.5468412390309765,0.8292098962490024,0.0,sensor_104,0.825,Moderate,"sensor_104, sensor_060, sensor_130, sensor_478, sensor_029",0,0,"The record is assigned to Low Risk with a calibrated failure probability of 2.84%. The first statistical sensor measurements to investigate are sensor_104, sensor_060, sensor_130. This ranking is based on model attribution, robust deviation, global importance and recurrence in observed failure explanations. It does not establish a physical root cause."
WF-001104,0,Pass,Engineering Review,0.0399966311958555,0.3232012705564249,0.6767987294435751,0.6544293695131684,0.0,sensor_104,0.825,Moderate,"sensor_104, sensor_478, sensor_060, sensor_206, sensor_130",0,0,"The record is assigned to Engineering Review with a calibrated failure probability of 4.00%. The first statistical sensor measurements to investigate are sensor_104, sensor_478, sensor_060. This ranking is based on model attribution, robust deviation, global importance and recurrence in observed failure explanations. It does not establish a physical root cause."
WF-001107,0,Pass,Engineering Review,0.0419699587227745,0.3006197825364797,0.6993802174635203,0.2913008778930567,0.103582207853527,sensor_034,0.825,Very High,"sensor_034, sensor_424, sensor_104, sensor_015, sensor_060",2,0,"The record is assigned to Engineering Review with a calibrated failure probability of 4.20%. The first statistical sensor measurements to investigate are sensor_034, sensor_424, sensor_104. This ranking is based on model attribution, robust deviation, global importance and recurrence in observed failure explanations. It does not establish a physical root cause."
WF-001117,0,Pass,Engineering Review,0.0539520871203171,0.3499027239361751,0.6500972760638248,0.48443735035913804,0.0,sensor_060,0.7999999999999999,Moderate,"sensor_060, sensor_104, sensor_511, sensor_432, sensor_478",0,0,"The record is assigned to Engineering Review with a calibrated failure probability of 5.40%. The first statistical sensor measurements to investigate are sensor_060, sensor_104, sensor_511. This ranking is based on model attribution, robust deviation, global importance and recurrence in observed failure explanations. It does not establish a physical root cause."
WF-001123,0,Pass,Low Risk,0.0306379573140376,0.3842612344307621,0.6157387655692379,0.5403032721468476,0.1296411037927226,sensor_104,0.825,Moderate,"sensor_104, sensor_060, sensor_424, sensor_478, sensor_432",0,0,"The record is assigned to Low Risk with a calibrated failure probability of 3.06%. The first statistical sensor measurements to investigate are sensor_104, sensor_060, sensor_424. This ranking is based on model attribution, robust deviation, global importance and recurrence in observed failure explanations. It does not establish a physical root cause."
WF-001124,0,Pass,Insufficient Evidence,0.0256633708061988,0.3334313306030296,0.6665686693969703,0.011971268954509173,0.0,sensor_104,0.6875,Moderate,"sensor_104, sensor_015, sensor_060, sensor_511, sensor_434",1,0,"The record is assigned to Insufficient Evidence with a calibrated failure probability of 2.57%. The first statistical sensor measurements to investigate are sensor_104, sensor_015, sensor_060. This ranking is based on model attribution, robust deviation, global importance and recurrence in observed failure explanations. It does not establish a physical root cause."
WF-001130,0,Pass,Low Risk,0.0334438967979777,0.3777399800584026,0.6222600199415973,0.44612928970470866,0.1010259650907984,sensor_104,0.7,Moderate,"sensor_104, sensor_317, sensor_060, sensor_015, sensor_511",0,0,"The record is assigned to Low Risk with a calibrated failure probability of 3.34%. The first statistical sensor measurements to investigate are sensor_104, sensor_317, sensor_060. This ranking is based on model attribution, robust deviation, global importance and recurrence in observed failure explanations. It does not establish a physical root cause."
WF-001135,0,Pass,Engineering Review,0.0434719913235208,0.3151715767917133,0.6848284232082866,0.3064644852354349,0.0,sensor_104,0.8125,Moderate,"sensor_104, sensor_478, sensor_060, sensor_126, sensor_434",0,0,"The record is assigned to Engineering Review with a calibrated failure probability of 4.35%. The first statistical sensor measurements to investigate are sensor_104, sensor_478, sensor_060. This ranking is based on model attribution, robust deviation, global importance and recurrence in observed failure explanations. It does not establish a physical root cause."
WF-001138,0,Pass,Engineering Review,0.0795190587134035,0.3769974869130637,0.6230025130869363,0.5251396648044693,0.0,sensor_424,0.6749999999999999,High,"sensor_424, sensor_104, sensor_214, sensor_478, sensor_206",1,0,"The record is assigned to Engineering Review with a calibrated failure probability of 7.95%. The first statistical sensor measurements to investigate are sensor_424, sensor_104, sensor_214. This ranking is based on model attribution, robust deviation, global importance and recurrence in observed failure explanations. It does not establish a physical root cause."
WF-001139,0,Pass,Engineering Review,0.0434429060618953,0.3902777776441106,0.6097222223558894,0.5506783719074222,0.1459648141825485,sensor_104,0.725,Moderate,"sensor_104, sensor_060, sensor_432, sensor_478, sensor_126",0,0,"The record is assigned to Engineering Review with a calibrated failure probability of 4.34%. The first statistical sensor measurements to investigate are sensor_104, sensor_060, sensor_432. This ranking is based on model attribution, robust deviation, global importance and recurrence in observed failure explanations. It does not establish a physical root cause."
WF-001143,0,Pass,Low Risk,0.0214773592737084,0.383026252222064,0.616973747777936,0.5490822027134876,0.0,sensor_104,0.775,Moderate,"sensor_104, sensor_060, sensor_478, sensor_317, sensor_181",0,0,"The record is assigned to Low Risk with a calibrated failure probability of 2.15%. The first statistical sensor measurements to investigate are sensor_104, sensor_060, sensor_478. This ranking is based on model attribution, robust deviation, global importance and recurrence in observed failure explanations. It does not establish a physical root cause."
WF-001151,0,Pass,Low Risk,0.0184493647110867,0.3692702494923044,0.6307297505076956,0.2537909018355946,0.0,sensor_104,0.75,Moderate,"sensor_104, sensor_034, sensor_317, sensor_060, sensor_282",0,0,"The record is assigned to Low Risk with a calibrated failure probability of 1.84%. The first statistical sensor measurements to investigate are sensor_104, sensor_034, sensor_317. This ranking is based on model attribution, robust deviation, global importance and recurrence in observed failure explanations. It does not establish a physical root cause."
WF-001157,0,Pass,Engineering Review,0.0445785602112406,0.3732563073354618,0.6267436926645382,0.43096568236233046,0.0,sensor_104,0.75,Moderate,"sensor_104, sensor_206, sensor_317, sensor_214, sensor_181",1,0,"The record is assigned to Engineering Review with a calibrated failure probability of 4.46%. The first statistical sensor measurements to investigate are sensor_104, sensor_206, sensor_317. This ranking is based on model attribution, robust deviation, global importance and recurrence in observed failure explanations. It does not establish a physical root cause."
WF-001163,0,Pass,Engineering Review,0.044955538910332,0.3894017945020204,0.6105982054979795,0.5155626496408621,0.1793560027612806,sensor_104,0.825,Moderate,"sensor_104, sensor_424, sensor_060, sensor_511, sensor_478",1,0,"The record is assigned to Engineering Review with a calibrated failure probability of 4.50%. The first statistical sensor measurements to investigate are sensor_104, sensor_424, sensor_060. This ranking is based on model attribution, robust deviation, global importance and recurrence in observed failure explanations. It does not establish a physical root cause."
WF-001167,0,Pass,Engineering Review,0.0475184686152613,0.4311559612350711,0.5688440387649288,0.9177972865123704,0.1670082789966941,sensor_034,0.7500000000000001,High,"sensor_034, sensor_104, sensor_060, sensor_424, sensor_064",2,0,"The record is assigned to Engineering Review with a calibrated failure probability of 4.75%. The first statistical sensor measurements to investigate are sensor_034, sensor_104, sensor_060. This ranking is based on model attribution, robust deviation, global importance and recurrence in observed failure explanations. It does not establish a physical root cause."
WF-001176,0,Pass,Low Risk,0.0331359064005779,0.3554022809060009,0.6445977190939991,0.2553870710295292,0.0784273613860779,sensor_034,0.875,Very High,"sensor_034, sensor_104, sensor_317, sensor_060, sensor_511",1,0,"The record is assigned to Low Risk with a calibrated failure probability of 3.31%. The first statistical sensor measurements to investigate are sensor_034, sensor_104, sensor_317. This ranking is based on model attribution, robust deviation, global importance and recurrence in observed failure explanations. It does not establish a physical root cause."
WF-001185,0,Pass,Low Risk,0.0313558480806723,0.4581440231495723,0.5418559768504276,0.8523543495610535,0.0,sensor_065,0.7625,High,"sensor_065, sensor_060, sensor_066, sensor_015, sensor_104",1,0,"The record is assigned to Low Risk with a calibrated failure probability of 3.14%. The first statistical sensor measurements to investigate are sensor_065, sensor_060, sensor_066. This ranking is based on model attribution, robust deviation, global importance and recurrence in observed failure explanations. It does not establish a physical root cause."
WF-001190,1,Fail,Low Risk,0.0269371623680153,0.3997627210835821,0.6002372789164179,0.4277733439744613,0.0,sensor_424,0.75,High,"sensor_424, sensor_153, sensor_034, sensor_104, sensor_214",2,0,"The record is assigned to Low Risk with a calibrated failure probability of 2.69%. The first statistical sensor measurements to investigate are sensor_424, sensor_153, sensor_034. This ranking is based on model attribution, robust deviation, global importance and recurrence in observed failure explanations. It does not establish a physical root cause."
WF-001192,0,Pass,High Risk,0.0988537527957076,0.3089427468217092,0.6910572531782908,0.6528332003192339,0.0,sensor_060,0.85,Very High,"sensor_060, sensor_104, sensor_282, sensor_478, sensor_082",1,0,"The record is assigned to High Risk with a calibrated failure probability of 9.89%. The first statistical sensor measurements to investigate are sensor_060, sensor_104, sensor_282. This ranking is based on model attribution, robust deviation, global importance and recurrence in observed failure explanations. It does not establish a physical root cause."
WF-001205,0,Pass,High Risk,0.1215678334293939,0.3735110521406313,0.6264889478593687,0.7653631284916201,0.0497755899879847,sensor_424,0.7749999999999999,High,"sensor_424, sensor_432, sensor_104, sensor_181, sensor_060",1,0,"The record is assigned to High Risk with a calibrated failure probability of 12.16%. The first statistical sensor measurements to investigate are sensor_424, sensor_432, sensor_104. This ranking is based on model attribution, robust deviation, global importance and recurrence in observed failure explanations. It does not establish a physical root cause."
WF-001206,0,Pass,Engineering Review,0.0514523456403994,0.307464841534433,0.692535158465567,0.2537909018355946,0.0,sensor_104,0.725,Moderate,"sensor_104, sensor_214, sensor_060, sensor_103, sensor_511",0,0,"The record is assigned to Engineering Review with a calibrated failure probability of 5.15%. The first statistical sensor measurements to investigate are sensor_104, sensor_214, sensor_060. This ranking is based on model attribution, robust deviation, global importance and recurrence in observed failure explanations. It does not establish a physical root cause."
WF-001209,0,Pass,Engineering Review,0.0725170463385827,0.2990451487357989,0.7009548512642011,0.538707102952913,0.0,sensor_424,0.7,High,"sensor_424, sensor_060, sensor_478, sensor_104, sensor_034",1,0,"The record is assigned to Engineering Review with a calibrated failure probability of 7.25%. The first statistical sensor measurements to investigate are sensor_424, sensor_060, sensor_478. This ranking is based on model attribution, robust deviation, global importance and recurrence in observed failure explanations. It does not establish a physical root cause."
WF-001213,0,Pass,Low Risk,0.0329788067638946,0.4378155258859912,0.5621844741140087,0.9154030327214685,0.0,sensor_181,0.6625,High,"sensor_181, sensor_034, sensor_104, sensor_060, sensor_133",1,0,"The record is assigned to Low Risk with a calibrated failure probability of 3.30%. The first statistical sensor measurements to investigate are sensor_181, sensor_034, sensor_104. This ranking is based on model attribution, robust deviation, global importance and recurrence in observed failure explanations. It does not establish a physical root cause."
WF-001214,0,Pass,Engineering Review,0.0495783764278274,0.4197634341444201,0.5802365658555799,0.7605746209098165,0.0,sensor_104,0.975,Very High,"sensor_104, sensor_511, sensor_034, sensor_060, sensor_478",2,0,"The record is assigned to Engineering Review with a calibrated failure probability of 4.96%. The first statistical sensor measurements to investigate are sensor_104, sensor_511, sensor_034. This ranking is based on model attribution, robust deviation, global importance and recurrence in observed failure explanations. It does not establish a physical root cause."
WF-001219,0,Pass,Engineering Review,0.065472972330567,0.4047061564805808,0.5952938435194193,0.962490023942538,0.0,sensor_104,0.975,Very High,"sensor_104, sensor_034, sensor_478, sensor_060, sensor_133",2,0,"The record is assigned to Engineering Review with a calibrated failure probability of 6.55%. The first statistical sensor measurements to investigate are sensor_104, sensor_034, sensor_478. This ranking is based on model attribution, robust deviation, global importance and recurrence in observed failure explanations. It does not establish a physical root cause."
WF-001220,0,Pass,Engineering Review,0.0594824044989312,0.3001841209628049,0.6998158790371951,0.5945730247406225,0.0,sensor_153,0.725,High,"sensor_153, sensor_104, sensor_520, sensor_060, sensor_206",2,0,"The record is assigned to Engineering Review with a calibrated failure probability of 5.95%. The first statistical sensor measurements to investigate are sensor_153, sensor_104, sensor_520. This ranking is based on model attribution, robust deviation, global importance and recurrence in observed failure explanations. It does not establish a physical root cause."
WF-001227,0,Pass,High Risk,0.0881482315700047,0.3289197566845739,0.6710802433154262,0.6999201915403033,0.1334932017875802,sensor_104,0.8,Very High,"sensor_104, sensor_126, sensor_034, sensor_282, sensor_130",2,0,"The record is assigned to High Risk with a calibrated failure probability of 8.81%. The first statistical sensor measurements to investigate are sensor_104, sensor_126, sensor_034. This ranking is based on model attribution, robust deviation, global importance and recurrence in observed failure explanations. It does not establish a physical root cause."
WF-001232,0,Pass,Engineering Review,0.0492570342250401,0.3077556319867723,0.6922443680132278,0.4325618515562649,0.0,sensor_104,0.7625,Moderate,"sensor_104, sensor_206, sensor_126, sensor_317, sensor_034",0,0,"The record is assigned to Engineering Review with a calibrated failure probability of 4.93%. The first statistical sensor measurements to investigate are sensor_104, sensor_206, sensor_126. This ranking is based on model attribution, robust deviation, global importance and recurrence in observed failure explanations. It does not establish a physical root cause."
WF-001237,0,Pass,Engineering Review,0.0634823912269744,0.3783662191982195,0.6216337808017804,0.4652833200319234,0.3245745657840421,sensor_104,0.825,Very High,"sensor_104, sensor_065, sensor_060, sensor_424, sensor_511",2,0,"The record is assigned to Engineering Review with a calibrated failure probability of 6.35%. The first statistical sensor measurements to investigate are sensor_104, sensor_065, sensor_060. This ranking is based on model attribution, robust deviation, global importance and recurrence in observed failure explanations. It does not establish a physical root cause."
WF-001238,0,Pass,Engineering Review,0.0471455622287035,0.3243291841309585,0.6756708158690414,0.300877893056664,0.070960449000672,sensor_104,0.9,Very High,"sensor_104, sensor_060, sensor_181, sensor_214, sensor_206",1,0,"The record is assigned to Engineering Review with a calibrated failure probability of 4.71%. The first statistical sensor measurements to investigate are sensor_104, sensor_060, sensor_181. This ranking is based on model attribution, robust deviation, global importance and recurrence in observed failure explanations. It does not establish a physical root cause."
WF-001240,0,Pass,Engineering Review,0.0517514508083244,0.3962679002211795,0.6037320997788205,0.6719872306464485,0.0,sensor_478,0.675,Moderate,"sensor_478, sensor_060, sensor_206, sensor_342, sensor_511",0,0,"The record is assigned to Engineering Review with a calibrated failure probability of 5.18%. The first statistical sensor measurements to investigate are sensor_478, sensor_060, sensor_206. This ranking is based on model attribution, robust deviation, global importance and recurrence in observed failure explanations. It does not establish a physical root cause."
WF-001243,1,Fail,High Risk,0.1296846647603923,0.2400582744467248,0.7599417255532752,0.3814844373503591,0.0,sensor_104,0.875,Very High,"sensor_104, sensor_511, sensor_060, sensor_125, sensor_434",2,0,"The record is assigned to High Risk with a calibrated failure probability of 12.97%. The first statistical sensor measurements to investigate are sensor_104, sensor_511, sensor_060. This ranking is based on model attribution, robust deviation, global importance and recurrence in observed failure explanations. It does not establish a physical root cause."
WF-001246,0,Pass,Engineering Review,0.0496106000647048,0.3163996863058949,0.6836003136941051,0.09018355945730239,0.0724504904246221,sensor_104,0.7625,Moderate,"sensor_104, sensor_015, sensor_317, sensor_511, sensor_282",1,0,"The record is assigned to Engineering Review with a calibrated failure probability of 4.96%. The first statistical sensor measurements to investigate are sensor_104, sensor_015, sensor_317. This ranking is based on model attribution, robust deviation, global importance and recurrence in observed failure explanations. It does not establish a physical root cause."
WF-001250,0,Pass,Engineering Review,0.0608561260742196,0.294246979903959,0.7057530200960409,0.41021548284118114,0.0,sensor_015,0.675,High,"sensor_015, sensor_317, sensor_104, sensor_478, sensor_060",1,0,"The record is assigned to Engineering Review with a calibrated failure probability of 6.09%. The first statistical sensor measurements to investigate are sensor_015, sensor_317, sensor_104. This ranking is based on model attribution, robust deviation, global importance and recurrence in observed failure explanations. It does not establish a physical root cause."
WF-001255,1,Fail,High Risk,0.1017632844266155,0.3108319113952568,0.6891680886047432,0.24102154828411815,0.048249397600124,sensor_478,0.675,Moderate,"sensor_478, sensor_104, sensor_133, sensor_432, sensor_511",0,0,"The record is assigned to High Risk with a calibrated failure probability of 10.18%. The first statistical sensor measurements to investigate are sensor_478, sensor_104, sensor_133. This ranking is based on model attribution, robust deviation, global importance and recurrence in observed failure explanations. It does not establish a physical root cause."
WF-001260,0,Pass,Engineering Review,0.045878457633465,0.2919330066343707,0.7080669933656293,0.36233040702314445,0.1706464740246565,sensor_424,0.7000000000000001,High,"sensor_424, sensor_104, sensor_125, sensor_478, sensor_060",1,0,"The record is assigned to Engineering Review with a calibrated failure probability of 4.59%. The first statistical sensor measurements to investigate are sensor_424, sensor_104, sensor_125. This ranking is based on model attribution, robust deviation, global importance and recurrence in observed failure explanations. It does not establish a physical root cause."
WF-001269,0,Pass,Engineering Review,0.0532446440524183,0.3577731612084175,0.6422268387915825,0.5865921787709497,0.0,sensor_104,0.8,Very High,"sensor_104, sensor_034, sensor_342, sensor_432, sensor_478",1,0,"The record is assigned to Engineering Review with a calibrated failure probability of 5.32%. The first statistical sensor measurements to investigate are sensor_104, sensor_034, sensor_342. This ranking is based on model attribution, robust deviation, global importance and recurrence in observed failure explanations. It does not establish a physical root cause."
WF-001272,0,Pass,High Risk,0.098118345415062,0.2910987962327803,0.7089012037672198,0.7486033519553073,0.0771093387910205,sensor_104,0.8,Very High,"sensor_104, sensor_060, sensor_206, sensor_125, sensor_015",1,0,"The record is assigned to High Risk with a calibrated failure probability of 9.81%. The first statistical sensor measurements to investigate are sensor_104, sensor_060, sensor_206. This ranking is based on model attribution, robust deviation, global importance and recurrence in observed failure explanations. It does not establish a physical root cause."
WF-001273,0,Pass,High Risk,0.1811384392853575,0.3765387710063268,0.6234612289936732,0.47964884277733444,0.0,sensor_104,0.8,Very High,"sensor_104, sensor_424, sensor_015, sensor_125, sensor_126",1,0,"The record is assigned to High Risk with a calibrated failure probability of 18.11%. The first statistical sensor measurements to investigate are sensor_104, sensor_424, sensor_015. This ranking is based on model attribution, robust deviation, global importance and recurrence in observed failure explanations. It does not establish a physical root cause."
WF-001275,0,Pass,Engineering Review,0.0451050242569556,0.3071337688357471,0.6928662311642528,0.23463687150837986,0.0,sensor_478,0.8,Very High,"sensor_478, sensor_034, sensor_206, sensor_104, sensor_342",3,0,"The record is assigned to Engineering Review with a calibrated failure probability of 4.51%. The first statistical sensor measurements to investigate are sensor_478, sensor_034, sensor_206. This ranking is based on model attribution, robust deviation, global importance and recurrence in observed failure explanations. It does not establish a physical root cause."
WF-001283,0,Pass,Engineering Review,0.0640837006656665,0.3738157120908545,0.6261842879091455,0.8236233040702314,0.0,sensor_104,0.775,High,"sensor_104, sensor_034, sensor_125, sensor_015, sensor_060",1,0,"The record is assigned to Engineering Review with a calibrated failure probability of 6.41%. The first statistical sensor measurements to investigate are sensor_104, sensor_034, sensor_125. This ranking is based on model attribution, robust deviation, global importance and recurrence in observed failure explanations. It does not establish a physical root cause."
WF-001284,0,Pass,Engineering Review,0.0639657036553918,0.2714142424031071,0.7285857575968929,0.10933758978451713,0.0,sensor_104,0.6625,Moderate,"sensor_104, sensor_282, sensor_130, sensor_511, sensor_060",0,0,"The record is assigned to Engineering Review with a calibrated failure probability of 6.40%. The first statistical sensor measurements to investigate are sensor_104, sensor_282, sensor_130. This ranking is based on model attribution, robust deviation, global importance and recurrence in observed failure explanations. It does not establish a physical root cause."
WF-001296,0,Pass,Engineering Review,0.0423677814160584,0.4164477548165061,0.5835522451834938,0.5323224261771748,0.2554802559984329,sensor_060,0.75,Moderate,"sensor_060, sensor_104, sensor_478, sensor_511, sensor_317",0,0,"The record is assigned to Engineering Review with a calibrated failure probability of 4.24%. The first statistical sensor measurements to investigate are sensor_060, sensor_104, sensor_478. This ranking is based on model attribution, robust deviation, global importance and recurrence in observed failure explanations. It does not establish a physical root cause."
WF-001306,0,Pass,High Risk,0.0919695668780326,0.3787097422509115,0.6212902577490884,0.8140462889066242,0.0828570592047321,sensor_125,0.6625,High,"sensor_125, sensor_424, sensor_060, sensor_015, sensor_432",2,0,"The record is assigned to High Risk with a calibrated failure probability of 9.20%. The first statistical sensor measurements to investigate are sensor_125, sensor_424, sensor_060. This ranking is based on model attribution, robust deviation, global importance and recurrence in observed failure explanations. It does not establish a physical root cause."
WF-001310,0,Pass,Engineering Review,0.076744950457366,0.3174048210039116,0.6825951789960883,0.34237829209896253,0.0,sensor_034,0.6625000000000001,Moderate,"sensor_034, sensor_104, sensor_432, sensor_511, sensor_133",0,0,"The record is assigned to Engineering Review with a calibrated failure probability of 7.67%. The first statistical sensor measurements to investigate are sensor_034, sensor_104, sensor_432. This ranking is based on model attribution, robust deviation, global importance and recurrence in observed failure explanations. It does not establish a physical root cause."
WF-001315,0,Pass,Low Risk,0.0316207451834414,0.3287210953139859,0.671278904686014,0.21867517956903437,0.0,sensor_034,0.775,High,"sensor_034, sensor_104, sensor_478, sensor_206, sensor_060",1,0,"The record is assigned to Low Risk with a calibrated failure probability of 3.16%. The first statistical sensor measurements to investigate are sensor_034, sensor_104, sensor_478. This ranking is based on model attribution, robust deviation, global importance and recurrence in observed failure explanations. It does not establish a physical root cause."
WF-001316,0,Pass,Engineering Review,0.0484713095501457,0.4378494232213429,0.5621505767786571,0.7605746209098165,0.0,sensor_082,0.6875,High,"sensor_082, sensor_104, sensor_060, sensor_406, sensor_478",1,0,"The record is assigned to Engineering Review with a calibrated failure probability of 4.85%. The first statistical sensor measurements to investigate are sensor_082, sensor_104, sensor_060. This ranking is based on model attribution, robust deviation, global importance and recurrence in observed failure explanations. It does not establish a physical root cause."
WF-001317,0,Pass,Low Risk,0.0331280378511453,0.382486646736081,0.617513353263919,0.20830007980845966,0.0,sensor_342,0.75,High,"sensor_342, sensor_104, sensor_317, sensor_060, sensor_181",1,0,"The record is assigned to Low Risk with a calibrated failure probability of 3.31%. The first statistical sensor measurements to investigate are sensor_342, sensor_104, sensor_317. This ranking is based on model attribution, robust deviation, global importance and recurrence in observed failure explanations. It does not establish a physical root cause."
WF-001334,0,Pass,Engineering Review,0.0512647117781761,0.3387244857455229,0.6612755142544771,0.2011173184357542,0.0,sensor_478,0.7749999999999999,High,"sensor_478, sensor_206, sensor_034, sensor_060, sensor_104",4,0,"The record is assigned to Engineering Review with a calibrated failure probability of 5.13%. The first statistical sensor measurements to investigate are sensor_478, sensor_206, sensor_034. This ranking is based on model attribution, robust deviation, global importance and recurrence in observed failure explanations. It does not establish a physical root cause."
WF-001335,0,Pass,High Risk,0.095739907530341,0.3300711756792875,0.6699288243207124,0.2482043096568236,0.1528133960266419,sensor_478,0.7124999999999999,Moderate,"sensor_478, sensor_060, sensor_206, sensor_104, sensor_082",0,0,"The record is assigned to High Risk with a calibrated failure probability of 9.57%. The first statistical sensor measurements to investigate are sensor_478, sensor_060, sensor_206. This ranking is based on model attribution, robust deviation, global importance and recurrence in observed failure explanations. It does not establish a physical root cause."
WF-001337,0,Pass,Engineering Review,0.0483448180224866,0.3994685001340948,0.6005314998659053,0.7557861133280128,0.0915027397818652,sensor_034,0.675,High,"sensor_034, sensor_478, sensor_104, sensor_060, sensor_206",1,0,"The record is assigned to Engineering Review with a calibrated failure probability of 4.83%. The first statistical sensor measurements to investigate are sensor_034, sensor_478, sensor_104. This ranking is based on model attribution, robust deviation, global importance and recurrence in observed failure explanations. It does not establish a physical root cause."
WF-001345,0,Pass,Engineering Review,0.063508442882036,0.3189611215877698,0.6810388784122302,0.34716679968076614,0.1327107490227878,sensor_034,0.7,High,"sensor_034, sensor_130, sensor_104, sensor_478, sensor_317",2,0,"The record is assigned to Engineering Review with a calibrated failure probability of 6.35%. The first statistical sensor measurements to investigate are sensor_034, sensor_130, sensor_104. This ranking is based on model attribution, robust deviation, global importance and recurrence in observed failure explanations. It does not establish a physical root cause."
WF-001346,0,Pass,Low Risk,0.0232767682877164,0.4452342098243039,0.554765790175696,0.8076616121308859,0.2110951711612007,sensor_034,0.75,Moderate,"sensor_034, sensor_104, sensor_317, sensor_432, sensor_201",0,0,"The record is assigned to Low Risk with a calibrated failure probability of 2.33%. The first statistical sensor measurements to investigate are sensor_034, sensor_104, sensor_317. This ranking is based on model attribution, robust deviation, global importance and recurrence in observed failure explanations. It does not establish a physical root cause."
WF-001352,0,Pass,Low Risk,0.0243545580369474,0.3882031531772644,0.6117968468227356,0.3974461292897047,0.0,sensor_104,0.725,Moderate,"sensor_104, sensor_034, sensor_060, sensor_130, sensor_478",0,0,"The record is assigned to Low Risk with a calibrated failure probability of 2.44%. The first statistical sensor measurements to investigate are sensor_104, sensor_034, sensor_060. This ranking is based on model attribution, robust deviation, global importance and recurrence in observed failure explanations. It does not establish a physical root cause."
WF-001353,0,Pass,Engineering Review,0.0374863500412216,0.4511255989912256,0.5488744010087744,0.8339984038308061,0.0872608598356377,sensor_034,0.7750000000000001,High,"sensor_034, sensor_104, sensor_060, sensor_201, sensor_511",1,0,"The record is assigned to Engineering Review with a calibrated failure probability of 3.75%. The first statistical sensor measurements to investigate are sensor_034, sensor_104, sensor_060. This ranking is based on model attribution, robust deviation, global importance and recurrence in observed failure explanations. It does not establish a physical root cause."
WF-001354,0,Pass,Low Risk,0.0327598249483776,0.2905209992530018,0.7094790007469982,0.1484437350359138,0.0,sensor_060,0.75,Moderate,"sensor_060, sensor_034, sensor_130, sensor_511, sensor_104",2,0,"The record is assigned to Low Risk with a calibrated failure probability of 3.28%. The first statistical sensor measurements to investigate are sensor_060, sensor_034, sensor_130. This ranking is based on model attribution, robust deviation, global importance and recurrence in observed failure explanations. It does not establish a physical root cause."
WF-001355,0,Pass,Low Risk,0.0186270885350573,0.3206041934136843,0.6793958065863157,0.15163607342378294,0.1010364012052636,sensor_104,0.775,Moderate,"sensor_104, sensor_060, sensor_317, sensor_478, sensor_511",0,0,"The record is assigned to Low Risk with a calibrated failure probability of 1.86%. The first statistical sensor measurements to investigate are sensor_104, sensor_060, sensor_317. This ranking is based on model attribution, robust deviation, global importance and recurrence in observed failure explanations. It does not establish a physical root cause."
WF-001361,0,Pass,Low Risk,0.0309131434517018,0.4115538520744661,0.5884461479255338,0.8379888268156425,0.0486885575285842,sensor_060,0.7125,Moderate,"sensor_060, sensor_104, sensor_512, sensor_082, sensor_478",0,0,"The record is assigned to Low Risk with a calibrated failure probability of 3.09%. The first statistical sensor measurements to investigate are sensor_060, sensor_104, sensor_512. This ranking is based on model attribution, robust deviation, global importance and recurrence in observed failure explanations. It does not establish a physical root cause."
WF-001362,0,Pass,Engineering Review,0.0656332363013397,0.3948880345102794,0.6051119654897206,0.27693535514764567,0.0763786341319415,sensor_478,0.875,Very High,"sensor_478, sensor_060, sensor_206, sensor_342, sensor_104",2,0,"The record is assigned to Engineering Review with a calibrated failure probability of 6.56%. The first statistical sensor measurements to investigate are sensor_478, sensor_060, sensor_206. This ranking is based on model attribution, robust deviation, global importance and recurrence in observed failure explanations. It does not establish a physical root cause."
WF-001367,0,Pass,Engineering Review,0.0364254575704651,0.4059332883259348,0.5940667116740652,0.7653631284916201,0.1305066858599055,sensor_104,0.725,Moderate,"sensor_104, sensor_034, sensor_317, sensor_082, sensor_060",1,0,"The record is assigned to Engineering Review with a calibrated failure probability of 3.64%. The first statistical sensor measurements to investigate are sensor_104, sensor_034, sensor_317. This ranking is based on model attribution, robust deviation, global importance and recurrence in observed failure explanations. It does not establish a physical root cause."
WF-001368,0,Pass,Engineering Review,0.0473835448352099,0.3658752771980759,0.634124722801924,0.363926576217079,0.0,sensor_478,0.675,Moderate,"sensor_478, sensor_511, sensor_104, sensor_206, sensor_001",0,0,"The record is assigned to Engineering Review with a calibrated failure probability of 4.74%. The first statistical sensor measurements to investigate are sensor_478, sensor_511, sensor_104. This ranking is based on model attribution, robust deviation, global importance and recurrence in observed failure explanations. It does not establish a physical root cause."
WF-001376,0,Pass,Engineering Review,0.049449644580472,0.4499977177780502,0.5500022822219498,0.8523543495610535,0.2147527842018467,sensor_104,0.925,Very High,"sensor_104, sensor_060, sensor_489, sensor_478, sensor_548",1,0,"The record is assigned to Engineering Review with a calibrated failure probability of 4.94%. The first statistical sensor measurements to investigate are sensor_104, sensor_060, sensor_489. This ranking is based on model attribution, robust deviation, global importance and recurrence in observed failure explanations. It does not establish a physical root cause."
WF-001378,0,Pass,Engineering Review,0.0420455109646044,0.4464688315967339,0.5535311684032661,0.7541899441340782,0.0,sensor_060,0.9249999999999999,Very High,"sensor_060, sensor_206, sensor_104, sensor_424, sensor_511",3,0,"The record is assigned to Engineering Review with a calibrated failure probability of 4.20%. The first statistical sensor measurements to investigate are sensor_060, sensor_206, sensor_104. This ranking is based on model attribution, robust deviation, global importance and recurrence in observed failure explanations. It does not establish a physical root cause."
WF-001383,0,Pass,Engineering Review,0.0497181298183147,0.4206112565537563,0.5793887434462437,0.6233040702314445,0.2201208680245761,sensor_034,0.7,Moderate,"sensor_034, sensor_104, sensor_432, sensor_317, sensor_060",0,0,"The record is assigned to Engineering Review with a calibrated failure probability of 4.97%. The first statistical sensor measurements to investigate are sensor_034, sensor_104, sensor_432. This ranking is based on model attribution, robust deviation, global importance and recurrence in observed failure explanations. It does not establish a physical root cause."
WF-001386,0,Pass,Engineering Review,0.0478623073461422,0.2965262788358642,0.7034737211641358,0.3064644852354349,0.0,sensor_034,0.8,Very High,"sensor_034, sensor_104, sensor_478, sensor_512, sensor_015",1,0,"The record is assigned to Engineering Review with a calibrated failure probability of 4.79%. The first statistical sensor measurements to investigate are sensor_034, sensor_104, sensor_478. This ranking is based on model attribution, robust deviation, global importance and recurrence in observed failure explanations. It does not establish a physical root cause."
WF-001391,0,Pass,Engineering Review,0.0382096282185509,0.377341960226815,0.622658039773185,0.355147645650439,0.0,sensor_034,0.85,Very High,"sensor_034, sensor_104, sensor_126, sensor_478, sensor_206",2,0,"The record is assigned to Engineering Review with a calibrated failure probability of 3.82%. The first statistical sensor measurements to investigate are sensor_034, sensor_104, sensor_126. This ranking is based on model attribution, robust deviation, global importance and recurrence in observed failure explanations. It does not establish a physical root cause."
WF-001395,0,Pass,Engineering Review,0.0441058815076441,0.419527199767479,0.580472800232521,0.5179569034317638,0.2262193717542212,sensor_060,0.7125,Moderate,"sensor_060, sensor_065, sensor_104, sensor_478, sensor_317",1,0,"The record is assigned to Engineering Review with a calibrated failure probability of 4.41%. The first statistical sensor measurements to investigate are sensor_060, sensor_065, sensor_104. This ranking is based on model attribution, robust deviation, global importance and recurrence in observed failure explanations. It does not establish a physical root cause."
WF-001397,0,Pass,Engineering Review,0.0377204669258587,0.2944655141160117,0.7055344858839883,0.09736632083000796,0.0,sensor_478,0.7749999999999999,High,"sensor_478, sensor_342, sensor_206, sensor_060, sensor_104",2,0,"The record is assigned to Engineering Review with a calibrated failure probability of 3.77%. The first statistical sensor measurements to investigate are sensor_478, sensor_342, sensor_206. This ranking is based on model attribution, robust deviation, global importance and recurrence in observed failure explanations. It does not establish a physical root cause."
WF-001398,0,Pass,Insufficient Evidence,0.1069377987734891,0.1910463014371493,0.8089536985628507,0.01995211492418203,2.6641067868964327e-16,sensor_478,0.9,Very High,"sensor_478, sensor_206, sensor_342, sensor_104, sensor_065",3,0,"The record is assigned to Insufficient Evidence with a calibrated failure probability of 10.69%. The first statistical sensor measurements to investigate are sensor_478, sensor_206, sensor_342. This ranking is based on model attribution, robust deviation, global importance and recurrence in observed failure explanations. It does not establish a physical root cause."
WF-001399,0,Pass,Engineering Review,0.0508143739127773,0.3396815587581951,0.6603184412418048,0.29289704708699127,0.1907540357721301,sensor_065,0.8,Very High,"sensor_065, sensor_060, sensor_104, sensor_317, sensor_432",1,0,"The record is assigned to Engineering Review with a calibrated failure probability of 5.08%. The first statistical sensor measurements to investigate are sensor_065, sensor_060, sensor_104. This ranking is based on model attribution, robust deviation, global importance and recurrence in observed failure explanations. It does not establish a physical root cause."
WF-001412,0,Pass,Low Risk,0.0201329162075677,0.4678543914121259,0.5321456085878741,0.636073423782921,0.076135445590693,sensor_060,0.75,Moderate,"sensor_060, sensor_065, sensor_104, sensor_082, sensor_034",0,0,"The record is assigned to Low Risk with a calibrated failure probability of 2.01%. The first statistical sensor measurements to investigate are sensor_060, sensor_065, sensor_104. This ranking is based on model attribution, robust deviation, global importance and recurrence in observed failure explanations. It does not establish a physical root cause."
WF-001422,0,Pass,Low Risk,0.0084168674729297,0.4775211550519335,0.5224788449480664,0.7964884277733439,0.0106125842266291,sensor_060,0.725,Moderate,"sensor_060, sensor_104, sensor_317, sensor_034, sensor_103",0,0,"The record is assigned to Low Risk with a calibrated failure probability of 0.84%. The first statistical sensor measurements to investigate are sensor_060, sensor_104, sensor_317. This ranking is based on model attribution, robust deviation, global importance and recurrence in observed failure explanations. It does not establish a physical root cause."
WF-001425,0,Pass,Low Risk,0.0249580594212095,0.4308631501910098,0.5691368498089902,0.6440542697525937,0.0905093468768056,sensor_034,0.8,Very High,"sensor_034, sensor_104, sensor_181, sensor_317, sensor_434",1,0,"The record is assigned to Low Risk with a calibrated failure probability of 2.50%. The first statistical sensor measurements to investigate are sensor_034, sensor_104, sensor_181. This ranking is based on model attribution, robust deviation, global importance and recurrence in observed failure explanations. It does not establish a physical root cause."
WF-001432,0,Pass,Engineering Review,0.0381043993429214,0.4499336147056944,0.5500663852943055,0.7414205905826018,0.0445542223731173,sensor_034,0.8500000000000001,Very High,"sensor_034, sensor_060, sensor_065, sensor_104, sensor_489",2,0,"The record is assigned to Engineering Review with a calibrated failure probability of 3.81%. The first statistical sensor measurements to investigate are sensor_034, sensor_060, sensor_065. This ranking is based on model attribution, robust deviation, global importance and recurrence in observed failure explanations. It does not establish a physical root cause."
WF-001433,0,Pass,Low Risk,0.023658352782628,0.419774992239957,0.5802250077600429,0.4325618515562649,0.0,sensor_034,0.7,Moderate,"sensor_034, sensor_478, sensor_104, sensor_060, sensor_214",0,0,"The record is assigned to Low Risk with a calibrated failure probability of 2.37%. The first statistical sensor measurements to investigate are sensor_034, sensor_478, sensor_104. This ranking is based on model attribution, robust deviation, global importance and recurrence in observed failure explanations. It does not establish a physical root cause."
WF-001434,0,Pass,Low Risk,0.0166559513486499,0.4554073052708653,0.5445926947291346,0.7741420590582602,0.090172687059206,sensor_104,0.65,Moderate,"sensor_104, sensor_478, sensor_060, sensor_206, sensor_034",0,0,"The record is assigned to Low Risk with a calibrated failure probability of 1.67%. The first statistical sensor measurements to investigate are sensor_104, sensor_478, sensor_060. This ranking is based on model attribution, robust deviation, global importance and recurrence in observed failure explanations. It does not establish a physical root cause."
WF-001440,0,Pass,Low Risk,0.0165250016048479,0.4762158040410568,0.5237841959589431,0.5698324022346368,0.0822590976950963,sensor_104,0.675,Moderate,"sensor_104, sensor_034, sensor_060, sensor_317, sensor_181",0,0,"The record is assigned to Low Risk with a calibrated failure probability of 1.65%. The first statistical sensor measurements to investigate are sensor_104, sensor_034, sensor_060. This ranking is based on model attribution, robust deviation, global importance and recurrence in observed failure explanations. It does not establish a physical root cause."
WF-001442,0,Pass,Low Risk,0.0162653857813916,0.4280218008224004,0.5719781991775996,0.49002394253790904,0.2001671523686059,sensor_104,0.8,Moderate,"sensor_104, sensor_034, sensor_060, sensor_029, sensor_511",0,0,"The record is assigned to Low Risk with a calibrated failure probability of 1.63%. The first statistical sensor measurements to investigate are sensor_104, sensor_034, sensor_060. This ranking is based on model attribution, robust deviation, global importance and recurrence in observed failure explanations. It does not establish a physical root cause."
WF-001443,0,Pass,Low Risk,0.0181476305780483,0.4584951295218503,0.5415048704781498,0.6935355147645651,0.1110507105049408,sensor_034,0.775,Moderate,"sensor_034, sensor_214, sensor_104, sensor_032, sensor_352",0,0,"The record is assigned to Low Risk with a calibrated failure probability of 1.81%. The first statistical sensor measurements to investigate are sensor_034, sensor_214, sensor_104. This ranking is based on model attribution, robust deviation, global importance and recurrence in observed failure explanations. It does not establish a physical root cause."
WF-001447,0,Pass,Low Risk,0.0256892989555889,0.297932851520824,0.7020671484791761,0.03272146847565838,0.1,sensor_104,0.675,Moderate,"sensor_104, sensor_082, sensor_478, sensor_060, sensor_206",0,0,"The record is assigned to Low Risk with a calibrated failure probability of 2.57%. The first statistical sensor measurements to investigate are sensor_104, sensor_082, sensor_478. This ranking is based on model attribution, robust deviation, global importance and recurrence in observed failure explanations. It does not establish a physical root cause."
WF-001449,0,Pass,Low Risk,0.0267026885943025,0.3690663936816435,0.6309336063183565,0.5395051875498803,0.0,sensor_034,0.825,Very High,"sensor_034, sensor_104, sensor_060, sensor_511, sensor_478",1,0,"The record is assigned to Low Risk with a calibrated failure probability of 2.67%. The first statistical sensor measurements to investigate are sensor_034, sensor_104, sensor_060. This ranking is based on model attribution, robust deviation, global importance and recurrence in observed failure explanations. It does not establish a physical root cause."
WF-001454,0,Pass,Low Risk,0.0243358776993061,0.3806601133161633,0.6193398866838367,0.41500399042298486,0.326241097958449,sensor_478,0.875,Very High,"sensor_478, sensor_206, sensor_104, sensor_342, sensor_060",2,0,"The record is assigned to Low Risk with a calibrated failure probability of 2.43%. The first statistical sensor measurements to investigate are sensor_478, sensor_206, sensor_104. This ranking is based on model attribution, robust deviation, global importance and recurrence in observed failure explanations. It does not establish a physical root cause."
WF-001457,0,Pass,Engineering Review,0.0675257997962518,0.2209721904904062,0.7790278095095937,0.058260175578611184,0.0,sensor_478,0.825,Very High,"sensor_478, sensor_034, sensor_342, sensor_206, sensor_104",4,0,"The record is assigned to Engineering Review with a calibrated failure probability of 6.75%. The first statistical sensor measurements to investigate are sensor_478, sensor_034, sensor_342. This ranking is based on model attribution, robust deviation, global importance and recurrence in observed failure explanations. It does not establish a physical root cause."
WF-001467,0,Pass,Low Risk,0.0158861525010141,0.376714908862755,0.623285091137245,0.1739824421388667,0.0,sensor_104,0.85,Moderate,"sensor_104, sensor_317, sensor_511, sensor_034, sensor_060",0,0,"The record is assigned to Low Risk with a calibrated failure probability of 1.59%. The first statistical sensor measurements to investigate are sensor_104, sensor_317, sensor_511. This ranking is based on model attribution, robust deviation, global importance and recurrence in observed failure explanations. It does not establish a physical root cause."
WF-001473,0,Pass,Low Risk,0.0228641726482831,0.4096382129639181,0.5903617870360819,0.3743016759776536,0.2077857115021937,sensor_104,0.675,Moderate,"sensor_104, sensor_432, sensor_060, sensor_548, sensor_578",0,0,"The record is assigned to Low Risk with a calibrated failure probability of 2.29%. The first statistical sensor measurements to investigate are sensor_104, sensor_432, sensor_060. This ranking is based on model attribution, robust deviation, global importance and recurrence in observed failure explanations. It does not establish a physical root cause."
WF-001475,0,Pass,Low Risk,0.0252320060344618,0.4319471021317037,0.5680528978682963,0.4086193136472466,0.0,sensor_060,0.6625,Moderate,"sensor_060, sensor_104, sensor_082, sensor_489, sensor_317",0,0,"The record is assigned to Low Risk with a calibrated failure probability of 2.52%. The first statistical sensor measurements to investigate are sensor_060, sensor_104, sensor_082. This ranking is based on model attribution, robust deviation, global importance and recurrence in observed failure explanations. It does not establish a physical root cause."
WF-001478,0,Pass,Low Risk,0.0155714199198236,0.4198554310764847,0.5801445689235152,0.169193934557063,0.0,sensor_478,0.7749999999999999,High,"sensor_478, sensor_206, sensor_342, sensor_104, sensor_060",3,0,"The record is assigned to Low Risk with a calibrated failure probability of 1.56%. The first statistical sensor measurements to investigate are sensor_478, sensor_206, sensor_342. This ranking is based on model attribution, robust deviation, global importance and recurrence in observed failure explanations. It does not establish a physical root cause."
WF-001479,0,Pass,Low Risk,0.0127124392248786,0.4389320155956159,0.5610679844043841,0.1899441340782123,0.0692559066073141,sensor_104,0.725,Moderate,"sensor_104, sensor_317, sensor_214, sensor_352, sensor_181",0,0,"The record is assigned to Low Risk with a calibrated failure probability of 1.27%. The first statistical sensor measurements to investigate are sensor_104, sensor_317, sensor_214. This ranking is based on model attribution, robust deviation, global importance and recurrence in observed failure explanations. It does not establish a physical root cause."
WF-001480,0,Pass,Low Risk,0.030779034803649,0.4681662015024021,0.5318337984975978,0.7015163607342378,0.0,sensor_060,0.675,Moderate,"sensor_060, sensor_104, sensor_214, sensor_478, sensor_103",0,0,"The record is assigned to Low Risk with a calibrated failure probability of 3.08%. The first statistical sensor measurements to investigate are sensor_060, sensor_104, sensor_214. This ranking is based on model attribution, robust deviation, global importance and recurrence in observed failure explanations. It does not establish a physical root cause."
WF-001483,0,Pass,Low Risk,0.0310327247541021,0.3254772423126427,0.6745227576873574,0.0430965682362332,0.0,sensor_478,0.825,Very High,"sensor_478, sensor_206, sensor_104, sensor_060, sensor_131",2,0,"The record is assigned to Low Risk with a calibrated failure probability of 3.10%. The first statistical sensor measurements to investigate are sensor_478, sensor_206, sensor_104. This ranking is based on model attribution, robust deviation, global importance and recurrence in observed failure explanations. It does not establish a physical root cause."
WF-001487,0,Pass,Low Risk,0.015831868315119,0.4202069249977919,0.5797930750022081,0.26097366320830007,0.0,sensor_060,0.75,Moderate,"sensor_060, sensor_104, sensor_478, sensor_082, sensor_511",0,0,"The record is assigned to Low Risk with a calibrated failure probability of 1.58%. The first statistical sensor measurements to investigate are sensor_060, sensor_104, sensor_478. This ranking is based on model attribution, robust deviation, global importance and recurrence in observed failure explanations. It does not establish a physical root cause."
WF-001492,0,Pass,Low Risk,0.0086214682717125,0.4423302907381796,0.5576697092618204,0.05267358339984041,0.0972911565724172,sensor_104,0.675,Moderate,"sensor_104, sensor_434, sensor_317, sensor_511, sensor_432",0,0,"The record is assigned to Low Risk with a calibrated failure probability of 0.86%. The first statistical sensor measurements to investigate are sensor_104, sensor_434, sensor_317. This ranking is based on model attribution, robust deviation, global importance and recurrence in observed failure explanations. It does not establish a physical root cause."
WF-001494,0,Pass,Low Risk,0.0183735844336359,0.4280227544636211,0.5719772455363789,0.4908220271348763,0.0517203225282405,sensor_104,0.65,Moderate,"sensor_104, sensor_060, sensor_478, sensor_032, sensor_206",0,0,"The record is assigned to Low Risk with a calibrated failure probability of 1.84%. The first statistical sensor measurements to investigate are sensor_104, sensor_060, sensor_478. This ranking is based on model attribution, robust deviation, global importance and recurrence in observed failure explanations. It does not establish a physical root cause."
WF-001499,0,Pass,Engineering Review,0.036773648363792,0.3619206604975294,0.6380793395024705,0.12529928172386273,0.0812689201357389,sensor_065,0.7749999999999999,High,"sensor_065, sensor_060, sensor_104, sensor_317, sensor_511",1,0,"The record is assigned to Engineering Review with a calibrated failure probability of 3.68%. The first statistical sensor measurements to investigate are sensor_065, sensor_060, sensor_104. This ranking is based on model attribution, robust deviation, global importance and recurrence in observed failure explanations. It does not establish a physical root cause."
WF-001500,0,Pass,Low Risk,0.0273699445319095,0.3551091042622691,0.6448908957377308,0.12051077414205902,0.0,sensor_060,0.65,Moderate,"sensor_060, sensor_104, sensor_214, sensor_206, sensor_478",0,0,"The record is assigned to Low Risk with a calibrated failure probability of 2.74%. The first statistical sensor measurements to investigate are sensor_060, sensor_104, sensor_214. This ranking is based on model attribution, robust deviation, global importance and recurrence in observed failure explanations. It does not establish a physical root cause."
WF-001523,0,Pass,Engineering Review,0.0384031286879328,0.3368290856426926,0.6631709143573075,0.5131683958499601,0.0,sensor_060,0.65,Moderate,"sensor_060, sensor_104, sensor_578, sensor_065, sensor_478",0,0,"The record is assigned to Engineering Review with a calibrated failure probability of 3.84%. The first statistical sensor measurements to investigate are sensor_060, sensor_104, sensor_578. This ranking is based on model attribution, robust deviation, global importance and recurrence in observed failure explanations. It does not establish a physical root cause."
WF-001526,0,Pass,Low Risk,0.0198803182261642,0.396667687316871,0.6033323126831289,0.0638467677573824,0.0,sensor_034,0.75,Moderate,"sensor_034, sensor_104, sensor_214, sensor_060, sensor_131",0,0,"The record is assigned to Low Risk with a calibrated failure probability of 1.99%. The first statistical sensor measurements to investigate are sensor_034, sensor_104, sensor_214. This ranking is based on model attribution, robust deviation, global importance and recurrence in observed failure explanations. It does not establish a physical root cause."
WF-001529,0,Pass,Low Risk,0.0107147518487837,0.4278747317833328,0.5721252682166672,0.1276935355147646,0.2236823151491859,sensor_214,0.675,Moderate,"sensor_214, sensor_317, sensor_104, sensor_282, sensor_181",0,0,"The record is assigned to Low Risk with a calibrated failure probability of 1.07%. The first statistical sensor measurements to investigate are sensor_214, sensor_317, sensor_104. This ranking is based on model attribution, robust deviation, global importance and recurrence in observed failure explanations. It does not establish a physical root cause."
WF-001530,0,Pass,Low Risk,0.0186067130995502,0.3980195100743661,0.6019804899256339,0.16999201915403028,0.0,sensor_104,0.675,Moderate,"sensor_104, sensor_511, sensor_032, sensor_060, sensor_034",0,0,"The record is assigned to Low Risk with a calibrated failure probability of 1.86%. The first statistical sensor measurements to investigate are sensor_104, sensor_511, sensor_032. This ranking is based on model attribution, robust deviation, global importance and recurrence in observed failure explanations. It does not establish a physical root cause."
WF-001541,0,Pass,Low Risk,0.0320251230365045,0.3676310160536518,0.6323689839463482,0.20510774142059063,0.1727384224790922,sensor_153,0.8375,Very High,"sensor_153, sensor_214, sensor_104, sensor_181, sensor_352",1,0,"The record is assigned to Low Risk with a calibrated failure probability of 3.20%. The first statistical sensor measurements to investigate are sensor_153, sensor_214, sensor_104. This ranking is based on model attribution, robust deviation, global importance and recurrence in observed failure explanations. It does not establish a physical root cause."
WF-001542,0,Pass,Low Risk,0.0218768148533152,0.4429190097641921,0.5570809902358079,0.43176376695929763,0.0,sensor_153,0.7124999999999999,High,"sensor_153, sensor_034, sensor_060, sensor_104, sensor_214",1,0,"The record is assigned to Low Risk with a calibrated failure probability of 2.19%. The first statistical sensor measurements to investigate are sensor_153, sensor_034, sensor_060. This ranking is based on model attribution, robust deviation, global importance and recurrence in observed failure explanations. It does not establish a physical root cause."
WF-001544,0,Pass,Low Risk,0.0291397823757858,0.3787135250707951,0.6212864749292049,0.25139664804469275,0.0,sensor_104,0.7875,Moderate,"sensor_104, sensor_153, sensor_478, sensor_032, sensor_511",1,0,"The record is assigned to Low Risk with a calibrated failure probability of 2.91%. The first statistical sensor measurements to investigate are sensor_104, sensor_153, sensor_478. This ranking is based on model attribution, robust deviation, global importance and recurrence in observed failure explanations. It does not establish a physical root cause."
WF-001553,0,Pass,Engineering Review,0.0589889272315011,0.3031095555369578,0.6968904444630422,0.07661612130885875,0.1892268546715685,sensor_424,0.75,High,"sensor_424, sensor_153, sensor_034, sensor_432, sensor_104",2,0,"The record is assigned to Engineering Review with a calibrated failure probability of 5.90%. The first statistical sensor measurements to investigate are sensor_424, sensor_153, sensor_034. This ranking is based on model attribution, robust deviation, global importance and recurrence in observed failure explanations. It does not establish a physical root cause."
WF-001564,0,Pass,Low Risk,0.0294693810101592,0.3174412366774775,0.6825587633225225,0.21388667198723066,0.0,sensor_060,0.6875,Moderate,"sensor_060, sensor_104, sensor_034, sensor_432, sensor_511",0,0,"The record is assigned to Low Risk with a calibrated failure probability of 2.95%. The first statistical sensor measurements to investigate are sensor_060, sensor_104, sensor_034. This ranking is based on model attribution, robust deviation, global importance and recurrence in observed failure explanations. It does not establish a physical root cause."
WF-001566,0,Pass,Low Risk,0.0237743521976791,0.4466011426500669,0.5533988573499331,0.7470071827613727,0.1776728443238176,sensor_511,0.85,Very High,"sensor_511, sensor_034, sensor_282, sensor_181, sensor_317",2,0,"The record is assigned to Low Risk with a calibrated failure probability of 2.38%. The first statistical sensor measurements to investigate are sensor_511, sensor_034, sensor_282. This ranking is based on model attribution, robust deviation, global importance and recurrence in observed failure explanations. It does not establish a physical root cause."
