monitoring_rank,feature,reference_count,current_count,reference_missing_rate,current_missing_rate,missing_rate_difference,reference_mean,current_mean,absolute_mean_shift,standardised_mean_shift,reference_std,current_std,standard_deviation_ratio,reference_median,current_median,absolute_median_shift,psi,ks_statistic,ks_p_value,wasserstein_distance,reference_constant,current_constant,overall_severity,feature_health_score,drift_detected,notes,psi_severity,ks_statistic_severity,standardised_mean_shift_severity,missing_rate_difference_severity,constant_sensor_change_severity,measurement_availability_severity,severity_rank
1,sensor_075,1249,312,0.0031923383878691143,0.006369426751592357,0.0031770883637232427,0.0033590872698158526,0.0,0.0033590872698158526,0.02829559174871464,0.11871415518173226,0.0,0.0,0.0,0.0,0.0,0.0,0.0008006405124099114,0.9625672272684133,0.0020998498498498025,False,True,Critical,94.75,True,Current sensor is constant. Sensor became constant in current data. Current missingness exceeds reference missingness.,Normal,Normal,Normal,Normal,Critical,Normal,3
2,sensor_207,1249,312,0.0031923383878691143,0.006369426751592357,0.0031770883637232427,0.0016012810248198558,0.0,0.0016012810248198558,0.028295591748714634,0.05659118349742928,0.0,0.0,0.0,0.0,0.0,0.0,0.0008006405124099114,0.9625672272684133,0.0010010010010009784,False,True,Critical,94.75,True,Current sensor is constant. Sensor became constant in current data. Current missingness exceeds reference missingness.,Normal,Normal,Normal,Normal,Critical,Normal,3
3,sensor_210,1249,312,0.0031923383878691143,0.006369426751592357,0.0031770883637232427,0.03694955964771817,0.0,0.03694955964771817,0.028295591748714637,1.3058415592031805,0.0,0.0,0.0,0.0,0.0,0.0,0.0008006405124099114,0.9625672272684133,0.023098098098097576,False,True,Critical,94.75,True,Current sensor is constant. Sensor became constant in current data. Current missingness exceeds reference missingness.,Normal,Normal,Normal,Normal,Critical,Normal,3
4,sensor_343,1249,312,0.0031923383878691143,0.006369426751592357,0.0031770883637232427,0.0003580464371497198,0.0,0.0003580464371497198,0.02829559174871464,0.012653788630025186,0.0,0.0,0.0,0.0,0.0,0.0,0.0008006405124099114,0.9625672272684133,0.00022382382382381876,False,True,Critical,94.75,True,Current sensor is constant. Sensor became constant in current data. Current missingness exceeds reference missingness.,Normal,Normal,Normal,Normal,Critical,Normal,3
5,sensor_348,1249,312,0.0031923383878691143,0.006369426751592357,0.0031770883637232427,0.011140672538030425,0.0,0.011140672538030425,0.02829559174871464,0.3937246705058396,0.0,0.0,0.0,0.0,0.0,0.0,0.0008006405124099114,0.9625672272684133,0.006964314314314157,False,True,Critical,94.75,True,Current sensor is constant. Sensor became constant in current data. Current missingness exceeds reference missingness.,Normal,Normal,Normal,Normal,Critical,Normal,3
6,sensor_479,1249,312,0.0031923383878691143,0.006369426751592357,0.0031770883637232427,0.16012810248198558,0.0,0.16012810248198558,0.02829559174871464,5.659118349742927,0.0,0.0,0.0,0.0,0.0,0.0,0.0008006405124099114,0.9625672272684133,0.10010010010009784,False,True,Critical,94.75,True,Current sensor is constant. Sensor became constant in current data. Current missingness exceeds reference missingness.,Normal,Normal,Normal,Normal,Critical,Normal,3
7,sensor_346,638,135,0.49082202713487627,0.5700636942675159,0.07924166713263964,8.400305172413793,5.869850370370371,2.5304548020434217,0.13192635696775287,19.180813146094437,3.5695637490857584,0.18610075192837103,5.5706500000000005,5.5446,0.026050000000000573,0.2316685324003052,0.06484384070590965,0.722970758927712,2.501185645897057,False,False,Warning,84.7,True,Current missingness exceeds reference missingness.,Warning,Normal,Normal,Watch,Normal,Normal,2
8,sensor_556,1053,254,0.1596169193934557,0.1910828025477707,0.031465883154315005,57.82816191832858,57.40814803149607,0.42001388683251406,0.01178637566835368,35.635542142123285,33.4403100702166,0.9383976799580721,54.3182,54.83615,0.5179500000000061,0.10038292800693291,0.045000785158265444,0.7928018906967707,2.2312524046569107,False,False,Watch,91.9,True,Current missingness exceeds reference missingness.,Watch,Normal,Normal,Watch,Normal,Normal,1
9,sensor_248,685,167,0.4533120510774142,0.4681528662420382,0.014840815164624044,0.05356846715328467,0.052574251497005994,0.000994215656278677,0.015028176958334584,0.06615677064723993,0.06996908780799815,1.0576255026274817,0.0274,0.026,0.001400000000000002,0.11540179818773758,0.07082477381004415,0.49643861203595957,0.004289004309018161,False,False,Watch,94.6,True,Current missingness exceeds reference missingness.,Watch,Normal,Normal,Normal,Normal,Normal,1
10,sensor_349,1233,310,0.01596169193934557,0.012738853503184714,0.003222838436160856,0.024411435523114356,0.02587612903225807,0.0014646935091437129,0.12761213744712416,0.011477697485872814,0.013238634174464648,1.1534224691632848,0.0225,0.0235,0.0010000000000000009,0.10333591810809342,0.09090338278000157,0.031204357834041203,0.0015796483169856538,False,False,Watch,94.6,True,No additional data-quality note.,Watch,Normal,Normal,Normal,Normal,Normal,1
11,sensor_520,685,167,0.4533120510774142,0.4681528662420382,0.014840815164624044,11.80381124087591,11.419282035928145,0.384529204947766,0.02420618001754791,15.88557982585469,15.562391201509875,0.9796552201501134,5.8827,5.6322,0.2504999999999997,0.102664063858982,0.06848201407404164,0.5402550744050274,0.9895071500632661,False,False,Watch,94.6,True,Current missingness exceeds reference missingness.,Watch,Normal,Normal,Normal,Normal,Normal,1
12,sensor_386,685,167,0.4533120510774142,0.4681528662420382,0.014840815164624044,0.01143985401459854,0.011374251497005987,6.560251759255356e-05,0.00455317702933112,0.014408075321901295,0.014233004932418443,0.987849148094282,0.0068,0.0067,9.99999999999994e-05,0.10158112067004396,0.050299401197604815,0.878062914512659,0.0009038849560548544,False,False,Watch,94.6,True,Current missingness exceeds reference missingness.,Watch,Normal,Normal,Normal,Normal,Normal,1
13,sensor_555,1053,254,0.1596169193934557,0.1910828025477707,0.031465883154315005,0.5138110161443494,0.4615641732283465,0.052246842916002956,0.07900010539943415,0.6613515596192759,0.17416104495820614,0.2633410966150385,0.487,0.45225000000000004,0.03474999999999995,0.06638667533982032,0.0881882286081761,0.0783164001507481,0.04816576225875552,False,False,Watch,97.3,True,Current missingness exceeds reference missingness.,Normal,Normal,Normal,Watch,Normal,Normal,1
14,sensor_568,1020,274,0.18595371109337588,0.12738853503184713,0.05856517606152875,0.06009186274509804,0.06006605839416059,2.5804350937450038e-05,0.0007737949886674773,0.033347787612177125,0.030535294797379608,0.9156617869975122,0.0479,0.05065,0.0027500000000000024,0.06488013157801806,0.04406755402891083,0.7869647425359483,0.002218325582840099,False,False,Watch,97.3,True,No additional data-quality note.,Normal,Normal,Normal,Watch,Normal,Normal,1
15,sensor_073,638,135,0.49082202713487627,0.5700636942675159,0.07924166713263964,149.881889184953,152.6284037037037,2.7465145187507005,0.1399341261501251,19.627195983659952,10.513384798063388,0.5356539368545562,152.0386,153.7635,1.724899999999991,0.05821006793674173,0.09287124114710321,0.2781982096906008,2.6755378646471275,False,False,Watch,97.3,True,Current missingness exceeds reference missingness.,Normal,Normal,Normal,Watch,Normal,Normal,1
16,sensor_558,1053,254,0.1596169193934557,0.1910828025477707,0.031465883154315005,1.6537516619183283,1.4958740157480315,0.15787764617029687,0.07636458837928621,2.0674195922611815,0.5164666615801362,0.24981221205090035,1.5493,1.45805,0.09124999999999983,0.051213344864480426,0.09921409396475023,0.033114514794002556,0.1398784549314086,False,False,Watch,97.3,True,Current missingness exceeds reference missingness.,Normal,Normal,Normal,Watch,Normal,Normal,1
17,sensor_551,1053,254,0.1596169193934557,0.1910828025477707,0.031465883154315005,16.996704653371317,17.08216535433071,0.08546070095939129,0.01612439355519102,5.300087762486945,3.24658014601313,0.6125521484741879,16.28,16.57,0.28999999999999915,0.05018195898196016,0.06735536263095321,0.3010789089864082,0.4990801963124315,False,False,Watch,97.3,True,Current missingness exceeds reference missingness.,Normal,Normal,Normal,Watch,Normal,Normal,1
18,sensor_552,1053,254,0.1596169193934557,0.1910828025477707,0.031465883154315005,1.2542735042735043,1.133031496062992,0.12124200821051234,0.0807082667418999,1.5022253990193701,0.40991450833364873,0.2728715068998532,1.17,1.105,0.06499999999999995,0.048599421469265415,0.08739559264493646,0.08299062605022475,0.10893702010318677,False,False,Watch,97.3,True,Current missingness exceeds reference missingness.,Normal,Normal,Normal,Watch,Normal,Normal,1
19,sensor_554,1053,254,0.1596169193934557,0.1910828025477707,0.031465883154315005,7.6947048433048435,7.741883858267716,0.04717901496287258,0.020242553697943175,2.3306849356495167,1.492858368021433,0.6405234552242911,7.3824,7.5813500000000005,0.19895000000000085,0.047725301937387395,0.07526676686781675,0.1886510788132547,0.22103495352209196,False,False,Watch,97.3,True,Current missingness exceeds reference missingness.,Normal,Normal,Normal,Watch,Normal,Normal,1
20,sensor_550,1053,254,0.1596169193934557,0.1910828025477707,0.031465883154315005,0.6714459639126306,0.6293055118110236,0.042140452101606996,0.060563750901398546,0.6958032069416276,0.570875208088954,0.8204549826641514,0.4752,0.46240000000000003,0.012799999999999978,0.045837183047767766,0.057623138987968336,0.4935816710768564,0.05417192132071998,False,False,Watch,97.3,True,Current missingness exceeds reference missingness.,Normal,Normal,Normal,Watch,Normal,Normal,1
21,sensor_549,1053,254,0.1596169193934557,0.1910828025477707,0.031465883154315005,75.72576448243115,75.48961417322835,0.23615030920279878,0.06920054700914344,3.4125497472093156,3.2974078873337005,0.9662592875108195,74.132,73.91300000000001,0.2189999999999941,0.04565154208433308,0.06761708205277761,0.29672472038402203,0.27689495601707753,False,False,Watch,97.3,True,Current missingness exceeds reference missingness.,Normal,Normal,Normal,Watch,Normal,Normal,1
22,sensor_563,1020,274,0.18595371109337588,0.12738853503184713,0.05856517606152875,262.715262745098,262.78336496350363,0.06810221840561326,0.00917614874856852,7.421655889812947,8.376988338133787,1.128722277414147,264.272,264.272,0.0,0.04362600262575199,0.06022613424932016,0.402776758582577,0.6449338848357856,False,False,Watch,97.3,True,No additional data-quality note.,Normal,Normal,Normal,Watch,Normal,Normal,1
23,sensor_553,1053,254,0.1596169193934557,0.1910828025477707,0.031465883154315005,0.2799889838556505,0.26300314960629917,0.01698583424935135,0.059590031373944766,0.2850448952235031,0.23622137049676273,0.82871636873743,0.1992,0.19715,0.0020499999999999963,0.042175665274961895,0.04939019374714915,0.6897643118821559,0.021552744135526884,False,False,Watch,97.3,True,Current missingness exceeds reference missingness.,Normal,Normal,Normal,Watch,Normal,Normal,1
24,sensor_557,1053,254,0.1596169193934557,0.1910828025477707,0.031465883154315005,4.2119880341880345,4.237286614173228,0.02529857998519347,0.018449952615302564,1.3712002687860882,0.7994254742200608,0.5830114625982281,4.0671,4.16095,0.09384999999999977,0.04111855146999455,0.07143070791364758,0.23828934399839888,0.13102720979237575,False,False,Watch,97.3,True,Current missingness exceeds reference missingness.,Normal,Normal,Normal,Watch,Normal,Normal,1
25,sensor_570,1020,274,0.18595371109337588,0.12738853503184713,0.05856517606152875,21.110712254901962,21.143590145985403,0.03287789108344086,0.0031495679127530223,10.438857644667344,9.343703355666518,0.895088684386813,16.964199999999998,17.673650000000002,0.7094500000000039,0.04067442795260883,0.04874051810505231,0.6734939097331176,0.8038549764479198,False,False,Watch,97.3,True,No additional data-quality note.,Normal,Normal,Normal,Watch,Normal,Normal,1
26,sensor_347,638,135,0.49082202713487627,0.5700636942675159,0.07924166713263964,6.206594200626959,3.707899999999999,2.4986942006269603,0.1336011698104827,18.702637141362114,3.493896870044601,0.18681305976458357,3.04535,3.0591,0.013749999999999929,0.040035811999359884,0.056345059793335706,0.8614756365696852,2.4942541937654155,False,False,Watch,97.3,True,Current missingness exceeds reference missingness.,Normal,Normal,Normal,Watch,Normal,Normal,1
27,sensor_074,638,135,0.49082202713487627,0.5700636942675159,0.07924166713263964,468.3939871473355,466.2548777777778,2.1391093695577297,0.11085132959701763,19.297101598457335,4.08201070666813,0.2115349129422865,466.05174999999997,466.3315,0.27975000000003547,0.038244855195451344,0.051608034366655064,0.9213122594975869,2.2002580995591003,False,False,Watch,97.3,True,Current missingness exceeds reference missingness.,Normal,Normal,Normal,Watch,Normal,Normal,1
28,sensor_548,1053,254,0.1596169193934557,0.1910828025477707,0.031465883154315005,403.65606647673314,403.09215748031494,0.5639089964182062,0.11210655917659187,5.030115994639784,5.186959127172648,1.0311808182356033,403.324,402.221,1.1030000000000086,0.030627703823770714,0.07185693668633308,0.2323318456595994,0.5623724896067246,False,False,Watch,97.3,True,Current missingness exceeds reference missingness.,Normal,Normal,Normal,Watch,Normal,Normal,1
29,sensor_565,1020,274,0.18595371109337588,0.12738853503184713,0.05856517606152875,6.37686274509804,6.698576642335767,0.3217138972377267,0.12893533703964027,2.4951569106211586,3.086948980885164,1.2371762945027298,5.095,5.39,0.29499999999999993,0.02338027170903219,0.054172033777014406,0.539212437165233,0.306778670562454,False,False,Watch,97.3,True,No additional data-quality note.,Normal,Normal,Normal,Watch,Normal,Normal,1
30,sensor_567,1020,274,0.18595371109337588,0.12738853503184713,0.05856517606152875,2.5828095098039214,2.7153270072992695,0.13251749749534802,0.13654680274163966,0.9704913980745818,1.233783496184971,1.2712977143669184,2.11895,2.24915,0.13020000000000032,0.019925906072360944,0.06539287247745806,0.3042892988245606,0.12439020176332471,False,False,Watch,97.3,True,No additional data-quality note.,Normal,Normal,Normal,Watch,Normal,Normal,1
31,sensor_566,1020,274,0.18595371109337588,0.12738853503184713,0.05856517606152875,0.14571372549019607,0.14522153284671532,0.0004921926434807433,0.005954789121721479,0.0826549241996423,0.07528523983382077,0.9108379272356356,0.11895,0.12079999999999999,0.0018499999999999905,0.018297677961250463,0.039086875626162865,0.8903090350185817,0.005298981363746131,False,False,Watch,97.3,True,No additional data-quality note.,Normal,Normal,Normal,Watch,Normal,Normal,1
32,sensor_564,1020,274,0.18595371109337588,0.12738853503184713,0.05856517606152875,0.6807436274509805,0.6755350364963504,0.00520859095463011,0.041965131426019375,0.1241171128895991,0.11266095955671787,0.9076988413106953,0.651,0.65295,0.0019500000000000073,0.017726512181897733,0.03817088879347352,0.9060372955083007,0.007909399689980272,False,False,Watch,97.3,True,No additional data-quality note.,Normal,Normal,Normal,Watch,Normal,Normal,1
33,sensor_569,1020,274,0.18595371109337588,0.12738853503184713,0.05856517606152875,2.425365882352941,2.5531178832116783,0.12775200085873717,0.13627531387326786,0.9374551943981789,1.187991796018793,1.2672518143989289,1.9811999999999999,2.05735,0.07615000000000016,0.01643811072145513,0.0599398883641048,0.4087517427014141,0.11584465266066855,False,False,Watch,97.3,True,No additional data-quality note.,Normal,Normal,Normal,Watch,Normal,Normal,1
34,sensor_547,1053,254,0.1596169193934557,0.1910828025477707,0.031465883154315005,1.046372269705603,1.0116803149606297,0.03469195474497333,0.0875824106100907,0.39610641569822624,0.3577858031767626,0.9032567739305233,0.9167,0.8949,0.02179999999999993,0.009670829980809202,0.04197231756286876,0.8565368250901959,0.03512208083959834,False,False,Watch,97.3,True,Current missingness exceeds reference missingness.,Normal,Normal,Normal,Watch,Normal,Normal,1
35,sensor_562,1252,314,0.0007980845969672786,0.0,0.0007980845969672786,32.151678993610226,32.816365923566885,0.6646869299566589,0.035337110261235795,18.80988357686421,19.886880854087746,1.0572569879458595,28.8069,31.6423,2.8354,0.09686519344471911,0.059899065953073816,0.3193799031532286,1.1791858795231676,False,False,Normal,100.0,False,No additional data-quality note.,Normal,Normal,Normal,Normal,Normal,Normal,0
36,sensor_436,1252,313,0.0007980845969672786,0.0031847133757961785,0.0023866287788289,9.54749089456869,8.663364217252395,0.8841266773162939,0.02455014940917997,36.01308743912144,26.845646702899906,0.7454414106616464,4.5145,4.6628,0.14829999999999988,0.09575235168416148,0.0718849840255591,0.14416784181039746,1.3520228319911385,False,False,Normal,100.0,False,Current missingness exceeds reference missingness.,Normal,Normal,Normal,Normal,Normal,Normal,0
37,sensor_309,1253,313,0.0,0.0031847133757961785,0.0031847133757961785,0.21839584996009576,0.2184878594249201,9.200946482434968e-05,0.0027081544208135185,0.03397496986036358,0.032071886096315685,0.9439857114849688,0.2196,0.2182,0.0013999999999999846,0.09373187950645423,0.05398927557886635,0.44839045893261675,0.0026982479476473486,False,False,Normal,100.0,False,Current missingness exceeds reference missingness.,Normal,Normal,Normal,Normal,Normal,Normal,0
38,sensor_523,1253,314,0.0,0.0,0.0,14.719839185953711,14.764886624203822,0.04504743825011026,0.0062201524554919745,7.242175906851996,6.536677793540211,0.9025847863424173,13.7544,13.610949999999999,0.1434500000000014,0.08885392461375599,0.06075101285577045,0.3031568314713212,0.731101758966174,False,False,Normal,100.0,False,No additional data-quality note.,Normal,Normal,Normal,Normal,Normal,Normal,0
39,sensor_460,1252,314,0.0007980845969672786,0.0,0.0007980845969672786,2.8432553514376995,2.8189414012738854,0.024313950163814102,0.01661318898135284,1.463532991233943,0.7010930137545305,0.4790414824632143,2.8076499999999998,2.91035,0.10270000000000046,0.08738987437983621,0.06774892655827114,0.1921806465120756,0.07663558959359727,False,False,Normal,100.0,False,No additional data-quality note.,Normal,Normal,Normal,Normal,Normal,Normal,0
40,sensor_092,1247,314,0.004788507581803671,0.0,0.004788507581803671,0.0005951082598235756,0.009765923566878979,0.009170815307055403,0.10526910176370831,0.08711782615606069,0.08965884658631869,1.0291676289730425,0.0001,0.0,0.0001,0.08686530750035716,0.06900382574229114,0.17644761498226905,0.010558677145614084,False,False,Normal,100.0,False,No additional data-quality note.,Normal,Normal,Normal,Normal,Normal,Normal,0
41,sensor_113,685,167,0.4533120510774142,0.4681528662420382,0.014840815164624044,0.4568878832116789,0.460202994011976,0.0033151108002971164,0.06432235598800184,0.051539013914780885,0.0363916669680963,0.7060994032262524,0.4628,0.4629,9.999999999998899e-05,0.07918274979774949,0.07204860352288123,0.4742011403743539,0.004681969665880099,False,False,Normal,100.0,False,Current missingness exceeds reference missingness.,Normal,Normal,Normal,Normal,Normal,Normal,0
42,sensor_339,1248,312,0.0039904229848363925,0.006369426751592357,0.0023790037667559645,3.0856978365384613,2.8451083333333336,0.24058950320512773,0.03869625860667247,6.217384105543537,2.1675833339998416,0.34863268815371784,2.5392,2.628,0.08879999999999999,0.07628790908484684,0.05288461538461542,0.4772073333381387,0.2675654113071984,False,False,Normal,100.0,False,Current missingness exceeds reference missingness.,Normal,Normal,Normal,Normal,Normal,Normal,0
43,sensor_028,1252,313,0.0007980845969672786,0.0031847133757961785,0.0023866287788289,6.653329552715655,6.579821725239616,0.07350782747603901,0.05933985964045471,1.2387597126354735,1.2662682493334858,1.022206515450432,7.265000000000001,7.2557,0.00930000000000053,0.0758715684858998,0.06629392971246006,0.21342100523139598,0.0830445053161269,False,False,Normal,100.0,False,Current missingness exceeds reference missingness.,Normal,Normal,Normal,Normal,Normal,Normal,0
44,sensor_387,1253,314,0.0,0.0,0.0,0.008562809257781323,0.007155414012738855,0.0014073952450424686,0.08180331427240875,0.01720462376812483,0.0038200228309114596,0.22203466244864084,0.0069,0.00655,0.0003499999999999996,0.07514792066373277,0.06990865235536625,0.16512376696841183,0.0013538744951157226,False,False,Normal,100.0,False,No additional data-quality note.,Normal,Normal,Normal,Normal,Normal,Normal,0
45,sensor_345,1249,312,0.0031923383878691143,0.006369426751592357,0.0031770883637232427,23.220722417934347,23.202830128205125,0.017892289729221744,0.0020184373550783323,8.86442657445139,9.031818989332484,1.0188836145773428,23.4452,22.24945,1.1957500000000003,0.07386804148075886,0.07960214325306397,0.0803266377794424,0.8934977367257148,False,False,Normal,100.0,False,Current missingness exceeds reference missingness.,Normal,Normal,Normal,Normal,Normal,Normal,0
46,sensor_081,1233,310,0.01596169193934557,0.012738853503184714,0.003222838436160856,-0.019122708840227088,-0.016176451612903226,0.002946257227323862,0.058900875461391965,0.05002060163358792,0.04593110353733998,0.9182437243317377,-0.0093,-0.0068000000000000005,0.0024999999999999988,0.07167295221503046,0.06278680375690032,0.27411712371909575,0.005320097274451627,False,False,Normal,100.0,False,No additional data-quality note.,Normal,Normal,Normal,Normal,Normal,Normal,0
47,sensor_108,1247,314,0.004788507581803671,0.0,0.004788507581803671,-0.0043263833199679224,0.008402547770700637,0.012728931090668558,0.14592289020258312,0.0872305302683981,0.08784248169839133,1.0070153354348568,0.0,0.012799999999999999,0.012799999999999999,0.07162320216766443,0.09686176760531007,0.01674872291047367,0.013972711049387725,False,False,Normal,100.0,False,No additional data-quality note.,Normal,Normal,Normal,Normal,Normal,Normal,0
48,sensor_188,1252,314,0.0007980845969672786,0.0,0.0007980845969672786,17.967028674121405,17.813726114649683,0.15330255947172233,0.01635095552997904,9.375755391826868,4.392691483348011,0.4685160074864212,17.744999999999997,18.36,0.615000000000002,0.06964318589474054,0.05986345414216232,0.32006689023951485,0.4791501564627669,False,False,Normal,100.0,False,No additional data-quality note.,Normal,Normal,Normal,Normal,Normal,Normal,0
49,sensor_015,1250,314,0.0023942537909018356,0.0,0.0023942537909018356,8.93314056,9.292910191082802,0.359769631082802,0.12744740133817026,2.8228871464251006,2.6744328666889663,0.9474104801092964,8.870899999999999,9.2882,0.4173000000000009,0.06912215880374473,0.07074649681528666,0.155691098267448,0.40154140060981897,False,False,Normal,100.0,False,No additional data-quality note.,Normal,Normal,Normal,Normal,Normal,Normal,0
50,sensor_029,1252,313,0.0007980845969672786,0.0031847133757961785,0.0023866287788289,69.42936709265176,69.78019329073481,0.3508261980830554,0.10180122675916772,3.446188314734249,3.512068550569187,1.0191168415124807,69.1333,69.2778,0.14449999999999363,0.0683378427676027,0.0678913738019169,0.19143146926896362,0.3854134606077554,False,False,Normal,100.0,False,Current missingness exceeds reference missingness.,Normal,Normal,Normal,Normal,Normal,Normal,0
51,sensor_218,1233,310,0.01596169193934557,0.012738853503184714,0.003222838436160856,0.070261800486618,0.07709870967741937,0.006836909190801377,0.15964641493599174,0.04282532240728707,0.057794740566634875,1.3495459536061924,0.0612,0.06345,0.002250000000000009,0.06828485005952908,0.06467571880804751,0.24301693678729877,0.006501741431120811,False,False,Normal,100.0,False,No additional data-quality note.,Normal,Normal,Normal,Normal,Normal,Normal,0
52,sensor_589,1252,314,0.0007980845969672786,0.0,0.0007980845969672786,0.00525479233226837,0.005397133757961784,0.0001423414256934135,0.05161827322506609,0.0027575782140711325,0.0032697995661047684,1.185750434718376,0.0046,0.0047,0.00010000000000000026,0.06638417790777376,0.04955637858407441,0.5580756817401751,0.00025893070247424646,False,False,Normal,100.0,False,No additional data-quality note.,Normal,Normal,Normal,Normal,Normal,Normal,0
53,sensor_165,1252,313,0.0007980845969672786,0.0031847133757961785,0.0023866287788289,0.12736341853035144,0.13025878594249202,0.0028953674121405815,0.012104751289351685,0.2391926395619198,0.25584687201088097,1.0696268600884347,0.089,0.092,0.0030000000000000027,0.06635545644373846,0.06150159744408945,0.2909136068921229,0.005647023900777665,False,False,Normal,100.0,False,Current missingness exceeds reference missingness.,Normal,Normal,Normal,Normal,Normal,Normal,0
54,sensor_289,1250,314,0.0023942537909018356,0.0,0.0023942537909018356,0.003948559999999999,0.003824522292993631,0.0001240377070063684,0.03915366232703066,0.0031679720269931436,0.0017285436614668664,0.5456309736129521,0.0037,0.0036,0.00010000000000000026,0.06485219595280996,0.05227515923566878,0.48875321656727194,0.0002356837818799772,False,False,Normal,100.0,False,No additional data-quality note.,Normal,Normal,Normal,Normal,Normal,Normal,0
55,sensor_585,1252,314,0.0007980845969672786,0.0,0.0007980845969672786,0.0038788338658146963,0.0037178343949044587,0.00016099947091023767,0.03895364555395458,0.004133104068199157,0.0009550607216674742,0.23107589499521258,0.0036,0.0037,0.00010000000000000026,0.06404201565757499,0.05713151950509754,0.3757619815527562,0.00020496672849025244,False,False,Normal,100.0,False,No additional data-quality note.,Normal,Normal,Normal,Normal,Normal,Normal,0
56,sensor_035,1253,313,0.0,0.0031847133757961785,0.0031847133757961785,50.58346855546688,50.579315974440895,0.004152581025984148,0.0034525666731172883,1.2027518710405738,1.100151616241306,0.9146954103588282,50.3964,50.4013,0.004899999999999238,0.06312213231554702,0.06367083217530325,0.25355644306362907,0.049405206557909434,False,False,Normal,100.0,False,Current missingness exceeds reference missingness.,Normal,Normal,Normal,Normal,Normal,Normal,0
57,sensor_206,1249,312,0.0031923383878691143,0.006369426751592357,0.0031770883637232427,9.156949559647718,8.622467948717949,0.5344816109297685,0.042970621600465025,12.43830298521873,6.860006421415603,0.5515226980374902,7.74,7.745,0.004999999999999893,0.06307204900462313,0.0683572499024861,0.1866901122178887,0.6104184665145577,False,False,Normal,100.0,False,Current missingness exceeds reference missingness.,Normal,Normal,Normal,Normal,Normal,Normal,0
58,sensor_255,1253,314,0.0,0.0,0.0,0.013913806863527535,0.014060509554140127,0.0001467026906125917,0.01606399861778847,0.009132389394639295,0.009144769331661756,1.0013556076605459,0.0148,0.016,0.0011999999999999997,0.06301006968075105,0.051428164761260886,0.5096967594177201,0.0006160971782593408,False,False,Normal,100.0,False,No additional data-quality note.,Normal,Normal,Normal,Normal,Normal,Normal,0
59,sensor_543,1251,314,0.0015961691939345571,0.0,0.0015961691939345571,0.1111680255795364,0.11136942675159235,0.00020140117205595665,0.0745989169672465,0.002699786809832428,0.002878190823753736,1.0660807784050108,0.1096,0.1096,0.0,0.06237939550457779,0.06495949737025675,0.23204877782772887,0.00028086860634408175,False,False,Normal,100.0,False,No additional data-quality note.,Normal,Normal,Normal,Normal,Normal,Normal,0
60,sensor_389,1253,314,0.0,0.0,0.0,35.12729840383081,35.26599649681528,0.13869809298447677,0.007809616022970141,17.759911956814406,14.937303073816945,0.8410685317663167,32.4096,33.38665,0.9770500000000055,0.06214468836217221,0.07399057548507781,0.12240357094436538,1.7391091353114914,False,False,Normal,100.0,False,No additional data-quality note.,Normal,Normal,Normal,Normal,Normal,Normal,0
61,sensor_089,1253,314,0.0,0.0,0.0,1808.8696733439747,1803.6064885350318,5.263184808942924,0.09815365721468326,53.62189202416779,53.07446902700091,0.9897910540545612,1810.6216,1803.84635,6.7752499999999145,0.0620088405053152,0.07990250151229406,0.07695951589537108,5.302856395183974,False,False,Normal,100.0,False,No additional data-quality note.,Normal,Normal,Normal,Normal,Normal,Normal,0
62,sensor_560,1252,314,0.0007980845969672786,0.0,0.0007980845969672786,0.3245638178913738,0.3302710191082803,0.005707201216906488,0.02866840847842168,0.1990763184919114,0.2106380722094983,1.058076991804812,0.2903,0.30174999999999996,0.01144999999999996,0.06183273065674558,0.05276144156610571,0.4765342018450005,0.011729711894076265,False,False,Normal,100.0,False,No additional data-quality note.,Normal,Normal,Normal,Normal,Normal,Normal,0
63,sensor_124,1244,314,0.007182761372705506,0.0,0.007182761372705506,15.82984726688103,15.82891719745223,0.000930069428800806,0.008841818961082028,0.10518982947904508,0.12007760865152542,1.1415324964990663,15.83,15.83,0.0,0.06169346958303061,0.03868761136256571,0.8403092509696521,0.011948545141738362,False,False,Normal,100.0,False,No additional data-quality note.,Normal,Normal,Normal,Normal,Normal,Normal,0
64,sensor_109,1247,314,0.004788507581803671,0.0,0.004788507581803671,-0.01121018444266239,-0.009114331210191083,0.002095853232471306,0.023479484707229395,0.08926316989512072,0.07610437774223058,0.8525843058413567,-0.0129,-0.00375,0.00915,0.06157139246524385,0.05689833945418049,0.3812767235143913,0.010577992957922888,False,False,Normal,100.0,False,No additional data-quality note.,Normal,Normal,Normal,Normal,Normal,Normal,0
65,sensor_091,1215,301,0.030327214684756583,0.041401273885350316,0.011074059200593733,8834.391666419751,8799.867153156147,34.524513263604604,0.08730808698889977,395.4331660936976,399.3127233023889,1.0098109049552308,8832.7099,8799.04,33.66989999999896,0.06146048113501026,0.06744322764994604,0.2146539936012884,36.681916737859005,False,False,Normal,100.0,False,Current missingness exceeds reference missingness.,Normal,Normal,Normal,Normal,Normal,Normal,0
66,sensor_209,1249,312,0.0031923383878691143,0.006369426751592357,0.0031770883637232427,73.23448358686949,73.38374358974359,0.1492600028741009,0.005340438988633799,27.949013778038662,28.580295331678077,1.0225868990817648,73.559,70.6495,2.909499999999994,0.06142281093478198,0.07162139968384962,0.14812422831110608,2.9161725559393235,False,False,Normal,100.0,False,Current missingness exceeds reference missingness.,Normal,Normal,Normal,Normal,Normal,Normal,0
67,sensor_042,1232,311,0.01675977653631285,0.009554140127388535,0.007205636408924314,3.3467840097402597,3.377952411575563,0.03116840183530334,0.01425130115120593,2.187056571509325,2.952875024050886,1.350159416321388,3.08,3.021,0.05900000000000016,0.06061812629563974,0.07496763686474295,0.11725945055574205,0.1653602142683244,False,False,Normal,100.0,False,No additional data-quality note.,Normal,Normal,Normal,Normal,Normal,Normal,0
68,sensor_211,1233,310,0.01596169193934557,0.012738853503184714,0.003222838436160856,0.08777193836171938,0.09321645161290323,0.0054445132511838495,0.13832247079583118,0.03936101791602712,0.051274567277590194,1.3026738126280033,0.079,0.08045,0.001449999999999993,0.06011432413840252,0.08437328310179731,0.05552273377561711,0.0050570248426604816,False,False,Normal,100.0,False,No additional data-quality note.,Normal,Normal,Normal,Normal,Normal,Normal,0
69,sensor_527,1253,314,0.0,0.0,0.0,1.4406907422186752,1.4544980891719745,0.013807346953299326,0.01437736270374558,0.9603532468233723,0.9521476186977859,0.9914556147410041,1.5307,1.6557499999999998,0.12504999999999988,0.05995034698903541,0.05541096273402432,0.41370255639242237,0.06216491381271161,False,False,Normal,100.0,False,No additional data-quality note.,Normal,Normal,Normal,Normal,Normal,Normal,0
70,sensor_171,1253,313,0.0,0.0031847133757961785,0.0031847133757961785,0.6844364724660814,0.683905431309904,0.0005310411561774142,0.0034355738769443842,0.15457131041225775,0.16882679468917755,1.0922259392050113,0.686,0.6873,0.0012999999999999678,0.0598907603306973,0.051283947280520326,0.5150034926083699,0.013337636335033726,False,False,Normal,100.0,False,Current missingness exceeds reference missingness.,Normal,Normal,Normal,Normal,Normal,Normal,0
71,sensor_125,1244,314,0.007182761372705506,0.0,0.007182761372705506,15.795056270096463,15.793312101910828,0.0017441681856347202,0.015694743780555825,0.1111307205789218,0.12555252218699847,1.1297733114025363,15.78,15.77,0.009999999999999787,0.059179051135789806,0.04327011694349436,0.7267668931645689,0.011991465940414874,False,False,Normal,100.0,False,No additional data-quality note.,Normal,Normal,Normal,Normal,Normal,Normal,0
72,sensor_483,1233,310,0.01596169193934557,0.012738853503184714,0.003222838436160856,316.0881383617194,327.6870690322581,11.598930670538664,0.04182068022411969,277.3491633416591,295.41127219683324,1.065124079112234,292.7429,303.44465,10.701750000000004,0.058845711393306445,0.07552782356172982,0.11315202572178755,28.091826078080075,False,False,Normal,100.0,False,No additional data-quality note.,Normal,Normal,Normal,Normal,Normal,Normal,0
73,sensor_286,1250,314,0.0023942537909018356,0.0,0.0023942537909018356,2.110064,2.158534713375796,0.048470713375796226,0.04977091341545349,0.9738763074568456,0.9185002673855341,0.9431385283251023,1.8565,1.9701499999999998,0.1136499999999998,0.058273292031201095,0.0723312101910828,0.1387089365214871,0.07539732961189424,False,False,Normal,100.0,False,No additional data-quality note.,Normal,Normal,Normal,Normal,Normal,Normal,0
74,sensor_392,1233,310,0.01596169193934557,0.012738853503184714,0.003222838436160856,0.010978264395782643,0.01086741935483871,0.00011084504094393231,0.01728244966518308,0.006413734342721031,0.007907053288083688,1.232831431045695,0.0103,0.01005,0.0002500000000000002,0.05772814652638357,0.07136540826204119,0.15389810508802587,0.00041023661298936545,False,False,Normal,100.0,False,No additional data-quality note.,Normal,Normal,Normal,Normal,Normal,Normal,0
75,sensor_099,1247,314,0.004788507581803671,0.0,0.004788507581803671,-0.028016118684843622,0.021068152866242036,0.04908427155108566,0.11610698382071823,0.4227503801741771,0.44251929544591007,1.0467626197369426,0.0,-0.0129,0.0129,0.05754723707172748,0.05903850770511654,0.33673321648758314,0.05863596268941618,False,False,Normal,100.0,False,No additional data-quality note.,Normal,Normal,Normal,Normal,Normal,Normal,0
76,sensor_273,1248,312,0.0039904229848363925,0.006369426751592357,0.0023790037667559645,41.09689647435897,42.10315128205128,1.006254807692308,0.057462133193879585,17.511615941878855,18.621114939367704,1.063357887768398,39.7773,40.702200000000005,0.924900000000008,0.057484413126679776,0.0625,0.27501107561000737,1.2027880898916923,False,False,Normal,100.0,False,Current missingness exceeds reference missingness.,Normal,Normal,Normal,Normal,Normal,Normal,0
77,sensor_338,1248,312,0.0039904229848363925,0.006369426751592357,0.0023790037667559645,2.343186378205128,2.2646625,0.07852387820512785,0.04369622270498118,1.79704041549057,1.2345128578682205,0.6869700020248091,2.05435,2.06025,0.005900000000000016,0.05719207547760112,0.05608974358974361,0.402092202410284,0.11287171731290753,False,False,Normal,100.0,False,Current missingness exceeds reference missingness.,Normal,Normal,Normal,Normal,Normal,Normal,0
78,sensor_306,1253,313,0.0,0.0031847133757961785,0.0031847133757961785,0.2647406225059857,0.2656220447284345,0.0008814222224488022,0.015595360893905268,0.05651823182836799,0.06083238051303441,1.0763319825320692,0.2642,0.2673,0.0030999999999999917,0.057144234358463386,0.043231707161598076,0.7284009009248582,0.0036748380011643244,False,False,Normal,100.0,False,Current missingness exceeds reference missingness.,Normal,Normal,Normal,Normal,Normal,Normal,0
79,sensor_182,1252,314,0.0007980845969672786,0.0,0.0007980845969672786,0.5453817891373802,0.5523057324840763,0.006923943346696104,0.030500769616551272,0.22700880776919213,0.21395076207677252,0.9424778015410918,0.5255000000000001,0.52,0.00550000000000006,0.05696444369433695,0.04596976048513457,0.6538179046285933,0.015538524510496449,False,False,Normal,100.0,False,No additional data-quality note.,Normal,Normal,Normal,Normal,Normal,Normal,0
80,sensor_116,1253,314,0.0,0.0,0.0,747.3843764565044,747.381457643312,0.002918813192309244,5.921379271728379e-05,49.292792411476086,47.63069193793107,0.9662810647919785,750.4614,751.93905,1.477649999999926,0.056635235369611896,0.06099755491279535,0.29859659225149254,3.4451005261517764,False,False,Normal,100.0,False,No additional data-quality note.,Normal,Normal,Normal,Normal,Normal,Normal,0
81,sensor_430,1253,314,0.0,0.0,0.0,4.25580263367917,3.836809872611465,0.41899276106770467,0.058738865483499714,7.133143577405382,1.8803705816012495,0.2636103649388784,3.4819,3.3584500000000004,0.12344999999999962,0.05571801393316604,0.05972417789661505,0.3226713645691872,0.40101889416944864,False,False,Normal,100.0,False,No additional data-quality note.,Normal,Normal,Normal,Normal,Normal,Normal,0
82,sensor_475,1248,312,0.0039904229848363925,0.006369426751592357,0.0023790037667559645,37.92903477564103,36.46910961538462,1.459925160256411,0.05593998530394059,26.0980612047742,18.870490259901544,0.723061001039016,32.65075,33.3923,0.7415499999999966,0.055636281194319334,0.05288461538461536,0.47720733333814,1.9824609511914266,False,False,Normal,100.0,False,Current missingness exceeds reference missingness.,Normal,Normal,Normal,Normal,Normal,Normal,0
83,sensor_298,1252,313,0.0007980845969672786,0.0031847133757961785,0.0023866287788289,2348.7040242811504,2319.3187942492013,29.38523003194905,0.009198335195668426,3194.624832305177,3358.1791675313693,1.0511967269434186,853.30975,687.922,165.38774999999998,0.055547324192311114,0.06309904153354629,0.26310575719351575,175.34877355643954,False,False,Normal,100.0,False,Current missingness exceeds reference missingness.,Normal,Normal,Normal,Normal,Normal,Normal,0
84,sensor_090,1215,301,0.030327214684756583,0.041401273885350316,0.011074059200593733,0.18855646090534978,0.18929568106312292,0.0007392201577731405,0.013240912850841956,0.05582848902491911,0.03519316336948518,0.6303800082029207,0.19,0.1908,0.0007999999999999952,0.055177582519883056,0.061804957412192496,0.3061301848137968,0.003380851071291491,False,False,Normal,100.0,False,Current missingness exceeds reference missingness.,Normal,Normal,Normal,Normal,Normal,Normal,0
85,sensor_157,1253,314,0.0,0.0,0.0,0.05912833200319233,0.05393949044585986,0.0051888415573324645,0.05928217727236666,0.08752785063026272,0.026399407627108015,0.3016115149294027,0.049,0.0471,0.001899999999999999,0.05501450447099331,0.054958545351030175,0.4240690851912729,0.005168184901618379,False,False,Normal,100.0,False,No additional data-quality note.,Normal,Normal,Normal,Normal,Normal,Normal,0
86,sensor_197,1248,312,0.0039904229848363925,0.006369426751592357,0.0023790037667559645,8.92790064102564,7.730833333333333,1.1970673076923077,0.06876848114069864,17.40720876535192,4.774901821631153,0.2743060008067077,6.765,6.955,0.1900000000000004,0.054995661739605864,0.04807692307692302,0.6008814995643409,1.2322589907224448,False,False,Normal,100.0,False,Current missingness exceeds reference missingness.,Normal,Normal,Normal,Normal,Normal,Normal,0
87,sensor_438,1252,313,0.0007980845969672786,0.0031847133757961785,0.0023866287788289,4.014385623003195,4.026384984025559,0.011999361022364319,0.00886484883158137,1.353588904936103,2.3807045798806756,1.7588091710851148,3.8273,3.6932,0.1341000000000001,0.05483102433782931,0.08546325878594241,0.04862480936167193,0.22443375868360796,False,False,Normal,100.0,False,Current missingness exceeds reference missingness.,Normal,Normal,Normal,Normal,Normal,Normal,0
88,sensor_213,1233,310,0.01596169193934557,0.012738853503184714,0.003222838436160856,0.05102027575020276,0.05307,0.002049724249797241,0.06364868367807441,0.03220371783593266,0.028944705179510855,0.8988001114335492,0.0409,0.0428,0.001899999999999999,0.05414361957113425,0.07055176202809832,0.16309599948549006,0.0036327091355619822,False,False,Normal,100.0,False,No additional data-quality note.,Normal,Normal,Normal,Normal,Normal,Normal,0
89,sensor_215,1233,310,0.01596169193934557,0.012738853503184714,0.003222838436160856,0.08203260340632602,0.08818387096774193,0.006151267561415902,0.11618083989675133,0.0529456282712577,0.06854389894114934,1.2946092279796289,0.0754,0.07555,0.00015000000000001124,0.053970236854461506,0.04401276718206326,0.7140471857376234,0.00589171899627354,False,False,Normal,100.0,False,No additional data-quality note.,Normal,Normal,Normal,Normal,Normal,Normal,0
90,sensor_336,1249,312,0.0031923383878691143,0.006369426751592357,0.0031770883637232427,3.508399599679744,3.100766025641026,0.407633574038718,0.06386004072550926,6.383233856534114,2.0073253086769203,0.3144683954547816,2.5118,2.5164,0.0045999999999999375,0.0537333789964772,0.06145429163843896,0.29344422564743217,0.4239036087138157,False,False,Normal,100.0,False,Current missingness exceeds reference missingness.,Normal,Normal,Normal,Normal,Normal,Normal,0
91,sensor_167,1252,313,0.0007980845969672786,0.0031847133757961785,0.0023866287788289,2.784664536741214,2.8057507987220447,0.021086261980830745,0.02217390237620688,0.9509495271999033,1.630665320173833,1.7147758882381186,2.6,2.6,0.0,0.05362917417898777,0.07667731629392971,0.10037702144924505,0.1363926990053112,False,False,Normal,100.0,False,Current missingness exceeds reference missingness.,Normal,Normal,Normal,Normal,Normal,Normal,0
92,sensor_202,1248,312,0.0039904229848363925,0.006369426751592357,0.0023790037667559645,7.8871875,7.648044871794871,0.239142628205129,0.04536342353428662,5.271705915766697,4.374580588944472,0.8298225771397663,6.74,6.905,0.16500000000000004,0.053614702775305556,0.044871794871794934,0.6867887701869715,0.3830127675222772,False,False,Normal,100.0,False,Current missingness exceeds reference missingness.,Normal,Normal,Normal,Normal,Normal,Normal,0
93,sensor_321,1252,314,0.0007980845969672786,0.0,0.0007980845969672786,0.04333849840255591,0.04217356687898089,0.0011649315235750177,0.03375598915143763,0.034510365504291686,0.017945895844233086,0.5200146559444973,0.0399,0.0395,0.0003999999999999976,0.05353875819288397,0.04608168331942777,0.6508026260235708,0.001849223147071,False,False,Normal,100.0,False,No additional data-quality note.,Normal,Normal,Normal,Normal,Normal,Normal,0
94,sensor_047,1252,314,0.0007980845969672786,0.0,0.0007980845969672786,733.5495502396166,734.1642863057325,0.6147360661159382,0.05057177816225687,12.15571388736995,12.235451289573437,1.0065596642815307,733.4118,733.6877999999999,0.2759999999999536,0.05308341093663575,0.05711625730042125,0.37608954362609165,0.6744813989665357,False,False,Normal,100.0,False,No additional data-quality note.,Normal,Normal,Normal,Normal,Normal,Normal,0
95,sensor_577,1253,314,0.0,0.0,0.0,5.400116839584996,6.216701910828026,0.81658507124303,0.04971647250759971,16.424839294827404,18.78675369156514,1.1438013702503356,1.627,1.5927,0.0343,0.05306728660946613,0.04737674167984107,0.6158624873145685,0.7599346944542158,False,False,Normal,100.0,False,No additional data-quality note.,Normal,Normal,Normal,Normal,Normal,Normal,0
96,sensor_545,1251,314,0.0015961691939345571,0.0,0.0015961691939345571,0.0025120703437250197,0.002497770700636943,1.4299643088076883e-05,0.049089493500758086,0.0002912974257486697,0.0003119988095457641,1.071066140539654,0.0026,0.0026,0.0,0.052964023716247366,0.04743720946809432,0.6144425298338002,2.4224023823623427e-05,False,False,Normal,100.0,False,No additional data-quality note.,Normal,Normal,Normal,Normal,Normal,Normal,0
97,sensor_021,1253,314,0.0,0.0,0.0,1.4047462889066242,1.4062831210191082,0.00153683211248401,0.08936769967748415,0.017196728997503883,0.014721241585083575,0.8560489374008495,1.4059,1.4063,0.000400000000000178,0.052720502159464507,0.04583903091179886,0.65724168216586,0.001491769397024648,False,False,Normal,100.0,False,No additional data-quality note.,Normal,Normal,Normal,Normal,Normal,Normal,0
98,sensor_412,1240,313,0.010375099760574621,0.0031847133757961785,0.007190386384778443,2.6226820967741933,2.589956230031949,0.032725866742244314,0.06019628513863913,0.5436525969480142,0.5815978077409466,1.0697967985547228,2.5605,2.5366,0.023900000000000254,0.052548865032896075,0.060460682263217574,0.3112151185531407,0.044938884079274474,False,False,Normal,100.0,False,No additional data-quality note.,Normal,Normal,Normal,Normal,Normal,Normal,0
99,sensor_449,1253,313,0.0,0.0031847133757961785,0.0031847133757961785,0.3360826815642458,0.31700766773162936,0.01907501383261645,0.07886289478656676,0.2418756486715426,0.21205510805277447,0.8767112738196179,0.2509,0.2593,0.008399999999999963,0.05219060553301935,0.05334672823562103,0.46380106243433616,0.026098541785028302,False,False,Normal,100.0,False,Current missingness exceeds reference missingness.,Normal,Normal,Normal,Normal,Normal,Normal,0
100,sensor_457,1252,314,0.0007980845969672786,0.0,0.0007980845969672786,12.362378674121405,12.179379617834396,0.1829990562870094,0.021056864734086928,8.690707690721396,5.315085958564685,0.6115826406449406,11.41925,11.1394,0.2798499999999997,0.052030350813220425,0.05599702895748959,0.40059544186931695,0.5383890991091212,False,False,Normal,100.0,False,No additional data-quality note.,Normal,Normal,Normal,Normal,Normal,Normal,0
101,sensor_432,1252,313,0.0007980845969672786,0.0031847133757961785,0.0023866287788289,22.655790654952078,21.16836198083067,1.4874286741214071,0.039378093835582356,37.772998366349434,30.28891467476801,0.8018668356958203,16.52865,15.6413,0.8873499999999996,0.05200903784226163,0.07667731629392971,0.10037702144924505,1.9547738774810786,False,False,Normal,100.0,False,Current missingness exceeds reference missingness.,Normal,Normal,Normal,Normal,Normal,Normal,0
102,sensor_355,1233,310,0.01596169193934557,0.012738853503184714,0.003222838436160856,0.04216553122465531,0.04094838709677419,0.0012171441278811188,0.0953024260829725,0.012771386604801066,0.014166243000733117,1.109217302638673,0.0443,0.0436,0.0006999999999999992,0.051190470479115825,0.06502106061795254,0.23762630474077318,0.0016445125806487195,False,False,Normal,100.0,False,No additional data-quality note.,Normal,Normal,Normal,Normal,Normal,Normal,0
103,sensor_032,1252,313,0.0007980845969672786,0.0031847133757961785,0.0023866287788289,3.6661713258785937,3.701261661341853,0.03509033546325924,0.06581151542390472,0.5331944605322577,0.5437040776362236,1.0197106644609075,3.43085,3.4314,0.0005500000000000504,0.05115516756207311,0.05271565495207664,0.47929845425483236,0.03536902412923428,False,False,Normal,100.0,False,Current missingness exceeds reference missingness.,Normal,Normal,Normal,Normal,Normal,Normal,0
104,sensor_181,1252,314,0.0007980845969672786,0.0,0.0007980845969672786,18.957244408945687,19.236592356687897,0.2793479477422096,0.08426280922869163,3.31519860658872,3.2931603307896262,0.9933523512723207,18.655,18.82,0.16499999999999915,0.050770369352773397,0.05189149589955433,0.49812335790485945,0.3065416066717366,False,False,Normal,100.0,False,No additional data-quality note.,Normal,Normal,Normal,Normal,Normal,Normal,0
105,sensor_478,1249,312,0.0031923383878691143,0.006369426751592357,0.0031770883637232427,6.371214491593276,5.804386217948719,0.5668282736445569,0.050660528975802054,11.188755528299,4.209572852375374,0.37623244530889716,5.243,5.19165,0.05135000000000023,0.05072632658572977,0.07637135349305085,0.10371867435504928,0.5658984750015236,False,False,Normal,100.0,False,Current missingness exceeds reference missingness.,Normal,Normal,Normal,Normal,Normal,Normal,0
106,sensor_146,1251,314,0.0015961691939345571,0.0,0.0015961691939345571,0.06332398081534772,0.06480636942675158,0.0014823886114038592,0.05426724004444067,0.02731645482965225,0.02319511400992406,0.8491260727122453,0.0581,0.0617,0.003599999999999999,0.05066784089631455,0.09324005763542031,0.02372317777110963,0.003427425673922171,False,False,Normal,100.0,False,No additional data-quality note.,Normal,Normal,Normal,Normal,Normal,Normal,0
107,sensor_147,1251,314,0.0015961691939345571,0.0,0.0015961691939345571,0.05495475619504397,0.05523025477707007,0.00027549858202609995,0.012383324221581045,0.02224754654699056,0.020190892719656316,0.9075559265382254,0.0498,0.05055,0.0007500000000000007,0.050326309470320935,0.07947018181633037,0.07979426761085696,0.0019511169327485615,False,False,Normal,100.0,False,No additional data-quality note.,Normal,Normal,Normal,Normal,Normal,Normal,0
108,sensor_439,1252,313,0.0007980845969672786,0.0031847133757961785,0.0023866287788289,54.9732500798722,53.612259105431306,1.3609909744408952,0.03964389403708576,34.330405917434,33.23529103522361,0.9681007301561134,49.2374,48.4305,0.8068999999999988,0.050234565273972485,0.06309904153354634,0.2631057571935148,2.410596401807206,False,False,Normal,100.0,False,Current missingness exceeds reference missingness.,Normal,Normal,Normal,Normal,Normal,Normal,0
109,sensor_163,1252,313,0.0007980845969672786,0.0031847133757961785,0.0023866287788289,4807.826677316294,4754.466453674121,53.36022364217297,0.008254055350434983,6464.728109602624,6908.11185516842,1.0685850569503768,1869.0,1478.0,391.0,0.05020539589968464,0.06469648562300323,0.23729109416522415,369.2131185239289,False,False,Normal,100.0,False,Current missingness exceeds reference missingness.,Normal,Normal,Normal,Normal,Normal,Normal,0
110,sensor_010,1251,314,0.0015961691939345571,0.0,0.0015961691939345571,-0.0011,0.00019076433121019111,0.0012907643312101912,0.08522962642103452,0.015144549910776484,0.014982183584946381,0.9892788939396233,-0.0013,-0.0008500000000000001,0.0004499999999999999,0.049989775051694635,0.05889046724403918,0.33932126712748834,0.001505885264644023,False,False,Normal,100.0,False,No additional data-quality note.,Normal,Normal,Normal,Normal,Normal,Normal,0
111,sensor_573,1253,314,0.0,0.0,0.0,27.402680367118915,32.63009585987261,5.227415492753696,0.06291983350512177,83.08056778834573,98.15724208370885,1.181470525499683,8.7,8.49,0.20999999999999908,0.049727288006252576,0.045788197497979355,0.6586110973216431,4.931092454316181,False,False,Normal,100.0,False,No additional data-quality note.,Normal,Normal,Normal,Normal,Normal,Normal,0
112,sensor_134,1245,314,0.006384676775738229,0.0,0.006384676775738229,1003.9074467469878,1004.580928343949,0.67348159696121,0.10547719407190231,6.385092084475693,7.095974033277691,1.1113346431651927,1003.8773,1005.1548,1.2775000000000318,0.04958451394060316,0.09122093469419079,0.028803426730960667,0.9543556856656465,False,False,Normal,100.0,False,No additional data-quality note.,Normal,Normal,Normal,Normal,Normal,Normal,0
113,sensor_300,1252,313,0.0007980845969672786,0.0031847133757961785,0.0023866287788289,0.05979816293929713,0.06214153354632587,0.002343370607028744,0.018307382967624884,0.1280013976422957,0.14176194789857988,1.1075031250419507,0.03975,0.0404,0.0006499999999999978,0.04918260770711253,0.04712460063897764,0.6243332015128603,0.003248837426014604,False,False,Normal,100.0,False,Current missingness exceeds reference missingness.,Normal,Normal,Normal,Normal,Normal,Normal,0
114,sensor_281,1251,314,0.0015961691939345571,0.0,0.0015961691939345571,0.017957873701039167,0.018335031847133757,0.00037715814609459025,0.05623873090716671,0.006706377260133507,0.005503108227059225,0.8205783858556255,0.0168,0.01765,0.0008500000000000001,0.04903904025079567,0.08864500756083027,0.03633402281076013,0.0009075840104368635,False,False,Normal,100.0,False,No additional data-quality note.,Normal,Normal,Normal,Normal,Normal,Normal,0
115,sensor_016,1250,314,0.0023942537909018356,0.0,0.0023942537909018356,412.84899752,414.0296576433121,1.180660123312066,0.08142966437527693,14.4991402380203,25.316644889738456,1.7460790415249594,412.0905,412.75325,0.66274999999996,0.048682382506384514,0.04889681528662415,0.5756476681048792,1.039648305963627,False,False,Normal,100.0,False,No additional data-quality note.,Normal,Normal,Normal,Normal,Normal,Normal,0
116,sensor_448,1253,313,0.0,0.0031847133757961785,0.0031847133757961785,0.28031221069433365,0.2882329073482428,0.007920696653909154,0.09114015174836353,0.08690677491714155,0.08449128750134903,0.972205994088545,0.2797,0.2805,0.0008000000000000229,0.048673464087624116,0.07162618023452977,0.14685467643390235,0.008790504568632701,False,False,Normal,100.0,False,Current missingness exceeds reference missingness.,Normal,Normal,Normal,Normal,Normal,Normal,0
117,sensor_337,1248,312,0.0039904229848363925,0.006369426751592357,0.0023790037667559645,9.833219230769231,9.349055128205128,0.4841641025641028,0.05795813603401868,8.353686569214743,2.492449897848603,0.2983652639104099,9.05795,9.1604,0.10244999999999926,0.048576891470268946,0.049679487179487114,0.5585565005135955,0.534528121565006,False,False,Normal,100.0,False,Current missingness exceeds reference missingness.,Normal,Normal,Normal,Normal,Normal,Normal,0
118,sensor_318,1252,314,0.0007980845969672786,0.0,0.0007980845969672786,0.17236485623003195,0.17368280254777071,0.0013179463177387662,0.017955531701731666,0.07340057312876237,0.06832651048876352,0.9308716209736168,0.1619,0.1673,0.005400000000000016,0.048300206332519274,0.045237174660670315,0.6735421420842902,0.004119955891827757,False,False,Normal,100.0,False,No additional data-quality note.,Normal,Normal,Normal,Normal,Normal,Normal,0
119,sensor_575,1253,314,0.0,0.0,0.0,8.847808379888267,10.417336624203822,1.5695282443155545,0.06058449226953223,25.906435550089867,30.646991750008286,1.182987589734319,2.987,2.9594,0.02760000000000007,0.04813659719069822,0.05214237422542589,0.491748271890667,1.4557027069111188,False,False,Normal,100.0,False,No additional data-quality note.,Normal,Normal,Normal,Normal,Normal,Normal,0
120,sensor_009,1251,314,0.0015961691939345571,0.0,0.0015961691939345571,1.464348201438849,1.4569391719745222,0.007409029464326755,0.1004815751780395,0.07373520420235229,0.0743590054229553,1.008460018892619,1.4636,1.4509500000000002,0.012649999999999828,0.04805348008585528,0.08296038328572808,0.05975894074282368,0.008205980004028054,False,False,Normal,100.0,False,No additional data-quality note.,Normal,Normal,Normal,Normal,Normal,Normal,0
121,sensor_576,1253,314,0.0,0.0,0.0,0.10418491620111732,0.10690095541401275,0.002716039212895427,0.04138033398835358,0.06563599060509882,0.07585915041680646,1.1557553975716712,0.0893,0.0906,0.0012999999999999956,0.04789965711748069,0.04945328663437054,0.560676521257886,0.0041543494946397865,False,False,Normal,100.0,False,No additional data-quality note.,Normal,Normal,Normal,Normal,Normal,Normal,0
122,sensor_178,1253,313,0.0,0.0031847133757961785,0.0031847133757961785,0.39932960893854746,0.3764664536741214,0.02286315526442606,0.07896209065936227,0.28954597166197565,0.25418719062424716,0.8778819790350689,0.298,0.307,0.009000000000000008,0.04785202945982673,0.05334927802666567,0.46373937427447026,0.031006693380066796,False,False,Normal,100.0,False,Current missingness exceeds reference missingness.,Normal,Normal,Normal,Normal,Normal,Normal,0
123,sensor_034,1253,313,0.0,0.0031847133757961785,0.0031847133757961785,8.952911971268955,8.989768370607027,0.036856399338072166,0.028330064215844282,1.300964200337369,1.5079659719483287,1.1591141182495872,8.77,8.7646,0.005399999999999849,0.04776787382787136,0.029238453908702167,0.9814884310989558,0.039106802999194445,False,False,Normal,100.0,False,Current missingness exceeds reference missingness.,Normal,Normal,Normal,Normal,Normal,Normal,0
124,sensor_031,1252,313,0.0007980845969672786,0.0031847133757961785,0.0023866287788289,0.1848385782747604,0.18144025559105434,0.003398322683706073,0.10382592229700327,0.03273096552886734,0.03369862056731095,1.0295639014250948,0.1872,0.1837,0.003500000000000003,0.04774931033944925,0.07667731629392971,0.10037702144924505,0.003525153531910289,False,False,Normal,100.0,False,Current missingness exceeds reference missingness.,Normal,Normal,Normal,Normal,Normal,Normal,0
125,sensor_185,1252,314,0.0007980845969672786,0.0,0.0007980845969672786,0.14552979233226837,0.1419671974522293,0.0035625948800390717,0.029911244924741065,0.11910553669707923,0.06331117713790421,0.5315552819255024,0.1324,0.1345,0.0021000000000000185,0.047656379219693984,0.048426975438025266,0.5879021223709991,0.006407333409485583,False,False,Normal,100.0,False,No additional data-quality note.,Normal,Normal,Normal,Normal,Normal,Normal,0
126,sensor_418,1251,314,0.0015961691939345571,0.0,0.0015961691939345571,8.196630135891287,8.168098089171975,0.02853204671931131,0.006880350355008369,4.146888638969113,3.669527792099842,0.8848869867438882,7.3635,7.48875,0.12524999999999942,0.04756241847993485,0.041648210094344884,0.768236879591767,0.26121146171196225,False,False,Normal,100.0,False,No additional data-quality note.,Normal,Normal,Normal,Normal,Normal,Normal,0
127,sensor_037,1253,313,0.0,0.0031847133757961785,0.0031847133757961785,49.41654086193137,49.42069169329074,0.004150831359375218,0.0034511102773800923,1.2027524552261826,1.1001528878576587,0.9146960233398738,49.6036,49.5987,0.004899999999999238,0.04749564947184085,0.06367083217530323,0.2535564430636295,0.04940520735951169,False,False,Normal,100.0,False,Current missingness exceeds reference missingness.,Normal,Normal,Normal,Normal,Normal,Normal,0
128,sensor_129,1244,314,0.007182761372705506,0.0,0.007182761372705506,3.18908922829582,3.204436305732484,0.01534707743666397,0.05473174654050463,0.2804054028370217,0.18633476029698537,0.6645191512422018,3.195,3.195,0.0,0.046991179131440804,0.04996211112704037,0.5483069862235195,0.020867358349340337,False,False,Normal,100.0,False,No additional data-quality note.,Normal,Normal,Normal,Normal,Normal,Normal,0
129,sensor_561,1252,314,0.0007980845969672786,0.0,0.0007980845969672786,0.07208881789137381,0.07385732484076434,0.0017685069493905275,0.03470816802088054,0.050953624182255554,0.054056076319594824,1.0608877619036898,0.058499999999999996,0.059399999999999994,0.000899999999999998,0.04693350227572157,0.04380252742109439,0.7119381309793218,0.002496476155835514,False,False,Normal,100.0,False,No additional data-quality note.,Normal,Normal,Normal,Normal,Normal,Normal,0
130,sensor_484,1233,310,0.01596169193934557,0.012738853503184714,0.003222838436160856,205.55290705596107,210.58651612903228,5.033609073071204,0.02630804452649028,191.33345574212964,199.10272257180492,1.0406058982185862,146.5192,155.0563,8.537099999999981,0.046915853458427394,0.039609659105774075,0.8245248510978144,9.336416938610277,False,False,Normal,100.0,False,No additional data-quality note.,Normal,Normal,Normal,Normal,Normal,Normal,0
131,sensor_296,1252,313,0.0007980845969672786,0.0031847133757961785,0.0023866287788289,254.48210311501603,247.0671782747604,7.4149248402556225,0.026231086151649367,282.6770038185927,287.3000547625524,1.0163545349692702,197.18824999999998,187.6564,9.531849999999991,0.04667098871855098,0.06309904153354631,0.26310575719351526,10.685876610995372,False,False,Normal,100.0,False,Current missingness exceeds reference missingness.,Normal,Normal,Normal,Normal,Normal,Normal,0
132,sensor_189,1252,314,0.0007980845969672786,0.0,0.0007980845969672786,43.267990415335454,42.985850318471336,0.28214009686411856,0.012934758008682032,21.812553174534944,21.33855992278211,0.9782697033235799,40.1345,40.354,0.21949999999999648,0.04666426978918595,0.03375999674406305,0.9332591810943577,0.8380018982946893,False,False,Normal,100.0,False,No additional data-quality note.,Normal,Normal,Normal,Normal,Normal,Normal,0
133,sensor_408,1245,314,0.006384676775738229,0.0,0.006384676775738229,1.2351859437751005,1.2193544585987264,0.015831485176374116,0.04388566016082865,0.36074392223692564,0.3803642416026532,1.0543884959837009,1.2397,1.2410999999999999,0.0013999999999998458,0.04658137888009876,0.06506535696927834,0.23090777887549632,0.026367209100992862,False,False,Normal,100.0,False,No additional data-quality note.,Normal,Normal,Normal,Normal,Normal,Normal,0
134,sensor_083,1233,310,0.01596169193934557,0.012738853503184714,0.003222838436160856,0.00727631792376318,0.0011967741935483874,0.006079543730214792,0.17009818788983425,0.03574137858630374,0.03703060471222928,1.03607096807451,0.0088,0.0046,0.004200000000000001,0.04653697497315163,0.07347670250896055,0.13195988196369585,0.005901008115222329,False,False,Normal,100.0,False,No additional data-quality note.,Normal,Normal,Normal,Normal,Normal,Normal,0
135,sensor_583,1252,314,0.0007980845969672786,0.0,0.0007980845969672786,0.49999672523961664,0.5004926751592357,0.0004959499196190431,0.14378832434324348,0.003449166835237186,0.003193880506979461,0.9259860886838865,0.5,0.5006,0.0006000000000000449,0.046472039374077435,0.07481532732341628,0.11503027631638563,0.000534950065180298,False,False,Normal,100.0,False,No additional data-quality note.,Normal,Normal,Normal,Normal,Normal,Normal,0
136,sensor_168,1252,313,0.0007980845969672786,0.0031847133757961785,0.0023866287788289,1.2337060702875398,1.2440894568690097,0.010383386581469978,0.021338419361683198,0.48660523563029856,1.0283973801303652,2.11341207374862,1.2,1.1,0.09999999999999987,0.04621186318430966,0.06549520766773165,0.2251166648430049,0.0864795726657585,False,False,Normal,100.0,False,Current missingness exceeds reference missingness.,Normal,Normal,Normal,Normal,Normal,Normal,0
137,sensor_282,1251,314,0.0015961691939345571,0.0,0.0015961691939345571,0.015059072741806553,0.015233439490445859,0.0001743667486393055,0.031204238533446827,0.005587918719836966,0.005379531342150832,0.9627075145265868,0.0139,0.0142,0.00030000000000000165,0.046128165926685144,0.05463909127475092,0.43167961314345255,0.0005516186356526691,False,False,Normal,100.0,False,No additional data-quality note.,Normal,Normal,Normal,Normal,Normal,Normal,0
138,sensor_407,1245,314,0.006384676775738229,0.0,0.006384676775738229,6.7102673895582345,6.811292356687899,0.10102496712966413,0.035773877830070425,2.823987033486922,2.854766492189058,1.0108992917945983,5.9144,6.02965,0.11525000000000052,0.04573528184910961,0.04894482388151333,0.5748953582520507,0.18904843036229424,False,False,Normal,100.0,False,No additional data-quality note.,Normal,Normal,Normal,Normal,Normal,Normal,0
139,sensor_299,1252,313,0.0007980845969672786,0.0031847133757961785,0.0023866287788289,0.06391054313099041,0.06338019169329073,0.0005303514376996804,0.008401458788027713,0.06312611310495796,0.06854840506636622,1.0858961798011035,0.0526,0.0534,0.0008000000000000021,0.04567898952340951,0.05750798722044728,0.3692796652080457,0.0026701324447570667,False,False,Normal,100.0,False,Current missingness exceeds reference missingness.,Normal,Normal,Normal,Normal,Normal,Normal,0
140,sensor_271,1250,312,0.0023942537909018356,0.006369426751592357,0.003975172960690521,29.40056424,28.698296474358976,0.7022677656410252,0.08178306130709884,8.586958649101923,7.603037640067934,0.8854168222718886,28.85085,28.4968,0.35405000000000086,0.0456383737953524,0.06128205128205133,0.29648867251161565,0.7548453579204821,False,False,Normal,100.0,False,Current missingness exceeds reference missingness.,Normal,Normal,Normal,Normal,Normal,Normal,0
141,sensor_088,1253,314,0.0,0.0,0.0,0.9821431763766959,0.9835261146496818,0.0013829382729858564,0.10188844667788848,0.013573062678616509,0.009349669119886021,0.6888400459990379,0.9874,0.9878,0.00039999999999995595,0.04556880577953084,0.0643144351645224,0.24191878844742606,0.0013769369469569669,False,False,Normal,100.0,False,No additional data-quality note.,Normal,Normal,Normal,Normal,Normal,Normal,0
142,sensor_128,1244,314,0.007182761372705506,0.0,0.007182761372705506,0.6500772508038585,0.642140127388535,0.007937123415323488,0.05837121839107205,0.13597666168533293,0.13316059072184033,0.9792900419190366,0.6539,0.6482,0.005700000000000038,0.04540599022265255,0.04701292317775008,0.6265410162496776,0.009908872536199848,False,False,Normal,100.0,False,No additional data-quality note.,Normal,Normal,Normal,Normal,Normal,Normal,0
143,sensor_251,1253,314,0.0,0.0,0.0,109.67298268156424,109.56311305732486,0.10986962423937996,0.0019510316714748818,56.31360364146424,47.21162623993871,0.8383698287277844,103.1838,102.25155000000001,0.9322499999999962,0.044842737843669794,0.05253379151183657,0.48203693410045717,4.9590321317313375,False,False,Normal,100.0,False,No additional data-quality note.,Normal,Normal,Normal,Normal,Normal,Normal,0
144,sensor_311,1253,313,0.0,0.0031847133757961785,0.0031847133757961785,0.30473304070231444,0.30482683706070285,9.379635838840938e-05,0.002160521444240494,0.04341375950627622,0.04371350985828542,1.006904501140148,0.3029,0.3011,0.0018000000000000238,0.04483638917920313,0.05535851336982933,0.41649333811697814,0.003122103134165201,False,False,Normal,100.0,False,Current missingness exceeds reference missingness.,Normal,Normal,Normal,Normal,Normal,Normal,0
145,sensor_240,1251,314,0.0015961691939345571,0.0,0.0015961691939345571,0.004595123900879297,0.004494267515923567,0.00010085638495573035,0.06776929732374946,0.0014882312335911686,0.0012362336926742754,0.8306731271129071,0.0044,0.0043,0.00010000000000000026,0.044807368378024494,0.05169622263972262,0.50313349449207,0.00015747489230972714,False,False,Normal,100.0,False,No additional data-quality note.,Normal,Normal,Normal,Normal,Normal,Normal,0
146,sensor_252,1253,314,0.0,0.0,0.0,0.00466073423782921,0.0027847133757961788,0.0018760208620330313,0.04492739876962849,0.041756721141426194,0.006935869314254786,0.16610186635017704,0.001,0.001,0.0,0.04478903479438094,0.05266850005845847,0.4787160980995487,0.001964298482666859,False,False,Normal,100.0,False,No additional data-quality note.,Normal,Normal,Normal,Normal,Normal,Normal,0
147,sensor_139,1240,313,0.010375099760574621,0.0031847133757961785,0.007190386384778443,57.73846887096774,57.066440255591054,0.6720286153766892,0.05522707433084353,12.168463086616393,13.02900593500517,1.0707191074389053,56.0999,55.7002,0.3996999999999957,0.044745875059808454,0.06207358548902403,0.28177266010272073,0.9576280426071708,False,False,Normal,100.0,False,No additional data-quality note.,Normal,Normal,Normal,Normal,Normal,Normal,0
148,sensor_200,1249,312,0.0031923383878691143,0.006369426751592357,0.0031770883637232427,11.798246597277823,10.466442307692306,1.3318042895855164,0.07380334597048371,18.045310440506952,6.963106809029999,0.38586794236577193,8.58,8.48,0.09999999999999964,0.04452755407765085,0.0646799490874751,0.23906738351517548,1.4281412293174007,False,False,Normal,100.0,False,Current missingness exceeds reference missingness.,Normal,Normal,Normal,Normal,Normal,Normal,0
149,sensor_470,1249,312,0.0031923383878691143,0.006369426751592357,0.0031770883637232427,5.694494155324259,5.533383653846154,0.16111050147810513,0.04638208918029978,3.4735499052624568,1.177736415718217,0.339058441030007,5.4756,5.46685,0.008750000000000036,0.044510476303267696,0.04935486851019277,0.5669590376509639,0.21216738600462048,False,False,Normal,100.0,False,Current missingness exceeds reference missingness.,Normal,Normal,Normal,Normal,Normal,Normal,0
150,sensor_363,1215,301,0.030327214684756583,0.041401273885350316,0.011074059200593733,0.018431604938271607,0.018186378737541527,0.00024522620073007956,0.01100235165188468,0.02228852598872104,0.01885216116283258,0.8458235942732414,0.0123,0.0132,0.0008999999999999998,0.044506080385749124,0.057979574258644084,0.38192213882711396,0.0011122734846959025,False,False,Normal,100.0,False,Current missingness exceeds reference missingness.,Normal,Normal,Normal,Normal,Normal,Normal,0
151,sensor_122,1244,314,0.007182761372705506,0.0,0.007182761372705506,15.79586816720257,15.79863057324841,0.0027624060458393274,0.028510639603910263,0.09689035687085956,0.10989845947309047,1.134255905565182,15.79,15.79,0.0,0.04440681646868568,0.05574272431236815,0.4070968754601204,0.011564908251594926,False,False,Normal,100.0,False,No additional data-quality note.,Normal,Normal,Normal,Normal,Normal,Normal,0
152,sensor_361,1253,314,0.0,0.0,0.0,0.003293136472466081,0.0015550955414012737,0.0017380409310648072,0.07788102940907847,0.022316614768091478,0.002691411525061237,0.12060124499301052,0.0007,0.0007,0.0,0.0443441472992315,0.055403337721951385,0.41387604253570137,0.0016180124068011891,False,False,Normal,100.0,False,No additional data-quality note.,Normal,Normal,Normal,Normal,Normal,Normal,0
153,sensor_572,1253,314,0.0,0.0,0.0,2.1017574620909816,2.1021509554140128,0.0003934933230311799,0.0014024884486203769,0.28056796005575513,0.25258820244631125,0.9002745801627396,2.1206,2.113,0.007600000000000051,0.04433710050499102,0.031890342159708374,0.9576360133744217,0.019943774405035655,False,False,Normal,100.0,False,No additional data-quality note.,Normal,Normal,Normal,Normal,Normal,Normal,0
154,sensor_542,1245,314,0.006384676775738229,0.0,0.006384676775738229,9.66128843373494,9.414726433121018,0.2465620006139222,0.08482691952317527,2.9066480546492066,2.8513460172350062,0.9809739478690087,9.5858,9.21815,0.36765000000000114,0.04431976034123773,0.06509605300181615,0.23044029628277132,0.25883982821660445,False,False,Normal,100.0,False,No additional data-quality note.,Normal,Normal,Normal,Normal,Normal,Normal,0
155,sensor_203,1248,312,0.0039904229848363925,0.006369426751592357,0.0023790037667559645,10.280708814102564,9.729481410256412,0.551227403846152,0.03458061386844619,15.940359125583106,7.267857084484348,0.45594061132662755,8.4495,8.687999999999999,0.23849999999999838,0.04420050856435606,0.04647435897435903,0.6437891734760159,0.7574572362151839,False,False,Normal,100.0,False,Current missingness exceeds reference missingness.,Normal,Normal,Normal,Normal,Normal,Normal,0
156,sensor_413,1240,313,0.010375099760574621,0.0031847133757961785,0.007190386384778443,30.996457822580645,30.574014696485623,0.4224431260950219,0.022820330264363805,18.511700803678046,18.04503502122096,0.9747907668016996,26.13005,26.1569,0.026849999999999596,0.044127949684408245,0.0496547459548593,0.5583880269873366,1.5092937257076904,False,False,Normal,100.0,False,No additional data-quality note.,Normal,Normal,Normal,Normal,Normal,Normal,0
157,sensor_393,1253,314,0.0,0.0,0.0,0.004518276137270551,0.00459076433121019,7.248819393963941e-05,0.024502673704491384,0.00295837894320701,0.0029482453852471336,0.9965746247676807,0.0048,0.0052499999999999995,0.0004499999999999999,0.04403796391469167,0.051351914640531515,0.5116296558546786,0.00020218787355924512,False,False,Normal,100.0,False,No additional data-quality note.,Normal,Normal,Normal,Normal,Normal,Normal,0
158,sensor_177,1253,313,0.0,0.0031847133757961785,0.0031847133757961785,0.24334996009577017,0.25019329073482427,0.006843330639054096,0.0908597539730239,0.0753175123177845,0.0731580151398359,0.9713280867690225,0.2429,0.2436,0.0007000000000000062,0.043626118483168635,0.06764085683178264,0.19468700750422363,0.007583244255266281,False,False,Normal,100.0,False,Current missingness exceeds reference missingness.,Normal,Normal,Normal,Normal,Normal,Normal,0
159,sensor_024,1252,313,0.0007980845969672786,0.0031847133757961785,0.0023866287788289,-3799.3359291533548,-3834.154951757189,34.81902260383413,0.02488734768638556,1399.0652215174225,1303.583876184737,0.9317534709145819,-3817.5,-3839.25,21.75,0.043588685528189196,0.06230031948881787,0.27675821256764027,124.13938150462772,False,False,Normal,100.0,False,Current missingness exceeds reference missingness.,Normal,Normal,Normal,Normal,Normal,Normal,0
160,sensor_220,1242,313,0.008778930566640064,0.0031847133757961785,0.005594217190843885,0.003265780998389694,0.0032073482428115014,5.843275557819265e-05,0.035231809162872406,0.0016585227090685315,0.0015976275470144078,0.9632834921577144,0.003,0.0031,9.999999999999983e-05,0.043372513294818615,0.0392621403178425,0.8284347862223854,9.95287078870666e-05,False,False,Normal,100.0,False,No additional data-quality note.,Normal,Normal,Normal,Normal,Normal,Normal,0
161,sensor_333,1248,312,0.0039904229848363925,0.006369426751592357,0.0023790037667559645,2.669309855769231,2.2901833333333332,0.37912652243589795,0.06044994384724809,6.27174316975246,1.3852490522280896,0.22087145706299133,2.0600500000000004,2.0716,0.011549999999999727,0.04331142633960658,0.05849358974358976,0.3506657810189532,0.3719177070964825,False,False,Normal,100.0,False,Current missingness exceeds reference missingness.,Normal,Normal,Normal,Normal,Normal,Normal,0
162,sensor_453,1252,314,0.0007980845969672786,0.0,0.0007980845969672786,5.331318690095847,5.408605732484077,0.07728704238822992,0.08392176659053499,0.9209415569779801,0.9110408109411238,0.9892493221075341,5.2499,5.3543,0.10440000000000005,0.043076787572316394,0.05763517225941678,0.3650535314074981,0.08754684614544467,False,False,Normal,100.0,False,No additional data-quality note.,Normal,Normal,Normal,Normal,Normal,Normal,0
163,sensor_472,1249,312,0.0031923383878691143,0.006369426751592357,0.0031770883637232427,9.806991112890312,8.965480448717948,0.8415106641723646,0.07652478864129567,10.996576130603694,5.779706442175018,0.5255914544246166,7.4028,7.3521,0.05069999999999997,0.043027783484896096,0.060574100305885725,0.30970230234944385,0.9355876198520818,False,False,Normal,100.0,False,Current missingness exceeds reference missingness.,Normal,Normal,Normal,Normal,Normal,Normal,0
164,sensor_018,1250,314,0.0023942537909018356,0.0,0.0023942537909018356,0.97137568,0.9717156050955413,0.0003399250955413713,0.026055683434892486,0.013046101684140067,0.006878580342197318,0.5272517805498554,0.9724,0.9727,0.00029999999999996696,0.04267654130341523,0.046089171974522336,0.6507983345937127,0.0005311287764240702,False,False,Normal,100.0,False,No additional data-quality note.,Normal,Normal,Normal,Normal,Normal,Normal,0
165,sensor_135,1245,314,0.006384676775738229,0.0,0.006384676775738229,39.390933895582336,39.396120382165606,0.0051864865832698115,0.001741208079263802,2.978671328852726,3.041636671608766,1.0211387346251095,38.9581,38.7851,0.17300000000000182,0.04264006789831911,0.047253984089223156,0.6199664235713997,0.133794798802807,False,False,Normal,100.0,False,No additional data-quality note.,Normal,Normal,Normal,Normal,Normal,Normal,0
166,sensor_076,1233,310,0.01596169193934557,0.012738853503184714,0.003222838436160856,-0.0067618004866180055,-0.00746483870967742,0.0007030382230594143,0.031153626160649636,0.022566818367597503,0.021190324679113904,0.9390036439314798,-0.0062,-0.006999999999999999,0.0007999999999999995,0.042634822179169266,0.04900975852235567,0.5809913934322302,0.0016962408354300222,False,False,Normal,100.0,False,No additional data-quality note.,Normal,Normal,Normal,Normal,Normal,Normal,0
167,sensor_312,1253,313,0.0,0.0031847133757961785,0.0031847133757961785,0.09682889066241021,0.09940766773162939,0.0025787770692191764,0.0891562450918051,0.028924244920406676,0.02822897910889215,0.975962525091744,0.0974,0.099,0.0016000000000000042,0.04251234770442781,0.06652659814528195,0.21002827037268035,0.0028519211904597308,False,False,Normal,100.0,False,Current missingness exceeds reference missingness.,Normal,Normal,Normal,Normal,Normal,Normal,0
168,sensor_305,1252,313,0.0007980845969672786,0.0031847133757961785,0.0023866287788289,0.13235359424920126,0.13096805111821086,0.001385543130990402,0.02146918422552224,0.06453636600422337,0.0662683148489567,1.0268367891154577,0.1385,0.1358,0.002700000000000008,0.04242234375131645,0.043929712460063886,0.7100327045966147,0.0031129282435588736,False,False,Normal,100.0,False,Current missingness exceeds reference missingness.,Normal,Normal,Normal,Normal,Normal,Normal,0
169,sensor_059,1250,313,0.0023942537909018356,0.0031847133757961785,0.0007904595848943429,4.596186960000001,4.581829392971246,0.014357567028755014,0.16988436596282253,0.08451376291975579,0.08656464106089815,1.0242667947833493,4.57805,4.5617,0.016350000000000087,0.042374717628615784,0.09979297124600639,0.012614920451964624,0.014393205517830167,False,False,Normal,100.0,False,Current missingness exceeds reference missingness.,Normal,Normal,Normal,Normal,Normal,Normal,0
170,sensor_123,1244,314,0.007182761372705506,0.0,0.007182761372705506,3.912331993569132,3.843152866242038,0.06917912732709386,0.07631007963870663,0.9065529436560076,0.8937119216623839,0.9858353314238465,3.882,3.7965,0.08550000000000013,0.04229688399146946,0.06048907366825729,0.3088723993063761,0.08160889317746166,False,False,Normal,100.0,False,No additional data-quality note.,Normal,Normal,Normal,Normal,Normal,Normal,0
171,sensor_332,1250,313,0.0023942537909018356,0.0031847133757961785,0.0007904595848943429,0.08371816,0.08128977635782747,0.0024283836421725297,0.038149157522599626,0.06365497431323223,0.06255864805463895,0.982777052847457,0.0845,0.0851,0.0005999999999999894,0.04216762661835058,0.04236677316293924,0.751238186867633,0.004592719446172915,False,False,Normal,100.0,False,Current missingness exceeds reference missingness.,Normal,Normal,Normal,Normal,Normal,Normal,0
172,sensor_350,1233,310,0.01596169193934557,0.012738853503184714,0.003222838436160856,0.025161800486618008,0.02561193548387097,0.0004501349972529621,0.04263161264861658,0.010558713810878305,0.010788119115078942,1.0217266334053194,0.0239,0.0245,0.0005999999999999998,0.042161757781424995,0.05705465295764328,0.3855457226294823,0.0006515293571850113,False,False,Normal,100.0,False,No additional data-quality note.,Normal,Normal,Normal,Normal,Normal,Normal,0
173,sensor_166,1252,313,0.0007980845969672786,0.0031847133757961785,0.0023866287788289,0.24958865814696488,0.26177316293929714,0.012184504792332268,0.030456219900592142,0.4000662206965275,0.4357097543625739,1.0890940844842885,0.182,0.19,0.008000000000000007,0.04211305511210832,0.0383386581469648,0.8486444338545618,0.012282253725196755,False,False,Normal,100.0,False,Current missingness exceeds reference missingness.,Normal,Normal,Normal,Normal,Normal,Normal,0
174,sensor_442,1253,313,0.0,0.0031847133757961785,0.0031847133757961785,0.8023202713487629,0.8011230031948882,0.0011972681538747754,0.006612979624241825,0.18104821455760067,0.1966728824070193,1.0863011429723193,0.8047,0.8122,0.007500000000000062,0.0416896215981958,0.04887184495230615,0.5776350282803392,0.015495881867853828,False,False,Normal,100.0,False,Current missingness exceeds reference missingness.,Normal,Normal,Normal,Normal,Normal,Normal,0
175,sensor_136,1250,312,0.0023942537909018356,0.006369426751592357,0.003975172960690521,118.4912,115.83653846153847,2.6546615384615393,0.04518973885365376,58.7447860023847,52.496353064620905,0.89363425483395,109.0,109.0,0.0,0.041663214828583484,0.05573333333333341,0.40988894967104866,3.219373527681823,False,False,Normal,100.0,False,Current missingness exceeds reference missingness.,Normal,Normal,Normal,Normal,Normal,Normal,0
176,sensor_496,1253,314,0.0,0.0,0.0,6.830884836392657,6.715809554140126,0.11507528225253072,0.03280281695926342,3.5080914665175977,1.9837193931851456,0.5654696897496628,6.6361,6.5767,0.05940000000000012,0.041521063754089135,0.0442301533644095,0.7004502509849473,0.16160349829308682,False,False,Normal,100.0,False,No additional data-quality note.,Normal,Normal,Normal,Normal,Normal,Normal,0
177,sensor_100,1247,314,0.004788507581803671,0.0,0.004788507581803671,0.001296952686447474,0.0025057324840764322,0.0012087797976289582,0.02007812163714964,0.06020382879802898,0.07203615771369158,1.1965378141539393,0.0,-0.00045,0.00045,0.041274108207379874,0.05005388729128252,0.5456062040979281,0.004068551584617661,False,False,Normal,100.0,False,No additional data-quality note.,Normal,Normal,Normal,Normal,Normal,Normal,0
178,sensor_138,1248,312,0.0039904229848363925,0.006369426751592357,0.0023790037667559645,122.25665064102563,124.43814102564102,2.181490384615387,0.04219837534398522,51.696075188504324,54.474484310602634,1.0537450688851548,116.65,121.80000000000001,5.150000000000006,0.04112646685568091,0.0625,0.27501107561000737,3.6070349127906693,False,False,Normal,100.0,False,Current missingness exceeds reference missingness.,Normal,Normal,Normal,Normal,Normal,Normal,0
179,sensor_198,1249,312,0.0031923383878691143,0.006369426751592357,0.0031770883637232427,20.199775820656527,19.664102564102564,0.535673256553963,0.04612728177044248,11.612937853563542,4.1381831718428455,0.3563424883543146,19.38,19.365000000000002,0.014999999999997016,0.041125188249359707,0.03329330130771291,0.9412408096958186,0.7327395814232565,False,False,Normal,100.0,False,Current missingness exceeds reference missingness.,Normal,Normal,Normal,Normal,Normal,Normal,0
180,sensor_578,1253,314,0.0,0.0,0.0,16.527138866719874,17.10215796178344,0.575019095063567,0.047713452019029615,12.05150897139514,14.095629620612408,1.1696153281774997,13.8172,13.8979,0.08070000000000022,0.04109006076946473,0.042384900442759,0.7491189734425769,0.7632458286113953,False,False,Normal,100.0,False,No additional data-quality note.,Normal,Normal,Normal,Normal,Normal,Normal,0
181,sensor_356,1233,310,0.01596169193934557,0.012738853503184714,0.003222838436160856,0.03385742092457421,0.037270322580645165,0.0034129016560709574,0.16587943484298084,0.02057459177686229,0.028035658464296374,1.3626349804823163,0.0289,0.030600000000000002,0.0017000000000000036,0.040710198448332895,0.0654501216545012,0.2310541703191963,0.003218933147361578,False,False,Normal,100.0,False,No additional data-quality note.,Normal,Normal,Normal,Normal,Normal,Normal,0
182,sensor_378,1251,314,0.0015961691939345571,0.0,0.0015961691939345571,0.0015760191846522782,0.0015496815286624203,2.6337655989857895e-05,0.05488721672117917,0.0004798504563211904,0.00040925775622646605,0.8528860415473425,0.0015,0.0015,0.0,0.0406459366514545,0.037977261502899595,0.8555699697783629,4.387295203111018e-05,False,False,Normal,100.0,False,No additional data-quality note.,Normal,Normal,Normal,Normal,Normal,Normal,0
183,sensor_214,1233,310,0.01596169193934557,0.012738853503184714,0.003222838436160856,0.058777453365774536,0.06658548387096774,0.007808030505193207,0.18354334623790503,0.042540526067736624,0.08227476785832044,1.9340326851462908,0.0553,0.05865,0.003349999999999999,0.04024114674371339,0.06337283834340579,0.2641737905470986,0.006410499438377324,False,False,Normal,100.0,False,No additional data-quality note.,Normal,Normal,Normal,Normal,Normal,Normal,0
184,sensor_276,1240,313,0.010375099760574621,0.0031847133757961785,0.007190386384778443,5.486039758064517,21.398946006389778,15.91290624832526,0.11894720762411425,133.78125107914872,265.916098286111,1.9876933138320527,0.0785,0.0733,0.005199999999999996,0.040093069877004936,0.04415129341440793,0.7052646318552176,11.85846494256988,False,False,Normal,100.0,False,No additional data-quality note.,Normal,Normal,Normal,Normal,Normal,Normal,0
185,sensor_219,1252,314,0.0007980845969672786,0.0,0.0007980845969672786,3.783022444089457,3.7253843949044585,0.057638049184998597,0.04855496719147264,1.1870680286469466,1.102233495834874,0.9285343967112236,3.64785,3.57245,0.07540000000000013,0.040058073510544925,0.05123013369691298,0.5148265565445975,0.09771483049616175,False,False,Normal,100.0,False,No additional data-quality note.,Normal,Normal,Normal,Normal,Normal,Normal,0
186,sensor_270,1245,314,0.006384676775738229,0.0,0.006384676775738229,3.796147469879519,3.70537898089172,0.09076848898779888,0.07891102476106181,1.1502637212308522,1.1594849374320761,1.0080166104789923,3.7145,3.6529,0.06160000000000032,0.039956690619021254,0.05497403627247846,0.4245208537327653,0.10588559149740316,False,False,Normal,100.0,False,No additional data-quality note.,Normal,Normal,Normal,Normal,Normal,Normal,0
187,sensor_571,1253,314,0.0,0.0,0.0,530.1384161213089,532.0607722929936,1.9223561716847826,0.09981890842362291,19.25843712422167,6.757826444881076,0.3509021215632104,532.3445,532.54315,0.1986499999999296,0.039883301502496665,0.03666105804667524,0.8827977238124437,2.053802162222283,False,False,Normal,100.0,False,No additional data-quality note.,Normal,Normal,Normal,Normal,Normal,Normal,0
188,sensor_205,1249,312,0.0031923383878691143,0.006369426751592357,0.0031770883637232427,40.219535548438756,0.18705673076923077,40.03247881766953,0.06338779976542419,631.5486413129271,0.13891654953928836,0.00021996175821152052,0.1596,0.1512,0.00839999999999999,0.03984468604280079,0.0669355997618607,0.2057687822843581,35.06965561652732,False,False,Normal,100.0,False,Current missingness exceeds reference missingness.,Normal,Normal,Normal,Normal,Normal,Normal,0
189,sensor_425,1250,314,0.0023942537909018356,0.0,0.0023942537909018356,3.2669675199999997,3.508545859872611,0.24157833987261146,0.03899068820709178,6.195795739472797,6.823867282895195,1.1013706019101013,2.66845,2.6634,0.005049999999999777,0.039823556863235875,0.04350063694267514,0.7201293476075301,0.3513691906621329,False,False,Normal,100.0,False,No additional data-quality note.,Normal,Normal,Normal,Normal,Normal,Normal,0
190,sensor_058,1250,313,0.0023942537909018356,0.0031847133757961785,0.0007904595848943429,0.94916384,0.9494194888178913,0.00025564881789130744,0.06060280633360979,0.004218432006003109,0.004001814940096355,0.9486498619395801,0.9493,0.9495,0.00019999999999997797,0.03979614192835238,0.046870287539936106,0.6313625434957204,0.0003037229922615301,False,False,Normal,100.0,False,Current missingness exceeds reference missingness.,Normal,Normal,Normal,Normal,Normal,Normal,0
191,sensor_268,1245,314,0.006384676775738229,0.0,0.006384676775738229,0.07047895582329317,0.07101496815286626,0.0005360123295730934,0.018290731094859465,0.029305134212144066,0.03101798919712315,1.05844897254452,0.0699,0.07335,0.0034499999999999947,0.03965233138825661,0.043475814084362935,0.7212456186753881,0.0020155315475635788,False,False,Normal,100.0,False,No additional data-quality note.,Normal,Normal,Normal,Normal,Normal,Normal,0
192,sensor_495,1253,314,0.0,0.0,0.0,1.070425538707103,0.5015968152866241,0.568828723420479,0.07707285840239013,7.380402585442956,0.8962471927971959,0.12143608460667801,0.2331,0.2277,0.005399999999999988,0.03959151793233809,0.058656676206404024,0.34384887904247446,0.5334188159130072,False,False,Normal,100.0,False,No additional data-quality note.,Normal,Normal,Normal,Normal,Normal,Normal,0
193,sensor_477,1249,312,0.0031923383878691143,0.006369426751592357,0.0031770883637232427,20.44359751801441,18.885384935897434,1.558212582116976,0.09906039634962889,15.72992476849517,11.166534566153617,0.7098911616232658,16.2164,15.378900000000002,0.8374999999999986,0.03959137485903369,0.05014781055613715,0.5462553487029816,1.6882686956225448,False,False,Normal,100.0,False,Current missingness exceeds reference missingness.,Normal,Normal,Normal,Normal,Normal,Normal,0
194,sensor_204,1249,312,0.0031923383878691143,0.006369426751592357,0.0031770883637232427,30.244133146517218,29.38863301282051,0.8555001336967081,0.04478143761669791,19.103900616574062,8.022252201644152,0.4199274463710436,30.052,30.479,0.4269999999999996,0.03958124492369833,0.0379662704522592,0.8580159688754811,1.0740155248341339,False,False,Normal,100.0,False,Current missingness exceeds reference missingness.,Normal,Normal,Normal,Normal,Normal,Normal,0
195,sensor_105,1251,314,0.0015961691939345571,0.0,0.0015961691939345571,-1.2709832134292562e-05,-2.2292993630573256e-05,9.583161496280695e-06,0.011743450277460493,0.0008160430937979023,0.000978105277079004,1.198595128753381,0.0,0.0,0.0,0.039514174480424644,0.04482274053368773,0.6847726507179642,5.532253975697434e-05,False,False,Normal,100.0,False,No additional data-quality note.,Normal,Normal,Normal,Normal,Normal,Normal,0
196,sensor_456,1252,314,0.0007980845969672786,0.0,0.0007980845969672786,3.640633865814696,3.6206828025477713,0.019951063266924862,0.020956511168130815,0.9520221713843778,0.8831210305453503,0.9276265375849017,3.72045,3.73575,0.01529999999999987,0.039425752248610245,0.038648989642050435,0.8406234999144261,0.05825323191058933,False,False,Normal,100.0,False,No additional data-quality note.,Normal,Normal,Normal,Normal,Normal,Normal,0
197,sensor_152,1250,314,0.0023942537909018356,0.0,0.0023942537909018356,13.7070144,15.402452229299362,1.6954378292993617,0.059171976866104696,28.652715678839424,39.00381789667365,1.3612607731098492,10.987,11.015,0.02800000000000047,0.03937869257642967,0.037885350318471345,0.8576244869811274,1.2893148528909184,False,False,Normal,100.0,False,No additional data-quality note.,Normal,Normal,Normal,Normal,Normal,Normal,0
198,sensor_541,1245,314,0.006384676775738229,0.0,0.006384676775738229,1.9359990361445782,1.9699050955414013,0.03390605939682301,0.04642253514867694,0.7303793144478742,0.7385880238992742,1.0112389676008355,1.7798,1.9036,0.12379999999999991,0.03922557288949399,0.0644616683293684,0.24024720430581392,0.0632146985824663,False,False,Normal,100.0,False,No additional data-quality note.,Normal,Normal,Normal,Normal,Normal,Normal,0
199,sensor_208,1249,312,0.0031923383878691143,0.006369426751592357,0.0031770883637232427,20.61896717373899,19.404230769230768,1.2147364045082227,0.062755196487097,19.356746094452635,5.568361768293004,0.2876703419635605,19.75,19.335,0.41499999999999915,0.039145341834718454,0.04858502186364477,0.5872758279899717,1.205623706789862,False,False,Normal,100.0,False,Current missingness exceeds reference missingness.,Normal,Normal,Normal,Normal,Normal,Normal,0
200,sensor_275,1240,313,0.010375099760574621,0.0031847133757961785,0.007190386384778443,135.4387702419355,139.6743194888179,4.235549246882414,0.05019190168968418,84.38710437928945,90.34303376637023,1.0705786675688151,110.2312,112.7008,2.4696,0.03897957829043725,0.05659589817582189,0.3901192681556275,5.143987430072717,False,False,Normal,100.0,False,No additional data-quality note.,Normal,Normal,Normal,Normal,Normal,Normal,0
201,sensor_071,1249,312,0.0031923383878691143,0.006369426751592357,0.0031770883637232427,619.060976541233,619.264657051282,0.20368051004902554,0.021173518913945165,9.619587130360216,9.223579488122393,0.9588331976340242,618.9436,619.955,1.0114000000000942,0.03891742100291617,0.057263759725729224,0.3763259831430611,0.6643378532686891,False,False,Normal,100.0,False,Current missingness exceeds reference missingness.,Normal,Normal,Normal,Normal,Normal,Normal,0
202,sensor_461,1252,314,0.0007980845969672786,0.0,0.0007980845969672786,29.170373162939292,29.30523089171975,0.13485772878045665,0.009976016914827373,13.518193677079411,12.59917954617325,0.9320164991818113,26.180349999999997,26.1183,0.06204999999999572,0.038830470672469815,0.037753606967705175,0.8603267467358389,0.8356238280322366,False,False,Normal,100.0,False,No additional data-quality note.,Normal,Normal,Normal,Normal,Normal,Normal,0
203,sensor_489,1233,310,0.01596169193934557,0.012738853503184714,0.003222838436160856,355.0232633414436,343.0436780645161,11.979585276927537,0.04799224329610052,249.61503055850915,261.67608539561047,1.0483186241233748,351.5275,336.7287,14.798799999999972,0.03870012370959968,0.060727834026633176,0.31118081331481656,18.0970207462718,False,False,Normal,100.0,False,No additional data-quality note.,Normal,Normal,Normal,Normal,Normal,Normal,0
204,sensor_272,1248,313,0.0039904229848363925,0.0031847133757961785,0.000805709609040214,45.83334262820512,46.94676709265176,1.1134244644466378,0.06282407746226643,17.722893983049506,18.429772103197713,1.039885027852916,45.43865,46.8555,1.4168499999999966,0.03825548367871281,0.04801804292618994,0.6008259399030778,1.3411825466607743,False,False,Normal,100.0,False,No additional data-quality note.,Normal,Normal,Normal,Normal,Normal,Normal,0
205,sensor_481,1249,312,0.0031923383878691143,0.006369426751592357,0.0031770883637232427,75.89163362690152,74.12298717948718,1.7686464474143406,0.04963795158624841,35.630931392106895,36.2582621762946,1.0176063537964846,71.181,67.7428,3.438199999999995,0.037949305476971965,0.07494457104144847,0.11571834641371424,3.226014554344133,False,False,Normal,100.0,False,Current missingness exceeds reference missingness.,Normal,Normal,Normal,Normal,Normal,Normal,0
206,sensor_584,1252,314,0.0007980845969672786,0.0,0.0007980845969672786,0.01546014376996805,0.014750000000000003,0.0007101437699680475,0.03729074143710322,0.01904343390881134,0.005088521506116572,0.26720608953630615,0.0137,0.0142,0.0005000000000000004,0.03789200700145403,0.05279705337701712,0.4756601865592581,0.0008993265537810103,False,False,Normal,100.0,False,No additional data-quality note.,Normal,Normal,Normal,Normal,Normal,Normal,0
207,sensor_588,1252,314,0.0007980845969672786,0.0,0.0007980845969672786,0.016390575079872204,0.016811146496815286,0.0004205714169430823,0.04948759287126322,0.00849852240817521,0.00995252484337632,1.1710888511398665,0.0148,0.0148,0.0,0.037092362989129116,0.04487596914999695,0.6832483880698963,0.0007180226272318372,False,False,Normal,100.0,False,No additional data-quality note.,Normal,Normal,Normal,Normal,Normal,Normal,0
208,sensor_424,1250,314,0.0023942537909018356,0.0,0.0023942537909018356,77.85128736,76.90072675159237,0.9505606084076277,0.029873510704278572,31.819514546426763,35.567744500956934,1.1177965788592172,70.2902,68.96805,1.3221499999999935,0.03704590744821805,0.05053248407643318,0.5329020455784605,2.885741175309445,False,False,Normal,100.0,False,No additional data-quality note.,Normal,Normal,Normal,Normal,Normal,Normal,0
209,sensor_119,1233,310,0.01596169193934557,0.012738853503184714,0.003222838436160856,0.5983748580697485,0.598558064516129,0.00018320644638047945,0.022691312341035726,0.008073858559919551,0.008222157064416894,1.0183677362436754,0.599,0.59885,0.00014999999999998348,0.03652912395598525,0.04201920309761131,0.7657423372845414,0.0005351911972032049,False,False,Normal,100.0,False,No additional data-quality note.,Normal,Normal,Normal,Normal,Normal,Normal,0
210,sensor_342,1249,312,0.0031923383878691143,0.006369426751592357,0.0031770883637232427,2.7724506805444356,2.570536217948718,0.20191446259571766,0.05065717723901669,3.985900391627053,1.9227962812441564,0.4823994812522816,2.3957,2.2887500000000003,0.10694999999999988,0.036495847376874516,0.07955082014329412,0.08066013955914486,0.2283444269093906,False,False,Normal,100.0,False,Current missingness exceeds reference missingness.,Normal,Normal,Normal,Normal,Normal,Normal,0
211,sensor_004,1240,313,0.010375099760574621,0.0031847133757961785,0.007190386384778443,1387.511150967742,1431.4986424920128,43.98749152427081,0.10203179766488302,431.1155201709269,480.44177051641094,1.114415389930586,1283.4368,1299.0694,15.632600000000139,0.03649326062600969,0.05847418324229625,0.3503114492026572,46.29073498904309,False,False,Normal,100.0,False,No additional data-quality note.,Normal,Normal,Normal,Normal,Normal,Normal,0
212,sensor_364,1215,301,0.030327214684756583,0.041401273885350316,0.011074059200593733,332.86599868312754,335.1505870431894,2.284588360061832,0.016684182115762437,136.93139670918958,146.33228784092682,1.0686540220699168,308.8108,318.3399,9.529100000000028,0.03638990004468916,0.045483504915029505,0.6908066508824556,9.390054792029272,False,False,Normal,100.0,False,Current missingness exceeds reference missingness.,Normal,Normal,Normal,Normal,Normal,Normal,0
213,sensor_154,1250,314,0.0023942537909018356,0.0,0.0023942537909018356,0.01200376,0.011618789808917196,0.0003849701910828042,0.03805197143296067,0.010116957849635682,0.005253679416613424,0.5192943861877028,0.0111,0.0108,0.0002999999999999999,0.036329861720042635,0.05047133757961786,0.5344794887135057,0.0007883332782231652,False,False,Normal,100.0,False,No additional data-quality note.,Normal,Normal,Normal,Normal,Normal,Normal,0
214,sensor_067,1249,312,0.0031923383878691143,0.006369426751592357,0.0031770883637232427,706.6614129703763,706.6969852564104,0.03557228603403928,0.003050014989468526,11.662987282642128,11.480421816159556,0.9843465947395585,706.2547,707.23155,0.9768500000000131,0.03629670372881226,0.050886863336823296,0.5272005038941041,0.7333911634858056,False,False,Normal,100.0,False,Current missingness exceeds reference missingness.,Normal,Normal,Normal,Normal,Normal,Normal,0
215,sensor_223,1253,314,0.0,0.0,0.0,0.009805267358339984,0.004894267515923566,0.004910999842416418,0.07874153021362885,0.06236861068222427,0.008711200546248523,0.13967283303187816,0.0023,0.0023,0.0,0.035987716477819696,0.057652716283467464,0.36458776562160233,0.004654219685150588,False,False,Normal,100.0,False,No additional data-quality note.,Normal,Normal,Normal,Normal,Normal,Normal,0
216,sensor_140,1240,313,0.010375099760574621,0.0031847133757961785,0.007190386384778443,414.15342314516124,427.1209265175719,12.967503372410647,0.05003215097427044,259.18340746691706,279.2084630987105,1.0772621049607487,331.64,351.526,19.886000000000024,0.03596942916410862,0.04796970009275486,0.6029359225143222,17.202209956803642,False,False,Normal,100.0,False,No additional data-quality note.,Normal,Normal,Normal,Normal,Normal,Normal,0
217,sensor_082,1233,310,0.01596169193934557,0.012738853503184714,0.003222838436160856,-0.021079318734793188,-0.02144774193548387,0.0003684232006906825,0.022355508495061252,0.016480197745091508,0.019047307263193255,1.1557693395315198,-0.0198,-0.0192,0.0006000000000000033,0.03593669356111492,0.06369201789498471,0.258870156336586,0.001854210917624331,False,False,Normal,100.0,False,No additional data-quality note.,Normal,Normal,Normal,Normal,Normal,Normal,0
218,sensor_287,1250,314,0.0023942537909018356,0.0,0.0023942537909018356,4.18310744,4.566189808917198,0.38308236891719805,0.040899089172160105,9.366525677495066,11.218229089251894,1.1976937314340486,3.3866,3.2558,0.13080000000000025,0.03585574092447178,0.04730700636942675,0.6180364858349697,0.3799618691764806,False,False,Normal,100.0,False,No additional data-quality note.,Normal,Normal,Normal,Normal,Normal,Normal,0
219,sensor_228,1251,314,0.0015961691939345571,0.0,0.0015961691939345571,0.018917985611510795,0.01995,0.0010320143884892038,0.09961893978864206,0.010359620275810924,0.01219023924733835,1.1767071497593216,0.0165,0.0167,0.0001999999999999988,0.03585179646181093,0.0707968656921597,0.15506382421725773,0.0011580562043525002,False,False,Normal,100.0,False,No additional data-quality note.,Normal,Normal,Normal,Normal,Normal,Normal,0
220,sensor_440,1252,313,0.0007980845969672786,0.0031847133757961785,0.0023866287788289,70.60667555910544,70.79300798722045,0.1863324281150085,0.0051823345502541975,35.95530668815442,46.89287225079375,1.304198922776613,66.01275000000001,64.8903,1.1224500000000148,0.03575765574853452,0.036741214057508076,0.8821868428021229,2.7532833053774355,False,False,Normal,100.0,False,Current missingness exceeds reference missingness.,Normal,Normal,Normal,Normal,Normal,Normal,0
221,sensor_319,1252,314,0.0007980845969672786,0.0,0.0007980845969672786,3.205004712460064,3.1240404458598725,0.08096426660019151,0.06463702370628908,1.252598927947139,1.056488212303338,0.8434369443655814,2.91645,2.801,0.11545000000000005,0.03573419358304512,0.03710241956818128,0.8739664637465141,0.09456482954425857,False,False,Normal,100.0,False,No additional data-quality note.,Normal,Normal,Normal,Normal,Normal,Normal,0
222,sensor_526,1233,310,0.01596169193934557,0.012738853503184714,0.003222838436160856,5.5826689375506895,5.4718138709677415,0.11085506658294797,0.02978595363384304,3.7217229283870754,4.632693009243931,1.2447710639361464,5.1725,5.0314,0.14110000000000067,0.035664573116055386,0.07039217225230882,0.164950385158023,0.2411968151334515,False,False,Normal,100.0,False,No additional data-quality note.,Normal,Normal,Normal,Normal,Normal,Normal,0
223,sensor_062,1249,312,0.0031923383878691143,0.006369426751592357,0.0031770883637232427,10.422442353883106,10.425947435897436,0.0035050820143300854,0.012694089288433285,0.2761192185345567,0.2702656002079874,0.9788003951422284,10.4371,10.4338,0.0032999999999994145,0.03551484795624312,0.047907556814682506,0.6052950294809818,0.01746430028627223,False,False,Normal,100.0,False,Current missingness exceeds reference missingness.,Normal,Normal,Normal,Normal,Normal,Normal,0
224,sensor_494,1253,314,0.0,0.0,0.0,2.541809816440543,2.483105095541401,0.058704720899141805,0.06072043466782172,0.9668033705669745,1.002151406701993,1.0365617634476065,2.574,2.4335500000000003,0.14044999999999952,0.03531621509553014,0.05313108412421652,0.4673983270117592,0.08011539161784417,False,False,Normal,100.0,False,No additional data-quality note.,Normal,Normal,Normal,Normal,Normal,Normal,0
225,sensor_066,1248,312,0.0039904229848363925,0.006369426751592357,0.0023790037667559645,27.054441987179487,27.441309935897433,0.3868679487179456,0.055072492164936135,7.024703867755214,7.500907790882955,1.0677898929396314,26.19865,26.37985,0.18120000000000047,0.03530461165308734,0.04807692307692307,0.6008814995643393,0.4152073346118915,False,False,Normal,100.0,False,Current missingness exceeds reference missingness.,Normal,Normal,Normal,Normal,Normal,Normal,0
226,sensor_454,1252,314,0.0007980845969672786,0.0,0.0007980845969672786,5.447997923322684,5.512699363057324,0.06470143973464015,0.0284294179138535,2.2758622751509625,2.1507201121109576,0.9450132969791839,5.22785,5.22415,0.0037000000000002586,0.03514620394634635,0.04997354551189437,0.5471780371316437,0.1541046000955908,False,False,Normal,100.0,False,No additional data-quality note.,Normal,Normal,Normal,Normal,Normal,Normal,0
227,sensor_488,1233,310,0.01596169193934557,0.012738853503184714,0.003222838436160856,232.8897496350365,265.5693770967742,32.67962746173768,0.1265556387317896,258.2234011002535,284.0165332009822,1.0998868886043163,109.4367,125.27825,15.841549999999998,0.03503393334376186,0.06487978442299147,0.23982065223421245,33.90867438113789,False,False,Normal,100.0,False,No additional data-quality note.,Normal,Normal,Normal,Normal,Normal,Normal,0
228,sensor_072,1249,312,0.0031923383878691143,0.006369426751592357,0.0031770883637232427,103.70413738991193,106.83062051282053,3.1264831229085956,0.09947298449212558,31.430474704979748,32.45410916707052,1.032568215138303,102.629,102.3758,0.25320000000000675,0.0350138546230772,0.05141035905647595,0.5138625929842497,3.3797566561556542,False,False,Normal,100.0,False,Current missingness exceeds reference missingness.,Normal,Normal,Normal,Normal,Normal,Normal,0
229,sensor_269,1245,314,0.006384676775738229,0.0,0.006384676775738229,19.432077911646587,19.79252866242038,0.3604507507737935,0.04921846453737605,7.3234863005543485,7.431552771891771,1.0147561512239385,17.912,19.071,1.1590000000000025,0.034933958882035855,0.06678689279410632,0.205778838622202,0.6364166168170167,False,False,Normal,100.0,False,No additional data-quality note.,Normal,Normal,Normal,Normal,Normal,Normal,0
230,sensor_145,1251,314,0.0015961691939345571,0.0,0.0015961691939345571,0.12023924860111912,0.11908726114649681,0.0011519874546223052,0.018320475741599188,0.06287977838951843,0.054876210650427706,0.872716349451625,0.1072,0.108,0.0007999999999999952,0.03475505798921462,0.044112480716064106,0.7037782198076893,0.003766155645134625,False,False,Normal,100.0,False,No additional data-quality note.,Normal,Normal,Normal,Normal,Normal,Normal,0
231,sensor_040,1253,313,0.0,0.0031847133757961785,0.0031847133757961785,118.6886371907422,118.64319424920127,0.04544294154092654,0.024384751145540683,1.8635802871105713,1.5635435195513185,0.8389998168394176,118.4008,118.3654,0.03540000000000987,0.03467441022587974,0.05202848626555054,0.4962360851345258,0.12036661516371255,False,False,Normal,100.0,False,Current missingness exceeds reference missingness.,Normal,Normal,Normal,Normal,Normal,Normal,0
232,sensor_155,1250,314,0.0023942537909018356,0.0,0.0023942537909018356,7.696347039999999,7.704435350318471,0.008088310318472125,0.0014087130755556863,5.741630754212727,2.349958390969826,0.40928413748056225,7.4793,7.605650000000001,0.1263500000000004,0.034671756457215604,0.04901401273885353,0.5725507517740037,0.2861272356440504,False,False,Normal,100.0,False,No additional data-quality note.,Normal,Normal,Normal,Normal,Normal,Normal,0
233,sensor_118,1253,314,0.0,0.0,0.0,58.67927318435754,58.412956687898095,0.2663164964594458,0.03682816277569395,7.231327234037609,1.093864511662782,0.15126746118112308,58.5558,58.5111,0.04469999999999885,0.03464520421042158,0.06065188769882218,0.30500398838024834,0.2293432088244371,False,False,Normal,100.0,False,No additional data-quality note.,Normal,Normal,Normal,Normal,Normal,Normal,0
234,sensor_131,1244,314,0.007182761372705506,0.0,0.007182761372705506,0.7437346463022507,0.7498961783439491,0.006161532041698337,0.07388038437780006,0.0833987545353078,0.07893750096646532,0.9465069521277591,0.7586,0.7612,0.0025999999999999357,0.03459347267162943,0.0507147684682655,0.5288354281488841,0.007879450220991761,False,False,Normal,100.0,False,No additional data-quality note.,Normal,Normal,Normal,Normal,Normal,Normal,0
235,sensor_007,1240,313,0.010375099760574621,0.0031847133757961785,0.007190386384778443,101.24042693548388,100.60772236421725,0.632704571266629,0.1016883153475956,6.221998752795635,6.281693062547894,1.009594072921573,101.6111,101.1478,0.4632999999999896,0.03448863212616931,0.05578171699474388,0.40820859249570096,0.6352684151118084,False,False,Normal,100.0,False,No additional data-quality note.,Normal,Normal,Normal,Normal,Normal,Normal,0
236,sensor_302,1252,313,0.0007980845969672786,0.0031847133757961785,0.0023866287788289,0.9084159744408946,0.9170658146964856,0.008649840255591013,0.029618398992052798,0.29204280278322725,0.4587330876649787,1.5707734732483019,0.86175,0.8418,0.019950000000000023,0.03434969441956271,0.04073482428115016,0.7923838136087104,0.032122437302166906,False,False,Normal,100.0,False,Current missingness exceeds reference missingness.,Normal,Normal,Normal,Normal,Normal,Normal,0
237,sensor_444,1253,313,0.0,0.0031847133757961785,0.0031847133757961785,0.6340607342378293,0.6334619808306708,0.0005987534071584255,0.004187425739702508,0.14298842400509373,0.14601721005841475,1.021182036758536,0.6436,0.631,0.012599999999999945,0.0343290044803284,0.04984841492239711,0.5519810424334328,0.010632451019588153,False,False,Normal,100.0,False,Current missingness exceeds reference missingness.,Normal,Normal,Normal,Normal,Normal,Normal,0
238,sensor_377,1251,314,0.0015961691939345571,0.0,0.0015961691939345571,0.001603037569944045,0.0015920382165605096,1.099935338353536e-05,0.01996076144365583,0.0005510487871208593,0.00046256023022515306,0.8394179263907926,0.0016,0.0016,0.0,0.03431887992939082,0.025210404924468063,0.9969184931818658,3.315698080462854e-05,False,False,Normal,100.0,False,No additional data-quality note.,Normal,Normal,Normal,Normal,Normal,Normal,0
239,sensor_216,1233,310,0.01596169193934557,0.012738853503184714,0.003222838436160856,0.0806051094890511,0.08294677419354839,0.002341664704497287,0.07554213338253254,0.030998127794981567,0.028062668644259756,0.9053020501710092,0.0823,0.0858,0.003500000000000003,0.034271023372057605,0.06526960207205085,0.2338024158344799,0.0036022870217564847,False,False,Normal,100.0,False,No additional data-quality note.,Normal,Normal,Normal,Normal,Normal,Normal,0
240,sensor_078,1233,310,0.01596169193934557,0.012738853503184714,0.003222838436160856,-0.007131305758313057,-0.006683870967741936,0.0004474347905711216,0.014281843829659852,0.031328923345451405,0.03157239994111232,1.0077716234604106,-0.01,-0.009049999999999999,0.0009500000000000012,0.03395486626132513,0.0438662585354368,0.717907980868657,0.001716338210081953,False,False,Normal,100.0,False,No additional data-quality note.,Normal,Normal,Normal,Normal,Normal,Normal,0
241,sensor_077,1233,310,0.01596169193934557,0.012738853503184714,0.003222838436160856,-0.029752716950527173,-0.02794967741935484,0.0018030395311723312,0.05391820796503991,0.03344027183435707,0.03225597232613933,0.9645846327421008,-0.0297,-0.02595,0.00375,0.03383048601961092,0.057750569029118626,0.3706555962295149,0.0023791095399704008,False,False,Normal,100.0,False,No additional data-quality note.,Normal,Normal,Normal,Normal,Normal,Normal,0
242,sensor_003,1240,313,0.010375099760574621,0.0031847133757961785,0.007190386384778443,2200.1513277419353,2202.1160958466453,1.9647681047099468,0.0667255511033936,29.445513333647398,29.775195225910853,1.0111963370625543,2200.9556,2203.4556,2.5,0.033812931801008236,0.044370297846027085,0.6994328558042213,2.316933322662005,False,False,Normal,100.0,False,No additional data-quality note.,Normal,Normal,Normal,Normal,Normal,Normal,0
243,sensor_087,1253,314,0.0,0.0,0.0,2.4017592976855546,2.4023194267515926,0.0005601290660379732,0.014845992499797601,0.037729310859183685,0.035756630855682835,0.9477149208777377,2.4036,2.4051,0.0015000000000000568,0.03361661839102654,0.03735239247462141,0.8687410037417734,0.00212911685459232,False,False,Normal,100.0,False,No additional data-quality note.,Normal,Normal,Normal,Normal,Normal,Normal,0
244,sensor_445,1253,313,0.0,0.0031847133757961785,0.0031847133757961785,0.894858180367119,0.89578178913738,0.0009236087702610973,0.0058794757462001055,0.15709032745955692,0.1493187004856975,0.9505276543785917,0.9021,0.9033,0.0011999999999999789,0.03355374040194365,0.04979486931046001,0.5533782410645324,0.011037606174743314,False,False,Normal,100.0,False,Current missingness exceeds reference missingness.,Normal,Normal,Normal,Normal,Normal,Normal,0
245,sensor_360,1253,314,0.0,0.0,0.0,0.01991420590582602,0.019543630573248406,0.00037057533257761274,0.053072785463732265,0.006982398405127021,0.007724958980452214,1.106347494405353,0.0197,0.0189,0.0007999999999999986,0.03354595276119566,0.05030474631584825,0.5384755403334335,0.000641598054510968,False,False,Normal,100.0,False,No additional data-quality note.,Normal,Normal,Normal,Normal,Normal,Normal,0
246,sensor_540,1245,314,0.006384676775738229,0.0,0.006384676775738229,3.029819277108434,3.0517426751592356,0.02192339805080179,0.017703684216798424,1.2383522990090066,1.3109511227441435,1.058625339326486,3.0185,3.1648,0.1463000000000001,0.03344381862286276,0.04494410764075407,0.6820928856150242,0.08354497169842512,False,False,Normal,100.0,False,No additional data-quality note.,Normal,Normal,Normal,Normal,Normal,Normal,0
247,sensor_433,1252,313,0.0007980845969672786,0.0031847133757961785,0.0023866287788289,100.29024928115015,95.67716613418531,4.61308314696484,0.03607728458411441,127.86669507261303,119.36603891783717,0.9335193879066906,58.9075,56.9866,1.920899999999996,0.03336576154001651,0.0295527156549521,0.9793673743175149,8.895877300573877,False,False,Normal,100.0,False,Current missingness exceeds reference missingness.,Normal,Normal,Normal,Normal,Normal,Normal,0
248,sensor_301,1252,313,0.0007980845969672786,0.0031847133757961785,0.0023866287788289,0.11690359424920128,0.12431661341853037,0.007413019169329085,0.03471696400348762,0.21352728794442918,0.24059300945262038,1.1267553284113976,0.0827,0.0831,0.0003999999999999976,0.03334047874044263,0.047124600638977665,0.6243332015128595,0.0075892040689338304,False,False,Normal,100.0,False,Current missingness exceeds reference missingness.,Normal,Normal,Normal,Normal,Normal,Normal,0
249,sensor_586,1252,314,0.0007980845969672786,0.0,0.0007980845969672786,3.0981519169329075,2.94691050955414,0.15124140737876735,0.038105183616861306,3.9690507438427343,1.0149557817141017,0.2557175121251907,2.7429,2.8331,0.09019999999999984,0.03331865747014088,0.057589385645387736,0.36601889075873323,0.18338904740576453,False,False,Normal,100.0,False,No additional data-quality note.,Normal,Normal,Normal,Normal,Normal,Normal,0
250,sensor_048,1252,314,0.0007980845969672786,0.0,0.0007980845969672786,1.1793425718849841,1.1724378980891719,0.006904673795812277,0.03638691198034966,0.18975706978215323,0.1893583972699762,0.9978990373711255,1.25595,1.2375500000000001,0.01839999999999975,0.03328717849733323,0.05012616755865773,0.5432093992575181,0.009989809429048667,False,False,Normal,100.0,False,No additional data-quality note.,Normal,Normal,Normal,Normal,Normal,Normal,0
251,sensor_335,1249,312,0.0031923383878691143,0.006369426751592357,0.0031770883637232427,0.16956909527622097,0.16353910256410256,0.006029992712118404,0.034028932006664424,0.17720193836637174,0.1545549915447918,0.8721969577174911,0.1303,0.12484999999999999,0.00545000000000001,0.03320772098384482,0.03818695982426967,0.8532391864732132,0.008337510383256037,False,False,Normal,100.0,False,Current missingness exceeds reference missingness.,Normal,Normal,Normal,Normal,Normal,Normal,0
252,sensor_469,1248,312,0.0039904229848363925,0.006369426751592357,0.0023790037667559645,223.2816328525641,227.73870480769233,4.457071955128242,0.01917094530926232,232.49098483290945,224.06739583358453,0.9637681047917668,146.827,156.56779999999998,9.740799999999979,0.03314278157489988,0.06650641025641024,0.21188944165693346,15.711448568037504,False,False,Normal,100.0,False,Current missingness exceeds reference missingness.,Normal,Normal,Normal,Normal,Normal,Normal,0
253,sensor_429,1243,314,0.007980845969672785,0.0,0.007980845969672785,4.240135880933226,4.143996496815286,0.0961393841179401,0.00869633138411167,11.055165663717487,8.77806930743986,0.7940242212967513,2.5335,2.6554,0.12190000000000012,0.03312369167345729,0.05383267316078322,0.45152178577975444,0.6147251129507847,False,False,Normal,100.0,False,No additional data-quality note.,Normal,Normal,Normal,Normal,Normal,Normal,0
254,sensor_292,1253,314,0.0,0.0,0.0,0.02023559457302474,0.018691719745222928,0.0015438748278018138,0.0547320358448502,0.028207882348434125,0.009008121729690668,0.3193476780149264,0.017,0.01645,0.0005500000000000019,0.03309970737689459,0.04116998185247128,0.7801715073424139,0.001647315684052439,False,False,Normal,100.0,False,No additional data-quality note.,Normal,Normal,Normal,Normal,Normal,Normal,0
255,sensor_340,1249,312,0.0031923383878691143,0.006369426751592357,0.0031770883637232427,9.387763730984787,9.093545192307692,0.2942185386770948,0.044049457345150894,6.679277258099601,2.4513340140424047,0.36700587792935285,9.4621,9.54405,0.08195000000000086,0.03303660655014777,0.03533596107655354,0.9093948610594103,0.34641811125439426,False,False,Normal,100.0,False,Current missingness exceeds reference missingness.,Normal,Normal,Normal,Normal,Normal,Normal,0
256,sensor_394,1253,314,0.0,0.0,0.0,0.1340223463687151,0.13385859872611464,0.0001637476426004647,0.004247877809915612,0.03854810564895173,0.03790682463542286,0.9833641367654,0.134,0.13255,0.0014500000000000068,0.0328714422896137,0.04412340319538838,0.7032999541182982,0.0020985415345275227,False,False,Normal,100.0,False,No additional data-quality note.,Normal,Normal,Normal,Normal,Normal,Normal,0
257,sensor_254,1233,310,0.01596169193934557,0.012738853503184714,0.003222838436160856,0.033351987023519866,0.03267612903225806,0.0006758579912618037,0.03167447660283039,0.02133762144632912,0.026341899595274137,1.2345283967818232,0.0309,0.029949999999999997,0.0009500000000000029,0.03272448278040434,0.07367291944640658,0.1300570978533408,0.0014031184337490636,False,False,Normal,100.0,False,No additional data-quality note.,Normal,Normal,Normal,Normal,Normal,Normal,0
258,sensor_143,1240,313,0.010375099760574621,0.0031847133757961785,0.007190386384778443,6.620887096774195,6.723482428115015,0.10259533134082055,0.038755364572645744,2.647254966432034,5.910235608603896,2.2325902429299065,6.32,6.08,0.2400000000000002,0.03231986070637231,0.06707719262083889,0.20329538529457897,0.30292382472562307,False,False,Normal,100.0,False,No additional data-quality note.,Normal,Normal,Normal,Normal,Normal,Normal,0
259,sensor_041,1232,311,0.01675977653631285,0.009554140127388535,0.007205636408924314,67.67876948051949,68.8007427652733,1.1219732847538069,0.04637256558177651,24.194764095491834,23.55045345124852,0.9733698315180775,78.27,78.49,0.21999999999999886,0.03221186924988338,0.08427725811166331,0.05550056318692546,1.2064443692942184,False,False,Normal,100.0,False,No additional data-quality note.,Normal,Normal,Normal,Normal,Normal,Normal,0
260,sensor_080,1233,310,0.01596169193934557,0.012738853503184714,0.003222838436160856,0.0035468775344687756,0.0031061290322580647,0.00044074850221071087,0.019321840315075528,0.022810896634251995,0.02415390501268765,1.058875738203953,0.0007,-0.00030000000000000003,0.001,0.032103831477598446,0.0409831776678963,0.7916380816405449,0.0014434359785210624,False,False,Normal,100.0,False,No additional data-quality note.,Normal,Normal,Normal,Normal,Normal,Normal,0
261,sensor_320,1252,314,0.0007980845969672786,0.0,0.0007980845969672786,7.922385782747605,7.890718152866242,0.031667629881362735,0.014360355606629231,2.205212095635283,2.074699236808976,0.9408161876652917,8.392,8.382200000000001,0.009799999999998477,0.03181272155254108,0.04173195498667104,0.7660165477435033,0.14159575235896563,False,False,Normal,100.0,False,No additional data-quality note.,Normal,Normal,Normal,Normal,Normal,Normal,0
262,sensor_054,1250,313,0.0023942537909018356,0.0031847133757961785,0.0007904595848943429,4.5931552,4.592236421725239,0.0009187782747606121,0.017918798457044458,0.05127454706090579,0.06775868060559712,1.3214876481524227,4.596,4.599,0.0030000000000001137,0.03154129049552608,0.03836166134185298,0.8482703742328181,0.002637987837687544,False,False,Normal,100.0,False,Current missingness exceeds reference missingness.,Normal,Normal,Normal,Normal,Normal,Normal,0
263,sensor_409,1250,312,0.0023942537909018356,0.006369426751592357,0.003975172960690521,5.36379264,5.2493423076923085,0.1144503323076913,0.043481088085679215,2.632186482596011,2.350778056010884,0.8930894796224369,4.92155,4.9319500000000005,0.010400000000000631,0.03141052654837003,0.05171794871794866,0.505988911686194,0.13770564914263547,False,False,Normal,100.0,False,Current missingness exceeds reference missingness.,Normal,Normal,Normal,Normal,Normal,Normal,0
264,sensor_164,1252,313,0.0007980845969672786,0.0031847133757961785,0.0023866287788289,0.1409185303514377,0.13734824281150157,0.003570287539936129,0.029545406182550398,0.12084069915561868,0.1266365564946104,1.0479627921676273,0.12,0.118,0.0020000000000000018,0.03132453789578653,0.052715654952076696,0.4792984542548309,0.005810564318071821,False,False,Normal,100.0,False,Current missingness exceeds reference missingness.,Normal,Normal,Normal,Normal,Normal,Normal,0
265,sensor_172,1253,313,0.0,0.0031847133757961785,0.0031847133757961785,0.11978802873104549,0.1211693290734824,0.0013813003424369141,0.022155099990155934,0.06234683404952632,0.05416027513254553,0.8686932698061678,0.1102,0.1156,0.005399999999999988,0.031324057806158045,0.05570018536980895,0.4087423826717485,0.005768333097862624,False,False,Normal,100.0,False,Current missingness exceeds reference missingness.,Normal,Normal,Normal,Normal,Normal,Normal,0
266,sensor_422,1251,314,0.0015961691939345571,0.0,0.0015961691939345571,4.201771462829735,4.065965605095542,0.1358058577341934,0.01761502333229306,7.709660962255148,1.2098648357275883,0.15692840990684648,3.935,4.0143,0.07930000000000037,0.03101953156973572,0.044557984185899735,0.6918703477623643,0.23529329514699596,False,False,Normal,100.0,False,No additional data-quality note.,Normal,Normal,Normal,Normal,Normal,Normal,0
267,sensor_406,1245,314,0.006384676775738229,0.0,0.006384676775738229,0.024141767068273094,0.024468152866242036,0.0003263857979689429,0.030783167163536643,0.010602736106879678,0.011225897365336475,1.0587736271255919,0.0239,0.0241,0.0001999999999999988,0.03101279880003705,0.04425088890594231,0.7006502210015186,0.0006767830893957018,False,False,Normal,100.0,False,No additional data-quality note.,Normal,Normal,Normal,Normal,Normal,Normal,0
268,sensor_284,1251,314,0.0015961691939345571,0.0,0.0015961691939345571,2.8339844124700244,2.684461464968153,0.14952294750187134,0.02282901397362504,6.549689253973874,0.7099725554784996,0.1083978991900631,2.6536,2.6838499999999996,0.030249999999999666,0.031008483592144767,0.040561181627946086,0.7954764199628211,0.1685288046304537,False,False,Normal,100.0,False,No additional data-quality note.,Normal,Normal,Normal,Normal,Normal,Normal,0
269,sensor_017,1250,314,0.0023942537909018356,0.0,0.0023942537909018356,9.936399280000002,9.79296719745223,0.14343208254777196,0.05364863433258433,2.67354582893187,0.5626506424115929,0.2104510931972249,9.8631,9.79715,0.06594999999999906,0.03088307801130615,0.08818853503184709,0.037885111404901924,0.11766619973326573,False,False,Normal,100.0,False,No additional data-quality note.,Normal,Normal,Normal,Normal,Normal,Normal,0
270,sensor_005,1240,313,0.010375099760574621,0.0031847133757961785,0.007190386384778443,3.124148870967742,8.44733801916933,5.323189148201587,0.11936967274044206,44.594150473850696,88.76042867913696,1.990405192967734,1.3168,1.3101,0.006699999999999928,0.030879030842857508,0.035254560445223126,0.91047201396388,3.9748605825043204,False,False,Normal,100.0,False,No additional data-quality note.,Normal,Normal,Normal,Normal,Normal,Normal,0
271,sensor_366,1251,314,0.0015961691939345571,0.0,0.0015961691939345571,0.005145323741007194,0.005410509554140128,0.00026518581313293363,0.10433518651252661,0.002541671913349147,0.003064949388733765,1.2058792374563791,0.0046,0.0047,0.00010000000000000026,0.030724629750671636,0.06402012148243197,0.24676299352234674,0.0002866647428208992,False,False,Normal,100.0,False,No additional data-quality note.,Normal,Normal,Normal,Normal,Normal,Normal,0
272,sensor_019,1250,314,0.0023942537909018356,0.0,0.0023942537909018356,190.027908,190.1247643312102,0.09685633121020487,0.03439973759008175,2.815612501594513,2.6418336305980397,0.938280260192743,189.66084999999998,189.68305,0.02220000000002642,0.03068679711167472,0.047266242038216555,0.6191305616056395,0.17794521979436972,False,False,Normal,100.0,False,No additional data-quality note.,Normal,Normal,Normal,Normal,Normal,Normal,0
273,sensor_052,1252,314,0.0007980845969672786,0.0,0.0007980845969672786,157.64269281150163,156.53700955414013,1.1056832573615054,0.018316617741805263,60.36503425181655,63.20012724875145,1.046965814433371,183.31815,183.4835,0.16534999999998945,0.030610530093211026,0.055935980138784314,0.4019593205142142,3.6137204436167902,False,False,Normal,100.0,False,No additional data-quality note.,Normal,Normal,Normal,Normal,Normal,Normal,0
274,sensor_354,1233,310,0.01596169193934557,0.012738853503184714,0.003222838436160856,0.04014420113544201,0.0410716129032258,0.0009274117677837909,0.05894860728237507,0.01573254756200281,0.014535038593161263,0.9238833403095018,0.0421,0.042499999999999996,0.0003999999999999976,0.03047368009149462,0.0627213981110849,0.27524343742913465,0.0014582173765356923,False,False,Normal,100.0,False,No additional data-quality note.,Normal,Normal,Normal,Normal,Normal,Normal,0
275,sensor_085,1242,313,0.008778930566640064,0.0031847133757961785,0.005594217190843885,0.13308083735909823,0.13321533546325878,0.00013449810416055197,0.026618967632117803,0.005052716770212749,0.005052330761250503,0.9999236036809895,0.133,0.1329,0.00010000000000001674,0.03022642989696607,0.04882879823843844,0.5799060992666134,0.0002842847852857855,False,False,Normal,100.0,False,No additional data-quality note.,Normal,Normal,Normal,Normal,Normal,Normal,0
276,sensor_046,1252,314,0.0007980845969672786,0.0,0.0007980845969672786,136.69490950479235,136.93504745222933,0.24013794743697758,0.030460509156752028,7.883582844961979,7.720247949630855,0.979281641539988,136.49545,136.2018,0.29365000000001373,0.029903407851300925,0.055742658879550766,0.4062965566492376,0.47962403384365193,False,False,Normal,100.0,False,No additional data-quality note.,Normal,Normal,Normal,Normal,Normal,Normal,0
277,sensor_103,1247,314,0.004788507581803671,0.0,0.004788507581803671,0.0021909382518043303,-0.0031598726114649683,0.005350810863269299,0.08559154314096616,0.0625156489404182,0.06465634775314837,1.0342426072353565,0.0,-0.0029,0.0029,0.02989920889691082,0.052852961757900496,0.47480555851751594,0.005424435646858072,False,False,Normal,100.0,False,No additional data-quality note.,Normal,Normal,Normal,Normal,Normal,Normal,0
278,sensor_175,1253,313,0.0,0.0031847133757961785,0.0031847133757961785,0.3201593774940144,0.3199261980830671,0.000233179410947304,0.0032871550842070415,0.07093654086100222,0.07259073069790323,1.0233192909722273,0.3244,0.3179,0.006500000000000006,0.029820067522105035,0.04103123749008769,0.784946936141986,0.005140372604837069,False,False,Normal,100.0,False,Current missingness exceeds reference missingness.,Normal,Normal,Normal,Normal,Normal,Normal,0
279,sensor_278,1240,313,0.010375099760574621,0.0031847133757961785,0.007190386384778443,2.203463951612903,2.239587539936102,0.03612358832319895,0.037086257500420855,0.9740424285947166,1.830818077969488,1.8796081404902147,2.0875,2.0463,0.0411999999999999,0.029717532962187918,0.05131660311243941,0.5155263622559125,0.08484094845596211,False,False,Normal,100.0,False,No additional data-quality note.,Normal,Normal,Normal,Normal,Normal,Normal,0
280,sensor_120,1253,314,0.0,0.0,0.0,0.9708047086991222,0.9706668789808918,0.0001378297182303978,0.014725031900583125,0.009360232233177003,0.00708298044281916,0.756709904879688,0.9698,0.96835,0.0014499999999999513,0.029602903065257577,0.06426868509208472,0.2426421032055937,0.0006974084194304406,False,False,Normal,100.0,False,No additional data-quality note.,Normal,Normal,Normal,Normal,Normal,Normal,0
281,sensor_170,1252,313,0.0007980845969672786,0.0031847133757961785,0.0023866287788289,0.40141693290734826,0.39660063897763576,0.004816293929712501,0.024439056071891996,0.19707364783420778,0.20153153249388542,1.0226203995748226,0.413,0.404,0.008999999999999952,0.029429099874686185,0.039936102236421744,0.8118125164624465,0.008811162513865205,False,False,Normal,100.0,False,Current missingness exceeds reference missingness.,Normal,Normal,Normal,Normal,Normal,Normal,0
282,sensor_121,1253,314,0.0,0.0,0.0,6.310484836392658,6.31237229299363,0.001887456600972115,0.015890921754041075,0.11877577840896064,0.1444772444020059,1.2163864243815077,6.3145,6.31105,0.003449999999999953,0.029381958516588685,0.03729393404872894,0.8699571239103708,0.011204008362717075,False,False,Normal,100.0,False,No additional data-quality note.,Normal,Normal,Normal,Normal,Normal,Normal,0
283,sensor_173,1253,313,0.0,0.0031847133757961785,0.0031847133757961785,0.32015985634477256,0.31992300319488814,0.00023685314988441952,0.003339152953770099,0.07093210558593863,0.07258901066385352,1.023359028527744,0.3244,0.3179,0.006500000000000006,0.029208944354085786,0.04103123749008769,0.784946936141986,0.005138524510496482,False,False,Normal,100.0,False,Current missingness exceeds reference missingness.,Normal,Normal,Normal,Normal,Normal,Normal,0
284,sensor_427,1250,314,0.0023942537909018356,0.0,0.0023942537909018356,1.2425396800000001,1.1992952229299363,0.04324445707006386,0.04008258085717417,1.0788840475157118,0.5510504336776625,0.5107596455305244,1.13805,1.1093,0.028750000000000053,0.0291852844631806,0.05047133757961786,0.5344794887135057,0.08564399579759918,False,False,Normal,100.0,False,No additional data-quality note.,Normal,Normal,Normal,Normal,Normal,Normal,0
285,sensor_186,1252,314,0.0007980845969672786,0.0,0.0007980845969672786,7.384640575079872,7.290382165605097,0.09425840947477493,0.011884627882384546,7.93111996501676,2.640394705064142,0.33291574414592306,6.69,6.835,0.14499999999999957,0.028963933633512823,0.06317535255692797,0.2604931899420297,0.3611611461311134,False,False,Normal,100.0,False,No additional data-quality note.,Normal,Normal,Normal,Normal,Normal,Normal,0
286,sensor_002,1248,312,0.0039904229848363925,0.006369426751592357,0.0023790037667559645,2496.6113782051284,2492.8056410256413,3.805737179487096,0.04751066944514319,80.10279004553449,81.67499137623476,1.0196272979980665,2500.2200000000003,2495.6800000000003,4.539999999999964,0.028932162200953876,0.06330128205128205,0.26140014573817394,5.218754319885468,False,False,Normal,100.0,False,Current missingness exceeds reference missingness.,Normal,Normal,Normal,Normal,Normal,Normal,0
287,sensor_426,1250,314,0.0023942537909018356,0.0,0.0023942537909018356,7.00338912,5.971962738853503,1.0314263811464963,0.03975981899423988,25.941425470169317,3.8622772566207266,0.14888454225701878,4.76425,4.77025,0.006000000000000227,0.02893047047618048,0.03294267515923571,0.9448043623685278,0.8951884896407829,False,False,Normal,100.0,False,No additional data-quality note.,Normal,Normal,Normal,Normal,Normal,Normal,0
288,sensor_411,1248,312,0.0039904229848363925,0.006369426751592357,0.0023790037667559645,4.908244631410256,5.013741987179487,0.1054973557692307,0.050411888555488095,2.0927078669768604,2.2414866563248177,1.071093912196586,4.7047,4.9422999999999995,0.2375999999999996,0.028922339170300432,0.05849358974358976,0.3506657810189532,0.1562642195248301,False,False,Normal,100.0,False,Current missingness exceeds reference missingness.,Normal,Normal,Normal,Normal,Normal,Normal,0
289,sensor_274,1240,313,0.010375099760574621,0.0031847133757961785,0.007190386384778443,20.188549193548386,20.15231405750799,0.0362351360403963,0.009620936915306006,3.7662793508966472,4.081015195632239,1.0835667818056731,19.5809,19.5549,0.0259999999999998,0.028863174267458,0.047462125115943526,0.616500764628971,0.21585395350305253,False,False,Normal,100.0,False,No additional data-quality note.,Normal,Normal,Normal,Normal,Normal,Normal,0
290,sensor_212,1233,310,0.01596169193934557,0.012738853503184714,0.003222838436160856,0.056545660989456605,0.05758741935483871,0.0010417583653821033,0.041928950595439524,0.024845801065562848,0.02565309654312237,1.0324922297908303,0.0531,0.054000000000000006,0.000900000000000005,0.028795342710103776,0.055084634905685104,0.4296452861885754,0.001599146894642383,False,False,Normal,100.0,False,No additional data-quality note.,Normal,Normal,Normal,Normal,Normal,Normal,0
291,sensor_417,1245,313,0.006384676775738229,0.0031847133757961785,0.00319996339994205,3.4057389558232933,3.3988178913738016,0.006921064449491698,0.0066552852306229725,1.0399350605809945,1.0189539110066734,0.9798245579271082,3.2383,3.2088,0.02950000000000008,0.028704344045818713,0.03634987233278164,0.8902158502965917,0.06191300209118027,False,False,Normal,100.0,False,No additional data-quality note.,Normal,Normal,Normal,Normal,Normal,Normal,0
292,sensor_132,1244,314,0.007182761372705506,0.0,0.007182761372705506,0.9977565112540193,0.998013694267516,0.0002571830134966424,0.11643205582751785,0.0022088677526885953,0.0024014446628080493,1.0871835400218293,0.9977,0.9979,0.00019999999999997797,0.028642010421638997,0.07418026911340042,0.12114881350198824,0.0002607139171203212,False,False,Normal,100.0,False,No additional data-quality note.,Normal,Normal,Normal,Normal,Normal,Normal,0
293,sensor_217,1233,310,0.01596169193934557,0.012738853503184714,0.003222838436160856,0.08375969180859692,0.08238516129032258,0.001374530518274339,0.054624621570168105,0.02516320440790028,0.028044394518152087,1.1145001273902628,0.0848,0.08335000000000001,0.001449999999999993,0.028563093400930755,0.0645763022264082,0.24458554947378133,0.00238431589747906,False,False,Normal,100.0,False,No additional data-quality note.,Normal,Normal,Normal,Normal,Normal,Normal,0
294,sensor_224,1253,314,0.0,0.0,0.0,123.31715778132484,120.96872006369428,2.34843771763056,0.03971908504692147,59.126178633175286,35.10838206714549,0.5937874369483845,119.9645,118.2354,1.7291000000000025,0.028474424602516077,0.052332999527249346,0.48700730159940603,2.822552869285685,False,False,Normal,100.0,False,No additional data-quality note.,Normal,Normal,Normal,Normal,Normal,Normal,0
295,sensor_480,1249,312,0.0031923383878691143,0.006369426751592357,0.0031770883637232427,3.320797518014411,3.1336612179487178,0.18713630006569337,0.0642042022769018,2.914704854654316,0.896553170711218,0.30759655451205165,3.1967,3.13635,0.06034999999999968,0.028459060075267575,0.04609328488431763,0.6539274971092727,0.18652259536813934,False,False,Normal,100.0,False,Current missingness exceeds reference missingness.,Normal,Normal,Normal,Normal,Normal,Normal,0
296,sensor_093,1251,314,0.0015961691939345571,0.0,0.0015961691939345571,0.0005498001598721022,0.0003359872611464968,0.00021381289872560546,0.06499385723053432,0.003289740105241138,0.002984487767283364,0.9072108044427422,0.0004,0.00015000000000000001,0.00025,0.028326800309971954,0.057612508719139366,0.3656276883210474,0.0003011832653474296,False,False,Normal,100.0,False,No additional data-quality note.,Normal,Normal,Normal,Normal,Normal,Normal,0
297,sensor_491,1252,314,0.0007980845969672786,0.0,0.0007980845969672786,51.554056869009585,50.556546496815294,0.9975103721942915,0.05454052290646218,18.289343758310437,17.059667554587307,0.9327654277828104,48.788250000000005,47.70915,1.079100000000004,0.028243316164693805,0.04290205734519037,0.7357174914846496,1.4643341107874637,False,False,Normal,100.0,False,No additional data-quality note.,Normal,Normal,Normal,Normal,Normal,Normal,0
298,sensor_084,1252,314,0.0007980845969672786,0.0,0.0007980845969672786,7.446840335463259,7.4729050955414005,0.026064760078141624,0.05040620486284483,0.5170942773625544,0.5131674971835666,0.9924060652942894,7.46485,7.474,0.009149999999999991,0.028172608750659037,0.036746301459066766,0.8811617376115131,0.03526264157049945,False,False,Normal,100.0,False,No additional data-quality note.,Normal,Normal,Normal,Normal,Normal,Normal,0
299,sensor_313,1253,313,0.0,0.0031847133757961785,0.0031847133757961785,0.1620396648044693,0.1520891373801917,0.0099505274242776,0.08285977148944758,0.12008876256127289,0.10528948499663235,0.8767638432689361,0.1214,0.1216,0.00020000000000000573,0.028172582132379602,0.05257669134014464,0.4826190799590668,0.013129990651311985,False,False,Normal,100.0,False,Current missingness exceeds reference missingness.,Normal,Normal,Normal,Normal,Normal,Normal,0
300,sensor_249,1253,314,0.0,0.0,0.0,0.0261024740622506,0.021455095541401275,0.004647378520849326,0.08489999094016955,0.05473944660517587,0.011191635518631626,0.20445284365687036,0.0212,0.02015,0.0010499999999999989,0.028052466136069334,0.07102698745939678,0.1523828310003929,0.004408945832719564,False,False,Normal,100.0,False,No additional data-quality note.,Normal,Normal,Normal,Normal,Normal,Normal,0
301,sensor_094,1251,314,0.0015961691939345571,0.0,0.0015961691939345571,-0.0005848121502797762,-0.00036401273885350316,0.00022079941142627308,0.07321292301887257,0.0030158529713307063,0.002983973884003056,0.989429495525578,-0.0003,-0.0001,0.00019999999999999998,0.02770142314457939,0.05478419811921165,0.42830516861466295,0.0002561292523754984,False,False,Normal,100.0,False,No additional data-quality note.,Normal,Normal,Normal,Normal,Normal,Normal,0
302,sensor_127,1244,314,0.007182761372705506,0.0,0.007182761372705506,2.75391961414791,2.7380859872611465,0.015833626886763597,0.06146973097032023,0.2575841253381869,0.23643992055710003,0.9179134010943948,2.736,2.734,0.002000000000000224,0.027695484755810577,0.047161406598807964,0.6225531084491679,0.022188090993896816,False,False,Normal,100.0,False,No additional data-quality note.,Normal,Normal,Normal,Normal,Normal,Normal,0
303,sensor_130,1244,314,0.007182761372705506,0.0,0.007182761372705506,-0.5539799035369776,-0.5552124203821657,0.001232516845188103,0.0010049630451304944,1.226430017661058,1.1985391305589583,0.9772584764719875,-0.1419,-0.1419,0.0,0.02763910883733981,0.03961947283265399,0.8187549881076843,0.05092654255857451,False,False,Normal,100.0,False,No additional data-quality note.,Normal,Normal,Normal,Normal,Normal,Normal,0
304,sensor_022,1252,313,0.0007980845969672786,0.0031847133757961785,0.0023866287788289,-5614.23302715655,-5635.0359424920125,20.802915335462785,0.03266559649688378,636.844802067133,585.6920887827071,0.9196778977886144,-5521.25,-5535.25,14.0,0.027556331688509583,0.03354632587859427,0.936988652672853,29.36815644473298,False,False,Normal,100.0,False,Current missingness exceeds reference missingness.,Normal,Normal,Normal,Normal,Normal,Normal,0
305,sensor_176,1253,313,0.0,0.0031847133757961785,0.0031847133757961785,0.7780122106943337,0.7781693290734825,0.00015711837914877957,0.0013622099750399855,0.11534079329008556,0.12035974289655715,1.043514089536811,0.7709,0.7604,0.010500000000000065,0.02741695013117109,0.04421082692273365,0.7024585352511429,0.00688351875398922,False,False,Normal,100.0,False,Current missingness exceeds reference missingness.,Normal,Normal,Normal,Normal,Normal,Normal,0
306,sensor_528,1253,314,0.0,0.0,0.0,6.398743096568237,6.383641719745224,0.01510137682301238,0.008005107065963708,1.886467813431347,1.9005429753019418,1.0074611195432976,6.4411,6.2999,0.14119999999999955,0.02719629096885296,0.04469019575947658,0.6881373785837904,0.11083778914049196,False,False,Normal,100.0,False,No additional data-quality note.,Normal,Normal,Normal,Normal,Normal,Normal,0
307,sensor_492,1242,313,0.008778930566640064,0.0031847133757961785,0.005594217190843885,2.4515452495974235,2.4074680511182107,0.044077198479212765,0.03578655992236206,1.2316690560600687,1.1958102554556558,0.97088600998135,2.2444,2.285,0.04059999999999997,0.0271436899051411,0.0404402874884886,0.8004048787612494,0.06953110016923836,False,False,Normal,100.0,False,No additional data-quality note.,Normal,Normal,Normal,Normal,Normal,Normal,0
308,sensor_117,1253,314,0.0,0.0,0.0,0.9871079808459698,0.987217515923567,0.00010953507759714487,0.01127154523868178,0.009717840391683077,0.00857034296129312,0.8819184732266202,0.9905,0.9904,0.00010000000000010001,0.027127719595586974,0.0737923251711815,0.12424581276370122,0.00033056690323957826,False,False,Normal,100.0,False,No additional data-quality note.,Normal,Normal,Normal,Normal,Normal,Normal,0
309,sensor_033,1253,313,0.0,0.0031847133757961785,0.0031847133757961785,85.32704070231445,85.37921405750798,0.05217335519353128,0.026658182277563624,1.957123507158327,2.2864169914326675,1.1682538087504057,85.1669,85.0856,0.08129999999999882,0.027119277253353745,0.05163071886258919,0.506224675906045,0.11469128392656879,False,False,Normal,100.0,False,Current missingness exceeds reference missingness.,Normal,Normal,Normal,Normal,Normal,Normal,0
310,sensor_490,1233,310,0.01596169193934557,0.012738853503184714,0.003222838436160856,270.54857453365776,278.61763258064525,8.069058046987493,0.03560686619220213,226.61522649681004,233.91521483696573,1.032213141424804,219.5368,219.3287,0.20810000000000173,0.02704172837125755,0.05634303953117237,0.40114825957927513,10.496433057782511,False,False,Normal,100.0,False,No additional data-quality note.,Normal,Normal,Normal,Normal,Normal,Normal,0
311,sensor_183,1252,314,0.0007980845969672786,0.0,0.0007980845969672786,10.836892971246007,10.555859872611466,0.2810330986345413,0.06553274982355295,4.2884374513693295,3.623425742924351,0.8449291342158587,10.274999999999999,10.01,0.2649999999999988,0.02690008045759322,0.033754909342504136,0.9333344582224876,0.30918484049615047,False,False,Normal,100.0,False,No additional data-quality note.,Normal,Normal,Normal,Normal,Normal,Normal,0
312,sensor_351,1233,310,0.01596169193934557,0.012738853503184714,0.003222838436160856,0.02302043795620438,0.023924516129032257,0.0009040781728278761,0.06160107425191565,0.014676337771816723,0.012832885758271687,0.8743929144854478,0.0186,0.0196,0.0010000000000000009,0.02671379751529793,0.08089370274442098,0.07416446358818178,0.0016106843580317024,False,False,Normal,100.0,False,No additional data-quality note.,Normal,Normal,Normal,Normal,Normal,Normal,0
313,sensor_304,1252,313,0.0007980845969672786,0.0031847133757961785,0.0023866287788289,0.04050862619808307,0.039684664536741215,0.0008239616613418543,0.05950767968258298,0.013846308001537083,0.01691802316050961,1.2218436249310312,0.03905,0.0379,0.0011499999999999982,0.02665296759677277,0.06549520766773159,0.22511666484300577,0.001533849014179342,False,False,Normal,100.0,False,Current missingness exceeds reference missingness.,Normal,Normal,Normal,Normal,Normal,Normal,0
314,sensor_107,1247,314,0.004788507581803671,0.0,0.004788507581803671,0.0005843624699278268,0.00036146496815286623,0.00022289750177496062,0.07452999657089399,0.002990708600971655,0.0029748593684991434,0.9947005092815253,0.0002,0.0,0.0002,0.02655239049663982,0.05887761200128716,0.3399569000628185,0.00025358000643285934,False,False,Normal,100.0,False,No additional data-quality note.,Normal,Normal,Normal,Normal,Normal,Normal,0
315,sensor_149,1251,314,0.0015961691939345571,0.0,0.0015961691939345571,8.557347002398082,8.128521656050957,0.428825346347125,0.020491349851953358,20.927139961267454,2.409220331158248,0.11512420405355445,7.8964,8.0257,0.12930000000000064,0.026496576940568888,0.04072665434531353,0.7913921949983711,0.5668773945617208,False,False,Normal,100.0,False,No additional data-quality note.,Normal,Normal,Normal,Normal,Normal,Normal,0
316,sensor_169,1252,313,0.0007980845969672786,0.0031847133757961785,0.0023866287788289,0.12484265175718849,0.12261341853035143,0.00222923322683706,0.048854338780759135,0.04563019953746718,0.054989282861502634,1.205107218879257,0.119,0.115,0.00399999999999999,0.02638174010456098,0.04792332268370608,0.6029469105312193,0.004639088036985925,False,False,Normal,100.0,False,Current missingness exceeds reference missingness.,Normal,Normal,Normal,Normal,Normal,Normal,0
317,sensor_485,1233,310,0.01596169193934557,0.012738853503184714,0.003222838436160856,215.8445778588808,213.07897516129034,2.7656026975904524,0.013041885355116613,212.05543694688643,217.66891849982758,1.0264717643356023,140.9836,130.9837,9.999899999999997,0.026098424988253866,0.03774952253878555,0.8656876606190745,9.233760889568249,False,False,Normal,100.0,False,No additional data-quality note.,Normal,Normal,Normal,Normal,Normal,Normal,0
318,sensor_156,1243,314,0.007980845969672785,0.0,0.007980845969672785,0.507147224456959,0.5072675159235669,0.00012029146660785806,0.00010394938885585926,1.1572118694671638,0.9742743929424248,0.8419153126998496,0.32,0.33,0.010000000000000009,0.025936351247776955,0.05061465224364725,0.5315151006542639,0.06089822555288001,False,False,Normal,100.0,False,No additional data-quality note.,Normal,Normal,Normal,Normal,Normal,Normal,0
319,sensor_225,1215,301,0.030327214684756583,0.041401273885350316,0.011074059200593733,0.05954296296296296,0.058674086378737535,0.0008688765842254226,0.01178304763670565,0.07373954608472978,0.06003597471166085,0.814162520646344,0.0396,0.0409,0.0012999999999999956,0.02586722571556604,0.04692998646487012,0.6526705350011521,0.0033408703498292937,False,False,Normal,100.0,False,Current missingness exceeds reference missingness.,Normal,Normal,Normal,Normal,Normal,Normal,0
320,sensor_280,1251,314,0.0015961691939345571,0.0,0.0015961691939345571,0.04107937649880096,0.0409671974522293,0.00011217904657166017,0.005447718342654889,0.02059193216604346,0.019066318774463263,0.9259120815240462,0.0372,0.03695,0.0002500000000000002,0.025794919865164145,0.03950724770502079,0.8208820933430101,0.0010347628910191472,False,False,Normal,100.0,False,No additional data-quality note.,Normal,Normal,Normal,Normal,Normal,Normal,0
321,sensor_114,1253,314,0.0,0.0,0.0,0.9454253790901835,0.9454194267515923,5.95233859124189e-06,0.00048362115849784175,0.012307853961001695,0.011426728866026558,0.9284095263262756,0.9463,0.94675,0.00044999999999995044,0.025746704152556858,0.03532413926322048,0.9078377833811722,0.000915823130437747,False,False,Normal,100.0,False,No additional data-quality note.,Normal,Normal,Normal,Normal,Normal,Normal,0
322,sensor_524,1253,314,0.0,0.0,0.0,0.4958997605746209,0.28628439490445856,0.2096153656701623,0.04533436884594456,4.623762743504341,0.7177126443887187,0.1552226366711813,0.0996,0.10075,0.0011500000000000121,0.025594641055519247,0.05505512883728736,0.4218435987451706,0.21518052702352083,False,False,Normal,100.0,False,No additional data-quality note.,Normal,Normal,Normal,Normal,Normal,Normal,0
323,sensor_097,1247,314,0.004788507581803671,0.0,0.004788507581803671,0.02268356054530874,-0.004941719745222929,0.02762528029053167,0.1279037219364123,0.21598496018955302,0.23235154828819457,1.0757765174217588,0.0039,0.0047,0.0008000000000000004,0.025579545638511315,0.06183502827167367,0.2839915054378039,0.028959711563415196,False,False,Normal,100.0,False,No additional data-quality note.,Normal,Normal,Normal,Normal,Normal,Normal,0
324,sensor_001,1248,313,0.0039904229848363925,0.0031847133757961785,0.000805709609040214,3014.2072275641026,3015.432428115016,1.2252005509135415,0.01677686754609145,73.02916039287558,76.05060259868966,1.0413730924682634,3011.4049999999997,3011.77,0.36500000000023647,0.025562247162191958,0.025039424100925745,0.9972648125348518,3.3460541171802283,False,False,Normal,100.0,False,No additional data-quality note.,Normal,Normal,Normal,Normal,Normal,Normal,0
325,sensor_574,1253,314,0.0,0.0,0.0,0.34363719074221866,0.35361433121019104,0.009977140467972379,0.04174248560780392,0.2390164438628234,0.28338816798804706,1.1856429767262773,0.2936,0.2932,0.00040000000000001146,0.025245809704489922,0.044527528835253904,0.6924965381058473,0.015386350614879146,False,False,Normal,100.0,False,No additional data-quality note.,Normal,Normal,Normal,Normal,Normal,Normal,0
326,sensor_057,1250,313,0.0023942537909018356,0.0031847133757961785,0.0007904595848943429,0.92892016,0.9285664536741214,0.00035370632587861106,0.05304326992821939,0.006668260202609358,0.00734113318376157,1.1009068273743892,0.9311,0.9308,0.000300000000000078,0.025201833452288044,0.03265686900958466,0.9490420874966351,0.0003406839271704169,False,False,Normal,100.0,False,Current missingness exceeds reference missingness.,Normal,Normal,Normal,Normal,Normal,Normal,0
327,sensor_049,1252,314,0.0007980845969672786,0.0,0.0007980845969672786,139.9946358626198,139.88289649681528,0.11173936580451027,0.024362686490868778,4.586496068337562,4.272895987271257,0.931625346147964,140.00775,140.02135,0.013600000000025148,0.02516092717400068,0.051453979365499336,0.5091464391647573,0.32711753199646065,False,False,Normal,100.0,False,No additional data-quality note.,Normal,Normal,Normal,Normal,Normal,Normal,0
328,sensor_141,1240,313,0.010375099760574621,0.0031847133757961785,0.007190386384778443,16.45348588709677,64.20658881789137,47.7531029307946,0.11896937275304088,401.389885697065,797.8888956686571,1.9878151495596876,0.23670000000000002,0.2301,0.0066000000000000225,0.025075681001812233,0.03731835514789242,0.8712294559687022,35.58633413774038,False,False,Normal,100.0,False,No additional data-quality note.,Normal,Normal,Normal,Normal,Normal,Normal,0
329,sensor_447,1253,313,0.0,0.0031847133757961785,0.0031847133757961785,1.174937350359138,1.1752667731629394,0.00032942280380132694,0.0018857247243992089,0.17469294406493022,0.1821923094161427,1.0429288394637457,1.1639,1.1473,0.016599999999999948,0.025056847400262077,0.041829322087054976,0.7647951717349707,0.009802074246418596,False,False,Normal,100.0,False,Current missingness exceeds reference missingness.,Normal,Normal,Normal,Normal,Normal,Normal,0
330,sensor_222,1253,314,0.0,0.0,0.0,0.060994812450119715,0.05961114649681529,0.0013836659533044277,0.05985853193315127,0.023115601212032332,0.024052928258047435,1.040549542164934,0.0621,0.0584,0.003700000000000002,0.024578861268071066,0.04504348798552271,0.6786530813620176,0.0019208633057481925,False,False,Normal,100.0,False,No additional data-quality note.,Normal,Normal,Normal,Normal,Normal,Normal,0
331,sensor_455,1252,314,0.0007980845969672786,0.0,0.0007980845969672786,7.926417811501597,7.713580254777069,0.2128375567245282,0.06759601159080039,3.148670338909385,2.6732847450720767,0.8490202076848828,7.44845,7.2315000000000005,0.21694999999999975,0.02425015575289453,0.050904539997151055,0.523135349617723,0.23051130089047903,False,False,Normal,100.0,False,No additional data-quality note.,Normal,Normal,Normal,Normal,Normal,Normal,0
332,sensor_069,1249,312,0.0031923383878691143,0.006369426751592357,0.0031770883637232427,147.3587538831065,147.7531253205128,0.3943714374063063,0.09104774255860118,4.331479576799793,3.842924024235311,0.8872081597287735,147.5655,147.78865000000002,0.22315000000003238,0.024247318367569166,0.04901613598571164,0.575874784607482,0.3905532491450401,False,False,Normal,100.0,False,Current missingness exceeds reference missingness.,Normal,Normal,Normal,Normal,Normal,Normal,0
333,sensor_446,1253,313,0.0,0.0031847133757961785,0.0031847133757961785,0.6471695929768555,0.6467709265175718,0.0003986664592836586,0.0028363688018692235,0.1405552264645308,0.14423640856548525,1.0261902897071096,0.6525,0.6412,0.011299999999999977,0.024228449382460302,0.04102613790799842,0.7850741308552974,0.009975616306997689,False,False,Normal,100.0,False,Current missingness exceeds reference missingness.,Normal,Normal,Normal,Normal,Normal,Normal,0
334,sensor_357,1252,314,0.0007980845969672786,0.0,0.0007980845969672786,1.2988654952076677,1.297684076433121,0.0011814187745466942,0.00301813783334555,0.39143963588870073,0.3689371622833366,0.9425135537072635,1.25785,1.23905,0.018799999999999928,0.02417410012992251,0.04026169593618362,0.8027278298603631,0.02725205155105052,False,False,Normal,100.0,False,No additional data-quality note.,Normal,Normal,Normal,Normal,Normal,Normal,0
335,sensor_587,1252,314,0.0007980845969672786,0.0,0.0007980845969672786,0.021658626198083064,0.020660191082802547,0.0009984351152805167,0.0798226317258628,0.01250817084945873,0.011726275401322104,0.9374892254393487,0.0207,0.0199,0.0007999999999999986,0.024172580737628006,0.06107934311471075,0.2971833315675121,0.001091226912598284,False,False,Normal,100.0,False,No additional data-quality note.,Normal,Normal,Normal,Normal,Normal,Normal,0
336,sensor_344,1249,312,0.0031923383878691143,0.006369426751592357,0.0031770883637232427,6.261819935948759,5.945058653846154,0.3167612821026058,0.05328283441850483,5.944902998489817,1.6863772367472836,0.28366774650077115,6.0013,6.058199999999999,0.05689999999999973,0.024127977251949033,0.036128903122498,0.8950572043006919,0.33591685093501533,False,False,Normal,100.0,False,Current missingness exceeds reference missingness.,Normal,Normal,Normal,Normal,Normal,Normal,0
337,sensor_144,1245,313,0.006384676775738229,0.0031847133757961785,0.00319996339994205,0.004172128514056225,0.004158785942492013,1.3342571564212147e-05,0.010352328167647027,0.0012888474310455296,0.0012553964776961936,0.9740458392951908,0.0039,0.0039,0.0,0.02404978941084654,0.032082322901830995,0.9561385775764257,7.354040727414101e-05,False,False,Normal,100.0,False,No additional data-quality note.,Normal,Normal,Normal,Normal,Normal,Normal,0
338,sensor_064,1248,312,0.0039904229848363925,0.006369426751592357,0.0023790037667559645,14.055719230769233,13.726758012820515,0.32896121794871824,0.04373982277862458,7.520863072849025,5.218068863464569,0.6938125070116294,13.32685,12.99595,0.33089999999999975,0.02403350258459264,0.0608974358974359,0.30374835003989087,0.4609498854209525,False,False,Normal,100.0,False,Current missingness exceeds reference missingness.,Normal,Normal,Normal,Normal,Normal,Normal,0
339,sensor_476,1249,312,0.0031923383878691143,0.006369426751592357,0.0031770883637232427,4.286753402722177,4.165775641025641,0.12097776169653685,0.04235697591043573,2.8561472837991455,1.2057311716328711,0.42215300957065854,4.2736,4.32095,0.04734999999999978,0.02353181990344321,0.03957011763256768,0.8219070013143945,0.15443457711966083,False,False,Normal,100.0,False,Current missingness exceeds reference missingness.,Normal,Normal,Normal,Normal,Normal,Normal,0
340,sensor_307,1253,313,0.0,0.0031847133757961785,0.0031847133757961785,0.048538068635275336,0.04896357827476039,0.0004255096394850527,0.016282031317862374,0.02613369494125975,0.022256390957137735,0.8516358290384516,0.0448,0.0459,0.0011000000000000038,0.02333356091735044,0.06929822101078817,0.17349597882197856,0.0023271369467565664,False,False,Normal,100.0,False,Current missingness exceeds reference missingness.,Normal,Normal,Normal,Normal,Normal,Normal,0
341,sensor_030,1252,313,0.0007980845969672786,0.0031847133757961785,0.0023866287788289,2.3713519169329076,2.3455795527156553,0.025772364217252264,0.06402295236032537,0.4025488245559765,0.4324612679749682,1.0743076158574951,2.3778,2.3667,0.011100000000000332,0.02314251424994032,0.047124600638977665,0.6243332015128595,0.028345880264649043,False,False,Normal,100.0,False,Current missingness exceeds reference missingness.,Normal,Normal,Normal,Normal,Normal,Normal,0
342,sensor_414,1240,313,0.010375099760574621,0.0031847133757961785,0.007190386384778443,24.891035241935484,28.471640255591055,3.580605013655571,0.09217730731303364,38.84475602542669,71.6286455373511,1.8439720792805339,20.329,17.9787,2.3503000000000007,0.023085922783328834,0.05730444192517775,0.37478334866640006,3.615348362175924,False,False,Normal,100.0,False,No additional data-quality note.,Normal,Normal,Normal,Normal,Normal,Normal,0
343,sensor_590,1252,314,0.0007980845969672786,0.0,0.0007980845969672786,98.44380942492013,104.5594729299363,6.1156635050161725,0.06564421253473539,93.16378807621605,96.73794255316518,1.0383642029886673,71.5333,73.7614,2.2280999999999977,0.02279742367538127,0.07681467613601678,0.09855416663380641,7.4816440095751355,False,False,Normal,100.0,False,No additional data-quality note.,Normal,Normal,Normal,Normal,Normal,Normal,0
344,sensor_500,1251,314,0.0015961691939345571,0.0,0.0015961691939345571,260.8856741806554,272.3998385350319,11.514164354376476,0.03583465817638579,321.31363714148785,338.5686110531207,1.0537013432269442,0.0,0.0,0.0,0.022573931775402404,0.0477554262322627,0.6059186932518286,15.492624868712552,False,False,Normal,100.0,False,No additional data-quality note.,Normal,Normal,Normal,Normal,Normal,Normal,0
345,sensor_239,1251,314,0.0015961691939345571,0.0,0.0015961691939345571,0.004795203836930456,0.004776114649681528,1.908918724892808e-05,0.010965074696775406,0.0017409080901693995,0.0015172183853967693,0.8715097562957135,0.0046,0.0047,0.00010000000000000026,0.022550706173372292,0.03689277877061414,0.878284554554339,0.00011108776444111807,False,False,Normal,100.0,False,No additional data-quality note.,Normal,Normal,Normal,Normal,Normal,Normal,0
346,sensor_559,1252,314,0.0007980845969672786,0.0,0.0007980845969672786,0.9960139776357828,0.9910015923566878,0.0050123852790949774,0.05843871858912426,0.08577164934666805,0.07575196386500603,0.8831818490377293,0.9727,0.9723999999999999,0.000300000000000078,0.022534120723057716,0.04112146679961748,0.7814715353942997,0.0064524467410353205,False,False,Normal,100.0,False,No additional data-quality note.,Normal,Normal,Normal,Normal,Normal,Normal,0
347,sensor_437,1252,313,0.0007980845969672786,0.0031847133757961785,0.0023866287788289,7.637904153354632,7.014715015974442,0.6231891373801899,0.017222219943554454,36.18518050650161,27.13206462624772,0.7498115042254034,2.7567500000000003,2.8248,0.06804999999999994,0.02251936526340105,0.03594249201277955,0.8975203995187323,1.3139384001118126,False,False,Normal,100.0,False,Current missingness exceeds reference missingness.,Normal,Normal,Normal,Normal,Normal,Normal,0
348,sensor_544,1251,314,0.0015961691939345571,0.0,0.0015961691939345571,0.00846906474820144,0.008478025477707006,8.960729505565895e-06,0.0059575812517573936,0.001504088509564619,0.0016481942639195125,1.0958093579191075,0.0078,0.0078,0.0,0.022366038437122336,0.023382567831085443,0.9990351211026561,7.756775794813826e-05,False,False,Normal,100.0,False,No additional data-quality note.,Normal,Normal,Normal,Normal,Normal,Normal,0
349,sensor_045,1252,314,0.0007980845969672786,0.0,0.0007980845969672786,10.030337619808307,10.034464012738853,0.004126392930546174,0.023484629920433087,0.1757061084005397,0.17258398153249932,0.9822309713847671,10.03295,10.0364,0.0034500000000008413,0.02233384889128326,0.03771799515679375,0.8610882432214616,0.011216613811008243,False,False,Normal,100.0,False,No additional data-quality note.,Normal,Normal,Normal,Normal,Normal,Normal,0
350,sensor_038,1253,313,0.0,0.0031847133757961785,0.0031847133757961785,66.22249385474859,66.21638849840255,0.00610535634604048,0.020175763849756383,0.30260843611699,0.31064311288879026,1.0265513971616245,66.2322,66.2301,0.0021000000000128694,0.02233331163797562,0.021007728416656213,0.9998732119705084,0.011084523362201146,False,False,Normal,100.0,False,Current missingness exceeds reference missingness.,Normal,Normal,Normal,Normal,Normal,Normal,0
351,sensor_161,1252,313,0.0007980845969672786,0.0031847133757961785,0.0023866287788289,558.5934504792332,542.3578274760383,16.23562300319486,0.028306934099757042,573.5563924365165,580.5325912451679,1.0121630565026325,444.5,420.0,24.5,0.02227792686594434,0.06549520766773159,0.22511666484300577,24.2573564555547,False,False,Normal,100.0,False,Current missingness exceeds reference missingness.,Normal,Normal,Normal,Normal,Normal,Normal,0
352,sensor_352,1233,310,0.01596169193934557,0.012738853503184714,0.003222838436160856,0.026881832927818327,0.030378064516129035,0.003496231588310708,0.1827544761815982,0.019130757622793308,0.03926603854031555,2.0525082861084445,0.025,0.026,0.0009999999999999974,0.022262733326958148,0.049621955367187276,0.5649279693663378,0.002834979323668015,False,False,Normal,100.0,False,No additional data-quality note.,Normal,Normal,Normal,Normal,Normal,Normal,0
353,sensor_498,1215,301,0.030327214684756583,0.041401273885350316,0.011074059200593733,11.799213744855965,11.909092026578074,0.1098782817221089,0.02263269146529307,4.854848213285007,5.35558945035336,1.1031425113761752,10.8995,10.9502,0.050700000000000855,0.022261218336049785,0.03415227704633389,0.9372667475071904,0.2845599493387281,False,False,Normal,100.0,False,Current missingness exceeds reference missingness.,Normal,Normal,Normal,Normal,Normal,Normal,0
354,sensor_341,1249,312,0.0031923383878691143,0.006369426751592357,0.0031770883637232427,18.324883506805445,0.05629583333333333,18.268587673472112,0.06245278228281083,292.51839558956306,0.046283071588886976,0.0001582227726075301,0.0469,0.0444,0.0024999999999999953,0.022239224191424514,0.06045349099792652,0.3119779366680411,15.882647100203215,False,False,Normal,100.0,False,Current missingness exceeds reference missingness.,Normal,Normal,Normal,Normal,Normal,Normal,0
355,sensor_184,1252,314,0.0007980845969672786,0.0,0.0007980845969672786,26.68799392971246,26.5542178343949,0.13377609531755752,0.019274189145284636,6.940686028822405,6.411586625196339,0.9237684284480109,27.187,27.255,0.06799999999999784,0.02218967442456872,0.03515903217272748,0.9107706665162887,0.4424646122599081,False,False,Normal,100.0,False,No additional data-quality note.,Normal,Normal,Normal,Normal,Normal,Normal,0
356,sensor_410,1248,313,0.0039904229848363925,0.0031847133757961785,0.000805709609040214,4.566336939102564,4.636623642172523,0.07028670306995899,0.039644236075251,1.7729362456762634,1.794090383504367,1.0119316968558192,4.4662500000000005,4.5923,0.12604999999999933,0.02212140307952478,0.05000204800524288,0.5484950899457759,0.08648026720414101,False,False,Normal,100.0,False,No additional data-quality note.,Normal,Normal,Normal,Normal,Normal,Normal,0
357,sensor_039,1253,313,0.0,0.0031847133757961785,0.0031847133757961785,86.83888930566641,86.82731821086261,0.011571094803798587,0.025558601161990175,0.45272801631282933,0.4225701032957166,0.9333862453162739,86.8261,86.797,0.02909999999999968,0.02209640601159036,0.059476425906896946,0.3289824835179172,0.031057285764242618,False,False,Normal,100.0,False,Current missingness exceeds reference missingness.,Normal,Normal,Normal,Normal,Normal,Normal,0
358,sensor_196,1250,313,0.0023942537909018356,0.0031847133757961785,0.0007904595848943429,0.29169520000000004,0.26867092651757185,0.023024273482428192,0.05467906535131817,0.4210802312456341,0.2676507669150764,0.6356289064516645,0.259,0.26,0.0010000000000000009,0.0220487478614671,0.0286261980830671,0.9852416799518436,0.032367342818293926,False,False,Normal,100.0,False,Current missingness exceeds reference missingness.,Normal,Normal,Normal,Normal,Normal,Normal,0
359,sensor_256,1253,314,0.0,0.0,0.0,0.40402529928172387,0.40314108280254773,0.0008842164791761364,0.00735132696255403,0.12027984657465679,0.12074034241976327,1.0038285370178008,0.406,0.40045,0.005550000000000055,0.021947359482026977,0.039662771132720986,0.8170541113522127,0.0060364907950994,False,False,Normal,100.0,False,No additional data-quality note.,Normal,Normal,Normal,Normal,Normal,Normal,0
360,sensor_474,1248,312,0.0039904229848363925,0.006369426751592357,0.0023790037667559645,39.6453625,38.55278525641026,1.0925772435897372,0.048313700204430016,22.61423238060238,21.83091376355869,0.9653616977193712,34.4094,33.803799999999995,0.6056000000000026,0.0218782635808879,0.051282051282051294,0.5172222213742833,1.4563860062765448,False,False,Normal,100.0,False,Current missingness exceeds reference missingness.,Normal,Normal,Normal,Normal,Normal,Normal,0
361,sensor_174,1253,313,0.0,0.0031847133757961785,0.0031847133757961785,0.5760824421388667,0.5766303514376997,0.0005479092988329715,0.005676059425109732,0.09652987359665972,0.09262865864709857,0.9595854132590913,0.5767,0.5785,0.0018000000000000238,0.021850714526731804,0.041010839161730706,0.785455587739504,0.0061898292687081495,False,False,Normal,100.0,False,Current missingness exceeds reference missingness.,Normal,Normal,Normal,Normal,Normal,Normal,0
362,sensor_226,1215,301,0.030327214684756583,0.041401273885350316,0.011074059200593733,1040.5558760493827,1043.0777322259137,2.521856176530946,0.0059076343389152085,426.8808852841123,458.41593936738747,1.073873193132756,966.7002,968.6992,1.9990000000000236,0.021786183992787145,0.0400749217286685,0.8258727474650199,21.726054163773384,False,False,Normal,100.0,False,Current missingness exceeds reference missingness.,Normal,Normal,Normal,Normal,Normal,Normal,0
363,sensor_036,1253,313,0.0,0.0031847133757961785,0.0031847133757961785,64.56754094173984,64.50873386581469,0.058807075925145114,0.022358441043131443,2.6301957194466725,2.343012051675823,0.8908128145569084,64.1658,64.1715,0.005699999999990268,0.021595702802046115,0.04972602495225514,0.5551763527563558,0.10671108155202338,False,False,Normal,100.0,False,Current missingness exceeds reference missingness.,Normal,Normal,Normal,Normal,Normal,Normal,0
364,sensor_458,1252,314,0.0007980845969672786,0.0,0.0007980845969672786,5.271776357827475,5.231326433121019,0.04044992470645603,0.008121264155677923,4.980742398112461,1.9498796237200742,0.39148373231649464,4.78035,4.82225,0.04190000000000005,0.02154132548918224,0.05666347856168985,0.3858885898894168,0.2437273682090485,False,False,Normal,100.0,False,No additional data-quality note.,Normal,Normal,Normal,Normal,Normal,Normal,0
365,sensor_501,1251,314,0.0015961691939345571,0.0,0.0015961691939345571,236.13933277378098,260.27245063694266,24.133117863161687,0.07513118144266406,321.21307558006043,329.8538631560478,1.0269004851698003,0.0,0.0,0.0,0.02152848493114711,0.060886322788902714,0.3008268145154222,24.412918626484345,False,False,Normal,100.0,False,No additional data-quality note.,Normal,Normal,Normal,Normal,Normal,Normal,0
366,sensor_497,1215,301,0.030327214684756583,0.041401273885350316,0.011074059200593733,29.903133086419754,29.71558903654485,0.18754404987490503,0.0075830869209778905,24.73188713636952,24.211278652959372,0.9789499086527624,21.6397,22.6181,0.978399999999997,0.02152533973790411,0.04629561270388144,0.6694203885845554,1.2959778720161639,False,False,Normal,100.0,False,Current missingness exceeds reference missingness.,Normal,Normal,Normal,Normal,Normal,Normal,0
367,sensor_435,1252,313,0.0007980845969672786,0.0031847133757961785,0.0023866287788289,14.965989376996808,13.805769968051118,1.1602194089456894,0.032499994059818946,35.69906526168002,26.850656247974943,0.752138915995565,10.25395,10.1115,0.1424500000000002,0.021414536806692613,0.042332268370607024,0.7519566228860755,1.5460549357164863,False,False,Normal,100.0,False,Current missingness exceeds reference missingness.,Normal,Normal,Normal,Normal,Normal,Normal,0
368,sensor_027,1252,313,0.0007980845969672786,0.0031847133757961785,0.0023866287788289,1.938165415335463,1.9397223642172525,0.0015569488817894772,0.00788990991032147,0.19733417738429415,0.15447570574334782,0.7828127280887459,1.9867,1.9845,0.0021999999999999797,0.021401396669729567,0.06469648562300323,0.23729109416522415,0.014130646412177929,False,False,Normal,100.0,False,Current missingness exceeds reference missingness.,Normal,Normal,Normal,Normal,Normal,Normal,0
369,sensor_416,1240,313,0.010375099760574621,0.0031847133757961785,0.007190386384778443,6.5960883064516125,6.767402555910543,0.1713142494589306,0.058805659920749015,2.913227224893092,6.649473228957438,2.2825110146365106,6.1924,6.0076,0.18480000000000008,0.021378408655213323,0.05863650417396682,0.3469999178329456,0.28489295301306894,False,False,Normal,100.0,False,No additional data-quality note.,Normal,Normal,Normal,Normal,Normal,Normal,0
370,sensor_367,1251,314,0.0015961691939345571,0.0,0.0015961691939345571,0.004830135891286971,0.004749681528662421,8.045436262454995e-05,0.03350986887209114,0.0024009154715480476,0.00231003158087541,0.9621461514369608,0.0043,0.0042,0.00010000000000000026,0.02135790527756575,0.03804599632395994,0.854074727559819,0.00012557537517497453,False,False,Normal,100.0,False,No additional data-quality note.,Normal,Normal,Normal,Normal,Normal,Normal,0
371,sensor_060,1248,312,0.0039904229848363925,0.006369426751592357,0.0023790037667559645,3.15614046474359,2.176645512820513,0.9794949519230771,0.09900095066800456,9.893793396063149,7.888084322256452,0.7972760301822361,1.00135,0.6918,0.30955,0.021256514410265503,0.049679487179487114,0.5585565005135955,0.9557007225443619,False,False,Normal,100.0,False,Current missingness exceeds reference missingness.,Normal,Normal,Normal,Normal,Normal,Normal,0
372,sensor_104,1251,314,0.0015961691939345571,0.0,0.0015961691939345571,-0.009787529976019185,-0.009795222929936306,7.692953917120757e-06,0.002559931678607004,0.0030051403251929384,0.0032956757583441176,1.0966794897115248,-0.0101,-0.0102,0.00010000000000000113,0.021187123539528927,0.03792889255474596,0.8566183640786041,0.00018667351034718394,False,False,Normal,100.0,False,No additional data-quality note.,Normal,Normal,Normal,Normal,Normal,Normal,0
373,sensor_473,1248,312,0.0039904229848363925,0.006369426751592357,0.0023790037667559645,137.9579045673077,137.61041025641023,0.3474943108974742,0.007175299706844527,48.42923990561662,44.72685029459957,0.9235505323182316,138.5545,135.4927,3.0617999999999768,0.021013780033177453,0.03766025641025644,0.8645927080119562,3.1855776743209616,False,False,Normal,100.0,False,Current missingness exceeds reference missingness.,Normal,Normal,Normal,Normal,Normal,Normal,0
374,sensor_441,1252,313,0.0007980845969672786,0.0031847133757961785,0.0023866287788289,11.563027635782747,11.380972204472842,0.1820554313099052,0.029665250590704476,6.136992868246721,6.305581628154621,1.0274709069290582,12.11495,12.0037,0.11125000000000007,0.020984668351411943,0.04712460063897761,0.624333201512861,0.29360475746016296,False,False,Normal,100.0,False,Current missingness exceeds reference missingness.,Normal,Normal,Normal,Normal,Normal,Normal,0
375,sensor_521,1253,314,0.0,0.0,0.0,2.801381085395052,2.27547898089172,0.5259021045033321,0.08289048266186122,6.344541467428384,1.2058671469288846,0.19006371904408964,2.2334,2.1391,0.09430000000000005,0.02087583418543317,0.07182507205636407,0.14378163803937208,0.49666306236165597,False,False,Normal,100.0,False,No additional data-quality note.,Normal,Normal,Normal,Normal,Normal,Normal,0
376,sensor_291,1243,314,0.007980845969672785,0.0,0.007980845969672785,0.12505848753016893,0.11696847133757961,0.008090016192589325,0.027904061348527527,0.2899225346283231,0.1774008815444151,0.6118906271699118,0.0821,0.0852,0.0030999999999999917,0.02079678623485527,0.04341253695856029,0.723101934466997,0.017168605492379207,False,False,Normal,100.0,False,No additional data-quality note.,Normal,Normal,Normal,Normal,Normal,Normal,0
377,sensor_025,1252,313,0.0007980845969672786,0.0031847133757961785,0.0023866287788289,-310.9066155750799,-249.36421725239617,61.54239832268374,0.021121976703825786,2913.6666130086523,2862.4445254893753,0.9824200588733846,-96.95835,-46.5,50.458349999999996,0.02047110730358896,0.034345047923322714,0.9249722482152264,169.12674482560624,False,False,Normal,100.0,False,Current missingness exceeds reference missingness.,Normal,Normal,Normal,Normal,Normal,Normal,0
378,sensor_334,1249,312,0.0031923383878691143,0.006369426751592357,0.0031770883637232427,6.245855884707766,6.0958092948717955,0.15004658983597086,0.040102534947264026,3.741573694363371,1.381252266137781,0.36916345339358636,5.9881,5.968999999999999,0.019100000000000783,0.020446922981530963,0.03059370573381781,0.9715110976940845,0.2136331765198601,False,False,Normal,100.0,False,Current missingness exceeds reference missingness.,Normal,Normal,Normal,Normal,Normal,Normal,0
379,sensor_322,1252,314,0.0007980845969672786,0.0,0.0007980845969672786,2.271967731629393,2.2308710191082803,0.0410967125211128,0.017583383517644834,2.3372471219701523,0.7573177193695936,0.324021243731909,2.0789999999999997,2.06805,0.010949999999999793,0.02041033003532052,0.0542266132150343,0.44125069561685737,0.10032656194733199,False,False,Normal,100.0,False,No additional data-quality note.,Normal,Normal,Normal,Normal,Normal,Normal,0
380,sensor_008,1245,313,0.006384676775738229,0.0031847133757961785,0.00319996339994205,0.12197999999999999,0.12119105431309904,0.000788945686900952,0.09884339518882436,0.007981774456389307,0.012092842626740727,1.5150569203393818,0.1224,0.1222,0.00019999999999999185,0.020241971627810437,0.0445795963406341,0.6933698686625324,0.0006650449248046844,False,False,Normal,100.0,False,No additional data-quality note.,Normal,Normal,Normal,Normal,Normal,Normal,0
381,sensor_013,1251,314,0.0015961691939345571,0.0,0.0015961691939345571,199.96661830535572,199.91772929936306,0.048889005992663215,0.01435484443023994,3.4057496220351613,2.586697507067365,0.7595090051046212,199.5251,199.57155,0.046449999999993,0.019985374690429165,0.037345919442789755,0.8689994497360303,0.18396831390950458,False,False,Normal,100.0,False,No additional data-quality note.,Normal,Normal,Normal,Normal,Normal,Normal,0
382,sensor_317,1252,314,0.0007980845969672786,0.0,0.0007980845969672786,5.966023242811502,6.0206525477707,0.05462930495919771,0.053590595109515,1.0193823160119804,1.0160670148821422,0.9967477352924776,5.8239,5.86145,0.03754999999999953,0.0199478357553949,0.06657882419975181,0.20817490738912553,0.06818731233736226,False,False,Normal,100.0,False,No additional data-quality note.,Normal,Normal,Normal,Normal,Normal,Normal,0
383,sensor_303,1252,313,0.0007980845969672786,0.0031847133757961785,0.0023866287788289,0.4022145367412141,0.4078533546325879,0.005638817891373771,0.037449657353397905,0.1505706137218408,0.32346481825782747,2.148259944369927,0.3822,0.379,0.0031999999999999806,0.019857812433567906,0.06629392971246006,0.21342100523139598,0.025443559775992077,False,False,Normal,100.0,False,Current missingness exceeds reference missingness.,Normal,Normal,Normal,Normal,Normal,Normal,0
384,sensor_325,1252,314,0.0007980845969672786,0.0,0.0007980845969672786,13.38389424920128,13.125940445859872,0.25795380334140816,0.03856889271126657,6.6881309057144875,6.325542594700354,0.9457863017148289,12.5,12.54155,0.041550000000000864,0.01931016879260452,0.03731100303209134,0.8696640762049069,0.3487132266400535,False,False,Normal,100.0,False,No additional data-quality note.,Normal,Normal,Normal,Normal,Normal,Normal,0
385,sensor_290,1250,314,0.0023942537909018356,0.0,0.0023942537909018356,2.58089024,2.569462738853503,0.011427501146497043,0.006441134075868936,1.7741442751997714,0.7045149674364595,0.3971012827336886,2.5437,2.5687,0.025000000000000355,0.019247020232741854,0.04697579617834391,0.6269327268494855,0.08038751048345578,False,False,Normal,100.0,False,No additional data-quality note.,Normal,Normal,Normal,Normal,Normal,Normal,0
386,sensor_279,1245,313,0.006384676775738229,0.0031847133757961785,0.00319996339994205,0.001115020080321285,0.0011271565495207668,1.2136469199481833e-05,0.03581991656282636,0.00033881902483483083,0.0003452013966655565,1.018837111740809,0.0011,0.0011,0.0,0.019130381470487987,0.03265714615651105,0.9492028415750688,2.179627074521966e-05,False,False,Normal,100.0,False,No additional data-quality note.,Normal,Normal,Normal,Normal,Normal,Normal,0
387,sensor_137,1248,313,0.0039904229848363925,0.0031847133757961785,0.000805709609040214,137.75969551282049,139.92939297124605,2.16969745842556,0.04033660633622606,53.78978688340888,54.43768283800625,1.012044962289992,133.9,139.0,5.099999999999994,0.01900666143416246,0.04831756369296303,0.5928477499008736,2.746643640637633,False,False,Normal,100.0,False,No additional data-quality note.,Normal,Normal,Normal,Normal,Normal,Normal,0
388,sensor_153,1250,314,0.0023942537909018356,0.0,0.0023942537909018356,1.35105528,0.5823936305732484,0.7686616494267515,0.02941291647376745,26.133472690894124,0.3843541066781037,0.014707349123640466,0.4664,0.47225,0.005850000000000022,0.018588361407134334,0.03167898089171972,0.9600660438202133,0.5030888040192242,False,False,Normal,100.0,False,No additional data-quality note.,Normal,Normal,Normal,Normal,Normal,Normal,0
389,sensor_151,1250,314,0.0023942537909018356,0.0,0.0023942537909018356,6.7801064,6.950261146496816,0.1701547464968156,0.052185057304247176,3.260602848527815,3.1675111154357305,0.9714495332867307,5.9295,6.1745,0.2450000000000001,0.01777133573803711,0.06366878980891721,0.2525232925637394,0.2389257445633823,False,False,Normal,100.0,False,No additional data-quality note.,Normal,Normal,Normal,Normal,Normal,Normal,0
390,sensor_358,1242,313,0.008778930566640064,0.0031847133757961785,0.005594217190843885,0.0009999194847020935,0.0009945686900958467,5.35079460624679e-06,0.01067170569950731,0.0005014001282375904,0.0004998101138572366,0.9968288512690601,0.0009,0.0009,0.0,0.017725948500484822,0.027544977954757077,0.9905219443160589,1.9980190400610746e-05,False,False,Normal,100.0,False,No additional data-quality note.,Normal,Normal,Normal,Normal,Normal,Normal,0
391,sensor_065,1248,312,0.0039904229848363925,0.006369426751592357,0.0023790037667559645,20.490187900641025,20.74979358974359,0.259605689102564,0.052064860277478246,4.986197748711945,4.944893700978624,0.9917163237771726,19.960900000000002,20.28225,0.3213499999999989,0.01766286600242644,0.04326923076923078,0.7293080789533639,0.36547677497317144,False,False,Normal,100.0,False,Current missingness exceeds reference missingness.,Normal,Normal,Normal,Normal,Normal,Normal,0
392,sensor_525,1253,314,0.0,0.0,0.0,5.816166161213088,5.175470063694267,0.6406960975188207,0.0277547770055619,23.08417384835875,2.098084448879051,0.09088843562960004,4.9067,4.8185,0.08819999999999961,0.017577030926456908,0.035362264323585135,0.9071650173462737,0.5503921042163218,False,False,Normal,100.0,False,No additional data-quality note.,Normal,Normal,Normal,Normal,Normal,Normal,0
393,sensor_044,1252,314,0.0007980845969672786,0.0,0.0007980845969672786,355.51835455271566,355.6208378980892,0.10248334537351411,0.01666563897591713,6.149379902061292,6.573484958824704,1.0689671257131552,353.73635,353.61,0.12635000000000218,0.017410096222543442,0.03284426446348265,0.9460322248452221,0.3474668308949593,False,False,Normal,100.0,False,No additional data-quality note.,Normal,Normal,Normal,Normal,Normal,Normal,0
394,sensor_368,1247,314,0.004788507581803671,0.0,0.004788507581803671,0.0037249398556535684,0.003965286624203822,0.00024034676855025318,0.09315373140682089,0.0025801088686465065,0.0031244637235462694,1.2109813510254412,0.0032,0.0033,9.999999999999983e-05,0.017369268319123624,0.041694972392340324,0.7673840622981805,0.0002560454849243642,False,False,Normal,100.0,False,No additional data-quality note.,Normal,Normal,Normal,Normal,Normal,Normal,0
395,sensor_362,1253,314,0.0,0.0,0.0,40.109188188347964,39.24692929936306,0.8622588889849041,0.04717624504225773,18.27739550302367,10.893476562153753,0.5960081435208655,39.8289,39.47625,0.352649999999997,0.017184398238093673,0.0548263784750993,0.4271253056267076,0.9921438121304431,False,False,Normal,100.0,False,No additional data-quality note.,Normal,Normal,Normal,Normal,Normal,Normal,0
396,sensor_443,1253,313,0.0,0.0031847133757961785,0.0031847133757961785,1.3413209896249003,1.3610220447284345,0.01970105510353415,0.029383004948481412,0.6704915013994288,0.6126504130276786,0.9137333012409165,1.2577,1.3151,0.057399999999999896,0.017129096183954497,0.04850722483292494,0.5872967357080653,0.056104247691134576,False,False,Normal,100.0,False,Current missingness exceeds reference missingness.,Normal,Normal,Normal,Normal,Normal,Normal,0
397,sensor_391,1253,314,0.0,0.0,0.0,1.5594061452513968,0.9229315286624206,0.6364746165889762,0.028001038678645562,22.730393107680356,0.3573885923412706,0.01572293935473174,0.8827,0.8662,0.01650000000000007,0.017056217285845797,0.028649712028710694,0.9848662244885119,0.4220399429459403,False,False,Normal,100.0,False,No additional data-quality note.,Normal,Normal,Normal,Normal,Normal,Normal,0
398,sensor_511,1251,314,0.0015961691939345571,0.0,0.0015961691939345571,56.17973709032774,54.10522165605096,2.0745154342767833,0.05316995002741404,39.01668956256642,31.87261475372452,0.8168969513062917,46.9294,47.49465,0.5652499999999989,0.01692851781372055,0.044850743608934485,0.6840211694966264,2.4453636710283893,False,False,Normal,100.0,False,No additional data-quality note.,Normal,Normal,Normal,Normal,Normal,Normal,0
399,sensor_102,1247,314,0.004788507581803671,0.0,0.004788507581803671,-1.2910986367281477e-05,1.5286624203821653e-05,2.8197610571103132e-05,0.1310314042434414,0.00021519734703228234,0.00024065023871253788,1.1182769770690402,0.0,0.0,0.0,0.01692524472819645,0.030059403715413824,0.9753719142886392,2.9333688042396778e-05,False,False,Normal,100.0,False,No additional data-quality note.,Normal,Normal,Normal,Normal,Normal,Normal,0
400,sensor_295,1252,313,0.0007980845969672786,0.0031847133757961785,0.0023866287788289,400.7699375399361,405.9940009584665,5.224063418530363,0.011124222232446333,469.6115655882162,506.4770528280929,1.0785020854281995,278.89054999999996,275.1586,3.7319499999999834,0.01685721565752352,0.03674121405750799,0.8821868428021246,14.056250872043222,False,False,Normal,100.0,False,Current missingness exceeds reference missingness.,Normal,Normal,Normal,Normal,Normal,Normal,0
401,sensor_106,1247,314,0.004788507581803671,0.0,0.004788507581803671,-0.0005304731355252606,-0.0003684713375796179,0.00016200179794564266,0.049642110169216706,0.0032633946742679104,0.0029487084226480663,0.9035708876706925,-0.0003,-0.0001,0.00019999999999999998,0.016633486486793542,0.04297447632279261,0.7342671468633419,0.0002550979908837765,False,False,Normal,100.0,False,No additional data-quality note.,Normal,Normal,Normal,Normal,Normal,Normal,0
402,sensor_471,1249,312,0.0031923383878691143,0.006369426751592357,0.0031770883637232427,5.3911559647718175,5.274059935897436,0.1170960288743812,0.02383366321214268,4.913052090738765,5.262621991812755,1.0711512710669073,4.0746,3.8889500000000004,0.18564999999999987,0.016503331317719677,0.044163535956970715,0.7055830793742118,0.21305365580795774,False,False,Normal,100.0,False,Current missingness exceeds reference missingness.,Normal,Normal,Normal,Normal,Normal,Normal,0
403,sensor_253,1253,314,0.0,0.0,0.0,5.052573982442139,3.019171337579618,2.033402644862521,0.028255229003551298,71.96553404705904,1.1981360718432108,0.016648748428098048,2.8794,2.8396,0.03980000000000006,0.016076124688869785,0.0374743926677884,0.8661871094367236,1.354892394997573,False,False,Normal,100.0,False,No additional data-quality note.,Normal,Normal,Normal,Normal,Normal,Normal,0
404,sensor_468,1250,313,0.0023942537909018356,0.0031847133757961785,0.0007904595848943429,6.34415216,5.884432907348242,0.45971925265175795,0.05009360693667525,9.177204053860647,6.271035405882373,0.6833274458187826,5.6434,5.6546,0.011200000000000543,0.016033083457700138,0.0286261980830671,0.9852416799518436,0.6905688042396787,False,False,Normal,100.0,False,Current missingness exceeds reference missingness.,Normal,Normal,Normal,Normal,Normal,Normal,0
405,sensor_020,1243,314,0.007980845969672785,0.0,0.007980845969672785,12.479705390185035,12.48629331210191,0.006587921916874961,0.028832506667679992,0.22848939194939094,0.17024043039311385,0.7450692959558538,12.4998,12.4993,0.0005000000000006111,0.015819162215785176,0.035961896172707286,0.8967951107759483,0.01712327021716409,False,False,Normal,100.0,False,No additional data-quality note.,Normal,Normal,Normal,Normal,Normal,Normal,0
406,sensor_012,1251,314,0.0015961691939345571,0.0,0.0015961691939345571,0.9641857713828935,0.9650181528662422,0.000832381483348632,0.06330549156098887,0.013148645762377675,0.009152821546610486,0.6961037442197681,0.9658,0.966,0.00019999999999997797,0.015736169746033018,0.04203261594546026,0.7583950408258989,0.0008063790517243995,False,False,Normal,100.0,False,No additional data-quality note.,Normal,Normal,Normal,Normal,Normal,Normal,0
407,sensor_353,1233,310,0.01596169193934557,0.012738853503184714,0.003222838436160856,0.023067721005677208,0.024501290322580645,0.0014335693169034366,0.11545170755592865,0.012417047328719394,0.015731778845495998,1.2669500589814102,0.0219,0.0225,0.0005999999999999998,0.0157331964764586,0.04297674175234811,0.7411627380557513,0.0013566505444383306,False,False,Normal,100.0,False,No additional data-quality note.,Normal,Normal,Normal,Normal,Normal,Normal,0
408,sensor_055,1250,313,0.0023942537909018356,0.0031847133757961785,0.0007904595848943429,4.8389816,4.836690095846645,0.002291504153355106,0.04097416811547587,0.05592558089030755,0.07243699603920012,1.2952390459971808,4.844,4.84,0.004000000000000448,0.015532981144887707,0.039721405750798744,0.8170781763188257,0.004459351243135022,False,False,Normal,100.0,False,Current missingness exceeds reference missingness.,Normal,Normal,Normal,Normal,Normal,Normal,0
409,sensor_101,1247,314,0.004788507581803671,0.0,0.004788507581803671,-2.141138732959102e-05,-2.0700636942675162e-05,7.10750386915858e-07,0.0019765311764400567,0.00035959482723464816,0.0003394952363830007,0.9441048943717654,0.0,0.0,0.0,0.015427777541450301,0.04097477257519955,0.785550260023123,2.216751285820351e-05,False,False,Normal,100.0,False,No additional data-quality note.,Normal,Normal,Normal,Normal,Normal,Normal,0
410,sensor_486,1233,310,0.01596169193934557,0.012738853503184714,0.003222838436160856,201.64865604217357,198.97614193548387,2.672514106689704,0.012252501066758103,218.1198836162865,221.28557233778443,1.014513526547937,111.8012,115.32915,3.527950000000004,0.015203568508649143,0.0450932684509327,0.6853804471522255,7.694875935294654,False,False,Normal,100.0,False,No additional data-quality note.,Normal,Normal,Normal,Normal,Normal,Normal,0
411,sensor_079,1233,310,0.01596169193934557,0.012738853503184714,0.003222838436160856,-0.013656609894566098,-0.013586774193548387,6.983570101771162e-05,0.00146831390449719,0.047561833204614504,0.04916608191548032,1.0337297493131565,-0.0134,-0.010849999999999999,0.002550000000000002,0.01506784998873566,0.06599952907935014,0.22283967961627613,0.003538690492294096,False,False,Normal,100.0,False,No additional data-quality note.,Normal,Normal,Normal,Normal,Normal,Normal,0
412,sensor_162,1252,313,0.0007980845969672786,0.0031847133757961785,0.0023866287788289,4077.944089456869,4022.4760383386583,55.4680511182105,0.012967516033704784,4277.461541133983,4089.1668467091536,0.9559798042333979,2623.0,2577.0,46.0,0.014810079094281246,0.02635782747603832,0.9944499691403866,156.80932283635013,False,False,Normal,100.0,False,Current missingness exceeds reference missingness.,Normal,Normal,Normal,Normal,Normal,Normal,0
413,sensor_434,1252,313,0.0007980845969672786,0.0031847133757961785,0.0023866287788289,204.49496869009585,209.61664728434502,5.121678594249175,0.023181048197719118,220.94249365104722,244.50205696675656,1.1066321056053567,152.0274,142.0619,9.965499999999992,0.014733518814547378,0.03514376996805102,0.9118013787478495,15.130750342083827,False,False,Normal,100.0,False,Current missingness exceeds reference missingness.,Normal,Normal,Normal,Normal,Normal,Normal,0
414,sensor_421,1251,314,0.0015961691939345571,0.0,0.0015961691939345571,1.8547076738609114,1.6880085987261144,0.16669907513479698,0.04906674404435666,3.397394271445848,0.77450431623608,0.22797010130545428,1.6524,1.6334,0.019000000000000128,0.014659321831810774,0.02962470787701052,0.9786021920949267,0.14660907043179297,False,False,Normal,100.0,False,No additional data-quality note.,Normal,Normal,Normal,Normal,Normal,Normal,0
415,sensor_148,1251,314,0.0015961691939345571,0.0,0.0015961691939345571,0.017708952837729816,0.01622388535031847,0.001485067487411347,0.04931945402733619,0.03011119074003175,0.007293874812193505,0.24223136425144953,0.016,0.0158,0.0001999999999999988,0.014634320857247094,0.029637436547577223,0.9785099004407948,0.0013210759307856394,False,False,Normal,100.0,False,No additional data-quality note.,Normal,Normal,Normal,Normal,Normal,Normal,0
416,sensor_026,1252,313,0.0007980845969672786,0.0031847133757961785,0.0023866287788289,1.2046066293929714,1.2007971246006388,0.003809504792332552,0.021310247651708372,0.17876398503642713,0.17311515664335778,0.9684006351060127,1.2834,1.2822,0.0012000000000000899,0.014065270306920032,0.03833865814696491,0.8486444338545593,0.010775430084739392,False,False,Normal,100.0,False,Current missingness exceeds reference missingness.,Normal,Normal,Normal,Normal,Normal,Normal,0
417,sensor_288,1250,314,0.0023942537909018356,0.0,0.0023942537909018356,0.41641888,0.17290509554140127,0.24351378445859873,0.02947430363315466,8.261901196697933,0.11104784899440769,0.013440955822467428,0.13895000000000002,0.13865,0.00030000000000002247,0.013509629115926774,0.03654522292993631,0.8852526292216929,0.15930539768997903,False,False,Normal,100.0,False,No additional data-quality note.,Normal,Normal,Normal,Normal,Normal,Normal,0
418,sensor_428,1250,314,0.0023942537909018356,0.0,0.0023942537909018356,4.060082,4.052206369426752,0.007875630573248138,0.0023537623705134933,3.345975223289003,1.2406190540514823,0.37077951008614685,3.9217,3.9785500000000003,0.05685000000000029,0.013129950094287544,0.044682802547770684,0.6886211791924224,0.15744535511487345,False,False,Normal,100.0,False,No additional data-quality note.,Normal,Normal,Normal,Normal,Normal,Normal,0
419,sensor_126,1244,314,0.007182761372705506,0.0,0.007182761372705506,1.1864578778135049,1.179004458598726,0.0074534192147788225,0.026150750280497844,0.2850174138344809,0.2624776330270492,0.9209178818087187,1.144,1.13,0.014000000000000012,0.013052335978334498,0.030669506625432663,0.9702576793574086,0.016478101023946843,False,False,Normal,100.0,False,No additional data-quality note.,Normal,Normal,Normal,Normal,Normal,Normal,0
420,sensor_324,1252,314,0.0007980845969672786,0.0,0.0007980845969672786,5.399505990415336,5.3691525477707005,0.030353442644635464,0.011106884450415211,2.732849412465145,1.3684005592955557,0.5007230010749846,5.4365,5.5057,0.06920000000000037,0.0127163979356316,0.04329378726521638,0.7254134797745588,0.12703639780921994,False,False,Normal,100.0,False,No additional data-quality note.,Normal,Normal,Normal,Normal,Normal,Normal,0
421,sensor_431,1252,313,0.0007980845969672786,0.0031847133757961785,0.0023866287788289,18.575153833865812,17.807384984025557,0.7677688498402553,0.020506507669362507,37.44025370967143,29.954587194169026,0.8000636808300063,11.20925,10.5534,0.6558500000000009,0.01204559539657762,0.04233226837060705,0.7519566228860748,1.6351663128593963,False,False,Normal,100.0,False,Current missingness exceeds reference missingness.,Normal,Normal,Normal,Normal,Normal,Normal,0
422,sensor_051,1252,314,0.0007980845969672786,0.0,0.0007980845969672786,632.2079031150159,632.4387815286625,0.2308784136465647,0.026812263915555107,8.6109257455362,8.78603373923672,1.020335559598954,631.395,631.3,0.09500000000002728,0.011755559255608838,0.025721902281190853,0.995919956105627,0.4324278312346322,False,False,Normal,100.0,False,No additional data-quality note.,Normal,Normal,Normal,Normal,Normal,Normal,0
423,sensor_063,1249,312,0.0031923383878691143,0.006369426751592357,0.0031770883637232427,116.57060816653322,116.22899262820512,0.34161553832809943,0.03787086594560797,9.020536758223187,6.846648719761402,0.7590067978515742,116.2155,116.13775,0.07775000000000887,0.011524674521918025,0.026264601424729528,0.9948034241684072,0.5090728424620788,False,False,Normal,100.0,False,Current missingness exceeds reference missingness.,Normal,Normal,Normal,Normal,Normal,Normal,0
424,sensor_068,1249,312,0.0031923383878691143,0.006369426751592357,0.0031770883637232427,20.643789911929545,0.9894673076923078,19.654322604237237,0.05718692398387325,343.68560564264254,0.18922567759906325,0.0005505778376875531,0.9786,0.97625,0.0023500000000000743,0.011331615591992677,0.025689782595307013,0.9961383429587277,16.62868929364781,False,False,Normal,100.0,False,Current missingness exceeds reference missingness.,Normal,Normal,Normal,Normal,Normal,Normal,0
425,sensor_283,1251,314,0.0015961691939345571,0.0,0.0015961691939345571,0.005863149480415667,0.005398089171974522,0.0004650603084411448,0.049038373487007424,0.009483599788732006,0.0024406690366896417,0.25735681503447,0.0053,0.0053,0.0,0.011214652295853101,0.026386534084834046,0.9942844082429448,0.00041296226156085957,False,False,Normal,100.0,False,No additional data-quality note.,Normal,Normal,Normal,Normal,Normal,Normal,0
426,sensor_011,1251,314,0.0015961691939345571,0.0,0.0015961691939345571,0.00013125499600319748,0.00020350318471337576,7.224818871017828e-05,0.007764954309374435,0.009304393281870937,0.009307598693502365,1.0003445051745259,0.0004,0.0009,0.0005,0.010934564288465263,0.033797166088785024,0.9327476692187006,0.0004591796501205913,False,False,Normal,100.0,False,No additional data-quality note.,Normal,Normal,Normal,Normal,Normal,Normal,0
427,sensor_369,1247,314,0.004788507581803671,0.0,0.004788507581803671,0.003178508420208501,0.0031442675159235665,3.424090428493431e-05,0.016302220003322713,0.002100382909686861,0.0021346784342526764,1.0163282249192023,0.0028,0.0028,0.0,0.010479593355364933,0.04059168756608217,0.7950441577523031,0.00011820424027631258,False,False,Normal,100.0,False,No additional data-quality note.,Normal,Normal,Normal,Normal,Normal,Normal,0
428,sensor_199,1249,312,0.0031923383878691143,0.006369426751592357,0.0031770883637232427,0.5603851080864692,0.5452435897435897,0.015141518342879579,0.028099753556125918,0.5388487949773721,0.5337903037553359,0.9906124106257884,0.427,0.414,0.013000000000000012,0.010192327776430619,0.040955841596354015,0.7884388414045492,0.02410986912838739,False,False,Normal,100.0,False,Current missingness exceeds reference missingness.,Normal,Normal,Normal,Normal,Normal,Normal,0
429,sensor_229,1251,314,0.0015961691939345571,0.0,0.0015961691939345571,0.017871942446043163,0.017734713375796178,0.00013722907024698444,0.012521055458882031,0.010959864421783915,0.00985753982751936,0.8994216942981917,0.0155,0.01515,0.0003499999999999996,0.009943588544577001,0.03631998859511115,0.8895734708580361,0.0004144804464123797,False,False,Normal,100.0,False,No additional data-quality note.,Normal,Normal,Normal,Normal,Normal,Normal,0
430,sensor_297,1252,313,0.0007980845969672786,0.0031847133757961785,0.0023866287788289,1888.1557876996803,1843.5186942492012,44.63709345047914,0.022503163359973728,1983.59193933929,1943.5426720233709,0.9798097247111928,1207.67965,1157.7727,49.90695000000005,0.009693831120565788,0.030351437699680517,0.9731956354300408,76.88719199620029,False,False,Normal,100.0,False,Current missingness exceeds reference missingness.,Normal,Normal,Normal,Normal,Normal,Normal,0
431,sensor_487,1233,310,0.01596169193934557,0.012738853503184714,0.003222838436160856,300.1781893755069,311.7656025806452,11.587413205138262,0.0406067607773531,285.35674807138787,295.5018963663925,1.0355525087931918,248.9805,263.29449999999997,14.313999999999965,0.009500492630931907,0.03060460978991708,0.9724291211753329,11.99041257183108,False,False,Normal,100.0,False,No additional data-quality note.,Normal,Normal,Normal,Normal,Normal,Normal,0
432,sensor_096,1247,314,0.004788507581803671,0.0,0.004788507581803671,5.902165196471532e-05,6.401273885350318e-05,4.991086888787865e-06,0.047536139521257785,0.00010499562941066956,0.0001021078792578331,0.9724964727670559,0.0,0.0,0.0,0.008820078103300084,0.02204271142461653,0.9996641368008835,6.193631068505964e-06,False,False,Normal,100.0,False,No additional data-quality note.,Normal,Normal,Normal,Normal,Normal,Normal,0
433,sensor_160,1252,313,0.0007980845969672786,0.0031847133757961785,0.0023866287788289,881.3833865814696,887.8690095846646,6.4856230031949735,0.006686468754931454,969.9623584439317,1035.3111783380127,1.0673725318567178,624.5,610.0,14.5,0.00877329344349551,0.03594249201277952,0.8975203995187329,28.77466505544586,False,False,Normal,100.0,False,Current missingness exceeds reference missingness.,Normal,Normal,Normal,Normal,Normal,Normal,0
434,sensor_133,1245,314,0.006384676775738229,0.0,0.006384676775738229,2.318596546184739,2.318338853503185,0.00025769268155428904,0.004862731097421391,0.05299340563802476,0.05400239983980065,1.0190399954414686,2.3124,2.3099999999999996,0.0024000000000001798,0.008415549175411324,0.02538561890875607,0.9966247255182289,0.0017458649841032392,False,False,Normal,100.0,False,No additional data-quality note.,Normal,Normal,Normal,Normal,Normal,Normal,0
435,sensor_546,1251,314,0.0015961691939345571,0.0,0.0015961691939345571,7.611905195843325,7.609402866242038,0.0025023296012864904,0.0019426906427526505,1.2880741514978795,1.421903879694686,1.1038990868974259,7.116,7.116,0.0,0.008190341550979769,0.021669288772803413,0.9997568360060083,0.056723582741901084,False,False,Normal,100.0,False,No additional data-quality note.,Normal,Normal,Normal,Normal,Normal,Normal,0
436,sensor_390,1253,314,0.0,0.0,0.0,0.0014568236233040704,0.0008656050955414014,0.000591218527762669,0.0448891282430229,0.01317063954911091,0.0020958261694067376,0.15912865594656844,0.0003,0.0003,0.0,0.0066198046401017155,0.022890286242953195,0.9993272253673408,0.0006189493798102432,False,False,Normal,100.0,False,No additional data-quality note.,Normal,Normal,Normal,Normal,Normal,Normal,0
437,sensor_061,1249,312,0.0031923383878691143,0.006369426751592357,0.0031770883637232427,355.1282564451561,355.28254326923076,0.15428682407463157,0.025853898071963494,5.967642621827438,6.2716187413973525,1.0509373866421026,353.7773,353.92045,0.14314999999999145,0.006512050175966917,0.03250549157274535,0.9514721245819108,0.27480469353237136,False,False,Normal,100.0,False,Current missingness exceeds reference missingness.,Normal,Normal,Normal,Normal,Normal,Normal,0
438,sensor_023,1252,313,0.0007980845969672786,0.0031847133757961785,0.0023866287788289,2698.335263578275,2703.5511182108626,5.215854632587707,0.017296175353083615,301.5611559267528,270.3028434668152,0.896345030367472,2664.5,2661.5,3.0,0.006338049259894311,0.024760383386581375,0.9976680358755454,11.898025277529786,False,False,Normal,100.0,False,Current missingness exceeds reference missingness.,Normal,Normal,Normal,Normal,Normal,Normal,0
439,sensor_308,1253,313,0.0,0.0031847133757961785,0.0031847133757961785,0.1288708699122107,0.12912140575079872,0.0002505358385880285,0.009176992732642827,0.027300429006210866,0.028170720762414673,1.0318783179563153,0.1295,0.128,0.0015000000000000013,0.0058149857887540984,0.03318298065473535,0.9420286889475176,0.0014099134670205735,False,False,Normal,100.0,False,Current missingness exceeds reference missingness.,Normal,Normal,Normal,Normal,Normal,Normal,0
440,sensor_419,1251,314,0.0015961691939345571,0.0,0.0015961691939345571,320.57627410071944,318.9961286624204,1.5801454382990414,0.005541144923151573,285.1658746005727,298.0674424205548,1.045242327252702,304.4599,295.00235,9.457550000000026,0.00570777559112552,0.03210934437163643,0.9551750357089936,13.374610807454104,False,False,Normal,100.0,False,No additional data-quality note.,Normal,Normal,Normal,Normal,Normal,Normal,0
441,sensor_056,1250,313,0.0023942537909018356,0.0031847133757961785,0.0007904595848943429,2856.3904,2855.300319488818,1.0900805111823502,0.04251191812947437,25.641762572613146,26.197827883147784,1.0216859238502016,2855.0,2853.0,2.0,0.005419140161438561,0.035340575079872205,0.9084818748817305,1.4302400498596617,False,False,Normal,100.0,False,Current missingness exceeds reference missingness.,Normal,Normal,Normal,Normal,Normal,Normal,0
442,sensor_095,1247,314,0.004788507581803671,0.0,0.004788507581803671,-3.30392943063352e-05,-1.3694267515923567e-05,1.9345026790411637e-05,0.11250601206397347,0.00017194660476821112,0.00018202898559412624,1.0586366961970923,0.0,0.0,0.0,0.005140873810204429,0.03326710219175699,0.9405129096583313,1.8498829159489842e-05,False,False,Normal,100.0,False,No additional data-quality note.,Normal,Normal,Normal,Normal,Normal,Normal,0
443,sensor_420,1251,314,0.0015961691939345571,0.0,0.0015961691939345571,307.48220727418067,315.35252165605095,7.870314381870287,0.02423484674857473,324.7519765039631,328.65440574609585,1.0120166450844839,272.4487,272.3932,0.055499999999995,0.0041076692036136776,0.02935740579510915,0.9804783593619546,8.253036309783266,False,False,Normal,100.0,False,No additional data-quality note.,Normal,Normal,Normal,Normal,Normal,Normal,0
444,sensor_201,1248,312,0.0039904229848363925,0.006369426751592357,0.0023790037667559645,17.68349358974359,17.266987179487177,0.4165064102564138,0.044138699864455,9.436308988154574,4.630387317888372,0.4906989929749981,17.244999999999997,17.16,0.0849999999999973,0.003973059192188164,0.034455128205128194,0.924094606889556,0.559172165158141,False,False,Normal,100.0,False,Current missingness exceeds reference missingness.,Normal,Normal,Normal,Normal,Normal,Normal,0
445,sensor_310,1253,313,0.0,0.0031847133757961785,0.0031847133757961785,0.1288706304868316,0.12912396166134188,0.00025333117451029064,0.009278516995927594,0.02730298113604571,0.028172801844014647,1.0318580855194817,0.1295,0.128,0.0015000000000000013,0.0038280114707351168,0.03318298065473535,0.9420286889475176,0.0014093242892542187,False,False,Normal,100.0,False,Current missingness exceeds reference missingness.,Normal,Normal,Normal,Normal,Normal,Normal,0
446,sensor_512,1251,314,0.0015961691939345571,0.0,0.0015961691939345571,275.8077849720224,276.66341019108285,0.855625219060471,0.002602209473518873,328.8072031739398,333.58705285663035,1.0145369372585247,0.0,0.0,0.0,0.0037291995402822485,0.019696344834959967,0.9999693694261615,5.755398403508609,False,False,Normal,100.0,False,No additional data-quality note.,Normal,Normal,Normal,Normal,Normal,Normal,0
447,sensor_115,1253,314,0.0,0.0,0.0,0.0001529928172386273,9.554140127388535e-07,0.00015203740322588844,0.08155114368392574,0.0018643196938494437,1.6929979439493004e-05,0.009081049508486398,0.0,0.0,0.0,0.0,0.015163607342378316,0.9999999923928733,0.00013794269745220686,False,False,Normal,100.0,False,No additional data-quality note.,Normal,Normal,Normal,Normal,Normal,Normal,0
448,sensor_250,1253,314,0.0,0.0,0.0,0.0013294493216280928,1.0828025477707006e-05,0.0013186212961503858,0.07480367642480004,0.01762776054832001,0.00019187310031425415,0.010884712200866625,0.0,0.0,0.0,0.0,0.015163607342378316,0.9999999923928733,0.0011768991213435612,False,False,Normal,100.0,False,No additional data-quality note.,Normal,Normal,Normal,Normal,Normal,Normal,0
449,sensor_388,1253,314,0.0,0.0,0.0,0.0004233838786911412,3.5031847133757964e-06,0.0004198806939777654,0.07529099003004515,0.0055767721185524385,6.207659127814104e-05,0.01113127629361593,0.0,0.0,0.0,0.0,0.015163607342378316,0.9999999923928733,0.00037534631728825766,False,False,Normal,100.0,False,No additional data-quality note.,Normal,Normal,Normal,Normal,Normal,Normal,0
450,sensor_522,1253,314,0.0,0.0,0.0,13.721464405426977,3.1847133757961785,10.536751029630798,0.09430775149057227,111.72730621919379,56.43326479831003,0.5050982316497958,0.0,0.0,0.0,0.0,0.012776978563549424,0.9999999999983284,11.68260866682499,False,False,Normal,100.0,False,No additional data-quality note.,Normal,Normal,Normal,Normal,Normal,Normal,0
