wafer_id,timestamp,target,status,raw_failure_probability,uncalibrated_failure_probability,sigmoid_failure_probability,isotonic_failure_probability,selected_calibration_method,decision
WF-000309,2008-08-19 11:58:00,0,Pass,0.4137380952380952,0.4137380952380952,0.07289779765338511,0.0931174089068826,Isotonic,Engineering Review
WF-000236,2008-08-17 21:26:00,1,Fail,0.3970952380952382,0.3970952380952382,0.06878719731814112,0.0931174089068826,Isotonic,Engineering Review
WF-000183,2008-08-10 07:01:00,1,Fail,0.5459285714285714,0.5459285714285714,0.11436989400745948,0.2222222222222222,Isotonic,Engineering Review
WF-001304,2008-10-05 00:33:00,1,Fail,0.4067619047619047,0.4067619047619047,0.07114789641045823,0.0931174089068826,Isotonic,Engineering Review
WF-001248,2008-10-02 16:32:00,0,Pass,0.35635714285714293,0.35635714285714293,0.05961565659182753,0.02459016393442623,Isotonic,Engineering Review
WF-001179,2008-09-29 14:04:00,0,Pass,0.3629761904761905,0.3629761904761905,0.06102372474898585,0.02459016393442623,Isotonic,Engineering Review
WF-000934,2008-09-20 00:33:00,0,Pass,0.31673809523809526,0.31673809523809526,0.05180514191462231,0.02459016393442623,Isotonic,Engineering Review
WF-000172,2008-08-09 19:03:00,0,Pass,0.5511190476190476,0.5511190476190476,0.11635800164846793,0.2222222222222222,Isotonic,Engineering Review
WF-000433,2008-08-23 04:52:00,0,Pass,0.3759285714285714,0.3759285714285714,0.06386943893328495,0.07751937984496124,Isotonic,Engineering Review
WF-001491,2008-10-13 21:20:00,0,Pass,0.36542857142857144,0.36542857142857144,0.061553271114346164,0.02459016393442623,Isotonic,Engineering Review
WF-000684,2008-09-02 12:30:00,0,Pass,0.3968809523809523,0.3968809523809523,0.06873569738870954,0.09090909090909091,Isotonic,Engineering Review
WF-000597,2008-08-30 20:11:00,0,Pass,0.4108095238095238,0.4108095238095238,0.07215841898795133,0.0931174089068826,Isotonic,Engineering Review
WF-000917,2008-09-19 18:11:00,0,Pass,0.27535714285714286,0.27535714285714286,0.0446858359251292,0.0,Isotonic,Low Risk
WF-000458,2008-08-27 22:58:00,0,Pass,0.525095238095238,0.525095238095238,0.10668542826148339,0.2222222222222222,Isotonic,Engineering Review
WF-000378,2008-08-21 19:12:00,0,Pass,0.47845238095238096,0.47845238095238096,0.09111331313773485,0.12121212121212122,Isotonic,Engineering Review
WF-000704,2008-09-02 20:52:00,0,Pass,0.3702142857142858,0.3702142857142858,0.06259904310819588,0.02459016393442623,Isotonic,Engineering Review
WF-000791,2008-09-11 14:31:00,0,Pass,0.3526190476190477,0.3526190476190477,0.05883395426181928,0.02459016393442623,Isotonic,Engineering Review
WF-000538,2008-08-29 14:18:00,0,Pass,0.43373809523809526,0.43373809523809526,0.07813646274302147,0.0931174089068826,Isotonic,Engineering Review
WF-001509,2008-10-14 20:48:00,0,Pass,0.20264285714285712,0.20264285714285712,0.03437989466778844,0.0,Isotonic,Low Risk
WF-001511,2008-10-14 23:07:00,0,Pass,0.30809523809523803,0.30809523809523803,0.05023467412029194,0.02459016393442623,Isotonic,Engineering Review
WF-001438,2008-10-09 00:23:00,0,Pass,0.2960952380952381,0.2960952380952381,0.04812882573591822,0.0,Isotonic,Low Risk
WF-000362,2008-08-21 13:45:00,0,Pass,0.42730952380952375,0.42730952380952375,0.07641608721739997,0.0931174089068826,Isotonic,Engineering Review
WF-000772,2008-09-09 08:44:00,0,Pass,0.2973333333333334,0.2973333333333334,0.048342158261432504,0.0,Isotonic,Low Risk
WF-000336,2008-08-20 18:35:00,0,Pass,0.417404761904762,0.417404761904762,0.07383336323671512,0.0931174089068826,Isotonic,Engineering Review
WF-000733,2008-09-04 16:56:00,0,Pass,0.2995952380952381,0.2995952380952381,0.04873422001335152,0.02459016393442623,Isotonic,Engineering Review
WF-000757,2008-09-08 04:21:00,0,Pass,0.24152380952380956,0.24152380952380956,0.039567766156044695,0.0,Isotonic,Low Risk
WF-001054,2008-09-24 06:14:00,0,Pass,0.4031428571428573,0.4031428571428573,0.07025545181136514,0.0931174089068826,Isotonic,Engineering Review
WF-001380,2008-10-06 21:46:00,0,Pass,0.39473809523809517,0.39473809523809517,0.06822265894476691,0.07751937984496124,Isotonic,Engineering Review
WF-000331,2008-08-20 16:16:00,0,Pass,0.4738809523809522,0.4738809523809522,0.08970238714186402,0.11290322580645161,Isotonic,Engineering Review
WF-001300,2008-10-04 19:54:00,0,Pass,0.4730476190476191,0.4730476190476191,0.08944731894451304,0.11290322580645161,Isotonic,Engineering Review
WF-000901,2008-09-19 06:01:00,0,Pass,0.2390952380952381,0.2390952380952381,0.03922282519702549,0.0,Isotonic,Low Risk
WF-001539,2008-10-15 19:15:00,0,Pass,0.2537142857142857,0.2537142857142857,0.041343614457814884,0.0,Isotonic,Low Risk
WF-001278,2008-10-03 20:26:00,0,Pass,0.3514523809523809,0.3514523809523809,0.05859195741124603,0.02459016393442623,Isotonic,Engineering Review
WF-000437,2008-08-23 05:58:00,0,Pass,0.5511666666666665,0.5511666666666665,0.11637637932332419,0.2222222222222222,Isotonic,Engineering Review
WF-001567,2008-10-17 06:07:00,0,Pass,0.32399999999999995,0.32399999999999995,0.053160453761425794,0.02459016393442623,Isotonic,Engineering Review
WF-000386,2008-08-21 23:08:00,0,Pass,0.3999761904761903,0.3999761904761903,0.06948306324012497,0.0931174089068826,Isotonic,Engineering Review
WF-000569,2008-08-30 07:50:00,0,Pass,0.32909523809523805,0.32909523809523805,0.054131300710699555,0.02459016393442623,Isotonic,Engineering Review
WF-001501,2008-10-14 13:16:00,0,Pass,0.361547619047619,0.361547619047619,0.060717217511110776,0.02459016393442623,Isotonic,Engineering Review
WF-000007,2008-07-19 19:44:00,0,Pass,0.49166666666666675,0.49166666666666675,0.09530462173435816,0.12121212121212122,Isotonic,Engineering Review
WF-001084,2008-09-25 15:12:00,0,Pass,0.3169285714285714,0.3169285714285714,0.05184027026826962,0.02459016393442623,Isotonic,Engineering Review
WF-000496,2008-08-28 20:39:00,1,Fail,0.37652380952380954,0.37652380952380954,0.06400314493437197,0.07751937984496124,Isotonic,Engineering Review
WF-000135,2008-08-06 12:33:00,0,Pass,0.4379285714285714,0.4379285714285714,0.07927690522161292,0.0931174089068826,Isotonic,Engineering Review
WF-001276,2008-10-03 19:23:00,0,Pass,0.31304761904761913,0.31304761904761913,0.05112895673039536,0.02459016393442623,Isotonic,Engineering Review
WF-000743,2008-09-07 13:02:00,0,Pass,0.3245238095238095,0.3245238095238095,0.053259497604332295,0.02459016393442623,Isotonic,Engineering Review
WF-000355,2008-08-21 12:31:00,0,Pass,0.4948095238095239,0.4948095238095239,0.09632655273203372,0.21739130434782608,Isotonic,Engineering Review
WF-001366,2008-10-06 15:00:00,1,Fail,0.42023809523809524,0.42023809523809524,0.07456385528501103,0.0931174089068826,Isotonic,Engineering Review
WF-000020,2008-07-22 14:00:00,0,Pass,0.550095238095238,0.550095238095238,0.11596349079862946,0.2222222222222222,Isotonic,Engineering Review
WF-000104,2008-08-05 02:36:00,0,Pass,0.3963571428571427,0.3963571428571427,0.06860995897941301,0.09090909090909091,Isotonic,Engineering Review
WF-000593,2008-08-30 17:05:00,0,Pass,0.337,0.337,0.05567061254892519,0.02459016393442623,Isotonic,Engineering Review
WF-000643,2008-09-01 23:45:00,0,Pass,0.394952380952381,0.394952380952381,0.06827380266325361,0.07751937984496124,Isotonic,Engineering Review
WF-000152,2008-08-07 08:55:00,0,Pass,0.42716666666666664,0.42716666666666664,0.07637825411477064,0.0931174089068826,Isotonic,Engineering Review
WF-000468,2008-08-28 06:15:00,0,Pass,0.3808333333333333,0.3808333333333333,0.06497898013535265,0.07751937984496124,Isotonic,Engineering Review
WF-000399,2008-08-22 02:52:00,0,Pass,0.34759523809523807,0.34759523809523807,0.057798515415882,0.02459016393442623,Isotonic,Engineering Review
WF-000156,2008-08-08 04:55:00,0,Pass,0.5274999999999999,0.5274999999999999,0.10754866632583149,0.2222222222222222,Isotonic,Engineering Review
WF-001505,2008-10-14 17:36:00,0,Pass,0.22935714285714287,0.22935714285714287,0.03786843944300922,0.0,Isotonic,Low Risk
WF-000215,2008-08-16 06:52:00,0,Pass,0.4959285714285714,0.4959285714285714,0.09669277934176597,0.21739130434782608,Isotonic,Engineering Review
WF-001359,2008-10-06 10:07:00,0,Pass,0.34347619047619055,0.34347619047619055,0.05696234022391694,0.02459016393442623,Isotonic,Engineering Review
WF-001195,2008-09-30 13:29:00,0,Pass,0.29516666666666663,0.29516666666666663,0.04796941323035573,0.0,Isotonic,Low Risk
WF-000892,2008-09-18 23:00:00,0,Pass,0.3177380952380952,0.3177380952380952,0.051989817128160774,0.02459016393442623,Isotonic,Engineering Review
WF-000983,2008-09-21 10:07:00,0,Pass,0.2640714285714285,0.2640714285714285,0.04291208445366094,0.0,Isotonic,Low Risk
WF-001536,2008-10-15 16:24:00,0,Pass,0.33102380952380955,0.33102380952380955,0.054503113667927455,0.02459016393442623,Isotonic,Engineering Review
WF-000686,2008-09-02 13:05:00,0,Pass,0.3479761904761905,0.3479761904761905,0.057876429009992236,0.02459016393442623,Isotonic,Engineering Review
WF-000288,2008-08-19 05:40:00,0,Pass,0.43980952380952376,0.43980952380952376,0.07979373918177976,0.0931174089068826,Isotonic,Engineering Review
WF-000385,2008-08-21 22:41:00,0,Pass,0.4756428571428572,0.4756428571428572,0.09024383379356479,0.11290322580645161,Isotonic,Engineering Review
WF-000971,2008-09-21 01:06:00,0,Pass,0.45804761904761904,0.45804761904761904,0.08496672915435355,0.11290322580645161,Isotonic,Engineering Review
WF-001166,2008-09-28 23:54:00,0,Pass,0.3859285714285714,0.3859285714285714,0.06615058449460742,0.07751937984496124,Isotonic,Engineering Review
WF-001388,2008-10-07 07:41:00,0,Pass,0.2600238095238095,0.2600238095238095,0.042292465123064706,0.0,Isotonic,Low Risk
WF-000797,2008-09-11 23:10:00,0,Pass,0.3868571428571429,0.3868571428571429,0.06636620499819935,0.07751937984496124,Isotonic,Engineering Review
WF-001047,2008-09-24 02:19:00,0,Pass,0.3307380952380953,0.3307380952380953,0.054447878792242964,0.02459016393442623,Isotonic,Engineering Review
WF-000447,2008-08-24 10:09:00,0,Pass,0.47392857142857153,0.47392857142857153,0.08971698225393053,0.11290322580645161,Isotonic,Engineering Review
WF-001116,2008-09-26 20:31:00,0,Pass,0.40092857142857147,0.40092857142857147,0.0697145306230262,0.0931174089068826,Isotonic,Engineering Review
WF-000205,2008-08-15 09:38:00,0,Pass,0.39916666666666667,0.39916666666666667,0.0692868753044989,0.0931174089068826,Isotonic,Engineering Review
WF-000576,2008-08-30 09:37:00,0,Pass,0.3336428571428572,0.3336428571428572,0.05501189927618232,0.02459016393442623,Isotonic,Engineering Review
WF-000705,2008-09-02 20:58:00,0,Pass,0.35040476190476194,0.35040476190476194,0.05837544983155554,0.02459016393442623,Isotonic,Engineering Review
WF-000186,2008-08-10 12:22:00,0,Pass,0.31847619047619047,0.31847619047619047,0.052126523964624534,0.02459016393442623,Isotonic,Engineering Review
WF-000671,2008-09-02 09:36:00,0,Pass,0.43371428571428566,0.43371428571428566,0.07813002605887436,0.0931174089068826,Isotonic,Engineering Review
WF-000660,2008-09-02 04:19:00,0,Pass,0.33526190476190476,0.33526190476190476,0.0553286551559354,0.02459016393442623,Isotonic,Engineering Review
WF-000401,2008-08-22 03:58:00,0,Pass,0.36235714285714293,0.36235714285714293,0.060890727718367926,0.02459016393442623,Isotonic,Engineering Review
WF-000837,2008-09-14 16:34:00,0,Pass,0.37950000000000006,0.37950000000000006,0.06467559440708456,0.07751937984496124,Isotonic,Engineering Review
WF-000159,2008-08-08 12:37:00,1,Fail,0.33164285714285713,0.33164285714285713,0.05462297042426197,0.02459016393442623,Isotonic,Engineering Review
WF-000979,2008-09-21 08:22:00,0,Pass,0.3388571428571429,0.3388571428571429,0.05603818899910161,0.02459016393442623,Isotonic,Engineering Review
WF-001045,2008-09-23 21:26:00,0,Pass,0.3303571428571429,0.3303571428571429,0.05437431434900953,0.02459016393442623,Isotonic,Engineering Review
WF-000883,2008-09-18 05:58:00,0,Pass,0.2610000000000001,0.2610000000000001,0.04244111562471629,0.0,Isotonic,Low Risk
WF-000652,2008-09-02 01:50:00,0,Pass,0.33007142857142857,0.33007142857142857,0.05431920250298779,0.02459016393442623,Isotonic,Engineering Review
WF-001090,2008-09-25 19:49:00,0,Pass,0.35109523809523807,0.35109523809523807,0.05851806354282503,0.02459016393442623,Isotonic,Engineering Review
WF-001013,2008-09-22 14:24:00,0,Pass,0.31090476190476196,0.31090476190476196,0.05074017356270116,0.02459016393442623,Isotonic,Engineering Review
WF-000825,2008-09-13 10:55:00,0,Pass,0.36157142857142854,0.36157142857142854,0.060722314145235934,0.02459016393442623,Isotonic,Engineering Review
WF-000573,2008-08-30 08:42:00,0,Pass,0.40950000000000014,0.40950000000000014,0.07183004514439308,0.0931174089068826,Isotonic,Engineering Review
WF-000107,2008-08-05 03:36:00,0,Pass,0.4145714285714285,0.4145714285714285,0.07310946235453812,0.0931174089068826,Isotonic,Engineering Review
WF-001506,2008-10-14 19:15:00,0,Pass,0.3288095238095238,0.3288095238095238,0.05407642108910385,0.02459016393442623,Isotonic,Engineering Review
WF-001191,2008-09-30 04:01:00,0,Pass,0.47302380952380946,0.47302380952380946,0.0894400409008217,0.11290322580645161,Isotonic,Engineering Review
WF-000678,2008-09-02 11:22:00,0,Pass,0.31026190476190485,0.31026190476190485,0.05062408530834392,0.02459016393442623,Isotonic,Engineering Review
WF-000180,2008-08-10 00:46:00,0,Pass,0.43616666666666665,0.43616666666666665,0.07879555913817016,0.0931174089068826,Isotonic,Engineering Review
WF-001235,2008-10-02 07:58:00,0,Pass,0.39533333333333326,0.39533333333333326,0.0683648125683194,0.07751937984496124,Isotonic,Engineering Review
WF-000057,2008-07-30 12:02:00,0,Pass,0.37997619047619036,0.37997619047619036,0.0647837947884642,0.07751937984496124,Isotonic,Engineering Review
WF-000911,2008-09-19 11:54:00,0,Pass,0.3464047619047618,0.3464047619047618,0.057555669561238254,0.02459016393442623,Isotonic,Engineering Review
WF-001133,2008-09-27 14:46:00,0,Pass,0.4763571428571429,0.4763571428571429,0.0904641766960712,0.11290322580645161,Isotonic,Engineering Review
WF-000728,2008-09-04 14:09:00,0,Pass,0.36214285714285716,0.36214285714285716,0.060844753472217496,0.02459016393442623,Isotonic,Engineering Review
WF-000565,2008-08-30 05:05:00,0,Pass,0.32666666666666655,0.32666666666666655,0.05366649309264373,0.02459016393442623,Isotonic,Engineering Review
WF-001231,2008-10-02 04:23:00,0,Pass,0.3948095238095237,0.3948095238095237,0.06823970290453268,0.07751937984496124,Isotonic,Engineering Review
WF-000244,2008-08-18 01:23:00,1,Fail,0.595952380952381,0.595952380952381,0.13480686445088647,0.4,Isotonic,Engineering Review
WF-000752,2008-09-08 00:32:00,0,Pass,0.441,0.441,0.08012243762129596,0.0931174089068826,Isotonic,Engineering Review
WF-001555,2008-10-16 04:47:00,0,Pass,0.2918333333333334,0.2918333333333334,0.04740128449029364,0.0,Isotonic,Low Risk
WF-000962,2008-09-20 17:26:00,0,Pass,0.27319047619047626,0.27319047619047626,0.0443399696359794,0.0,Isotonic,Low Risk
WF-000050,2008-07-29 17:05:00,1,Fail,0.4598095238095237,0.4598095238095237,0.08548227547436764,0.11290322580645161,Isotonic,Engineering Review
WF-000094,2008-08-04 18:24:00,0,Pass,0.4640476190476191,0.4640476190476191,0.08673400417533383,0.11290322580645161,Isotonic,Engineering Review
WF-000765,2008-09-08 19:33:00,0,Pass,0.35085714285714276,0.35085714285714276,0.05846884952853344,0.02459016393442623,Isotonic,Engineering Review
WF-000662,2008-09-02 05:46:00,0,Pass,0.41149999999999987,0.41149999999999987,0.07233211849227285,0.0931174089068826,Isotonic,Engineering Review
WF-001372,2008-10-06 17:26:00,0,Pass,0.3088095238095238,0.3088095238095238,0.05036273693909576,0.02459016393442623,Isotonic,Engineering Review
WF-000060,2008-07-31 13:57:00,0,Pass,0.48038095238095246,0.48038095238095246,0.0917145147930574,0.12121212121212122,Isotonic,Engineering Review
WF-001450,2008-10-10 15:33:00,0,Pass,0.34752380952380946,0.34752380952380946,0.05778391758176625,0.02459016393442623,Isotonic,Engineering Review
WF-001105,2008-09-26 14:51:00,0,Pass,0.3907380952380954,0.3907380952380954,0.06727447189234362,0.07751937984496124,Isotonic,Engineering Review
WF-001110,2008-09-26 17:59:00,0,Pass,0.42150000000000004,0.42150000000000004,0.07489133471691467,0.0931174089068826,Isotonic,Engineering Review
WF-000334,2008-08-20 17:36:00,0,Pass,0.3867380952380952,0.3867380952380952,0.06633852490211345,0.07751937984496124,Isotonic,Engineering Review
WF-000695,2008-09-02 16:50:00,0,Pass,0.3369047619047619,0.3369047619047619,0.05565182376351092,0.02459016393442623,Isotonic,Engineering Review
WF-000633,2008-09-01 11:40:00,0,Pass,0.34576190476190466,0.34576190476190466,0.05742493145752321,0.02459016393442623,Isotonic,Engineering Review
WF-001018,2008-09-22 21:31:00,0,Pass,0.3526190476190477,0.3526190476190477,0.05883395426181928,0.02459016393442623,Isotonic,Engineering Review
WF-000194,2008-08-11 11:35:00,0,Pass,0.5007619047619045,0.5007619047619045,0.09828888211602625,0.21739130434782608,Isotonic,Engineering Review
WF-000624,2008-09-01 05:32:00,0,Pass,0.28576190476190466,0.28576190476190466,0.04638287214564634,0.0,Isotonic,Low Risk
WF-001327,2008-10-05 16:15:00,0,Pass,0.5482857142857142,0.5482857142857142,0.11526905782503591,0.2222222222222222,Isotonic,Engineering Review
WF-000424,2008-08-22 15:54:00,0,Pass,0.4994999999999997,0.4994999999999997,0.09786991536234271,0.21739130434782608,Isotonic,Engineering Review
WF-000092,2008-08-04 17:11:00,0,Pass,0.40240476190476193,0.40240476190476193,0.07007471502599481,0.0931174089068826,Isotonic,Engineering Review
WF-000729,2008-09-04 14:11:00,0,Pass,0.3323809523809524,0.3323809523809524,0.054766201129001976,0.02459016393442623,Isotonic,Engineering Review
WF-000782,2008-09-11 06:04:00,0,Pass,0.35521428571428576,0.35521428571428576,0.059375638005379226,0.02459016393442623,Isotonic,Engineering Review
WF-001036,2008-09-23 13:37:00,0,Pass,0.3044761904761905,0.3044761904761905,0.04959054950438632,0.02459016393442623,Isotonic,Engineering Review
WF-000160,2008-08-08 20:21:00,0,Pass,0.6266666666666665,0.6266666666666665,0.1488269479964604,0.4,Isotonic,Engineering Review
WF-000929,2008-09-19 21:14:00,0,Pass,0.2940238095238095,0.2940238095238095,0.04777390150603253,0.0,Isotonic,Low Risk
WF-001385,2008-10-07 03:29:00,0,Pass,0.30576190476190473,0.30576190476190473,0.04981848173183332,0.02459016393442623,Isotonic,Engineering Review
WF-001029,2008-09-23 09:43:00,0,Pass,0.36885714285714294,0.36885714285714294,0.06230080806939092,0.02459016393442623,Isotonic,Engineering Review
WF-000991,2008-09-21 15:26:00,0,Pass,0.3475238095238095,0.3475238095238095,0.05778391758176627,0.02459016393442623,Isotonic,Engineering Review
WF-000413,2008-08-22 10:01:00,0,Pass,0.45411904761904753,0.45411904761904753,0.08382734421560356,0.0931174089068826,Isotonic,Engineering Review
WF-001119,2008-09-27 01:29:00,0,Pass,0.37411904761904763,0.37411904761904763,0.06346456934996346,0.07751937984496124,Isotonic,Engineering Review
WF-001265,2008-10-03 03:56:00,0,Pass,0.3465952380952381,0.3465952380952381,0.057594460417244815,0.02459016393442623,Isotonic,Engineering Review
WF-000809,2008-09-12 14:52:00,0,Pass,0.3998333333333335,0.3998333333333335,0.06944840452748852,0.0931174089068826,Isotonic,Engineering Review
WF-000074,2008-08-03 14:06:00,0,Pass,0.49083333333333345,0.49083333333333345,0.09503528670415749,0.12121212121212122,Isotonic,Engineering Review
WF-000857,2008-09-15 22:54:00,0,Pass,0.3527142857142857,0.3527142857142857,0.058853750421788545,0.02459016393442623,Isotonic,Engineering Review
WF-001198,2008-09-30 15:16:00,0,Pass,0.27435714285714285,0.27435714285714285,0.04452588692269863,0.0,Isotonic,Low Risk
WF-000163,2008-08-08 22:06:00,0,Pass,0.4641190476190476,0.4641190476190476,0.08675524220592812,0.11290322580645161,Isotonic,Engineering Review
WF-000829,2008-09-13 14:07:00,0,Pass,0.354452380952381,0.354452380952381,0.0592161288897747,0.02459016393442623,Isotonic,Engineering Review
WF-001318,2008-10-05 10:43:00,0,Pass,0.3261904761904762,0.3261904761904762,0.053575796870794515,0.02459016393442623,Isotonic,Engineering Review
WF-000696,2008-09-02 16:54:00,0,Pass,0.426738095238095,0.426738095238095,0.07626485787790092,0.0931174089068826,Isotonic,Engineering Review
WF-000434,2008-08-23 05:57:00,0,Pass,0.3748095238095239,0.3748095238095239,0.06361877599330332,0.07751937984496124,Isotonic,Engineering Review
WF-000511,2008-08-29 05:16:00,0,Pass,0.37478571428571433,0.37478571428571433,0.0636134527139593,0.07751937984496124,Isotonic,Engineering Review
WF-001212,2008-10-01 05:56:00,1,Fail,0.37938095238095243,0.37938095238095243,0.06464857060740015,0.07751937984496124,Isotonic,Engineering Review
WF-000361,2008-08-21 13:29:00,0,Pass,0.5291190476190475,0.5291190476190475,0.10813331137530009,0.2222222222222222,Isotonic,Engineering Review
WF-001170,2008-09-29 04:18:00,0,Pass,0.32450000000000007,0.32450000000000007,0.0532549918358662,0.02459016393442623,Isotonic,Engineering Review
WF-001073,2008-09-25 07:12:00,0,Pass,0.2717619047619047,0.2717619047619047,0.04411332394852639,0.0,Isotonic,Low Risk
WF-001063,2008-09-24 15:05:00,1,Fail,0.32442857142857146,0.32442857142857146,0.05324147668886067,0.02459016393442623,Isotonic,Engineering Review
WF-001486,2008-10-13 19:36:00,0,Pass,0.33521428571428574,0.33521428571428574,0.05531931434625561,0.02459016393442623,Isotonic,Engineering Review
WF-001527,2008-10-15 07:55:00,0,Pass,0.34059523809523806,0.34059523809523806,0.05638426990728829,0.02459016393442623,Isotonic,Engineering Review
WF-000552,2008-08-30 00:01:00,0,Pass,0.3535,0.3535,0.059017307154455356,0.02459016393442623,Isotonic,Engineering Review
WF-000161,2008-08-08 21:22:00,0,Pass,0.4929761904761905,0.4929761904761905,0.09572924230960798,0.12121212121212122,Isotonic,Engineering Review
WF-001360,2008-10-06 11:51:00,0,Pass,0.4097857142857143,0.4097857142857143,0.0719015725526755,0.0931174089068826,Isotonic,Engineering Review
WF-000862,2008-09-16 08:52:00,0,Pass,0.3174761904761905,0.3174761904761905,0.05194138975508287,0.02459016393442623,Isotonic,Engineering Review
WF-000187,2008-08-10 15:59:00,1,Fail,0.5750714285714285,0.5750714285714285,0.12592484826050435,0.3333333333333333,Isotonic,Engineering Review
WF-001140,2008-09-27 20:46:00,0,Pass,0.36347619047619056,0.36347619047619056,0.06113134366223096,0.02459016393442623,Isotonic,Engineering Review
WF-000989,2008-09-21 14:33:00,0,Pass,0.3067857142857143,0.3067857142857143,0.05000069294456088,0.02459016393442623,Isotonic,Engineering Review
WF-000226,2008-08-17 01:53:00,0,Pass,0.4319047619047618,0.4319047619047618,0.07764225592481507,0.0931174089068826,Isotonic,Engineering Review
WF-000689,2008-09-02 13:40:00,0,Pass,0.25,0.25,0.040794605811459196,0.0,Isotonic,Low Risk
WF-000392,2008-08-22 00:47:00,0,Pass,0.4435714285714284,0.4435714285714284,0.08083664809723545,0.0931174089068826,Isotonic,Engineering Review
WF-000039,2008-07-28 06:45:00,1,Fail,0.5259761904761906,0.5259761904761906,0.1070009535639786,0.2222222222222222,Isotonic,Engineering Review
WF-000210,2008-08-15 20:00:00,0,Pass,0.6010714285714286,0.6010714285714286,0.13706352493498558,0.4,Isotonic,Engineering Review
WF-001144,2008-09-28 03:55:00,0,Pass,0.2881904761904762,0.2881904761904762,0.04678771496007809,0.0,Isotonic,Low Risk
WF-001301,2008-10-04 20:39:00,0,Pass,0.2807380952380951,0.2807380952380951,0.04555595739182818,0.0,Isotonic,Low Risk
WF-001406,2008-10-07 17:28:00,0,Pass,0.3763809523809524,0.3763809523809524,0.0639710317319654,0.07751937984496124,Isotonic,Engineering Review
WF-000242,2008-08-18 00:02:00,1,Fail,0.6524523809523811,0.6524523809523811,0.16150791072152754,1.0,Isotonic,High Risk
WF-000427,2008-08-22 23:47:00,0,Pass,0.32033333333333325,0.32033333333333325,0.05247200011542578,0.02459016393442623,Isotonic,Engineering Review
WF-001259,2008-10-02 23:32:00,0,Pass,0.3400714285714285,0.3400714285714285,0.05627976053020949,0.02459016393442623,Isotonic,Engineering Review
WF-001379,2008-10-06 20:47:00,0,Pass,0.36957142857142855,0.36957142857142855,0.062457608161513516,0.02459016393442623,Isotonic,Engineering Review
WF-000365,2008-08-21 15:06:00,0,Pass,0.5181190476190476,0.5181190476190476,0.1042156318959148,0.2222222222222222,Isotonic,Engineering Review
WF-000872,2008-09-17 04:23:00,1,Fail,0.41264285714285726,0.41264285714285726,0.07262046844588463,0.0931174089068826,Isotonic,Engineering Review
WF-001375,2008-10-06 18:55:00,0,Pass,0.39538095238095233,0.39538095238095233,0.06837619670749875,0.07751937984496124,Isotonic,Engineering Review
WF-001332,2008-10-05 19:45:00,0,Pass,0.4023571428571428,0.4023571428571428,0.07006306936325957,0.0931174089068826,Isotonic,Engineering Review
WF-000508,2008-08-29 03:46:00,0,Pass,0.3059285714285714,0.3059285714285714,0.04984810108683108,0.02459016393442623,Isotonic,Engineering Review
WF-000134,2008-08-06 09:57:00,0,Pass,0.37052380952380953,0.37052380952380953,0.06266724796707575,0.02459016393442623,Isotonic,Engineering Review
WF-001075,2008-09-25 08:45:00,0,Pass,0.36290476190476184,0.36290476190476184,0.061008365086815224,0.02459016393442623,Isotonic,Engineering Review
WF-000129,2008-08-06 00:04:00,0,Pass,0.4628809523809523,0.4628809523809523,0.08638778185174184,0.11290322580645161,Isotonic,Engineering Review
WF-000712,2008-09-03 04:18:00,0,Pass,0.29421428571428576,0.29421428571428576,0.04780643415109127,0.0,Isotonic,Low Risk
WF-000871,2008-09-17 02:01:00,0,Pass,0.3855,0.3855,0.06605128702914632,0.07751937984496124,Isotonic,Engineering Review
WF-000151,2008-08-07 08:45:00,0,Pass,0.3973333333333334,0.3973333333333334,0.06884446137289524,0.0931174089068826,Isotonic,Engineering Review
WF-000827,2008-09-13 11:56:00,1,Fail,0.346857142857143,0.346857142857143,0.05764783792458918,0.02459016393442623,Isotonic,Engineering Review
WF-001114,2008-09-26 19:55:00,0,Pass,0.3526190476190476,0.3526190476190476,0.058833954261819234,0.02459016393442623,Isotonic,Engineering Review
WF-000604,2008-08-31 09:11:00,0,Pass,0.43873809523809526,0.43873809523809526,0.07949896403189322,0.0931174089068826,Isotonic,Engineering Review
WF-000088,2008-08-04 14:31:00,0,Pass,0.44678571428571434,0.44678571428571434,0.08173757461016341,0.0931174089068826,Isotonic,Engineering Review
WF-001543,2008-10-15 22:54:00,0,Pass,0.37552380952380954,0.37552380952380954,0.06377866756137283,0.07751937984496124,Isotonic,Engineering Review
WF-000987,2008-09-21 14:30:00,0,Pass,0.3103333333333334,0.3103333333333334,0.05063697157641413,0.02459016393442623,Isotonic,Engineering Review
WF-000089,2008-08-04 15:29:00,0,Pass,0.40685714285714286,0.40685714285714286,0.071171522583822,0.0931174089068826,Isotonic,Engineering Review
WF-000132,2008-08-06 05:40:00,1,Fail,0.5290714285714286,0.5290714285714286,0.10811607614021201,0.2222222222222222,Isotonic,Engineering Review
WF-000061,2008-07-31 15:36:00,0,Pass,0.6163333333333333,0.6163333333333333,0.14398055540091775,0.4,Isotonic,Engineering Review
WF-000371,2008-08-21 17:25:00,0,Pass,0.35907142857142854,0.35907142857142854,0.06018934724628996,0.02459016393442623,Isotonic,Engineering Review
WF-001146,2008-09-28 05:31:00,0,Pass,0.34647619047619044,0.34647619047619044,0.05757021325670639,0.02459016393442623,Isotonic,Engineering Review
WF-000994,2008-09-21 17:26:00,0,Pass,0.3666904761904761,0.3666904761904761,0.06182742650811834,0.02459016393442623,Isotonic,Engineering Review
WF-001083,2008-09-25 14:28:00,0,Pass,0.445,0.445,0.08123593636661851,0.0931174089068826,Isotonic,Engineering Review
WF-001180,2008-09-29 14:08:00,0,Pass,0.288,0.288,0.046755841520567464,0.0,Isotonic,Low Risk
WF-000491,2008-08-28 18:15:00,0,Pass,0.3720238095238095,0.3720238095238095,0.0629987625284415,0.02459016393442623,Isotonic,Engineering Review
WF-000390,2008-08-22 00:43:00,0,Pass,0.4812380952380951,0.4812380952380951,0.09198285859760641,0.12121212121212122,Isotonic,Engineering Review
WF-000067,2008-08-01 10:26:00,0,Pass,0.4217619047619048,0.4217619047619048,0.07495946758592546,0.0931174089068826,Isotonic,Engineering Review
WF-000195,2008-08-11 12:38:00,0,Pass,0.45697619047619054,0.45697619047619054,0.08465460191370533,0.0931174089068826,Isotonic,Engineering Review
WF-000423,2008-08-22 15:39:00,0,Pass,0.3667380952380953,0.3667380952380953,0.061837794295826226,0.02459016393442623,Isotonic,Engineering Review
WF-001348,2008-10-06 06:11:00,0,Pass,0.37507142857142867,0.37507142857142867,0.06367735947486176,0.07751937984496124,Isotonic,Engineering Review
WF-001416,2008-10-08 07:10:00,0,Pass,0.3636190476190477,0.3636190476190477,0.061162124498560996,0.02459016393442623,Isotonic,Engineering Review
WF-000943,2008-09-20 08:14:00,0,Pass,0.34907142857142853,0.34907142857142853,0.058100980025799,0.02459016393442623,Isotonic,Engineering Review
WF-000958,2008-09-20 15:37:00,0,Pass,0.3646190476190475,0.3646190476190475,0.06137799635843097,0.02459016393442623,Isotonic,Engineering Review
WF-001339,2008-10-06 01:30:00,0,Pass,0.28671428571428564,0.28671428571428564,0.04654123530607742,0.0,Isotonic,Low Risk
WF-000439,2008-08-23 12:58:00,0,Pass,0.29447619047619045,0.29447619047619045,0.04785120089620213,0.0,Isotonic,Low Risk
WF-000165,2008-08-09 02:15:00,0,Pass,0.41152380952380946,0.41152380952380946,0.07233811500127382,0.0931174089068826,Isotonic,Engineering Review
WF-001039,2008-09-23 15:58:00,0,Pass,0.31840476190476197,0.31840476190476197,0.05211327943826287,0.02459016393442623,Isotonic,Engineering Review
WF-001282,2008-10-03 21:52:00,0,Pass,0.37197619047619046,0.37197619047619046,0.0629882131603572,0.02459016393442623,Isotonic,Engineering Review
WF-000083,2008-08-04 00:39:00,1,Fail,0.5003095238095239,0.5003095238095239,0.09813850304850114,0.21739130434782608,Isotonic,Engineering Review
WF-000419,2008-08-22 12:42:00,0,Pass,0.3020238095238095,0.3020238095238095,0.049158528093313614,0.02459016393442623,Isotonic,Engineering Review
WF-001400,2008-10-07 12:40:00,0,Pass,0.28671428571428575,0.28671428571428575,0.04654123530607744,0.0,Isotonic,Low Risk
WF-000645,2008-09-02 00:26:00,0,Pass,0.35454761904761894,0.35454761904761894,0.059236045548519196,0.02459016393442623,Isotonic,Engineering Review
WF-000683,2008-09-02 12:26:00,0,Pass,0.34426190476190477,0.34426190476190477,0.05712095967857013,0.02459016393442623,Isotonic,Engineering Review
WF-000136,2008-08-06 13:35:00,0,Pass,0.3754285714285714,0.3754285714285714,0.06375732706904852,0.07751937984496124,Isotonic,Engineering Review
WF-000486,2008-08-28 17:21:00,0,Pass,0.40161904761904754,0.40161904761904754,0.0698827902948054,0.0931174089068826,Isotonic,Engineering Review
WF-000455,2008-08-27 14:18:00,0,Pass,0.3027619047619048,0.3027619047619048,0.04928817714315722,0.02459016393442623,Isotonic,Engineering Review
WF-001197,2008-09-30 14:36:00,0,Pass,0.4327142857142858,0.4327142857142858,0.07786012319281979,0.0931174089068826,Isotonic,Engineering Review
WF-000998,2008-09-21 20:35:00,0,Pass,0.28180952380952384,0.28180952380952384,0.045731127561881024,0.0,Isotonic,Low Risk
WF-001496,2008-10-14 00:35:00,0,Pass,0.25347619047619047,0.25347619047619047,0.04130821051735604,0.0,Isotonic,Low Risk
WF-000952,2008-09-20 14:06:00,0,Pass,0.3860476190476191,0.3860476190476191,0.06617819172994584,0.07751937984496124,Isotonic,Engineering Review
WF-001150,2008-09-28 08:40:00,0,Pass,0.41216666666666657,0.41216666666666657,0.07250019409695711,0.0931174089068826,Isotonic,Engineering Review
WF-001042,2008-09-23 18:56:00,0,Pass,0.42464285714285716,0.42464285714285716,0.0757126967934147,0.0931174089068826,Isotonic,Engineering Review
WF-000031,2008-07-27 20:24:00,0,Pass,0.44459523809523815,0.44459523809523815,0.0811226225113163,0.0931174089068826,Isotonic,Engineering Review
WF-000248,2008-08-18 05:03:00,0,Pass,0.4432142857142856,0.4432142857142856,0.08073710608142355,0.0931174089068826,Isotonic,Engineering Review
WF-000935,2008-09-20 03:58:00,0,Pass,0.323404761904762,0.323404761904762,0.05304811496822212,0.02459016393442623,Isotonic,Engineering Review
WF-000200,2008-08-12 12:04:00,0,Pass,0.5282142857142857,0.5282142857142857,0.10780625450166921,0.2222222222222222,Isotonic,Engineering Review
WF-000295,2008-08-19 07:58:00,1,Fail,0.465904761904762,0.465904761904762,0.08728772459923743,0.11290322580645161,Isotonic,Engineering Review
WF-000500,2008-08-28 23:40:00,0,Pass,0.4852380952380952,0.4852380952380952,0.0932444789582262,0.12121212121212122,Isotonic,Engineering Review
WF-001515,2008-10-15 01:52:00,0,Pass,0.23683333333333334,0.23683333333333334,0.03890415224796447,0.0,Isotonic,Low Risk
WF-000730,2008-09-04 14:48:00,0,Pass,0.2957380952380952,0.2957380952380952,0.048067453796846744,0.0,Isotonic,Low Risk
WF-001390,2008-10-07 08:26:00,0,Pass,0.31771428571428567,0.31771428571428567,0.051985412876856575,0.02459016393442623,Isotonic,Engineering Review
WF-000116,2008-08-05 07:12:00,1,Fail,0.5516904761904761,0.5516904761904761,0.11657870013278987,0.2222222222222222,Isotonic,Engineering Review
WF-000084,2008-08-04 03:45:00,0,Pass,0.4253809523809523,0.4253809523809523,0.07590678809318961,0.0931174089068826,Isotonic,Engineering Review
WF-000260,2008-08-18 12:00:00,0,Pass,0.37221428571428583,0.37221428571428583,0.06304097648310727,0.02459016393442623,Isotonic,Engineering Review
WF-000920,2008-09-19 19:29:00,0,Pass,0.3055476190476192,0.3055476190476192,0.04978042420832003,0.02459016393442623,Isotonic,Engineering Review
WF-000693,2008-09-02 15:29:00,0,Pass,0.35016666666666674,0.35016666666666674,0.05832634832576948,0.02459016393442623,Isotonic,Engineering Review
WF-000310,2008-08-19 12:30:00,0,Pass,0.34528571428571436,0.34528571428571436,0.05732826827034289,0.02459016393442623,Isotonic,Engineering Review
WF-000563,2008-08-30 04:24:00,0,Pass,0.3082142857142857,0.3082142857142857,0.0502559964850688,0.02459016393442623,Isotonic,Engineering Review
WF-000469,2008-08-28 06:39:00,0,Pass,0.31459523809523804,0.31459523809523804,0.05141149563951297,0.02459016393442623,Isotonic,Engineering Review
WF-000852,2008-09-15 16:59:00,0,Pass,0.26957142857142863,0.26957142857142863,0.0437679456363076,0.0,Isotonic,Low Risk
WF-000201,2008-08-13 02:48:00,0,Pass,0.5289761904761906,0.5289761904761906,0.10808161291222321,0.2222222222222222,Isotonic,Engineering Review
WF-000750,2008-09-07 20:50:00,0,Pass,0.2666190476190476,0.2666190476190476,0.0433065166655149,0.0,Isotonic,Low Risk
WF-001229,2008-10-02 03:27:00,0,Pass,0.3840476190476191,0.3840476190476191,0.06571580818151902,0.07751937984496124,Isotonic,Engineering Review
WF-000655,2008-09-02 02:50:00,0,Pass,0.29364285714285715,0.29364285714285715,0.04770889928998186,0.0,Isotonic,Low Risk
WF-000416,2008-08-22 11:32:00,0,Pass,0.44488095238095243,0.44488095238095243,0.08120259379281582,0.0931174089068826,Isotonic,Engineering Review
WF-001046,2008-09-23 22:25:00,0,Pass,0.25407142857142867,0.25407142857142867,0.041396774813786896,0.0,Isotonic,Low Risk
WF-000889,2008-09-18 18:56:00,0,Pass,0.2712857142857143,0.2712857142857143,0.04403802124927467,0.0,Isotonic,Low Risk
WF-000860,2008-09-16 07:48:00,0,Pass,0.2811190476190476,0.2811190476190476,0.04561816679395493,0.0,Isotonic,Low Risk
WF-001058,2008-09-24 10:59:00,0,Pass,0.24502380952380953,0.24502380952380953,0.040070007274194075,0.0,Isotonic,Low Risk
WF-000036,2008-07-28 03:48:00,0,Pass,0.48047619047619045,0.48047619047619045,0.09174429598028681,0.12121212121212122,Isotonic,Engineering Review
WF-001169,2008-09-29 03:50:00,0,Pass,0.34338095238095245,0.34338095238095245,0.05694314176973196,0.02459016393442623,Isotonic,Engineering Review
WF-001233,2008-10-02 06:49:00,0,Pass,0.40302380952380956,0.40302380952380956,0.07022627159742954,0.0931174089068826,Isotonic,Engineering Review
WF-001456,2008-10-11 02:55:00,0,Pass,0.30766666666666664,0.30766666666666664,0.050157984530431646,0.02459016393442623,Isotonic,Engineering Review
WF-001349,2008-10-06 06:26:00,0,Pass,0.3103571428571429,0.3103571428571429,0.050641267689110814,0.02459016393442623,Isotonic,Engineering Review
WF-000124,2008-08-05 21:07:00,0,Pass,0.471642857142857,0.471642857142857,0.08901882712142,0.11290322580645161,Isotonic,Engineering Review
WF-000213,2008-08-16 02:21:00,0,Pass,0.5511428571428572,0.5511428571428572,0.11636719017087874,0.2222222222222222,Isotonic,Engineering Review
WF-001329,2008-10-05 16:49:00,1,Fail,0.5053333333333334,0.5053333333333334,0.09982005497194947,0.2222222222222222,Isotonic,Engineering Review
WF-000111,2008-08-05 05:11:00,0,Pass,0.46883333333333316,0.46883333333333316,0.08816739622242675,0.11290322580645161,Isotonic,Engineering Review
WF-001344,2008-10-06 03:57:00,1,Fail,0.3982380952380953,0.3982380952380953,0.06906246761383943,0.0931174089068826,Isotonic,Engineering Review
WF-001178,2008-09-29 14:03:00,0,Pass,0.4007619047619047,0.4007619047619047,0.06967397240381769,0.0931174089068826,Isotonic,Engineering Review
WF-000261,2008-08-18 12:06:00,0,Pass,0.32769047619047614,0.32769047619047614,0.053861980610972124,0.02459016393442623,Isotonic,Engineering Review
WF-000625,2008-09-01 06:12:00,0,Pass,0.2656904761904762,0.2656904761904762,0.043162352365330774,0.0,Isotonic,Low Risk
WF-000614,2008-08-31 21:46:00,0,Pass,0.2942619047619047,0.2942619047619047,0.04781457059950926,0.0,Isotonic,Low Risk
WF-000143,2008-08-06 20:17:00,0,Pass,0.40478571428571414,0.40478571428571414,0.07065928490158549,0.0931174089068826,Isotonic,Engineering Review
WF-000076,2008-08-03 15:03:00,0,Pass,0.383452380952381,0.383452380952381,0.06557877500977267,0.07751937984496124,Isotonic,Engineering Review
WF-000514,2008-08-29 05:57:00,0,Pass,0.3577857142857142,0.3577857142857142,0.059916957752368036,0.02459016393442623,Isotonic,Engineering Review
WF-000373,2008-08-21 18:04:00,0,Pass,0.4039999999999999,0.4039999999999999,0.07046588043744922,0.0931174089068826,Isotonic,Engineering Review
WF-001201,2008-09-30 16:50:00,0,Pass,0.3519285714285713,0.3519285714285713,0.0586906186884121,0.02459016393442623,Isotonic,Engineering Review
WF-000351,2008-08-21 05:15:00,0,Pass,0.4475952380952381,0.4475952380952381,0.08196591229494263,0.0931174089068826,Isotonic,Engineering Review
WF-001193,2008-09-30 08:44:00,0,Pass,0.42854761904761907,0.42854761904761907,0.07674469480470619,0.0931174089068826,Isotonic,Engineering Review
WF-000539,2008-08-29 14:30:00,0,Pass,0.5084285714285712,0.5084285714285712,0.1008687941685808,0.2222222222222222,Isotonic,Engineering Review
WF-000692,2008-09-02 14:34:00,0,Pass,0.350452380952381,0.350452380952381,0.05838527478439787,0.02459016393442623,Isotonic,Engineering Review
WF-001252,2008-10-02 19:21:00,0,Pass,0.32559523809523805,0.32559523809523805,0.053462629932517124,0.02459016393442623,Isotonic,Engineering Review
WF-001309,2008-10-05 04:48:00,0,Pass,0.3078095238095238,0.3078095238095238,0.05018353539751446,0.02459016393442623,Isotonic,Engineering Review
WF-001535,2008-10-15 15:11:00,0,Pass,0.2631666666666667,0.2631666666666667,0.04277283316255263,0.0,Isotonic,Low Risk
WF-000404,2008-08-22 05:21:00,0,Pass,0.38897619047619053,0.38897619047619053,0.06686070903239753,0.07751937984496124,Isotonic,Engineering Review
WF-001533,2008-10-15 13:16:00,0,Pass,0.30983333333333324,0.30983333333333324,0.050546832871723624,0.02459016393442623,Isotonic,Engineering Review
WF-000839,2008-09-14 18:27:00,0,Pass,0.3805,0.3805,0.06490300978465052,0.07751937984496124,Isotonic,Engineering Review
WF-000880,2008-09-18 03:58:00,0,Pass,0.3563571428571427,0.3563571428571427,0.05961565659182747,0.02459016393442623,Isotonic,Engineering Review
WF-001070,2008-09-25 01:05:00,0,Pass,0.2938809523809524,0.2938809523809524,0.04774951582299446,0.0,Isotonic,Low Risk
WF-000158,2008-08-08 08:44:00,1,Fail,0.4178095238095238,0.4178095238095238,0.07393731457165406,0.0931174089068826,Isotonic,Engineering Review
WF-000561,2008-08-30 03:10:00,0,Pass,0.24592857142857144,0.24592857142857144,0.04020082878848898,0.0,Isotonic,Low Risk
WF-001268,2008-10-03 05:45:00,0,Pass,0.4914761904761903,0.4914761904761903,0.095242999299053,0.12121212121212122,Isotonic,Engineering Review
WF-000280,2008-08-18 23:03:00,0,Pass,0.47414285714285737,0.47414285714285737,0.08978268675192153,0.11290322580645161,Isotonic,Engineering Review
WF-001424,2008-10-08 13:38:00,0,Pass,0.3154047619047619,0.3154047619047619,0.051559872848448186,0.02459016393442623,Isotonic,Engineering Review
WF-000816,2008-09-12 21:12:00,0,Pass,0.3811666666666665,0.3811666666666665,0.06505503322442518,0.07751937984496124,Isotonic,Engineering Review
WF-001010,2008-09-22 12:11:00,0,Pass,0.283404761904762,0.283404761904762,0.04599312508385369,0.0,Isotonic,Low Risk
WF-001208,2008-09-30 23:58:00,0,Pass,0.3435714285714287,0.3435714285714287,0.056981544759786,0.02459016393442623,Isotonic,Engineering Review
WF-000798,2008-09-11 23:48:00,1,Fail,0.2979285714285715,0.2979285714285715,0.04844504119096767,0.02459016393442623,Isotonic,Engineering Review
WF-000287,2008-08-19 05:11:00,0,Pass,0.37235714285714283,0.37235714285714283,0.06307265426164665,0.02459016393442623,Isotonic,Engineering Review
WF-000956,2008-09-20 15:02:00,0,Pass,0.31816666666666665,0.31816666666666665,0.05206915398180228,0.02459016393442623,Isotonic,Engineering Review
WF-000098,2008-08-04 21:43:00,0,Pass,0.40528571428571436,0.40528571428571436,0.07078261571992762,0.0931174089068826,Isotonic,Engineering Review
WF-001064,2008-09-24 15:39:00,0,Pass,0.34364285714285714,0.34364285714285714,0.0569959521537932,0.02459016393442623,Isotonic,Engineering Review
WF-000788,2008-09-11 13:36:00,0,Pass,0.3199285714285715,0.3199285714285715,0.0523965201780009,0.02459016393442623,Isotonic,Engineering Review
WF-000316,2008-08-19 19:38:00,0,Pass,0.47985714285714276,0.47985714285714276,0.09155087357140386,0.12121212121212122,Isotonic,Engineering Review
WF-000481,2008-08-28 14:48:00,0,Pass,0.3367380952380952,0.3367380952380952,0.055618957747637705,0.02459016393442623,Isotonic,Engineering Review
WF-000262,2008-08-18 12:22:00,0,Pass,0.5317380952380953,0.5317380952380953,0.10908497386390321,0.2222222222222222,Isotonic,Engineering Review
WF-000558,2008-08-30 02:32:00,0,Pass,0.3811904761904762,0.3811904761904762,0.06506046875593727,0.07751937984496124,Isotonic,Engineering Review
WF-001027,2008-09-23 07:58:00,0,Pass,0.3528333333333334,0.3528333333333334,0.058878504402923096,0.02459016393442623,Isotonic,Engineering Review
WF-001343,2008-10-06 03:50:00,1,Fail,0.3375,0.3375,0.05576935164382414,0.02459016393442623,Isotonic,Engineering Review
WF-000352,2008-08-21 06:10:00,1,Fail,0.49373809523809514,0.49373809523809514,0.09597707200218217,0.21739130434782608,Isotonic,Engineering Review
WF-001528,2008-10-15 08:21:00,0,Pass,0.3257857142857142,0.3257857142857142,0.053498818792445314,0.02459016393442623,Isotonic,Engineering Review
WF-000601,2008-08-31 02:57:00,0,Pass,0.3222380952380952,0.3222380952380952,0.052828580704523724,0.02459016393442623,Isotonic,Engineering Review
WF-000044,2008-07-29 05:16:00,0,Pass,0.5229761904761905,0.5229761904761905,0.10592981596906012,0.2222222222222222,Isotonic,Engineering Review
WF-001435,2008-10-08 22:08:00,0,Pass,0.2982142857142858,0.2982142857142858,0.048494498780515406,0.02459016393442623,Isotonic,Engineering Review
WF-000112,2008-08-05 06:10:00,0,Pass,0.3958095238095237,0.3958095238095237,0.06847873303123576,0.09090909090909091,Isotonic,Engineering Review
WF-001118,2008-09-27 00:17:00,0,Pass,0.3628333333333333,0.3628333333333333,0.0609930090395442,0.02459016393442623,Isotonic,Engineering Review
WF-000266,2008-08-18 14:04:00,0,Pass,0.39790476190476187,0.39790476190476187,0.06898207526539327,0.0931174089068826,Isotonic,Engineering Review
WF-000006,2008-07-19 17:53:00,0,Pass,0.476452380952381,0.476452380952381,0.0904935923290611,0.11290322580645161,Isotonic,Engineering Review
WF-000294,2008-08-19 07:43:00,0,Pass,0.44540476190476186,0.44540476190476186,0.08134939448852738,0.0931174089068826,Isotonic,Engineering Review
WF-000133,2008-08-06 09:56:00,0,Pass,0.4750714285714286,0.4750714285714286,0.09006790767854267,0.11290322580645161,Isotonic,Engineering Review
WF-000023,2008-07-23 19:22:00,0,Pass,0.43311904761904757,0.43311904761904757,0.07796926660266619,0.0931174089068826,Isotonic,Engineering Review
WF-001136,2008-09-27 16:13:00,0,Pass,0.3585714285714286,0.3585714285714286,0.06008328054809985,0.02459016393442623,Isotonic,Engineering Review
WF-000760,2008-09-08 07:41:00,0,Pass,0.3277380952380953,0.3277380952380953,0.05387108937864996,0.02459016393442623,Isotonic,Engineering Review
WF-001444,2008-10-09 15:55:00,1,Fail,0.4000952380952381,0.4000952380952381,0.06951195772606311,0.0931174089068826,Isotonic,Engineering Review
WF-001211,2008-10-01 02:53:00,0,Pass,0.42290476190476195,0.42290476190476195,0.07525744169703313,0.0931174089068826,Isotonic,Engineering Review
WF-000661,2008-09-02 04:22:00,0,Pass,0.3825,0.3825,0.06536007447736152,0.07751937984496124,Isotonic,Engineering Review
WF-000919,2008-09-19 19:18:00,0,Pass,0.2881190476190476,0.2881190476190476,0.046775759999701974,0.0,Isotonic,Low Risk
WF-001547,2008-10-16 02:16:00,0,Pass,0.2567380952380952,0.2567380952380952,0.041795777632335614,0.0,Isotonic,Low Risk
WF-000363,2008-08-21 14:47:00,0,Pass,0.47209523809523807,0.47209523809523807,0.08915661344457489,0.11290322580645161,Isotonic,Engineering Review
WF-000703,2008-09-02 20:18:00,0,Pass,0.3514523809523809,0.3514523809523809,0.05859195741124603,0.02459016393442623,Isotonic,Engineering Review
WF-000884,2008-09-18 08:04:00,0,Pass,0.3374523809523809,0.3374523809523809,0.05575994082548925,0.02459016393442623,Isotonic,Engineering Review
WF-001085,2008-09-25 15:40:00,0,Pass,0.4015000000000001,0.4015000000000001,0.06985375323459281,0.0931174089068826,Isotonic,Engineering Review
WF-000285,2008-08-19 05:09:00,0,Pass,0.46542857142857136,0.46542857142857136,0.0871454409803634,0.11290322580645161,Isotonic,Engineering Review
WF-000664,2008-09-02 06:19:00,0,Pass,0.23747619047619042,0.23747619047619042,0.0389944689006164,0.0,Isotonic,Low Risk
WF-000414,2008-08-22 10:18:00,0,Pass,0.29611904761904767,0.29611904761904767,0.04813291984269145,0.0,Isotonic,Low Risk
WF-000876,2008-09-18 00:57:00,0,Pass,0.2929285714285714,0.2929285714285714,0.047587246514363205,0.0,Isotonic,Low Risk
WF-000224,2008-08-16 23:48:00,0,Pass,0.5156904761904763,0.5156904761904763,0.10336776481927001,0.2222222222222222,Isotonic,Engineering Review
WF-000489,2008-08-28 18:05:00,0,Pass,0.30023809523809525,0.30023809523809525,0.04884619751094076,0.02459016393442623,Isotonic,Engineering Review
WF-000688,2008-09-02 13:27:00,0,Pass,0.31911904761904764,0.31911904761904764,0.052245867923881334,0.02459016393442623,Isotonic,Engineering Review
WF-000081,2008-08-03 20:23:00,0,Pass,0.4744761904761904,0.4744761904761904,0.08988497996007801,0.11290322580645161,Isotonic,Engineering Review
WF-001122,2008-09-27 10:13:00,0,Pass,0.3352380952380952,0.3352380952380952,0.05532398456550471,0.02459016393442623,Isotonic,Engineering Review
WF-001311,2008-10-05 05:53:00,0,Pass,0.27395238095238106,0.27395238095238106,0.044461300961801536,0.0,Isotonic,Low Risk
WF-000815,2008-09-12 20:28:00,0,Pass,0.2978333333333333,0.2978333333333333,0.04842856596855556,0.0,Isotonic,Low Risk
WF-001203,2008-09-30 19:17:00,0,Pass,0.3313571428571428,0.3313571428571428,0.05456762109280267,0.02459016393442623,Isotonic,Engineering Review
WF-001407,2008-10-07 18:39:00,0,Pass,0.3382142857142857,0.3382142857142857,0.05591069337101082,0.02459016393442623,Isotonic,Engineering Review
WF-001171,2008-09-29 04:47:00,0,Pass,0.4152142857142859,0.4152142857142859,0.07327313320301237,0.0931174089068826,Isotonic,Engineering Review
WF-000452,2008-08-27 11:38:00,0,Pass,0.35611904761904756,0.35611904761904756,0.05956557789716679,0.02459016393442623,Isotonic,Engineering Review
WF-000198,2008-08-12 10:54:00,0,Pass,0.41838095238095224,0.41838095238095224,0.07408429866978931,0.0931174089068826,Isotonic,Engineering Review
WF-000422,2008-08-22 15:25:00,0,Pass,0.4541666666666666,0.4541666666666666,0.08384107146482608,0.0931174089068826,Isotonic,Engineering Review
WF-001026,2008-09-23 06:52:00,0,Pass,0.37297619047619035,0.37297619047619035,0.06321009626288764,0.07751937984496124,Isotonic,Engineering Review
WF-000428,2008-08-22 23:49:00,0,Pass,0.3928095238095238,0.3928095238095238,0.06776396090640137,0.07751937984496124,Isotonic,Engineering Review
WF-000480,2008-08-28 12:44:00,0,Pass,0.3959285714285714,0.3959285714285714,0.06850724061567671,0.09090909090909091,Isotonic,Engineering Review
WF-000323,2008-08-20 03:00:00,0,Pass,0.42954761904761896,0.42954761904761896,0.07701105394412004,0.0931174089068826,Isotonic,Engineering Review
WF-001022,2008-09-22 23:10:00,0,Pass,0.3233095238095238,0.3233095238095238,0.05303016157002768,0.02459016393442623,Isotonic,Engineering Review
WF-000804,2008-09-12 07:21:00,0,Pass,0.28557142857142864,0.28557142857142864,0.04635126108849766,0.0,Isotonic,Low Risk
WF-000096,2008-08-04 20:32:00,0,Pass,0.5445476190476191,0.5445476190476191,0.11384595332308767,0.2222222222222222,Isotonic,Engineering Review
WF-001210,2008-10-01 01:11:00,0,Pass,0.3896190476190477,0.3896190476190477,0.06701140211045742,0.07751937984496124,Isotonic,Engineering Review
WF-001459,2008-10-11 07:39:00,0,Pass,0.486,0.486,0.09348654097888234,0.12121212121212122,Isotonic,Engineering Review
WF-000162,2008-08-08 21:53:00,0,Pass,0.6117619047619047,0.6117619047619047,0.14187875490064733,0.4,Isotonic,Engineering Review
WF-000333,2008-08-20 17:35:00,0,Pass,0.3880952380952381,0.3880952380952381,0.06665471461948702,0.07751937984496124,Isotonic,Engineering Review
WF-000596,2008-08-30 19:27:00,0,Pass,0.3469285714285714,0.3469285714285714,0.057662403485036776,0.02459016393442623,Isotonic,Engineering Review
WF-000222,2008-08-16 15:16:00,0,Pass,0.4866428571428572,0.4866428571428572,0.09369121902792366,0.12121212121212122,Isotonic,Engineering Review
WF-000369,2008-08-21 16:19:00,1,Fail,0.4783809523809523,0.4783809523809523,0.0910911146486333,0.12121212121212122,Isotonic,Engineering Review
WF-000144,2008-08-06 21:15:00,0,Pass,0.5192857142857144,0.5192857142857144,0.10462512182701925,0.2222222222222222,Isotonic,Engineering Review
WF-000218,2008-08-16 08:41:00,0,Pass,0.380952380952381,0.380952380952381,0.06500613245092503,0.07751937984496124,Isotonic,Engineering Review
WF-000485,2008-08-28 16:52:00,0,Pass,0.42290476190476184,0.42290476190476184,0.07525744169703313,0.0931174089068826,Isotonic,Engineering Review
WF-000470,2008-08-28 06:56:00,0,Pass,0.3604761904761904,0.3604761904761904,0.06048828270156355,0.02459016393442623,Isotonic,Engineering Review
WF-001394,2008-10-07 10:04:00,0,Pass,0.28380952380952373,0.28380952380952373,0.046059828963018315,0.0,Isotonic,Low Risk
WF-001563,2008-10-16 15:13:00,0,Pass,0.23719047619047615,0.23719047619047615,0.03895430335764904,0.0,Isotonic,Low Risk
WF-000473,2008-08-28 08:41:00,0,Pass,0.357452380952381,0.357452380952381,0.0598465268763146,0.02459016393442623,Isotonic,Engineering Review
WF-000011,2008-07-19 21:57:00,1,Fail,0.5060238095238095,0.5060238095238095,0.10005316111045313,0.2222222222222222,Isotonic,Engineering Review
WF-000016,2008-07-22 00:03:00,0,Pass,0.5624047619047619,0.5624047619047619,0.12078448198835315,0.2222222222222222,Isotonic,Engineering Review
WF-001481,2008-10-13 14:55:00,0,Pass,0.2408333333333334,0.2408333333333334,0.03946939986419271,0.0,Isotonic,Low Risk
WF-000567,2008-08-30 05:38:00,0,Pass,0.34478571428571425,0.34478571428571425,0.05722693640671702,0.02459016393442623,Isotonic,Engineering Review
WF-000691,2008-09-02 14:21:00,0,Pass,0.3728095238095237,0.3728095238095237,0.0631730651964226,0.07751937984496124,Isotonic,Engineering Review
WF-000663,2008-09-02 06:03:00,0,Pass,0.30376190476190473,0.30376190476190473,0.049464347935354244,0.02459016393442623,Isotonic,Engineering Review
WF-000221,2008-08-16 14:30:00,0,Pass,0.45999999999999985,0.45999999999999985,0.08553817975645452,0.11290322580645161,Isotonic,Engineering Review
WF-000718,2008-09-03 18:16:00,0,Pass,0.3316904761904762,0.3316904761904762,0.05463220045424982,0.02459016393442623,Isotonic,Engineering Review
WF-000959,2008-09-20 15:46:00,0,Pass,0.3274047619047619,0.3274047619047619,0.053807358500074884,0.02459016393442623,Isotonic,Engineering Review
WF-001550,2008-10-16 02:55:00,0,Pass,0.3365000000000001,0.3365000000000001,0.055572037981923984,0.02459016393442623,Isotonic,Engineering Review
WF-000685,2008-09-02 12:44:00,0,Pass,0.34978571428571426,0.34978571428571426,0.05824786649470112,0.02459016393442623,Isotonic,Engineering Review
WF-001089,2008-09-25 17:29:00,0,Pass,0.38133333333333325,0.38133333333333325,0.06509309081948055,0.07751937984496124,Isotonic,Engineering Review
WF-001303,2008-10-04 23:18:00,1,Fail,0.4188809523809524,0.4188809523809524,0.07421313022219027,0.0931174089068826,Isotonic,Engineering Review
WF-001111,2008-09-26 18:54:00,0,Pass,0.38092857142857145,0.38092857142857145,0.06500070114337618,0.07751937984496124,Isotonic,Engineering Review
WF-001187,2008-09-29 22:13:00,0,Pass,0.3668333333333333,0.3668333333333333,0.06185853474331395,0.02459016393442623,Isotonic,Engineering Review
WF-000408,2008-08-22 07:04:00,0,Pass,0.29895238095238097,0.29895238095238097,0.04862248609613258,0.02459016393442623,Isotonic,Engineering Review
WF-001031,2008-09-23 11:42:00,0,Pass,0.392547619047619,0.392547619047619,0.06770188958053958,0.07751937984496124,Isotonic,Engineering Review
WF-000463,2008-08-28 03:45:00,0,Pass,0.36638095238095225,0.36638095238095225,0.0617600754569384,0.02459016393442623,Isotonic,Engineering Review
WF-001242,2008-10-02 14:07:00,1,Fail,0.2981190476190477,0.2981190476190477,0.04847800759542419,0.02459016393442623,Isotonic,Engineering Review
WF-001384,2008-10-07 01:46:00,0,Pass,0.29926190476190473,0.29926190476190473,0.04867625353204174,0.02459016393442623,Isotonic,Engineering Review
WF-001057,2008-09-24 10:53:00,0,Pass,0.34116666666666673,0.34116666666666673,0.05649848823363988,0.02459016393442623,Isotonic,Engineering Review
WF-000254,2008-08-18 07:23:00,0,Pass,0.42102380952380947,0.42102380952380947,0.07476760257151563,0.0931174089068826,Isotonic,Engineering Review
WF-000425,2008-08-22 19:14:00,1,Fail,0.4418571428571429,0.4418571428571429,0.08035986539644836,0.0931174089068826,Isotonic,Engineering Review
WF-000621,2008-09-01 00:45:00,0,Pass,0.2795,0.2795,0.04535433431081487,0.0,Isotonic,Low Risk
WF-000626,2008-09-01 06:21:00,0,Pass,0.39761904761904765,0.39761904761904765,0.06891323651114424,0.0931174089068826,Isotonic,Engineering Review
WF-000840,2008-09-14 18:27:00,0,Pass,0.3314285714285714,0.3314285714285714,0.054581453469136745,0.02459016393442623,Isotonic,Engineering Review
WF-000721,2008-09-03 20:10:00,0,Pass,0.31699999999999995,0.31699999999999995,0.051853449205336716,0.02459016393442623,Isotonic,Engineering Review
WF-001401,2008-10-07 13:10:00,1,Fail,0.48492857142857143,0.48492857142857143,0.09314630198157377,0.12121212121212122,Isotonic,Engineering Review
WF-001040,2008-09-23 18:10:00,0,Pass,0.3320714285714286,0.3320714285714286,0.05470609361386754,0.02459016393442623,Isotonic,Engineering Review
WF-000504,2008-08-29 02:38:00,0,Pass,0.32173809523809527,0.32173809523809527,0.052734757429908644,0.02459016393442623,Isotonic,Engineering Review
WF-000925,2008-09-19 20:19:00,1,Fail,0.40533333333333343,0.40533333333333343,0.07079437187841069,0.0931174089068826,Isotonic,Engineering Review
WF-001065,2008-09-24 15:42:00,0,Pass,0.35050000000000003,0.35050000000000003,0.05839510128829262,0.02459016393442623,Isotonic,Engineering Review
WF-001094,2008-09-26 00:19:00,0,Pass,0.31145238095238104,0.31145238095238104,0.05083926226177919,0.02459016393442623,Isotonic,Engineering Review
WF-001561,2008-10-16 05:58:00,0,Pass,0.20061904761904759,0.20061904761904759,0.03412861776163683,0.0,Isotonic,Low Risk
WF-000814,2008-09-12 19:36:00,0,Pass,0.3169523809523808,0.3169523809523808,0.051844662895432984,0.02459016393442623,Isotonic,Engineering Review
WF-001402,2008-10-07 13:48:00,0,Pass,0.3658095238095237,0.3658095238095237,0.06163591508983428,0.02459016393442623,Isotonic,Engineering Review
WF-001183,2008-09-29 16:27:00,0,Pass,0.2875714285714286,0.2875714285714286,0.046684201761330306,0.0,Isotonic,Low Risk
WF-000753,2008-09-08 00:40:00,0,Pass,0.4126190476190476,0.4126190476190476,0.0726144503631711,0.0931174089068826,Isotonic,Engineering Review
WF-001051,2008-09-24 05:13:00,0,Pass,0.30742857142857144,0.30742857142857144,0.0501154271327997,0.02459016393442623,Isotonic,Engineering Review
WF-001158,2008-09-28 18:43:00,0,Pass,0.3020476190476191,0.3020476190476191,0.04916270526831514,0.02459016393442623,Isotonic,Engineering Review
WF-000140,2008-08-06 19:13:00,0,Pass,0.411142857142857,0.411142857142857,0.07224222584064101,0.0931174089068826,Isotonic,Engineering Review
WF-001336,2008-10-06 00:41:00,0,Pass,0.30788095238095237,0.30788095238095237,0.05019631545364861,0.02459016393442623,Isotonic,Engineering Review
WF-000582,2008-08-30 11:18:00,0,Pass,0.3544047619047618,0.3544047619047618,0.05920617291367765,0.02459016393442623,Isotonic,Engineering Review
WF-000381,2008-08-21 20:21:00,0,Pass,0.4958571428571429,0.4958571428571429,0.09666936607518246,0.21739130434782608,Isotonic,Engineering Review
WF-001428,2008-10-08 17:14:00,0,Pass,0.505142857142857,0.505142857142857,0.09975583485926591,0.21739130434782608,Isotonic,Engineering Review
WF-001293,2008-10-04 15:16:00,0,Pass,0.49869047619047624,0.49869047619047624,0.09760198320098556,0.21739130434782608,Isotonic,Engineering Review
WF-000717,2008-09-03 17:22:00,0,Pass,0.3866904761904762,0.3866904761904762,0.06632745586684013,0.07751937984496124,Isotonic,Engineering Review
WF-000479,2008-08-28 11:19:00,0,Pass,0.3428333333333333,0.3428333333333333,0.05683286859751966,0.02459016393442623,Isotonic,Engineering Review
WF-000961,2008-09-20 16:44:00,0,Pass,0.2734047619047619,0.2734047619047619,0.04437406212212996,0.0,Isotonic,Low Risk
WF-000120,2008-08-05 14:17:00,0,Pass,0.44790476190476186,0.44790476190476186,0.08205337130070285,0.0931174089068826,Isotonic,Engineering Review
WF-000022,2008-07-23 05:15:00,0,Pass,0.4150714285714286,0.4150714285714286,0.07323673276687989,0.0931174089068826,Isotonic,Engineering Review
WF-000193,2008-08-11 05:15:00,0,Pass,0.5703095238095235,0.5703095238095235,0.12397076525056862,0.2222222222222222,Isotonic,Engineering Review
WF-000330,2008-08-20 16:08:00,0,Pass,0.3490952380952381,0.3490952380952381,0.0581058706370182,0.02459016393442623,Isotonic,Engineering Review
WF-000488,2008-08-28 17:32:00,0,Pass,0.35971428571428576,0.35971428571428576,0.06032597623212876,0.02459016393442623,Isotonic,Engineering Review
WF-001305,2008-10-05 00:33:00,0,Pass,0.4085952380952382,0.4085952380952382,0.07160397458140925,0.0931174089068826,Isotonic,Engineering Review
WF-001241,2008-10-02 10:03:00,0,Pass,0.3929523809523808,0.3929523809523808,0.06779784023225947,0.07751937984496124,Isotonic,Engineering Review
WF-000535,2008-08-29 13:27:00,0,Pass,0.4441904761904763,0.4441904761904763,0.08100945277814274,0.0931174089068826,Isotonic,Engineering Review
WF-001537,2008-10-15 17:19:00,0,Pass,0.2642380952380952,0.2642380952380952,0.04293778319485275,0.0,Isotonic,Low Risk
WF-000537,2008-08-29 14:11:00,0,Pass,0.3519761904761906,0.3519761904761906,0.05870049337934496,0.02459016393442623,Isotonic,Engineering Review
WF-000976,2008-09-21 04:49:00,0,Pass,0.23361904761904767,0.23361904761904767,0.03845557191138118,0.0,Isotonic,Low Risk
WF-000697,2008-09-02 16:58:00,0,Pass,0.377238095238095,0.377238095238095,0.06416393633257612,0.07751937984496124,Isotonic,Engineering Review
WF-001225,2008-10-01 23:34:00,0,Pass,0.3482619047619048,0.3482619047619048,0.05793492888550783,0.02459016393442623,Isotonic,Engineering Review
WF-000823,2008-09-13 03:14:00,0,Pass,0.2792619047619048,0.2792619047619048,0.045315658204248814,0.0,Isotonic,Low Risk
WF-000687,2008-09-02 13:08:00,0,Pass,0.40890476190476194,0.40890476190476194,0.07168124051994433,0.0931174089068826,Isotonic,Engineering Review
WF-001277,2008-10-03 20:11:00,0,Pass,0.3505714285714284,0.3505714285714284,0.05840984395281815,0.02459016393442623,Isotonic,Engineering Review
WF-000996,2008-09-21 18:12:00,0,Pass,0.3214523809523811,0.3214523809523811,0.05268121480034801,0.02459016393442623,Isotonic,Engineering Review
WF-000761,2008-09-08 18:46:00,0,Pass,0.3087619047619048,0.3087619047619048,0.05035418980823755,0.02459016393442623,Isotonic,Engineering Review
WF-000512,2008-08-29 05:54:00,0,Pass,0.39461904761904765,0.39461904761904765,0.06819426111230786,0.07751937984496124,Isotonic,Engineering Review
WF-000556,2008-08-30 02:08:00,0,Pass,0.42771428571428566,0.42771428571428566,0.07652337437457747,0.0931174089068826,Isotonic,Engineering Review
WF-001558,2008-10-16 05:08:00,0,Pass,0.3764285714285713,0.3764285714285713,0.063981734464482,0.07751937984496124,Isotonic,Engineering Review
WF-001007,2008-09-22 07:12:00,0,Pass,0.24685714285714283,0.24685714285714283,0.040335518441630865,0.0,Isotonic,Low Risk
WF-001023,2008-09-23 00:57:00,0,Pass,0.3500952380952381,0.3500952380952381,0.05831162543045926,0.02459016393442623,Isotonic,Engineering Review
WF-001134,2008-09-27 15:09:00,0,Pass,0.36045238095238097,0.36045238095238097,0.060483204445625625,0.02459016393442623,Isotonic,Engineering Review
WF-001078,2008-09-25 11:08:00,0,Pass,0.3220714285714286,0.3220714285714286,0.05279728877995318,0.02459016393442623,Isotonic,Engineering Review
WF-000467,2008-08-28 05:00:00,0,Pass,0.46526190476190477,0.46526190476190477,0.08709569129620646,0.11290322580645161,Isotonic,Engineering Review
WF-000035,2008-07-28 03:31:00,0,Pass,0.5405952380952379,0.5405952380952379,0.11235794794058751,0.2222222222222222,Isotonic,Engineering Review
WF-000038,2008-07-28 05:36:00,0,Pass,0.4580476190476191,0.4580476190476191,0.08496672915435356,0.11290322580645161,Isotonic,Engineering Review
WF-000276,2008-08-18 17:37:00,0,Pass,0.577190476190476,0.577190476190476,0.12680285958906104,0.3333333333333333,Isotonic,Engineering Review
WF-000773,2008-09-10 07:26:00,0,Pass,0.2813333333333333,0.2813333333333333,0.045653195121736594,0.0,Isotonic,Low Risk
WF-000789,2008-09-11 14:20:00,0,Pass,0.3111904761904763,0.3111904761904763,0.05079184918558802,0.02459016393442623,Isotonic,Engineering Review
WF-001519,2008-10-15 02:40:00,0,Pass,0.3280952380952381,0.3280952380952381,0.05393945145466438,0.02459016393442623,Isotonic,Engineering Review
WF-001548,2008-10-16 02:17:00,0,Pass,0.34461904761904766,0.34461904761904766,0.0571931965212553,0.02459016393442623,Isotonic,Engineering Review
WF-000223,2008-08-16 15:19:00,1,Fail,0.5079047619047617,0.5079047619047617,0.10069063015978452,0.2222222222222222,Isotonic,Engineering Review
WF-000711,2008-09-03 01:32:00,0,Pass,0.39259523809523794,0.39259523809523794,0.06771317135287665,0.07751937984496124,Isotonic,Engineering Review
WF-001445,2008-10-09 15:56:00,0,Pass,0.27514285714285724,0.27514285714285724,0.044651515096158355,0.0,Isotonic,Low Risk
WF-000907,2008-09-19 09:12:00,0,Pass,0.30952380952380953,0.30952380952380953,0.05049110887167263,0.02459016393442623,Isotonic,Engineering Review
WF-001060,2008-09-24 12:04:00,0,Pass,0.399142857142857,0.399142857142857,0.06928111283970488,0.0931174089068826,Isotonic,Engineering Review
WF-001554,2008-10-16 04:04:00,0,Pass,0.29588095238095224,0.29588095238095224,0.04809199365053974,0.0,Isotonic,Low Risk
WF-001113,2008-09-26 19:45:00,0,Pass,0.26552380952380955,0.26552380952380955,0.04313652527496401,0.0,Isotonic,Low Risk
WF-001003,2008-09-22 00:47:00,0,Pass,0.29923809523809525,0.29923809523809525,0.0486721155733305,0.02459016393442623,Isotonic,Engineering Review
WF-000649,2008-09-02 01:10:00,0,Pass,0.384142857142857,0.384142857142857,0.06573775817778116,0.07751937984496124,Isotonic,Engineering Review
WF-000405,2008-08-22 05:31:00,0,Pass,0.3869999999999998,0.3869999999999998,0.06639943527523373,0.07751937984496124,Isotonic,Engineering Review
WF-000891,2008-09-18 21:56:00,0,Pass,0.32623809523809527,0.32623809523809527,0.0535848599820519,0.02459016393442623,Isotonic,Engineering Review
WF-000946,2008-09-20 12:20:00,0,Pass,0.2783809523809523,0.2783809523809523,0.04517282960182029,0.0,Isotonic,Low Risk
WF-001263,2008-10-03 02:41:00,0,Pass,0.4069047619047619,0.4069047619047619,0.07118333838697326,0.0931174089068826,Isotonic,Engineering Review
WF-000620,2008-09-01 00:39:00,0,Pass,0.373595238095238,0.373595238095238,0.0633478175148901,0.07751937984496124,Isotonic,Engineering Review
WF-000820,2008-09-12 23:40:00,0,Pass,0.322095238095238,0.322095238095238,0.052801757983107024,0.02459016393442623,Isotonic,Engineering Review
WF-001426,2008-10-08 15:37:00,0,Pass,0.37,0.37,0.06255186494727917,0.02459016393442623,Isotonic,Engineering Review
WF-001461,2008-10-11 08:27:00,0,Pass,0.36295238095238097,0.36295238095238097,0.061018604459895404,0.02459016393442623,Isotonic,Engineering Review
WF-001062,2008-09-24 13:01:00,0,Pass,0.32285714285714284,0.32285714285714284,0.05294496123251731,0.02459016393442623,Isotonic,Engineering Review
WF-001086,2008-09-25 15:55:00,0,Pass,0.36623809523809525,0.36623809523809525,0.061729013478228734,0.02459016393442623,Isotonic,Engineering Review
WF-001341,2008-10-06 02:49:00,0,Pass,0.3636428571428571,0.3636428571428571,0.061167256046405626,0.02459016393442623,Isotonic,Engineering Review
WF-000882,2008-09-18 05:44:00,0,Pass,0.3195238095238095,0.3195238095238095,0.052321142821543716,0.02459016393442623,Isotonic,Engineering Review
WF-001048,2008-09-24 02:44:00,0,Pass,0.3627857142857143,0.3627857142857143,0.06098277368261666,0.02459016393442623,Isotonic,Engineering Review
WF-000533,2008-08-29 13:04:00,0,Pass,0.3776428571428571,0.3776428571428571,0.06425521839564859,0.07751937984496124,Isotonic,Engineering Review
WF-000429,2008-08-22 23:56:00,0,Pass,0.3173095238095238,0.3173095238095238,0.051910594538827556,0.02459016393442623,Isotonic,Engineering Review
WF-001405,2008-10-07 17:06:00,0,Pass,0.3132857142857143,0.3132857142857143,0.051172328438250356,0.02459016393442623,Isotonic,Engineering Review
WF-000658,2008-09-02 03:35:00,0,Pass,0.40676190476190477,0.40676190476190477,0.07114789641045823,0.0931174089068826,Isotonic,Engineering Review
WF-000606,2008-08-31 10:59:00,1,Fail,0.4224761904761905,0.4224761904761905,0.07514557410766338,0.0931174089068826,Isotonic,Engineering Review
WF-001194,2008-09-30 12:31:00,0,Pass,0.32623809523809527,0.32623809523809527,0.0535848599820519,0.02459016393442623,Isotonic,Engineering Review
WF-000723,2008-09-04 08:22:00,0,Pass,0.26161904761904764,0.26161904761904764,0.042535640381666795,0.0,Isotonic,Low Risk
WF-000189,2008-08-10 20:07:00,1,Fail,0.576785714285714,0.576785714285714,0.12663474623103724,0.3333333333333333,Isotonic,Engineering Review
WF-001257,2008-10-02 22:23:00,0,Pass,0.3788333333333334,0.3788333333333334,0.06452439646242554,0.07751937984496124,Isotonic,Engineering Review
WF-000654,2008-09-02 02:11:00,0,Pass,0.34799999999999986,0.34799999999999986,0.057881301881304734,0.02459016393442623,Isotonic,Engineering Review
WF-001497,2008-10-14 03:21:00,0,Pass,0.28319047619047627,0.28319047619047627,0.04595784849804768,0.0,Isotonic,Low Risk
WF-000673,2008-09-02 10:13:00,0,Pass,0.34678571428571425,0.34678571428571425,0.05763327581838774,0.02459016393442623,Isotonic,Engineering Review
WF-001286,2008-10-04 00:58:00,0,Pass,0.37064285714285705,0.37064285714285705,0.06269349906497844,0.02459016393442623,Isotonic,Engineering Review
WF-001470,2008-10-12 03:21:00,0,Pass,0.40778571428571425,0.40778571428571425,0.07140225769514663,0.0931174089068826,Isotonic,Engineering Review
WF-000846,2008-09-14 23:00:00,0,Pass,0.4399761904761906,0.4399761904761906,0.07983968271440428,0.0931174089068826,Isotonic,Engineering Review
WF-000252,2008-08-18 06:26:00,0,Pass,0.4576428571428571,0.4576428571428571,0.08484869190766696,0.11290322580645161,Isotonic,Engineering Review
WF-000977,2008-09-21 07:30:00,0,Pass,0.27940476190476193,0.27940476190476193,0.045338860096687396,0.0,Isotonic,Low Risk
WF-000541,2008-08-29 15:43:00,0,Pass,0.45207142857142846,0.45207142857142846,0.08323900104374539,0.0931174089068826,Isotonic,Engineering Review
WF-001228,2008-10-02 03:17:00,1,Fail,0.38680952380952377,0.38680952380952377,0.0663551316725571,0.07751937984496124,Isotonic,Engineering Review
WF-000349,2008-08-21 04:29:00,0,Pass,0.37876190476190474,0.37876190476190474,0.06450821621507667,0.07751937984496124,Isotonic,Engineering Review
WF-000430,2008-08-23 02:04:00,0,Pass,0.39657142857142846,0.39657142857142846,0.06866137164582714,0.09090909090909091,Isotonic,Engineering Review
WF-000710,2008-09-03 01:15:00,1,Fail,0.4573333333333334,0.4573333333333334,0.08475852853657433,0.11290322580645161,Isotonic,Engineering Review
WF-000742,2008-09-07 12:20:00,0,Pass,0.3081904761904762,0.3081904761904762,0.050251731326507405,0.02459016393442623,Isotonic,Engineering Review
WF-001102,2008-09-26 13:36:00,0,Pass,0.3389285714285715,0.3389285714285715,0.056052372049582896,0.02459016393442623,Isotonic,Engineering Review
WF-000178,2008-08-09 23:34:00,0,Pass,0.4284047619047618,0.4284047619047618,0.07670671252268578,0.0931174089068826,Isotonic,Engineering Review
WF-001417,2008-10-08 07:13:00,0,Pass,0.30123809523809525,0.30123809523809525,0.049020869991253574,0.02459016393442623,Isotonic,Engineering Review
WF-001504,2008-10-14 14:43:00,0,Pass,0.296404761904762,0.296404761904762,0.04818207492187089,0.0,Isotonic,Low Risk
WF-000432,2008-08-23 04:50:00,0,Pass,0.4657380952380951,0.4657380952380951,0.08723790145059916,0.11290322580645161,Isotonic,Engineering Review
WF-000448,2008-08-24 10:14:00,0,Pass,0.5205238095238095,0.5205238095238095,0.10506123607447872,0.2222222222222222,Isotonic,Engineering Review
WF-000192,2008-08-11 04:09:00,0,Pass,0.4727619047619048,0.4727619047619048,0.08936001765948419,0.11290322580645161,Isotonic,Engineering Review
WF-001326,2008-10-05 15:35:00,1,Fail,0.4603333333333334,0.4603333333333334,0.08563609199940914,0.11290322580645161,Isotonic,Engineering Review
WF-001389,2008-10-07 08:25:00,0,Pass,0.3260714285714286,0.3260714285714286,0.05355314541904718,0.02459016393442623,Isotonic,Engineering Review
WF-000864,2008-09-16 17:07:00,0,Pass,0.35323809523809524,0.35323809523809524,0.05896274096286554,0.02459016393442623,Isotonic,Engineering Review
WF-000402,2008-08-22 04:40:00,0,Pass,0.3438333333333334,0.3438333333333334,0.05703438860568573,0.02459016393442623,Isotonic,Engineering Review
WF-000775,2008-09-10 20:52:00,0,Pass,0.37780952380952376,0.37780952380952376,0.06429284026968882,0.07751937984496124,Isotonic,Engineering Review
WF-000595,2008-08-30 19:21:00,0,Pass,0.3554761904761904,0.3554761904761904,0.059430562174536884,0.02459016393442623,Isotonic,Engineering Review
WF-000647,2008-09-02 00:46:00,0,Pass,0.2519761904761904,0.2519761904761904,0.04108583195667834,0.0,Isotonic,Low Risk
WF-000394,2008-08-22 01:26:00,0,Pass,0.5587380952380954,0.5587380952380954,0.11933063734152834,0.2222222222222222,Isotonic,Engineering Review
WF-000748,2008-09-07 19:31:00,0,Pass,0.29680952380952375,0.29680952380952375,0.04825179287049212,0.0,Isotonic,Low Risk
WF-000202,2008-08-15 03:26:00,0,Pass,0.41533333333333317,0.41533333333333317,0.07330347962651214,0.0931174089068826,Isotonic,Engineering Review
WF-000444,2008-08-24 04:00:00,0,Pass,0.343904761904762,0.343904761904762,0.05704880855259916,0.02459016393442623,Isotonic,Engineering Review
WF-000421,2008-08-22 14:45:00,0,Pass,0.3689523809523809,0.3689523809523809,0.06232169349589172,0.02459016393442623,Isotonic,Engineering Review
WF-000306,2008-08-19 11:44:00,0,Pass,0.48890476190476184,0.48890476190476184,0.09441457967441999,0.12121212121212122,Isotonic,Engineering Review
WF-001087,2008-09-25 16:44:00,0,Pass,0.2945238095238096,0.2945238095238096,0.04785934458077357,0.0,Isotonic,Low Risk
WF-001186,2008-09-29 21:48:00,1,Fail,0.33404761904761915,0.33404761904761915,0.055090927767625614,0.02459016393442623,Isotonic,Engineering Review
WF-001560,2008-10-16 05:44:00,0,Pass,0.24121428571428571,0.24121428571428571,0.03952364188834792,0.0,Isotonic,Low Risk
WF-001512,2008-10-15 00:03:00,0,Pass,0.2701666666666668,0.2701666666666668,0.043861542297868844,0.0,Isotonic,Low Risk
WF-000861,2008-09-16 08:50:00,0,Pass,0.2578571428571429,0.2578571428571429,0.04196430967895602,0.0,Isotonic,Low Risk
WF-000930,2008-09-19 21:59:00,1,Fail,0.31533333333333324,0.31533333333333324,0.051546764469496464,0.02459016393442623,Isotonic,Engineering Review
WF-001244,2008-10-02 14:54:00,0,Pass,0.367452380952381,0.367452380952381,0.061993506106635524,0.02459016393442623,Isotonic,Engineering Review
WF-001347,2008-10-06 05:24:00,0,Pass,0.36069047619047623,0.36069047619047623,0.06053400495979757,0.02459016393442623,Isotonic,Engineering Review
WF-000858,2008-09-15 23:37:00,0,Pass,0.29866666666666664,0.29866666666666664,0.04857290464077981,0.02459016393442623,Isotonic,Engineering Review
WF-001097,2008-09-26 03:12:00,0,Pass,0.30683333333333335,0.30683333333333335,0.05000918323257786,0.02459016393442623,Isotonic,Engineering Review
WF-001364,2008-10-06 13:38:00,1,Fail,0.4012619047619048,0.4012619047619048,0.06979571258903614,0.0931174089068826,Isotonic,Engineering Review
WF-001532,2008-10-15 13:14:00,0,Pass,0.33969047619047615,0.33969047619047615,0.056203868152223606,0.02459016393442623,Isotonic,Engineering Review
WF-001324,2008-10-05 14:34:00,0,Pass,0.37352380952380965,0.37352380952380965,0.06333191233413947,0.07751937984496124,Isotonic,Engineering Review
WF-000454,2008-08-27 13:35:00,0,Pass,0.3704761904761905,0.3704761904761905,0.06265675040014698,0.02459016393442623,Isotonic,Engineering Review
WF-000406,2008-08-22 05:32:00,0,Pass,0.37852380952380943,0.37852380952380943,0.06445430933624303,0.07751937984496124,Isotonic,Engineering Review
WF-000312,2008-08-19 18:12:00,0,Pass,0.3389285714285714,0.3389285714285714,0.056052372049582876,0.02459016393442623,Isotonic,Engineering Review
WF-000830,2008-09-13 16:04:00,0,Pass,0.29930952380952375,0.29930952380952375,0.04868453045087362,0.02459016393442623,Isotonic,Engineering Review
WF-000811,2008-09-12 16:23:00,0,Pass,0.37464285714285717,0.37464285714285717,0.06358152175542663,0.07751937984496124,Isotonic,Engineering Review
WF-000790,2008-09-11 14:24:00,0,Pass,0.370047619047619,0.370047619047619,0.0625623461144786,0.02459016393442623,Isotonic,Engineering Review
WF-000965,2008-09-20 18:21:00,0,Pass,0.2732142857142857,0.2732142857142857,0.04434375645617565,0.0,Isotonic,Low Risk
WF-001370,2008-10-06 16:50:00,0,Pass,0.4040238095238097,0.4040238095238097,0.07047173398398254,0.0931174089068826,Isotonic,Engineering Review
WF-000377,2008-08-21 19:12:00,0,Pass,0.382595238095238,0.382595238095238,0.0653819139687208,0.07751937984496124,Isotonic,Engineering Review
WF-000033,2008-07-27 22:28:00,0,Pass,0.47390476190476183,0.47390476190476183,0.08970968443033374,0.11290322580645161,Isotonic,Engineering Review
WF-000951,2008-09-20 14:00:00,0,Pass,0.2746904761904762,0.2746904761904762,0.04457914251473265,0.0,Isotonic,Low Risk
WF-000747,2008-09-07 19:29:00,0,Pass,0.415,0.415,0.07321853879466862,0.0931174089068826,Isotonic,Engineering Review
WF-000438,2008-08-23 09:24:00,0,Pass,0.4415714285714286,0.4415714285714286,0.0802806515471524,0.0931174089068826,Isotonic,Engineering Review
WF-000518,2008-08-29 06:40:00,0,Pass,0.4534761904761906,0.4534761904761906,0.08364222610955285,0.0931174089068826,Isotonic,Engineering Review
WF-000623,2008-09-01 05:29:00,0,Pass,0.2681666666666667,0.2681666666666667,0.04354781259362134,0.0,Isotonic,Low Risk
WF-000087,2008-08-04 14:04:00,0,Pass,0.45257142857142857,0.45257142857142857,0.08338231884575921,0.0931174089068826,Isotonic,Engineering Review
WF-000903,2008-09-19 07:14:00,0,Pass,0.3036428571428571,0.3036428571428571,0.04944334396166962,0.02459016393442623,Isotonic,Engineering Review
WF-000657,2008-09-02 03:33:00,0,Pass,0.3368095238095238,0.3368095238095238,0.055633040945718575,0.02459016393442623,Isotonic,Engineering Review
WF-000495,2008-08-28 20:20:00,0,Pass,0.36264285714285716,0.36264285714285716,0.06095207724748855,0.02459016393442623,Isotonic,Engineering Review
WF-000139,2008-08-06 18:34:00,0,Pass,0.458404761904762,0.458404761904762,0.0850710033490429,0.11290322580645161,Isotonic,Engineering Review
WF-000980,2008-09-21 08:49:00,0,Pass,0.33676190476190476,0.33676190476190476,0.055623651774167115,0.02459016393442623,Isotonic,Engineering Review
WF-000881,2008-09-18 03:58:00,0,Pass,0.3699047619047619,0.3699047619047619,0.0625309075290009,0.02459016393442623,Isotonic,Engineering Review
WF-000520,2008-08-29 06:54:00,0,Pass,0.2955238095238095,0.2955238095238095,0.048030666308352184,0.0,Isotonic,Low Risk
WF-001321,2008-10-05 12:03:00,0,Pass,0.34364285714285714,0.34364285714285714,0.0569959521537932,0.02459016393442623,Isotonic,Engineering Review
WF-001427,2008-10-08 16:26:00,0,Pass,0.28904761904761905,0.28904761904761905,0.04693140128905395,0.0,Isotonic,Low Risk
WF-000849,2008-09-15 11:40:00,0,Pass,0.24502380952380953,0.24502380952380953,0.040070007274194075,0.0,Isotonic,Low Risk
WF-000865,2008-09-16 18:09:00,0,Pass,0.2783809523809525,0.2783809523809525,0.045172829601820334,0.0,Isotonic,Low Risk
WF-001551,2008-10-16 03:56:00,0,Pass,0.2506904761904763,0.2506904761904763,0.040896134185745246,0.0,Isotonic,Low Risk
WF-001120,2008-09-27 03:53:00,0,Pass,0.3203333333333334,0.3203333333333334,0.05247200011542578,0.02459016393442623,Isotonic,Engineering Review
WF-001106,2008-09-26 15:06:00,0,Pass,0.3951904761904762,0.3951904761904762,0.06833067068775582,0.07751937984496124,Isotonic,Engineering Review
WF-000879,2008-09-18 02:01:00,0,Pass,0.28154761904761905,0.28154761904761905,0.04568824905873399,0.0,Isotonic,Low Risk
WF-000701,2008-09-02 18:52:00,0,Pass,0.27216666666666667,0.27216666666666667,0.044177427796466176,0.0,Isotonic,Low Risk
WF-001002,2008-09-22 00:28:00,0,Pass,0.3128809523809524,0.3128809523809524,0.05109861723105357,0.02459016393442623,Isotonic,Engineering Review
WF-000924,2008-09-19 20:17:00,0,Pass,0.3480952380952382,0.3480952380952382,0.057900797217423465,0.02459016393442623,Isotonic,Engineering Review
WF-000207,2008-08-15 11:42:00,0,Pass,0.4664285714285714,0.4664285714285714,0.08744447920701777,0.11290322580645161,Isotonic,Engineering Review
WF-000492,2008-08-28 18:25:00,0,Pass,0.3137142857142857,0.3137142857142857,0.05125048523888521,0.02459016393442623,Isotonic,Engineering Review
WF-000515,2008-08-29 05:57:00,0,Pass,0.4119523809523809,0.4119523809523809,0.07244613057005185,0.0931174089068826,Isotonic,Engineering Review
WF-000505,2008-08-29 02:39:00,0,Pass,0.4194999999999998,0.4194999999999998,0.07437292146042004,0.0931174089068826,Isotonic,Engineering Review
WF-000603,2008-08-31 05:05:00,0,Pass,0.4227619047619048,0.4227619047619048,0.07522013551297603,0.0931174089068826,Isotonic,Engineering Review
WF-000854,2008-09-15 21:56:00,0,Pass,0.4182142857142857,0.4182142857142857,0.07404140056137626,0.0931174089068826,Isotonic,Engineering Review
WF-001168,2008-09-29 03:07:00,0,Pass,0.3469999999999999,0.3469999999999999,0.05767697250043616,0.02459016393442623,Isotonic,Engineering Review
WF-000522,2008-08-29 07:22:00,0,Pass,0.3476190476190476,0.3476190476190476,0.05780338212978379,0.02459016393442623,Isotonic,Engineering Review
WF-000859,2008-09-16 07:39:00,0,Pass,0.3211428571428572,0.3211428571428572,0.05262326822234889,0.02459016393442623,Isotonic,Engineering Review
WF-000732,2008-09-04 16:41:00,0,Pass,0.27942857142857136,0.27942857142857136,0.04534272817870158,0.0,Isotonic,Low Risk
WF-000204,2008-08-15 05:13:00,0,Pass,0.4509761904761905,0.4509761904761905,0.08292584917447589,0.0931174089068826,Isotonic,Engineering Review
WF-001410,2008-10-07 20:39:00,0,Pass,0.26509523809523816,0.26509523809523816,0.043070180504384124,0.0,Isotonic,Low Risk
WF-000609,2008-08-31 15:09:00,0,Pass,0.2912619047619047,0.2912619047619047,0.047304535152498474,0.0,Isotonic,Low Risk
WF-000682,2008-09-02 12:17:00,0,Pass,0.33445238095238095,0.33445238095238095,0.05517006316101461,0.02459016393442623,Isotonic,Engineering Review
WF-001369,2008-10-06 16:42:00,0,Pass,0.33271428571428574,0.33271428571428574,0.05483100187494434,0.02459016393442623,Isotonic,Engineering Review
WF-000494,2008-08-28 18:57:00,0,Pass,0.3891666666666667,0.3891666666666667,0.06690532600624614,0.07751937984496124,Isotonic,Engineering Review
WF-000953,2008-09-20 14:42:00,0,Pass,0.4026666666666667,0.4026666666666667,0.0701387981701014,0.0931174089068826,Isotonic,Engineering Review
WF-000123,2008-08-05 20:04:00,0,Pass,0.41573809523809524,0.41573809523809524,0.07340674405825107,0.0931174089068826,Isotonic,Engineering Review
WF-001072,2008-09-25 06:21:00,0,Pass,0.2982857142857143,0.2982857142857143,0.048506870663086295,0.02459016393442623,Isotonic,Engineering Review
WF-001221,2008-10-01 19:57:00,0,Pass,0.3491666666666667,0.3491666666666667,0.05812054478837785,0.02459016393442623,Isotonic,Engineering Review
WF-000241,2008-08-17 23:55:00,1,Fail,0.47211904761904755,0.47211904761904755,0.08916387068322068,0.11290322580645161,Isotonic,Engineering Review
WF-000008,2008-07-19 19:45:00,0,Pass,0.5188333333333331,0.5188333333333331,0.10446617161253786,0.2222222222222222,Isotonic,Engineering Review
WF-000389,2008-08-21 23:57:00,0,Pass,0.35154761904761905,0.35154761904761905,0.058611677216150876,0.02459016393442623,Isotonic,Engineering Review
WF-000735,2008-09-05 15:30:00,0,Pass,0.31909523809523804,0.31909523809523804,0.0522414431768735,0.02459016393442623,Isotonic,Engineering Review
WF-000005,2008-07-19 15:22:00,0,Pass,0.44811904761904764,0.44811904761904764,0.08211396961483494,0.0931174089068826,Isotonic,Engineering Review
WF-000364,2008-08-21 15:05:00,0,Pass,0.4251190476190477,0.4251190476190477,0.07583786476816154,0.0931174089068826,Isotonic,Engineering Review
WF-000118,2008-08-05 08:50:00,0,Pass,0.3989285714285716,0.3989285714285716,0.06922927061435222,0.0931174089068826,Isotonic,Engineering Review
WF-001477,2008-10-13 12:18:00,0,Pass,0.3358809523809524,0.3358809523809524,0.05545022087576183,0.02459016393442623,Isotonic,Engineering Review
WF-000739,2008-09-07 00:49:00,0,Pass,0.38790476190476186,0.38790476190476186,0.06661025283976013,0.07751937984496124,Isotonic,Engineering Review
WF-001281,2008-10-03 21:15:00,0,Pass,0.4914285714285713,0.4914285714285713,0.09522759926146922,0.12121212121212122,Isotonic,Engineering Review
WF-001160,2008-09-28 19:29:00,0,Pass,0.35014285714285703,0.35014285714285703,0.05832144030658673,0.02459016393442623,Isotonic,Engineering Review
WF-000972,2008-09-21 02:07:00,0,Pass,0.3047380952380952,0.3047380952380952,0.049636899834331505,0.02459016393442623,Isotonic,Engineering Review
WF-001012,2008-09-22 13:03:00,0,Pass,0.2904285714285714,0.2904285714285714,0.0471637787131468,0.0,Isotonic,Low Risk
WF-001019,2008-09-22 22:15:00,0,Pass,0.34985714285714287,0.34985714285714287,0.05826257428774916,0.02459016393442623,Isotonic,Engineering Review
WF-000600,2008-08-30 23:51:00,0,Pass,0.4269047619047619,0.4269047619047619,0.07630893804934039,0.0931174089068826,Isotonic,Engineering Review
WF-000028,2008-07-27 15:46:00,0,Pass,0.5026666666666668,0.5026666666666668,0.09892431130782814,0.21739130434782608,Isotonic,Engineering Review
WF-000581,2008-08-30 11:14:00,0,Pass,0.4197142857142859,0.4197142857142859,0.07442830749310132,0.0931174089068826,Isotonic,Engineering Review
WF-000918,2008-09-19 18:33:00,0,Pass,0.3339761904761904,0.3339761904761904,0.0550769737988681,0.02459016393442623,Isotonic,Engineering Review
WF-001230,2008-10-02 04:11:00,0,Pass,0.32978571428571424,0.32978571428571424,0.05426414331089164,0.02459016393442623,Isotonic,Engineering Review
WF-001128,2008-09-27 12:36:00,0,Pass,0.3318333333333333,0.3318333333333333,0.054659899362130504,0.02459016393442623,Isotonic,Engineering Review
WF-000085,2008-08-04 03:49:00,0,Pass,0.45933333333333337,0.45933333333333337,0.08534265965176657,0.11290322580645161,Isotonic,Engineering Review
WF-000225,2008-08-17 00:52:00,0,Pass,0.42992857142857144,0.42992857142857144,0.0771127467897454,0.0931174089068826,Isotonic,Engineering Review
WF-001419,2008-10-08 09:01:00,0,Pass,0.25899999999999995,0.25899999999999995,0.042137098098069994,0.0,Isotonic,Low Risk
WF-000046,2008-07-29 08:23:00,1,Fail,0.4938571428571428,0.4938571428571428,0.09601584715635453,0.21739130434782608,Isotonic,Engineering Review
WF-001011,2008-09-22 12:45:00,0,Pass,0.4175714285714286,0.4175714285714286,0.07387615042896757,0.0931174089068826,Isotonic,Engineering Review
WF-001172,2008-09-29 05:32:00,0,Pass,0.4600714285714286,0.4600714285714286,0.08555915240501305,0.11290322580645161,Isotonic,Engineering Review
WF-001068,2008-09-24 17:54:00,0,Pass,0.32895238095238083,0.32895238095238083,0.05410385433959328,0.02459016393442623,Isotonic,Engineering Review
WF-000304,2008-08-19 11:13:00,0,Pass,0.4461666666666668,0.4461666666666668,0.08156335459221836,0.0931174089068826,Isotonic,Engineering Review
WF-001371,2008-10-06 17:26:00,0,Pass,0.32809523809523816,0.32809523809523816,0.05393945145466438,0.02459016393442623,Isotonic,Engineering Review
WF-000560,2008-08-30 02:50:00,0,Pass,0.3385714285714286,0.3385714285714286,0.05598149054793248,0.02459016393442623,Isotonic,Engineering Review
WF-001132,2008-09-27 14:05:00,0,Pass,0.3726428571428571,0.3726428571428571,0.06313605436216084,0.02459016393442623,Isotonic,Engineering Review
WF-001258,2008-10-02 22:33:00,0,Pass,0.40242857142857147,0.40242857142857147,0.07008053852852984,0.0931174089068826,Isotonic,Engineering Review
WF-000532,2008-08-29 12:37:00,0,Pass,0.33102380952380955,0.33102380952380955,0.054503113667927455,0.02459016393442623,Isotonic,Engineering Review
WF-000077,2008-08-03 15:27:00,0,Pass,0.42826190476190473,0.42826190476190473,0.07666874747772977,0.0931174089068826,Isotonic,Engineering Review
WF-001521,2008-10-15 03:24:00,0,Pass,0.37997619047619036,0.37997619047619036,0.0647837947884642,0.07751937984496124,Isotonic,Engineering Review
WF-000106,2008-08-05 03:17:00,0,Pass,0.44552380952380954,0.44552380952380954,0.08138279200099591,0.0931174089068826,Isotonic,Engineering Review
WF-000801,2008-09-12 06:38:00,0,Pass,0.38776190476190486,0.38776190476190486,0.06657692458074801,0.07751937984496124,Isotonic,Engineering Review
WF-000856,2008-09-15 22:45:00,0,Pass,0.3342142857142857,0.3342142857142857,0.05512349997585351,0.02459016393442623,Isotonic,Engineering Review
WF-000313,2008-08-19 18:12:00,0,Pass,0.5398095238095237,0.5398095238095237,0.11206417127321923,0.2222222222222222,Isotonic,Engineering Review
WF-001049,2008-09-24 03:32:00,0,Pass,0.25430952380952376,0.25430952380952376,0.04143225137940961,0.0,Isotonic,Low Risk
WF-001165,2008-09-28 22:44:00,0,Pass,0.3200952380952381,0.3200952380952381,0.05242758772196796,0.02459016393442623,Isotonic,Engineering Review
WF-000635,2008-09-01 19:54:00,1,Fail,0.4794523809523809,0.4794523809523809,0.09142460341142265,0.12121212121212122,Isotonic,Engineering Review
WF-001331,2008-10-05 18:59:00,0,Pass,0.3081904761904761,0.3081904761904761,0.050251731326507405,0.02459016393442623,Isotonic,Engineering Review
WF-001177,2008-09-29 12:25:00,0,Pass,0.33809523809523806,0.33809523809523806,0.05588711303584482,0.02459016393442623,Isotonic,Engineering Review
WF-001462,2008-10-11 14:43:00,0,Pass,0.3660476190476189,0.3660476190476189,0.06168762020920988,0.02459016393442623,Isotonic,Engineering Review
WF-000240,2008-08-17 23:20:00,0,Pass,0.4204999999999999,0.4204999999999999,0.07463171426228249,0.0931174089068826,Isotonic,Engineering Review
WF-001030,2008-09-23 11:14:00,1,Fail,0.3984285714285714,0.3984285714285714,0.06910844503460732,0.0931174089068826,Isotonic,Engineering Review
WF-000446,2008-08-24 07:14:00,0,Pass,0.4193095238095238,0.4193095238095238,0.0743237212546068,0.0931174089068826,Isotonic,Engineering Review
WF-000375,2008-08-21 18:39:00,0,Pass,0.3993809523809524,0.3993809523809524,0.06933875745347902,0.0931174089068826,Isotonic,Engineering Review
WF-001297,2008-10-04 18:59:00,0,Pass,0.37066666666666664,0.37066666666666664,0.06269875051573287,0.02459016393442623,Isotonic,Engineering Review
WF-000746,2008-09-07 18:49:00,0,Pass,0.3993333333333334,0.3993333333333334,0.06932722498071588,0.0931174089068826,Isotonic,Engineering Review
WF-001274,2008-10-03 18:45:00,0,Pass,0.32623809523809527,0.32623809523809527,0.0535848599820519,0.02459016393442623,Isotonic,Engineering Review
WF-000759,2008-09-08 07:14:00,0,Pass,0.3322857142857143,0.3322857142857143,0.054747699885444666,0.02459016393442623,Isotonic,Engineering Review
WF-000167,2008-08-09 06:05:00,0,Pass,0.4961666666666666,0.4961666666666666,0.09677086013823456,0.21739130434782608,Isotonic,Engineering Review
WF-001396,2008-10-07 10:51:00,0,Pass,0.37123809523809526,0.37123809523809526,0.06282490853269078,0.02459016393442623,Isotonic,Engineering Review
WF-000670,2008-09-02 08:54:00,0,Pass,0.3548333333333334,0.3548333333333334,0.059295833192404966,0.02459016393442623,Isotonic,Engineering Review
WF-000542,2008-08-29 16:26:00,0,Pass,0.426595238095238,0.426595238095238,0.07622709346838288,0.0931174089068826,Isotonic,Engineering Review
WF-001129,2008-09-27 13:14:00,0,Pass,0.2338333333333334,0.2338333333333334,0.03848532215628806,0.0,Isotonic,Low Risk
WF-001234,2008-10-02 07:35:00,0,Pass,0.43149999999999994,0.43149999999999994,0.0775335317801721,0.0931174089068826,Isotonic,Engineering Review
WF-001330,2008-10-05 18:46:00,1,Fail,0.4125952380952379,0.4125952380952379,0.07260843274013117,0.0931174089068826,Isotonic,Engineering Review
WF-000844,2008-09-14 20:45:00,0,Pass,0.2596666666666667,0.2596666666666667,0.042238205232579894,0.0,Isotonic,Low Risk
WF-000890,2008-09-18 21:12:00,0,Pass,0.36657142857142855,0.36657142857142855,0.061801514142222,0.02459016393442623,Isotonic,Engineering Review
WF-000071,2008-08-01 15:10:00,0,Pass,0.4108095238095236,0.4108095238095236,0.0721584189879513,0.0931174089068826,Isotonic,Engineering Review
WF-000768,2008-09-08 21:53:00,0,Pass,0.3686428571428571,0.3686428571428571,0.06225383974817236,0.02459016393442623,Isotonic,Engineering Review
WF-001545,2008-10-15 23:45:00,0,Pass,0.3414523809523809,0.3414523809523809,0.05655567893398719,0.02459016393442623,Isotonic,Engineering Review
WF-000802,2008-09-12 06:41:00,0,Pass,0.3291428571428571,0.3291428571428571,0.05414045241770581,0.02459016393442623,Isotonic,Engineering Review
WF-001127,2008-09-27 12:28:00,0,Pass,0.32028571428571423,0.32028571428571423,0.05246311479453485,0.02459016393442623,Isotonic,Engineering Review
WF-000806,2008-09-12 07:38:00,0,Pass,0.38373809523809527,0.38373809523809527,0.06564451774228354,0.07751937984496124,Isotonic,Engineering Review
WF-000231,2008-08-17 05:21:00,0,Pass,0.5294761904761905,0.5294761904761905,0.10826265261258337,0.2222222222222222,Isotonic,Engineering Review
WF-001121,2008-09-27 10:10:00,0,Pass,0.27761904761904754,0.27761904761904754,0.045049648114624696,0.0,Isotonic,Low Risk
WF-001549,2008-10-16 02:22:00,0,Pass,0.27399999999999997,0.27399999999999997,0.04446889467146286,0.0,Isotonic,Low Risk
WF-000608,2008-08-31 11:03:00,0,Pass,0.4593809523809524,0.4593809523809524,0.08535661192476474,0.11290322580645161,Isotonic,Engineering Review
WF-000741,2008-09-07 12:04:00,0,Pass,0.24776190476190474,0.24776190476190474,0.04046717025997386,0.0,Isotonic,Low Risk
WF-001531,2008-10-15 12:53:00,0,Pass,0.3712857142857143,0.3712857142857143,0.06283543238436047,0.02459016393442623,Isotonic,Engineering Review
WF-001245,2008-10-02 15:10:00,0,Pass,0.37740476190476185,0.37740476190476185,0.06420150842729073,0.07751937984496124,Isotonic,Engineering Review
WF-001556,2008-10-16 04:50:00,0,Pass,0.30354761904761907,0.30354761904761907,0.049426546870578875,0.02459016393442623,Isotonic,Engineering Review
WF-000125,2008-08-05 21:22:00,0,Pass,0.4187380952380952,0.4187380952380952,0.07417630019355405,0.0931174089068826,Isotonic,Engineering Review
WF-000379,2008-08-21 19:46:00,0,Pass,0.3871666666666665,0.3871666666666665,0.06643822346538192,0.07751937984496124,Isotonic,Engineering Review
WF-000922,2008-09-19 20:07:00,0,Pass,0.2800238095238096,0.2800238095238096,0.04543953244573818,0.0,Isotonic,Low Risk
WF-001534,2008-10-15 14:08:00,0,Pass,0.3288095238095238,0.3288095238095238,0.05407642108910385,0.02459016393442623,Isotonic,Engineering Review
WF-000995,2008-09-21 17:30:00,0,Pass,0.30638095238095236,0.30638095238095236,0.04992858061218864,0.02459016393442623,Isotonic,Engineering Review
WF-000627,2008-09-01 06:52:00,0,Pass,0.28721428571428564,0.28721428571428564,0.046624581717452214,0.0,Isotonic,Low Risk
WF-001414,2008-10-08 05:38:00,0,Pass,0.3005,0.3005,0.04889188791416942,0.02459016393442623,Isotonic,Engineering Review
WF-001069,2008-09-24 18:05:00,0,Pass,0.3274761904761905,0.3274761904761905,0.0538210091280393,0.02459016393442623,Isotonic,Engineering Review
WF-001196,2008-09-30 14:20:00,0,Pass,0.34802380952380946,0.34802380952380946,0.05788617513767796,0.02459016393442623,Isotonic,Engineering Review
WF-001285,2008-10-03 23:46:00,0,Pass,0.444452380952381,0.444452380952381,0.08108266380313607,0.0931174089068826,Isotonic,Engineering Review
WF-001356,2008-10-06 08:57:00,0,Pass,0.2787380952380953,0.2787380952380953,0.045230681325405996,0.0,Isotonic,Low Risk
WF-001294,2008-10-04 16:58:00,0,Pass,0.359952380952381,0.359952380952381,0.06037665317507399,0.02459016393442623,Isotonic,Engineering Review
WF-001141,2008-09-27 21:45:00,0,Pass,0.3486904761904762,0.3486904761904762,0.058022782757093695,0.02459016393442623,Isotonic,Engineering Review
WF-001476,2008-10-13 11:27:00,0,Pass,0.23749999999999996,0.23749999999999996,0.03899781782217571,0.0,Isotonic,Low Risk
WF-000099,2008-08-04 22:51:00,0,Pass,0.40107142857142863,0.40107142857142863,0.06974931219285019,0.0931174089068826,Isotonic,Engineering Review
WF-000923,2008-09-19 20:10:00,0,Pass,0.309547619047619,0.309547619047619,0.05049539326739084,0.02459016393442623,Isotonic,Engineering Review
WF-001061,2008-09-24 12:35:00,0,Pass,0.36678571428571427,0.36678571428571427,0.06184816370748608,0.02459016393442623,Isotonic,Engineering Review
WF-000070,2008-08-01 14:07:00,0,Pass,0.46440476190476204,0.46440476190476204,0.0868402413992645,0.11290322580645161,Isotonic,Engineering Review
WF-000249,2008-08-18 05:25:00,0,Pass,0.4742619047619049,0.4742619047619049,0.08981920798926737,0.11290322580645161,Isotonic,Engineering Review
WF-001021,2008-09-22 23:01:00,0,Pass,0.32935714285714285,0.32935714285714285,0.05418165315302972,0.02459016393442623,Isotonic,Engineering Review
WF-000618,2008-08-31 22:57:00,0,Pass,0.39630952380952367,0.39630952380952367,0.06859853878630383,0.09090909090909091,Isotonic,Engineering Review
WF-000474,2008-08-28 09:46:00,0,Pass,0.28695238095238096,0.28695238095238096,0.046580906384079426,0.0,Isotonic,Low Risk
WF-000674,2008-09-02 10:21:00,0,Pass,0.34097619047619054,0.34097619047619054,0.05646039131006474,0.02459016393442623,Isotonic,Engineering Review
WF-001413,2008-10-08 05:35:00,0,Pass,0.32523809523809527,0.32523809523809527,0.05339483806605371,0.02459016393442623,Isotonic,Engineering Review
WF-000745,2008-09-07 18:24:00,0,Pass,0.2806428571428572,0.2806428571428572,0.04554041766854356,0.0,Isotonic,Low Risk
WF-000828,2008-09-13 12:48:00,0,Pass,0.32573809523809516,0.32573809523809516,0.05348976941133221,0.02459016393442623,Isotonic,Engineering Review
WF-000091,2008-08-04 16:31:00,0,Pass,0.44216666666666665,0.44216666666666665,0.08044576088994977,0.0931174089068826,Isotonic,Engineering Review
WF-000585,2008-08-30 14:23:00,0,Pass,0.3735952380952381,0.3735952380952381,0.0633478175148901,0.07751937984496124,Isotonic,Engineering Review
WF-000898,2008-09-19 04:42:00,0,Pass,0.39107142857142857,0.39107142857142857,0.06735301815153383,0.07751937984496124,Isotonic,Engineering Review
WF-001363,2008-10-06 13:08:00,0,Pass,0.33645238095238084,0.33645238095238084,0.05556265850008235,0.02459016393442623,Isotonic,Engineering Review
WF-000272,2008-08-18 15:41:00,0,Pass,0.367,0.367,0.06189484616215194,0.02459016393442623,Isotonic,Engineering Review
WF-000082,2008-08-03 22:52:00,0,Pass,0.5328809523809523,0.5328809523809523,0.10950254340268943,0.2222222222222222,Isotonic,Engineering Review
WF-000885,2008-09-18 10:48:00,0,Pass,0.37797619047619047,0.37797619047619047,0.06433048265722664,0.07751937984496124,Isotonic,Engineering Review
WF-000431,2008-08-23 03:26:00,0,Pass,0.36704761904761896,0.36704761904761896,0.061905224509408094,0.02459016393442623,Isotonic,Engineering Review
WF-001125,2008-09-27 11:54:00,0,Pass,0.42473809523809525,0.42473809523809525,0.07573771520582832,0.0931174089068826,Isotonic,Engineering Review
WF-000318,2008-08-20 00:05:00,0,Pass,0.4280238095238095,0.4280238095238095,0.07660551069034043,0.0931174089068826,Isotonic,Engineering Review
WF-000301,2008-08-19 10:46:00,0,Pass,0.5842619047619048,0.5842619047619048,0.1297707875690573,0.3333333333333333,Isotonic,Engineering Review
WF-000449,2008-08-24 13:03:00,1,Fail,0.5176904761904763,0.5176904761904763,0.10406556304900316,0.2222222222222222,Isotonic,Engineering Review
WF-000368,2008-08-21 15:50:00,0,Pass,0.4744285714285713,0.4744285714285713,0.08987036021644468,0.11290322580645161,Isotonic,Engineering Review
WF-001295,2008-10-04 18:15:00,0,Pass,0.45992857142857135,0.45992857142857135,0.08551721176803634,0.11290322580645161,Isotonic,Engineering Review
WF-000779,2008-09-10 23:43:00,0,Pass,0.3868809523809524,0.3868809523809524,0.06637174230470776,0.07751937984496124,Isotonic,Engineering Review
WF-000549,2008-08-29 22:45:00,0,Pass,0.3602142857142857,0.3602142857142857,0.06043244382119267,0.02459016393442623,Isotonic,Engineering Review
WF-000418,2008-08-22 12:37:00,0,Pass,0.4776428571428572,0.4776428571428572,0.09086201507237525,0.11290322580645161,Isotonic,Engineering Review
WF-001540,2008-10-15 19:24:00,0,Pass,0.30269047619047623,0.30269047619047623,0.049275616305079165,0.02459016393442623,Isotonic,Engineering Review
WF-001358,2008-10-06 09:57:00,0,Pass,0.37140476190476174,0.37140476190476174,0.06286174920932579,0.02459016393442623,Isotonic,Engineering Review
WF-000932,2008-09-19 23:33:00,0,Pass,0.371952380952381,0.371952380952381,0.06298293909425273,0.02459016393442623,Isotonic,Engineering Review
WF-000296,2008-08-19 08:01:00,0,Pass,0.45945238095238106,0.45945238095238106,0.08537754421201055,0.11290322580645161,Isotonic,Engineering Review
WF-000524,2008-08-29 07:33:00,0,Pass,0.3398333333333334,0.3398333333333334,0.05623231650864212,0.02459016393442623,Isotonic,Engineering Review
WF-000356,2008-08-21 12:33:00,0,Pass,0.39033333333333325,0.39033333333333325,0.06717920855755555,0.07751937984496124,Isotonic,Engineering Review
WF-001217,2008-10-01 09:16:00,0,Pass,0.44357142857142867,0.44357142857142867,0.08083664809723554,0.0931174089068826,Isotonic,Engineering Review
WF-001482,2008-10-13 15:42:00,0,Pass,0.34988095238095235,0.34988095238095235,0.058267477659609095,0.02459016393442623,Isotonic,Engineering Review
WF-000672,2008-09-02 09:37:00,0,Pass,0.3090952380952381,0.3090952380952381,0.05041404858167177,0.02459016393442623,Isotonic,Engineering Review
WF-000001,2008-07-19 11:55:00,0,Pass,0.4320952380952382,0.4320952380952382,0.07769346852802492,0.0931174089068826,Isotonic,Engineering Review
WF-001067,2008-09-24 16:26:00,0,Pass,0.36635714285714277,0.36635714285714277,0.06175489744668594,0.02459016393442623,Isotonic,Engineering Review
WF-001465,2008-10-11 23:16:00,0,Pass,0.3009761904761905,0.3009761904761905,0.048975065258537565,0.02459016393442623,Isotonic,Engineering Review
WF-000457,2008-08-27 22:48:00,0,Pass,0.3554761904761905,0.3554761904761905,0.05943056217453691,0.02459016393442623,Isotonic,Engineering Review
WF-000237,2008-08-17 22:03:00,1,Fail,0.5861666666666667,0.5861666666666667,0.1305802709294031,0.4,Isotonic,Engineering Review
WF-000836,2008-09-14 15:46:00,0,Pass,0.3757380952380952,0.3757380952380952,0.06382670800854859,0.07751937984496124,Isotonic,Engineering Review
WF-000498,2008-08-28 21:52:00,0,Pass,0.4074047619047618,0.4074047619047618,0.07130751371982921,0.0931174089068826,Isotonic,Engineering Review
WF-000090,2008-08-04 16:15:00,0,Pass,0.3493571428571429,0.3493571428571429,0.058159692859769824,0.02459016393442623,Isotonic,Engineering Review
WF-001308,2008-10-05 04:20:00,0,Pass,0.39342857142857157,0.39342857142857157,0.06791088478365437,0.07751937984496124,Isotonic,Engineering Review
WF-001421,2008-10-08 10:37:00,0,Pass,0.34140476190476193,0.34140476190476193,0.05654614337279459,0.02459016393442623,Isotonic,Engineering Review
WF-000476,2008-08-28 10:15:00,0,Pass,0.3754523809523811,0.3754523809523811,0.06376266156820537,0.07751937984496124,Isotonic,Engineering Review
WF-001415,2008-10-08 06:25:00,0,Pass,0.28645238095238096,0.28645238095238096,0.04649763423921165,0.0,Isotonic,Low Risk
WF-000945,2008-09-20 11:18:00,0,Pass,0.32628571428571423,0.32628571428571423,0.053593924539644816,0.02459016393442623,Isotonic,Engineering Review
WF-000328,2008-08-20 09:17:00,1,Fail,0.4389523809523811,0.4389523809523811,0.07955783935789644,0.0931174089068826,Isotonic,Engineering Review
WF-001159,2008-09-28 19:18:00,0,Pass,0.31280952380952387,0.31280952380952387,0.05108561980354286,0.02459016393442623,Isotonic,Engineering Review
WF-001468,2008-10-12 01:50:00,0,Pass,0.2948571428571429,0.2948571428571429,0.04791638723915782,0.0,Isotonic,Low Risk
WF-000639,2008-09-01 23:19:00,0,Pass,0.38878571428571423,0.38878571428571423,0.06681611968158324,0.07751937984496124,Isotonic,Engineering Review
WF-001182,2008-09-29 15:16:00,0,Pass,0.3248571428571427,0.3248571428571427,0.0533226161505438,0.02459016393442623,Isotonic,Engineering Review
WF-001080,2008-09-25 11:55:00,0,Pass,0.34957142857142853,0.34957142857142853,0.05820376401219816,0.02459016393442623,Isotonic,Engineering Review
WF-000886,2008-09-18 13:48:00,0,Pass,0.2885238095238094,0.2885238095238094,0.04684354320172244,0.0,Isotonic,Low Risk
WF-000037,2008-07-28 04:37:00,0,Pass,0.49483333333333346,0.49483333333333346,0.09633433186855189,0.21739130434782608,Isotonic,Engineering Review
WF-001559,2008-10-16 05:13:00,0,Pass,0.2874047619047619,0.2874047619047619,0.046656370056775844,0.0,Isotonic,Low Risk
WF-000763,2008-09-08 19:15:00,0,Pass,0.35016666666666657,0.35016666666666657,0.05832634832576943,0.02459016393442623,Isotonic,Engineering Review
WF-001522,2008-10-15 04:08:00,0,Pass,0.22697619047619047,0.22697619047619047,0.03754419141536389,0.0,Isotonic,Low Risk
WF-000579,2008-08-30 10:16:00,0,Pass,0.3742380952380952,0.3742380952380952,0.0634911318196061,0.07751937984496124,Isotonic,Engineering Review
WF-000725,2008-09-04 08:41:00,0,Pass,0.257595238095238,0.257595238095238,0.04192480785828017,0.0,Isotonic,Low Risk
WF-001256,2008-10-02 21:33:00,0,Pass,0.38002380952380965,0.38002380952380965,0.06479462408812159,0.07751937984496124,Isotonic,Engineering Review
WF-000927,2008-09-19 21:09:00,1,Fail,0.3872619047619048,0.3872619047619048,0.06646039759375218,0.07751937984496124,Isotonic,Engineering Review
WF-000299,2008-08-19 09:04:00,0,Pass,0.4017380952380953,0.4017380952380953,0.06991183851802298,0.0931174089068826,Isotonic,Engineering Review
WF-001498,2008-10-14 03:28:00,0,Pass,0.30521428571428577,0.30521428571428577,0.049721278371688875,0.02459016393442623,Isotonic,Engineering Review
WF-001066,2008-09-24 15:43:00,0,Pass,0.4552142857142857,0.4552142857142857,0.0841435880370547,0.0931174089068826,Isotonic,Engineering Review
WF-000666,2008-09-02 06:48:00,0,Pass,0.2564047619047619,0.2564047619047619,0.04174570184720495,0.0,Isotonic,Low Risk
WF-000442,2008-08-23 15:29:00,1,Fail,0.2997857142857144,0.2997857142857144,0.04876737311614076,0.02459016393442623,Isotonic,Engineering Review
WF-000258,2008-08-18 10:13:00,0,Pass,0.4718809523809524,0.4718809523809524,0.08909132227227348,0.11290322580645161,Isotonic,Engineering Review
WF-000103,2008-08-05 02:15:00,0,Pass,0.4552380952380953,0.4552380952380953,0.08415047492066743,0.0931174089068826,Isotonic,Engineering Review
WF-000199,2008-08-12 11:29:00,0,Pass,0.40302380952380945,0.40302380952380945,0.0702262715974295,0.0931174089068826,Isotonic,Engineering Review
WF-001325,2008-10-05 15:30:00,1,Fail,0.4099285714285715,0.4099285714285715,0.07193736089234229,0.0931174089068826,Isotonic,Engineering Review
WF-001108,2008-09-26 15:49:00,0,Pass,0.4118333333333334,0.4118333333333334,0.07241611133918202,0.0931174089068826,Isotonic,Engineering Review
WF-001154,2008-09-28 17:06:00,0,Pass,0.4201428571428571,0.4201428571428571,0.074539193361497,0.0931174089068826,Isotonic,Engineering Review
WF-000344,2008-08-20 23:18:00,0,Pass,0.42421428571428577,0.42421428571428577,0.07560020780683135,0.0931174089068826,Isotonic,Engineering Review
WF-001292,2008-10-04 09:29:00,0,Pass,0.2867142857142857,0.2867142857142857,0.04654123530607742,0.0,Isotonic,Low Risk
WF-000182,2008-08-10 06:41:00,0,Pass,0.37188095238095253,0.37188095238095253,0.06296711936736366,0.02459016393442623,Isotonic,Engineering Review
WF-001202,2008-09-30 17:27:00,0,Pass,0.3670714285714285,0.3670714285714285,0.06191041429253114,0.02459016393442623,Isotonic,Engineering Review
WF-000584,2008-08-30 14:10:00,1,Fail,0.3954285714285713,0.3954285714285713,0.06838758260321497,0.09090909090909091,Isotonic,Engineering Review
WF-000562,2008-08-30 04:20:00,0,Pass,0.34804761904761905,0.34804761904761905,0.05789104877913801,0.02459016393442623,Isotonic,Engineering Review
WF-000893,2008-09-18 23:05:00,0,Pass,0.3178333333333333,0.3178333333333333,0.052007437660301185,0.02459016393442623,Isotonic,Engineering Review
WF-000510,2008-08-29 04:56:00,0,Pass,0.35083333333333333,0.35083333333333333,0.05846393026269462,0.02459016393442623,Isotonic,Engineering Review
WF-000245,2008-08-18 04:01:00,1,Fail,0.4287380952380953,0.4287380952380953,0.07679536467146267,0.0931174089068826,Isotonic,Engineering Review
WF-001262,2008-10-03 00:55:00,0,Pass,0.43049999999999994,0.43049999999999994,0.0772655168163875,0.0931174089068826,Isotonic,Engineering Review
WF-000586,2008-08-30 14:37:00,0,Pass,0.3361904761904761,0.3361904761904761,0.055511097977391274,0.02459016393442623,Isotonic,Engineering Review
WF-001153,2008-09-28 17:05:00,0,Pass,0.37321428571428555,0.37321428571428555,0.06326303290161246,0.07751937984496124,Isotonic,Engineering Review
WF-001236,2008-10-02 08:24:00,0,Pass,0.4535952380952382,0.4535952380952382,0.08367647919017553,0.0931174089068826,Isotonic,Engineering Review
WF-000895,2008-09-19 00:30:00,0,Pass,0.28547619047619055,0.28547619047619055,0.046335463247141766,0.0,Isotonic,Low Risk
WF-000157,2008-08-08 07:26:00,0,Pass,0.4840952380952382,0.4840952380952382,0.09288244023888716,0.12121212121212122,Isotonic,Engineering Review
WF-000997,2008-09-21 19:19:00,0,Pass,0.2852619047619048,0.2852619047619048,0.04629993683219557,0.0,Isotonic,Low Risk
WF-001079,2008-09-25 11:09:00,0,Pass,0.2801904761904763,0.2801904761904763,0.045466672894143405,0.0,Isotonic,Low Risk
WF-001307,2008-10-05 04:01:00,0,Pass,0.3292619047619048,0.3292619047619048,0.054163338067285766,0.02459016393442623,Isotonic,Engineering Review
WF-000065,2008-08-01 05:52:00,1,Fail,0.45778571428571435,0.45778571428571435,0.08489033511444583,0.11290322580645161,Isotonic,Engineering Review
WF-001000,2008-09-21 22:02:00,0,Pass,0.32802380952380955,0.32802380952380955,0.053925772498267334,0.02459016393442623,Isotonic,Engineering Review
WF-001082,2008-09-25 14:08:00,0,Pass,0.3164047619047619,0.3164047619047619,0.051743721438870405,0.02459016393442623,Isotonic,Engineering Review
WF-000786,2008-09-11 09:24:00,0,Pass,0.26928571428571435,0.26928571428571435,0.043723086962769185,0.0,Isotonic,Low Risk
WF-000407,2008-08-22 06:00:00,1,Fail,0.5225952380952381,0.5225952380952381,0.10579447686630468,0.2222222222222222,Isotonic,Engineering Review
WF-000650,2008-09-02 01:10:00,0,Pass,0.4170238095238096,0.4170238095238096,0.07373564956598314,0.0931174089068826,Isotonic,Engineering Review
WF-000547,2008-08-29 21:54:00,0,Pass,0.3900714285714285,0.3900714285714285,0.06711763429748692,0.07751937984496124,Isotonic,Engineering Review
WF-000079,2008-08-03 17:00:00,0,Pass,0.5160714285714285,0.5160714285714285,0.10350035883718776,0.2222222222222222,Isotonic,Engineering Review
WF-000916,2008-09-19 17:47:00,0,Pass,0.2740714285714285,0.2740714285714285,0.04448028755461667,0.0,Isotonic,Low Risk
WF-000164,2008-08-08 22:25:00,0,Pass,0.5273571428571427,0.5273571428571427,0.10749721369064083,0.2222222222222222,Isotonic,Engineering Review
WF-000257,2008-08-18 08:31:00,0,Pass,0.47457142857142864,0.47457142857142864,0.0899142258776673,0.11290322580645161,Isotonic,Engineering Review
WF-001351,2008-10-06 07:12:00,0,Pass,0.39290476190476187,0.39290476190476187,0.06778654537884304,0.07751937984496124,Isotonic,Engineering Review
WF-000315,2008-08-19 18:30:00,0,Pass,0.47133333333333344,0.47133333333333344,0.08892466300028662,0.11290322580645161,Isotonic,Engineering Review
WF-001546,2008-10-16 02:16:00,0,Pass,0.2880952380952381,0.2880952380952381,0.04677177565845466,0.0,Isotonic,Low Risk
WF-001071,2008-09-25 02:03:00,0,Pass,0.33847619047619054,0.33847619047619054,0.055962603059257196,0.02459016393442623,Isotonic,Engineering Review
WF-000982,2008-09-21 09:31:00,0,Pass,0.3408333333333333,0.3408333333333333,0.05643183446821078,0.02459016393442623,Isotonic,Engineering Review
WF-000999,2008-09-21 21:54:00,0,Pass,0.34261904761904766,0.34261904761904766,0.056789772877434364,0.02459016393442623,Isotonic,Engineering Review
WF-000736,2008-09-05 21:48:00,0,Pass,0.3458333333333334,0.3458333333333334,0.05743944413034763,0.02459016393442623,Isotonic,Engineering Review
WF-001429,2008-10-08 17:31:00,0,Pass,0.34211904761904754,0.34211904761904754,0.05668933560333187,0.02459016393442623,Isotonic,Engineering Review
WF-001382,2008-10-06 22:37:00,0,Pass,0.28790476190476183,0.28790476190476183,0.04673991254492515,0.0,Isotonic,Low Risk
WF-000041,2008-07-28 15:11:00,1,Fail,0.5309523809523811,0.5309523809523811,0.1087987059580632,0.2222222222222222,Isotonic,Engineering Review
WF-001420,2008-10-08 09:06:00,0,Pass,0.3216666666666667,0.3216666666666667,0.052721366956790715,0.02459016393442623,Isotonic,Engineering Review
WF-000093,2008-08-04 17:46:00,0,Pass,0.43757142857142867,0.43757142857142867,0.07917911841779943,0.0931174089068826,Isotonic,Engineering Review
WF-001239,2008-10-02 09:10:00,1,Fail,0.3743809523809525,0.3743809523809525,0.06352302046323338,0.07751937984496124,Isotonic,Engineering Review
WF-001076,2008-09-25 09:31:00,0,Pass,0.31154761904761913,0.31154761904761913,0.05085651376372759,0.02459016393442623,Isotonic,Engineering Review
WF-000926,2008-09-19 21:08:00,0,Pass,0.33990476190476193,0.33990476190476193,0.056246545764434996,0.02459016393442623,Isotonic,Engineering Review
WF-000868,2008-09-16 19:45:00,0,Pass,0.33921428571428575,0.33921428571428575,0.056109138023137606,0.02459016393442623,Isotonic,Engineering Review
WF-000598,2008-08-30 20:53:00,0,Pass,0.3528809523809524,0.3528809523809524,0.05888840872797478,0.02459016393442623,Isotonic,Engineering Review
WF-001387,2008-10-07 07:32:00,0,Pass,0.2844285714285715,0.2844285714285715,0.04616202477320734,0.0,Isotonic,Low Risk
WF-001455,2008-10-10 21:16:00,0,Pass,0.27176190476190476,0.27176190476190476,0.04411332394852639,0.0,Isotonic,Low Risk
WF-001448,2008-10-10 10:53:00,0,Pass,0.3664523809523809,0.3664523809523809,0.061775611921303354,0.02459016393442623,Isotonic,Engineering Review
WF-000068,2008-08-01 11:28:00,0,Pass,0.5068571428571429,0.5068571428571429,0.10033514036185821,0.2222222222222222,Isotonic,Engineering Review
WF-000329,2008-08-20 10:26:00,0,Pass,0.34183333333333327,0.34183333333333327,0.05663201785866131,0.02459016393442623,Isotonic,Engineering Review
WF-001149,2008-09-28 07:52:00,0,Pass,0.3293095238095238,0.3293095238095238,0.054172494880475125,0.02459016393442623,Isotonic,Engineering Review
WF-000764,2008-09-08 19:25:00,0,Pass,0.3749523809523809,0.3749523809523809,0.06365072438938482,0.07751937984496124,Isotonic,Engineering Review
WF-000108,2008-08-05 03:54:00,0,Pass,0.393190476190476,0.393190476190476,0.06785434068025809,0.07751937984496124,Isotonic,Engineering Review
WF-000909,2008-09-19 10:45:00,0,Pass,0.27045238095238106,0.27045238095238106,0.04390653650058731,0.0,Isotonic,Low Risk
WF-000988,2008-09-21 14:31:00,0,Pass,0.3245714285714284,0.3245714285714284,0.0532685102206114,0.02459016393442623,Isotonic,Engineering Review
WF-001025,2008-09-23 06:44:00,0,Pass,0.4107857142857143,0.4107857142857143,0.07215243621635982,0.0931174089068826,Isotonic,Engineering Review
WF-000555,2008-08-30 01:29:00,0,Pass,0.33664285714285713,0.33664285714285713,0.05560018536922982,0.02459016393442623,Isotonic,Engineering Review
WF-000347,2008-08-21 02:46:00,0,Pass,0.32376190476190486,0.32376190476190486,0.053115491324418534,0.02459016393442623,Isotonic,Engineering Review
WF-000530,2008-08-29 12:21:00,0,Pass,0.4414761904761905,0.4414761904761905,0.08025426277199849,0.0931174089068826,Isotonic,Engineering Review
WF-001552,2008-10-16 04:02:00,0,Pass,0.2633809523809524,0.2633809523809524,0.04280577466778931,0.0,Isotonic,Low Risk
WF-001289,2008-10-04 03:53:00,0,Pass,0.2362857142857143,0.2362857142857143,0.03882737418783013,0.0,Isotonic,Low Risk
WF-000874,2008-09-17 07:28:00,0,Pass,0.35319047619047617,0.35319047619047617,0.05895282491915558,0.02459016393442623,Isotonic,Engineering Review
WF-001224,2008-10-01 22:47:00,0,Pass,0.4618571428571428,0.4618571428571428,0.08608498550441332,0.11290322580645161,Isotonic,Engineering Review
WF-001489,2008-10-13 20:30:00,0,Pass,0.26709523809523805,0.26709523809523805,0.04338062529206376,0.0,Isotonic,Low Risk
WF-000969,2008-09-20 23:34:00,0,Pass,0.33164285714285713,0.33164285714285713,0.05462297042426197,0.02459016393442623,Isotonic,Engineering Review
WF-000642,2008-09-01 23:39:00,0,Pass,0.39692857142857135,0.39692857142857135,0.06874713873041377,0.09090909090909091,Isotonic,Engineering Review
WF-001001,2008-09-22 00:12:00,0,Pass,0.22290476190476194,0.22290476190476194,0.036995900351459894,0.0,Isotonic,Low Risk
WF-000238,2008-08-17 22:21:00,0,Pass,0.5762619047619049,0.5762619047619049,0.12641747068349504,0.3333333333333333,Isotonic,Engineering Review
WF-001131,2008-09-27 14:01:00,0,Pass,0.3739761904761904,0.3739761904761904,0.06343270806134475,0.07751937984496124,Isotonic,Engineering Review
WF-001322,2008-10-05 12:17:00,0,Pass,0.4326428571428571,0.4326428571428571,0.07784087711748193,0.0931174089068826,Isotonic,Engineering Review
WF-001126,2008-09-27 12:26:00,0,Pass,0.313952380952381,0.313952380952381,0.0512939544641878,0.02459016393442623,Isotonic,Engineering Review
WF-000507,2008-08-29 03:33:00,0,Pass,0.501142857142857,0.501142857142857,0.09841567632919689,0.21739130434782608,Isotonic,Engineering Review
WF-000383,2008-08-21 21:32:00,0,Pass,0.38166666666666677,0.38166666666666677,0.06516926815790881,0.07751937984496124,Isotonic,Engineering Review
WF-000366,2008-08-21 15:32:00,0,Pass,0.33973809523809506,0.33973809523809506,0.05621334943346811,0.02459016393442623,Isotonic,Engineering Review
WF-000335,2008-08-20 18:29:00,0,Pass,0.42114285714285715,0.42114285714285715,0.07479851798036727,0.0931174089068826,Isotonic,Engineering Review
WF-000137,2008-08-06 17:35:00,0,Pass,0.44523809523809527,0.44523809523809527,0.08130265895733049,0.0931174089068826,Isotonic,Engineering Review
WF-001088,2008-09-25 17:28:00,0,Pass,0.382904761904762,0.382904761904762,0.06545293919623094,0.07751937984496124,Isotonic,Engineering Review
WF-000253,2008-08-18 07:11:00,0,Pass,0.410047619047619,0.410047619047619,0.07196719706062116,0.0931174089068826,Isotonic,Engineering Review
WF-000281,2008-08-18 23:47:00,0,Pass,0.4459047619047618,0.4459047619047618,0.08148974803206152,0.0931174089068826,Isotonic,Engineering Review
WF-001373,2008-10-06 17:35:00,0,Pass,0.2743333333333333,0.2743333333333333,0.04452208527372206,0.0,Isotonic,Low Risk
WF-000599,2008-08-30 21:53:00,0,Pass,0.3548095238095238,0.3548095238095238,0.05929084872997716,0.02459016393442623,Isotonic,Engineering Review
WF-000617,2008-08-31 22:48:00,0,Pass,0.38957142857142857,0.38957142857142857,0.06700022885790818,0.07751937984496124,Isotonic,Engineering Review
WF-001460,2008-10-11 07:42:00,0,Pass,0.35111904761904755,0.35111904761904755,0.05852298708042345,0.02459016393442623,Isotonic,Engineering Review
WF-000174,2008-08-09 21:07:00,0,Pass,0.428904761904762,0.428904761904762,0.07683972596311663,0.0931174089068826,Isotonic,Engineering Review
WF-000824,2008-09-13 09:19:00,0,Pass,0.2996666666666666,0.2996666666666666,0.048746649920270314,0.02459016393442623,Isotonic,Engineering Review
WF-000810,2008-09-12 15:40:00,0,Pass,0.4290714285714286,0.4290714285714286,0.0768841107462439,0.0931174089068826,Isotonic,Engineering Review
WF-001017,2008-09-22 21:30:00,0,Pass,0.2701666666666666,0.2701666666666666,0.043861542297868844,0.0,Isotonic,Low Risk
WF-001565,2008-10-17 05:26:00,0,Pass,0.2797857142857143,0.2797857142857143,0.04540078714130675,0.0,Isotonic,Low Risk
WF-000168,2008-08-09 09:16:00,1,Fail,0.6134285714285715,0.6134285714285715,0.1426420541353388,0.4,Isotonic,Engineering Review
WF-000357,2008-08-21 12:43:00,0,Pass,0.4213809523809524,0.4213809523809524,0.0748603840494564,0.0931174089068826,Isotonic,Engineering Review
WF-000263,2008-08-18 12:49:00,0,Pass,0.5460714285714285,0.5460714285714285,0.11442421445303114,0.2222222222222222,Isotonic,Engineering Review
WF-001008,2008-09-22 10:43:00,0,Pass,0.36083333333333334,0.36083333333333334,0.06056450442649509,0.02459016393442623,Isotonic,Engineering Review
WF-000250,2008-08-18 06:07:00,0,Pass,0.43350000000000016,0.43350000000000016,0.07807211773666559,0.0931174089068826,Isotonic,Engineering Review
WF-000591,2008-08-30 15:57:00,0,Pass,0.381142857142857,0.381142857142857,0.0650495981154335,0.07751937984496124,Isotonic,Engineering Review
WF-000634,2008-09-01 16:20:00,0,Pass,0.33245238095238094,0.33245238095238094,0.054780080926813635,0.02459016393442623,Isotonic,Engineering Review
WF-001452,2008-10-10 20:02:00,0,Pass,0.2878095238095239,0.2878095238095239,0.04672398873003663,0.0,Isotonic,Low Risk
WF-000128,2008-08-05 23:38:00,0,Pass,0.5160714285714286,0.5160714285714286,0.10350035883718783,0.2222222222222222,Isotonic,Engineering Review
WF-001253,2008-10-02 19:25:00,0,Pass,0.47978571428571415,0.47978571428571415,0.09152857921240687,0.12121212121212122,Isotonic,Engineering Review
WF-001392,2008-10-07 09:20:00,0,Pass,0.2876904761904762,0.2876904761904762,0.04670409121646477,0.0,Isotonic,Low Risk
WF-001469,2008-10-12 02:59:00,0,Pass,0.23469047619047614,0.23469047619047614,0.038604544222513984,0.0,Isotonic,Low Risk
WF-000553,2008-08-30 00:05:00,0,Pass,0.3993809523809524,0.3993809523809524,0.06933875745347902,0.0931174089068826,Isotonic,Engineering Review
WF-000412,2008-08-22 09:29:00,0,Pass,0.41257142857142876,0.41257142857142876,0.07260241557673637,0.0931174089068826,Isotonic,Engineering Review
WF-000568,2008-08-30 05:51:00,0,Pass,0.46845238095238095,0.46845238095238095,0.08805251591952175,0.11290322580645161,Isotonic,Engineering Review
WF-001147,2008-09-28 06:22:00,0,Pass,0.42090476190476195,0.42090476190476195,0.07473669890831278,0.0931174089068826,Isotonic,Engineering Review
WF-000302,2008-08-19 11:11:00,0,Pass,0.4777619047619046,0.4777619047619046,0.09089893150710839,0.11290322580645161,Isotonic,Engineering Review
WF-000557,2008-08-30 02:22:00,0,Pass,0.3055238095238095,0.3055238095238095,0.04977619729560146,0.02459016393442623,Isotonic,Engineering Review
WF-001471,2008-10-12 03:28:00,0,Pass,0.3660238095238094,0.3660238095238094,0.06168244787429139,0.02459016393442623,Isotonic,Engineering Review
WF-000066,2008-08-01 10:20:00,0,Pass,0.43633333333333335,0.43633333333333335,0.07884097718152076,0.0931174089068826,Isotonic,Engineering Review
WF-000850,2008-09-15 12:27:00,0,Pass,0.31821428571428584,0.31821428571428584,0.052077976247391716,0.02459016393442623,Isotonic,Engineering Review
WF-001342,2008-10-06 03:31:00,0,Pass,0.2925238095238095,0.2925238095238095,0.04751844081424247,0.0,Isotonic,Low Risk
WF-001043,2008-09-23 20:18:00,0,Pass,0.3324285714285714,0.3324285714285714,0.054775453959383213,0.02459016393442623,Isotonic,Engineering Review
WF-000040,2008-07-28 08:36:00,0,Pass,0.32035714285714284,0.32035714285714284,0.05247644330892051,0.02459016393442623,Isotonic,Engineering Review
WF-001041,2008-09-23 18:36:00,0,Pass,0.340547619047619,0.340547619047619,0.05637476151956739,0.02459016393442623,Isotonic,Engineering Review
WF-000566,2008-08-30 05:05:00,0,Pass,0.3907619047619047,0.3907619047619047,0.06728007951964225,0.07751937984496124,Isotonic,Engineering Review
WF-000833,2008-09-14 02:50:00,0,Pass,0.38361904761904764,0.38361904761904764,0.06561711749351709,0.07751937984496124,Isotonic,Engineering Review
WF-000834,2008-09-14 02:59:00,0,Pass,0.35283333333333344,0.35283333333333344,0.058878504402923096,0.02459016393442623,Isotonic,Engineering Review
WF-000905,2008-09-19 08:08:00,0,Pass,0.41285714285714287,0.41285714285714287,0.07267465188034494,0.0931174089068826,Isotonic,Engineering Review
WF-001216,2008-10-01 09:15:00,0,Pass,0.3672380952380953,0.3672380952380953,0.0619467541541516,0.02459016393442623,Isotonic,Engineering Review
WF-001016,2008-09-22 16:25:00,0,Pass,0.32878571428571424,0.32878571428571424,0.054071850155920684,0.02459016393442623,Isotonic,Engineering Review
WF-000826,2008-09-13 11:42:00,0,Pass,0.40097619047619054,0.40097619047619054,0.06972612269653275,0.0931174089068826,Isotonic,Engineering Review
WF-001261,2008-10-03 00:24:00,0,Pass,0.3420238095238096,0.3420238095238096,0.05667022363263388,0.02459016393442623,Isotonic,Engineering Review
WF-000179,2008-08-10 00:09:00,0,Pass,0.4213095238095237,0.4213095238095237,0.07484181929232256,0.0931174089068826,Isotonic,Engineering Review
WF-000212,2008-08-15 23:31:00,0,Pass,0.4161666666666665,0.4161666666666665,0.07351622885223885,0.0931174089068826,Isotonic,Engineering Review
WF-000540,2008-08-29 15:01:00,0,Pass,0.36266666666666664,0.36266666666666664,0.06095719231645235,0.02459016393442623,Isotonic,Engineering Review
WF-000484,2008-08-28 16:43:00,0,Pass,0.4554285714285717,0.4554285714285717,0.0842055884195252,0.0931174089068826,Isotonic,Engineering Review
WF-000744,2008-09-07 18:02:00,0,Pass,0.2868571428571428,0.2868571428571428,0.04656503409478559,0.0,Isotonic,Low Risk
WF-000478,2008-08-28 10:32:00,0,Pass,0.34076190476190465,0.34076190476190465,0.05641756114021406,0.02459016393442623,Isotonic,Engineering Review
WF-000219,2008-08-16 09:44:00,1,Fail,0.5220238095238093,0.5220238095238093,0.10559175407249098,0.2222222222222222,Isotonic,Engineering Review
WF-000964,2008-09-20 18:03:00,0,Pass,0.3003809523809524,0.3003809523809524,0.04887111452541353,0.02459016393442623,Isotonic,Engineering Review
WF-000054,2008-07-29 23:19:00,0,Pass,0.3940476190476191,0.3940476190476191,0.06805810396078238,0.07751937984496124,Isotonic,Engineering Review
WF-000471,2008-08-28 07:40:00,0,Pass,0.46366666666666667,0.46366666666666667,0.08662081412986138,0.11290322580645161,Isotonic,Engineering Review
WF-000842,2008-09-14 20:00:00,0,Pass,0.35116666666666657,0.35116666666666657,0.058532835321145664,0.02459016393442623,Isotonic,Engineering Review
WF-000358,2008-08-21 12:52:00,0,Pass,0.47150000000000003,0.47150000000000003,0.08897535558339202,0.11290322580645161,Isotonic,Engineering Review
WF-000359,2008-08-21 13:11:00,0,Pass,0.42333333333333345,0.42333333333333345,0.07536946224978211,0.0931174089068826,Isotonic,Engineering Review
WF-000807,2008-09-12 11:57:00,0,Pass,0.32628571428571435,0.32628571428571435,0.05359392453964484,0.02459016393442623,Isotonic,Engineering Review
WF-000490,2008-08-28 18:10:00,0,Pass,0.32561904761904764,0.32561904761904764,0.05346715227657843,0.02459016393442623,Isotonic,Engineering Review
WF-000740,2008-09-07 10:52:00,0,Pass,0.3175476190476191,0.3175476190476191,0.051954592990339034,0.02459016393442623,Isotonic,Engineering Review
WF-000102,2008-08-05 01:12:00,0,Pass,0.42028571428571426,0.42028571428571426,0.0745761890598928,0.0931174089068826,Isotonic,Engineering Review
WF-001333,2008-10-05 20:12:00,0,Pass,0.3172142857142857,0.3172142857142857,0.051893005021822106,0.02459016393442623,Isotonic,Engineering Review
WF-001510,2008-10-14 21:36:00,0,Pass,0.318547619047619,0.318547619047619,0.0521397716719107,0.02459016393442623,Isotonic,Engineering Review
WF-001488,2008-10-13 20:10:00,0,Pass,0.3157857142857142,0.3157857142857142,0.0516298374564218,0.02459016393442623,Isotonic,Engineering Review
WF-000426,2008-08-22 23:46:00,0,Pass,0.34807142857142864,0.34807142857142864,0.057895922805711146,0.02459016393442623,Isotonic,Engineering Review
WF-000053,2008-07-29 23:14:00,0,Pass,0.4881666666666667,0.4881666666666667,0.09417798748656511,0.12121212121212122,Isotonic,Engineering Review
WF-000268,2008-08-18 15:00:00,0,Pass,0.5316190476190478,0.5316190476190478,0.10904155748994622,0.2222222222222222,Isotonic,Engineering Review
WF-001204,2008-09-30 19:17:00,0,Pass,0.4114761904761903,0.4114761904761903,0.07232612244160021,0.0931174089068826,Isotonic,Engineering Review
WF-000086,2008-08-04 13:19:00,0,Pass,0.44797619047619064,0.44797619047619064,0.08207356621263444,0.0931174089068826,Isotonic,Engineering Review
WF-001514,2008-10-15 00:47:00,0,Pass,0.330404761904762,0.330404761904762,0.054383504778888925,0.02459016393442623,Isotonic,Engineering Review
WF-000173,2008-08-09 20:04:00,0,Pass,0.5677142857142857,0.5677142857142857,0.12291678774360011,0.2222222222222222,Isotonic,Engineering Review
WF-000875,2008-09-17 21:52:00,0,Pass,0.37188095238095237,0.37188095238095237,0.0629671193673636,0.02459016393442623,Isotonic,Engineering Review
WF-000043,2008-07-29 04:08:00,0,Pass,0.4085238095238094,0.4085238095238094,0.07158615489873978,0.0931174089068826,Isotonic,Engineering Review
WF-000984,2008-09-21 10:49:00,0,Pass,0.2892619047619046,0.2892619047619046,0.04696738837126339,0.0,Isotonic,Low Risk
WF-001247,2008-10-02 15:58:00,0,Pass,0.4050952380952382,0.4050952380952382,0.07073560911919789,0.0931174089068826,Isotonic,Engineering Review
WF-000487,2008-08-28 17:27:00,0,Pass,0.37190476190476196,0.37190476190476196,0.06297239219778317,0.02459016393442623,Isotonic,Engineering Review
WF-001014,2008-09-22 14:27:00,0,Pass,0.28647619047619044,0.28647619047619044,0.04650159636645714,0.0,Isotonic,Low Risk
WF-000778,2008-09-10 23:30:00,0,Pass,0.3183095238095239,0.3183095238095239,0.05209562501672784,0.02459016393442623,Isotonic,Engineering Review
WF-000004,2008-07-19 14:43:00,0,Pass,0.40769047619047616,0.40769047619047616,0.07137856081288685,0.0931174089068826,Isotonic,Engineering Review
WF-000374,2008-08-21 18:05:00,1,Fail,0.37328571428571417,0.37328571428571417,0.06327892195261285,0.07751937984496124,Isotonic,Engineering Review
WF-001557,2008-10-16 04:54:00,0,Pass,0.3268095238095238,0.3268095238095238,0.053693730188936306,0.02459016393442623,Isotonic,Engineering Review
WF-000523,2008-08-29 07:24:00,0,Pass,0.43266666666666675,0.43266666666666675,0.0778472919918993,0.0931174089068826,Isotonic,Engineering Review
WF-001393,2008-10-07 09:59:00,0,Pass,0.22004761904761905,0.22004761904761905,0.03661574065961567,0.0,Isotonic,Low Risk
WF-000130,2008-08-06 02:20:00,0,Pass,0.46147619047619054,0.46147619047619054,0.08597256271145108,0.11290322580645161,Isotonic,Engineering Review
WF-001328,2008-10-05 16:37:00,1,Fail,0.42726190476190473,0.42726190476190473,0.076403474273616,0.0931174089068826,Isotonic,Engineering Review
WF-000942,2008-09-20 07:21:00,0,Pass,0.40369047619047616,0.40369047619047616,0.07038982521337035,0.0931174089068826,Isotonic,Engineering Review
WF-000527,2008-08-29 08:20:00,0,Pass,0.41247619047619055,0.41247619047619055,0.07257835151903379,0.0931174089068826,Isotonic,Engineering Review
WF-000348,2008-08-21 04:22:00,0,Pass,0.4799285714285714,0.4799285714285714,0.09157317281343726,0.12121212121212122,Isotonic,Engineering Review
WF-001115,2008-09-26 20:23:00,0,Pass,0.39783333333333337,0.39783333333333337,0.06896485961016958,0.0931174089068826,Isotonic,Engineering Review
WF-000587,2008-08-30 15:06:00,0,Pass,0.2508333333333333,0.2508333333333333,0.04091717023820053,0.0,Isotonic,Low Risk
WF-001507,2008-10-14 20:01:00,0,Pass,0.33130952380952394,0.33130952380952394,0.054558401343738905,0.02459016393442623,Isotonic,Engineering Review
WF-001218,2008-10-01 14:22:00,0,Pass,0.4921190476190476,0.4921190476190476,0.09545111799421549,0.12121212121212122,Isotonic,Engineering Review
WF-000181,2008-08-10 06:00:00,1,Fail,0.5299999999999999,0.5299999999999999,0.10845259896078797,0.2222222222222222,Isotonic,Engineering Review
WF-000781,2008-09-11 05:20:00,0,Pass,0.34021428571428575,0.34021428571428575,0.05630824500876008,0.02459016393442623,Isotonic,Engineering Review
WF-000665,2008-09-02 06:32:00,0,Pass,0.3132619047619048,0.3132619047619048,0.051167989701620176,0.02459016393442623,Isotonic,Engineering Review
WF-000676,2008-09-02 10:33:00,0,Pass,0.260642857142857,0.260642857142857,0.04238667346106064,0.0,Isotonic,Low Risk
WF-001320,2008-10-05 11:30:00,0,Pass,0.38314285714285723,0.38314285714285723,0.06550762280497353,0.07751937984496124,Isotonic,Engineering Review
WF-001287,2008-10-04 01:49:00,0,Pass,0.34747619047619044,0.34747619047619044,0.05777418761508555,0.02459016393442623,Isotonic,Engineering Review
WF-000209,2008-08-15 19:19:00,0,Pass,0.5033333333333333,0.5033333333333333,0.09914757410306146,0.21739130434782608,Isotonic,Engineering Review
WF-000928,2008-09-19 21:13:00,0,Pass,0.2239285714285714,0.2239285714285714,0.03713304573873278,0.0,Isotonic,Low Risk
WF-000017,2008-07-22 02:59:00,0,Pass,0.3642857142857144,0.3642857142857144,0.06130596006658227,0.02459016393442623,Isotonic,Engineering Review
WF-000126,2008-08-05 23:02:00,0,Pass,0.5527380952380953,0.5527380952380953,0.1169842577991814,0.2222222222222222,Isotonic,Engineering Review
WF-000015,2008-07-21 11:53:00,1,Fail,0.5101904761904761,0.5101904761904761,0.10147012851868005,0.2222222222222222,Isotonic,Engineering Review
WF-001267,2008-10-03 05:01:00,0,Pass,0.35238095238095235,0.35238095238095235,0.058784491169402,0.02459016393442623,Isotonic,Engineering Review
WF-000110,2008-08-05 04:35:00,0,Pass,0.455547619047619,0.455547619047619,0.08424005099895071,0.0931174089068826,Isotonic,Engineering Review
WF-001377,2008-10-06 20:02:00,0,Pass,0.35911904761904767,0.35911904761904767,0.060199457971736786,0.02459016393442623,Isotonic,Engineering Review
WF-000640,2008-09-01 23:24:00,0,Pass,0.34661904761904766,0.34661904761904766,0.05759931099980126,0.02459016393442623,Isotonic,Engineering Review
WF-001199,2008-09-30 15:26:00,0,Pass,0.2968571428571429,0.2968571428571429,0.04826000127536428,0.0,Isotonic,Low Risk
WF-000340,2008-08-20 21:41:00,0,Pass,0.29192857142857137,0.29192857142857137,0.04741742764996368,0.0,Isotonic,Low Risk
WF-000073,2008-08-03 13:09:00,0,Pass,0.48066666666666663,0.48066666666666663,0.09180388443661797,0.12121212121212122,Isotonic,Engineering Review
WF-001044,2008-09-23 20:59:00,0,Pass,0.33576190476190476,0.33576190476190476,0.05542682334327532,0.02459016393442623,Isotonic,Engineering Review
WF-000978,2008-09-21 07:55:00,0,Pass,0.30319047619047623,0.30319047619047623,0.04936360594707523,0.02459016393442623,Isotonic,Engineering Review
WF-000290,2008-08-19 05:53:00,0,Pass,0.4451904761904762,0.4451904761904762,0.08128931044423712,0.0931174089068826,Isotonic,Engineering Review
WF-000127,2008-08-05 23:06:00,0,Pass,0.45676190476190476,0.45676190476190476,0.08459230146198361,0.0931174089068826,Isotonic,Engineering Review
WF-000632,2008-09-01 10:57:00,0,Pass,0.296595238095238,0.296595238095238,0.04821487144732408,0.0,Isotonic,Low Risk
WF-000339,2008-08-20 21:33:00,0,Pass,0.324452380952381,0.324452380952381,0.0532459813781555,0.02459016393442623,Isotonic,Engineering Review
WF-000319,2008-08-20 01:33:00,0,Pass,0.40952380952380957,0.40952380952380957,0.0718360032534659,0.0931174089068826,Isotonic,Engineering Review
WF-001081,2008-09-25 13:42:00,0,Pass,0.36999999999999994,0.36999999999999994,0.06255186494727914,0.02459016393442623,Isotonic,Engineering Review
WF-001279,2008-10-03 20:35:00,0,Pass,0.3804047619047618,0.3804047619047618,0.06488131915642922,0.07751937984496124,Isotonic,Engineering Review
WF-000651,2008-09-02 01:36:00,0,Pass,0.4028571428571429,0.4028571428571429,0.07018543812114761,0.0931174089068826,Isotonic,Engineering Review
WF-000396,2008-08-22 01:54:00,0,Pass,0.3702857142857143,0.3702857142857143,0.06261477653975919,0.02459016393442623,Isotonic,Engineering Review
WF-000072,2008-08-02 03:39:00,0,Pass,0.41876190476190484,0.41876190476190484,0.07418243736385012,0.0931174089068826,Isotonic,Engineering Review
WF-000170,2008-08-09 11:42:00,1,Fail,0.5876190476190477,0.5876190476190477,0.13120038194755457,0.4,Isotonic,Engineering Review
WF-000230,2008-08-17 04:19:00,0,Pass,0.5629761904761904,0.5629761904761904,0.12101242648266845,0.2222222222222222,Isotonic,Engineering Review
WF-000417,2008-08-22 12:13:00,0,Pass,0.37809523809523804,0.37809523809523804,0.06435738264139397,0.07751937984496124,Isotonic,Engineering Review
WF-000466,2008-08-28 04:54:00,0,Pass,0.3601666666666667,0.3601666666666667,0.06042229648072317,0.02459016393442623,Isotonic,Engineering Review
WF-000415,2008-08-22 10:47:00,0,Pass,0.3732380952380953,0.3732380952380953,0.06326832883854436,0.07751937984496124,Isotonic,Engineering Review
WF-001508,2008-10-14 20:30:00,0,Pass,0.372547619047619,0.372547619047619,0.06311491439426273,0.02459016393442623,Isotonic,Engineering Review
WF-000062,2008-07-31 17:07:00,0,Pass,0.5031666666666668,0.5031666666666668,0.0990917164001458,0.21739130434782608,Isotonic,Engineering Review
WF-000286,2008-08-19 05:11:00,0,Pass,0.42740476190476184,0.42740476190476184,0.07644131883485197,0.0931174089068826,Isotonic,Engineering Review
WF-000305,2008-08-19 11:28:00,0,Pass,0.5303333333333332,0.5303333333333332,0.10857362626585147,0.2222222222222222,Isotonic,Engineering Review
WF-000738,2008-09-07 00:12:00,0,Pass,0.3963333333333333,0.3963333333333333,0.06860424866272932,0.09090909090909091,Isotonic,Engineering Review
WF-000206,2008-08-15 10:14:00,0,Pass,0.4092619047619047,0.4092619047619047,0.07177048912499148,0.0931174089068826,Isotonic,Engineering Review
WF-001518,2008-10-15 02:40:00,0,Pass,0.3029761904761905,0.3029761904761905,0.04932587787505311,0.02459016393442623,Isotonic,Engineering Review
WF-001148,2008-09-28 07:38:00,0,Pass,0.45042857142857146,0.45042857142857146,0.08276967539615507,0.0931174089068826,Isotonic,Engineering Review
WF-000805,2008-09-12 07:29:00,0,Pass,0.31283333333333335,0.31283333333333335,0.05108995193178242,0.02459016393442623,Isotonic,Engineering Review
WF-000813,2008-09-12 18:52:00,0,Pass,0.30452380952380953,0.30452380952380953,0.04959897378471423,0.02459016393442623,Isotonic,Engineering Review
WF-001423,2008-10-08 13:35:00,0,Pass,0.27442857142857136,0.27442857142857136,0.04453729372663721,0.0,Isotonic,Low Risk
WF-000395,2008-08-22 01:27:00,0,Pass,0.3859047619047619,0.3859047619047619,0.06614506433180495,0.07751937984496124,Isotonic,Engineering Review
WF-000897,2008-09-19 02:44:00,0,Pass,0.3393333333333334,0.3393333333333334,0.05613280646713673,0.02459016393442623,Isotonic,Engineering Review
WF-000776,2008-09-10 20:53:00,0,Pass,0.38526190476190475,0.38526190476190475,0.06599618163821117,0.07751937984496124,Isotonic,Engineering Review
WF-001189,2008-09-30 01:36:00,0,Pass,0.39990476190476193,0.39990476190476193,0.06946573188362438,0.0931174089068826,Isotonic,Engineering Review
WF-000499,2008-08-28 22:57:00,0,Pass,0.3849761904761904,0.3849761904761904,0.06593011156693757,0.07751937984496124,Isotonic,Engineering Review
WF-000300,2008-08-19 09:05:00,0,Pass,0.3944761904761903,0.3944761904761903,0.06816019817483424,0.07751937984496124,Isotonic,Engineering Review
WF-000380,2008-08-21 20:19:00,0,Pass,0.5047619047619045,0.5047619047619045,0.09962750484151223,0.21739130434782608,Isotonic,Engineering Review
WF-000277,2008-08-18 19:24:00,0,Pass,0.42064285714285715,0.42064285714285715,0.0746687521761638,0.0931174089068826,Isotonic,Engineering Review
WF-000758,2008-09-08 06:37:00,0,Pass,0.3568095238095237,0.3568095238095237,0.05971091476758126,0.02459016393442623,Isotonic,Engineering Review
WF-000906,2008-09-19 08:52:00,0,Pass,0.3246428571428571,0.3246428571428571,0.05328203184377406,0.02459016393442623,Isotonic,Engineering Review
WF-000320,2008-08-20 01:42:00,0,Pass,0.36207142857142866,0.36207142857142866,0.06082943593881995,0.02459016393442623,Isotonic,Engineering Review
WF-000403,2008-08-22 04:57:00,0,Pass,0.4468571428571429,0.4468571428571429,0.08175769872098093,0.0931174089068826,Isotonic,Engineering Review
WF-001403,2008-10-07 14:35:00,0,Pass,0.3687857142857143,0.3687857142857143,0.06228514828774688,0.02459016393442623,Isotonic,Engineering Review
WF-000963,2008-09-20 17:29:00,0,Pass,0.28590476190476194,0.28590476190476194,0.04640659389698256,0.0,Isotonic,Low Risk
WF-001408,2008-10-07 19:24:00,0,Pass,0.2998095238095238,0.2998095238095238,0.04877151875818066,0.02459016393442623,Isotonic,Engineering Review
WF-001103,2008-09-26 13:45:00,0,Pass,0.3421666666666668,0.3421666666666668,0.05669889386033443,0.02459016393442623,Isotonic,Engineering Review
WF-000350,2008-08-21 05:06:00,0,Pass,0.4694047619047619,0.4694047619047619,0.08833997053808738,0.11290322580645161,Isotonic,Engineering Review
WF-000341,2008-08-20 21:58:00,0,Pass,0.36630952380952386,0.36630952380952386,0.061744542642822975,0.02459016393442623,Isotonic,Engineering Review
WF-000203,2008-08-15 04:14:00,0,Pass,0.5578333333333331,0.5578333333333331,0.11897423120318437,0.2222222222222222,Isotonic,Engineering Review
WF-000794,2008-09-11 16:28:00,0,Pass,0.3704523809523809,0.3704523809523809,0.06265150223205236,0.02459016393442623,Isotonic,Engineering Review
WF-000030,2008-07-27 16:49:00,0,Pass,0.48057142857142854,0.48057142857142854,0.09177408586083932,0.12121212121212122,Isotonic,Engineering Review
WF-000317,2008-08-19 20:53:00,0,Pass,0.45042857142857146,0.45042857142857146,0.08276967539615507,0.0931174089068826,Isotonic,Engineering Review
WF-000064,2008-08-01 02:02:00,0,Pass,0.4424285714285714,0.4424285714285714,0.08051850712136947,0.0931174089068826,Isotonic,Engineering Review
WF-000575,2008-08-30 09:13:00,0,Pass,0.3826428571428571,0.3826428571428571,0.06539283625934535,0.07751937984496124,Isotonic,Engineering Review
WF-001092,2008-09-25 23:04:00,0,Pass,0.3684523809523809,0.3684523809523809,0.06221211788414788,0.02459016393442623,Isotonic,Engineering Review
WF-000264,2008-08-18 13:07:00,0,Pass,0.3515,0.3515,0.05860181653585651,0.02459016393442623,Isotonic,Engineering Review
WF-000214,2008-08-16 05:47:00,0,Pass,0.5570952380952381,0.5570952380952381,0.11868416111405838,0.2222222222222222,Isotonic,Engineering Review
WF-000966,2008-09-20 18:56:00,0,Pass,0.2755,0.2755,0.04470873044642698,0.0,Isotonic,Low Risk
WF-000607,2008-08-31 10:59:00,0,Pass,0.3223809523809523,0.3223809523809523,0.05285541629125587,0.02459016393442623,Isotonic,Engineering Review
WF-000190,2008-08-10 22:26:00,1,Fail,0.4532142857142858,0.4532142857142858,0.08356691417945422,0.0931174089068826,Isotonic,Engineering Review
WF-000279,2008-08-18 23:00:00,0,Pass,0.448,0.448,0.08208029885564948,0.0931174089068826,Isotonic,Engineering Review
WF-000613,2008-08-31 21:04:00,0,Pass,0.2954523809523808,0.2954523809523808,0.04801840975417473,0.0,Isotonic,Low Risk
WF-000382,2008-08-21 20:37:00,0,Pass,0.388595238095238,0.388595238095238,0.06677155793954241,0.07751937984496124,Isotonic,Engineering Review
WF-001009,2008-09-22 11:50:00,0,Pass,0.3255238095238095,0.3255238095238095,0.05344906506565946,0.02459016393442623,Isotonic,Engineering Review
WF-000792,2008-09-11 15:05:00,0,Pass,0.3755714285714286,0.3755714285714286,0.06378934030350558,0.07751937984496124,Isotonic,Engineering Review
WF-001020,2008-09-22 22:17:00,0,Pass,0.3012857142857143,0.3012857142857143,0.04902920248868013,0.02459016393442623,Isotonic,Engineering Review
WF-000509,2008-08-29 04:55:00,1,Fail,0.3726666666666667,0.3726666666666667,0.063141340385846,0.07751937984496124,Isotonic,Engineering Review
WF-000464,2008-08-28 04:10:00,0,Pass,0.37778571428571417,0.37778571428571417,0.06428746446054555,0.07751937984496124,Isotonic,Engineering Review
WF-000853,2008-09-15 19:54:00,0,Pass,0.3368809523809524,0.3368809523809524,0.05564712749966248,0.02459016393442623,Isotonic,Engineering Review
WF-001302,2008-10-04 22:06:00,0,Pass,0.3102380952380952,0.3102380952380952,0.050619790575579096,0.02459016393442623,Isotonic,Engineering Review
WF-000483,2008-08-28 16:01:00,0,Pass,0.385547619047619,0.385547619047619,0.06606231323707179,0.07751937984496124,Isotonic,Engineering Review
WF-001200,2008-09-30 16:13:00,0,Pass,0.32392857142857145,0.32392857142857145,0.053146961259632294,0.02459016393442623,Isotonic,Engineering Review
WF-001562,2008-10-16 15:02:00,0,Pass,0.31011904761904757,0.31011904761904757,0.050598322085096126,0.02459016393442623,Isotonic,Engineering Review
WF-001004,2008-09-22 01:43:00,0,Pass,0.27740476190476193,0.27740476190476193,0.04501506102743257,0.0,Isotonic,Low Risk
WF-001142,2008-09-28 00:51:00,0,Pass,0.39571428571428574,0.39571428571428574,0.0684559348773692,0.09090909090909091,Isotonic,Engineering Review
WF-001525,2008-10-15 06:49:00,0,Pass,0.25357142857142856,0.25357142857142856,0.041322368610852284,0.0,Isotonic,Low Risk
WF-001451,2008-10-10 15:50:00,0,Pass,0.33197619047619037,0.33197619047619037,0.05468761150116096,0.02459016393442623,Isotonic,Engineering Review
WF-000324,2008-08-20 03:12:00,1,Fail,0.39033333333333353,0.39033333333333353,0.0671792085575556,0.07751937984496124,Isotonic,Engineering Review
WF-001319,2008-10-05 11:05:00,0,Pass,0.30811904761904757,0.30811904761904757,0.05023893790768993,0.02459016393442623,Isotonic,Engineering Review
WF-000409,2008-08-22 07:17:00,0,Pass,0.43866666666666665,0.43866666666666665,0.07947934777078444,0.0931174089068826,Isotonic,Engineering Review
WF-000267,2008-08-18 14:45:00,0,Pass,0.4366904761904763,0.4366904761904763,0.07893838217819235,0.0931174089068826,Isotonic,Engineering Review
WF-000275,2008-08-18 17:16:00,0,Pass,0.5220714285714285,0.5220714285714285,0.10560863454484676,0.2222222222222222,Isotonic,Engineering Review
WF-000681,2008-09-02 12:01:00,0,Pass,0.43771428571428567,0.43771428571428567,0.07921821990277524,0.0931174089068826,Isotonic,Engineering Review
WF-001156,2008-09-28 17:55:00,0,Pass,0.3505238095238095,0.3505238095238095,0.05840001512195037,0.02459016393442623,Isotonic,Engineering Review
WF-001485,2008-10-13 19:17:00,0,Pass,0.2075,0.2075,0.03499025909777249,0.0,Isotonic,Low Risk
WF-000780,2008-09-11 00:17:00,0,Pass,0.26469047619047614,0.26469047619047614,0.043007611039408075,0.0,Isotonic,Low Risk
WF-000153,2008-08-07 10:12:00,0,Pass,0.4145952380952381,0.4145952380952381,0.07311551822801494,0.0931174089068826,Isotonic,Engineering Review
WF-000517,2008-08-29 06:37:00,0,Pass,0.3659285714285715,0.3659285714285715,0.0616617625861355,0.02459016393442623,Isotonic,Engineering Review
WF-000048,2008-07-29 15:41:00,0,Pass,0.5197619047619049,0.5197619047619049,0.10479266855314473,0.2222222222222222,Isotonic,Engineering Review
WF-000896,2008-09-19 01:57:00,0,Pass,0.3059047619047619,0.3059047619047619,0.04984386872902581,0.02459016393442623,Isotonic,Engineering Review
WF-000774,2008-09-10 09:21:00,0,Pass,0.2991666666666667,0.2991666666666667,0.04865970369972904,0.02459016393442623,Isotonic,Engineering Review
WF-001474,2008-10-13 03:34:00,0,Pass,0.2756428571428572,0.2756428571428572,0.04473163614835652,0.0,Isotonic,Low Risk
WF-000372,2008-08-21 17:44:00,0,Pass,0.4774047619047619,0.4774047619047619,0.09078822268376902,0.11290322580645161,Isotonic,Engineering Review
WF-001350,2008-10-06 06:49:00,0,Pass,0.30299999999999994,0.30299999999999994,0.049330068532605215,0.02459016393442623,Isotonic,Engineering Review
WF-001436,2008-10-08 23:13:00,0,Pass,0.4431428571428571,0.4431428571428571,0.08071721110010423,0.0931174089068826,Isotonic,Engineering Review
WF-000411,2008-08-22 09:29:00,0,Pass,0.42195238095238097,0.42195238095238097,0.07500905453602094,0.0931174089068826,Isotonic,Engineering Review
WF-001365,2008-10-06 13:55:00,1,Fail,0.48616666666666675,0.48616666666666675,0.09353956711854744,0.12121212121212122,Isotonic,Engineering Review
WF-000668,2008-09-02 07:32:00,0,Pass,0.33071428571428574,0.33071428571428574,0.05444327826789908,0.02459016393442623,Isotonic,Engineering Review
WF-000291,2008-08-19 05:54:00,0,Pass,0.43530952380952387,0.43530952380952387,0.07856235836397825,0.0931174089068826,Isotonic,Engineering Review
WF-000648,2008-09-02 01:09:00,0,Pass,0.38145238095238077,0.38145238095238077,0.06512028749679707,0.07751937984496124,Isotonic,Engineering Review
WF-001249,2008-10-02 16:58:00,0,Pass,0.47038095238095246,0.47038095238095246,0.08863549079210567,0.11290322580645161,Isotonic,Engineering Review
WF-000325,2008-08-20 06:36:00,0,Pass,0.4581904761904763,0.4581904761904763,0.08500842491177481,0.11290322580645161,Isotonic,Engineering Review
WF-001374,2008-10-06 18:54:00,0,Pass,0.29104761904761905,0.29104761904761905,0.04726830255605068,0.0,Isotonic,Low Risk
WF-000184,2008-08-10 11:16:00,0,Pass,0.5293571428571427,0.5293571428571427,0.10821952377095767,0.2222222222222222,Isotonic,Engineering Review
WF-001338,2008-10-06 01:27:00,0,Pass,0.32252380952380943,0.32252380952380943,0.0528822647487016,0.02459016393442623,Isotonic,Engineering Review
WF-001411,2008-10-07 20:48:00,0,Pass,0.4202142857142857,0.4202142857142857,0.07455768910089462,0.0931174089068826,Isotonic,Engineering Review
WF-000014,2008-07-21 08:21:00,0,Pass,0.3294285714285714,0.3294285714285714,0.054195393298614634,0.02459016393442623,Isotonic,Engineering Review
WF-001464,2008-10-11 16:25:00,0,Pass,0.2585476190476191,0.2585476190476191,0.04206862150123681,0.0,Isotonic,Low Risk
WF-000981,2008-09-21 09:16:00,0,Pass,0.33549999999999996,0.33549999999999996,0.05537538148086212,0.02459016393442623,Isotonic,Engineering Review
WF-000100,2008-08-04 23:33:00,0,Pass,0.5232142857142857,0.5232142857142857,0.10601448039202623,0.2222222222222222,Isotonic,Engineering Review
WF-000938,2008-09-20 05:22:00,0,Pass,0.34338095238095234,0.34338095238095234,0.05694314176973196,0.02459016393442623,Isotonic,Engineering Review
WF-000783,2008-09-11 07:43:00,0,Pass,0.3723809523809525,0.3723809523809525,0.06307793533459115,0.02459016393442623,Isotonic,Engineering Review
WF-000870,2008-09-16 22:45:00,0,Pass,0.3648333333333333,0.3648333333333333,0.06142434717009976,0.02459016393442623,Isotonic,Engineering Review
WF-001112,2008-09-26 19:38:00,0,Pass,0.3115238095238095,0.3115238095238095,0.05085220036890255,0.02459016393442623,Isotonic,Engineering Review
WF-000855,2008-09-15 22:13:00,0,Pass,0.3392857142857143,0.3392857142857143,0.05612333796291376,0.02459016393442623,Isotonic,Engineering Review
WF-000941,2008-09-20 06:08:00,0,Pass,0.30492857142857144,0.30492857142857144,0.04967063495132641,0.02459016393442623,Isotonic,Engineering Review
WF-000669,2008-09-02 08:15:00,0,Pass,0.3706428571428572,0.3706428571428572,0.06269349906497845,0.02459016393442623,Isotonic,Engineering Review
WF-001226,2008-10-02 00:21:00,0,Pass,0.5033095238095238,0.5033095238095238,0.09913959271596423,0.21739130434782608,Isotonic,Engineering Review
WF-000056,2008-07-30 07:08:00,0,Pass,0.5950952380952382,0.5950952380952382,0.1344320852737433,0.4,Isotonic,Engineering Review
WF-000308,2008-08-19 11:57:00,0,Pass,0.3880714285714285,0.3880714285714285,0.06664915539028396,0.07751937984496124,Isotonic,Engineering Review
WF-000900,2008-09-19 05:57:00,0,Pass,0.4073333333333333,0.4073333333333333,0.07128976215040915,0.0931174089068826,Isotonic,Engineering Review
WF-001517,2008-10-15 01:52:00,0,Pass,0.2399761904761905,0.2399761904761905,0.039347616186685336,0.0,Isotonic,Low Risk
WF-001266,2008-10-03 04:49:00,0,Pass,0.36397619047619045,0.36397619047619045,0.06123913998966308,0.02459016393442623,Isotonic,Engineering Review
WF-000543,2008-08-29 20:21:00,0,Pass,0.4505952380952381,0.4505952380952381,0.08281717819868747,0.0931174089068826,Isotonic,Engineering Review
WF-000292,2008-08-19 05:56:00,1,Fail,0.4695,0.4695,0.08836876256557556,0.11290322580645161,Isotonic,Engineering Review
WF-001441,2008-10-09 07:38:00,0,Pass,0.3884047619047618,0.3884047619047618,0.06672702379201784,0.07751937984496124,Isotonic,Engineering Review
WF-000702,2008-09-02 19:18:00,0,Pass,0.3197380952380952,0.3197380952380952,0.05236103571005497,0.02459016393442623,Isotonic,Engineering Review
WF-001313,2008-10-05 08:02:00,0,Pass,0.3825714285714285,0.3825714285714285,0.06537645345968619,0.07751937984496124,Isotonic,Engineering Review
WF-000293,2008-08-19 06:24:00,0,Pass,0.43204761904761896,0.43204761904761896,0.07768066247789078,0.0931174089068826,Isotonic,Engineering Review
WF-001357,2008-10-06 09:11:00,0,Pass,0.3258809523809523,0.3258809523809523,0.053516921888141146,0.02459016393442623,Isotonic,Engineering Review
WF-001056,2008-09-24 10:10:00,0,Pass,0.42749999999999994,0.42749999999999994,0.07646655809369826,0.0931174089068826,Isotonic,Engineering Review
WF-000646,2008-09-02 00:31:00,0,Pass,0.3426190476190476,0.3426190476190476,0.056789772877434364,0.02459016393442623,Isotonic,Engineering Review
WF-000545,2008-08-29 21:25:00,0,Pass,0.3492142857142857,0.3492142857142857,0.05813032948763174,0.02459016393442623,Isotonic,Engineering Review
WF-000590,2008-08-30 15:50:00,0,Pass,0.3626428571428571,0.3626428571428571,0.06095207724748855,0.02459016393442623,Isotonic,Engineering Review
WF-000808,2008-09-12 13:08:00,0,Pass,0.2510238095238096,0.2510238095238096,0.04094523442233928,0.0,Isotonic,Low Risk
WF-000822,2008-09-13 02:57:00,0,Pass,0.2742619047619048,0.2742619047619048,0.04451068218348465,0.0,Isotonic,Low Risk
WF-001271,2008-10-03 09:30:00,0,Pass,0.3483333333333333,0.3483333333333333,0.057949562522965625,0.02459016393442623,Isotonic,Engineering Review
WF-000949,2008-09-20 12:36:00,0,Pass,0.34876190476190483,0.34876190476190483,0.05803743721823992,0.02459016393442623,Isotonic,Engineering Review
WF-000722,2008-09-04 08:01:00,0,Pass,0.3026190476190476,0.3026190476190476,0.0492630585021963,0.02459016393442623,Isotonic,Engineering Review
WF-000440,2008-08-23 13:02:00,0,Pass,0.3453333333333334,0.3453333333333334,0.057337927708130114,0.02459016393442623,Isotonic,Engineering Review
WF-000610,2008-08-31 15:13:00,0,Pass,0.36249999999999993,0.36249999999999993,0.060921395261336345,0.02459016393442623,Isotonic,Engineering Review
WF-000677,2008-09-02 11:08:00,0,Pass,0.3642857142857142,0.3642857142857142,0.06130596006658221,0.02459016393442623,Isotonic,Engineering Review
WF-001222,2008-10-01 21:15:00,0,Pass,0.3827142857142857,0.3827142857142857,0.06540922287708457,0.07751937984496124,Isotonic,Engineering Review
WF-001207,2008-09-30 23:34:00,0,Pass,0.3676190476190477,0.3676190476190477,0.0620298915160329,0.02459016393442623,Isotonic,Engineering Review
WF-000303,2008-08-19 11:13:00,0,Pass,0.4976904761904762,0.4976904761904762,0.09727191147643698,0.21739130434782608,Isotonic,Engineering Review
WF-000700,2008-09-02 18:38:00,0,Pass,0.35404761904761906,0.35404761904761906,0.05913155307643091,0.02459016393442623,Isotonic,Engineering Review
WF-000769,2008-09-08 22:17:00,0,Pass,0.37683333333333335,0.37683333333333335,0.06407277506706748,0.07751937984496124,Isotonic,Engineering Review
WF-001173,2008-09-29 07:53:00,0,Pass,0.3076904761904761,0.3076904761904761,0.05016224215240499,0.02459016393442623,Isotonic,Engineering Review
WF-001404,2008-10-07 16:32:00,0,Pass,0.3659523809523811,0.3659523809523811,0.06166693330050073,0.02459016393442623,Isotonic,Engineering Review
WF-000680,2008-09-02 11:49:00,0,Pass,0.39978571428571424,0.39978571428571424,0.06943685517877957,0.0931174089068826,Isotonic,Engineering Review
WF-001101,2008-09-26 11:08:00,0,Pass,0.3435238095238095,0.3435238095238095,0.056971941731537,0.02459016393442623,Isotonic,Engineering Review
WF-000762,2008-09-08 19:14:00,0,Pass,0.35821428571428565,0.35821428571428565,0.0600076257683034,0.02459016393442623,Isotonic,Engineering Review
WF-000638,2008-09-01 23:05:00,0,Pass,0.3012142857142856,0.3012142857142856,0.04901670424622222,0.02459016393442623,Isotonic,Engineering Review
WF-000472,2008-08-28 07:51:00,0,Pass,0.39959523809523806,0.39959523809523806,0.06939067555543682,0.0931174089068826,Isotonic,Engineering Review
WF-000574,2008-08-30 08:53:00,0,Pass,0.32480952380952377,0.32480952380952377,0.05331359489547261,0.02459016393442623,Isotonic,Engineering Review
WF-001152,2008-09-28 09:50:00,1,Fail,0.3547857142857142,0.3547857142857142,0.05928586466014133,0.02459016393442623,Isotonic,Engineering Review
WF-000078,2008-08-03 16:00:00,0,Pass,0.5141904761904762,0.5141904761904762,0.10284713580029867,0.2222222222222222,Isotonic,Engineering Review
WF-001340,2008-10-06 02:44:00,0,Pass,0.3116904761904762,0.3116904761904762,0.05088240140512166,0.02459016393442623,Isotonic,Engineering Review
WF-000025,2008-07-27 04:18:00,0,Pass,0.44726190476190475,0.44726190476190475,0.08187182062521375,0.0931174089068826,Isotonic,Engineering Review
WF-001077,2008-09-25 10:23:00,0,Pass,0.3397857142857143,0.3397857142857143,0.05622283221887215,0.02459016393442623,Isotonic,Engineering Review
WF-001251,2008-10-02 17:19:00,0,Pass,0.49895238095238104,0.49895238095238104,0.09768859547329375,0.21739130434782608,Isotonic,Engineering Review
WF-000387,2008-08-21 23:27:00,0,Pass,0.3551904761904763,0.3551904761904763,0.05937064725787655,0.02459016393442623,Isotonic,Engineering Review
WF-000992,2008-09-21 15:34:00,0,Pass,0.31550000000000006,0.31550000000000006,0.05157735559060292,0.02459016393442623,Isotonic,Engineering Review
WF-001493,2008-10-13 21:57:00,0,Pass,0.2557857142857143,0.2557857142857143,0.04165285616245443,0.0,Isotonic,Low Risk
WF-000592,2008-08-30 16:24:00,0,Pass,0.3515952380952381,0.3515952380952381,0.058621539452339715,0.02459016393442623,Isotonic,Engineering Review
WF-001472,2008-10-12 08:19:00,0,Pass,0.2681666666666666,0.2681666666666666,0.043547812593621324,0.0,Isotonic,Low Risk
WF-000146,2008-08-06 23:40:00,0,Pass,0.4818095238095237,0.4818095238095237,0.09216214626629377,0.12121212121212122,Isotonic,Engineering Review
WF-000013,2008-07-20 03:35:00,0,Pass,0.4128333333333335,0.4128333333333335,0.07266862965928002,0.0931174089068826,Isotonic,Engineering Review
WF-000278,2008-08-18 19:54:00,1,Fail,0.40433333333333343,0.40433333333333343,0.07054787099300618,0.0931174089068826,Isotonic,Engineering Review
WF-000283,2008-08-19 03:59:00,1,Fail,0.4950952380952381,0.4950952380952381,0.0964199394193398,0.21739130434782608,Isotonic,Engineering Review
WF-000902,2008-09-19 06:44:00,0,Pass,0.31700000000000006,0.31700000000000006,0.051853449205336764,0.02459016393442623,Isotonic,Engineering Review
WF-000047,2008-07-29 11:47:00,0,Pass,0.6287142857142857,0.6287142857142857,0.14980312284449412,0.4,Isotonic,Engineering Review
WF-001298,2008-10-04 19:12:00,0,Pass,0.4290476190476192,0.4290476190476192,0.07687776862430856,0.0931174089068826,Isotonic,Engineering Review
WF-000149,2008-08-07 07:30:00,0,Pass,0.39471428571428574,0.39471428571428574,0.06821697850163487,0.07751937984496124,Isotonic,Engineering Review
WF-000034,2008-07-27 23:14:00,0,Pass,0.48790476190476195,0.48790476190476195,0.09409416319370442,0.12121212121212122,Isotonic,Engineering Review
WF-000271,2008-08-18 15:33:00,0,Pass,0.4368333333333333,0.4368333333333333,0.07897737497550063,0.0931174089068826,Isotonic,Engineering Review
WF-001162,2008-09-28 20:42:00,0,Pass,0.40542857142857147,0.40542857142857147,0.07081788960692877,0.0931174089068826,Isotonic,Engineering Review
WF-000322,2008-08-20 02:27:00,1,Fail,0.4085714285714286,0.4085714285714286,0.07159803423238041,0.0931174089068826,Isotonic,Engineering Review
WF-000095,2008-08-04 19:58:00,0,Pass,0.4686190476190475,0.4686190476190475,0.08810275940268489,0.11290322580645161,Isotonic,Engineering Review
WF-000376,2008-08-21 18:53:00,0,Pass,0.4352857142857141,0.4352857142857141,0.07855588958530053,0.0931174089068826,Isotonic,Engineering Review
WF-001155,2008-09-28 17:49:00,0,Pass,0.4301904761904762,0.4301904761904762,0.07718273199320412,0.0931174089068826,Isotonic,Engineering Review
WF-000589,2008-08-30 15:37:00,0,Pass,0.42369047619047623,0.42369047619047623,0.0754629296791612,0.0931174089068826,Isotonic,Engineering Review
WF-000551,2008-08-29 22:56:00,0,Pass,0.3918809523809524,0.3918809523809524,0.06754412770116486,0.07751937984496124,Isotonic,Engineering Review
WF-000211,2008-08-15 20:03:00,0,Pass,0.47757142857142876,0.47757142857142876,0.09083987168930555,0.11290322580645161,Isotonic,Engineering Review
WF-001312,2008-10-05 06:15:00,0,Pass,0.3971190476190475,0.3971190476190475,0.06879292173793919,0.0931174089068826,Isotonic,Engineering Review
WF-001299,2008-10-04 19:47:00,0,Pass,0.43109523809523825,0.43109523809523825,0.07742494710418762,0.0931174089068826,Isotonic,Engineering Review
WF-001024,2008-09-23 06:44:00,0,Pass,0.35380952380952385,0.35380952380952385,0.059081855491916545,0.02459016393442623,Isotonic,Engineering Review
WF-001174,2008-09-29 09:15:00,0,Pass,0.32771428571428574,0.32771428571428574,0.0538665348132375,0.02459016393442623,Isotonic,Engineering Review
WF-000921,2008-09-19 20:05:00,0,Pass,0.36076190476190484,0.36076190476190484,0.06054925289654424,0.02459016393442623,Isotonic,Engineering Review
WF-000720,2008-09-03 20:00:00,0,Pass,0.2446428571428572,0.2446428571428572,0.04001504666036941,0.0,Isotonic,Low Risk
WF-000970,2008-09-21 00:48:00,0,Pass,0.30880952380952387,0.30880952380952387,0.05036273693909577,0.02459016393442623,Isotonic,Engineering Review
WF-000169,2008-08-09 09:22:00,0,Pass,0.570666666666667,0.570666666666667,0.12411641381969384,0.2222222222222222,Isotonic,Engineering Review
WF-000388,2008-08-21 23:53:00,0,Pass,0.4541190476190476,0.4541190476190476,0.0838273442156036,0.0931174089068826,Isotonic,Engineering Review
WF-000055,2008-07-30 06:30:00,0,Pass,0.5521666666666667,0.5521666666666667,0.11676289301949223,0.2222222222222222,Isotonic,Engineering Review
WF-000121,2008-08-05 14:45:00,0,Pass,0.4820238095238096,0.4820238095238096,0.09222946005215088,0.12121212121212122,Isotonic,Engineering Review
WF-000453,2008-08-27 12:22:00,0,Pass,0.36454761904761906,0.36454761904761906,0.06136255335346033,0.02459016393442623,Isotonic,Engineering Review
WF-001458,2008-10-11 07:38:00,0,Pass,0.2910714285714286,0.2910714285714286,0.04727232709725724,0.0,Isotonic,Low Risk
WF-000724,2008-09-04 08:33:00,0,Pass,0.25466666666666665,0.25466666666666665,0.04148552077426202,0.0,Isotonic,Low Risk
WF-001463,2008-10-11 15:33:00,0,Pass,0.2556666666666667,0.2556666666666667,0.041635023881813574,0.0,Isotonic,Low Risk
WF-000910,2008-09-19 11:13:00,0,Pass,0.3000952380952381,0.3000952380952381,0.048821292548353726,0.02459016393442623,Isotonic,Engineering Review
WF-000529,2008-08-29 08:45:00,0,Pass,0.36185714285714293,0.36185714285714293,0.060783504974456046,0.02459016393442623,Isotonic,Engineering Review
WF-000353,2008-08-21 11:22:00,0,Pass,0.3359047619047619,0.3359047619047619,0.05545490149777626,0.02459016393442623,Isotonic,Engineering Review
WF-001188,2008-09-30 01:33:00,0,Pass,0.40178571428571436,0.40178571428571436,0.0699234609337437,0.0931174089068826,Isotonic,Engineering Review
WF-000944,2008-09-20 10:51:00,0,Pass,0.35947619047619056,0.35947619047619056,0.060275339096120976,0.02459016393442623,Isotonic,Engineering Review
WF-000255,2008-08-18 07:29:00,0,Pass,0.4543333333333332,0.4543333333333332,0.08388913292079389,0.0931174089068826,Isotonic,Engineering Review
WF-001290,2008-10-04 04:12:00,0,Pass,0.32528571428571446,0.32528571428571446,0.05340387229287465,0.02459016393442623,Isotonic,Engineering Review
WF-000228,2008-08-17 03:18:00,0,Pass,0.5208333333333333,0.5208333333333333,0.10517051505120428,0.2222222222222222,Isotonic,Engineering Review
WF-000145,2008-08-06 22:27:00,0,Pass,0.5239761904761905,0.5239761904761905,0.10628580745590964,0.2222222222222222,Isotonic,Engineering Review
WF-001291,2008-10-04 04:45:00,0,Pass,0.3142142857142857,0.3142142857142857,0.051341810892844425,0.02459016393442623,Isotonic,Engineering Review
WF-001409,2008-10-07 20:19:00,0,Pass,0.4078333333333334,0.4078333333333334,0.07141410885940977,0.0931174089068826,Isotonic,Engineering Review
WF-000119,2008-08-05 09:48:00,0,Pass,0.4192142857142859,0.4192142857142859,0.0742991323785867,0.0931174089068826,Isotonic,Engineering Review
WF-000197,2008-08-12 06:16:00,0,Pass,0.46616666666666656,0.46616666666666656,0.08736607011198816,0.11290322580645161,Isotonic,Engineering Review
WF-001215,2008-10-01 08:15:00,0,Pass,0.4540714285714285,0.4540714285714285,0.08381361900832093,0.0931174089068826,Isotonic,Engineering Review
WF-000147,2008-08-06 23:45:00,0,Pass,0.3699047619047619,0.3699047619047619,0.0625309075290009,0.02459016393442623,Isotonic,Engineering Review
WF-001109,2008-09-26 16:31:00,0,Pass,0.30014285714285727,0.30014285714285727,0.048829592863769825,0.02459016393442623,Isotonic,Engineering Review
WF-001223,2008-10-01 21:50:00,0,Pass,0.4644285714285715,0.4644285714285715,0.08684732806597346,0.11290322580645161,Isotonic,Engineering Review
WF-000912,2008-09-19 13:59:00,0,Pass,0.3823333333333333,0.3823333333333333,0.06532187169293804,0.07751937984496124,Isotonic,Engineering Review
WF-000475,2008-08-28 09:49:00,0,Pass,0.3577857142857142,0.3577857142857142,0.059916957752368036,0.02459016393442623,Isotonic,Engineering Review
WF-000021,2008-07-22 15:30:00,0,Pass,0.41590476190476183,0.41590476190476183,0.07344930362680778,0.0931174089068826,Isotonic,Engineering Review
WF-000843,2008-09-14 20:43:00,0,Pass,0.32549999999999985,0.32549999999999985,0.053444544165065146,0.02459016393442623,Isotonic,Engineering Review
WF-001431,2008-10-08 18:22:00,0,Pass,0.27873809523809523,0.27873809523809523,0.045230681325405996,0.0,Isotonic,Low Risk
WF-000914,2008-09-19 16:40:00,0,Pass,0.3292857142857144,0.3292857142857144,0.05416791629147247,0.02459016393442623,Isotonic,Engineering Review
WF-000101,2008-08-05 00:04:00,0,Pass,0.36497619047619045,0.36497619047619045,0.061455265882441205,0.02459016393442623,Isotonic,Engineering Review
WF-000594,2008-08-30 17:49:00,0,Pass,0.3643095238095238,0.3643095238095238,0.06131110289423951,0.02459016393442623,Isotonic,Engineering Review
WF-000003,2008-07-19 13:17:00,1,Fail,0.5400238095238096,0.5400238095238096,0.11214422555394564,0.2222222222222222,Isotonic,Engineering Review
WF-000939,2008-09-20 05:25:00,0,Pass,0.349952380952381,0.349952380952381,0.05828219009808846,0.02459016393442623,Isotonic,Engineering Review
WF-001381,2008-10-06 21:48:00,0,Pass,0.25930952380952377,0.25930952380952377,0.042184011889546645,0.0,Isotonic,Low Risk
WF-000950,2008-09-20 12:57:00,0,Pass,0.3484761904761904,0.3484761904761904,0.05797884020512665,0.02459016393442623,Isotonic,Engineering Review
WF-000611,2008-08-31 16:32:00,0,Pass,0.3112857142857144,0.3112857142857144,0.0508090854599031,0.02459016393442623,Isotonic,Engineering Review
WF-000784,2008-09-11 08:06:00,0,Pass,0.3230952380952381,0.3230952380952381,0.05298978739363474,0.02459016393442623,Isotonic,Engineering Review
WF-001484,2008-10-13 16:13:00,0,Pass,0.2593095238095237,0.2593095238095237,0.042184011889546624,0.0,Isotonic,Low Risk
WF-001538,2008-10-15 18:16:00,0,Pass,0.26366666666666666,0.26366666666666666,0.042849734375705335,0.0,Isotonic,Low Risk
WF-000493,2008-08-28 18:47:00,0,Pass,0.3884047619047618,0.3884047619047618,0.06672702379201784,0.07751937984496124,Isotonic,Engineering Review
WF-000993,2008-09-21 16:43:00,0,Pass,0.2704047619047619,0.2704047619047619,0.04389903440990106,0.0,Isotonic,Low Risk
WF-000756,2008-09-08 03:48:00,0,Pass,0.33549999999999996,0.33549999999999996,0.05537538148086212,0.02459016393442623,Isotonic,Engineering Review
WF-001161,2008-09-28 20:02:00,0,Pass,0.2909999999999999,0.2909999999999999,0.04726025445051195,0.0,Isotonic,Low Risk
WF-000544,2008-08-29 20:49:00,0,Pass,0.4157380952380953,0.4157380952380953,0.0734067440582511,0.0931174089068826,Isotonic,Engineering Review
WF-000985,2008-09-21 11:33:00,0,Pass,0.27704761904761915,0.27704761904761915,0.04495747210420187,0.0,Isotonic,Low Risk
WF-001437,2008-10-08 23:50:00,0,Pass,0.35654761904761895,0.35654761904761895,0.059655747937005524,0.02459016393442623,Isotonic,Engineering Review
WF-000636,2008-09-01 20:51:00,0,Pass,0.4549761904761906,0.4549761904761906,0.08407474734750674,0.0931174089068826,Isotonic,Engineering Review
WF-000273,2008-08-18 16:19:00,0,Pass,0.4872619047619047,0.4872619047619047,0.09388869606342935,0.12121212121212122,Isotonic,Engineering Review
WF-001314,2008-10-05 08:40:00,0,Pass,0.41580952380952374,0.41580952380952374,0.0734249810921838,0.0931174089068826,Isotonic,Engineering Review
WF-000936,2008-09-20 04:13:00,0,Pass,0.2750714285714286,0.2750714285714286,0.04464008040484801,0.0,Isotonic,Low Risk
WF-000602,2008-08-31 04:46:00,1,Fail,0.3293333333333333,0.3293333333333333,0.0541770738343191,0.02459016393442623,Isotonic,Engineering Review
WF-001280,2008-10-03 20:46:00,0,Pass,0.43233333333333346,0.43233333333333346,0.07775752778250598,0.0931174089068826,Isotonic,Engineering Review
WF-000410,2008-08-22 07:27:00,0,Pass,0.3508333333333334,0.3508333333333334,0.05846393026269462,0.02459016393442623,Isotonic,Engineering Review
WF-000148,2008-08-07 00:51:00,0,Pass,0.4875952380952381,0.4875952380952381,0.09399518432412819,0.12121212121212122,Isotonic,Engineering Review
WF-000975,2008-09-21 04:17:00,0,Pass,0.34083333333333327,0.34083333333333327,0.056431834468210755,0.02459016393442623,Isotonic,Engineering Review
WF-000115,2008-08-05 07:12:00,0,Pass,0.3982380952380952,0.3982380952380952,0.06906246761383938,0.0931174089068826,Isotonic,Engineering Review
WF-001446,2008-10-10 10:05:00,0,Pass,0.28252380952380957,0.28252380952380957,0.04584826374662847,0.0,Isotonic,Low Risk
WF-000502,2008-08-29 00:49:00,0,Pass,0.37661904761904763,0.37661904761904763,0.06402456207886445,0.07751937984496124,Isotonic,Engineering Review
WF-000360,2008-08-21 13:19:00,0,Pass,0.4164523809523807,0.4164523809523807,0.07358930221530975,0.0931174089068826,Isotonic,Engineering Review
WF-000795,2008-09-11 21:13:00,0,Pass,0.33885714285714275,0.33885714285714275,0.05603818899910161,0.02459016393442623,Isotonic,Engineering Review
WF-000342,2008-08-20 22:13:00,0,Pass,0.3407857142857143,0.3407857142857143,0.056422318539027815,0.02459016393442623,Isotonic,Engineering Review
WF-000785,2008-09-11 08:58:00,0,Pass,0.31776190476190475,0.31776190476190475,0.05199422173213257,0.02459016393442623,Isotonic,Engineering Review
WF-001015,2008-09-22 14:36:00,0,Pass,0.39640476190476176,0.39640476190476176,0.06862138093366763,0.09090909090909091,Isotonic,Engineering Review
WF-001181,2008-09-29 15:09:00,0,Pass,0.27740476190476193,0.27740476190476193,0.04501506102743257,0.0,Isotonic,Low Risk
WF-001490,2008-10-13 20:53:00,0,Pass,0.39776190476190476,0.39776190476190476,0.06894764793322719,0.0931174089068826,Isotonic,Engineering Review
WF-000185,2008-08-10 11:49:00,0,Pass,0.3937142857142859,0.3937142857142859,0.06797879537229592,0.07751937984496124,Isotonic,Engineering Review
WF-001513,2008-10-15 00:27:00,0,Pass,0.2679047619047619,0.2679047619047619,0.04350688788206369,0.0,Isotonic,Low Risk
WF-000641,2008-09-01 23:28:00,0,Pass,0.33035714285714274,0.33035714285714274,0.05437431434900949,0.02459016393442623,Isotonic,Engineering Review
WF-001288,2008-10-04 02:36:00,0,Pass,0.31940476190476186,0.31940476190476186,0.05229899251536796,0.02459016393442623,Isotonic,Engineering Review
WF-001052,2008-09-24 05:22:00,0,Pass,0.41521428571428587,0.41521428571428587,0.07327313320301235,0.0931174089068826,Isotonic,Engineering Review
WF-000311,2008-08-19 15:33:00,0,Pass,0.479904761904762,0.479904761904762,0.09156573919015035,0.12121212121212122,Isotonic,Engineering Review
WF-001184,2008-09-29 17:21:00,0,Pass,0.39745238095238083,0.39745238095238083,0.0688731099525089,0.0931174089068826,Isotonic,Engineering Review
WF-000251,2008-08-18 06:11:00,0,Pass,0.41566666666666663,0.41566666666666663,0.07338851119520089,0.0931174089068826,Isotonic,Engineering Review
WF-000803,2008-09-12 06:45:00,0,Pass,0.3336190476190476,0.3336190476190476,0.055007253867836066,0.02459016393442623,Isotonic,Engineering Review
WF-001264,2008-10-03 03:52:00,0,Pass,0.3942380952380953,0.3942380952380953,0.06810346165479488,0.07751937984496124,Isotonic,Engineering Review
WF-000208,2008-08-15 18:19:00,0,Pass,0.5506904761904762,0.5506904761904762,0.1161927159489639,0.2222222222222222,Isotonic,Engineering Review
WF-000482,2008-08-28 15:19:00,0,Pass,0.44411904761904747,0.44411904761904747,0.08098949659865509,0.0931174089068826,Isotonic,Engineering Review
WF-000506,2008-08-29 03:27:00,0,Pass,0.3713333333333334,0.3713333333333334,0.06284595788067376,0.02459016393442623,Isotonic,Engineering Review
WF-000274,2008-08-18 17:13:00,1,Fail,0.40321428571428564,0.40321428571428564,0.07027296531949205,0.0931174089068826,Isotonic,Engineering Review
WF-000075,2008-08-03 14:25:00,0,Pass,0.4502619047619049,0.4502619047619049,0.0827221973831344,0.0931174089068826,Isotonic,Engineering Review
WF-000578,2008-08-30 10:15:00,0,Pass,0.44538095238095243,0.44538095238095243,0.08134271648522869,0.0931174089068826,Isotonic,Engineering Review
WF-000354,2008-08-21 12:00:00,0,Pass,0.3588333333333333,0.3588333333333333,0.06013881745572878,0.02459016393442623,Isotonic,Engineering Review
WF-000619,2008-09-01 00:01:00,0,Pass,0.4408095238095239,0.4408095238095239,0.08006976293099277,0.0931174089068826,Isotonic,Engineering Review
WF-000548,2008-08-29 22:11:00,0,Pass,0.36002380952380947,0.36002380952380947,0.06039186402430166,0.02459016393442623,Isotonic,Engineering Review
WF-000282,2008-08-19 01:10:00,0,Pass,0.4343095238095238,0.4343095238095238,0.07829108882922896,0.0931174089068826,Isotonic,Engineering Review
WF-001430,2008-10-08 17:41:00,0,Pass,0.31014285714285716,0.31014285714285716,0.050602615093495285,0.02459016393442623,Isotonic,Engineering Review
WF-000114,2008-08-05 06:21:00,0,Pass,0.4652380952380951,0.4652380952380951,0.08708858629608991,0.11290322580645161,Isotonic,Engineering Review
WF-000227,2008-08-17 03:17:00,0,Pass,0.42614285714285716,0.42614285714285716,0.07610761933423804,0.0931174089068826,Isotonic,Engineering Review
WF-001495,2008-10-13 22:54:00,0,Pass,0.2627142857142857,0.2627142857142857,0.042703369497508074,0.0,Isotonic,Low Risk
WF-000986,2008-09-21 12:04:00,0,Pass,0.47890476190476194,0.47890476190476194,0.09125401663015736,0.12121212121212122,Isotonic,Engineering Review
WF-000559,2008-08-30 02:39:00,0,Pass,0.36202380952380947,0.36202380952380947,0.06081922625351828,0.02459016393442623,Isotonic,Engineering Review
WF-000845,2008-09-14 21:31:00,0,Pass,0.3618571428571429,0.3618571428571429,0.060783504974456046,0.02459016393442623,Isotonic,Engineering Review
WF-000009,2008-07-19 20:24:00,0,Pass,0.5783333333333331,0.5783333333333331,0.12727856258463857,0.3333333333333333,Isotonic,Engineering Review
WF-001145,2008-09-28 04:45:00,1,Fail,0.40528571428571425,0.40528571428571425,0.07078261571992757,0.0931174089068826,Isotonic,Engineering Review
WF-000967,2008-09-20 19:14:00,0,Pass,0.3887380952380951,0.3887380952380951,0.06680497665830747,0.07751937984496124,Isotonic,Engineering Review
WF-000734,2008-09-04 17:30:00,0,Pass,0.29350000000000004,0.29350000000000004,0.04768454512510117,0.0,Isotonic,Low Risk
WF-001453,2008-10-10 21:03:00,0,Pass,0.4125000000000001,0.4125000000000001,0.07258436684413516,0.0931174089068826,Isotonic,Engineering Review
WF-000580,2008-08-30 11:12:00,0,Pass,0.30309523809523803,0.30309523809523803,0.0493468345386188,0.02459016393442623,Isotonic,Engineering Review
WF-001502,2008-10-14 14:07:00,0,Pass,0.28173809523809534,0.28173809523809534,0.04571942962647416,0.0,Isotonic,Low Risk
WF-000637,2008-09-01 22:05:00,0,Pass,0.3563095238095237,0.3563095238095237,0.05960563769922005,0.02459016393442623,Isotonic,Engineering Review
WF-001164,2008-09-28 21:27:00,0,Pass,0.32645238095238094,0.32645238095238094,0.0536256618840208,0.02459016393442623,Isotonic,Engineering Review
WF-000526,2008-08-29 08:10:00,0,Pass,0.3835,0.3835,0.06558972787885956,0.07751937984496124,Isotonic,Engineering Review
WF-001137,2008-09-27 17:26:00,0,Pass,0.32504761904761903,0.32504761904761903,0.05335871557785491,0.02459016393442623,Isotonic,Engineering Review
WF-000831,2008-09-13 16:04:00,0,Pass,0.3093809523809523,0.3093809523809523,0.05046540972450631,0.02459016393442623,Isotonic,Engineering Review
WF-000719,2008-09-03 18:16:00,0,Pass,0.35938095238095236,0.35938095238095236,0.06025509538168156,0.02459016393442623,Isotonic,Engineering Review
WF-001524,2008-10-15 05:16:00,0,Pass,0.30576190476190473,0.30576190476190473,0.04981848173183332,0.02459016393442623,Isotonic,Engineering Review
WF-000615,2008-08-31 21:58:00,0,Pass,0.34354761904761905,0.34354761904761905,0.056976743055569906,0.02459016393442623,Isotonic,Engineering Review
WF-001503,2008-10-14 14:15:00,0,Pass,0.227452380952381,0.227452380952381,0.03760882685775715,0.0,Isotonic,Low Risk
WF-001270,2008-10-03 08:35:00,0,Pass,0.3384047619047618,0.3384047619047618,0.055948441376913,0.02459016393442623,Isotonic,Engineering Review
WF-000029,2008-07-27 16:06:00,0,Pass,0.49769047619047624,0.49769047619047624,0.09727191147643698,0.21739130434782608,Isotonic,Engineering Review
WF-001254,2008-10-02 20:54:00,0,Pass,0.3950476190476191,0.3950476190476191,0.06829654460793655,0.07751937984496124,Isotonic,Engineering Review
WF-000420,2008-08-22 13:22:00,0,Pass,0.43214285714285705,0.43214285714285705,0.07770627651143537,0.0931174089068826,Isotonic,Engineering Review
WF-000800,2008-09-12 05:55:00,0,Pass,0.37061904761904757,0.37061904761904757,0.06268824802465152,0.02459016393442623,Isotonic,Engineering Review
WF-001418,2008-10-08 07:16:00,0,Pass,0.3471666666666669,0.3471666666666669,0.05771098030958935,0.02459016393442623,Isotonic,Engineering Review
WF-000832,2008-09-13 20:06:00,1,Fail,0.3298095238095239,0.3298095238095239,0.05426872956688146,0.02459016393442623,Isotonic,Engineering Review
WF-001516,2008-10-15 01:52:00,0,Pass,0.3047142857142857,0.3047142857142857,0.04963268447187923,0.02459016393442623,Isotonic,Engineering Review
WF-001466,2008-10-11 23:58:00,0,Pass,0.2594761904761905,0.2594761904761905,0.04220929383952739,0.0,Isotonic,Low Risk
WF-000058,2008-07-30 12:29:00,1,Fail,0.4991904761904762,0.4991904761904762,0.09776739337168013,0.21739130434782608,Isotonic,Engineering Review
WF-001323,2008-10-05 13:49:00,0,Pass,0.37292857142857155,0.37292857142857155,0.06319951389312807,0.07751937984496124,Isotonic,Engineering Review
WF-000887,2008-09-18 17:22:00,0,Pass,0.30297619047619034,0.30297619047619034,0.0493258778750531,0.02459016393442623,Isotonic,Engineering Review
WF-000737,2008-09-07 00:08:00,0,Pass,0.3824999999999999,0.3824999999999999,0.06536007447736149,0.07751937984496124,Isotonic,Engineering Review
WF-000656,2008-09-02 02:52:00,0,Pass,0.3605,0.3605,0.06049336135642562,0.02459016393442623,Isotonic,Engineering Review
WF-000771,2008-09-09 03:53:00,0,Pass,0.33980952380952384,0.33980952380952384,0.05622757417569847,0.02459016393442623,Isotonic,Engineering Review
WF-000899,2008-09-19 05:33:00,0,Pass,0.2478571428571429,0.2478571428571429,0.04048105226483,0.0,Isotonic,Low Risk
WF-000397,2008-08-22 02:01:00,0,Pass,0.4046666666666666,0.4046666666666666,0.07062994969974733,0.0931174089068826,Isotonic,Engineering Review
WF-000138,2008-08-06 18:00:00,0,Pass,0.45888095238095244,0.45888095238095244,0.08521021615912833,0.11290322580645161,Isotonic,Engineering Review
WF-001055,2008-09-24 07:23:00,0,Pass,0.3095714285714285,0.3095714285714285,0.05049967800732368,0.02459016393442623,Isotonic,Engineering Review
WF-000698,2008-09-02 17:10:00,0,Pass,0.38042857142857134,0.38042857142857134,0.06488674118095762,0.07751937984496124,Isotonic,Engineering Review
WF-001439,2008-10-09 04:34:00,1,Fail,0.38383333333333325,0.38383333333333325,0.06566644560017855,0.07751937984496124,Isotonic,Engineering Review
WF-000503,2008-08-29 01:06:00,0,Pass,0.4899285714285713,0.4899285714285713,0.09474363730962916,0.12121212121212122,Isotonic,Engineering Review
WF-001520,2008-10-15 02:42:00,1,Fail,0.377452380952381,0.377452380952381,0.06421224707467252,0.07751937984496124,Isotonic,Engineering Review
WF-001175,2008-09-29 11:13:00,0,Pass,0.5072142857142857,0.5072142857142857,0.10045620461507032,0.2222222222222222,Isotonic,Engineering Review
