wafer_id,timestamp,target,status,baseline_random_forest_fail_probability,baseline_random_forest_prediction,baseline_random_forest_threshold,balanced_random_forest_fail_probability,balanced_random_forest_prediction,balanced_random_forest_threshold,easy_ensemble_fail_probability,easy_ensemble_prediction,easy_ensemble_threshold,xgboost_fail_probability,xgboost_prediction,xgboost_threshold,lightgbm_fail_probability,lightgbm_prediction,lightgbm_threshold,regularized_logistic_regression_fail_probability,regularized_logistic_regression_prediction,regularized_logistic_regression_threshold
WF-000309,2008-08-19 11:58:00,0,Pass,0.08156133875770924,1,0.07,0.4128055555555555,1,0.385,0.4856147727008858,1,0.485,0.008373438,0,0.015,0.005587345470874715,1,0.005,3.5898997128579827e-05,0,0.005
WF-000236,2008-08-17 21:26:00,1,Fail,0.09812408911244731,1,0.07,0.3909722222222223,1,0.385,0.49791688936184053,1,0.485,0.02983982,1,0.015,0.03011432527075766,1,0.005,0.42698468264717426,1,0.005
WF-000183,2008-08-10 07:01:00,1,Fail,0.14194668592102616,1,0.07,0.5253888888888887,1,0.385,0.5875365243537534,1,0.485,0.17189677,1,0.015,0.09995925186992527,1,0.005,0.03839028478624876,1,0.005
WF-001304,2008-10-05 00:33:00,1,Fail,0.08409548930613311,1,0.07,0.4029722222222223,1,0.385,0.5293065264095318,1,0.485,0.037533373,1,0.015,0.03768843682977878,1,0.005,0.7583978757033967,1,0.005
WF-001248,2008-10-02 16:32:00,0,Pass,0.059078532900977705,0,0.07,0.35216666666666663,0,0.385,0.4715834556296077,0,0.485,0.012845541,0,0.015,0.0055930092541265995,1,0.005,0.006851440232178952,1,0.005
WF-001179,2008-09-29 14:04:00,0,Pass,0.07444529345306117,1,0.07,0.3636666666666667,0,0.385,0.4806860933214079,0,0.485,0.015785946,1,0.015,0.0035735293126197784,0,0.005,0.01620518384167633,1,0.005
WF-000934,2008-09-20 00:33:00,0,Pass,0.04606111237864732,0,0.07,0.3037777777777778,0,0.385,0.45152956851002246,0,0.485,0.0020811083,0,0.015,0.0008615066180869927,0,0.005,2.055078976338802e-05,0,0.005
WF-000172,2008-08-09 19:03:00,0,Pass,0.16928071105675999,1,0.07,0.5435833333333334,1,0.385,0.5662854953458178,1,0.485,0.114462644,1,0.015,0.0674310122952276,1,0.005,0.07664566098724934,1,0.005
WF-000433,2008-08-23 04:52:00,0,Pass,0.06081976215214303,0,0.07,0.4012777777777777,1,0.385,0.4824217423996947,0,0.485,0.009430288,0,0.015,0.005956475570267619,1,0.005,0.03253048198096306,1,0.005
WF-001491,2008-10-13 21:20:00,0,Pass,0.05948633575095654,0,0.07,0.3605555555555555,0,0.385,0.5017312256541773,1,0.485,0.016160907,1,0.015,0.011050940757418647,1,0.005,0.002171953286745354,0,0.005
WF-000684,2008-09-02 12:30:00,0,Pass,0.08580255801047351,1,0.07,0.3959444444444444,1,0.385,0.4488262138154232,0,0.485,0.0153471865,1,0.015,0.007054326448556267,1,0.005,0.015181569235333354,1,0.005
WF-000597,2008-08-30 20:11:00,0,Pass,0.09558785998009676,1,0.07,0.4095833333333333,1,0.385,0.5119323728661882,1,0.485,0.037820444,1,0.015,0.024475012267722203,1,0.005,0.23818657855176628,1,0.005
WF-000917,2008-09-19 18:11:00,0,Pass,0.02729793407501109,0,0.07,0.2595555555555556,0,0.385,0.46481000548289775,0,0.485,0.006366288,0,0.015,0.0025759877078845358,0,0.005,0.1372409853524507,1,0.005
WF-000458,2008-08-27 22:58:00,0,Pass,0.1576053473757847,1,0.07,0.5081666666666667,1,0.385,0.5685312848520265,1,0.485,0.1347584,1,0.015,0.18244657538623857,1,0.005,0.0,0,0.005
WF-000378,2008-08-21 19:12:00,0,Pass,0.12402515509329416,1,0.07,0.4772222222222222,1,0.385,0.513848847813336,1,0.485,0.03327322,1,0.015,0.014915640399068873,1,0.005,0.883825083588508,1,0.005
WF-000704,2008-09-02 20:52:00,0,Pass,0.05328190011785135,0,0.07,0.3774166666666666,0,0.385,0.4379029600513686,0,0.485,0.010787172,0,0.015,0.006359515265739898,1,0.005,0.4908975986910767,1,0.005
WF-000791,2008-09-11 14:31:00,0,Pass,0.05503564509321849,0,0.07,0.3520277777777777,0,0.385,0.49717185891376126,1,0.485,0.012351733,0,0.015,0.014143337645417186,1,0.005,0.9877002515415448,1,0.005
WF-000538,2008-08-29 14:18:00,0,Pass,0.05036214707495426,0,0.07,0.42861111111111094,1,0.385,0.48539656636344636,1,0.485,0.020415952,1,0.015,0.013168728535314598,1,0.005,0.0051800306536902265,1,0.005
WF-001509,2008-10-14 20:48:00,0,Pass,0.04113760187437335,0,0.07,0.22219444444444444,0,0.385,0.3941724445814265,0,0.485,0.0027231937,0,0.015,0.0005664060901638577,0,0.005,2.037072812246165e-05,0,0.005
WF-001511,2008-10-14 23:07:00,0,Pass,0.05630413150108098,0,0.07,0.3023888888888889,0,0.385,0.4341458890715349,0,0.485,0.0023276084,0,0.015,0.0015936973718809107,0,0.005,0.00017908925234206752,0,0.005
WF-001438,2008-10-09 00:23:00,0,Pass,0.031981116070662376,0,0.07,0.29572222222222216,0,0.385,0.428817799399824,0,0.485,0.002501967,0,0.015,0.0014433180221089877,0,0.005,0.003744382874552357,0,0.005
WF-000362,2008-08-21 13:45:00,0,Pass,0.08613835896606943,1,0.07,0.41891666666666655,1,0.385,0.49014733417997797,1,0.485,0.011045345,0,0.015,0.010624519138782889,1,0.005,0.00015855083109556772,0,0.005
WF-000772,2008-09-09 08:44:00,0,Pass,0.06099044618976363,0,0.07,0.2983888888888889,0,0.385,0.4631559107923942,0,0.485,0.013192823,0,0.015,0.0018643378428411534,0,0.005,0.026462059978950896,1,0.005
WF-000336,2008-08-20 18:35:00,0,Pass,0.10006743648922474,1,0.07,0.4103333333333334,1,0.385,0.44451798946631726,0,0.485,0.0017945673,0,0.015,0.0024833690376217755,0,0.005,1.0563670885054008e-07,0,0.005
WF-000733,2008-09-04 16:56:00,0,Pass,0.03038766094087111,0,0.07,0.29583333333333334,0,0.385,0.397139618454666,0,0.485,0.0012069019,0,0.015,0.001884490071999404,0,0.005,0.0011404439510424287,0,0.005
WF-000757,2008-09-08 04:21:00,0,Pass,0.040109773157213854,0,0.07,0.23775000000000004,0,0.385,0.4235079747477769,0,0.485,0.0016305799,0,0.015,0.000850073151316122,0,0.005,0.00013180209004935942,0,0.005
WF-001054,2008-09-24 06:14:00,0,Pass,0.07837063534621948,1,0.07,0.41086111111111107,1,0.385,0.5206346113783612,1,0.485,0.02230192,1,0.015,0.007284143581136011,1,0.005,9.83485741733607e-06,0,0.005
WF-001380,2008-10-06 21:46:00,0,Pass,0.09459733216473679,1,0.07,0.3943333333333333,1,0.385,0.49531447825420916,1,0.485,0.038545236,1,0.015,0.007415684230810513,1,0.005,0.3616819439148764,1,0.005
WF-000331,2008-08-20 16:16:00,0,Pass,0.11139700890553515,1,0.07,0.4741388888888887,1,0.385,0.5184988443581908,1,0.485,0.025029477,1,0.015,0.025307893557295034,1,0.005,0.00025673739665306504,0,0.005
WF-001300,2008-10-04 19:54:00,0,Pass,0.17203456019132946,1,0.07,0.47677777777777774,1,0.385,0.546877118905998,1,0.485,0.25270382,1,0.015,0.053006944769850926,1,0.005,0.009816857253665308,1,0.005
WF-000901,2008-09-19 06:01:00,0,Pass,0.0381649616137409,0,0.07,0.2468611111111111,0,0.385,0.41538070847861575,0,0.485,0.0013868588,0,0.015,0.0009248393044505493,0,0.005,0.000383520650145434,0,0.005
WF-001539,2008-10-15 19:15:00,0,Pass,0.021969707970478192,0,0.07,0.2441111111111111,0,0.385,0.4263868923457478,0,0.485,0.0021850753,0,0.015,0.002279015795180051,0,0.005,3.943220007948558e-05,0,0.005
WF-001278,2008-10-03 20:26:00,0,Pass,0.06312560275483396,0,0.07,0.3461666666666667,0,0.385,0.4730323004592917,0,0.485,0.0047552404,0,0.015,0.001712744670875873,0,0.005,0.025032630634244813,1,0.005
WF-000437,2008-08-23 05:58:00,0,Pass,0.15468924603799233,1,0.07,0.4855833333333332,1,0.385,0.5393122192131141,1,0.485,0.1212989,1,0.015,0.06711616140830733,1,0.005,0.003032864659393956,0,0.005
WF-001567,2008-10-17 06:07:00,0,Pass,0.05138212745887044,0,0.07,0.3326111111111111,0,0.385,0.4755851234697322,0,0.485,0.01318259,0,0.015,0.0030009376134679973,0,0.005,0.0002725087151706353,0,0.005
WF-000386,2008-08-21 23:08:00,0,Pass,0.07690030037566915,1,0.07,0.3896388888888888,1,0.385,0.4569882050450559,0,0.485,0.0074572866,0,0.015,0.00455324370572978,0,0.005,2.803852698347865e-05,0,0.005
WF-000569,2008-08-30 07:50:00,0,Pass,0.05392660349031008,0,0.07,0.32213888888888886,0,0.385,0.4377832886095826,0,0.485,0.0018188183,0,0.015,0.0006355897217083686,0,0.005,2.795149626449165e-05,0,0.005
WF-001501,2008-10-14 13:16:00,0,Pass,0.0753150216761082,1,0.07,0.3508333333333333,0,0.385,0.44326346812023665,0,0.485,0.010108416,0,0.015,0.004006578070275889,0,0.005,0.004656817030531063,0,0.005
WF-000007,2008-07-19 19:44:00,0,Pass,0.12359378536834882,1,0.07,0.49486111111111125,1,0.385,0.5728691301647214,1,0.485,0.16848661,1,0.015,0.06869521181198299,1,0.005,0.004410330794766266,0,0.005
WF-001084,2008-09-25 15:12:00,0,Pass,0.03923922130912071,0,0.07,0.3107222222222222,0,0.385,0.452372072863339,0,0.485,0.011323754,0,0.015,0.0011677581469447117,0,0.005,0.001637719737977545,0,0.005
WF-000496,2008-08-28 20:39:00,1,Fail,0.07263614872733544,1,0.07,0.37305555555555553,0,0.385,0.4938850961290928,1,0.485,0.033259097,1,0.015,0.012046314905754823,1,0.005,0.007700188403116055,1,0.005
WF-000135,2008-08-06 12:33:00,0,Pass,0.1063292169943068,1,0.07,0.4544166666666668,1,0.385,0.5152005555996382,1,0.485,0.063294455,1,0.015,0.09394162406459598,1,0.005,0.005954553914251818,1,0.005
WF-001276,2008-10-03 19:23:00,0,Pass,0.0438433492307411,0,0.07,0.31900000000000006,0,0.385,0.4440098670066785,0,0.485,0.0057328576,0,0.015,0.0015927948526135102,0,0.005,0.6275987348335057,1,0.005
WF-000743,2008-09-07 13:02:00,0,Pass,0.04786000727087164,0,0.07,0.3275,0,0.385,0.4520570206288255,0,0.485,0.0068457616,0,0.015,0.004412797075790178,0,0.005,0.0007383606595456499,0,0.005
WF-000355,2008-08-21 12:31:00,0,Pass,0.14867826231983972,1,0.07,0.48930555555555555,1,0.385,0.5452930464344088,1,0.485,0.24100389,1,0.015,0.0496950050739883,1,0.005,0.020347771736566347,1,0.005
WF-001366,2008-10-06 15:00:00,1,Fail,0.08120401804675152,1,0.07,0.4252222222222223,1,0.385,0.48851375328020186,1,0.485,0.0129029155,0,0.015,0.011459521450428767,1,0.005,6.698739617415075e-05,0,0.005
WF-000020,2008-07-22 14:00:00,0,Pass,0.16698055273116807,1,0.07,0.5682222222222222,1,0.385,0.5918417914492616,1,0.485,0.09762433,1,0.015,0.174252439810058,1,0.005,0.9128773828911945,1,0.005
WF-000104,2008-08-05 02:36:00,0,Pass,0.0673232284744971,0,0.07,0.39833333333333326,1,0.385,0.49430994662441663,1,0.485,0.010623774,0,0.015,0.004733846540795269,0,0.005,0.007090691995435863,1,0.005
WF-000593,2008-08-30 17:05:00,0,Pass,0.05501041168153673,0,0.07,0.3322222222222223,0,0.385,0.48822220144311845,1,0.485,0.009467174,0,0.015,0.0041534337524103465,0,0.005,0.0006813193164759122,0,0.005
WF-000643,2008-09-01 23:45:00,0,Pass,0.10018544112870521,1,0.07,0.3928333333333335,1,0.385,0.4901848737782954,1,0.485,0.0177689,1,0.015,0.022622897291461063,1,0.005,0.01836893265736732,1,0.005
WF-000152,2008-08-07 08:55:00,0,Pass,0.08726574914996214,1,0.07,0.4409166666666667,1,0.385,0.49170355856251896,1,0.485,0.048521083,1,0.015,0.011969020860114296,1,0.005,0.0024365106522612166,0,0.005
WF-000468,2008-08-28 06:15:00,0,Pass,0.08760997549769045,1,0.07,0.3968333333333333,1,0.385,0.5048953656007533,1,0.485,0.030064719,1,0.015,0.005589032700017723,1,0.005,0.12004337683936817,1,0.005
WF-000399,2008-08-22 02:52:00,0,Pass,0.06081002342978014,0,0.07,0.3510555555555555,0,0.385,0.4433645700118526,0,0.485,0.004278686,0,0.015,0.0065544952470068555,1,0.005,0.00012201614360372214,0,0.005
WF-000156,2008-08-08 04:55:00,0,Pass,0.1337492825244368,1,0.07,0.5288333333333333,1,0.385,0.5674189871894461,1,0.485,0.1039564,1,0.015,0.05860882276141915,1,0.005,0.2052774769889364,1,0.005
WF-001505,2008-10-14 17:36:00,0,Pass,0.021924979156842692,0,0.07,0.23022222222222224,0,0.385,0.3878437900557895,0,0.485,0.00044032745,0,0.015,0.00038016485040633807,0,0.005,2.380563868735884e-05,0,0.005
WF-000215,2008-08-16 06:52:00,0,Pass,0.15886251891610242,1,0.07,0.4970555555555556,1,0.385,0.5525210058756893,1,0.485,0.041248128,1,0.015,0.005339208692151679,1,0.005,0.9640552988787604,1,0.005
WF-001359,2008-10-06 10:07:00,0,Pass,0.0697432474288492,0,0.07,0.3343055555555555,0,0.385,0.48890476584395215,1,0.485,0.01969177,1,0.015,0.04377122964525395,1,0.005,0.005734413033031564,1,0.005
WF-001195,2008-09-30 13:29:00,0,Pass,0.05142158111545232,0,0.07,0.3301388888888889,0,0.385,0.4582032136559264,0,0.485,0.009689515,0,0.015,0.004459099047905403,0,0.005,0.000899521789257828,0,0.005
WF-000892,2008-09-18 23:00:00,0,Pass,0.062237230334739845,0,0.07,0.31019444444444444,0,0.385,0.47085412619239975,0,0.485,0.017618753,1,0.015,0.0033973787206263754,0,0.005,0.0045082080844913225,0,0.005
WF-000983,2008-09-21 10:07:00,0,Pass,0.02829843004323002,0,0.07,0.2643333333333333,0,0.385,0.4153597540853934,0,0.485,0.0024199823,0,0.015,0.0017414027985642008,0,0.005,0.00028625792947953397,0,0.005
WF-001536,2008-10-15 16:24:00,0,Pass,0.03255662958958659,0,0.07,0.33594444444444455,0,0.385,0.4284455688386678,0,0.485,0.0014992387,0,0.015,0.001257123432702611,0,0.005,0.0002505151971888882,0,0.005
WF-000686,2008-09-02 13:05:00,0,Pass,0.07080067245482968,1,0.07,0.34822222222222227,0,0.385,0.458111965300799,0,0.485,0.0046531223,0,0.015,0.0023267581214521317,0,0.005,8.297413274684144e-05,0,0.005
WF-000288,2008-08-19 05:40:00,0,Pass,0.10289681573775031,1,0.07,0.43883333333333324,1,0.385,0.5121946057435041,1,0.485,0.04836872,1,0.015,0.013584645767148991,1,0.005,0.004221313061407302,0,0.005
WF-000385,2008-08-21 22:41:00,0,Pass,0.09347289006356355,1,0.07,0.47480555555555565,1,0.385,0.5604983437245483,1,0.485,0.18002334,1,0.015,0.09952735153542264,1,0.005,1.6618463992308668e-05,0,0.005
WF-000971,2008-09-21 01:06:00,0,Pass,0.11138653838466643,1,0.07,0.42877777777777776,1,0.385,0.5562776668391782,1,0.485,0.19638516,1,0.015,0.04290090498783114,1,0.005,0.7741097327718078,1,0.005
WF-001166,2008-09-28 23:54:00,0,Pass,0.08010098816023427,1,0.07,0.35433333333333333,0,0.385,0.4674563476214204,0,0.485,0.0061352886,0,0.015,0.007382346606720533,1,0.005,1.7635042862388236e-05,0,0.005
WF-001388,2008-10-07 07:41:00,0,Pass,0.033777725826076334,0,0.07,0.26197222222222216,0,0.385,0.4100030904836681,0,0.485,0.0016646341,0,0.015,0.0021994197848148405,0,0.005,2.8334089577702248e-08,0,0.005
WF-000797,2008-09-11 23:10:00,0,Pass,0.07154793660390178,1,0.07,0.39216666666666666,1,0.385,0.4726491125806741,0,0.485,0.019139603,1,0.015,0.00818145514523755,1,0.005,0.0033242655640651755,0,0.005
WF-001047,2008-09-24 02:19:00,0,Pass,0.08951810776379153,1,0.07,0.33075000000000004,0,0.385,0.5069352516336292,1,0.485,0.017773047,1,0.015,0.006788029884576529,1,0.005,0.1888004940887147,1,0.005
WF-000447,2008-08-24 10:09:00,0,Pass,0.12357066503096166,1,0.07,0.47541666666666665,1,0.385,0.5499936693144093,1,0.485,0.10509713,1,0.015,0.06528832188942299,1,0.005,0.2288375737451079,1,0.005
WF-001116,2008-09-26 20:31:00,0,Pass,0.07681027560631853,1,0.07,0.4053611111111111,1,0.385,0.5283489381727964,1,0.485,0.016069017,1,0.015,0.007899491215963186,1,0.005,0.004574154097541695,0,0.005
WF-000205,2008-08-15 09:38:00,0,Pass,0.05612469057435601,0,0.07,0.3975,1,0.385,0.48398171764760356,0,0.485,0.0034060727,0,0.015,0.005380297039223972,1,0.005,0.0007236891677585614,0,0.005
WF-000576,2008-08-30 09:37:00,0,Pass,0.05502781300200565,0,0.07,0.32719444444444445,0,0.385,0.4586916583396632,0,0.485,0.0037479748,0,0.015,0.0011788810244184498,0,0.005,0.08929171166239569,1,0.005
WF-000705,2008-09-02 20:58:00,0,Pass,0.05623499294599476,0,0.07,0.34711111111111115,0,0.385,0.49828461491070025,1,0.485,0.026169954,1,0.015,0.013081255516722295,1,0.005,0.6109917204942231,1,0.005
WF-000186,2008-08-10 12:22:00,0,Pass,0.04068847243072557,0,0.07,0.31419444444444444,0,0.385,0.4495076854688622,0,0.485,0.010531133,0,0.015,0.009777244085515396,1,0.005,0.13232574099294586,1,0.005
WF-000671,2008-09-02 09:36:00,0,Pass,0.08639627192557796,1,0.07,0.4300555555555554,1,0.385,0.5264564113355444,1,0.485,0.01568089,1,0.015,0.011034515372160367,1,0.005,9.528294967987939e-07,0,0.005
WF-000660,2008-09-02 04:19:00,0,Pass,0.04084812439985888,0,0.07,0.3266944444444445,0,0.385,0.4468035504528524,0,0.485,0.0012723301,0,0.015,0.0008172075161768446,0,0.005,2.1562283752126428e-05,0,0.005
WF-000401,2008-08-22 03:58:00,0,Pass,0.08094025493548461,1,0.07,0.368,0,0.385,0.5450617135308949,1,0.485,0.022039006,1,0.015,0.005927115933170223,1,0.005,0.9756417586961761,1,0.005
WF-000837,2008-09-14 16:34:00,0,Pass,0.0977026302940693,1,0.07,0.39077777777777783,1,0.385,0.5114776442886952,1,0.485,0.115052745,1,0.015,0.0226697419321769,1,0.005,0.25559985861562884,1,0.005
WF-000159,2008-08-08 12:37:00,1,Fail,0.07409383419556076,1,0.07,0.3488888888888888,0,0.385,0.4400681637291985,0,0.485,0.0055660065,0,0.015,0.002538341212468906,0,0.005,0.00010439006490606217,0,0.005
WF-000979,2008-09-21 08:22:00,0,Pass,0.06904256494900873,0,0.07,0.33322222222222225,0,0.385,0.45956618107794844,0,0.485,0.014555148,0,0.015,0.021971331277588366,1,0.005,0.1799863826038759,1,0.005
WF-001045,2008-09-23 21:26:00,0,Pass,0.039736068291123416,0,0.07,0.3344166666666667,0,0.385,0.4426086695301503,0,0.485,0.0021571706,0,0.015,0.0027391574666564265,0,0.005,0.003266159883454361,0,0.005
WF-000883,2008-09-18 05:58:00,0,Pass,0.033027393697183334,0,0.07,0.2567777777777779,0,0.385,0.4222363879320337,0,0.485,0.00088715885,0,0.015,0.00036412195534419613,0,0.005,9.72460479196587e-07,0,0.005
WF-000652,2008-09-02 01:50:00,0,Pass,0.05316969563605543,0,0.07,0.3895555555555555,1,0.385,0.4595259516895009,0,0.485,0.0055187945,0,0.015,0.0017690632518444027,0,0.005,0.12768517681099037,1,0.005
WF-001090,2008-09-25 19:49:00,0,Pass,0.06713491917064296,0,0.07,0.3398611111111111,0,0.385,0.46166661116697005,0,0.485,0.012474119,0,0.015,0.010855894381395764,1,0.005,0.000303142346975849,0,0.005
WF-001013,2008-09-22 14:24:00,0,Pass,0.048409384066369694,0,0.07,0.3066388888888889,0,0.385,0.47495216243641025,0,0.485,0.0066077886,0,0.015,0.0032891406376769046,0,0.005,0.16625854038699256,1,0.005
WF-000825,2008-09-13 10:55:00,0,Pass,0.059658953012886755,0,0.07,0.35063888888888883,0,0.385,0.4978832578279107,1,0.485,0.010437355,0,0.015,0.005430871373335486,1,0.005,0.05437701711402351,1,0.005
WF-000573,2008-08-30 08:42:00,0,Pass,0.07513002038157636,1,0.07,0.41300000000000003,1,0.385,0.527980845502506,1,0.485,0.052972145,1,0.015,0.0720181234013827,1,0.005,0.5433939394262145,1,0.005
WF-000107,2008-08-05 03:36:00,0,Pass,0.08717006901020043,1,0.07,0.421611111111111,1,0.385,0.5142665548455829,1,0.485,0.030405253,1,0.015,0.03739392732712624,1,0.005,0.0012892168497501536,0,0.005
WF-001506,2008-10-14 19:15:00,0,Pass,0.07357613460238077,1,0.07,0.3188055555555555,0,0.385,0.47626919859643885,0,0.485,0.004928344,0,0.015,0.0021384807098363753,0,0.005,0.016901948940703695,1,0.005
WF-001191,2008-09-30 04:01:00,0,Pass,0.13269422399876518,1,0.07,0.44866666666666666,1,0.385,0.5484079060352907,1,0.485,0.27338803,1,0.015,0.13005523077791536,1,0.005,0.007774087741551153,1,0.005
WF-000678,2008-09-02 11:22:00,0,Pass,0.056389587303387195,0,0.07,0.3131944444444445,0,0.385,0.426084720195761,0,0.485,0.0009876696,0,0.015,0.000502483954208627,0,0.005,0.00010665029932252452,0,0.005
WF-000180,2008-08-10 00:46:00,0,Pass,0.08074829357976263,1,0.07,0.4262222222222222,1,0.385,0.5217279587422827,1,0.485,0.023978764,1,0.015,0.019901699482520328,1,0.005,0.3007791492437893,1,0.005
WF-001235,2008-10-02 07:58:00,0,Pass,0.08955997310553208,1,0.07,0.39858333333333335,1,0.385,0.5146851042533488,1,0.485,0.017855141,1,0.015,0.004727927874782552,0,0.005,0.0077414418873970915,1,0.005
WF-000057,2008-07-30 12:02:00,0,Pass,0.0897182086165861,1,0.07,0.37811111111111106,0,0.385,0.4842428054184199,0,0.485,0.011322286,0,0.015,0.025695413461919565,1,0.005,0.005505747502162486,1,0.005
WF-000911,2008-09-19 11:54:00,0,Pass,0.07457547747366239,1,0.07,0.3254722222222221,0,0.385,0.4615029051534192,0,0.485,0.009050157,0,0.015,0.0017072338503929545,0,0.005,0.9999557356385478,1,0.005
WF-001133,2008-09-27 14:46:00,0,Pass,0.1788306288766397,1,0.07,0.4736944444444443,1,0.385,0.5077274545679364,1,0.485,0.14623941,1,0.015,0.05661087388521584,1,0.005,0.8136891433577172,1,0.005
WF-000728,2008-09-04 14:09:00,0,Pass,0.07526824217889433,1,0.07,0.35194444444444445,0,0.385,0.46347901313201073,0,0.485,0.0032856818,0,0.015,0.0009634231282556307,0,0.005,0.0002456693588575474,0,0.005
WF-000565,2008-08-30 05:05:00,0,Pass,0.07553445842018411,1,0.07,0.34052777777777765,0,0.385,0.46732603708056353,0,0.485,0.011032966,0,0.015,0.011510576728324697,1,0.005,0.016205725308990556,1,0.005
WF-001231,2008-10-02 04:23:00,0,Pass,0.09671377926212456,1,0.07,0.38772222222222213,1,0.385,0.5276180886341677,1,0.485,0.019035192,1,0.015,0.009146725148204918,1,0.005,0.9997625497725479,1,0.005
WF-000244,2008-08-18 01:23:00,1,Fail,0.19808363830103834,1,0.07,0.5937500000000001,1,0.385,0.6228443993683104,1,0.485,0.5206952,1,0.015,0.4315699425278229,1,0.005,5.521401877408933e-06,0,0.005
WF-000752,2008-09-08 00:32:00,0,Pass,0.0809197808291054,1,0.07,0.4404444444444444,1,0.385,0.5118601722987216,1,0.485,0.047492698,1,0.015,0.014920762034737835,1,0.005,0.08314900316018463,1,0.005
WF-001555,2008-10-16 04:47:00,0,Pass,0.036506498062678874,0,0.07,0.2823055555555556,0,0.385,0.41930157363866327,0,0.485,0.001849358,0,0.015,0.0022655137860167936,0,0.005,0.0004579316881507684,0,0.005
WF-000962,2008-09-20 17:26:00,0,Pass,0.04766933711659142,0,0.07,0.2782777777777779,0,0.385,0.45234141606851325,0,0.485,0.0039204448,0,0.015,0.005544031723888136,1,0.005,0.008588691695570137,1,0.005
WF-000050,2008-07-29 17:05:00,1,Fail,0.13679284441001413,1,0.07,0.45727777777777767,1,0.385,0.537204369401017,1,0.485,0.0544742,1,0.015,0.00857910127747063,1,0.005,0.0029928337784234115,0,0.005
WF-000094,2008-08-04 18:24:00,0,Pass,0.12481577177516329,1,0.07,0.4546388888888888,1,0.385,0.5502072900098512,1,0.485,0.0681562,1,0.015,0.046134853293867836,1,0.005,6.565763210574564e-08,0,0.005
WF-000765,2008-09-08 19:33:00,0,Pass,0.05536513274444188,0,0.07,0.3579722222222222,0,0.385,0.5046521206649625,1,0.485,0.016552059,1,0.015,0.011430360642815397,1,0.005,0.14072704715272835,1,0.005
WF-000662,2008-09-02 05:46:00,0,Pass,0.10848875747703995,1,0.07,0.40791666666666654,1,0.385,0.49565508779855066,1,0.485,0.04261724,1,0.015,0.019253590741035963,1,0.005,0.36250562133798175,1,0.005
WF-001372,2008-10-06 17:26:00,0,Pass,0.0643559307345399,0,0.07,0.31352777777777774,0,0.385,0.44844974772114643,0,0.485,0.0043151737,0,0.015,0.0010367089913234737,0,0.005,0.0006975340108512721,0,0.005
WF-000060,2008-07-31 13:57:00,0,Pass,0.12485094710939211,1,0.07,0.47933333333333344,1,0.385,0.5584773402245464,1,0.485,0.017072767,1,0.015,0.0035518182373127467,0,0.005,0.00015541047653498175,0,0.005
WF-001450,2008-10-10 15:33:00,0,Pass,0.04935471666219383,0,0.07,0.36002777777777784,0,0.385,0.47558116093525926,0,0.485,0.0113685345,0,0.015,0.021132994553182637,1,0.005,0.2682459486708934,1,0.005
WF-001105,2008-09-26 14:51:00,0,Pass,0.08511192439668819,1,0.07,0.3938611111111113,1,0.385,0.5254916306931625,1,0.485,0.045036178,1,0.015,0.09688888075344525,1,0.005,0.04429690730180127,1,0.005
WF-001110,2008-09-26 17:59:00,0,Pass,0.10894612685616158,1,0.07,0.4208611111111111,1,0.385,0.527921414408858,1,0.485,0.0345317,1,0.015,0.0799691667935169,1,0.005,0.10793540400891141,1,0.005
WF-000334,2008-08-20 17:36:00,0,Pass,0.07054751205777948,1,0.07,0.3872222222222222,1,0.385,0.5064110642794208,1,0.485,0.010233503,0,0.015,0.0018091214730291615,0,0.005,0.3183925373748454,1,0.005
WF-000695,2008-09-02 16:50:00,0,Pass,0.07274704527704698,1,0.07,0.3510277777777778,0,0.385,0.487512472612498,1,0.485,0.017748982,1,0.015,0.005966705890916535,1,0.005,0.0006911307778036202,0,0.005
WF-000633,2008-09-01 11:40:00,0,Pass,0.08205035910108359,1,0.07,0.3481666666666667,0,0.385,0.4941049656682844,1,0.485,0.015231018,1,0.015,0.00811867411192886,1,0.005,0.019719045540747514,1,0.005
WF-001018,2008-09-22 21:31:00,0,Pass,0.06377323345330038,0,0.07,0.35166666666666674,0,0.385,0.4766828148622502,0,0.485,0.019144988,1,0.015,0.009298297621827684,1,0.005,0.07385974876108578,1,0.005
WF-000194,2008-08-11 11:35:00,0,Pass,0.11996169869023277,1,0.07,0.5038333333333332,1,0.385,0.579653738049958,1,0.485,0.19562808,1,0.015,0.07524779154693728,1,0.005,0.16228266836465657,1,0.005
WF-000624,2008-09-01 05:32:00,0,Pass,0.02844648797673272,0,0.07,0.2956666666666667,0,0.385,0.43921036554538945,0,0.485,0.0008022969,0,0.015,0.0005593410398929358,0,0.005,0.00010605844132627696,0,0.005
WF-001327,2008-10-05 16:15:00,0,Pass,0.18755972778992594,1,0.07,0.5400833333333331,1,0.385,0.5783041442438955,1,0.485,0.5821682,1,0.015,0.5830243701075709,1,0.005,0.11693621032226807,1,0.005
WF-000424,2008-08-22 15:54:00,0,Pass,0.15082111192221923,1,0.07,0.5042777777777776,1,0.385,0.553422756166357,1,0.485,0.1250037,1,0.015,0.06478238393324809,1,0.005,1.3115520673421537e-05,0,0.005
WF-000092,2008-08-04 17:11:00,0,Pass,0.06493531217983736,0,0.07,0.4192222222222223,1,0.385,0.5141908260483643,1,0.485,0.009575251,0,0.015,0.0065438169044463035,1,0.005,0.05392391061741119,1,0.005
WF-000729,2008-09-04 14:11:00,0,Pass,0.06127288813399821,0,0.07,0.35630555555555554,0,0.385,0.46664508890912515,0,0.485,0.014589398,0,0.015,0.001566978702331485,0,0.005,1.8992770352146267e-05,0,0.005
WF-000782,2008-09-11 06:04:00,0,Pass,0.047106013976936575,0,0.07,0.36358333333333326,0,0.385,0.4858582323083194,1,0.485,0.00418825,0,0.015,0.007805194755143477,1,0.005,0.012664124309434041,1,0.005
WF-001036,2008-09-23 13:37:00,0,Pass,0.06448720040197589,0,0.07,0.30633333333333335,0,0.385,0.4651635155504493,0,0.485,0.026861541,1,0.015,0.004624598342745957,0,0.005,0.5965536598634255,1,0.005
WF-000160,2008-08-08 20:21:00,0,Pass,0.26190895030709993,1,0.07,0.6216944444444442,1,0.385,0.5993655692282923,1,0.485,0.4131934,1,0.015,0.46190788535545246,1,0.005,0.982043331054913,1,0.005
WF-000929,2008-09-19 21:14:00,0,Pass,0.041826924965853995,0,0.07,0.299,0,0.385,0.4272383916977468,0,0.485,0.0018870834,0,0.015,0.0018686276646720323,0,0.005,3.947897079220762e-05,0,0.005
WF-001385,2008-10-07 03:29:00,0,Pass,0.04344664029593493,0,0.07,0.30399999999999994,0,0.385,0.424773766190213,0,0.485,0.0053486642,0,0.015,0.005068050103826926,1,0.005,4.373826899018745e-10,0,0.005
WF-001029,2008-09-23 09:43:00,0,Pass,0.11705804168884897,1,0.07,0.3721111111111112,0,0.385,0.5069477713087067,1,0.485,0.044294976,1,0.015,0.009166533827233097,1,0.005,0.015649385232356202,1,0.005
WF-000991,2008-09-21 15:26:00,0,Pass,0.05840937792246096,0,0.07,0.36611111111111116,0,0.385,0.4864592936218705,1,0.485,0.003721111,0,0.015,0.006802299872756919,1,0.005,0.0055927095521962865,1,0.005
WF-000413,2008-08-22 10:01:00,0,Pass,0.13517365290988362,1,0.07,0.4640833333333333,1,0.385,0.5152311630614327,1,0.485,0.15019779,1,0.015,0.17716906826379575,1,0.005,0.7637105010688248,1,0.005
WF-001119,2008-09-27 01:29:00,0,Pass,0.0740199570644017,1,0.07,0.37780555555555545,0,0.385,0.5123770292774681,1,0.485,0.053272136,1,0.015,0.03905007979884652,1,0.005,0.20296711810323842,1,0.005
WF-001265,2008-10-03 03:56:00,0,Pass,0.05731658646477096,0,0.07,0.35766666666666663,0,0.385,0.482555665510049,0,0.485,0.0043846155,0,0.015,0.007437224991770371,1,0.005,0.9996315094897983,1,0.005
WF-000809,2008-09-12 14:52:00,0,Pass,0.059613545122630736,0,0.07,0.40427777777777796,1,0.385,0.499752062663679,1,0.485,0.00800927,0,0.015,0.0011547726765256331,0,0.005,0.42752392700094694,1,0.005
WF-000074,2008-08-03 14:06:00,0,Pass,0.14699631911343597,1,0.07,0.4955555555555558,1,0.385,0.5331933815822312,1,0.485,0.0982488,1,0.015,0.01831999238692923,1,0.005,0.00016542738361097705,0,0.005
WF-000857,2008-09-15 22:54:00,0,Pass,0.06110019387214488,0,0.07,0.3628611111111111,0,0.385,0.5074880129537416,1,0.485,0.010111699,0,0.015,0.015982498244164058,1,0.005,1.309784376386855e-08,0,0.005
WF-001198,2008-09-30 15:16:00,0,Pass,0.0354592451300667,0,0.07,0.2719444444444445,0,0.385,0.4544492936239709,0,0.485,0.0020159436,0,0.015,0.0011299541395609384,0,0.005,2.3504140868450054e-05,0,0.005
WF-000163,2008-08-08 22:06:00,0,Pass,0.09620032282732978,1,0.07,0.4678333333333332,1,0.385,0.5198217181608367,1,0.485,0.047677115,1,0.015,0.012678057518093713,1,0.005,0.002059725802912043,0,0.005
WF-000829,2008-09-13 14:07:00,0,Pass,0.05009401418851935,0,0.07,0.36458333333333337,0,0.385,0.4829009296195892,0,0.485,0.010781327,0,0.015,0.010993279018299452,1,0.005,0.03853916299249332,1,0.005
WF-001318,2008-10-05 10:43:00,0,Pass,0.04237807732313765,0,0.07,0.3287777777777778,0,0.385,0.38692297416590116,0,0.485,0.001820391,0,0.015,0.0005708179943512653,0,0.005,9.422065099657478e-05,0,0.005
WF-000696,2008-09-02 16:54:00,0,Pass,0.07558645997295804,1,0.07,0.4302222222222221,1,0.385,0.5150525763749625,1,0.485,0.019397292,1,0.015,0.010420284673902143,1,0.005,0.0738086444356824,1,0.005
WF-000434,2008-08-23 05:57:00,0,Pass,0.08649350362510895,1,0.07,0.3796944444444445,0,0.385,0.5032537266099789,1,0.485,0.018826995,1,0.015,0.038272303408336115,1,0.005,0.000860892673747219,0,0.005
WF-000511,2008-08-29 05:16:00,0,Pass,0.061597378713230726,0,0.07,0.3708055555555556,0,0.385,0.4762702555025922,0,0.485,0.005682029,0,0.015,0.0048462914759324245,0,0.005,0.00014390352605600496,0,0.005
WF-001212,2008-10-01 05:56:00,1,Fail,0.08306933978042103,1,0.07,0.38447222222222227,0,0.385,0.5027379844524846,1,0.485,0.019247297,1,0.015,0.0016678602095754067,0,0.005,0.0004365187161223305,0,0.005
WF-000361,2008-08-21 13:29:00,0,Pass,0.1414657920887638,1,0.07,0.5112777777777777,1,0.385,0.5940925884617421,1,0.485,0.21606383,1,0.015,0.09784357907982438,1,0.005,0.9993818274284807,1,0.005
WF-001170,2008-09-29 04:18:00,0,Pass,0.04326910007813903,0,0.07,0.32100000000000006,0,0.385,0.44081932208572605,0,0.485,0.0041167717,0,0.015,0.0013925180108546817,0,0.005,0.0003308111634981046,0,0.005
WF-001073,2008-09-25 07:12:00,0,Pass,0.029163473555850736,0,0.07,0.2703333333333333,0,0.385,0.4064538429421337,0,0.485,0.0013893341,0,0.015,0.001748781884035017,0,0.005,5.683657119648405e-10,0,0.005
WF-001063,2008-09-24 15:05:00,1,Fail,0.06140782025193707,0,0.07,0.3339722222222222,0,0.385,0.4872195245902164,1,0.485,0.022084642,1,0.015,0.008643503257638973,1,0.005,0.016452317130844493,1,0.005
WF-001486,2008-10-13 19:36:00,0,Pass,0.047460487701933,0,0.07,0.3213611111111111,0,0.385,0.45679256682977076,0,0.485,0.0075819576,0,0.015,0.007429459746320848,1,0.005,0.0011025259756985719,0,0.005
WF-001527,2008-10-15 07:55:00,0,Pass,0.04977867246180795,0,0.07,0.35111111111111115,0,0.385,0.4321194409368985,0,0.485,0.0026295383,0,0.015,0.0010791809416427877,0,0.005,5.3193790540652936e-05,0,0.005
WF-000552,2008-08-30 00:01:00,0,Pass,0.06076215983218888,0,0.07,0.35524999999999995,0,0.385,0.49807817414097044,1,0.485,0.010687529,0,0.015,0.009350892907506278,1,0.005,0.4568572211658441,1,0.005
WF-000161,2008-08-08 21:22:00,0,Pass,0.0993749353294111,1,0.07,0.4828888888888889,1,0.385,0.5320703395160572,1,0.485,0.011397328,0,0.015,0.007874942755264814,1,0.005,0.006254069251029777,1,0.005
WF-001360,2008-10-06 11:51:00,0,Pass,0.10113933639330672,1,0.07,0.4181944444444444,1,0.385,0.4986665233238014,1,0.485,0.04443777,1,0.015,0.02112798814361856,1,0.005,0.0004404221567245072,0,0.005
WF-000862,2008-09-16 08:52:00,0,Pass,0.03656603056800887,0,0.07,0.32525000000000004,0,0.385,0.440451961361038,0,0.485,0.0019070893,0,0.015,0.003502343279156158,0,0.005,0.006269121387694843,1,0.005
WF-000187,2008-08-10 15:59:00,1,Fail,0.1990652926313035,1,0.07,0.5790277777777776,1,0.385,0.5952202994148377,1,0.485,0.39705274,1,0.015,0.3492300559374674,1,0.005,0.9830567067099967,1,0.005
WF-001140,2008-09-27 20:46:00,0,Pass,0.06563042720187282,0,0.07,0.34827777777777785,0,0.385,0.4878343855948291,1,0.485,0.040303614,1,0.015,0.005083629795670669,1,0.005,0.10389397442107423,1,0.005
WF-000989,2008-09-21 14:33:00,0,Pass,0.05172139887676526,0,0.07,0.30974999999999997,0,0.385,0.4643204352783726,0,0.485,0.007949906,0,0.015,0.009382073128270578,1,0.005,8.224329389013634e-05,0,0.005
WF-000226,2008-08-17 01:53:00,0,Pass,0.1508990646811592,1,0.07,0.43813888888888886,1,0.385,0.5309437932861145,1,0.485,0.08581574,1,0.015,0.012291091497400352,1,0.005,0.5927882413895907,1,0.005
WF-000689,2008-09-02 13:40:00,0,Pass,0.03791565488204754,0,0.07,0.25933333333333336,0,0.385,0.41638761362625437,0,0.485,0.0014833693,0,0.015,0.0031700878078840854,0,0.005,0.0005036822994576328,0,0.005
WF-000392,2008-08-22 00:47:00,0,Pass,0.12622546279416014,1,0.07,0.5070833333333336,1,0.385,0.5393942151895083,1,0.485,0.03539206,1,0.015,0.04357115156907814,1,0.005,0.012760336766349934,1,0.005
WF-000039,2008-07-28 06:45:00,1,Fail,0.16721403121204467,1,0.07,0.5245833333333334,1,0.385,0.5662756346583903,1,0.485,0.25828174,1,0.015,0.30136807925585196,1,0.005,0.9999733365503175,1,0.005
WF-000210,2008-08-15 20:00:00,0,Pass,0.24978058922460727,1,0.07,0.5980833333333334,1,0.385,0.5760145668781195,1,0.485,0.23123688,1,0.015,0.07502575680587177,1,0.005,0.9447626644493385,1,0.005
WF-001144,2008-09-28 03:55:00,0,Pass,0.03992482053069306,0,0.07,0.28630555555555565,0,0.385,0.44415122138089214,0,0.485,0.0023437054,0,0.015,0.0009299055138767699,0,0.005,7.671104199912486e-05,0,0.005
WF-001301,2008-10-04 20:39:00,0,Pass,0.07305324326695016,1,0.07,0.28505555555555545,0,0.385,0.45252058180974297,0,0.485,0.021166481,1,0.015,0.013103332632553822,1,0.005,0.0009112258972885098,0,0.005
WF-001406,2008-10-07 17:28:00,0,Pass,0.0652674946768753,0,0.07,0.3758333333333334,0,0.385,0.5043912113338209,1,0.485,0.027222631,1,0.015,0.006119275500521565,1,0.005,0.0017969080707407482,0,0.005
WF-000242,2008-08-18 00:02:00,1,Fail,0.2823116141703983,1,0.07,0.6708055555555555,1,0.385,0.6177318222914592,1,0.485,0.33693177,1,0.015,0.49768615601635197,1,0.005,0.735540374647594,1,0.005
WF-000427,2008-08-22 23:47:00,0,Pass,0.05892390746825151,0,0.07,0.3226666666666666,0,0.385,0.41480172304231494,0,0.485,0.0041713812,0,0.015,0.001935605851732039,0,0.005,4.50241365777916e-10,0,0.005
WF-001259,2008-10-02 23:32:00,0,Pass,0.06383032231769531,0,0.07,0.3612222222222223,0,0.385,0.4601471626654875,0,0.485,0.018799074,1,0.015,0.004481504349292822,0,0.005,4.426868006364043e-05,0,0.005
WF-001379,2008-10-06 20:47:00,0,Pass,0.06715885370437026,0,0.07,0.36411111111111105,0,0.385,0.497036936953676,1,0.485,0.049654655,1,0.015,0.012654797106216331,1,0.005,0.38538171023868795,1,0.005
WF-000365,2008-08-21 15:06:00,0,Pass,0.10725579624029384,1,0.07,0.5088888888888888,1,0.385,0.5380247021976551,1,0.485,0.09601621,1,0.015,0.023935313179533475,1,0.005,0.6224670924411904,1,0.005
WF-000872,2008-09-17 04:23:00,1,Fail,0.09308628422562272,1,0.07,0.4289722222222222,1,0.385,0.4601237056010675,0,0.485,0.041122522,1,0.015,0.008385079053109801,1,0.005,0.9059838407739453,1,0.005
WF-001375,2008-10-06 18:55:00,0,Pass,0.060602418395555066,0,0.07,0.3781388888888888,0,0.385,0.49787258087826575,1,0.485,0.06875608,1,0.015,0.02229711230193899,1,0.005,3.129950269877623e-07,0,0.005
WF-001332,2008-10-05 19:45:00,0,Pass,0.09262855249501478,1,0.07,0.3934999999999999,1,0.385,0.49199445346859233,1,0.485,0.036056183,1,0.015,0.1318733752104946,1,0.005,7.553094120552527e-06,0,0.005
WF-000508,2008-08-29 03:46:00,0,Pass,0.03156872625094018,0,0.07,0.29725,0,0.385,0.4220789400957375,0,0.485,0.0017784659,0,0.015,0.002782248971969209,0,0.005,0.012853960142935685,1,0.005
WF-000134,2008-08-06 09:57:00,0,Pass,0.07186145881351672,1,0.07,0.4149444444444444,1,0.385,0.45056786702397933,0,0.485,0.0031887325,0,0.015,0.0027661274300807954,0,0.005,7.259992842542152e-06,0,0.005
WF-001075,2008-09-25 08:45:00,0,Pass,0.06051077351480137,0,0.07,0.36330555555555555,0,0.385,0.48328757793017835,0,0.485,0.010760385,0,0.015,0.012210099557988232,1,0.005,0.002785903110336628,0,0.005
WF-000129,2008-08-06 00:04:00,0,Pass,0.12209968843274105,1,0.07,0.4721111111111111,1,0.385,0.558667512349064,1,0.485,0.06056789,1,0.015,0.03764623728921977,1,0.005,0.8964789591812587,1,0.005
WF-000712,2008-09-03 04:18:00,0,Pass,0.03338038745919599,0,0.07,0.29205555555555557,0,0.385,0.40819707139858724,0,0.485,0.0013480624,0,0.015,0.0005489897337791841,0,0.005,0.00034582605480689576,0,0.005
WF-000871,2008-09-17 02:01:00,0,Pass,0.05294695398141875,0,0.07,0.3886666666666666,1,0.385,0.5119922322634699,1,0.485,0.025064679,1,0.015,0.009089562129758005,1,0.005,2.3102356791129736e-05,0,0.005
WF-000151,2008-08-07 08:45:00,0,Pass,0.07471909624486699,1,0.07,0.4066111111111112,1,0.385,0.49828321602321124,1,0.485,0.0035803604,0,0.015,0.0038460390173853036,0,0.005,2.968958346988645e-07,0,0.005
WF-000827,2008-09-13 11:56:00,1,Fail,0.06395028872688434,0,0.07,0.3434444444444445,0,0.385,0.4668921333813823,0,0.485,0.017330935,1,0.015,0.004824413870993121,0,0.005,0.7902906454963718,1,0.005
WF-001114,2008-09-26 19:55:00,0,Pass,0.07026385260682594,1,0.07,0.36180555555555555,0,0.385,0.4841671827325883,0,0.485,0.015109079,1,0.015,0.012896762792418534,1,0.005,0.13947482221295565,1,0.005
WF-000604,2008-08-31 09:11:00,0,Pass,0.14294939613735738,1,0.07,0.42375,1,0.385,0.5556289372967163,1,0.485,0.11267481,1,0.015,0.06992072215815937,1,0.005,0.6443781425119199,1,0.005
WF-000088,2008-08-04 14:31:00,0,Pass,0.10529052458474315,1,0.07,0.43305555555555564,1,0.385,0.5461527756834924,1,0.485,0.065233275,1,0.015,0.06371909225373226,1,0.005,0.0007339302348949887,0,0.005
WF-001543,2008-10-15 22:54:00,0,Pass,0.05551097363150863,0,0.07,0.3720833333333334,0,0.385,0.5016572073938157,1,0.485,0.014776978,0,0.015,0.008952729951163267,1,0.005,0.007390067535841138,1,0.005
WF-000987,2008-09-21 14:30:00,0,Pass,0.05745589293339227,0,0.07,0.31744444444444453,0,0.385,0.4631340571795298,0,0.485,0.0076763392,0,0.015,0.00402916873309777,0,0.005,7.432495410120878e-05,0,0.005
WF-000089,2008-08-04 15:29:00,0,Pass,0.057822147697130725,0,0.07,0.3957500000000001,1,0.385,0.5191981538232027,1,0.485,0.01392734,0,0.015,0.03764795080338593,1,0.005,0.006974427071638983,1,0.005
WF-000132,2008-08-06 05:40:00,1,Fail,0.13515478268476147,1,0.07,0.5291111111111111,1,0.385,0.5597303103418767,1,0.485,0.08766874,1,0.015,0.07618946326314677,1,0.005,0.023717505896342212,1,0.005
WF-000061,2008-07-31 15:36:00,0,Pass,0.26596298706125265,1,0.07,0.6111666666666667,1,0.385,0.6104155284019832,1,0.485,0.7143483,1,0.015,0.7773514248799958,1,0.005,0.9175342353032561,1,0.005
WF-000371,2008-08-21 17:25:00,0,Pass,0.0892808890516662,1,0.07,0.37186111111111114,0,0.385,0.44897402586969715,0,0.485,0.0037710276,0,0.015,0.002312379457167379,0,0.005,0.0014199270133255137,0,0.005
WF-001146,2008-09-28 05:31:00,0,Pass,0.05738924081102418,0,0.07,0.35411111111111104,0,0.385,0.4823812340058368,0,0.485,0.008486101,0,0.015,0.013103378316106569,1,0.005,0.0008622839813162649,0,0.005
WF-000994,2008-09-21 17:26:00,0,Pass,0.07899955456073052,1,0.07,0.3536111111111111,0,0.385,0.4720270491193673,0,0.485,0.007755731,0,0.015,0.004491581275671455,0,0.005,1.528432515372078e-06,0,0.005
WF-001083,2008-09-25 14:28:00,0,Pass,0.0949076635191149,1,0.07,0.4496111111111111,1,0.385,0.5395028239674299,1,0.485,0.03770979,1,0.015,0.022385025221527355,1,0.005,0.006010553947780951,1,0.005
WF-001180,2008-09-29 14:08:00,0,Pass,0.05286877911708284,0,0.07,0.29038888888888886,0,0.385,0.48116759531359693,0,0.485,0.035543956,1,0.015,0.00894611322608913,1,0.005,0.0018845652624513787,0,0.005
WF-000491,2008-08-28 18:15:00,0,Pass,0.04384661913510021,0,0.07,0.37549999999999994,0,0.385,0.47862714186121036,0,0.485,0.0065234667,0,0.015,0.01805824759483677,1,0.005,0.00014075071661345654,0,0.005
WF-000390,2008-08-22 00:43:00,0,Pass,0.1540547164655968,1,0.07,0.4856944444444445,1,0.385,0.5178843543738443,1,0.485,0.10889298,1,0.015,0.019981669774145037,1,0.005,0.9847244258411234,1,0.005
WF-000067,2008-08-01 10:26:00,0,Pass,0.09764599609084437,1,0.07,0.42177777777777786,1,0.385,0.530349340937969,1,0.485,0.14416893,1,0.015,0.06237041230901568,1,0.005,0.9023950226288291,1,0.005
WF-000195,2008-08-11 12:38:00,0,Pass,0.1402273668572528,1,0.07,0.4673888888888891,1,0.385,0.5463468558790179,1,0.485,0.06713264,1,0.015,0.018142459538166265,1,0.005,0.09712301263426375,1,0.005
WF-000423,2008-08-22 15:39:00,0,Pass,0.06153737739985992,0,0.07,0.34916666666666674,0,0.385,0.45187570041303626,0,0.485,0.00532427,0,0.015,0.005370098106289423,1,0.005,0.0010366188367402097,0,0.005
WF-001348,2008-10-06 06:11:00,0,Pass,0.06950362142023778,0,0.07,0.36405555555555563,0,0.385,0.49681237503246056,1,0.485,0.04221486,1,0.015,0.009692068015130022,1,0.005,0.02349983670012079,1,0.005
WF-001416,2008-10-08 07:10:00,0,Pass,0.0687164016377617,0,0.07,0.37047222222222226,0,0.385,0.4716394037995052,0,0.485,0.003770576,0,0.015,0.003962852613497982,0,0.005,0.009676681977955005,1,0.005
WF-000943,2008-09-20 08:14:00,0,Pass,0.05806315647487291,0,0.07,0.33116666666666666,0,0.385,0.5210132216544638,1,0.485,0.02587538,1,0.015,0.04815599432593292,1,0.005,6.687126013078382e-05,0,0.005
WF-000958,2008-09-20 15:37:00,0,Pass,0.06136880510764397,0,0.07,0.3644166666666666,0,0.385,0.44396648077107326,0,0.485,0.0053939275,0,0.015,0.0020819195981144575,0,0.005,0.0016590715651688193,0,0.005
WF-001339,2008-10-06 01:30:00,0,Pass,0.05969725391224435,0,0.07,0.2924999999999999,0,0.385,0.45538146806586755,0,0.485,0.010472252,0,0.015,0.006333186496433077,1,0.005,7.762470662089167e-06,0,0.005
WF-000439,2008-08-23 12:58:00,0,Pass,0.041439765484973266,0,0.07,0.29080555555555565,0,0.385,0.3840497198061896,0,0.485,0.00065213034,0,0.015,0.00021667785991545462,0,0.005,4.047160011100854e-19,0,0.005
WF-000165,2008-08-09 02:15:00,0,Pass,0.11935335771496892,1,0.07,0.4121944444444443,1,0.385,0.5069457823834886,1,0.485,0.023008808,1,0.015,0.005549553338734065,1,0.005,0.9697617133445199,1,0.005
WF-001039,2008-09-23 15:58:00,0,Pass,0.061455225674689896,0,0.07,0.29983333333333323,0,0.385,0.45879804223451526,0,0.485,0.009129424,0,0.015,0.0024621133700960074,0,0.005,0.012383263658180363,1,0.005
WF-001282,2008-10-03 21:52:00,0,Pass,0.07554067589269985,1,0.07,0.3999166666666667,1,0.385,0.5103391551171828,1,0.485,0.031875193,1,0.015,0.006716905933039951,1,0.005,0.02453049484903454,1,0.005
WF-000083,2008-08-04 00:39:00,1,Fail,0.1378519733764997,1,0.07,0.5045277777777778,1,0.385,0.5346312632796328,1,0.485,0.06267199,1,0.015,0.04079149229856898,1,0.005,0.3379424539974947,1,0.005
WF-000419,2008-08-22 12:42:00,0,Pass,0.05696874194219278,0,0.07,0.3025555555555556,0,0.385,0.427380877522328,0,0.485,0.0036195524,0,0.015,0.0014824325229272695,0,0.005,0.00012691907057554025,0,0.005
WF-001400,2008-10-07 12:40:00,0,Pass,0.039598558420844115,0,0.07,0.2981666666666667,0,0.385,0.44367500076851957,0,0.485,0.0036728007,0,0.015,0.0010065446555111955,0,0.005,2.7781417518364365e-05,0,0.005
WF-000645,2008-09-02 00:26:00,0,Pass,0.05463330729710954,0,0.07,0.3484444444444444,0,0.385,0.46135991149259964,0,0.485,0.014748598,0,0.015,0.002399841193989314,0,0.005,0.00010422571999322933,0,0.005
WF-000683,2008-09-02 12:26:00,0,Pass,0.06830170226453465,0,0.07,0.3468888888888889,0,0.385,0.4552032406116278,0,0.485,0.003702696,0,0.015,0.0006125228252296348,0,0.005,0.0031061482455099357,0,0.005
WF-000136,2008-08-06 13:35:00,0,Pass,0.09443738505020326,1,0.07,0.38480555555555557,0,0.385,0.5203586603233716,1,0.485,0.02830461,1,0.015,0.032508638067988954,1,0.005,0.0384089337290837,1,0.005
WF-000486,2008-08-28 17:21:00,0,Pass,0.1005563109632631,1,0.07,0.40041666666666664,1,0.385,0.45846284343454347,0,0.485,0.007926377,0,0.015,0.002788747425924216,0,0.005,0.003868808359940203,0,0.005
WF-000455,2008-08-27 14:18:00,0,Pass,0.052513203568446985,0,0.07,0.3497777777777777,0,0.385,0.46011856835604437,0,0.485,0.009682312,0,0.015,0.004978444519374367,0,0.005,0.0001718724470062574,0,0.005
WF-001197,2008-09-30 14:36:00,0,Pass,0.09936858861795814,1,0.07,0.4291388888888889,1,0.385,0.535107872892082,1,0.485,0.056913313,1,0.015,0.03766377068143211,1,0.005,0.0006849833695410051,0,0.005
WF-000998,2008-09-21 20:35:00,0,Pass,0.040535770216321314,0,0.07,0.2766388888888889,0,0.385,0.41134967716633836,0,0.485,0.0026530116,0,0.015,0.001853842564896075,0,0.005,0.0006239965160619397,0,0.005
WF-001496,2008-10-14 00:35:00,0,Pass,0.03590336934518645,0,0.07,0.28688888888888886,0,0.385,0.41261611894235084,0,0.485,0.0036659879,0,0.015,0.0027464207886738123,0,0.005,0.005602061625854994,1,0.005
WF-000952,2008-09-20 14:06:00,0,Pass,0.07323130566975844,1,0.07,0.3798333333333333,0,0.385,0.5089571190903918,1,0.485,0.009374634,0,0.015,0.007268381861569887,1,0.005,0.04255392709652756,1,0.005
WF-001150,2008-09-28 08:40:00,0,Pass,0.06351338328574344,0,0.07,0.3835277777777776,0,0.385,0.5155958724263483,1,0.485,0.022559883,1,0.015,0.02376252368790027,1,0.005,0.0006967133362062109,0,0.005
WF-001042,2008-09-23 18:56:00,0,Pass,0.1034046780563721,1,0.07,0.42122222222222216,1,0.385,0.5123276087209124,1,0.485,0.05332756,1,0.015,0.011709717050260266,1,0.005,0.01033685054406277,1,0.005
WF-000031,2008-07-27 20:24:00,0,Pass,0.09565421575088612,1,0.07,0.43622222222222234,1,0.385,0.4788052597692979,0,0.485,0.018383281,1,0.015,0.005015193157285894,1,0.005,0.8194660991420062,1,0.005
WF-000248,2008-08-18 05:03:00,0,Pass,0.11367793306626758,1,0.07,0.4528333333333334,1,0.385,0.5375115617097205,1,0.485,0.019925967,1,0.015,0.032223066760270175,1,0.005,0.9967103245567425,1,0.005
WF-000935,2008-09-20 03:58:00,0,Pass,0.03867453072080258,0,0.07,0.3303888888888889,0,0.385,0.47191295585079207,0,0.485,0.025901932,1,0.015,0.007455018834028056,1,0.005,0.0014777334255307287,0,0.005
WF-000200,2008-08-12 12:04:00,0,Pass,0.14051865291874951,1,0.07,0.5274444444444444,1,0.385,0.5440791882978334,1,0.485,0.26520973,1,0.015,0.4512453922808501,1,0.005,0.05800563576628233,1,0.005
WF-000295,2008-08-19 07:58:00,1,Fail,0.11794078374032026,1,0.07,0.4719166666666667,1,0.385,0.5163660359256512,1,0.485,0.1044775,1,0.015,0.026813398222400975,1,0.005,0.27198359443068626,1,0.005
WF-000500,2008-08-28 23:40:00,0,Pass,0.12023474696085441,1,0.07,0.503361111111111,1,0.385,0.6031463278576191,1,0.485,0.71648407,1,0.015,0.6002696049904205,1,0.005,0.9038983492449472,1,0.005
WF-001515,2008-10-15 01:52:00,0,Pass,0.032006089797132695,0,0.07,0.23197222222222222,0,0.385,0.4189552404245768,0,0.485,0.0033491706,0,0.015,0.001443947523318445,0,0.005,8.251058874953905e-07,0,0.005
WF-000730,2008-09-04 14:48:00,0,Pass,0.034860188755312625,0,0.07,0.30233333333333334,0,0.385,0.46121118948710504,0,0.485,0.0042266957,0,0.015,0.0003477867730058375,0,0.005,0.0015781452868990488,0,0.005
WF-001390,2008-10-07 08:26:00,0,Pass,0.05443622576317414,0,0.07,0.3069166666666668,0,0.385,0.45820271393026274,0,0.485,0.003931508,0,0.015,0.006231150196371968,1,0.005,1.4056251106116237e-05,0,0.005
WF-000116,2008-08-05 07:12:00,1,Fail,0.16913755822227255,1,0.07,0.5592500000000001,1,0.385,0.5813815179083045,1,0.485,0.33294022,1,0.015,0.23864236968625788,1,0.005,0.23377362263773238,1,0.005
WF-000084,2008-08-04 03:45:00,0,Pass,0.08132483380741201,1,0.07,0.41997222222222214,1,0.385,0.4943727082966882,1,0.485,0.016332442,1,0.015,0.011440946195061056,1,0.005,0.0006003836190259531,0,0.005
WF-000260,2008-08-18 12:00:00,0,Pass,0.07000556080413683,1,0.07,0.37261111111111117,0,0.385,0.5021161133574076,1,0.485,0.022708232,1,0.015,0.007480386967979548,1,0.005,0.009147074880626598,1,0.005
WF-000920,2008-09-19 19:29:00,0,Pass,0.03854915915503168,0,0.07,0.3057777777777778,0,0.385,0.41284101908629944,0,0.485,0.0039648456,0,0.015,0.0014325166793751805,0,0.005,0.9653086538923165,1,0.005
WF-000693,2008-09-02 15:29:00,0,Pass,0.07110218575087317,1,0.07,0.37822222222222224,0,0.385,0.5032866976340128,1,0.485,0.012384665,0,0.015,0.002878899198287928,0,0.005,0.03212206420929737,1,0.005
WF-000310,2008-08-19 12:30:00,0,Pass,0.0749252441188147,1,0.07,0.3469722222222223,0,0.385,0.4067380898840354,0,0.485,0.0065491726,0,0.015,0.004645493245312087,0,0.005,0.00023664086339446222,0,0.005
WF-000563,2008-08-30 04:24:00,0,Pass,0.05010896740943843,0,0.07,0.30505555555555564,0,0.385,0.42660094758610106,0,0.485,0.0012386817,0,0.015,0.0006044136867693108,0,0.005,1.1913075912535548e-05,0,0.005
WF-000469,2008-08-28 06:39:00,0,Pass,0.027527540002403265,0,0.07,0.2998333333333333,0,0.385,0.4711158003741569,0,0.485,0.0022114695,0,0.015,0.0006006524217695177,0,0.005,1.3787682679735879e-05,0,0.005
WF-000852,2008-09-15 16:59:00,0,Pass,0.02814020831453387,0,0.07,0.2692777777777779,0,0.385,0.3960845597335521,0,0.485,0.00097130303,0,0.015,0.001988738426826565,0,0.005,4.550727387034788e-05,0,0.005
WF-000201,2008-08-13 02:48:00,0,Pass,0.13798477461493572,1,0.07,0.5351666666666669,1,0.385,0.5299953405230139,1,0.485,0.02423166,1,0.015,0.02306340440005036,1,0.005,0.8939454263376443,1,0.005
WF-000750,2008-09-07 20:50:00,0,Pass,0.04535024686548759,0,0.07,0.26675000000000004,0,0.385,0.41643674479728576,0,0.485,0.0015136992,0,0.015,0.0018327112315100348,0,0.005,0.0007205095083693416,0,0.005
WF-001229,2008-10-02 03:27:00,0,Pass,0.07407146139564535,1,0.07,0.3690277777777778,0,0.385,0.5015133857787852,1,0.485,0.011944496,0,0.015,0.0041321306143507425,0,0.005,0.0002051434217287006,0,0.005
WF-000655,2008-09-02 02:50:00,0,Pass,0.033140402331975335,0,0.07,0.29175,0,0.385,0.41632136684187204,0,0.485,0.0026426318,0,0.015,0.0004897593591422377,0,0.005,4.225701422225228e-05,0,0.005
WF-000416,2008-08-22 11:32:00,0,Pass,0.08197675855241546,1,0.07,0.44552777777777774,1,0.385,0.5290398495419144,1,0.485,0.059662346,1,0.015,0.011041219466130346,1,0.005,0.14005443678261403,1,0.005
WF-001046,2008-09-23 22:25:00,0,Pass,0.03403352200643347,0,0.07,0.24777777777777785,0,0.385,0.4496173945152416,0,0.485,0.0025892893,0,0.015,0.0003605445146165862,0,0.005,0.0003250244868697901,0,0.005
WF-000889,2008-09-18 18:56:00,0,Pass,0.03497777957985549,0,0.07,0.27072222222222225,0,0.385,0.41110618467373594,0,0.485,0.0011326909,0,0.015,0.00047585837415696367,0,0.005,0.00050127143626533,0,0.005
WF-000860,2008-09-16 07:48:00,0,Pass,0.07865183166103316,1,0.07,0.30730555555555567,0,0.385,0.48009276178707,0,0.485,0.0052459855,0,0.015,0.005122827466718319,1,0.005,0.0002858625874145839,0,0.005
WF-001058,2008-09-24 10:59:00,0,Pass,0.02595010798805457,0,0.07,0.2365277777777778,0,0.385,0.4143458107881891,0,0.485,0.0014138577,0,0.015,0.0005397998750201223,0,0.005,0.00022125234907892068,0,0.005
WF-000036,2008-07-28 03:48:00,0,Pass,0.12685598407080625,1,0.07,0.47611111111111115,1,0.385,0.5371618355032884,1,0.485,0.032787442,1,0.015,0.013267585925198338,1,0.005,0.18736011208708397,1,0.005
WF-001169,2008-09-29 03:50:00,0,Pass,0.04149846058043376,0,0.07,0.34841666666666676,0,0.385,0.47574026500614675,0,0.485,0.025965413,1,0.015,0.00996413845715021,1,0.005,7.811438037440766e-09,0,0.005
WF-001233,2008-10-02 06:49:00,0,Pass,0.0850417350101821,1,0.07,0.41072222222222216,1,0.385,0.5045877444727344,1,0.485,0.013295808,0,0.015,0.012918764218174216,1,0.005,0.20445178294541305,1,0.005
WF-001456,2008-10-11 02:55:00,0,Pass,0.04774093966732375,0,0.07,0.30780555555555544,0,0.385,0.4502184356254103,0,0.485,0.00583475,0,0.015,0.014115978949529288,1,0.005,0.05322988430945461,1,0.005
WF-001349,2008-10-06 06:26:00,0,Pass,0.06017150412909107,0,0.07,0.34197222222222223,0,0.385,0.4989265945966279,1,0.485,0.011457185,0,0.015,0.0069703081560502185,1,0.005,0.26372858759961704,1,0.005
WF-000124,2008-08-05 21:07:00,0,Pass,0.13767437736295138,1,0.07,0.47133333333333327,1,0.385,0.5421193606771302,1,0.485,0.026000923,1,0.015,0.013199717206963404,1,0.005,0.1144687590742301,1,0.005
WF-000213,2008-08-16 02:21:00,0,Pass,0.1839513426293259,1,0.07,0.5298611111111111,1,0.385,0.5973805323858901,1,0.485,0.5179143,1,0.015,0.3407508946874164,1,0.005,0.34179742647473643,1,0.005
WF-001329,2008-10-05 16:49:00,1,Fail,0.13912243340172992,1,0.07,0.49191666666666684,1,0.385,0.5421778100321852,1,0.485,0.13932794,1,0.015,0.02490652192519977,1,0.005,0.6793028834701362,1,0.005
WF-000111,2008-08-05 05:11:00,0,Pass,0.14280229866297217,1,0.07,0.4688611111111109,1,0.385,0.5907649940684001,1,0.485,0.16581273,1,0.015,0.13479233863730894,1,0.005,0.9996437731071081,1,0.005
WF-001344,2008-10-06 03:57:00,1,Fail,0.10685630813388937,1,0.07,0.3831111111111111,0,0.385,0.525507990827425,1,0.485,0.046654843,1,0.015,0.037444713478711936,1,0.005,0.6822679758568969,1,0.005
WF-001178,2008-09-29 14:03:00,0,Pass,0.07488064351444075,1,0.07,0.3882222222222221,1,0.385,0.479146444020243,0,0.485,0.0062165363,0,0.015,0.005276138107884052,1,0.005,0.04431062926353668,1,0.005
WF-000261,2008-08-18 12:06:00,0,Pass,0.06948027237668618,0,0.07,0.33644444444444443,0,0.385,0.4593974619712299,0,0.485,0.002551825,0,0.015,0.0006605227735195565,0,0.005,0.549914941438384,1,0.005
WF-000625,2008-09-01 06:12:00,0,Pass,0.03402487617779968,0,0.07,0.2697777777777778,0,0.385,0.3996207093035316,0,0.485,0.00058980414,0,0.015,0.0007557919579109427,0,0.005,2.2788323383507147e-07,0,0.005
WF-000614,2008-08-31 21:46:00,0,Pass,0.03458423059262392,0,0.07,0.28441666666666665,0,0.385,0.41785957097562915,0,0.485,0.0014772619,0,0.015,0.00048547723278159646,0,0.005,0.00022703227370746926,0,0.005
WF-000143,2008-08-06 20:17:00,0,Pass,0.07691484903534093,1,0.07,0.4081111111111111,1,0.385,0.47563767747792773,0,0.485,0.011245929,0,0.015,0.008979409809612352,1,0.005,3.7948790629158683e-06,0,0.005
WF-000076,2008-08-03 15:03:00,0,Pass,0.09396671995768313,1,0.07,0.38422222222222224,0,0.385,0.49238509953329357,1,0.485,0.0051773274,0,0.015,0.007608254368303812,1,0.005,0.019534076910947443,1,0.005
WF-000514,2008-08-29 05:57:00,0,Pass,0.04090868414996407,0,0.07,0.32594444444444426,0,0.385,0.5003927143216322,1,0.485,0.010412268,0,0.015,0.0035908701018092975,0,0.005,8.207247000442773e-05,0,0.005
WF-000373,2008-08-21 18:04:00,0,Pass,0.07056120044993032,1,0.07,0.3934166666666666,1,0.385,0.5325956473056962,1,0.485,0.07017784,1,0.015,0.03574049954394048,1,0.005,0.0021362294332848172,0,0.005
WF-001201,2008-09-30 16:50:00,0,Pass,0.08216890124638007,1,0.07,0.3600555555555556,0,0.385,0.4840745647091554,0,0.485,0.008419675,0,0.015,0.002008357137361928,0,0.005,0.009835654134813845,1,0.005
WF-000351,2008-08-21 05:15:00,0,Pass,0.0943962916748663,1,0.07,0.4606388888888887,1,0.385,0.4951859305652448,1,0.485,0.014200721,0,0.015,0.0395502962328123,1,0.005,1.343490005439419e-05,0,0.005
WF-001193,2008-09-30 08:44:00,0,Pass,0.09581357621646518,1,0.07,0.4276666666666667,1,0.385,0.5219207949658093,1,0.485,0.11789977,1,0.015,0.05119400869959276,1,0.005,0.03543963003764192,1,0.005
WF-000539,2008-08-29 14:30:00,0,Pass,0.13195311871046053,1,0.07,0.5110555555555555,1,0.385,0.5736759600190187,1,0.485,0.24624799,1,0.015,0.533801798359213,1,0.005,0.0068592470545114324,1,0.005
WF-000692,2008-09-02 14:34:00,0,Pass,0.0717076499893895,1,0.07,0.35644444444444445,0,0.385,0.4746362840697132,0,0.485,0.0029929697,0,0.015,0.001291879684034224,0,0.005,0.02787373073438405,1,0.005
WF-001252,2008-10-02 19:21:00,0,Pass,0.037470557175824544,0,0.07,0.3316111111111111,0,0.385,0.48140771976290664,0,0.485,0.005964152,0,0.015,0.00426255078705413,0,0.005,0.2883449188873763,1,0.005
WF-001309,2008-10-05 04:48:00,0,Pass,0.049449775783387204,0,0.07,0.30738888888888893,0,0.385,0.4696342441378426,0,0.485,0.0031522077,0,0.015,0.0013946586691311001,0,0.005,3.4267099061715317e-09,0,0.005
WF-001535,2008-10-15 15:11:00,0,Pass,0.03864535009685694,0,0.07,0.25275,0,0.385,0.40564452923315253,0,0.485,0.0012557517,0,0.015,0.00045358159152718443,0,0.005,1.2720816790043864e-06,0,0.005
WF-000404,2008-08-22 05:21:00,0,Pass,0.09637090763047847,1,0.07,0.39841666666666653,1,0.385,0.4807865322255096,0,0.485,0.011364275,0,0.015,0.003832756267863664,0,0.005,0.995670216492743,1,0.005
WF-001533,2008-10-15 13:16:00,0,Pass,0.03028369132737272,0,0.07,0.3100833333333333,0,0.385,0.4547423143182149,0,0.485,0.0049360576,0,0.015,0.0030181846761947575,0,0.005,3.3902199387740065e-05,0,0.005
WF-000839,2008-09-14 18:27:00,0,Pass,0.05393051068853649,0,0.07,0.38308333333333333,0,0.385,0.48731712736049315,1,0.485,0.029409455,1,0.015,0.005591239560812249,1,0.005,0.1909636815778899,1,0.005
WF-000880,2008-09-18 03:58:00,0,Pass,0.04717894995699522,0,0.07,0.358972222222222,0,0.385,0.453805526248985,0,0.485,0.006001408,0,0.015,0.004454352467703951,0,0.005,1.1452017314009486e-05,0,0.005
WF-001070,2008-09-25 01:05:00,0,Pass,0.04342875899517362,0,0.07,0.29861111111111116,0,0.385,0.4539921980659994,0,0.485,0.011327582,0,0.015,0.005744088867634446,1,0.005,5.846510645655214e-20,0,0.005
WF-000158,2008-08-08 08:44:00,1,Fail,0.06722070782627432,0,0.07,0.42774999999999996,1,0.385,0.4811307036654016,0,0.485,0.008909964,0,0.015,0.019809668791589706,1,0.005,4.0189358607884734e-08,0,0.005
WF-000561,2008-08-30 03:10:00,0,Pass,0.022214616074064705,0,0.07,0.23583333333333334,0,0.385,0.40647082360017334,0,0.485,0.00042218357,0,0.015,0.0002800373241016375,0,0.005,5.819249544840773e-05,0,0.005
WF-001268,2008-10-03 05:45:00,0,Pass,0.1328779520571951,1,0.07,0.49397222222222203,1,0.385,0.5368146568581913,1,0.485,0.04712721,1,0.015,0.0695855010359628,1,0.005,0.7144126143618003,1,0.005
WF-000280,2008-08-18 23:03:00,0,Pass,0.12966741797863773,1,0.07,0.4781944444444446,1,0.385,0.5260720327702846,1,0.485,0.03922897,1,0.015,0.04719017742784108,1,0.005,0.4778902189908501,1,0.005
WF-001424,2008-10-08 13:38:00,0,Pass,0.053117739939682856,0,0.07,0.31547222222222215,0,0.385,0.46918607687773156,0,0.485,0.005350199,0,0.015,0.009646823478202532,1,0.005,0.00020737723563796708,0,0.005
WF-000816,2008-09-12 21:12:00,0,Pass,0.055323305759972345,0,0.07,0.3917777777777778,1,0.385,0.4778724368815528,0,0.485,0.0033420904,0,0.015,0.005464342792972219,1,0.005,0.04104571510438331,1,0.005
WF-001010,2008-09-22 12:11:00,0,Pass,0.02642571556091068,0,0.07,0.27325000000000005,0,0.385,0.44554230808473505,0,0.485,0.0016974735,0,0.015,0.001541358084060689,0,0.005,0.0004681789639395444,0,0.005
WF-001208,2008-09-30 23:58:00,0,Pass,0.06110124199884401,0,0.07,0.37630555555555545,0,0.385,0.4995612323212265,1,0.485,0.017766297,1,0.015,0.007441716299131689,1,0.005,0.0318243161987622,1,0.005
WF-000798,2008-09-11 23:48:00,1,Fail,0.042090514613907386,0,0.07,0.29758333333333337,0,0.385,0.47216312955379475,0,0.485,0.004338617,0,0.015,0.0038584862114249734,0,0.005,0.0005773479412606307,0,0.005
WF-000287,2008-08-19 05:11:00,0,Pass,0.08632392703289091,1,0.07,0.3488888888888889,0,0.385,0.4174989907170462,0,0.485,0.0027107848,0,0.015,0.002185523807968503,0,0.005,6.471008539214597e-05,0,0.005
WF-000956,2008-09-20 15:02:00,0,Pass,0.04523986965690876,0,0.07,0.32052777777777774,0,0.385,0.4488896591811328,0,0.485,0.009652546,0,0.015,0.006640411615731549,1,0.005,0.001413794700288677,0,0.005
WF-000098,2008-08-04 21:43:00,0,Pass,0.08237479251629494,1,0.07,0.40555555555555556,1,0.385,0.48875403988344573,1,0.485,0.035406765,1,0.015,0.016414142130487523,1,0.005,1.781708323603778e-05,0,0.005
WF-001064,2008-09-24 15:39:00,0,Pass,0.05489018950967735,0,0.07,0.3436111111111112,0,0.385,0.47361279886918173,0,0.485,0.009526984,0,0.015,0.0019047815028739685,0,0.005,0.8940334421431703,1,0.005
WF-000788,2008-09-11 13:36:00,0,Pass,0.03845648644968846,0,0.07,0.3175833333333334,0,0.385,0.5130058737337346,1,0.485,0.027911244,1,0.015,0.014892979865340536,1,0.005,0.0005087028163793972,0,0.005
WF-000316,2008-08-19 19:38:00,0,Pass,0.08692334298839134,1,0.07,0.4938055555555554,1,0.385,0.4872141423788861,1,0.485,0.009036414,0,0.015,0.0016441760626159656,0,0.005,0.0021506338329348386,0,0.005
WF-000481,2008-08-28 14:48:00,0,Pass,0.051362169542931234,0,0.07,0.3365833333333333,0,0.385,0.4698066617180726,0,0.485,0.0036515412,0,0.015,0.0040889428335251325,0,0.005,0.0005515318817838774,0,0.005
WF-000262,2008-08-18 12:22:00,0,Pass,0.16927106938577893,1,0.07,0.5466944444444444,1,0.385,0.572285140656085,1,0.485,0.36508662,1,0.015,0.3202062549117415,1,0.005,0.022360091713709635,1,0.005
WF-000558,2008-08-30 02:32:00,0,Pass,0.06738084995005048,0,0.07,0.3789722222222221,0,0.385,0.47251635139571724,0,0.485,0.004024922,0,0.015,0.005043917297749982,1,0.005,0.00044050646131047356,0,0.005
WF-001027,2008-09-23 07:58:00,0,Pass,0.08555529880117935,1,0.07,0.33847222222222234,0,0.385,0.5266982362718509,1,0.485,0.06890926,1,0.015,0.02029407644261617,1,0.005,0.0017499957856106523,0,0.005
WF-001343,2008-10-06 03:50:00,1,Fail,0.04206786798236625,0,0.07,0.3370555555555556,0,0.385,0.46563615183830054,0,0.485,0.006868499,0,0.015,0.0051945924476440265,1,0.005,0.0004171886304302546,0,0.005
WF-000352,2008-08-21 06:10:00,1,Fail,0.11656409850559939,1,0.07,0.4974444444444444,1,0.385,0.5540414967444109,1,0.485,0.04477608,1,0.015,0.2106842008852401,1,0.005,0.015687987957856468,1,0.005
WF-001528,2008-10-15 08:21:00,0,Pass,0.03916520359661779,0,0.07,0.296138888888889,0,0.385,0.43908193063690604,0,0.485,0.0044338703,0,0.015,0.001940227440966124,0,0.005,0.0005837170850819531,0,0.005
WF-000601,2008-08-31 02:57:00,0,Pass,0.03958051644165991,0,0.07,0.3254722222222222,0,0.385,0.4673821941543853,0,0.485,0.0071292655,0,0.015,0.002372781011020681,0,0.005,0.001638266584632482,0,0.005
WF-000044,2008-07-29 05:16:00,0,Pass,0.15548096846038853,1,0.07,0.5175833333333334,1,0.385,0.5759670209850414,1,0.485,0.04267734,1,0.015,0.008586250833956102,1,0.005,0.8787991361455884,1,0.005
WF-001435,2008-10-08 22:08:00,0,Pass,0.05622181489425893,0,0.07,0.31619444444444456,0,0.385,0.4639058060669755,0,0.485,0.027814623,1,0.015,0.005121898019089351,1,0.005,2.420241624796102e-06,0,0.005
WF-000112,2008-08-05 06:10:00,0,Pass,0.09457194107275925,1,0.07,0.3973888888888889,1,0.385,0.5528962432599673,1,0.485,0.022023281,1,0.015,0.02400870089773568,1,0.005,0.98793622735062,1,0.005
WF-001118,2008-09-27 00:17:00,0,Pass,0.04884276365078333,0,0.07,0.3559722222222222,0,0.385,0.4496640930319383,0,0.485,0.011457741,0,0.015,0.004628025373582598,0,0.005,0.3080822541267493,1,0.005
WF-000266,2008-08-18 14:04:00,0,Pass,0.08719339353327214,1,0.07,0.4007222222222222,1,0.385,0.4763978728934443,0,0.485,0.008395727,0,0.015,0.0026482619667000055,0,0.005,0.00518694355569462,1,0.005
WF-000006,2008-07-19 17:53:00,0,Pass,0.1253233733070016,1,0.07,0.4726666666666667,1,0.385,0.5515432495145123,1,0.485,0.06176475,1,0.015,0.039327432272739514,1,0.005,0.8515540355211854,1,0.005
WF-000294,2008-08-19 07:43:00,0,Pass,0.11216498417657604,1,0.07,0.45519444444444435,1,0.385,0.5471436331506291,1,0.485,0.06630044,1,0.015,0.01876256680424748,1,0.005,0.007730508514875926,1,0.005
WF-000133,2008-08-06 09:56:00,0,Pass,0.1290994708629838,1,0.07,0.473138888888889,1,0.385,0.5365011180710022,1,0.485,0.054569617,1,0.015,0.019358843010597704,1,0.005,0.027599540973015785,1,0.005
WF-000023,2008-07-23 19:22:00,0,Pass,0.09901951391885527,1,0.07,0.41791666666666666,1,0.385,0.48995167649742005,1,0.485,0.030397443,1,0.015,0.008509850713777585,1,0.005,0.074502372771475,1,0.005
WF-001136,2008-09-27 16:13:00,0,Pass,0.05801915878916064,0,0.07,0.3565833333333333,0,0.385,0.49161652044724935,1,0.485,0.02695288,1,0.015,0.0073674960526746176,1,0.005,0.10058489239917222,1,0.005
WF-000760,2008-09-08 07:41:00,0,Pass,0.06912576555415796,0,0.07,0.33455555555555566,0,0.385,0.4408839568248649,0,0.485,0.0054774247,0,0.015,0.0038197202026009148,0,0.005,0.005040283641652786,1,0.005
WF-001444,2008-10-09 15:55:00,1,Fail,0.08695255118142155,1,0.07,0.3946944444444445,1,0.385,0.4663345231416294,0,0.485,0.01811837,1,0.015,0.023235185468343474,1,0.005,0.048856572090792645,1,0.005
WF-001211,2008-10-01 02:53:00,0,Pass,0.1286052131515078,1,0.07,0.42624999999999996,1,0.385,0.5443909802291649,1,0.485,0.1166957,1,0.015,0.07180638441212794,1,0.005,0.6311068911240507,1,0.005
WF-000661,2008-09-02 04:22:00,0,Pass,0.07567461950904814,1,0.07,0.3671388888888887,0,0.385,0.4961672300574718,1,0.485,0.015583706,1,0.015,0.009356745661144663,1,0.005,0.1883288705371445,1,0.005
WF-000919,2008-09-19 19:18:00,0,Pass,0.04469029330034598,0,0.07,0.2969722222222222,0,0.385,0.4591079607308711,0,0.485,0.006067726,0,0.015,0.003936359085081589,0,0.005,0.0014900313778472756,0,0.005
WF-001547,2008-10-16 02:16:00,0,Pass,0.04471409734928546,0,0.07,0.25858333333333333,0,0.385,0.4065957150988454,0,0.485,0.0025940803,0,0.015,0.0019330910947076036,0,0.005,2.1839267986608652e-06,0,0.005
WF-000363,2008-08-21 14:47:00,0,Pass,0.07821194792913054,1,0.07,0.47883333333333344,1,0.385,0.5404758576366382,1,0.485,0.02036169,1,0.015,0.009135623165379527,1,0.005,4.2405582506074183e-10,0,0.005
WF-000703,2008-09-02 20:18:00,0,Pass,0.06851789760698027,0,0.07,0.3281666666666666,0,0.385,0.4511245081266605,0,0.485,0.015609689,1,0.015,0.006130725258994325,1,0.005,1.3023502377641707e-06,0,0.005
WF-000884,2008-09-18 08:04:00,0,Pass,0.05962344739477681,0,0.07,0.32427777777777766,0,0.385,0.4345916580442261,0,0.485,0.0040190867,0,0.015,0.0050065980326954645,1,0.005,2.1594891288331497e-05,0,0.005
WF-001085,2008-09-25 15:40:00,0,Pass,0.07218116827872151,1,0.07,0.4256111111111111,1,0.385,0.5086365614501297,1,0.485,0.031586654,1,0.015,0.040680864453891574,1,0.005,0.6025098632861718,1,0.005
WF-000285,2008-08-19 05:09:00,0,Pass,0.10694740844453567,1,0.07,0.47083333333333316,1,0.385,0.5193925565870563,1,0.485,0.042740393,1,0.015,0.020827656761754743,1,0.005,0.0025974918060118752,0,0.005
WF-000664,2008-09-02 06:19:00,0,Pass,0.02529019968253019,0,0.07,0.23619444444444448,0,0.385,0.38252230688307604,0,0.485,0.0008697187,0,0.015,0.00018731784752699048,0,0.005,4.227796477154653e-05,0,0.005
WF-000414,2008-08-22 10:18:00,0,Pass,0.050786890797618646,0,0.07,0.2983333333333334,0,0.385,0.4181843350970057,0,0.485,0.0011847848,0,0.015,0.0013550984580034567,0,0.005,1.0602048927734317e-06,0,0.005
WF-000876,2008-09-18 00:57:00,0,Pass,0.029566783475278365,0,0.07,0.2941388888888889,0,0.385,0.4133311418126257,0,0.485,0.0041479175,0,0.015,0.004585708995530776,0,0.005,3.3822632950920845e-06,0,0.005
WF-000224,2008-08-16 23:48:00,0,Pass,0.17377009266268129,1,0.07,0.5271944444444444,1,0.385,0.5375548973727455,1,0.485,0.033514816,1,0.015,0.02466056560035066,1,0.005,0.28040599313873044,1,0.005
WF-000489,2008-08-28 18:05:00,0,Pass,0.05596420725222629,0,0.07,0.28825,0,0.385,0.3972843066630065,0,0.485,0.0027361354,0,0.015,0.001532789467666236,0,0.005,2.50280304854129e-06,0,0.005
WF-000688,2008-09-02 13:27:00,0,Pass,0.052019872479867724,0,0.07,0.32449999999999996,0,0.385,0.45539222829022813,0,0.485,0.0049044606,0,0.015,0.0012348424877631377,0,0.005,0.0016062817930480877,0,0.005
WF-000081,2008-08-03 20:23:00,0,Pass,0.1228882493214325,1,0.07,0.4760277777777777,1,0.385,0.5560237852440917,1,0.485,0.028466277,1,0.015,0.017647606685441467,1,0.005,0.009455034974356668,1,0.005
WF-001122,2008-09-27 10:13:00,0,Pass,0.04435969751599181,0,0.07,0.33824999999999994,0,0.385,0.42522167776852493,0,0.485,0.010130718,0,0.015,0.008646102819396576,1,0.005,5.443930919781885e-07,0,0.005
WF-001311,2008-10-05 05:53:00,0,Pass,0.03192388226028068,0,0.07,0.2685000000000001,0,0.385,0.395917392803934,0,0.485,0.0010263348,0,0.015,0.0007729657414273284,0,0.005,9.326612383347143e-06,0,0.005
WF-000815,2008-09-12 20:28:00,0,Pass,0.03593504710893719,0,0.07,0.28922222222222216,0,0.385,0.4444199623393417,0,0.485,0.0035140421,0,0.015,0.0014582905696277834,0,0.005,1.8286530515402774e-06,0,0.005
WF-001203,2008-09-30 19:17:00,0,Pass,0.04818866815042038,0,0.07,0.32547222222222216,0,0.385,0.5121204342802821,1,0.485,0.01456437,0,0.015,0.016307041947823835,1,0.005,8.101492514600132e-05,0,0.005
WF-001407,2008-10-07 18:39:00,0,Pass,0.0416374412615102,0,0.07,0.3405,0,0.385,0.4649619283204432,0,0.485,0.018479273,1,0.015,0.003613113589453532,0,0.005,0.0004923884218028654,0,0.005
WF-001171,2008-09-29 04:47:00,0,Pass,0.0806803867537693,1,0.07,0.43866666666666665,1,0.385,0.5352063606828039,1,0.485,0.041588936,1,0.015,0.016886847704982284,1,0.005,0.018419822196091347,1,0.005
WF-000452,2008-08-27 11:38:00,0,Pass,0.05993701895595109,0,0.07,0.35219444444444437,0,0.385,0.4560283966467812,0,0.485,0.014458618,0,0.015,0.005216393182651565,1,0.005,0.030218414302274007,1,0.005
WF-000198,2008-08-12 10:54:00,0,Pass,0.1326920688122283,1,0.07,0.4371666666666667,1,0.385,0.47924690450494145,0,0.485,0.019253694,1,0.015,0.03521278300554143,1,0.005,0.006730877700273427,1,0.005
WF-000422,2008-08-22 15:25:00,0,Pass,0.13591869328388506,1,0.07,0.45461111111111097,1,0.385,0.48481732208428385,0,0.485,0.010861833,0,0.015,0.0218211524694137,1,0.005,0.14842911052182775,1,0.005
WF-001026,2008-09-23 06:52:00,0,Pass,0.08809943651753843,1,0.07,0.3506111111111111,0,0.385,0.4803510066631668,0,0.485,0.024722679,1,0.015,0.004978436161665142,0,0.005,0.008329858923102885,1,0.005
WF-000428,2008-08-22 23:49:00,0,Pass,0.0711724046794476,1,0.07,0.4006111111111111,1,0.385,0.46644576035075114,0,0.485,0.015935842,1,0.015,0.005536539643067866,1,0.005,0.000557365391232378,0,0.005
WF-000480,2008-08-28 12:44:00,0,Pass,0.06717690413455607,0,0.07,0.39013888888888876,1,0.385,0.4909223576807368,1,0.485,0.00787275,0,0.015,0.012449573883411376,1,0.005,0.06005400155755208,1,0.005
WF-000323,2008-08-20 03:00:00,0,Pass,0.09739994736361399,1,0.07,0.38519444444444434,1,0.385,0.4992541515003509,1,0.485,0.010053939,0,0.015,0.0045530500622366216,0,0.005,5.521603671729973e-05,0,0.005
WF-001022,2008-09-22 23:10:00,0,Pass,0.047233827072181725,0,0.07,0.3242499999999999,0,0.385,0.45342471919599053,0,0.485,0.0020742686,0,0.015,0.002965605934661657,0,0.005,1.043313100721685e-05,0,0.005
WF-000804,2008-09-12 07:21:00,0,Pass,0.01880432019478002,0,0.07,0.2910833333333334,0,0.385,0.43353435023391296,0,0.485,0.004807156,0,0.015,0.0019451133921617083,0,0.005,0.00018767851364600769,0,0.005
WF-000096,2008-08-04 20:32:00,0,Pass,0.12693631577113632,1,0.07,0.5624999999999999,1,0.385,0.5590128151594338,1,0.485,0.14765383,1,0.015,0.11522864855065297,1,0.005,0.6650085374602487,1,0.005
WF-001210,2008-10-01 01:11:00,0,Pass,0.08222935472368915,1,0.07,0.3817222222222223,0,0.385,0.5151626480921171,1,0.485,0.061150465,1,0.015,0.03342368456224885,1,0.005,0.09389960084583215,1,0.005
WF-001459,2008-10-11 07:39:00,0,Pass,0.15811699546458138,1,0.07,0.5399722222222221,1,0.385,0.5745572714364011,1,0.485,0.33176118,1,0.015,0.20458380693656025,1,0.005,0.0,0,0.005
WF-000162,2008-08-08 21:53:00,0,Pass,0.27242082925546035,1,0.07,0.605361111111111,1,0.385,0.5915784251974818,1,0.485,0.6667008,1,0.015,0.4870180993434275,1,0.005,0.7386982091955949,1,0.005
WF-000333,2008-08-20 17:35:00,0,Pass,0.07103954189431047,1,0.07,0.4111111111111111,1,0.385,0.4615027349245963,0,0.485,0.0017536074,0,0.015,0.0025170139449422965,0,0.005,4.797065563018091e-06,0,0.005
WF-000596,2008-08-30 19:27:00,0,Pass,0.06303791298638943,0,0.07,0.3508333333333334,0,0.385,0.46471849026597745,0,0.485,0.003728049,0,0.015,0.0016156823459443134,0,0.005,4.0509777290219685e-05,0,0.005
WF-000222,2008-08-16 15:16:00,0,Pass,0.10392502493502787,1,0.07,0.48077777777777775,1,0.385,0.5072361713017294,1,0.485,0.036323808,1,0.015,0.01709279411441064,1,0.005,0.012278343740846928,1,0.005
WF-000369,2008-08-21 16:19:00,1,Fail,0.10606135969274594,1,0.07,0.47880555555555543,1,0.385,0.5358525498865134,1,0.485,0.0943193,1,0.015,0.07184888562780725,1,0.005,0.0030468718245122207,0,0.005
WF-000144,2008-08-06 21:15:00,0,Pass,0.12670131327979117,1,0.07,0.5231388888888888,1,0.385,0.557067607707703,1,0.485,0.11656826,1,0.015,0.021664914767652893,1,0.005,5.476264162954324e-05,0,0.005
WF-000218,2008-08-16 08:41:00,0,Pass,0.07313164477250057,1,0.07,0.38427777777777783,0,0.385,0.49989159949010703,1,0.485,0.0061665834,0,0.015,0.005579790449933853,1,0.005,0.0018843546903928175,0,0.005
WF-000485,2008-08-28 16:52:00,0,Pass,0.09735293551635515,1,0.07,0.42180555555555554,1,0.385,0.45832950675607353,0,0.485,0.013236205,0,0.015,0.011536633762536752,1,0.005,0.0004281617419199242,0,0.005
WF-000470,2008-08-28 06:56:00,0,Pass,0.04789493288719096,0,0.07,0.36780555555555544,0,0.385,0.463376797078998,0,0.485,0.005541221,0,0.015,0.004294971360065632,0,0.005,0.015972245412457627,1,0.005
WF-001394,2008-10-07 10:04:00,0,Pass,0.03542979092889147,0,0.07,0.28813888888888883,0,0.385,0.4495150005293307,0,0.485,0.004204286,0,0.015,0.0029936900897473196,0,0.005,0.0004184301944661319,0,0.005
WF-001563,2008-10-16 15:13:00,0,Pass,0.03150737674779887,0,0.07,0.2310833333333333,0,0.385,0.37925422747568666,0,0.485,0.0010669931,0,0.015,0.001068603846168851,0,0.005,0.00014421420373381168,0,0.005
WF-000473,2008-08-28 08:41:00,0,Pass,0.04828640709974476,0,0.07,0.34722222222222227,0,0.385,0.44814398320599647,0,0.485,0.0024353375,0,0.015,0.0021259590528552937,0,0.005,0.0021953739870724073,0,0.005
WF-000011,2008-07-19 21:57:00,1,Fail,0.13715797338970245,1,0.07,0.49327777777777776,1,0.385,0.5396271897790303,1,0.485,0.15579408,1,0.015,0.1612510610946982,1,0.005,4.739101310283377e-07,0,0.005
WF-000016,2008-07-22 00:03:00,0,Pass,0.23026646651817406,1,0.07,0.5648055555555556,1,0.385,0.562832600089813,1,0.485,0.25976366,1,0.015,0.7211790758470383,1,0.005,0.9999241403377147,1,0.005
WF-001481,2008-10-13 14:55:00,0,Pass,0.017538969434466367,0,0.07,0.2276666666666667,0,0.385,0.384770303840663,0,0.485,0.0007808023,0,0.015,0.0007385225245924685,0,0.005,3.783255552576748e-06,0,0.005
WF-000567,2008-08-30 05:38:00,0,Pass,0.042361004925134255,0,0.07,0.34861111111111104,0,0.385,0.4386942145591976,0,0.485,0.0014246093,0,0.015,0.0012499610785221182,0,0.005,0.0016920250871941122,0,0.005
WF-000691,2008-09-02 14:21:00,0,Pass,0.06234491456260942,0,0.07,0.3709444444444444,0,0.385,0.4508030896053585,0,0.485,0.004949193,0,0.015,0.0054663127172252055,1,0.005,0.010289325939425732,1,0.005
WF-000663,2008-09-02 06:03:00,0,Pass,0.07099436143460579,1,0.07,0.3055277777777777,0,0.385,0.43627242054902976,0,0.485,0.0021959194,0,0.015,0.0010542350250782957,0,0.005,1.3883960124657273e-05,0,0.005
WF-000221,2008-08-16 14:30:00,0,Pass,0.10260128178943788,1,0.07,0.46633333333333327,1,0.385,0.5195493037928696,1,0.485,0.045094416,1,0.015,0.03727965289975327,1,0.005,0.4848217312097128,1,0.005
WF-000718,2008-09-03 18:16:00,0,Pass,0.0569708803548505,0,0.07,0.3325555555555556,0,0.385,0.4464868425607234,0,0.485,0.007853972,0,0.015,0.0006407451640145456,0,0.005,0.0003211264825851012,0,0.005
WF-000959,2008-09-20 15:46:00,0,Pass,0.04835638982577942,0,0.07,0.36094444444444446,0,0.385,0.47787750354098807,0,0.485,0.009764631,0,0.015,0.01059106041623937,1,0.005,0.004729742353811415,0,0.005
WF-001550,2008-10-16 02:55:00,0,Pass,0.08286781987665132,1,0.07,0.33616666666666667,0,0.385,0.4620093880413906,0,0.485,0.00672951,0,0.015,0.005760911652576172,1,0.005,0.0003509347788833572,0,0.005
WF-000685,2008-09-02 12:44:00,0,Pass,0.07297906496787715,1,0.07,0.35272222222222216,0,0.385,0.49400206667727264,1,0.485,0.016808178,1,0.015,0.012216557757855644,1,0.005,0.0669642035757719,1,0.005
WF-001089,2008-09-25 17:29:00,0,Pass,0.09108961252017314,1,0.07,0.38474999999999987,0,0.385,0.5322429874779482,1,0.485,0.043954413,1,0.015,0.016710017867960062,1,0.005,0.9541288636736077,1,0.005
WF-001303,2008-10-04 23:18:00,1,Fail,0.10899749818635887,1,0.07,0.4137500000000001,1,0.385,0.5111901187191406,1,0.485,0.03836982,1,0.015,0.017496653933923717,1,0.005,0.09201333608999453,1,0.005
WF-001111,2008-09-26 18:54:00,0,Pass,0.07587498819031037,1,0.07,0.38588888888888895,1,0.385,0.5210212123360306,1,0.485,0.054775234,1,0.015,0.04556737613992834,1,0.005,0.005853573438697712,1,0.005
WF-001187,2008-09-29 22:13:00,0,Pass,0.06687458803439253,0,0.07,0.36249999999999993,0,0.385,0.4314640724857207,0,0.485,0.008215309,0,0.015,0.002105848812323802,0,0.005,0.4139498580612125,1,0.005
WF-000408,2008-08-22 07:04:00,0,Pass,0.030678766402642246,0,0.07,0.29886111111111113,0,0.385,0.4372012584132139,0,0.485,0.0011955559,0,0.015,0.000847178859468827,0,0.005,0.0010432239136392936,0,0.005
WF-001031,2008-09-23 11:42:00,0,Pass,0.08016721266181977,1,0.07,0.3879444444444444,1,0.385,0.4877213437800636,1,0.485,0.062446907,1,0.015,0.012805666259945324,1,0.005,0.10708225721541852,1,0.005
WF-000463,2008-08-28 03:45:00,0,Pass,0.04658574008638509,0,0.07,0.35708333333333325,0,0.385,0.4506234175208329,0,0.485,0.007317488,0,0.015,0.0032186138942215366,0,0.005,0.000485808691219216,0,0.005
WF-001242,2008-10-02 14:07:00,1,Fail,0.07218692938678249,1,0.07,0.3000555555555556,0,0.385,0.46339315593287445,0,0.485,0.01471337,0,0.015,0.008967041408470256,1,0.005,0.027710367798112118,1,0.005
WF-001384,2008-10-07 01:46:00,0,Pass,0.032341288019366476,0,0.07,0.2994444444444444,0,0.385,0.4304273685701646,0,0.485,0.0048445566,0,0.015,0.006602478569499863,1,0.005,4.014986378938292e-05,0,0.005
WF-001057,2008-09-24 10:53:00,0,Pass,0.05007192250421559,0,0.07,0.33369444444444446,0,0.385,0.44890956070285454,0,0.485,0.0025470087,0,0.015,0.0011707596720850106,0,0.005,3.616983733388155e-10,0,0.005
WF-000254,2008-08-18 07:23:00,0,Pass,0.08673098972079162,1,0.07,0.4394166666666666,1,0.385,0.4983079161690319,1,0.485,0.029647268,1,0.015,0.0073922432736567845,1,0.005,0.970439071528517,1,0.005
WF-000425,2008-08-22 19:14:00,1,Fail,0.0832954061621667,1,0.07,0.4419722222222222,1,0.385,0.5169839652051061,1,0.485,0.031639617,1,0.015,0.012176493901276661,1,0.005,0.7032473251643258,1,0.005
WF-000621,2008-09-01 00:45:00,0,Pass,0.039850759649625,0,0.07,0.2951388888888889,0,0.385,0.4116802797511359,0,0.485,0.0026095742,0,0.015,0.00092307663545518,0,0.005,1.3925641916842572e-07,0,0.005
WF-000626,2008-09-01 06:21:00,0,Pass,0.0751949347944568,1,0.07,0.3976666666666667,1,0.385,0.4764228689379742,0,0.485,0.01624313,1,0.015,0.006681524187692966,1,0.005,0.0025218870241042477,0,0.005
WF-000840,2008-09-14 18:27:00,0,Pass,0.04031149261846974,0,0.07,0.33530555555555547,0,0.385,0.4269455686156095,0,0.485,0.0052485866,0,0.015,0.0017349910671441563,0,0.005,0.06247865378301095,1,0.005
WF-000721,2008-09-03 20:10:00,0,Pass,0.0549581422054257,0,0.07,0.3158055555555555,0,0.385,0.407539489796665,0,0.485,0.00059281674,0,0.015,0.0005532773160303784,0,0.005,0.920543274283661,1,0.005
WF-001401,2008-10-07 13:10:00,1,Fail,0.1536331570099,1,0.07,0.4909722222222222,1,0.385,0.5266176701778115,1,0.485,0.054690674,1,0.015,0.019765612004048288,1,0.005,0.9999971720165016,1,0.005
WF-001040,2008-09-23 18:10:00,0,Pass,0.05609478760498799,0,0.07,0.35072222222222216,0,0.385,0.48366817011205576,0,0.485,0.007581208,0,0.015,0.0051513802546753985,1,0.005,0.0014135649252988174,0,0.005
WF-000504,2008-08-29 02:38:00,0,Pass,0.044857697353642374,0,0.07,0.32369444444444445,0,0.385,0.4767639818316671,0,0.485,0.01128569,0,0.015,0.005134469741340752,1,0.005,0.021532548280398054,1,0.005
WF-000925,2008-09-19 20:19:00,1,Fail,0.0823580978566362,1,0.07,0.41080555555555553,1,0.385,0.4816021487325403,0,0.485,0.036708944,1,0.015,0.047507833149770445,1,0.005,0.6196610232914775,1,0.005
WF-001065,2008-09-24 15:42:00,0,Pass,0.0545006279179268,0,0.07,0.35805555555555557,0,0.385,0.4533567058300946,0,0.485,0.006442524,0,0.015,0.004057217605937145,0,0.005,0.00031640060294702834,0,0.005
WF-001094,2008-09-26 00:19:00,0,Pass,0.056126023743218706,0,0.07,0.3110000000000001,0,0.385,0.4730436411748477,0,0.485,0.00445532,0,0.015,0.003628267600573937,0,0.005,0.0004361113257727254,0,0.005
WF-001561,2008-10-16 05:58:00,0,Pass,0.0181224694026688,0,0.07,0.21094444444444443,0,0.385,0.3751599574175653,0,0.485,0.0005092953,0,0.015,0.0004203381762265384,0,0.005,4.387739584043119e-05,0,0.005
WF-000814,2008-09-12 19:36:00,0,Pass,0.03437147759205309,0,0.07,0.30763888888888885,0,0.385,0.4594326582584185,0,0.485,0.003935931,0,0.015,0.004898390695257297,0,0.005,0.9881972061653355,1,0.005
WF-001402,2008-10-07 13:48:00,0,Pass,0.05635134933795669,0,0.07,0.3324722222222222,0,0.385,0.4777008309368722,0,0.485,0.007501711,0,0.015,0.003371406992629179,0,0.005,0.013227503318858998,1,0.005
WF-001183,2008-09-29 16:27:00,0,Pass,0.04879170226019407,0,0.07,0.2961944444444445,0,0.385,0.4565849748742072,0,0.485,0.0045141918,0,0.015,0.004947092653334445,0,0.005,2.874872687049492e-05,0,0.005
WF-000753,2008-09-08 00:40:00,0,Pass,0.08303235692332059,1,0.07,0.4204166666666666,1,0.385,0.5351874200005476,1,0.485,0.05014129,1,0.015,0.028456308379558704,1,0.005,0.006345074340127079,1,0.005
WF-001051,2008-09-24 05:13:00,0,Pass,0.052024142413049465,0,0.07,0.2980833333333333,0,0.385,0.4277339797707474,0,0.485,0.0034896568,0,0.015,0.004466439958313455,0,0.005,0.0014424112276820375,0,0.005
WF-001158,2008-09-28 18:43:00,0,Pass,0.0685956262801891,0,0.07,0.3063055555555556,0,0.385,0.44263513185371633,0,0.485,0.010214274,0,0.015,0.008027223284701516,1,0.005,1.698304468209089e-08,0,0.005
WF-000140,2008-08-06 19:13:00,0,Pass,0.08952734759765306,1,0.07,0.4081388888888887,1,0.385,0.5021394900808903,1,0.485,0.084152944,1,0.015,0.025258180814973163,1,0.005,0.003850279297945826,0,0.005
WF-001336,2008-10-06 00:41:00,0,Pass,0.054197739116226974,0,0.07,0.3088888888888889,0,0.385,0.414657593939742,0,0.485,0.0016070191,0,0.015,0.002391293125567333,0,0.005,0.0003111982600744925,0,0.005
WF-000582,2008-08-30 11:18:00,0,Pass,0.05781310443576166,0,0.07,0.34302777777777765,0,0.385,0.47097988344591696,0,0.485,0.021077545,1,0.015,0.013936309413150029,1,0.005,0.03969536508861781,1,0.005
WF-000381,2008-08-21 20:21:00,0,Pass,0.14854887552318916,1,0.07,0.4963888888888889,1,0.385,0.5589109177417556,1,0.485,0.20781288,1,0.015,0.1252658267560383,1,0.005,0.9997328145157154,1,0.005
WF-001428,2008-10-08 17:14:00,0,Pass,0.14906272348109498,1,0.07,0.5087777777777779,1,0.385,0.5258102232626962,1,0.485,0.14658205,1,0.015,0.12200152861101347,1,0.005,0.9999999996204492,1,0.005
WF-001293,2008-10-04 15:16:00,0,Pass,0.12813892319707634,1,0.07,0.49952777777777785,1,0.385,0.586342935107202,1,0.485,0.15861554,1,0.015,0.3253856906792851,1,0.005,0.49283891541614583,1,0.005
WF-000717,2008-09-03 17:22:00,0,Pass,0.07100243615891944,1,0.07,0.3920833333333334,1,0.385,0.4775683933108522,0,0.485,0.009057387,0,0.015,0.01569897554644261,1,0.005,0.7880330974112513,1,0.005
WF-000479,2008-08-28 11:19:00,0,Pass,0.044412998826841604,0,0.07,0.3716944444444445,0,0.385,0.49408163394344734,1,0.485,0.0057620956,0,0.015,0.005717127067617091,1,0.005,0.6755176859766708,1,0.005
WF-000961,2008-09-20 16:44:00,0,Pass,0.049027032523451225,0,0.07,0.2704166666666667,0,0.385,0.43728321183606794,0,0.485,0.0009851716,0,0.015,0.001809604158693882,0,0.005,3.74754405040874e-05,0,0.005
WF-000120,2008-08-05 14:17:00,0,Pass,0.08758722695319868,1,0.07,0.4493055555555555,1,0.385,0.5372515254743513,1,0.485,0.15803543,1,0.015,0.14441986431178155,1,0.005,0.7784680922128807,1,0.005
WF-000022,2008-07-23 05:15:00,0,Pass,0.1061890513904607,1,0.07,0.41855555555555557,1,0.385,0.5567011821235608,1,0.485,0.021327654,1,0.015,0.009081640617653583,1,0.005,0.553860238209046,1,0.005
WF-000193,2008-08-11 05:15:00,0,Pass,0.17422765097997597,1,0.07,0.570083333333333,1,0.385,0.5737637306274356,1,0.485,0.18360677,1,0.015,0.2609576364149308,1,0.005,0.49621575124078815,1,0.005
WF-000330,2008-08-20 16:08:00,0,Pass,0.054583670311770145,0,0.07,0.34722222222222227,0,0.385,0.4646942876614421,0,0.485,0.009594167,0,0.015,0.0013582486018171675,0,0.005,0.0009072262713219003,0,0.005
WF-000488,2008-08-28 17:32:00,0,Pass,0.06061958536582229,0,0.07,0.3671666666666667,0,0.385,0.46056288225318714,0,0.485,0.00797769,0,0.015,0.0033639165281347436,0,0.005,0.002292433154783225,0,0.005
WF-001305,2008-10-05 00:33:00,0,Pass,0.13118321459779042,1,0.07,0.4109166666666667,1,0.385,0.49400479311784196,1,0.485,0.13068695,1,0.015,0.009886694262921734,1,0.005,1.1833722762970445e-05,0,0.005
WF-001241,2008-10-02 10:03:00,0,Pass,0.10973439726249723,1,0.07,0.395861111111111,1,0.385,0.5753171204797028,1,0.485,0.14180714,1,0.015,0.09004085515079824,1,0.005,0.5685068092257911,1,0.005
WF-000535,2008-08-29 13:27:00,0,Pass,0.130996164327202,1,0.07,0.4533333333333333,1,0.385,0.533148723853037,1,0.485,0.22439104,1,0.015,0.07734134019639556,1,0.005,0.3168577299266604,1,0.005
WF-001537,2008-10-15 17:19:00,0,Pass,0.04306560112769555,0,0.07,0.26419444444444445,0,0.385,0.44317972206028144,0,0.485,0.005156711,0,0.015,0.004126499368012691,0,0.005,4.0938189158418875e-05,0,0.005
WF-000537,2008-08-29 14:11:00,0,Pass,0.04212104956710164,0,0.07,0.34797222222222224,0,0.385,0.5069386151337685,1,0.485,0.0051788823,0,0.015,0.003745231063808467,0,0.005,0.017673725919585135,1,0.005
WF-000976,2008-09-21 04:49:00,0,Pass,0.015764666173271435,0,0.07,0.2344166666666667,0,0.385,0.4047609527405832,0,0.485,0.0005395596,0,0.015,0.0002920474090240248,0,0.005,1.3692211571376636e-05,0,0.005
WF-000697,2008-09-02 16:58:00,0,Pass,0.0551694179773745,0,0.07,0.3793333333333332,0,0.385,0.4920861464507379,1,0.485,0.008204706,0,0.015,0.0034917992191494697,0,0.005,0.002402978363624183,0,0.005
WF-001225,2008-10-01 23:34:00,0,Pass,0.0844881164948057,1,0.07,0.3538611111111111,0,0.385,0.48784014319863783,1,0.485,0.015598057,1,0.015,0.004698584432514105,0,0.005,0.05159662034717726,1,0.005
WF-000823,2008-09-13 03:14:00,0,Pass,0.038086675035117847,0,0.07,0.2916388888888889,0,0.385,0.4574091376540559,0,0.485,0.005940599,0,0.015,0.007836963978117137,1,0.005,0.0001837323619221589,0,0.005
WF-000687,2008-09-02 13:08:00,0,Pass,0.10646757500228259,1,0.07,0.4068611111111112,1,0.385,0.5020227335437475,1,0.485,0.021099485,1,0.015,0.004555881905766766,0,0.005,3.6708142961327617e-06,0,0.005
WF-001277,2008-10-03 20:11:00,0,Pass,0.07344870439337169,1,0.07,0.38397222222222227,0,0.385,0.4862280005381157,1,0.485,0.0057262573,0,0.015,0.006671465090582519,1,0.005,0.04173415258085269,1,0.005
WF-000996,2008-09-21 18:12:00,0,Pass,0.044800956183785275,0,0.07,0.3223055555555557,0,0.385,0.43667505793682687,0,0.485,0.00717661,0,0.015,0.0040741162577654436,0,0.005,8.966834513974077e-05,0,0.005
WF-000761,2008-09-08 18:46:00,0,Pass,0.03043569302621449,0,0.07,0.30597222222222226,0,0.385,0.46289530650533467,0,0.485,0.033351317,1,0.015,0.015366700263980468,1,0.005,0.009862352802127801,1,0.005
WF-000512,2008-08-29 05:54:00,0,Pass,0.07444433527060239,1,0.07,0.3971388888888889,1,0.385,0.47932762629576536,0,0.485,0.016578915,1,0.015,0.002522699759930002,0,0.005,0.07879265413747524,1,0.005
WF-000556,2008-08-30 02:08:00,0,Pass,0.06388621702949326,0,0.07,0.4183333333333333,1,0.385,0.4954562230527177,1,0.485,0.011171487,0,0.015,0.009120632147265644,1,0.005,0.002587157566490749,0,0.005
WF-001558,2008-10-16 05:08:00,0,Pass,0.06422233756163649,0,0.07,0.38549999999999995,1,0.385,0.44123392694074226,0,0.485,0.005333432,0,0.015,0.008306721388961092,1,0.005,0.0018021355286297006,0,0.005
WF-001007,2008-09-22 07:12:00,0,Pass,0.025770742386147003,0,0.07,0.24213888888888888,0,0.385,0.4128813361745206,0,0.485,0.0015028536,0,0.015,0.0010783912724168755,0,0.005,0.0003224625865710758,0,0.005
WF-001023,2008-09-23 00:57:00,0,Pass,0.0689554938904457,0,0.07,0.3450277777777778,0,0.385,0.46303179510765125,0,0.485,0.005343887,0,0.015,0.010125235361735088,1,0.005,1.223143651116954e-06,0,0.005
WF-001134,2008-09-27 15:09:00,0,Pass,0.05377301588447857,0,0.07,0.3568055555555556,0,0.385,0.49982296335473525,1,0.485,0.018218495,1,0.015,0.010987778376435109,1,0.005,0.007078412177552038,1,0.005
WF-001078,2008-09-25 11:08:00,0,Pass,0.03885735377002067,0,0.07,0.33322222222222225,0,0.385,0.4680260143231335,0,0.485,0.0044650235,0,0.015,0.0011073954883673242,0,0.005,1.8612272506624722e-05,0,0.005
WF-000467,2008-08-28 05:00:00,0,Pass,0.11672013836101199,1,0.07,0.46827777777777774,1,0.385,0.5192966704179243,1,0.485,0.020023085,1,0.015,0.012546753293913132,1,0.005,0.0,0,0.005
WF-000035,2008-07-28 03:31:00,0,Pass,0.16313715617579286,1,0.07,0.5405277777777776,1,0.385,0.5385182445401315,1,0.485,0.08992564,1,0.015,0.03108414643185478,1,0.005,0.0015140879296354427,0,0.005
WF-000038,2008-07-28 05:36:00,0,Pass,0.10513645359170481,1,0.07,0.4540277777777777,1,0.385,0.5141078430805208,1,0.485,0.019122275,1,0.015,0.004822135721236827,0,0.005,0.4965229062178428,1,0.005
WF-000276,2008-08-18 17:37:00,0,Pass,0.19693203831001513,1,0.07,0.5719166666666665,1,0.385,0.5716877283020894,1,0.485,0.2989209,1,0.015,0.23272744491786462,1,0.005,1.0,1,0.005
WF-000773,2008-09-10 07:26:00,0,Pass,0.027496546368487636,0,0.07,0.2708611111111111,0,0.385,0.4265860658594661,0,0.485,0.0062293634,0,0.015,0.0057929999795265355,1,0.005,0.15681163116703467,1,0.005
WF-000789,2008-09-11 14:20:00,0,Pass,0.04031639469947449,0,0.07,0.30722222222222234,0,0.385,0.4228498156631523,0,0.485,0.005368055,0,0.015,0.0031499442249906277,0,0.005,0.0012655052136208275,0,0.005
WF-001519,2008-10-15 02:40:00,0,Pass,0.054022415170270906,0,0.07,0.3209722222222222,0,0.385,0.4611146393701457,0,0.485,0.0067828447,0,0.015,0.005739713289933685,1,0.005,0.3354834729830533,1,0.005
WF-001548,2008-10-16 02:17:00,0,Pass,0.06450186365038381,0,0.07,0.3466944444444445,0,0.385,0.4464630841496078,0,0.485,0.0029711963,0,0.015,0.001767211052277654,0,0.005,3.868597658154516e-05,0,0.005
WF-000223,2008-08-16 15:19:00,1,Fail,0.14301938934296668,1,0.07,0.5115555555555554,1,0.385,0.5125507245015651,1,0.485,0.03462459,1,0.015,0.02170413520953646,1,0.005,0.26861056605083333,1,0.005
WF-000711,2008-09-03 01:32:00,0,Pass,0.06470741577732737,0,0.07,0.3630555555555556,0,0.385,0.4918389000584006,1,0.485,0.0061080703,0,0.015,0.0018362006754053912,0,0.005,0.010101522438330159,1,0.005
WF-001445,2008-10-09 15:56:00,0,Pass,0.0349940449652896,0,0.07,0.2792500000000001,0,0.385,0.4022502118282752,0,0.485,0.0018402736,0,0.015,0.001894118314567393,0,0.005,0.07400621647577113,1,0.005
WF-000907,2008-09-19 09:12:00,0,Pass,0.04988282137706225,0,0.07,0.3104444444444445,0,0.385,0.505180290632439,1,0.485,0.0070579485,0,0.015,0.0018713629138161015,0,0.005,1.7597386803457514e-05,0,0.005
WF-001060,2008-09-24 12:04:00,0,Pass,0.10616336490721384,1,0.07,0.40483333333333327,1,0.385,0.5169679318282059,1,0.485,0.047115024,1,0.015,0.07811462965774427,1,0.005,0.5508908799578848,1,0.005
WF-001554,2008-10-16 04:04:00,0,Pass,0.042046172101723935,0,0.07,0.30002777777777767,0,0.385,0.39402213944675013,0,0.485,0.0016651183,0,0.015,0.0011120356531378922,0,0.005,0.005441709156196197,1,0.005
WF-001113,2008-09-26 19:45:00,0,Pass,0.04319615472163007,0,0.07,0.30641666666666656,0,0.385,0.4421715068753356,0,0.485,0.0015403903,0,0.015,0.0023315736562478937,0,0.005,5.091307381519427e-05,0,0.005
WF-001003,2008-09-22 00:47:00,0,Pass,0.0413708030606521,0,0.07,0.309,0,0.385,0.42419929239801546,0,0.485,0.002174752,0,0.015,0.002030665720274761,0,0.005,0.00013592399793572595,0,0.005
WF-000649,2008-09-02 01:10:00,0,Pass,0.08402549310942815,1,0.07,0.3894166666666666,1,0.385,0.5098663430863322,1,0.485,0.019436995,1,0.015,0.01983857749122647,1,0.005,0.2148399014818715,1,0.005
WF-000405,2008-08-22 05:31:00,0,Pass,0.07796732866560538,1,0.07,0.3481388888888888,0,0.385,0.4457502417312951,0,0.485,0.003376731,0,0.015,0.001185924465198421,0,0.005,0.008346295208235181,1,0.005
WF-000891,2008-09-18 21:56:00,0,Pass,0.040708486195211044,0,0.07,0.32455555555555554,0,0.385,0.4567909338497853,0,0.485,0.0025502888,0,0.015,0.0014462921594811378,0,0.005,0.0007567440850538037,0,0.005
WF-000946,2008-09-20 12:20:00,0,Pass,0.03080937877207835,0,0.07,0.24713888888888894,0,0.385,0.40287248447328644,0,0.485,0.0006812247,0,0.015,0.0004833042107267906,0,0.005,0.0002773700549786753,0,0.005
WF-001263,2008-10-03 02:41:00,0,Pass,0.08091156372384696,1,0.07,0.39502777777777787,1,0.385,0.5292122389034212,1,0.485,0.04303396,1,0.015,0.09570484940240333,1,0.005,0.5552110052628226,1,0.005
WF-000620,2008-09-01 00:39:00,0,Pass,0.06887510236802902,0,0.07,0.3731666666666666,0,0.385,0.4722730518009149,0,0.485,0.020900378,1,0.015,0.015555669648559237,1,0.005,4.8906404863182455e-06,0,0.005
WF-000820,2008-09-12 23:40:00,0,Pass,0.05694217084243705,0,0.07,0.3261666666666666,0,0.385,0.47717588465610944,0,0.485,0.0032730899,0,0.015,0.0034928110531956286,0,0.005,0.20725504979781773,1,0.005
WF-001426,2008-10-08 15:37:00,0,Pass,0.05705931302689014,0,0.07,0.37161111111111106,0,0.385,0.4659833514366222,0,0.485,0.009838413,0,0.015,0.003943418733739093,0,0.005,1.559218651131947e-07,0,0.005
WF-001461,2008-10-11 08:27:00,0,Pass,0.08190077000611175,1,0.07,0.36475,0,0.385,0.4917500858139909,1,0.485,0.06887239,1,0.015,0.013649317785408926,1,0.005,4.7015475468554485e-05,0,0.005
WF-001062,2008-09-24 13:01:00,0,Pass,0.048719601184454064,0,0.07,0.3237777777777777,0,0.385,0.4886009309131789,1,0.485,0.0103973085,0,0.015,0.006401390004738084,1,0.005,0.0007209245410639385,0,0.005
WF-001086,2008-09-25 15:55:00,0,Pass,0.06418094756528829,0,0.07,0.3703333333333333,0,0.385,0.5196445644142346,1,0.485,0.02092872,1,0.015,0.005147695889692928,1,0.005,0.0005612701218145928,0,0.005
WF-001341,2008-10-06 02:49:00,0,Pass,0.06496877683064314,0,0.07,0.37200000000000005,0,0.385,0.4752161685320459,0,0.485,0.017563533,1,0.015,0.004604849264726578,0,0.005,0.0016872479005401893,0,0.005
WF-000882,2008-09-18 05:44:00,0,Pass,0.05395189282680524,0,0.07,0.3155833333333334,0,0.385,0.44236985442936305,0,0.485,0.0043064505,0,0.015,0.0009097097599770354,0,0.005,0.00023766217239041255,0,0.005
WF-001048,2008-09-24 02:44:00,0,Pass,0.06544620028996183,0,0.07,0.3623055555555556,0,0.385,0.47714966073866216,0,0.485,0.011435058,0,0.015,0.0035672087004650424,0,0.005,0.05166262600074007,1,0.005
WF-000533,2008-08-29 13:04:00,0,Pass,0.05506145048484513,0,0.07,0.3769166666666666,0,0.385,0.4620462805897965,0,0.485,0.009987124,0,0.015,0.011699420327323583,1,0.005,0.9795213570177254,1,0.005
WF-000429,2008-08-22 23:56:00,0,Pass,0.05717893262328132,0,0.07,0.31583333333333335,0,0.385,0.4666528676152704,0,0.485,0.004268587,0,0.015,0.0011413794736902037,0,0.005,0.014987602474889335,1,0.005
WF-001405,2008-10-07 17:06:00,0,Pass,0.0697380126440476,0,0.07,0.31727777777777777,0,0.385,0.4128351022885431,0,0.485,0.0016308592,0,0.015,0.0007755810814732047,0,0.005,5.486753890801615e-06,0,0.005
WF-000658,2008-09-02 03:35:00,0,Pass,0.09305415132224731,1,0.07,0.41122222222222216,1,0.385,0.47755769237102763,0,0.485,0.008260216,0,0.015,0.0012692026411281782,0,0.005,0.0003155824734439384,0,0.005
WF-000606,2008-08-31 10:59:00,1,Fail,0.07615779800658352,1,0.07,0.4238333333333333,1,0.385,0.48679522509838896,1,0.485,0.020876173,1,0.015,0.013670754487773511,1,0.005,0.46752696694291307,1,0.005
WF-001194,2008-09-30 12:31:00,0,Pass,0.05524935067423854,0,0.07,0.31927777777777777,0,0.385,0.44814886048009867,0,0.485,0.002271546,0,0.015,0.0012324327683262517,0,0.005,1.238943910800169e-06,0,0.005
WF-000723,2008-09-04 08:22:00,0,Pass,0.030245811211825156,0,0.07,0.25925000000000004,0,0.385,0.4060608167199592,0,0.485,0.001812231,0,0.015,0.0031859489562670097,0,0.005,0.0023863382818493702,0,0.005
WF-000189,2008-08-10 20:07:00,1,Fail,0.24948445256304358,1,0.07,0.5712499999999999,1,0.385,0.5429738990733842,1,0.485,0.5238281,1,0.015,0.5298216453716268,1,0.005,0.8609981124352726,1,0.005
WF-001257,2008-10-02 22:23:00,0,Pass,0.07201470769603278,1,0.07,0.3847222222222223,0,0.385,0.4835705402469589,0,0.485,0.029236384,1,0.015,0.015679959999957954,1,0.005,0.5654845767090816,1,0.005
WF-000654,2008-09-02 02:11:00,0,Pass,0.052993137497273676,0,0.07,0.35419444444444453,0,0.385,0.4844742456829688,0,0.485,0.0193249,1,0.015,0.010056630663034468,1,0.005,0.018280072325936366,1,0.005
WF-001497,2008-10-14 03:21:00,0,Pass,0.0236643936438222,0,0.07,0.28186111111111123,0,0.385,0.4414061653321772,0,0.485,0.004913391,0,0.015,0.001936002404762152,0,0.005,0.0006061295323169891,0,0.005
WF-000673,2008-09-02 10:13:00,0,Pass,0.05684491748922721,0,0.07,0.34680555555555553,0,0.385,0.45713892362502173,0,0.485,0.012061931,0,0.015,0.0024706740343122327,0,0.005,5.414728945054838e-10,0,0.005
WF-001286,2008-10-04 00:58:00,0,Pass,0.06719728823130625,0,0.07,0.45616666666666666,1,0.385,0.4802134261618466,0,0.485,0.009020075,0,0.015,0.004738351349370533,0,0.005,0.001397887277594961,0,0.005
WF-001470,2008-10-12 03:21:00,0,Pass,0.0770030932959304,1,0.07,0.4114722222222222,1,0.385,0.4996285031586679,1,0.485,0.026929297,1,0.015,0.033414940085561104,1,0.005,4.968963103894559e-07,0,0.005
WF-000846,2008-09-14 23:00:00,0,Pass,0.12305709501044199,1,0.07,0.4350833333333334,1,0.385,0.5055134487575182,1,0.485,0.036369663,1,0.015,0.028233770145884195,1,0.005,0.31284182307213465,1,0.005
WF-000252,2008-08-18 06:26:00,0,Pass,0.10633802717380036,1,0.07,0.45052777777777775,1,0.385,0.5352120595319788,1,0.485,0.038862597,1,0.015,0.004912605419405885,0,0.005,1.4579637276727444e-07,0,0.005
WF-000977,2008-09-21 07:30:00,0,Pass,0.03962734487754236,0,0.07,0.2796388888888889,0,0.385,0.4460348923315774,0,0.485,0.0027476612,0,0.015,0.001038102157348726,0,0.005,3.041537102268635e-08,0,0.005
WF-000541,2008-08-29 15:43:00,0,Pass,0.10518621465993482,1,0.07,0.4370833333333333,1,0.385,0.5191445512812104,1,0.485,0.02224513,1,0.015,0.01559077813896932,1,0.005,0.003151794714861723,0,0.005
WF-001228,2008-10-02 03:17:00,1,Fail,0.0775709974690897,1,0.07,0.38561111111111107,1,0.385,0.46109757033223425,0,0.485,0.003866896,0,0.015,0.0019947410517634104,0,0.005,0.1642315320557686,1,0.005
WF-000349,2008-08-21 04:29:00,0,Pass,0.06828411486956264,0,0.07,0.3693055555555555,0,0.385,0.46621284307932065,0,0.485,0.016420882,1,0.015,0.006573190197686082,1,0.005,9.955113624119657e-07,0,0.005
WF-000430,2008-08-23 02:04:00,0,Pass,0.06967792833299553,0,0.07,0.4015555555555554,1,0.385,0.4740161814919783,0,0.485,0.013494892,0,0.015,0.025578178814768298,1,0.005,1.9702842337736738e-05,0,0.005
WF-000710,2008-09-03 01:15:00,1,Fail,0.1037629548346804,1,0.07,0.4549444444444446,1,0.385,0.5351975634812483,1,0.485,0.08348548,1,0.015,0.057064363656060636,1,0.005,0.9114240981097298,1,0.005
WF-000742,2008-09-07 12:20:00,0,Pass,0.043439187485458705,0,0.07,0.31413888888888886,0,0.385,0.4836554706164161,0,0.485,0.014494824,0,0.015,0.005167887667942266,1,0.005,0.00012687097825253845,0,0.005
WF-001102,2008-09-26 13:36:00,0,Pass,0.07233024937190273,1,0.07,0.3455555555555556,0,0.385,0.4756182441813624,0,0.485,0.02230385,1,0.015,0.00732148285685899,1,0.005,0.7113394700597007,1,0.005
WF-000178,2008-08-09 23:34:00,0,Pass,0.10767512653446412,1,0.07,0.4369722222222222,1,0.385,0.5506765862800217,1,0.485,0.08433844,1,0.015,0.07366053796549807,1,0.005,0.4864961977446279,1,0.005
WF-001417,2008-10-08 07:13:00,0,Pass,0.034796599797072586,0,0.07,0.30344444444444446,0,0.385,0.36628911142200493,0,0.485,0.0011140391,0,0.015,0.001225542586627572,0,0.005,0.00020960916852670703,0,0.005
WF-001504,2008-10-14 14:43:00,0,Pass,0.036407711239417086,0,0.07,0.2980000000000001,0,0.385,0.46761133445752734,0,0.485,0.007868889,0,0.015,0.006049652877177029,1,0.005,1.7899451164803904e-08,0,0.005
WF-000432,2008-08-23 04:50:00,0,Pass,0.09476972877701138,1,0.07,0.4739722222222223,1,0.385,0.4738667978719369,0,0.485,0.01889416,1,0.015,0.0034847495067128107,0,0.005,0.011707806395577846,1,0.005
WF-000448,2008-08-24 10:14:00,0,Pass,0.111421229027924,1,0.07,0.5154166666666665,1,0.385,0.5842574824792053,1,0.485,0.23172848,1,0.015,0.05583825126118505,1,0.005,0.8823114786064232,1,0.005
WF-000192,2008-08-11 04:09:00,0,Pass,0.11848651864136008,1,0.07,0.48125,1,0.385,0.5364428881404815,1,0.485,0.08069992,1,0.015,0.017584046395898015,1,0.005,0.006635216247431327,1,0.005
WF-001326,2008-10-05 15:35:00,1,Fail,0.14032712248180448,1,0.07,0.4597777777777779,1,0.385,0.5391284709910394,1,0.485,0.11585495,1,0.015,0.07622882356135613,1,0.005,0.004511654044485286,0,0.005
WF-001389,2008-10-07 08:25:00,0,Pass,0.07325742479925085,1,0.07,0.3312222222222223,0,0.385,0.45883276081607205,0,0.485,0.018674202,1,0.015,0.006769282681492127,1,0.005,0.03037551637681242,1,0.005
WF-000864,2008-09-16 17:07:00,0,Pass,0.06837061890997374,0,0.07,0.36233333333333334,0,0.385,0.47820047573697816,0,0.485,0.007348901,0,0.015,0.001236672274801577,0,0.005,0.08143947634428997,1,0.005
WF-000402,2008-08-22 04:40:00,0,Pass,0.04691802134031504,0,0.07,0.34024999999999994,0,0.385,0.4486165152701013,0,0.485,0.01370722,0,0.015,0.0060684486943988055,1,0.005,0.0003795399851169459,0,0.005
WF-000775,2008-09-10 20:52:00,0,Pass,0.08696677389264762,1,0.07,0.382611111111111,0,0.385,0.510221198831468,1,0.485,0.08257863,1,0.015,0.011626374062803509,1,0.005,0.003643709992166277,0,0.005
WF-000595,2008-08-30 19:21:00,0,Pass,0.03861694044052263,0,0.07,0.3639444444444444,0,0.385,0.4592523789741456,0,0.485,0.005937826,0,0.015,0.0026404969413609796,0,0.005,0.0008336082869770602,0,0.005
WF-000647,2008-09-02 00:46:00,0,Pass,0.03670320796661106,0,0.07,0.2639166666666668,0,0.385,0.3968199703708641,0,0.485,0.0009860008,0,0.015,0.0008571931306407233,0,0.005,7.359199496950375e-05,0,0.005
WF-000394,2008-08-22 01:26:00,0,Pass,0.14806203596346765,1,0.07,0.5589444444444446,1,0.385,0.5527418065080436,1,0.485,0.10139562,1,0.015,0.05265178673741515,1,0.005,0.003944106892295752,0,0.005
WF-000748,2008-09-07 19:31:00,0,Pass,0.04074762978288541,0,0.07,0.30294444444444435,0,0.385,0.4415541573537046,0,0.485,0.0013698308,0,0.015,0.0008124647666492744,0,0.005,0.004231658542433559,0,0.005
WF-000202,2008-08-15 03:26:00,0,Pass,0.09714588984165784,1,0.07,0.4097222222222222,1,0.385,0.5030962865507703,1,0.485,0.0069080275,0,0.015,0.007543778749188789,1,0.005,0.016952787214549507,1,0.005
WF-000444,2008-08-24 04:00:00,0,Pass,0.0636332659949209,0,0.07,0.33900000000000013,0,0.385,0.46026979868649,0,0.485,0.0031400586,0,0.015,0.0011322974899862137,0,0.005,8.876672398963858e-19,0,0.005
WF-000421,2008-08-22 14:45:00,0,Pass,0.06316558049555522,0,0.07,0.371861111111111,0,0.385,0.4670546763625684,0,0.485,0.013490463,0,0.015,0.0025198459159414682,0,0.005,0.11741341870459843,1,0.005
WF-000306,2008-08-19 11:44:00,0,Pass,0.16323655978160315,1,0.07,0.5009722222222222,1,0.385,0.5301276928472692,1,0.485,0.06549433,1,0.015,0.07616587598370204,1,0.005,0.00017038942258633936,0,0.005
WF-001087,2008-09-25 16:44:00,0,Pass,0.06313911856199367,0,0.07,0.30741666666666667,0,0.385,0.45214458676497393,0,0.485,0.0023346217,0,0.015,0.005572403992573656,1,0.005,2.595256146917146e-09,0,0.005
WF-001186,2008-09-29 21:48:00,1,Fail,0.06285865757306146,0,0.07,0.32202777777777775,0,0.385,0.4558563083491679,0,0.485,0.0015900969,0,0.015,0.0025246906762054562,0,0.005,2.6975355554364747e-06,0,0.005
WF-001560,2008-10-16 05:44:00,0,Pass,0.024819576540604165,0,0.07,0.25316666666666665,0,0.385,0.4236951723452358,0,0.485,0.0011693621,0,0.015,0.0002649816934406805,0,0.005,7.05292418186765e-06,0,0.005
WF-001512,2008-10-15 00:03:00,0,Pass,0.032783637612458394,0,0.07,0.2706666666666667,0,0.385,0.38409811277635886,0,0.485,0.0006993278,0,0.015,0.0018955781694340206,0,0.005,0.3868229109178918,1,0.005
WF-000861,2008-09-16 08:50:00,0,Pass,0.03851162540172526,0,0.07,0.2622777777777778,0,0.385,0.46106895431181194,0,0.485,0.009855127,0,0.015,0.0013788392289985918,0,0.005,3.563447113547792e-06,0,0.005
WF-000930,2008-09-19 21:59:00,1,Fail,0.05911536898026853,0,0.07,0.3130277777777777,0,0.385,0.4791809000956505,0,0.485,0.033432227,1,0.015,0.004163164852847306,0,0.005,0.0007003623437451094,0,0.005
WF-001244,2008-10-02 14:54:00,0,Pass,0.07629044602423417,1,0.07,0.3525277777777778,0,0.385,0.4640704208173633,0,0.485,0.016752964,1,0.015,0.007631944229982179,1,0.005,0.027275243107185623,1,0.005
WF-001347,2008-10-06 05:24:00,0,Pass,0.09051442953039195,1,0.07,0.38675000000000004,1,0.385,0.5421589719683721,1,0.485,0.043577716,1,0.015,0.02392868791861617,1,0.005,0.9997052423481957,1,0.005
WF-000858,2008-09-15 23:37:00,0,Pass,0.0645171163066272,0,0.07,0.3065277777777778,0,0.385,0.4386799529875775,0,0.485,0.0026463668,0,0.015,0.0007254468339057714,0,0.005,1.5642723918017764e-07,0,0.005
WF-001097,2008-09-26 03:12:00,0,Pass,0.06383596824254938,0,0.07,0.3131666666666667,0,0.385,0.4718168602693832,0,0.485,0.0114867585,0,0.015,0.000788684700929788,0,0.005,0.0023586711941312325,0,0.005
WF-001364,2008-10-06 13:38:00,1,Fail,0.04815996733910238,0,0.07,0.39805555555555555,1,0.385,0.48883528764534756,1,0.485,0.025181206,1,0.015,0.009401507683837082,1,0.005,0.0062726770962851005,1,0.005
WF-001532,2008-10-15 13:14:00,0,Pass,0.0747910987239307,1,0.07,0.3506388888888889,0,0.385,0.4804227385809822,0,0.485,0.031648144,1,0.015,0.030750971036160594,1,0.005,0.07299077397559048,1,0.005
WF-001324,2008-10-05 14:34:00,0,Pass,0.04714845613159304,0,0.07,0.3675277777777779,0,0.385,0.509392987629855,1,0.485,0.02677608,1,0.015,0.032443454655324465,1,0.005,0.0043711399945533125,0,0.005
WF-000454,2008-08-27 13:35:00,0,Pass,0.06739043258996592,0,0.07,0.3725277777777778,0,0.385,0.5044483096900371,1,0.485,0.03198653,1,0.015,0.011078301111460277,1,0.005,0.32040756564254946,1,0.005
WF-000406,2008-08-22 05:32:00,0,Pass,0.07370364385908709,1,0.07,0.38574999999999987,1,0.385,0.4389422480739918,0,0.485,0.0031810892,0,0.015,0.0011685357411983528,0,0.005,0.017051917942189677,1,0.005
WF-000312,2008-08-19 18:12:00,0,Pass,0.06301003362282252,0,0.07,0.37897222222222227,0,0.385,0.46783596505412317,0,0.485,0.003088143,0,0.015,0.003040520461946401,0,0.005,9.126217886324609e-06,0,0.005
WF-000830,2008-09-13 16:04:00,0,Pass,0.059981951546119926,0,0.07,0.2926944444444444,0,0.385,0.4313991472131232,0,0.485,0.0044983095,0,0.015,0.0034762866610579396,0,0.005,2.0927162562293623e-07,0,0.005
WF-000811,2008-09-12 16:23:00,0,Pass,0.07653205473733019,1,0.07,0.3746111111111111,0,0.385,0.5241409522552032,1,0.485,0.021417744,1,0.015,0.004651347722028488,0,0.005,0.5305951283143769,1,0.005
WF-000790,2008-09-11 14:24:00,0,Pass,0.06978099489999634,0,0.07,0.3949166666666667,1,0.385,0.48814597360321804,1,0.485,0.018941673,1,0.015,0.00353781467816635,0,0.005,0.00023325072632252627,0,0.005
WF-000965,2008-09-20 18:21:00,0,Pass,0.042268581605690365,0,0.07,0.2813888888888889,0,0.385,0.42007957882524743,0,0.485,0.0015423013,0,0.015,0.0008640613390743112,0,0.005,2.2778696737438202e-05,0,0.005
WF-001370,2008-10-06 16:50:00,0,Pass,0.0943494884405572,1,0.07,0.39119444444444457,1,0.385,0.4909445737884711,1,0.485,0.016414946,1,0.015,0.009863591307478457,1,0.005,0.040589907543322125,1,0.005
WF-000377,2008-08-21 19:12:00,0,Pass,0.07215027450116177,1,0.07,0.3795555555555554,0,0.385,0.448191908772233,0,0.485,0.0013490005,0,0.015,0.0009928179152627209,0,0.005,0.0006314265274814708,0,0.005
WF-000033,2008-07-27 22:28:00,0,Pass,0.09974494039412805,1,0.07,0.492361111111111,1,0.385,0.5071141293435286,1,0.485,0.03703757,1,0.015,0.007454860802093474,1,0.005,0.010126896139093849,1,0.005
WF-000951,2008-09-20 14:00:00,0,Pass,0.039491739755400136,0,0.07,0.2717222222222223,0,0.385,0.4246008383398805,0,0.485,0.0009596628,0,0.015,0.000379346998464664,0,0.005,6.638351744861994e-08,0,0.005
WF-000747,2008-09-07 19:29:00,0,Pass,0.07710934004963065,1,0.07,0.3996388888888888,1,0.385,0.5386797165505681,1,0.485,0.04171784,1,0.015,0.028622142928737455,1,0.005,0.9342480505244504,1,0.005
WF-000438,2008-08-23 09:24:00,0,Pass,0.1238172394908562,1,0.07,0.43486111111111114,1,0.385,0.5232713470427316,1,0.485,0.04029148,1,0.015,0.02732273940545005,1,0.005,0.00039894698671880574,0,0.005
WF-000518,2008-08-29 06:40:00,0,Pass,0.10657243124588082,1,0.07,0.45561111111111113,1,0.385,0.5492128536085575,1,0.485,0.13145147,1,0.015,0.08381185092366047,1,0.005,0.6246084650116928,1,0.005
WF-000623,2008-09-01 05:29:00,0,Pass,0.06645045279026056,0,0.07,0.27986111111111117,0,0.385,0.43973618407264753,0,0.485,0.0014498291,0,0.015,0.0018070971210263703,0,0.005,1.5102036446530226e-05,0,0.005
WF-000087,2008-08-04 14:04:00,0,Pass,0.0927936764502623,1,0.07,0.4611944444444445,1,0.385,0.4951006117779956,1,0.485,0.021032084,1,0.015,0.008526398966652684,1,0.005,0.0014382818920244142,0,0.005
WF-000903,2008-09-19 07:14:00,0,Pass,0.03788509488410576,0,0.07,0.3036944444444444,0,0.385,0.42084631831687913,0,0.485,0.0045299516,0,0.015,0.001137956332825028,0,0.005,4.9917982627246765e-05,0,0.005
WF-000657,2008-09-02 03:33:00,0,Pass,0.06419906927454164,0,0.07,0.33394444444444443,0,0.385,0.46773508472324166,0,0.485,0.0064688753,0,0.015,0.0017650572881639413,0,0.005,0.002872724266955583,0,0.005
WF-000495,2008-08-28 20:20:00,0,Pass,0.09563268949806958,1,0.07,0.35038888888888875,0,0.385,0.5025638297050044,1,0.485,0.019058414,1,0.015,0.0032763623375808176,0,0.005,0.602466053949086,1,0.005
WF-000139,2008-08-06 18:34:00,0,Pass,0.13888539326871865,1,0.07,0.4602222222222223,1,0.385,0.5096100897028155,1,0.485,0.115051284,1,0.015,0.03332882304788803,1,0.005,3.0752104048814557e-07,0,0.005
WF-000980,2008-09-21 08:49:00,0,Pass,0.036443136315130874,0,0.07,0.3343055555555556,0,0.385,0.4449730411961773,0,0.485,0.0072247456,0,0.015,0.0011824968517463053,0,0.005,7.646907749817674e-07,0,0.005
WF-000881,2008-09-18 03:58:00,0,Pass,0.06033851118908517,0,0.07,0.3707222222222222,0,0.385,0.5175921334340743,1,0.485,0.057957217,1,0.015,0.017615150993405788,1,0.005,0.02860211868690171,1,0.005
WF-000520,2008-08-29 06:54:00,0,Pass,0.047973754648627465,0,0.07,0.29733333333333334,0,0.385,0.46007524624848156,0,0.485,0.009618465,0,0.015,0.006361756246238267,1,0.005,0.17979657410377184,1,0.005
WF-001321,2008-10-05 12:03:00,0,Pass,0.08734387097591077,1,0.07,0.3536944444444444,0,0.385,0.4880827793731248,1,0.485,0.026618825,1,0.015,0.018125987016237556,1,0.005,0.0,0,0.005
WF-001427,2008-10-08 16:26:00,0,Pass,0.036885441698146906,0,0.07,0.28527777777777774,0,0.385,0.47199592784174105,0,0.485,0.005969138,0,0.015,0.002948415399705919,0,0.005,0.0006110283633324165,0,0.005
WF-000849,2008-09-15 11:40:00,0,Pass,0.04011271601386903,0,0.07,0.23902777777777787,0,0.385,0.44473023572898496,0,0.485,0.00988622,0,0.015,0.002204620987780053,0,0.005,0.046089991006211445,1,0.005
WF-000865,2008-09-16 18:09:00,0,Pass,0.04481815568116268,0,0.07,0.28366666666666673,0,0.385,0.4188552296080381,0,0.485,0.0084591545,0,0.015,0.008550369171616758,1,0.005,0.04307872604168075,1,0.005
WF-001551,2008-10-16 03:56:00,0,Pass,0.02873382393731993,0,0.07,0.24411111111111117,0,0.385,0.4391357393428928,0,0.485,0.0043677352,0,0.015,0.0011223309015015927,0,0.005,0.001226816667519684,0,0.005
WF-001120,2008-09-27 03:53:00,0,Pass,0.06616641585111559,0,0.07,0.3301388888888889,0,0.385,0.4498413449125092,0,0.485,0.0015791842,0,0.015,0.0004844708941456539,0,0.005,0.0012723107874168386,0,0.005
WF-001106,2008-09-26 15:06:00,0,Pass,0.06774207306461871,0,0.07,0.3954999999999999,1,0.385,0.4732697467732387,0,0.485,0.01220324,0,0.015,0.010281933702867634,1,0.005,0.415158371460001,1,0.005
WF-000879,2008-09-18 02:01:00,0,Pass,0.04957286137585449,0,0.07,0.27988888888888885,0,0.385,0.40958738464694766,0,0.485,0.0016811617,0,0.015,0.00128951730609387,0,0.005,2.439089549295685e-06,0,0.005
WF-000701,2008-09-02 18:52:00,0,Pass,0.036630179326697515,0,0.07,0.25997222222222227,0,0.385,0.4283588966601431,0,0.485,0.0043163844,0,0.015,0.001888816233484878,0,0.005,0.004590488394164811,0,0.005
WF-001002,2008-09-22 00:28:00,0,Pass,0.045194656971760436,0,0.07,0.3081111111111111,0,0.385,0.418775926945487,0,0.485,0.002312755,0,0.015,0.0007927701501084679,0,0.005,0.003118631406597242,0,0.005
WF-000924,2008-09-19 20:17:00,0,Pass,0.07519479813115018,1,0.07,0.3459722222222223,0,0.385,0.4775834235725009,0,0.485,0.005443107,0,0.015,0.0036760160147929215,0,0.005,2.840466330507395e-16,0,0.005
WF-000207,2008-08-15 11:42:00,0,Pass,0.08931917115898354,1,0.07,0.4644999999999999,1,0.385,0.5139644183669306,1,0.485,0.0073942174,0,0.015,0.008199197317360896,1,0.005,0.001114251996702516,0,0.005
WF-000492,2008-08-28 18:25:00,0,Pass,0.054779761468008545,0,0.07,0.33105555555555566,0,0.385,0.4296582604851743,0,0.485,0.0026242514,0,0.015,0.0074030824098469394,1,0.005,0.00672626926583628,1,0.005
WF-000515,2008-08-29 05:57:00,0,Pass,0.08783954093545067,1,0.07,0.4148055555555556,1,0.385,0.5073197322296678,1,0.485,0.11708343,1,0.015,0.06519536758634686,1,0.005,0.166930281855495,1,0.005
WF-000505,2008-08-29 02:39:00,0,Pass,0.06690050058151926,0,0.07,0.40761111111111104,1,0.385,0.49177715108767084,1,0.485,0.02412979,1,0.015,0.018336078718038804,1,0.005,0.837640372929175,1,0.005
WF-000603,2008-08-31 05:05:00,0,Pass,0.11636412825068906,1,0.07,0.41094444444444445,1,0.385,0.5553452656189898,1,0.485,0.10390367,1,0.015,0.05060238854674248,1,0.005,0.6872987209995478,1,0.005
WF-000854,2008-09-15 21:56:00,0,Pass,0.06456603646639306,0,0.07,0.40308333333333335,1,0.385,0.5341899152639635,1,0.485,0.032095842,1,0.015,0.011002659589631435,1,0.005,0.05911634467055431,1,0.005
WF-001168,2008-09-29 03:07:00,0,Pass,0.04217010315667994,0,0.07,0.3062222222222222,0,0.385,0.4903915698509622,1,0.485,0.014597886,0,0.015,0.0072938172362206925,1,0.005,2.372530009828252e-11,0,0.005
WF-000522,2008-08-29 07:22:00,0,Pass,0.0898865633294001,1,0.07,0.3471944444444444,0,0.385,0.5108933792269046,1,0.485,0.040797994,1,0.015,0.018692657964206705,1,0.005,0.04644466388820425,1,0.005
WF-000859,2008-09-16 07:39:00,0,Pass,0.04714332953614233,0,0.07,0.32272222222222224,0,0.385,0.4658206237186807,0,0.485,0.0065971897,0,0.015,0.0029780464324225212,0,0.005,0.0008771506405660297,0,0.005
WF-000732,2008-09-04 16:41:00,0,Pass,0.03767858867985479,0,0.07,0.2753333333333333,0,0.385,0.41282939031965016,0,0.485,0.0025347555,0,0.015,0.001416051728056268,0,0.005,0.03127903599475256,1,0.005
WF-000204,2008-08-15 05:13:00,0,Pass,0.10407641479855077,1,0.07,0.4501666666666666,1,0.385,0.5266162372204302,1,0.485,0.044395603,1,0.015,0.026639100503254912,1,0.005,0.05678671908076609,1,0.005
WF-001410,2008-10-07 20:39:00,0,Pass,0.0335137817473768,0,0.07,0.2684166666666668,0,0.385,0.4221243415460135,0,0.485,0.0018127107,0,0.015,0.0006174983408407574,0,0.005,0.0035518323020248877,0,0.005
WF-000609,2008-08-31 15:09:00,0,Pass,0.0236108951699982,0,0.07,0.29158333333333325,0,0.385,0.3773891769579266,0,0.485,0.0004663846,0,0.015,0.0006028796520276407,0,0.005,0.004620571473074342,0,0.005
WF-000682,2008-09-02 12:17:00,0,Pass,0.06415510998513073,0,0.07,0.3271944444444444,0,0.385,0.5000694356753306,1,0.485,0.018557759,1,0.015,0.0018482212840814235,0,0.005,0.3794982270597197,1,0.005
WF-001369,2008-10-06 16:42:00,0,Pass,0.05892174919372202,0,0.07,0.3256666666666666,0,0.385,0.42752048492345834,0,0.485,0.0028796308,0,0.015,0.0015902437061562935,0,0.005,0.0006304163656784603,0,0.005
WF-000494,2008-08-28 18:57:00,0,Pass,0.08693155967803463,1,0.07,0.38549999999999995,1,0.385,0.5094150705004591,1,0.485,0.024574183,1,0.015,0.008104518082608455,1,0.005,0.025605928189162318,1,0.005
WF-000953,2008-09-20 14:42:00,0,Pass,0.0680280032825989,0,0.07,0.3892777777777779,1,0.385,0.5078198966506509,1,0.485,0.03603929,1,0.015,0.018406061485608836,1,0.005,0.0001548827010896439,0,0.005
WF-000123,2008-08-05 20:04:00,0,Pass,0.09820429473897391,1,0.07,0.4177499999999999,1,0.385,0.5356202562131029,1,0.485,0.010318774,0,0.015,0.003705088064918096,0,0.005,0.3008943002676296,1,0.005
WF-001072,2008-09-25 06:21:00,0,Pass,0.037856626044840136,0,0.07,0.2868333333333334,0,0.385,0.46182763612931116,0,0.485,0.0052380837,0,0.015,0.004574463014213412,0,0.005,0.00023110660088954086,0,0.005
WF-001221,2008-10-01 19:57:00,0,Pass,0.06617267246008819,0,0.07,0.3508055555555556,0,0.385,0.4760630380791964,0,0.485,0.012225977,0,0.015,0.005956059106085369,1,0.005,0.1131360185420794,1,0.005
WF-000241,2008-08-17 23:55:00,1,Fail,0.13634110108682138,1,0.07,0.49802777777777785,1,0.385,0.54105275363102,1,0.485,0.15010788,1,0.015,0.14551067972702922,1,0.005,0.0024686829153848437,0,0.005
WF-000008,2008-07-19 19:45:00,0,Pass,0.12660662306611153,1,0.07,0.5101666666666667,1,0.385,0.5852131768314759,1,0.485,0.26079184,1,0.015,0.32602921847118715,1,0.005,0.000560023235297651,0,0.005
WF-000389,2008-08-21 23:57:00,0,Pass,0.07320638923689336,1,0.07,0.3529722222222222,0,0.385,0.4585613506032595,0,0.485,0.003228236,0,0.015,0.0010374237985618863,0,0.005,0.02507809398374099,1,0.005
WF-000735,2008-09-05 15:30:00,0,Pass,0.04921106342935389,0,0.07,0.31419444444444444,0,0.385,0.4384850631488897,0,0.485,0.0057982886,0,0.015,0.0030142804213418137,0,0.005,1.341141180303568e-20,0,0.005
WF-000005,2008-07-19 15:22:00,0,Pass,0.10543855356632684,1,0.07,0.4169722222222222,1,0.385,0.48010188150906785,0,0.485,0.011331348,0,0.015,0.018039458398221075,1,0.005,0.1447440694282151,1,0.005
WF-000364,2008-08-21 15:05:00,0,Pass,0.11142649258457238,1,0.07,0.4224444444444444,1,0.385,0.48950773163265093,1,0.485,0.04065125,1,0.015,0.010425123731913682,1,0.005,0.00670099026461923,1,0.005
WF-000118,2008-08-05 08:50:00,0,Pass,0.04793067879290587,0,0.07,0.4110555555555556,1,0.385,0.48764134807405,1,0.485,0.010484267,0,0.015,0.002264961273988811,0,0.005,0.0009506745399056617,0,0.005
WF-001477,2008-10-13 12:18:00,0,Pass,0.03757142121932894,0,0.07,0.3064166666666667,0,0.385,0.4520664081618472,0,0.485,0.0048865024,0,0.015,0.002755691270294073,0,0.005,7.511475998898425e-05,0,0.005
WF-000739,2008-09-07 00:49:00,0,Pass,0.0892610927999534,1,0.07,0.3918888888888888,1,0.385,0.5105704793179079,1,0.485,0.06621836,1,0.015,0.06014838026955471,1,0.005,0.02936827144545947,1,0.005
WF-001281,2008-10-03 21:15:00,0,Pass,0.17549785403639875,1,0.07,0.4942499999999999,1,0.385,0.5619464706848142,1,0.485,0.37055436,1,0.015,0.2460661435175513,1,0.005,0.0569803936937275,1,0.005
WF-001160,2008-09-28 19:29:00,0,Pass,0.059701031030642115,0,0.07,0.3442222222222221,0,0.385,0.4783270130702425,0,0.485,0.0067150714,0,0.015,0.0035200462456529977,0,0.005,0.0013868619477035373,0,0.005
WF-000972,2008-09-21 02:07:00,0,Pass,0.03390030503442541,0,0.07,0.30966666666666665,0,0.385,0.44856966264080594,0,0.485,0.0022527752,0,0.015,0.0012204736501834916,0,0.005,0.0030245826641910533,0,0.005
WF-001012,2008-09-22 13:03:00,0,Pass,0.05943695713260615,0,0.07,0.30702777777777773,0,0.385,0.4491839409020389,0,0.485,0.0048305583,0,0.015,0.002194302943825666,0,0.005,0.00011098183103540144,0,0.005
WF-001019,2008-09-22 22:15:00,0,Pass,0.0564054729540396,0,0.07,0.36083333333333334,0,0.385,0.4485496502098788,0,0.485,0.0024396635,0,0.015,0.0025262634216064394,0,0.005,3.406373455860861e-05,0,0.005
WF-000600,2008-08-30 23:51:00,0,Pass,0.06823341204176012,0,0.07,0.42349999999999993,1,0.385,0.4937365992796061,1,0.485,0.023451315,1,0.015,0.03954904422992322,1,0.005,0.30718413942816497,1,0.005
WF-000028,2008-07-27 15:46:00,0,Pass,0.1554835114221844,1,0.07,0.491638888888889,1,0.385,0.5521292749804705,1,0.485,0.1190705,1,0.015,0.01607418547516006,1,0.005,0.9999908680224643,1,0.005
WF-000581,2008-08-30 11:14:00,0,Pass,0.11152885296072981,1,0.07,0.4123055555555557,1,0.385,0.5169702741527179,1,0.485,0.0369225,1,0.015,0.008528013793201833,1,0.005,0.040778387578127316,1,0.005
WF-000918,2008-09-19 18:33:00,0,Pass,0.04965277576754136,0,0.07,0.34377777777777774,0,0.385,0.5357771522337333,1,0.485,0.021420483,1,0.015,0.00870824494375982,1,0.005,0.043580749275997845,1,0.005
WF-001230,2008-10-02 04:11:00,0,Pass,0.02881066611651292,0,0.07,0.3205555555555556,0,0.385,0.4847626128712886,0,0.485,0.021472486,1,0.015,0.007903530646930175,1,0.005,5.886642677049566e-05,0,0.005
WF-001128,2008-09-27 12:36:00,0,Pass,0.06353824605364392,0,0.07,0.3553333333333333,0,0.385,0.4722095775819602,0,0.485,0.008693638,0,0.015,0.004439422525007101,0,0.005,0.0995679679568666,1,0.005
WF-000085,2008-08-04 03:49:00,0,Pass,0.11027304938983863,1,0.07,0.4606666666666666,1,0.385,0.5613837467672962,1,0.485,0.064871855,1,0.015,0.08898072592138553,1,0.005,2.3035675845571813e-08,0,0.005
WF-000225,2008-08-17 00:52:00,0,Pass,0.09716083316552211,1,0.07,0.4193611111111111,1,0.385,0.5055276505606197,1,0.485,0.026594967,1,0.015,0.006578761640750314,1,0.005,0.010355513677058222,1,0.005
WF-001419,2008-10-08 09:01:00,0,Pass,0.04141392235426899,0,0.07,0.2521944444444444,0,0.385,0.3944579770513451,0,0.485,0.0010310713,0,0.015,0.0007467824071237574,0,0.005,1.266383146207964e-07,0,0.005
WF-000046,2008-07-29 08:23:00,1,Fail,0.11693249913470893,1,0.07,0.49111111111111105,1,0.385,0.5206399196839144,1,0.485,0.018154696,1,0.015,0.016007940911795308,1,0.005,0.016103063553779298,1,0.005
WF-001011,2008-09-22 12:45:00,0,Pass,0.12211060119794004,1,0.07,0.4164166666666666,1,0.385,0.4625433807314768,0,0.485,0.048930466,1,0.015,0.010905622375370865,1,0.005,0.007872116288433243,1,0.005
WF-001172,2008-09-29 05:32:00,0,Pass,0.12927478479337742,1,0.07,0.4597222222222222,1,0.385,0.5461514791659492,1,0.485,0.15835182,1,0.015,0.07188282606551608,1,0.005,0.27668265710938494,1,0.005
WF-001068,2008-09-24 17:54:00,0,Pass,0.04444385907857095,0,0.07,0.3223888888888888,0,0.385,0.4650746711527729,0,0.485,0.0015643291,0,0.015,0.0005882341430235965,0,0.005,2.3937295279606408e-05,0,0.005
WF-000304,2008-08-19 11:13:00,0,Pass,0.11791543823745755,1,0.07,0.44022222222222224,1,0.385,0.5415424130675196,1,0.485,0.027751988,1,0.015,0.02540150406375364,1,0.005,0.003976165254571674,0,0.005
WF-001371,2008-10-06 17:26:00,0,Pass,0.054501227710868926,0,0.07,0.3313333333333333,0,0.385,0.45073614096553954,0,0.485,0.004151784,0,0.015,0.0008924755342922017,0,0.005,1.0413066439954556e-05,0,0.005
WF-000560,2008-08-30 02:50:00,0,Pass,0.049264748393762964,0,0.07,0.3336388888888889,0,0.385,0.43325545317487285,0,0.485,0.00089940964,0,0.015,0.001172950296435544,0,0.005,0.001088489753976471,0,0.005
WF-001132,2008-09-27 14:05:00,0,Pass,0.08151261793147567,1,0.07,0.36230555555555555,0,0.385,0.46577164999072496,0,0.485,0.02401473,1,0.015,0.016911643893646053,1,0.005,0.0309663303837783,1,0.005
WF-001258,2008-10-02 22:33:00,0,Pass,0.08540195536687922,1,0.07,0.41227777777777763,1,0.385,0.5230534612939549,1,0.485,0.034000546,1,0.015,0.009811632932688504,1,0.005,0.021669158680406173,1,0.005
WF-000532,2008-08-29 12:37:00,0,Pass,0.049286941370484824,0,0.07,0.33625,0,0.385,0.4441050368145942,0,0.485,0.003734558,0,0.015,0.0009319496767870528,0,0.005,0.004966861402596099,0,0.005
WF-000077,2008-08-03 15:27:00,0,Pass,0.10439487426017921,1,0.07,0.42616666666666664,1,0.385,0.5274496355348863,1,0.485,0.034876768,1,0.015,0.02424052923071467,1,0.005,4.735173160455402e-05,0,0.005
WF-001521,2008-10-15 03:24:00,0,Pass,0.09028106939992052,1,0.07,0.377111111111111,0,0.385,0.46633747514178775,0,0.485,0.047575362,1,0.015,0.018512705954381592,1,0.005,0.011076812099007249,1,0.005
WF-000106,2008-08-05 03:17:00,0,Pass,0.08886795075508684,1,0.07,0.44458333333333333,1,0.385,0.5437922965037255,1,0.485,0.13321543,1,0.015,0.03903864037393521,1,0.005,0.03276418464707751,1,0.005
WF-000801,2008-09-12 06:38:00,0,Pass,0.08249051423877375,1,0.07,0.3887777777777779,1,0.385,0.4821633774839582,0,0.485,0.009183735,0,0.015,0.004082499209619137,0,0.005,0.025174581456470033,1,0.005
WF-000856,2008-09-15 22:45:00,0,Pass,0.0421198998996393,0,0.07,0.33425,0,0.385,0.4518718112045857,0,0.485,0.0032418608,0,0.015,0.0016326826663795658,0,0.005,0.0006287316145714475,0,0.005
WF-000313,2008-08-19 18:12:00,0,Pass,0.16999369667371192,1,0.07,0.5346666666666666,1,0.385,0.5376098533401574,1,0.485,0.17999579,1,0.015,0.18958080878405892,1,0.005,0.387247511518488,1,0.005
WF-001049,2008-09-24 03:32:00,0,Pass,0.027413516500658184,0,0.07,0.2572777777777777,0,0.385,0.43645361594122856,0,0.485,0.0032947923,0,0.015,0.004288487506597153,0,0.005,1.086633781766962e-22,0,0.005
WF-001165,2008-09-28 22:44:00,0,Pass,0.04244496854581929,0,0.07,0.3125277777777777,0,0.385,0.43446008304482975,0,0.485,0.0029689765,0,0.015,0.0014958213234589335,0,0.005,0.005483087545824675,1,0.005
WF-000635,2008-09-01 19:54:00,1,Fail,0.08994143384061601,1,0.07,0.4715277777777777,1,0.385,0.5667419150584652,1,0.485,0.06877074,1,0.015,0.1265211333533857,1,0.005,0.0,0,0.005
WF-001331,2008-10-05 18:59:00,0,Pass,0.04227008308447065,0,0.07,0.28911111111111115,0,0.385,0.4400258171400068,0,0.485,0.002622012,0,0.015,0.00038083828189291416,0,0.005,0.03243546130001389,1,0.005
WF-001177,2008-09-29 12:25:00,0,Pass,0.08204172128024212,1,0.07,0.33925,0,0.385,0.5045547459917087,1,0.485,0.014736801,0,0.015,0.019339207014496453,1,0.005,0.0008683604224102358,0,0.005
WF-001462,2008-10-11 14:43:00,0,Pass,0.05590314654792697,0,0.07,0.3675833333333334,0,0.385,0.46809889594174103,0,0.485,0.009488012,0,0.015,0.005093547318851292,1,0.005,4.594744680593265e-15,0,0.005
WF-000240,2008-08-17 23:20:00,0,Pass,0.11876950386054269,1,0.07,0.40730555555555564,1,0.385,0.4892225304531014,1,0.485,0.03841338,1,0.015,0.006457180039611872,1,0.005,0.01261737960397929,1,0.005
WF-001030,2008-09-23 11:14:00,1,Fail,0.06415314355984245,0,0.07,0.40455555555555556,1,0.385,0.48920402205445435,1,0.485,0.012143823,0,0.015,0.00852618536152844,1,0.005,0.9453847890854361,1,0.005
WF-000446,2008-08-24 07:14:00,0,Pass,0.09985003693648842,1,0.07,0.4094722222222223,1,0.385,0.4988170398511297,1,0.485,0.029264733,1,0.015,0.04716202554798034,1,0.005,0.04387009730531069,1,0.005
WF-000375,2008-08-21 18:39:00,0,Pass,0.06692371661067256,0,0.07,0.3899166666666667,1,0.385,0.49626108529181867,1,0.485,0.018419722,1,0.015,0.019836291350253887,1,0.005,0.02087485628277084,1,0.005
WF-001297,2008-10-04 18:59:00,0,Pass,0.07266278820146642,1,0.07,0.3623333333333333,0,0.385,0.5393758144846784,1,0.485,0.019764502,1,0.015,0.028443095303241836,1,0.005,0.00012428822620284824,0,0.005
WF-000746,2008-09-07 18:49:00,0,Pass,0.07964841451002638,1,0.07,0.4035555555555556,1,0.385,0.5089325251111172,1,0.485,0.039201833,1,0.015,0.0722500073742433,1,0.005,0.0008744855792726496,0,0.005
WF-001274,2008-10-03 18:45:00,0,Pass,0.03820283477894016,0,0.07,0.3215277777777778,0,0.385,0.43932709057014596,0,0.485,0.0047047785,0,0.015,0.00964819628882431,1,0.005,0.0007601246626822989,0,0.005
WF-000759,2008-09-08 07:14:00,0,Pass,0.06600293009319523,0,0.07,0.3343333333333334,0,0.385,0.48395769739219857,0,0.485,0.030358776,1,0.015,0.00749410233787967,1,0.005,0.0009942280157718849,0,0.005
WF-000167,2008-08-09 06:05:00,0,Pass,0.11603455429098797,1,0.07,0.5080277777777777,1,0.385,0.506793812776799,1,0.485,0.055326253,1,0.015,0.009430586236322102,1,0.005,0.17961364414749284,1,0.005
WF-001396,2008-10-07 10:51:00,0,Pass,0.08051422204713596,1,0.07,0.3813055555555556,0,0.385,0.5020073833514387,1,0.485,0.054250196,1,0.015,0.0031147495924003935,0,0.005,0.8093012581774923,1,0.005
WF-000670,2008-09-02 08:54:00,0,Pass,0.06640230945035533,0,0.07,0.3458333333333334,0,0.385,0.4450570137764444,0,0.485,0.017405968,1,0.015,0.004761232319208189,0,0.005,0.0007066970595545521,0,0.005
WF-000542,2008-08-29 16:26:00,0,Pass,0.12764172538091595,1,0.07,0.435361111111111,1,0.385,0.5270123787850635,1,0.485,0.062136732,1,0.015,0.017678099930436186,1,0.005,0.4301809416692239,1,0.005
WF-001129,2008-09-27 13:14:00,0,Pass,0.02515662958958659,0,0.07,0.2375,0,0.385,0.39555583774708014,0,0.485,0.0006076148,0,0.015,0.00040647578551929246,0,0.005,3.211660706502845e-05,0,0.005
WF-001234,2008-10-02 07:35:00,0,Pass,0.13357062577883747,1,0.07,0.4364999999999999,1,0.385,0.5660848393936468,1,0.485,0.34237647,1,0.015,0.06561552801486684,1,0.005,0.7519514889346675,1,0.005
WF-001330,2008-10-05 18:46:00,1,Fail,0.11258688297265167,1,0.07,0.41088888888888897,1,0.385,0.5236823213266065,1,0.485,0.03448101,1,0.015,0.021514555083022125,1,0.005,0.39243101457523505,1,0.005
WF-000844,2008-09-14 20:45:00,0,Pass,0.021557413764318866,0,0.07,0.2748333333333334,0,0.385,0.4153936200844255,0,0.485,0.0025561494,0,0.015,0.0014021522616171785,0,0.005,0.0025569999438478726,0,0.005
WF-000890,2008-09-18 21:12:00,0,Pass,0.06985915653612142,0,0.07,0.3671944444444444,0,0.385,0.4815592582995129,0,0.485,0.009156604,0,0.015,0.00318062646610313,0,0.005,5.709466308330337e-06,0,0.005
WF-000071,2008-08-01 15:10:00,0,Pass,0.07040112644057477,1,0.07,0.3972777777777777,1,0.385,0.5013276569280474,1,0.485,0.030734263,1,0.015,0.006109320498455549,1,0.005,0.5660721237317743,1,0.005
WF-000768,2008-09-08 21:53:00,0,Pass,0.07666136394463761,1,0.07,0.38219444444444445,0,0.385,0.4724002093882868,0,0.485,0.013349551,0,0.015,0.014636243545359107,1,0.005,1.112598589860646e-05,0,0.005
WF-001545,2008-10-15 23:45:00,0,Pass,0.05666435185737928,0,0.07,0.34361111111111103,0,0.385,0.46806099253898187,0,0.485,0.013631327,0,0.015,0.004135205818232787,0,0.005,5.41128202991657e-07,0,0.005
WF-000802,2008-09-12 06:41:00,0,Pass,0.06845425218265143,0,0.07,0.31886111111111115,0,0.385,0.4923429181109283,1,0.485,0.04064979,1,0.015,0.0195361688224476,1,0.005,0.04712989148870554,1,0.005
WF-001127,2008-09-27 12:28:00,0,Pass,0.06300252150392976,0,0.07,0.3203611111111111,0,0.385,0.4735515044752027,0,0.485,0.011319954,0,0.015,0.0017358338352494653,0,0.005,0.005636875147603824,1,0.005
WF-000806,2008-09-12 07:38:00,0,Pass,0.05808224330621326,0,0.07,0.3906388888888889,1,0.385,0.4882056267332559,1,0.485,0.021533586,1,0.015,0.00995777578488911,1,0.005,0.003514135240739587,0,0.005
WF-000231,2008-08-17 05:21:00,0,Pass,0.17127688727118154,1,0.07,0.5276666666666667,1,0.385,0.573732924432608,1,0.485,0.17375837,1,0.015,0.10134115595388316,1,0.005,0.4454508204681179,1,0.005
WF-001121,2008-09-27 10:10:00,0,Pass,0.033032743211078304,0,0.07,0.2846944444444444,0,0.385,0.47495118653918267,0,0.485,0.002987238,0,0.015,0.0019782046915418038,0,0.005,1.3061016771864783e-05,0,0.005
WF-001549,2008-10-16 02:22:00,0,Pass,0.060448339591585354,0,0.07,0.25933333333333336,0,0.385,0.40736447892877503,0,0.485,0.003419248,0,0.015,0.0025663294804118826,0,0.005,2.1028100219710656e-05,0,0.005
WF-000608,2008-08-31 11:03:00,0,Pass,0.0897195143749773,1,0.07,0.44941666666666674,1,0.385,0.4960658958029076,1,0.485,0.025227293,1,0.015,0.00837824548596049,1,0.005,1.940913020110497e-06,0,0.005
WF-000741,2008-09-07 12:04:00,0,Pass,0.032007444599839514,0,0.07,0.2588055555555555,0,0.385,0.38381106773872836,0,0.485,0.0013043457,0,0.015,0.0028454757669021573,0,0.005,2.1297570073744807e-07,0,0.005
WF-001531,2008-10-15 12:53:00,0,Pass,0.0641068690504026,0,0.07,0.3805,0,0.385,0.4784747699125053,0,0.485,0.0132750245,0,0.015,0.01134848470494885,1,0.005,0.857412264197104,1,0.005
WF-001245,2008-10-02 15:10:00,0,Pass,0.0817099249467062,1,0.07,0.38263888888888886,0,0.385,0.5240523522297393,1,0.485,0.05354323,1,0.015,0.03005737634960297,1,0.005,5.958952661439045e-08,0,0.005
WF-001556,2008-10-16 04:50:00,0,Pass,0.04336382989244859,0,0.07,0.31147222222222226,0,0.385,0.44784877379294075,0,0.485,0.010508921,0,0.015,0.008314874341582151,1,0.005,0.9547621453538294,1,0.005
WF-000125,2008-08-05 21:22:00,0,Pass,0.12094605233749121,1,0.07,0.4106944444444443,1,0.385,0.5148464213589723,1,0.485,0.03774069,1,0.015,0.014866142421418383,1,0.005,0.09642446918936491,1,0.005
WF-000379,2008-08-21 19:46:00,0,Pass,0.06234627152234932,0,0.07,0.3949166666666666,1,0.385,0.46657171733248265,0,0.485,0.0047406442,0,0.015,0.002295633582497558,0,0.005,8.80100854875353e-07,0,0.005
WF-000922,2008-09-19 20:07:00,0,Pass,0.03721001092892245,0,0.07,0.28244444444444455,0,0.385,0.4050458518963403,0,0.485,0.0015147799,0,0.015,0.0012699563795862108,0,0.005,0.0018262845066215918,0,0.005
WF-001534,2008-10-15 14:08:00,0,Pass,0.05886671240377914,0,0.07,0.3285555555555556,0,0.385,0.42637917620240173,0,0.485,0.002027423,0,0.015,0.0030312367378283354,0,0.005,2.2513641522539712e-07,0,0.005
WF-000995,2008-09-21 17:30:00,0,Pass,0.02380492440787246,0,0.07,0.30261111111111105,0,0.385,0.4446517051853219,0,0.485,0.0026698795,0,0.015,0.0014243550353365334,0,0.005,1.3608637674682988e-05,0,0.005
WF-000627,2008-09-01 06:52:00,0,Pass,0.03517349928482964,0,0.07,0.2836388888888889,0,0.385,0.43313984039536396,0,0.485,0.002395804,0,0.015,0.0038515098171953495,0,0.005,0.09254867919982517,1,0.005
WF-001414,2008-10-08 05:38:00,0,Pass,0.061314183117643875,0,0.07,0.3020833333333333,0,0.385,0.4575558259812185,0,0.485,0.004791264,0,0.015,0.011178031218150043,1,0.005,0.0006650940334012134,0,0.005
WF-001069,2008-09-24 18:05:00,0,Pass,0.04354448406557671,0,0.07,0.3339722222222223,0,0.385,0.4504686007293378,0,0.485,0.0016454228,0,0.015,0.001018820388758142,0,0.005,2.817359881046561e-05,0,0.005
WF-001196,2008-09-30 14:20:00,0,Pass,0.057991850462940725,0,0.07,0.33844444444444444,0,0.385,0.4591081989782667,0,0.485,0.006387728,0,0.015,0.010804614832072726,1,0.005,0.7593343116319254,1,0.005
WF-001285,2008-10-03 23:46:00,0,Pass,0.14841276207394108,1,0.07,0.4428611111111111,1,0.385,0.5080488116007336,1,0.485,0.08494679,1,0.015,0.040188607808507415,1,0.005,0.16609813812713886,1,0.005
WF-001356,2008-10-06 08:57:00,0,Pass,0.05501720383606137,0,0.07,0.28880555555555565,0,0.385,0.4594311086090956,0,0.485,0.007592532,0,0.015,0.0026165847997755756,0,0.005,2.5588012771825246e-07,0,0.005
WF-001294,2008-10-04 16:58:00,0,Pass,0.055302483795156544,0,0.07,0.35930555555555554,0,0.385,0.5025480964940536,1,0.485,0.008362644,0,0.015,0.004921346773424818,0,0.005,0.041605071176280324,1,0.005
WF-001141,2008-09-27 21:45:00,0,Pass,0.07709887816213644,1,0.07,0.3300277777777778,0,0.385,0.47197442024932795,0,0.485,0.013361068,0,0.015,0.00646693749826623,1,0.005,0.003945588688230897,0,0.005
WF-001476,2008-10-13 11:27:00,0,Pass,0.03468243261988623,0,0.07,0.25052777777777774,0,0.385,0.41973372002571363,0,0.485,0.0011862218,0,0.015,0.000381362240357757,0,0.005,3.702152856336756e-06,0,0.005
WF-000099,2008-08-04 22:51:00,0,Pass,0.047091274140327724,0,0.07,0.4061944444444445,1,0.385,0.4866779259968011,1,0.485,0.0050073187,0,0.015,0.002803418459812915,0,0.005,3.96436076216797e-06,0,0.005
WF-000923,2008-09-19 20:10:00,0,Pass,0.03136471084910415,0,0.07,0.31397222222222215,0,0.385,0.4097036503281396,0,0.485,0.0012786753,0,0.015,0.0006541631468211379,0,0.005,0.0007706341090504843,0,0.005
WF-001061,2008-09-24 12:35:00,0,Pass,0.07555361031953148,1,0.07,0.38041666666666657,0,0.385,0.5169651699044133,1,0.485,0.022046663,1,0.015,0.012990005323972228,1,0.005,1.850121224856884e-05,0,0.005
WF-000070,2008-08-01 14:07:00,0,Pass,0.13086289761678718,1,0.07,0.4584166666666667,1,0.385,0.5389830017105408,1,0.485,0.066101685,1,0.015,0.03898198529953374,1,0.005,0.0011300172617869535,0,0.005
WF-000249,2008-08-18 05:25:00,0,Pass,0.11096733375555536,1,0.07,0.44825,1,0.385,0.5109550436024194,1,0.485,0.06023859,1,0.015,0.006696275042417878,1,0.005,0.0040469804137283315,0,0.005
WF-001021,2008-09-22 23:01:00,0,Pass,0.052028914922909404,0,0.07,0.32819444444444446,0,0.385,0.442858902479882,0,0.485,0.0037535194,0,0.015,0.002005886536619393,0,0.005,0.00012360555436971186,0,0.005
WF-000618,2008-08-31 22:57:00,0,Pass,0.07794780447283876,1,0.07,0.3644444444444444,0,0.385,0.4518565285848373,0,0.485,0.0049823523,0,0.015,0.00419208068358967,0,0.005,0.016195355462415156,1,0.005
WF-000474,2008-08-28 09:46:00,0,Pass,0.03738707151341887,0,0.07,0.29236111111111107,0,0.385,0.4303268055929406,0,0.485,0.0016042725,0,0.015,0.0011693441841087262,0,0.005,3.479646891162192e-06,0,0.005
WF-000674,2008-09-02 10:21:00,0,Pass,0.04241296735289177,0,0.07,0.33761111111111125,0,0.385,0.5056733826849636,1,0.485,0.013047892,0,0.015,0.0028315443787810643,0,0.005,0.003939078867232114,0,0.005
WF-001413,2008-10-08 05:35:00,0,Pass,0.03191285950759411,0,0.07,0.34119444444444447,0,0.385,0.49822255197627996,1,0.485,0.0052270982,0,0.015,0.011745960157108043,1,0.005,0.0023774096463128128,0,0.005
WF-000745,2008-09-07 18:24:00,0,Pass,0.06025214452684497,0,0.07,0.27980555555555564,0,0.385,0.44937324048133365,0,0.485,0.0027011351,0,0.015,0.0009590745094872619,0,0.005,0.00023106192615742375,0,0.005
WF-000828,2008-09-13 12:48:00,0,Pass,0.0827545047581193,1,0.07,0.32086111111111104,0,0.385,0.49806981637622527,1,0.485,0.0082813585,0,0.015,0.008532655926795718,1,0.005,0.0004931363682297454,0,0.005
WF-000091,2008-08-04 16:31:00,0,Pass,0.07803871187954241,1,0.07,0.44763888888888875,1,0.385,0.49952387478808574,1,0.485,0.019167602,1,0.015,0.0045571365424482,0,0.005,0.001793542888941055,0,0.005
WF-000585,2008-08-30 14:23:00,0,Pass,0.05319438569609815,0,0.07,0.3645,0,0.385,0.5304613388167769,1,0.485,0.009276875,0,0.015,0.004843056945253359,0,0.005,0.00041068844544777744,0,0.005
WF-000898,2008-09-19 04:42:00,0,Pass,0.08846060580211561,1,0.07,0.39211111111111113,1,0.385,0.5146954912119911,1,0.485,0.060646813,1,0.015,0.014324641723985692,1,0.005,0.2048597113605496,1,0.005
WF-001363,2008-10-06 13:08:00,0,Pass,0.035223361983027064,0,0.07,0.34147222222222207,0,0.385,0.45024402037308375,0,0.485,0.009596749,0,0.015,0.0015962907577424254,0,0.005,3.7522968444391044e-05,0,0.005
WF-000272,2008-08-18 15:41:00,0,Pass,0.057946507905678867,0,0.07,0.36511111111111105,0,0.385,0.47262130260173285,0,0.485,0.003797056,0,0.015,0.005438813249728089,1,0.005,1.7036577913389084e-05,0,0.005
WF-000082,2008-08-03 22:52:00,0,Pass,0.15433866383992742,1,0.07,0.5098611111111111,1,0.385,0.5803635819229606,1,0.485,0.3040366,1,0.015,0.24119908646588295,1,0.005,0.09126603672930544,1,0.005
WF-000885,2008-09-18 10:48:00,0,Pass,0.07706034872397889,1,0.07,0.38119444444444445,0,0.385,0.5038705395943456,1,0.485,0.027689038,1,0.015,0.008520008552133692,1,0.005,0.03662965183142012,1,0.005
WF-000431,2008-08-23 03:26:00,0,Pass,0.08470837262284972,1,0.07,0.36544444444444435,0,0.385,0.47336525685648334,0,0.485,0.019537559,1,0.015,0.003565385518524672,0,0.005,0.05776607807583723,1,0.005
WF-001125,2008-09-27 11:54:00,0,Pass,0.09218381860655218,1,0.07,0.4315277777777776,1,0.385,0.5400233930487145,1,0.485,0.15781137,1,0.015,0.04178900408144845,1,0.005,0.04193468746711989,1,0.005
WF-000318,2008-08-20 00:05:00,0,Pass,0.10783756266977777,1,0.07,0.40975,1,0.385,0.5134406517930022,1,0.485,0.032840278,1,0.015,0.01861593675761102,1,0.005,0.13015458147482947,1,0.005
WF-000301,2008-08-19 10:46:00,0,Pass,0.21700085941336258,1,0.07,0.5843055555555556,1,0.385,0.5909244342384627,1,0.485,0.20828958,1,0.015,0.26301140168682957,1,0.005,0.9999999955867804,1,0.005
WF-000449,2008-08-24 13:03:00,1,Fail,0.1624075659591026,1,0.07,0.5240833333333335,1,0.385,0.5234974067168338,1,0.485,0.16198666,1,0.015,0.20303095895810125,1,0.005,0.013281261394116851,1,0.005
WF-000368,2008-08-21 15:50:00,0,Pass,0.08122931643845926,1,0.07,0.4769444444444444,1,0.385,0.5163325204880025,1,0.485,0.041620508,1,0.015,0.014979171086003797,1,0.005,0.7882978931205773,1,0.005
WF-001295,2008-10-04 18:15:00,0,Pass,0.11058992544660545,1,0.07,0.46166666666666656,1,0.385,0.4791966450545986,0,0.485,0.0077749463,0,0.015,0.010292848281231167,1,0.005,0.7587658347391567,1,0.005
WF-000779,2008-09-10 23:43:00,0,Pass,0.06985760073660684,0,0.07,0.41191666666666665,1,0.385,0.5084089555559608,1,0.485,0.014161244,0,0.015,0.009311700469956382,1,0.005,0.006734090938710392,1,0.005
WF-000549,2008-08-29 22:45:00,0,Pass,0.05618002411115011,0,0.07,0.3594722222222222,0,0.385,0.5174709112216804,1,0.485,0.008100911,0,0.015,0.0016514183281499068,0,0.005,0.0037028955094941685,0,0.005
WF-000418,2008-08-22 12:37:00,0,Pass,0.10724155534686403,1,0.07,0.4830555555555556,1,0.385,0.5054616279838363,1,0.485,0.019563004,1,0.015,0.020938497393339504,1,0.005,0.0032826786448207066,0,0.005
WF-001540,2008-10-15 19:24:00,0,Pass,0.03921092479868664,0,0.07,0.3115,0,0.385,0.4345440949401544,0,0.485,0.0039552567,0,0.015,0.0016307475525298945,0,0.005,2.5858997585723435e-05,0,0.005
WF-001358,2008-10-06 09:57:00,0,Pass,0.07380447492379523,1,0.07,0.3719166666666666,0,0.385,0.47870397276911864,0,0.485,0.006168533,0,0.015,0.007757148736803446,1,0.005,0.0005807688234560212,0,0.005
WF-000932,2008-09-19 23:33:00,0,Pass,0.063570318362401,0,0.07,0.3660833333333333,0,0.385,0.4907289549791162,1,0.485,0.010248133,0,0.015,0.00762914633532158,1,0.005,4.500317954725012e-06,0,0.005
WF-000296,2008-08-19 08:01:00,0,Pass,0.11811368964813629,1,0.07,0.47274999999999995,1,0.385,0.5268458256279717,1,0.485,0.057489596,1,0.015,0.023356943298539063,1,0.005,0.32177265616839956,1,0.005
WF-000524,2008-08-29 07:33:00,0,Pass,0.054960086518241705,0,0.07,0.3376666666666667,0,0.385,0.4946272508382288,1,0.485,0.0043597734,0,0.015,0.0014522298929086491,0,0.005,0.025634752213426405,1,0.005
WF-000356,2008-08-21 12:33:00,0,Pass,0.09589667852381552,1,0.07,0.35888888888888876,0,0.385,0.4767063033002897,0,0.485,0.0089591965,0,0.015,0.00899179030792052,1,0.005,0.19995032544699737,1,0.005
WF-001217,2008-10-01 09:16:00,0,Pass,0.1266545823492202,1,0.07,0.40624999999999994,1,0.385,0.48534401114868053,1,0.485,0.032480076,1,0.015,0.0106290765581164,1,0.005,0.8428401856767163,1,0.005
WF-001482,2008-10-13 15:42:00,0,Pass,0.04978535543937241,0,0.07,0.33197222222222217,0,0.385,0.4639372124096345,0,0.485,0.0028002784,0,0.015,0.001525139212859026,0,0.005,0.03816502507839438,1,0.005
WF-000672,2008-09-02 09:37:00,0,Pass,0.05940417157080264,0,0.07,0.3157777777777779,0,0.385,0.4663758100010832,0,0.485,0.0015022934,0,0.015,0.0005462103631142452,0,0.005,0.003003969326712376,0,0.005
WF-000001,2008-07-19 11:55:00,0,Pass,0.08370326941138849,1,0.07,0.4286111111111112,1,0.385,0.4915751150533315,1,0.485,0.027929429,1,0.015,0.007453802933090251,1,0.005,7.275261652635152e-07,0,0.005
WF-001067,2008-09-24 16:26:00,0,Pass,0.07294059909440193,1,0.07,0.36938888888888877,0,0.385,0.47296643133973026,0,0.485,0.007130345,0,0.015,0.003776672185860925,0,0.005,0.09882591245399745,1,0.005
WF-001465,2008-10-11 23:16:00,0,Pass,0.03488178079794478,0,0.07,0.2926944444444445,0,0.385,0.4530697985395909,0,0.485,0.0010885363,0,0.015,0.0013349594077665143,0,0.005,0.00035787611076941016,0,0.005
WF-000457,2008-08-27 22:48:00,0,Pass,0.0675611821114572,0,0.07,0.3585277777777777,0,0.385,0.4550653098395972,0,0.485,0.006120785,0,0.015,0.007067102759058685,1,0.005,0.00010786982947149791,0,0.005
WF-000237,2008-08-17 22:03:00,1,Fail,0.24221891789275748,1,0.07,0.58075,1,0.385,0.5692288390257979,1,0.485,0.60594875,1,0.015,0.25410334071232704,1,0.005,0.8923898054726626,1,0.005
WF-000836,2008-09-14 15:46:00,0,Pass,0.055566022868069186,0,0.07,0.38041666666666674,0,0.385,0.5132410728515963,1,0.485,0.02322288,1,0.015,0.004480565891223915,0,0.005,0.6490622626831355,1,0.005
WF-000498,2008-08-28 21:52:00,0,Pass,0.0953324663118077,1,0.07,0.35147222222222213,0,0.385,0.4880226683509907,1,0.485,0.0071912245,0,0.015,0.008103056259915677,1,0.005,3.6231462788341966e-06,0,0.005
WF-000090,2008-08-04 16:15:00,0,Pass,0.04897216079985891,0,0.07,0.3821388888888889,0,0.385,0.4430411658111767,0,0.485,0.004458703,0,0.015,0.0030404340167777357,0,0.005,0.0023782720295085543,0,0.005
WF-001308,2008-10-05 04:20:00,0,Pass,0.06664862750633006,0,0.07,0.3815833333333334,0,0.385,0.5411639738427907,1,0.485,0.051678114,1,0.015,0.029489958485326206,1,0.005,3.3881643258220363e-20,0,0.005
WF-001421,2008-10-08 10:37:00,0,Pass,0.04070018867310013,0,0.07,0.34455555555555556,0,0.385,0.40770604013378886,0,0.485,0.0011213725,0,0.015,0.00046579005453159045,0,0.005,2.2663431529923405e-07,0,0.005
WF-000476,2008-08-28 10:15:00,0,Pass,0.06311757355987335,0,0.07,0.37691666666666684,0,0.385,0.49387600150572286,1,0.485,0.010829854,0,0.015,0.005533154853257674,1,0.005,0.00044329890059918416,0,0.005
WF-001415,2008-10-08 06:25:00,0,Pass,0.031776688181363144,0,0.07,0.2884166666666667,0,0.385,0.37987668530197155,0,0.485,0.0007710243,0,0.015,0.000563502163865408,0,0.005,0.0002757993498123897,0,0.005
WF-000945,2008-09-20 11:18:00,0,Pass,0.03493284703471072,0,0.07,0.31277777777777777,0,0.385,0.4654566560643879,0,0.485,0.010136376,0,0.015,0.0028257286291951127,0,0.005,7.093669416368652e-06,0,0.005
WF-000328,2008-08-20 09:17:00,1,Fail,0.10542735685266258,1,0.07,0.4332777777777778,1,0.385,0.4977617622049594,1,0.485,0.018086104,1,0.015,0.008621795602398731,1,0.005,4.453520080171134e-05,0,0.005
WF-001159,2008-09-28 19:18:00,0,Pass,0.044936665990151274,0,0.07,0.30786111111111125,0,0.385,0.4634702034826014,0,0.485,0.0021905454,0,0.015,0.0009230917276487912,0,0.005,1.6867847600222167e-06,0,0.005
WF-001468,2008-10-12 01:50:00,0,Pass,0.042629337918195474,0,0.07,0.29474999999999996,0,0.385,0.45850801021609017,0,0.485,0.010249153,0,0.015,0.00446481582914279,0,0.005,0.9605768312784279,1,0.005
WF-000639,2008-09-01 23:19:00,0,Pass,0.08188811709676393,1,0.07,0.39455555555555555,1,0.385,0.481685665371284,0,0.485,0.013157002,0,0.015,0.014764218348927745,1,0.005,0.35368446442367674,1,0.005
WF-001182,2008-09-29 15:16:00,0,Pass,0.05070861879679656,0,0.07,0.3538888888888888,0,0.385,0.4728008943613605,0,0.485,0.00744839,0,0.015,0.01414397206893031,1,0.005,0.003739975670869251,0,0.005
WF-001080,2008-09-25 11:55:00,0,Pass,0.06386346860594384,0,0.07,0.35108333333333325,0,0.385,0.48030691092837596,0,0.485,0.016551461,1,0.015,0.009936739759266882,1,0.005,0.10377714618406834,1,0.005
WF-000886,2008-09-18 13:48:00,0,Pass,0.04346177689220296,0,0.07,0.28266666666666657,0,0.385,0.41552381159094376,0,0.485,0.0020575644,0,0.015,0.0019055047347726042,0,0.005,0.023775791118444103,1,0.005
WF-000037,2008-07-28 04:37:00,0,Pass,0.15426065606954936,1,0.07,0.4957777777777778,1,0.385,0.533248481060428,1,0.485,0.068969876,1,0.015,0.03520513662560446,1,0.005,0.9999768876455045,1,0.005
WF-001559,2008-10-16 05:13:00,0,Pass,0.05460762730621094,0,0.07,0.27541666666666664,0,0.385,0.41626899993420424,0,0.485,0.0008916698,0,0.015,0.0006119440620719573,0,0.005,0.0027199784508379252,0,0.005
WF-000763,2008-09-08 19:15:00,0,Pass,0.06894039538613908,0,0.07,0.36230555555555555,0,0.385,0.5107382151695767,1,0.485,0.06356238,1,0.015,0.0363124025698238,1,0.005,0.0017658753191967986,0,0.005
WF-001522,2008-10-15 04:08:00,0,Pass,0.029356064076143298,0,0.07,0.22869444444444445,0,0.385,0.425412824725262,0,0.485,0.0019666567,0,0.015,0.0015392000445830568,0,0.005,0.0031800079923002033,0,0.005
WF-000579,2008-08-30 10:16:00,0,Pass,0.05826689175069242,0,0.07,0.378361111111111,0,0.385,0.5061032939761967,1,0.485,0.029244462,1,0.015,0.015208694491214987,1,0.005,0.013386756845619612,1,0.005
WF-000725,2008-09-04 08:41:00,0,Pass,0.044451741613808944,0,0.07,0.2567499999999999,0,0.385,0.3951208528593604,0,0.485,0.001094972,0,0.015,0.0006988664927568244,0,0.005,3.712474823614598e-05,0,0.005
WF-001256,2008-10-02 21:33:00,0,Pass,0.06640680658132861,0,0.07,0.3665833333333334,0,0.385,0.4941816498042284,1,0.485,0.06470425,1,0.015,0.032803280961021884,1,0.005,0.008463736422013268,1,0.005
WF-000927,2008-09-19 21:09:00,1,Fail,0.09999734164479007,1,0.07,0.37902777777777774,0,0.385,0.48800868848987655,1,0.485,0.051795024,1,0.015,0.030792692173921755,1,0.005,8.485774257041596e-07,0,0.005
WF-000299,2008-08-19 09:04:00,0,Pass,0.06616718320045502,0,0.07,0.39866666666666667,1,0.385,0.4703766554867569,0,0.485,0.005548146,0,0.015,0.0015677536442549745,0,0.005,5.272923558929275e-05,0,0.005
WF-001498,2008-10-14 03:28:00,0,Pass,0.03339972450237266,0,0.07,0.3089722222222222,0,0.385,0.447692949856921,0,0.485,0.008792568,0,0.015,0.010252933511589712,1,0.005,0.00012545892088491363,0,0.005
WF-001066,2008-09-24 15:43:00,0,Pass,0.09114661957783113,1,0.07,0.45166666666666655,1,0.385,0.5454773172381321,1,0.485,0.023364449,1,0.015,0.03182196146803534,1,0.005,0.06142914506675802,1,0.005
WF-000666,2008-09-02 06:48:00,0,Pass,0.03878560398808701,0,0.07,0.2485277777777778,0,0.385,0.40618674760594686,0,0.485,0.0013284284,0,0.015,0.0008610114388181858,0,0.005,1.0051147549840619e-05,0,0.005
WF-000442,2008-08-23 15:29:00,1,Fail,0.03692726821052186,0,0.07,0.297138888888889,0,0.385,0.4560033949485214,0,0.485,0.003024092,0,0.015,0.001300407555474278,0,0.005,0.00012001927092840554,0,0.005
WF-000258,2008-08-18 10:13:00,0,Pass,0.09875529902913165,1,0.07,0.46447222222222234,1,0.385,0.5039691657602928,1,0.485,0.031541325,1,0.015,0.009952976977330937,1,0.005,0.0038830166234345926,0,0.005
WF-000103,2008-08-05 02:15:00,0,Pass,0.08955446024658818,1,0.07,0.4579999999999999,1,0.385,0.49736415838810377,1,0.485,0.010309337,0,0.015,0.008066724231551218,1,0.005,2.1935462160242472e-05,0,0.005
WF-000199,2008-08-12 11:29:00,0,Pass,0.06273570840678458,0,0.07,0.40272222222222226,1,0.385,0.5185466868429371,1,0.485,0.022287223,1,0.015,0.013904877981898722,1,0.005,0.7716722108780312,1,0.005
WF-001325,2008-10-05 15:30:00,1,Fail,0.08475154177934358,1,0.07,0.4477777777777777,1,0.385,0.5219556362745987,1,0.485,0.043702777,1,0.015,0.15407484848712788,1,0.005,0.8030725982033349,1,0.005
WF-001108,2008-09-26 15:49:00,0,Pass,0.05764200231825019,0,0.07,0.35622222222222216,0,0.385,0.49081357124121316,1,0.485,0.040918905,1,0.015,0.00733857158487202,1,0.005,0.03164315418190633,1,0.005
WF-001154,2008-09-28 17:06:00,0,Pass,0.0982079075421733,1,0.07,0.42408333333333337,1,0.385,0.521213382871967,1,0.485,0.051725395,1,0.015,0.019225960017564696,1,0.005,0.0001889291754566104,0,0.005
WF-000344,2008-08-20 23:18:00,0,Pass,0.12478499545128066,1,0.07,0.4288611111111111,1,0.385,0.5221208375435643,1,0.485,0.02766764,1,0.015,0.05894392008266047,1,0.005,0.00330849838951218,0,0.005
WF-001292,2008-10-04 09:29:00,0,Pass,0.05535880163958526,0,0.07,0.31916666666666665,0,0.385,0.4401938793557205,0,0.485,0.0011523152,0,0.015,0.0006238164794994761,0,0.005,0.0003520491882772957,0,0.005
WF-000182,2008-08-10 06:41:00,0,Pass,0.0840672240611732,1,0.07,0.3854722222222224,1,0.385,0.49514258024156854,1,0.485,0.014448511,0,0.015,0.02615694886966221,1,0.005,0.23503896738118607,1,0.005
WF-001202,2008-09-30 17:27:00,0,Pass,0.08515157007415149,1,0.07,0.3750277777777778,0,0.385,0.4959503314933735,1,0.485,0.04781375,1,0.015,0.005355107705483427,1,0.005,0.009976110256043906,1,0.005
WF-000584,2008-08-30 14:10:00,1,Fail,0.08674625047685808,1,0.07,0.4026388888888889,1,0.385,0.5147253046445982,1,0.485,0.03764265,1,0.015,0.016115254239618078,1,0.005,0.00019228609350544778,0,0.005
WF-000562,2008-08-30 04:20:00,0,Pass,0.05019546077268981,0,0.07,0.34274999999999994,0,0.385,0.5027235859586532,1,0.485,0.014711719,0,0.015,0.0029469663964670147,0,0.005,0.0004964417988098272,0,0.005
WF-000893,2008-09-18 23:05:00,0,Pass,0.0652360015799367,0,0.07,0.31691666666666674,0,0.385,0.5099140076889169,1,0.485,0.045355722,1,0.015,0.020160275257903985,1,0.005,0.007354265883410234,1,0.005
WF-000510,2008-08-29 04:56:00,0,Pass,0.07561277971875259,1,0.07,0.35255555555555557,0,0.385,0.4982864186582111,1,0.485,0.014037852,0,0.015,0.00954383290125156,1,0.005,5.5730204668860896e-05,0,0.005
WF-000245,2008-08-18 04:01:00,1,Fail,0.06840061578904402,0,0.07,0.4325,1,0.385,0.5447690266427033,1,0.485,0.059379343,1,0.015,0.15009709146637248,1,0.005,0.36156967340491386,1,0.005
WF-001262,2008-10-03 00:55:00,0,Pass,0.10581740006504578,1,0.07,0.43769444444444444,1,0.385,0.5732341235233591,1,0.485,0.14871916,1,0.015,0.1810670625934174,1,0.005,0.012345966302180149,1,0.005
WF-000586,2008-08-30 14:37:00,0,Pass,0.08254409755182492,1,0.07,0.34158333333333324,0,0.385,0.49642935116614045,1,0.485,0.017357918,1,0.015,0.014861323723525274,1,0.005,1.425208484930435e-06,0,0.005
WF-001153,2008-09-28 17:05:00,0,Pass,0.0629726439369419,0,0.07,0.372361111111111,0,0.385,0.5178885873025608,1,0.485,0.06463724,1,0.015,0.06620611658763273,1,0.005,0.2441167004008601,1,0.005
WF-001236,2008-10-02 08:24:00,0,Pass,0.09321915179308447,1,0.07,0.4417499999999999,1,0.385,0.49302135895823457,1,0.485,0.015097437,1,0.015,0.038615422072179,1,0.005,0.030035084061190875,1,0.005
WF-000895,2008-09-19 00:30:00,0,Pass,0.03217157299117389,0,0.07,0.2885277777777778,0,0.385,0.4017746482201269,0,0.485,0.0019472834,0,0.015,0.0009314417290767742,0,0.005,0.000947670175458083,0,0.005
WF-000157,2008-08-08 07:26:00,0,Pass,0.12084479784778936,1,0.07,0.470388888888889,1,0.385,0.5375655900813522,1,0.485,0.06670312,1,0.015,0.03283458749900657,1,0.005,0.47563724547317293,1,0.005
WF-000997,2008-09-21 19:19:00,0,Pass,0.04248220902588378,0,0.07,0.2799444444444445,0,0.385,0.4260349534444822,0,0.485,0.0019984646,0,0.015,0.0011618514036315579,0,0.005,1.7817122083006125e-05,0,0.005
WF-001079,2008-09-25 11:09:00,0,Pass,0.05633546008912958,0,0.07,0.27866666666666673,0,0.385,0.42142041357655957,0,0.485,0.003693223,0,0.015,0.002752689719632229,0,0.005,3.249453466368869e-05,0,0.005
WF-001307,2008-10-05 04:01:00,0,Pass,0.0830975435297416,1,0.07,0.3285555555555556,0,0.385,0.5023110742549209,1,0.485,0.016738934,1,0.015,0.009450515839625355,1,0.005,0.40118272415218165,1,0.005
WF-000065,2008-08-01 05:52:00,1,Fail,0.05927386782097448,0,0.07,0.4407500000000001,1,0.385,0.5088466864072421,1,0.485,0.017640712,1,0.015,0.01980576157290761,1,0.005,0.3611750685208274,1,0.005
WF-001000,2008-09-21 22:02:00,0,Pass,0.04616287211015314,0,0.07,0.33013888888888887,0,0.385,0.4781764894509625,0,0.485,0.0050810417,0,0.015,0.0031367693560167163,0,0.005,0.8208442658907206,1,0.005
WF-001082,2008-09-25 14:08:00,0,Pass,0.04375832170613316,0,0.07,0.3075833333333334,0,0.385,0.4810713520212473,0,0.485,0.014901742,0,0.015,0.005587067298807052,1,0.005,0.011579874726591442,1,0.005
WF-000786,2008-09-11 09:24:00,0,Pass,0.03159323108570431,0,0.07,0.27602777777777787,0,0.385,0.4350942489849493,0,0.485,0.0019597618,0,0.015,0.0015125049440728032,0,0.005,0.034873749803422165,1,0.005
WF-000407,2008-08-22 06:00:00,1,Fail,0.17642509734501352,1,0.07,0.5276666666666666,1,0.385,0.5603393026855438,1,0.485,0.06155716,1,0.015,0.025110036735853065,1,0.005,0.0006609853683841754,0,0.005
WF-000650,2008-09-02 01:10:00,0,Pass,0.07979987320045934,1,0.07,0.34094444444444433,0,0.385,0.5335921435497282,1,0.485,0.048460484,1,0.015,0.019828046019732957,1,0.005,0.029912037096004884,1,0.005
WF-000547,2008-08-29 21:54:00,0,Pass,0.07815710092174956,1,0.07,0.39897222222222223,1,0.385,0.5106729984702096,1,0.485,0.007468712,0,0.015,0.004817431589599383,0,0.005,0.05805765978827718,1,0.005
WF-000079,2008-08-03 17:00:00,0,Pass,0.15419238900370794,1,0.07,0.5049444444444444,1,0.385,0.5182586244437495,1,0.485,0.13414541,1,0.015,0.04838261429691044,1,0.005,1.1461002756226553e-05,0,0.005
WF-000916,2008-09-19 17:47:00,0,Pass,0.028744014219831124,0,0.07,0.2687222222222222,0,0.385,0.45353965878077274,0,0.485,0.003617876,0,0.015,0.002899629415139115,0,0.005,0.13617088627817617,1,0.005
WF-000164,2008-08-08 22:25:00,0,Pass,0.12081295352516015,1,0.07,0.5376666666666667,1,0.385,0.5573718837769425,1,0.485,0.19930845,1,0.015,0.06036574159610531,1,0.005,4.2834796399944735e-06,0,0.005
WF-000257,2008-08-18 08:31:00,0,Pass,0.12201816768671911,1,0.07,0.4436944444444443,1,0.385,0.5488548411657445,1,0.485,0.020563556,1,0.015,0.03340525290868565,1,0.005,0.1007055745383746,1,0.005
WF-001351,2008-10-06 07:12:00,0,Pass,0.081198684585894,1,0.07,0.39286111111111116,1,0.385,0.46257682505946757,0,0.485,0.009056629,0,0.015,0.002689644830301171,0,0.005,7.311892132115311e-06,0,0.005
WF-000315,2008-08-19 18:30:00,0,Pass,0.1127953135191022,1,0.07,0.46699999999999997,1,0.385,0.5267945202188328,1,0.485,0.019242726,1,0.015,0.0034551968628253904,0,0.005,0.0036267148003746325,0,0.005
WF-001546,2008-10-16 02:16:00,0,Pass,0.0511314378265739,0,0.07,0.294388888888889,0,0.385,0.45248277862033975,0,0.485,0.007711003,0,0.015,0.0033616722662542396,0,0.005,0.1644179471096175,1,0.005
WF-001071,2008-09-25 02:03:00,0,Pass,0.07697630931152541,1,0.07,0.3285833333333334,0,0.385,0.46879877090083044,0,0.485,0.009386296,0,0.015,0.002304064351058426,0,0.005,0.005240190929905586,1,0.005
WF-000982,2008-09-21 09:31:00,0,Pass,0.04012775176153819,0,0.07,0.34475,0,0.385,0.44280111472679434,0,0.485,0.00230784,0,0.015,0.0015008852496358443,0,0.005,5.72260027363198e-08,0,0.005
WF-000999,2008-09-21 21:54:00,0,Pass,0.06903912578250822,0,0.07,0.33416666666666667,0,0.385,0.4710180063854743,0,0.485,0.012477284,0,0.015,0.008813657651906153,1,0.005,1.3421874473560547e-08,0,0.005
WF-000736,2008-09-05 21:48:00,0,Pass,0.09527303060112922,1,0.07,0.3463888888888889,0,0.385,0.5206032908947392,1,0.485,0.036058377,1,0.015,0.015468710718346868,1,0.005,0.42198792260417156,1,0.005
WF-001429,2008-10-08 17:31:00,0,Pass,0.03963103430650031,0,0.07,0.33961111111111103,0,0.385,0.4774172657718352,0,0.485,0.024678446,1,0.015,0.0031675488365751916,0,0.005,0.048625906750006984,1,0.005
WF-001382,2008-10-06 22:37:00,0,Pass,0.050997708555606494,0,0.07,0.2876666666666666,0,0.385,0.4598909779593964,0,0.485,0.0057737855,0,0.015,0.00212319668683417,0,0.005,0.635645900819916,1,0.005
WF-000041,2008-07-28 15:11:00,1,Fail,0.1568582228388786,1,0.07,0.5372777777777777,1,0.385,0.5577665252525956,1,0.485,0.20014296,1,0.015,0.0867506400129759,1,0.005,0.19957232460550017,1,0.005
WF-001420,2008-10-08 09:06:00,0,Pass,0.05557124435257336,0,0.07,0.3213055555555556,0,0.385,0.4773990029446079,0,0.485,0.005678132,0,0.015,0.001260917411503323,0,0.005,3.498168159831031e-06,0,0.005
WF-000093,2008-08-04 17:46:00,0,Pass,0.12008761447607756,1,0.07,0.44519444444444456,1,0.385,0.5391914336925013,1,0.485,0.10941055,1,0.015,0.024054135518268523,1,0.005,0.0005789520932814054,0,0.005
WF-001239,2008-10-02 09:10:00,1,Fail,0.08791863672121204,1,0.07,0.37833333333333335,0,0.385,0.4695263455367898,0,0.485,0.020648284,1,0.015,0.007455116655409175,1,0.005,0.0074942808202090655,1,0.005
WF-001076,2008-09-25 09:31:00,0,Pass,0.05700860913542635,0,0.07,0.3128611111111112,0,0.385,0.4537660537139687,0,0.485,0.0070499093,0,0.015,0.0010075099161500876,0,0.005,3.933789163191731e-09,0,0.005
WF-000926,2008-09-19 21:08:00,0,Pass,0.056002191656755115,0,0.07,0.35636111111111113,0,0.385,0.45278781698644543,0,0.485,0.00250497,0,0.015,0.0017884904322949947,0,0.005,0.04553445171044361,1,0.005
WF-000868,2008-09-16 19:45:00,0,Pass,0.05889648700542829,0,0.07,0.3433333333333334,0,0.385,0.4619590166182161,0,0.485,0.003986172,0,0.015,0.0038256710306921625,0,0.005,1.2572046127037944e-05,0,0.005
WF-000598,2008-08-30 20:53:00,0,Pass,0.046102456285897986,0,0.07,0.3725,0,0.385,0.4980971204855991,1,0.485,0.011851194,0,0.015,0.00479318310150217,0,0.005,0.0008444630381877299,0,0.005
WF-001387,2008-10-07 07:32:00,0,Pass,0.039950358837670646,0,0.07,0.2881944444444445,0,0.385,0.45087857815944715,0,0.485,0.0027413734,0,0.015,0.00077025809658273,0,0.005,2.083980912136155e-06,0,0.005
WF-001455,2008-10-10 21:16:00,0,Pass,0.03935951055882414,0,0.07,0.26694444444444443,0,0.385,0.41145814861475427,0,0.485,0.000934471,0,0.015,0.0007721690399225924,0,0.005,2.6935716280541864e-07,0,0.005
WF-001448,2008-10-10 10:53:00,0,Pass,0.05813377275025609,0,0.07,0.37911111111111107,0,0.385,0.48020443562109405,0,0.485,0.019500544,1,0.015,0.0063175655777687415,1,0.005,0.8257593373824406,1,0.005
WF-000068,2008-08-01 11:28:00,0,Pass,0.13710325088347136,1,0.07,0.49649999999999994,1,0.385,0.552488067595145,1,0.485,0.04896009,1,0.015,0.03816856886091545,1,0.005,0.0019065850860035076,0,0.005
WF-000329,2008-08-20 10:26:00,0,Pass,0.069008959098659,0,0.07,0.33961111111111103,0,0.385,0.4693971638287553,0,0.485,0.0045649153,0,0.015,0.0010864018802299992,0,0.005,0.0022987503354431585,0,0.005
WF-001149,2008-09-28 07:52:00,0,Pass,0.07080089552927572,1,0.07,0.3312777777777777,0,0.385,0.4752917433955294,0,0.485,0.002913088,0,0.015,0.0019482797243962479,0,0.005,0.0006361025905101716,0,0.005
WF-000764,2008-09-08 19:25:00,0,Pass,0.07589207896748298,1,0.07,0.3799444444444444,0,0.385,0.5106985209514233,1,0.485,0.021370009,1,0.015,0.024078505758918133,1,0.005,0.5059502392349843,1,0.005
WF-000108,2008-08-05 03:54:00,0,Pass,0.07841679100423309,1,0.07,0.3686388888888888,0,0.385,0.4917524782103902,1,0.485,0.010507518,0,0.015,0.008725177091710539,1,0.005,0.0019066528239252093,0,0.005
WF-000909,2008-09-19 10:45:00,0,Pass,0.04231948639273232,0,0.07,0.2732222222222223,0,0.385,0.4135530410996025,0,0.485,0.0011779419,0,0.015,0.0008097904760405002,0,0.005,1.849643190922143e-06,0,0.005
WF-000988,2008-09-21 14:31:00,0,Pass,0.034435735122781023,0,0.07,0.33249999999999985,0,0.385,0.41761804828602134,0,0.485,0.0047715255,0,0.015,0.003660829770441421,0,0.005,2.1611689326469385e-06,0,0.005
WF-001025,2008-09-23 06:44:00,0,Pass,0.07272328269943314,1,0.07,0.39288888888888884,1,0.385,0.5069713884918794,1,0.485,0.036124274,1,0.015,0.014485361573688942,1,0.005,9.233786683464442e-22,0,0.005
WF-000555,2008-08-30 01:29:00,0,Pass,0.04651818102677659,0,0.07,0.3151944444444444,0,0.385,0.45334414654140753,0,0.485,0.0049008527,0,0.015,0.0019496999836241756,0,0.005,0.32094820458186224,1,0.005
WF-000347,2008-08-21 02:46:00,0,Pass,0.07266009172600574,1,0.07,0.3138333333333334,0,0.385,0.457925173907243,0,0.485,0.0040953,0,0.015,0.0014637151014939608,0,0.005,0.0021292367560339794,0,0.005
WF-000530,2008-08-29 12:21:00,0,Pass,0.07893774363849032,1,0.07,0.45075,1,0.385,0.5091140305413944,1,0.485,0.04109317,1,0.015,0.016086469313339253,1,0.005,0.9997665326617821,1,0.005
WF-001552,2008-10-16 04:02:00,0,Pass,0.028618316702256882,0,0.07,0.23458333333333334,0,0.385,0.4729342836428428,0,0.485,0.010534125,0,0.015,0.0030946491056422936,0,0.005,2.300682973907975e-05,0,0.005
WF-001289,2008-10-04 03:53:00,0,Pass,0.034295677708928385,0,0.07,0.2522777777777778,0,0.385,0.38448647258862717,0,0.485,0.0004157065,0,0.015,0.0009320088332420984,0,0.005,0.0008024899583782812,0,0.005
WF-000874,2008-09-17 07:28:00,0,Pass,0.06560776174996977,0,0.07,0.3447222222222222,0,0.385,0.5008758138029543,1,0.485,0.009239951,0,0.015,0.001705529271080955,0,0.005,0.012678920435454469,1,0.005
WF-001224,2008-10-01 22:47:00,0,Pass,0.16095250691370785,1,0.07,0.463361111111111,1,0.385,0.5154436684771125,1,0.485,0.18293789,1,0.015,0.13358062326360093,1,0.005,1.4380706691862254e-34,0,0.005
WF-001489,2008-10-13 20:30:00,0,Pass,0.04884287699089113,0,0.07,0.26325,0,0.385,0.41470441572598304,0,0.485,0.0021504979,0,0.015,0.0010422470060781812,0,0.005,5.541556451234372e-06,0,0.005
WF-000969,2008-09-20 23:34:00,0,Pass,0.032397213776477723,0,0.07,0.3327777777777778,0,0.385,0.4631737683196612,0,0.485,0.0020916327,0,0.015,0.0030956630255058247,0,0.005,0.49657390397868517,1,0.005
WF-000642,2008-09-01 23:39:00,0,Pass,0.08429547108978652,1,0.07,0.3827777777777777,0,0.385,0.5014769030243353,1,0.485,0.014803158,0,0.015,0.006623524767409815,1,0.005,0.2851846671195253,1,0.005
WF-001001,2008-09-22 00:12:00,0,Pass,0.026369516696195843,0,0.07,0.2348611111111111,0,0.385,0.39922505313715095,0,0.485,0.0011375248,0,0.015,0.0016408058753871594,0,0.005,0.0006031911065478095,0,0.005
WF-000238,2008-08-17 22:21:00,0,Pass,0.18244140121935026,1,0.07,0.5713055555555555,1,0.385,0.5619064166651506,1,0.485,0.25276658,1,0.015,0.15164780800592575,1,0.005,0.7969914841735244,1,0.005
WF-001131,2008-09-27 14:01:00,0,Pass,0.06902372252969488,0,0.07,0.38166666666666665,0,0.385,0.48923576926547313,1,0.485,0.0092610195,0,0.015,0.0036787822204465536,0,0.005,3.0972563915672954e-05,0,0.005
WF-001322,2008-10-05 12:17:00,0,Pass,0.10027931511010309,1,0.07,0.43019444444444443,1,0.385,0.45762183936360235,0,0.485,0.015287866,1,0.015,0.013346163179136844,1,0.005,0.08407962041131316,1,0.005
WF-001126,2008-09-27 12:26:00,0,Pass,0.06997941821417376,0,0.07,0.3083611111111111,0,0.385,0.4731353432308588,0,0.485,0.0156574,1,0.015,0.0032175278700162647,0,0.005,0.0006475401980600427,0,0.005
WF-000507,2008-08-29 03:33:00,0,Pass,0.11970246630512808,1,0.07,0.4981388888888887,1,0.385,0.5851251047782854,1,0.485,0.080787525,1,0.015,0.17456449853883713,1,0.005,0.057122186176805444,1,0.005
WF-000383,2008-08-21 21:32:00,0,Pass,0.08751636174330572,1,0.07,0.3728333333333333,0,0.385,0.5093009752460746,1,0.485,0.019674864,1,0.015,0.021862185747272007,1,0.005,0.1339864104174797,1,0.005
WF-000366,2008-08-21 15:32:00,0,Pass,0.040587317943144394,0,0.07,0.34436111111111095,0,0.385,0.42489236641156447,0,0.485,0.0010453187,0,0.015,0.0003746352187372572,0,0.005,0.0002876760111426238,0,0.005
WF-000335,2008-08-20 18:29:00,0,Pass,0.08534437127924469,1,0.07,0.42086111111111096,1,0.385,0.49091345176877005,1,0.485,0.010143584,0,0.015,0.003944224994614469,0,0.005,0.00038126314550903067,0,0.005
WF-000137,2008-08-06 17:35:00,0,Pass,0.0781062154273576,1,0.07,0.4499722222222223,1,0.385,0.5133856339634721,1,0.485,0.030314615,1,0.015,0.007638923070194292,1,0.005,0.1697720137288383,1,0.005
WF-001088,2008-09-25 17:28:00,0,Pass,0.0663753014039597,0,0.07,0.37958333333333344,0,0.385,0.4843445926185231,0,0.485,0.01863006,1,0.015,0.0031217625085254753,0,0.005,0.0045663592896599756,0,0.005
WF-000253,2008-08-18 07:11:00,0,Pass,0.07911638854384224,1,0.07,0.4159722222222222,1,0.385,0.4843057276657333,0,0.485,0.0060882494,0,0.015,0.0018774004934799958,0,0.005,0.000642740815954728,0,0.005
WF-000281,2008-08-18 23:47:00,0,Pass,0.10970979553436012,1,0.07,0.44480555555555545,1,0.385,0.5749541979050946,1,0.485,0.0386462,1,0.015,0.07319160614860623,1,0.005,0.003312784424295976,0,0.005
WF-001373,2008-10-06 17:35:00,0,Pass,0.03759965534699166,0,0.07,0.2642777777777778,0,0.385,0.42193184290172925,0,0.485,0.0015659932,0,0.015,0.0038150919862335927,0,0.005,0.008087973968031082,1,0.005
WF-000599,2008-08-30 21:53:00,0,Pass,0.07365240908265391,1,0.07,0.3519722222222223,0,0.385,0.49510731992467366,1,0.485,0.013150255,0,0.015,0.008741196467486702,1,0.005,0.00010202822321328909,0,0.005
WF-000617,2008-08-31 22:48:00,0,Pass,0.09636717183548267,1,0.07,0.3851388888888889,1,0.385,0.5054431657379276,1,0.485,0.027576396,1,0.015,0.026008356140700167,1,0.005,6.099815278806548e-05,0,0.005
WF-001460,2008-10-11 07:42:00,0,Pass,0.061717144467729836,0,0.07,0.3512777777777778,0,0.385,0.4533041475341957,0,0.485,0.0040523973,0,0.015,0.0027183773010339284,0,0.005,3.70870332487471e-12,0,0.005
WF-000174,2008-08-09 21:07:00,0,Pass,0.08466608038572601,1,0.07,0.4234444444444445,1,0.385,0.4566630443039782,0,0.485,0.0066265767,0,0.015,0.007361859121605174,1,0.005,1.276397300657257e-08,0,0.005
WF-000824,2008-09-13 09:19:00,0,Pass,0.05451636813967227,0,0.07,0.29155555555555557,0,0.385,0.4335649716333593,0,0.485,0.0013033629,0,0.015,0.0013104406945586655,0,0.005,0.0012100021412907096,0,0.005
WF-000810,2008-09-12 15:40:00,0,Pass,0.0825974200440195,1,0.07,0.4224444444444444,1,0.385,0.5485891269489638,1,0.485,0.029032022,1,0.015,0.024113525294730383,1,0.005,0.9269317483341393,1,0.005
WF-001017,2008-09-22 21:30:00,0,Pass,0.03684932225792752,0,0.07,0.2746111111111111,0,0.385,0.420945742651226,0,0.485,0.006576294,0,0.015,0.0016640902262664169,0,0.005,4.809891208369251e-07,0,0.005
WF-001565,2008-10-17 05:26:00,0,Pass,0.048850124237026164,0,0.07,0.28958333333333336,0,0.385,0.4575453810900069,0,0.485,0.004854703,0,0.015,0.0008735936553337866,0,0.005,0.002034927286388127,0,0.005
WF-000168,2008-08-09 09:16:00,1,Fail,0.21391896613576525,1,0.07,0.5815833333333335,1,0.385,0.6135421996177736,1,0.485,0.5065225,1,0.015,0.39626206166136463,1,0.005,0.9945258095751252,1,0.005
WF-000357,2008-08-21 12:43:00,0,Pass,0.08882303846293663,1,0.07,0.41100000000000003,1,0.385,0.506794243203619,1,0.485,0.0057471916,0,0.015,0.0030234353046005615,0,0.005,0.0576593315747313,1,0.005
WF-000263,2008-08-18 12:49:00,0,Pass,0.17947347784267034,1,0.07,0.5505555555555555,1,0.385,0.5613503232886005,1,0.485,0.15595171,1,0.015,0.03491336111489352,1,0.005,0.2085583776910946,1,0.005
WF-001008,2008-09-22 10:43:00,0,Pass,0.05727886367175387,0,0.07,0.34711111111111104,0,0.385,0.4544377939672969,0,0.485,0.007923434,0,0.015,0.003790893994486033,0,0.005,1.9414484259868422e-05,0,0.005
WF-000250,2008-08-18 06:07:00,0,Pass,0.09369973471828551,1,0.07,0.4340833333333333,1,0.385,0.48535922215334837,1,0.485,0.0034954771,0,0.015,0.00213420165006254,0,0.005,7.672267451884171e-08,0,0.005
WF-000591,2008-08-30 15:57:00,0,Pass,0.0827607985719233,1,0.07,0.37791666666666657,0,0.385,0.4674722662109909,0,0.485,0.0038296082,0,0.015,0.0015993523515256674,0,0.005,0.45446395562313485,1,0.005
WF-000634,2008-09-01 16:20:00,0,Pass,0.04209331901999547,0,0.07,0.3273611111111111,0,0.385,0.4469111515224329,0,0.485,0.0033293986,0,0.015,0.000658758518982074,0,0.005,4.935272664282073e-05,0,0.005
WF-001452,2008-10-10 20:02:00,0,Pass,0.03216898326937979,0,0.07,0.2836111111111112,0,0.385,0.4431190217622712,0,0.485,0.0022106858,0,0.015,0.0014182600486315853,0,0.005,0.14350896237383906,1,0.005
WF-000128,2008-08-05 23:38:00,0,Pass,0.1509458506345173,1,0.07,0.49991666666666673,1,0.385,0.5598406430022879,1,0.485,0.24723361,1,0.015,0.060071394671634956,1,0.005,0.000408219219394131,0,0.005
WF-001253,2008-10-02 19:25:00,0,Pass,0.11532550085032066,1,0.07,0.4967222222222222,1,0.385,0.5671903156947758,1,0.485,0.32399696,1,0.015,0.13175597620432322,1,0.005,0.06683255859174696,1,0.005
WF-001392,2008-10-07 09:20:00,0,Pass,0.040130251757826606,0,0.07,0.2823333333333333,0,0.385,0.4530716634658688,0,0.485,0.0033143358,0,0.015,0.00677604046569723,1,0.005,0.00032694211402575877,0,0.005
WF-001469,2008-10-12 02:59:00,0,Pass,0.024548962674955505,0,0.07,0.23261111111111105,0,0.385,0.4197340863182985,0,0.485,0.001259609,0,0.015,0.0014849153419632284,0,0.005,9.31776028324004e-09,0,0.005
WF-000553,2008-08-30 00:05:00,0,Pass,0.06840955094044271,0,0.07,0.4022222222222222,1,0.385,0.4854704413106277,1,0.485,0.036611803,1,0.015,0.007735493359680206,1,0.005,0.15766135193784983,1,0.005
WF-000412,2008-08-22 09:29:00,0,Pass,0.08897975894783687,1,0.07,0.4110277777777779,1,0.385,0.517995811346556,1,0.485,0.008055157,0,0.015,0.00825170815410116,1,0.005,0.0002201987636124307,0,0.005
WF-000568,2008-08-30 05:51:00,0,Pass,0.1367185496753154,1,0.07,0.4738055555555555,1,0.385,0.5537827163172088,1,0.485,0.07082246,1,0.015,0.028674972359655427,1,0.005,0.018197773837044583,1,0.005
WF-001147,2008-09-28 06:22:00,0,Pass,0.08453272085083477,1,0.07,0.4219166666666667,1,0.385,0.5195415403648748,1,0.485,0.041758396,1,0.015,0.018016880046129533,1,0.005,0.018338258112130315,1,0.005
WF-000302,2008-08-19 11:11:00,0,Pass,0.12165915448308628,1,0.07,0.4849999999999998,1,0.385,0.49837720096153654,1,0.485,0.055027824,1,0.015,0.0267053764448249,1,0.005,0.8730618503240226,1,0.005
WF-000557,2008-08-30 02:22:00,0,Pass,0.0554332753073797,0,0.07,0.29297222222222213,0,0.385,0.46094665652921857,0,0.485,0.007427104,0,0.015,0.0028554807284429397,0,0.005,0.0010541215877360737,0,0.005
WF-001471,2008-10-12 03:28:00,0,Pass,0.058929682902976455,0,0.07,0.3799444444444445,0,0.385,0.5320524855015503,1,0.485,0.03653887,1,0.015,0.014085757109492178,1,0.005,0.9182600083447963,1,0.005
WF-000066,2008-08-01 10:20:00,0,Pass,0.11602977087070149,1,0.07,0.42375,1,0.385,0.5390518403744523,1,0.485,0.07328603,1,0.015,0.007910748660118391,1,0.005,0.30666784969885685,1,0.005
WF-000850,2008-09-15 12:27:00,0,Pass,0.02071330193224102,0,0.07,0.32527777777777783,0,0.385,0.44576015944971425,0,0.485,0.0041880608,0,0.015,0.0027921162229805514,0,0.005,0.0009167416107942506,0,0.005
WF-001342,2008-10-06 03:31:00,0,Pass,0.0662786739745271,0,0.07,0.2913611111111111,0,0.385,0.4716068244487735,0,0.485,0.020690946,1,0.015,0.0147306486210193,1,0.005,7.780183336578794e-05,0,0.005
WF-001043,2008-09-23 20:18:00,0,Pass,0.0461065707668015,0,0.07,0.32597222222222216,0,0.385,0.5021989286401285,1,0.485,0.02332104,1,0.015,0.021564586053456677,1,0.005,0.0020058814391920045,0,0.005
WF-000040,2008-07-28 08:36:00,0,Pass,0.04605841349800591,0,0.07,0.35363888888888895,0,0.385,0.4431588665768761,0,0.485,0.0015506927,0,0.015,0.0011233932077823142,0,0.005,0.0012349411851669608,0,0.005
WF-001041,2008-09-23 18:36:00,0,Pass,0.060171726565166235,0,0.07,0.32586111111111116,0,0.385,0.47222108157457166,0,0.485,0.005707187,0,0.015,0.009796872098077697,1,0.005,0.001306300482599275,0,0.005
WF-000566,2008-08-30 05:05:00,0,Pass,0.05947177053213945,0,0.07,0.39619444444444435,1,0.385,0.5035134722506525,1,0.485,0.059976276,1,0.015,0.013115491071552658,1,0.005,0.1343921963473766,1,0.005
WF-000833,2008-09-14 02:50:00,0,Pass,0.06457697990199567,0,0.07,0.394,1,0.385,0.49400998686983344,1,0.485,0.009180598,0,0.015,0.0030700416249812936,0,0.005,0.01877132051682946,1,0.005
WF-000834,2008-09-14 02:59:00,0,Pass,0.052510710555758705,0,0.07,0.357388888888889,0,0.385,0.48813364600759224,1,0.485,0.028861696,1,0.015,0.009733095010732485,1,0.005,0.0001431908263202151,0,0.005
WF-000905,2008-09-19 08:08:00,0,Pass,0.1245488055460353,1,0.07,0.424,1,0.385,0.5040877734075464,1,0.485,0.022129802,1,0.015,0.01256693833219508,1,0.005,0.975906804208098,1,0.005
WF-001216,2008-10-01 09:15:00,0,Pass,0.07024018629423766,1,0.07,0.37094444444444447,0,0.385,0.5055992926775573,1,0.485,0.02247878,1,0.015,0.019363299569166513,1,0.005,0.0006164545396684395,0,0.005
WF-001016,2008-09-22 16:25:00,0,Pass,0.03465852956072656,0,0.07,0.3144166666666667,0,0.385,0.44810502972030386,0,0.485,0.01788475,1,0.015,0.003107686975703808,0,0.005,0.03154873526762113,1,0.005
WF-000826,2008-09-13 11:42:00,0,Pass,0.09490626996679882,1,0.07,0.4038333333333334,1,0.385,0.5184098482940527,1,0.485,0.030345067,1,0.015,0.0191926045363132,1,0.005,0.06837682473579919,1,0.005
WF-001261,2008-10-03 00:24:00,0,Pass,0.06918103209095668,0,0.07,0.34108333333333346,0,0.385,0.4801788395525087,0,0.485,0.0068242326,0,0.015,0.030527758941544494,1,0.005,0.0003872478222010933,0,0.005
WF-000179,2008-08-10 00:09:00,0,Pass,0.11635872103654916,1,0.07,0.4206944444444443,1,0.385,0.506866509383409,1,0.485,0.064359695,1,0.015,0.04675515637322033,1,0.005,0.016454705121972304,1,0.005
WF-000212,2008-08-15 23:31:00,0,Pass,0.08892397945921258,1,0.07,0.39775,1,0.385,0.4586817327330192,0,0.485,0.012818662,0,0.015,0.007511108481002755,1,0.005,0.006826754820755763,1,0.005
WF-000540,2008-08-29 15:01:00,0,Pass,0.06969241848940294,0,0.07,0.3577777777777777,0,0.385,0.46002640696379143,0,0.485,0.006703298,0,0.015,0.01490687094602222,1,0.005,4.381500117648357e-15,0,0.005
WF-000484,2008-08-28 16:43:00,0,Pass,0.11578921731323318,1,0.07,0.4590833333333335,1,0.385,0.5153516083260608,1,0.485,0.028450448,1,0.015,0.014791813476147825,1,0.005,0.00525243715186891,1,0.005
WF-000744,2008-09-07 18:02:00,0,Pass,0.08497948966203173,1,0.07,0.292861111111111,0,0.385,0.4528859449959851,0,0.485,0.005323831,0,0.015,0.004176073120446732,0,0.005,0.0011410319239205614,0,0.005
WF-000478,2008-08-28 10:32:00,0,Pass,0.03731220099483573,0,0.07,0.3298888888888888,0,0.385,0.4389153418880195,0,0.485,0.003016901,0,0.015,0.001324712616537358,0,0.005,0.00046590682617514363,0,0.005
WF-000219,2008-08-16 09:44:00,1,Fail,0.12579653311842012,1,0.07,0.5165,1,0.385,0.5673778069590456,1,0.485,0.14014275,1,0.015,0.0389291886290057,1,0.005,0.8044744596432033,1,0.005
WF-000964,2008-09-20 18:03:00,0,Pass,0.049418400025872805,0,0.07,0.3130277777777778,0,0.385,0.4582171723280446,0,0.485,0.0015335483,0,0.015,0.0021956684796128664,0,0.005,2.3638464394582835e-06,0,0.005
WF-000054,2008-07-29 23:19:00,0,Pass,0.07461509219715844,1,0.07,0.3820833333333335,0,0.385,0.5161497305337548,1,0.485,0.048252765,1,0.015,0.006924821988713951,1,0.005,0.013253162243270057,1,0.005
WF-000471,2008-08-28 07:40:00,0,Pass,0.10261191848156039,1,0.07,0.4648888888888888,1,0.385,0.5094788943603008,1,0.485,0.08062415,1,0.015,0.008079396874007003,1,0.005,0.07814900560515202,1,0.005
WF-000842,2008-09-14 20:00:00,0,Pass,0.04916780631173813,0,0.07,0.34366666666666673,0,0.385,0.4822246517131331,0,0.485,0.005376973,0,0.015,0.00212716329848525,0,0.005,0.3297792529254722,1,0.005
WF-000358,2008-08-21 12:52:00,0,Pass,0.0871685372868672,1,0.07,0.47816666666666674,1,0.385,0.5464831142574498,1,0.485,0.03568691,1,0.015,0.009001563696341083,1,0.005,0.9669018049775066,1,0.005
WF-000359,2008-08-21 13:11:00,0,Pass,0.07732484963098918,1,0.07,0.4252777777777778,1,0.385,0.5229034889901275,1,0.485,0.021563048,1,0.015,0.04100998978142691,1,0.005,0.0005936770676091303,0,0.005
WF-000807,2008-09-12 11:57:00,0,Pass,0.05503410281635001,0,0.07,0.3405277777777778,0,0.385,0.45196918288225474,0,0.485,0.004648597,0,0.015,0.003282225307172828,0,0.005,0.1041445510256859,1,0.005
WF-000490,2008-08-28 18:10:00,0,Pass,0.029780824805270136,0,0.07,0.3156111111111111,0,0.385,0.463613115147879,0,0.485,0.005744718,0,0.015,0.001899299967463896,0,0.005,0.003618681535658136,0,0.005
WF-000740,2008-09-07 10:52:00,0,Pass,0.05654634124048261,0,0.07,0.3281388888888889,0,0.385,0.42802898020890445,0,0.485,0.0064501404,0,0.015,0.00208302878652937,0,0.005,3.8636892987284155e-05,0,0.005
WF-000102,2008-08-05 01:12:00,0,Pass,0.05588162516434521,0,0.07,0.41372222222222227,1,0.385,0.4826583778618881,0,0.485,0.007630755,0,0.015,0.005595713052385532,1,0.005,0.002945911220279018,0,0.005
WF-001333,2008-10-05 20:12:00,0,Pass,0.03965514215343514,0,0.07,0.34483333333333344,0,0.385,0.47719913070641357,0,0.485,0.0058688624,0,0.015,0.0023531840944528448,0,0.005,2.0060593600300884e-06,0,0.005
WF-001510,2008-10-14 21:36:00,0,Pass,0.04332034692983514,0,0.07,0.3226666666666667,0,0.385,0.46588913698444756,0,0.485,0.0029671113,0,0.015,0.001389592672349653,0,0.005,0.0036964650544936283,0,0.005
WF-001488,2008-10-13 20:10:00,0,Pass,0.04103560723951044,0,0.07,0.3151666666666667,0,0.385,0.5011682000058484,1,0.485,0.010576585,0,0.015,0.005439551268390435,1,0.005,0.001951352305103635,0,0.005
WF-000426,2008-08-22 23:46:00,0,Pass,0.0625604332092475,0,0.07,0.34016666666666673,0,0.385,0.465302344382334,0,0.485,0.0045327954,0,0.015,0.006873957896084177,1,0.005,0.0036986018951897103,0,0.005
WF-000053,2008-07-29 23:14:00,0,Pass,0.12561649579433568,1,0.07,0.4661388888888889,1,0.385,0.5239880680963607,1,0.485,0.02294168,1,0.015,0.035133464437416856,1,0.005,0.1598021429393518,1,0.005
WF-000268,2008-08-18 15:00:00,0,Pass,0.17774991490526473,1,0.07,0.527277777777778,1,0.385,0.5151298759369805,1,0.485,0.17370966,1,0.015,0.11322317947527552,1,0.005,0.2399399869417243,1,0.005
WF-001204,2008-09-30 19:17:00,0,Pass,0.0809032976007502,1,0.07,0.40447222222222207,1,0.385,0.5102263758064753,1,0.485,0.023644798,1,0.015,0.010267011409231976,1,0.005,1.0,1,0.005
WF-000086,2008-08-04 13:19:00,0,Pass,0.08059954632561031,1,0.07,0.4392777777777779,1,0.385,0.512498628387893,1,0.485,0.037690163,1,0.015,0.020319499498186906,1,0.005,0.13272108435900112,1,0.005
WF-001514,2008-10-15 00:47:00,0,Pass,0.05087270512089034,0,0.07,0.33055555555555566,0,0.385,0.4496863890064187,0,0.485,0.016397333,1,0.015,0.01863690596502558,1,0.005,0.038529212778601926,1,0.005
WF-000173,2008-08-09 20:04:00,0,Pass,0.22881164571252507,1,0.07,0.5718333333333334,1,0.385,0.5702766916543172,1,0.485,0.13884102,1,0.015,0.16904275161186766,1,0.005,9.103007593850163e-07,0,0.005
WF-000875,2008-09-17 21:52:00,0,Pass,0.06970426412866688,0,0.07,0.37522222222222223,0,0.385,0.4612645116737947,0,0.485,0.013180307,0,0.015,0.008492823133998706,1,0.005,6.80241289134667e-05,0,0.005
WF-000043,2008-07-29 04:08:00,0,Pass,0.09084755328661993,1,0.07,0.3940555555555556,1,0.385,0.521045062559356,1,0.485,0.04731048,1,0.015,0.016507719727153723,1,0.005,0.007668704083320145,1,0.005
WF-000984,2008-09-21 10:49:00,0,Pass,0.036931415666040655,0,0.07,0.2673611111111112,0,0.385,0.4546401574664345,0,0.485,0.0032404638,0,0.015,0.0063462121542005945,1,0.005,4.1195245565298626e-05,0,0.005
WF-001247,2008-10-02 15:58:00,0,Pass,0.07689477769845256,1,0.07,0.40913888888888894,1,0.385,0.4887845510992421,1,0.485,0.009978109,0,0.015,0.00827087274202074,1,0.005,0.004110365930844019,0,0.005
WF-000487,2008-08-28 17:27:00,0,Pass,0.08511700841292907,1,0.07,0.3677777777777778,0,0.385,0.4994469643383546,1,0.485,0.019849759,1,0.015,0.007001124082793231,1,0.005,0.36007656792571435,1,0.005
WF-001014,2008-09-22 14:27:00,0,Pass,0.046384054608241486,0,0.07,0.3125000000000001,0,0.385,0.4775063016652255,0,0.485,0.009073236,0,0.015,0.010721841985300936,1,0.005,0.0009363270458981678,0,0.005
WF-000778,2008-09-10 23:30:00,0,Pass,0.06112803873968586,0,0.07,0.31436111111111115,0,0.385,0.46919484640465325,0,0.485,0.009730254,0,0.015,0.004366309850176393,0,0.005,0.4550910138989586,1,0.005
WF-000004,2008-07-19 14:43:00,0,Pass,0.09166705699122811,1,0.07,0.39961111111111114,1,0.385,0.473637848097695,0,0.485,0.01897216,1,0.015,0.021775719126620893,1,0.005,0.9965547576730782,1,0.005
WF-000374,2008-08-21 18:05:00,1,Fail,0.054219574907589475,0,0.07,0.38572222222222213,1,0.385,0.4692850670633929,0,0.485,0.0045149014,0,0.015,0.005563065322930495,1,0.005,0.10239161659907915,1,0.005
WF-001557,2008-10-16 04:54:00,0,Pass,0.05590702245438191,0,0.07,0.3349166666666667,0,0.385,0.4418666610264304,0,0.485,0.0037408578,0,0.015,0.0004169357541297037,0,0.005,0.20807278496032736,1,0.005
WF-000523,2008-08-29 07:24:00,0,Pass,0.10211610830772469,1,0.07,0.41302777777777777,1,0.385,0.5588724206992202,1,0.485,0.045727007,1,0.015,0.018102834724046404,1,0.005,0.06990517355883946,1,0.005
WF-001393,2008-10-07 09:59:00,0,Pass,0.031102782031840904,0,0.07,0.22161111111111118,0,0.385,0.4169214574688507,0,0.485,0.0011138412,0,0.015,0.000497972775928291,0,0.005,0.00026470405736143385,0,0.005
WF-000130,2008-08-06 02:20:00,0,Pass,0.09495060245783538,1,0.07,0.43122222222222223,1,0.385,0.5186712522489225,1,0.485,0.02721788,1,0.015,0.012053845864826355,1,0.005,0.10355931338847811,1,0.005
WF-001328,2008-10-05 16:37:00,1,Fail,0.08694151718681783,1,0.07,0.432,1,0.385,0.5473614968507441,1,0.485,0.08657664,1,0.015,0.07191776486982512,1,0.005,0.8248860546061983,1,0.005
WF-000942,2008-09-20 07:21:00,0,Pass,0.08567921842934509,1,0.07,0.36219444444444443,0,0.385,0.5234547655276038,1,0.485,0.030930957,1,0.015,0.021848322010295518,1,0.005,0.004411586944690829,0,0.005
WF-000527,2008-08-29 08:20:00,0,Pass,0.0770928683181171,1,0.07,0.38266666666666677,0,0.385,0.491143559043692,1,0.485,0.019328028,1,0.015,0.012177140558853406,1,0.005,0.003180642282970624,0,0.005
WF-000348,2008-08-21 04:22:00,0,Pass,0.13497581479353216,1,0.07,0.4950833333333334,1,0.385,0.5280973755766796,1,0.485,0.03313501,1,0.015,0.036054526987169086,1,0.005,1.0264742532028664e-11,0,0.005
WF-001115,2008-09-26 20:23:00,0,Pass,0.061405827155429915,0,0.07,0.3968055555555557,1,0.385,0.5008344074642939,1,0.485,0.02695108,1,0.015,0.010979110859549362,1,0.005,0.00044035626520703264,0,0.005
WF-000587,2008-08-30 15:06:00,0,Pass,0.024094260853879258,0,0.07,0.2614444444444444,0,0.385,0.39722239872199294,0,0.485,0.0011372117,0,0.015,0.0011644051871509545,0,0.005,0.051755965753957335,1,0.005
WF-001507,2008-10-14 20:01:00,0,Pass,0.0541530354660032,0,0.07,0.3244166666666668,0,0.385,0.4848996504848717,0,0.485,0.0055424715,0,0.015,0.0023666914105964333,0,0.005,0.0007651885940440121,0,0.005
WF-001218,2008-10-01 14:22:00,0,Pass,0.19700029434624675,1,0.07,0.48566666666666664,1,0.385,0.5513980911859913,1,0.485,0.18927003,1,0.015,0.1322673486439142,1,0.005,0.7598964844243786,1,0.005
WF-000181,2008-08-10 06:00:00,1,Fail,0.15216319756398392,1,0.07,0.5401388888888888,1,0.385,0.5931330494490552,1,0.485,0.5313711,1,0.015,0.3404357771996629,1,0.005,0.9610617542238217,1,0.005
WF-000781,2008-09-11 05:20:00,0,Pass,0.05036995955921725,0,0.07,0.3468888888888889,0,0.385,0.4496670366374963,0,0.485,0.0032465314,0,0.015,0.0029914742824091673,0,0.005,0.006957996807750604,1,0.005
WF-000665,2008-09-02 06:32:00,0,Pass,0.06748157625251763,0,0.07,0.3143333333333334,0,0.385,0.4548206141186061,0,0.485,0.0010274568,0,0.015,0.00017866618097379767,0,0.005,0.0004198231074716593,0,0.005
WF-000676,2008-09-02 10:33:00,0,Pass,0.03273328133302236,0,0.07,0.285,0,0.385,0.44524414358357933,0,0.485,0.0036800194,0,0.015,0.0024073344615364927,0,0.005,0.01298994559400097,1,0.005
WF-001320,2008-10-05 11:30:00,0,Pass,0.08865406775263886,1,0.07,0.3774166666666667,0,0.385,0.5232134082668334,1,0.485,0.037922755,1,0.015,0.01857840124201213,1,0.005,3.55697416663195e-08,0,0.005
WF-001287,2008-10-04 01:49:00,0,Pass,0.06266506256195671,0,0.07,0.35030555555555554,0,0.385,0.49148433932851754,1,0.485,0.01128443,0,0.015,0.0018548859425346345,0,0.005,7.063592279508849e-05,0,0.005
WF-000209,2008-08-15 19:19:00,0,Pass,0.11318926544955192,1,0.07,0.5059444444444443,1,0.385,0.5509003165915622,1,0.485,0.038689703,1,0.015,0.014186355544196677,1,0.005,0.3079660567296252,1,0.005
WF-000928,2008-09-19 21:13:00,0,Pass,0.027837452030922673,0,0.07,0.21449999999999997,0,0.385,0.382438659029854,0,0.485,0.0003215527,0,0.015,0.0002630250715917536,0,0.005,6.6911499354666116e-06,0,0.005
WF-000017,2008-07-22 02:59:00,0,Pass,0.0623622098179444,0,0.07,0.36202777777777795,0,0.385,0.4566185817961338,0,0.485,0.0020415063,0,0.015,0.001304046459763795,0,0.005,1.2240325254747904e-05,0,0.005
WF-000126,2008-08-05 23:02:00,0,Pass,0.143878478256254,1,0.07,0.5460833333333334,1,0.385,0.5669432065634163,1,0.485,0.17727493,1,0.015,0.1365660265304382,1,0.005,0.9704478174372567,1,0.005
WF-000015,2008-07-21 11:53:00,1,Fail,0.1457237477692447,1,0.07,0.5026944444444443,1,0.385,0.552732608500854,1,0.485,0.1226712,1,0.015,0.07308488813029917,1,0.005,2.6781256340589376e-08,0,0.005
WF-001267,2008-10-03 05:01:00,0,Pass,0.06069862918067106,0,0.07,0.33766666666666667,0,0.385,0.4679718129242104,0,0.485,0.0092745265,0,0.015,0.0013113369025579639,0,0.005,2.4539210167155323e-05,0,0.005
WF-000110,2008-08-05 04:35:00,0,Pass,0.09917724756021785,1,0.07,0.4453333333333333,1,0.385,0.48877336219688206,1,0.485,0.023046082,1,0.015,0.006657446449268059,1,0.005,5.373517334934806e-11,0,0.005
WF-001377,2008-10-06 20:02:00,0,Pass,0.05628738146918797,0,0.07,0.35030555555555565,0,0.385,0.46961854305561135,0,0.485,0.0062669856,0,0.015,0.005688562698477181,1,0.005,1.0994852066547652e-05,0,0.005
WF-000640,2008-09-01 23:24:00,0,Pass,0.08258465465345577,1,0.07,0.3425833333333334,0,0.385,0.5035441551591663,1,0.485,0.014542986,0,0.015,0.005571771613823521,1,0.005,0.13047115338640264,1,0.005
WF-001199,2008-09-30 15:26:00,0,Pass,0.045497194018916255,0,0.07,0.2985,0,0.385,0.49316545149422264,1,0.485,0.0045889122,0,0.015,0.006713436632793783,1,0.005,0.0019345156567734537,0,0.005
WF-000340,2008-08-20 21:41:00,0,Pass,0.03579085407800898,0,0.07,0.2934999999999999,0,0.385,0.4372606778982181,0,0.485,0.0014055583,0,0.015,0.0009602089160673954,0,0.005,0.003710293717219969,0,0.005
WF-000073,2008-08-03 13:09:00,0,Pass,0.10848517209236724,1,0.07,0.4880277777777778,1,0.385,0.5206718896026644,1,0.485,0.0049221767,0,0.015,0.008023708743549704,1,0.005,0.00018560163940203333,0,0.005
WF-001044,2008-09-23 20:59:00,0,Pass,0.046096543646195046,0,0.07,0.3393055555555555,0,0.385,0.46148384012519383,0,0.485,0.0030757308,0,0.015,0.0011937154122421468,0,0.005,0.0026356468190389167,0,0.005
WF-000978,2008-09-21 07:55:00,0,Pass,0.06214662050437672,0,0.07,0.30011111111111116,0,0.385,0.4809576973947488,0,0.485,0.007020938,0,0.015,0.00811509130490507,1,0.005,0.3041278347731067,1,0.005
WF-000290,2008-08-19 05:53:00,0,Pass,0.10801164375584416,1,0.07,0.456111111111111,1,0.385,0.45894733246402897,0,0.485,0.038519196,1,0.015,0.015833947119921706,1,0.005,0.027226044929953744,1,0.005
WF-000127,2008-08-05 23:06:00,0,Pass,0.10668519126443501,1,0.07,0.45466666666666666,1,0.385,0.5121833304195923,1,0.485,0.05998455,1,0.015,0.028930784910032148,1,0.005,0.6086189170673085,1,0.005
WF-000632,2008-09-01 10:57:00,0,Pass,0.045411277989657946,0,0.07,0.29388888888888887,0,0.385,0.46084849095906655,0,0.485,0.006859203,0,0.015,0.0025139814008302975,0,0.005,1.2148357148750112e-05,0,0.005
WF-000339,2008-08-20 21:33:00,0,Pass,0.061363259097056956,0,0.07,0.3248888888888889,0,0.385,0.44394303389499773,0,0.485,0.0053032204,0,0.015,0.003895283598692344,0,0.005,0.06855413013319893,1,0.005
WF-000319,2008-08-20 01:33:00,0,Pass,0.09202025537055378,1,0.07,0.37927777777777777,0,0.385,0.5005826883310899,1,0.485,0.0072885705,0,0.015,0.009243190731095644,1,0.005,7.880634989864984e-08,0,0.005
WF-001081,2008-09-25 13:42:00,0,Pass,0.07054311440368907,1,0.07,0.36258333333333326,0,0.385,0.5211579239092415,1,0.485,0.034792762,1,0.015,0.029920094105010505,1,0.005,0.5214142898627416,1,0.005
WF-001279,2008-10-03 20:35:00,0,Pass,0.08538362015734029,1,0.07,0.3965000000000001,1,0.385,0.48786570130546314,1,0.485,0.016886612,1,0.015,0.026470371379155675,1,0.005,0.15343500129299378,1,0.005
WF-000651,2008-09-02 01:36:00,0,Pass,0.09197366428697082,1,0.07,0.39338888888888895,1,0.385,0.4976534664099388,1,0.485,0.03614143,1,0.015,0.004776299035160545,0,0.005,0.007722932614937566,1,0.005
WF-000396,2008-08-22 01:54:00,0,Pass,0.06182715553953211,0,0.07,0.36300000000000004,0,0.385,0.49417844292516133,1,0.485,0.019960767,1,0.015,0.015621264470716344,1,0.005,7.4394887683522145e-06,0,0.005
WF-000072,2008-08-02 03:39:00,0,Pass,0.07834815976538279,1,0.07,0.4095277777777778,1,0.385,0.5350641975622971,1,0.485,0.021855421,1,0.015,0.03489747339452567,1,0.005,0.5658253626278654,1,0.005
WF-000170,2008-08-09 11:42:00,1,Fail,0.23430457986288838,1,0.07,0.5856111111111111,1,0.385,0.6111959816061845,1,0.485,0.49824712,1,0.015,0.3980082736619828,1,0.005,0.9537626334394185,1,0.005
WF-000230,2008-08-17 04:19:00,0,Pass,0.19857381501932667,1,0.07,0.5612777777777778,1,0.385,0.547212168955397,1,0.485,0.054927066,1,0.015,0.14271022258861574,1,0.005,0.7601515439967104,1,0.005
WF-000417,2008-08-22 12:13:00,0,Pass,0.08563784927284336,1,0.07,0.37713888888888886,0,0.385,0.4473643354957062,0,0.485,0.0030749575,0,0.015,0.001809632013024379,0,0.005,0.02143387543452899,1,0.005
WF-000466,2008-08-28 04:54:00,0,Pass,0.07543657667592264,1,0.07,0.37302777777777757,0,0.385,0.4698282924365299,0,0.485,0.0076862695,0,0.015,0.0017830387443973476,0,0.005,0.6565506087857478,1,0.005
WF-000415,2008-08-22 10:47:00,0,Pass,0.10267806631499404,1,0.07,0.3735833333333334,0,0.385,0.4810305073101441,0,0.485,0.018188603,1,0.015,0.009540068326810387,1,0.005,0.00118369092353554,0,0.005
WF-001508,2008-10-14 20:30:00,0,Pass,0.06468076205166141,0,0.07,0.3727499999999999,0,0.385,0.4890404385376336,1,0.485,0.009898339,0,0.015,0.006981384538992823,1,0.005,0.03819278253324523,1,0.005
WF-000062,2008-07-31 17:07:00,0,Pass,0.11961417127473292,1,0.07,0.5080833333333333,1,0.385,0.5146886681815525,1,0.485,0.0761492,1,0.015,0.19209814646007634,1,0.005,0.0034857278435431963,0,0.005
WF-000286,2008-08-19 05:11:00,0,Pass,0.10119071697782639,1,0.07,0.39647222222222195,1,0.385,0.49021235294111315,1,0.485,0.009853075,0,0.015,0.008777486533068675,1,0.005,2.3776395556231976e-05,0,0.005
WF-000305,2008-08-19 11:28:00,0,Pass,0.14757401124204614,1,0.07,0.5182777777777776,1,0.385,0.5135304185382538,1,0.485,0.09598651,1,0.015,0.05297774608577214,1,0.005,0.04234335220543748,1,0.005
WF-000738,2008-09-07 00:12:00,0,Pass,0.06823511013507459,0,0.07,0.3868333333333333,1,0.385,0.5159242563531186,1,0.485,0.027579904,1,0.015,0.036494410151195686,1,0.005,0.013727388242479143,1,0.005
WF-000206,2008-08-15 10:14:00,0,Pass,0.08553390146029467,1,0.07,0.4131111111111111,1,0.385,0.5202502885316287,1,0.485,0.055774905,1,0.015,0.038265573171667754,1,0.005,0.42894650576318705,1,0.005
WF-001518,2008-10-15 02:40:00,0,Pass,0.0461759271556846,0,0.07,0.3165277777777778,0,0.385,0.48091311404302645,0,0.485,0.009105989,0,0.015,0.004758285553795369,0,0.005,0.00025753769441426785,0,0.005
WF-001148,2008-09-28 07:38:00,0,Pass,0.11207640103654458,1,0.07,0.45124999999999993,1,0.385,0.5018335603990292,1,0.485,0.021039493,1,0.015,0.007068927648481555,1,0.005,0.28276555206511345,1,0.005
WF-000805,2008-09-12 07:29:00,0,Pass,0.041478311340638896,0,0.07,0.30005555555555546,0,0.385,0.4216232938182783,0,0.485,0.0018861666,0,0.015,0.001337025824251103,0,0.005,0.0018462547778792346,0,0.005
WF-000813,2008-09-12 18:52:00,0,Pass,0.04757731885016404,0,0.07,0.310861111111111,0,0.385,0.4598625292417375,0,0.485,0.0025190352,0,0.015,0.0009294189626859934,0,0.005,0.002460352000009689,0,0.005
WF-001423,2008-10-08 13:35:00,0,Pass,0.021056149774450816,0,0.07,0.2676111111111111,0,0.385,0.4280086900470709,0,0.485,0.002664238,0,0.015,0.002910250929131427,0,0.005,0.007928697909680751,1,0.005
WF-000395,2008-08-22 01:27:00,0,Pass,0.06887726650413639,0,0.07,0.3705555555555554,0,0.385,0.4553197334023301,0,0.485,0.0042126947,0,0.015,0.0013820929629325771,0,0.005,3.834143174937201e-05,0,0.005
WF-000897,2008-09-19 02:44:00,0,Pass,0.06543548556432714,0,0.07,0.3618055555555554,0,0.385,0.45817392826080294,0,0.485,0.006242738,0,0.015,0.0014454127183870843,0,0.005,6.153265855692119e-05,0,0.005
WF-000776,2008-09-10 20:53:00,0,Pass,0.08464296754257111,1,0.07,0.3800555555555556,0,0.385,0.526798309207759,1,0.485,0.027880799,1,0.015,0.005343359095497701,1,0.005,0.9771096749666943,1,0.005
WF-001189,2008-09-30 01:36:00,0,Pass,0.07989752617518421,1,0.07,0.4012222222222222,1,0.385,0.4720154110227113,0,0.485,0.0057931673,0,0.015,0.003765536987971982,0,0.005,9.95445382557773e-07,0,0.005
WF-000499,2008-08-28 22:57:00,0,Pass,0.08462267187708182,1,0.07,0.39369444444444435,1,0.385,0.5035168669007688,1,0.485,0.016112396,1,0.015,0.008269643215939853,1,0.005,0.022297970324411182,1,0.005
WF-000300,2008-08-19 09:05:00,0,Pass,0.08363446437104015,1,0.07,0.3899444444444444,1,0.385,0.5091815968402963,1,0.485,0.016742725,1,0.015,0.0018957007061544539,0,0.005,6.150917298233628e-05,0,0.005
WF-000380,2008-08-21 20:19:00,0,Pass,0.11265489163979453,1,0.07,0.5020277777777777,1,0.385,0.5824912727169651,1,0.485,0.21439382,1,0.015,0.10033934646455107,1,0.005,0.8869274792773686,1,0.005
WF-000277,2008-08-18 19:24:00,0,Pass,0.10500114399830479,1,0.07,0.40213888888888877,1,0.385,0.4918598499052388,1,0.485,0.0288268,1,0.015,0.006089682137825072,1,0.005,0.0005525956924508158,0,0.005
WF-000758,2008-09-08 06:37:00,0,Pass,0.07129737287674848,1,0.07,0.3648055555555555,0,0.385,0.47285089295528737,0,0.485,0.04226796,1,0.015,0.05883400196441932,1,0.005,0.0004243751450270979,0,0.005
WF-000906,2008-09-19 08:52:00,0,Pass,0.06890898557561463,0,0.07,0.3284166666666666,0,0.385,0.4936079099533416,1,0.485,0.034168135,1,0.015,0.005291176591301735,1,0.005,0.000447983260062576,0,0.005
WF-000320,2008-08-20 01:42:00,0,Pass,0.07037583698803826,1,0.07,0.3663611111111112,0,0.385,0.4616598315280148,0,0.485,0.004794341,0,0.015,0.00284021546415619,0,0.005,0.00018413435556273,0,0.005
WF-000403,2008-08-22 04:57:00,0,Pass,0.13832114334541254,1,0.07,0.4276666666666667,1,0.385,0.5282814332292887,1,0.485,0.07620445,1,0.015,0.06736873491976378,1,0.005,0.2448128549879358,1,0.005
WF-001403,2008-10-07 14:35:00,0,Pass,0.04344871624129216,0,0.07,0.36991666666666667,0,0.385,0.4905568487904442,1,0.485,0.012714943,0,0.015,0.004823876989345473,0,0.005,0.05052000491893401,1,0.005
WF-000963,2008-09-20 17:29:00,0,Pass,0.04415551748219208,0,0.07,0.2821666666666667,0,0.385,0.44741826313025523,0,0.485,0.0018368968,0,0.015,0.002660972917587214,0,0.005,0.0004974333680151958,0,0.005
WF-001408,2008-10-07 19:24:00,0,Pass,0.049507373019279044,0,0.07,0.33866666666666667,0,0.385,0.4531253514285455,0,0.485,0.0037213461,0,0.015,0.00694965642107096,1,0.005,0.005765387552758149,1,0.005
WF-001103,2008-09-26 13:45:00,0,Pass,0.05081673823344667,0,0.07,0.3510000000000001,0,0.385,0.47393403969298387,0,0.485,0.009237472,0,0.015,0.007227927591233696,1,0.005,6.4239117511798585e-06,0,0.005
WF-000350,2008-08-21 05:06:00,0,Pass,0.13163254574159258,1,0.07,0.438222222222222,1,0.385,0.5010017633097432,1,0.485,0.06294954,1,0.015,0.027081161113645513,1,0.005,0.011504620837326287,1,0.005
WF-000341,2008-08-20 21:58:00,0,Pass,0.0852110702683804,1,0.07,0.36527777777777787,0,0.385,0.4638222933815781,0,0.485,0.0048077353,0,0.015,0.0033594894368301756,0,0.005,3.7434599404312035e-06,0,0.005
WF-000203,2008-08-15 04:14:00,0,Pass,0.1452734540454594,1,0.07,0.5546111111111109,1,0.385,0.5777134895006466,1,0.485,0.14102146,1,0.015,0.15830382427019307,1,0.005,0.7566871510471654,1,0.005
WF-000794,2008-09-11 16:28:00,0,Pass,0.055476013715436444,0,0.07,0.37022222222222223,0,0.385,0.5158567188888686,1,0.485,0.01623785,1,0.015,0.007668515323189459,1,0.005,0.09783400997960297,1,0.005
WF-000030,2008-07-27 16:49:00,0,Pass,0.1510599339076875,1,0.07,0.48094444444444434,1,0.385,0.5419219272651595,1,0.485,0.046676047,1,0.015,0.022044499811488476,1,0.005,0.006344991609676019,1,0.005
WF-000317,2008-08-19 20:53:00,0,Pass,0.08734661603895666,1,0.07,0.4699444444444445,1,0.385,0.5222879838159578,1,0.485,0.043212976,1,0.015,0.016291526988456054,1,0.005,0.0003012567843362406,0,0.005
WF-000064,2008-08-01 02:02:00,0,Pass,0.09599963980961093,1,0.07,0.43866666666666665,1,0.385,0.5229250093345458,1,0.485,0.007176372,0,0.015,0.004004046613680778,0,0.005,0.001029546370585074,0,0.005
WF-000575,2008-08-30 09:13:00,0,Pass,0.07926076335048131,1,0.07,0.3860555555555555,1,0.385,0.49216264637161417,1,0.485,0.018796582,1,0.015,0.009765668068647126,1,0.005,0.016639605279535015,1,0.005
WF-001092,2008-09-25 23:04:00,0,Pass,0.057986901878873516,0,0.07,0.3763611111111111,0,0.385,0.47433357031108186,0,0.485,0.015946403,1,0.015,0.012143956807581246,1,0.005,0.012277429087115986,1,0.005
WF-000264,2008-08-18 13:07:00,0,Pass,0.0726760094847441,1,0.07,0.3623611111111111,0,0.385,0.45187033161243023,0,0.485,0.0081845615,0,0.015,0.004407771039557916,0,0.005,0.00026020068707460477,0,0.005
WF-000214,2008-08-16 05:47:00,0,Pass,0.13786178248732392,1,0.07,0.5581666666666666,1,0.385,0.5501797479595254,1,0.485,0.08598099,1,0.015,0.12234505701877145,1,0.005,0.31186748269704295,1,0.005
WF-000966,2008-09-20 18:56:00,0,Pass,0.037205662062997,0,0.07,0.27805555555555556,0,0.385,0.4040293714149901,0,0.485,0.0017636797,0,0.015,0.0004978603265375737,0,0.005,0.0027554662301264433,0,0.005
WF-000607,2008-08-31 10:59:00,0,Pass,0.04395744929145312,0,0.07,0.3252777777777777,0,0.385,0.42159765434849683,0,0.485,0.0022242472,0,0.015,0.0016866366055402566,0,0.005,0.011424551751360036,1,0.005
WF-000190,2008-08-10 22:26:00,1,Fail,0.10977524464100746,1,0.07,0.47316666666666674,1,0.385,0.5109510199158397,1,0.485,0.059969462,1,0.015,0.028783869978042973,1,0.005,0.019771141950909562,1,0.005
WF-000279,2008-08-18 23:00:00,0,Pass,0.14253863318956492,1,0.07,0.4388055555555555,1,0.385,0.5174490985032034,1,0.485,0.0843757,1,0.015,0.048870717041905605,1,0.005,0.11874724016002018,1,0.005
WF-000613,2008-08-31 21:04:00,0,Pass,0.06680028583152714,0,0.07,0.29472222222222216,0,0.385,0.4224124073519572,0,0.485,0.0018975756,0,0.015,0.0008915212927179896,0,0.005,0.0002996062049127168,0,0.005
WF-000382,2008-08-21 20:37:00,0,Pass,0.07593221653473585,1,0.07,0.3883333333333333,1,0.385,0.42161875449839964,0,0.485,0.007708019,0,0.015,0.008432713294977568,1,0.005,0.01567112479086984,1,0.005
WF-001009,2008-09-22 11:50:00,0,Pass,0.05176387005767012,0,0.07,0.32763888888888887,0,0.385,0.42153605796624805,0,0.485,0.0015986817,0,0.015,0.0012238428905461016,0,0.005,0.08938986130291608,1,0.005
WF-000792,2008-09-11 15:05:00,0,Pass,0.07297473929647756,1,0.07,0.3737222222222222,0,0.385,0.49527386227935455,1,0.485,0.007837043,0,0.015,0.005052721682462147,1,0.005,0.0477682336902832,1,0.005
WF-001020,2008-09-22 22:17:00,0,Pass,0.02629905116697711,0,0.07,0.3012777777777778,0,0.385,0.48875725308507423,1,0.485,0.008951921,0,0.015,0.003452532376678346,0,0.005,0.005163376621379916,1,0.005
WF-000509,2008-08-29 04:55:00,1,Fail,0.0645778203729501,0,0.07,0.36847222222222215,0,0.385,0.4726861124157602,0,0.485,0.009816452,0,0.015,0.004714758710233009,0,0.005,0.04663197204306482,1,0.005
WF-000464,2008-08-28 04:10:00,0,Pass,0.08790099257568074,1,0.07,0.33680555555555536,0,0.385,0.4812170365426588,0,0.485,0.044844504,1,0.015,0.0041016916454550915,0,0.005,0.0075629495356166095,1,0.005
WF-000853,2008-09-15 19:54:00,0,Pass,0.06526138668704476,0,0.07,0.34441666666666665,0,0.385,0.4933578653956284,1,0.485,0.008746285,0,0.015,0.005943622117452313,1,0.005,0.8903732847721484,1,0.005
WF-001302,2008-10-04 22:06:00,0,Pass,0.052724521642127015,0,0.07,0.3189444444444444,0,0.385,0.47839997713276894,0,0.485,0.0055544297,0,0.015,0.00244242821877085,0,0.005,0.006807217208721984,1,0.005
WF-000483,2008-08-28 16:01:00,0,Pass,0.0856912300551442,1,0.07,0.3768611111111111,0,0.385,0.4705033844920846,0,0.485,0.008030316,0,0.015,0.007508142728963946,1,0.005,5.820281883251147e-06,0,0.005
WF-001200,2008-09-30 16:13:00,0,Pass,0.053945279593123834,0,0.07,0.32647222222222216,0,0.385,0.4782298717295719,0,0.485,0.0061682495,0,0.015,0.0039047975310074596,0,0.005,1.7449992361819279e-06,0,0.005
WF-001562,2008-10-16 15:02:00,0,Pass,0.059353756162795104,0,0.07,0.3027222222222222,0,0.385,0.4566165740239687,0,0.485,0.0065767053,0,0.015,0.0015946915379244633,0,0.005,3.556835475042692e-06,0,0.005
WF-001004,2008-09-22 01:43:00,0,Pass,0.04163509484054154,0,0.07,0.27144444444444443,0,0.385,0.46182627455441416,0,0.485,0.0029692012,0,0.015,0.002218911237712469,0,0.005,2.3771680385034046e-05,0,0.005
WF-001142,2008-09-28 00:51:00,0,Pass,0.11950091995859227,1,0.07,0.4084444444444444,1,0.385,0.5296986136392633,1,0.485,0.11081896,1,0.015,0.03603677052337194,1,0.005,0.0002778653880029919,0,0.005
WF-001525,2008-10-15 06:49:00,0,Pass,0.03579563352511635,0,0.07,0.24311111111111117,0,0.385,0.3860749105256222,0,0.485,0.0006815844,0,0.015,0.0009099193857495689,0,0.005,3.4858679645948236e-06,0,0.005
WF-001451,2008-10-10 15:50:00,0,Pass,0.041218380630645764,0,0.07,0.317611111111111,0,0.385,0.5009064954105715,1,0.485,0.008564398,0,0.015,0.002439154220771295,0,0.005,0.0012369353384889773,0,0.005
WF-000324,2008-08-20 03:12:00,1,Fail,0.06833664309685368,0,0.07,0.3976944444444446,1,0.385,0.4891634417137194,1,0.485,0.012939375,0,0.015,0.006374908358540105,1,0.005,0.14626362352008504,1,0.005
WF-001319,2008-10-05 11:05:00,0,Pass,0.050022462917113854,0,0.07,0.3054166666666666,0,0.385,0.48224925916689126,0,0.485,0.018173669,1,0.015,0.007323863876083665,1,0.005,0.005154055436006541,1,0.005
WF-000409,2008-08-22 07:17:00,0,Pass,0.07138263295321329,1,0.07,0.4369999999999999,1,0.385,0.48036625188535353,0,0.485,0.016778456,1,0.015,0.012588506812955357,1,0.005,0.9999493282359473,1,0.005
WF-000267,2008-08-18 14:45:00,0,Pass,0.12218123444058458,1,0.07,0.4385833333333334,1,0.385,0.48898571481694403,1,0.485,0.008796757,0,0.015,0.0077432336220582924,1,0.005,0.0002846140030751967,0,0.005
WF-000275,2008-08-18 17:16:00,0,Pass,0.15047529072108035,1,0.07,0.5282777777777777,1,0.385,0.5314884059149039,1,0.485,0.13569942,1,0.015,0.03345836001241402,1,0.005,0.37715881685971725,1,0.005
WF-000681,2008-09-02 12:01:00,0,Pass,0.11985194381543436,1,0.07,0.4205277777777776,1,0.385,0.4976793074018883,1,0.485,0.027759146,1,0.015,0.017936094955527594,1,0.005,0.0006781756108601934,0,0.005
WF-001156,2008-09-28 17:55:00,0,Pass,0.07264092163301497,1,0.07,0.34655555555555556,0,0.385,0.5305613331017741,1,0.485,0.060619786,1,0.015,0.12615399696543195,1,0.005,0.0006521032393910396,0,0.005
WF-001485,2008-10-13 19:17:00,0,Pass,0.012679978397588564,0,0.07,0.20919444444444443,0,0.385,0.3861088110651227,0,0.485,0.0009540179,0,0.015,0.0004433739214104803,0,0.005,7.047556794498707e-06,0,0.005
WF-000780,2008-09-11 00:17:00,0,Pass,0.018904460153289313,0,0.07,0.2776388888888889,0,0.385,0.41560391112244865,0,0.485,0.0066794455,0,0.015,0.002430069080337041,0,0.005,0.0007066616947784415,0,0.005
WF-000153,2008-08-07 10:12:00,0,Pass,0.07879115748503335,1,0.07,0.40930555555555553,1,0.385,0.5049754743518491,1,0.485,0.01577369,1,0.015,0.0049730627161169915,0,0.005,0.541376815044771,1,0.005
WF-000517,2008-08-29 06:37:00,0,Pass,0.08129903134792646,1,0.07,0.37527777777777777,0,0.385,0.5345200887163479,1,0.485,0.012086292,0,0.015,0.0021165902824629075,0,0.005,0.0007293199607512737,0,0.005
WF-000048,2008-07-29 15:41:00,0,Pass,0.1794827851986905,1,0.07,0.5332500000000001,1,0.385,0.5657772753417227,1,0.485,0.38940248,1,0.015,0.3061174925973976,1,0.005,0.0013132760221463275,0,0.005
WF-000896,2008-09-19 01:57:00,0,Pass,0.047480665585112415,0,0.07,0.31677777777777777,0,0.385,0.43110780232264145,0,0.485,0.004696622,0,0.015,0.002121058448210421,0,0.005,0.0005141760631382406,0,0.005
WF-000774,2008-09-10 09:21:00,0,Pass,0.022106208485472432,0,0.07,0.3019166666666667,0,0.385,0.4142553407892824,0,0.485,0.0029969637,0,0.015,0.0033954527153652733,0,0.005,0.9045832863854358,1,0.005
WF-001474,2008-10-13 03:34:00,0,Pass,0.031954960375958415,0,0.07,0.28341666666666665,0,0.385,0.3803818916141172,0,0.485,0.0021441162,0,0.015,0.002359537268856251,0,0.005,1.646567100633293e-05,0,0.005
WF-000372,2008-08-21 17:44:00,0,Pass,0.09495905459985013,1,0.07,0.47763888888888884,1,0.385,0.5291929670275316,1,0.485,0.036927138,1,0.015,0.018257862652670136,1,0.005,0.005220193724114129,1,0.005
WF-001350,2008-10-06 06:49:00,0,Pass,0.05462696177605579,0,0.07,0.30274999999999996,0,0.385,0.40475654686988066,0,0.485,0.0014929866,0,0.015,0.002281971694976503,0,0.005,3.0571540183562915e-05,0,0.005
WF-001436,2008-10-08 23:13:00,0,Pass,0.12779326169729402,1,0.07,0.4272222222222223,1,0.385,0.5452218997063467,1,0.485,0.36046684,1,0.015,0.1614766445194206,1,0.005,0.2803982790996407,1,0.005
WF-000411,2008-08-22 09:29:00,0,Pass,0.09674218463842237,1,0.07,0.4221666666666667,1,0.385,0.5260473414598923,1,0.485,0.05173354,1,0.015,0.04116524761466142,1,0.005,0.9967708819150657,1,0.005
WF-001365,2008-10-06 13:55:00,1,Fail,0.1335708125325425,1,0.07,0.48633333333333345,1,0.385,0.6077961601362387,1,0.485,0.47662842,1,0.015,0.08379817308938309,1,0.005,0.8212047187961096,1,0.005
WF-000668,2008-09-02 07:32:00,0,Pass,0.05924863525533463,0,0.07,0.31080555555555556,0,0.385,0.47667744813686863,0,0.485,0.003580238,0,0.015,0.003978537493089446,0,0.005,0.989887402535751,1,0.005
WF-000291,2008-08-19 05:54:00,0,Pass,0.10850355659555543,1,0.07,0.43386111111111103,1,0.385,0.5323109491268039,1,0.485,0.027052587,1,0.015,0.027500735425410552,1,0.005,0.08241128032188239,1,0.005
WF-000648,2008-09-02 01:09:00,0,Pass,0.06677984996212805,0,0.07,0.3831388888888888,0,0.385,0.5025099034115381,1,0.485,0.012671492,0,0.015,0.010444191507244549,1,0.005,0.002236435682006167,0,0.005
WF-001249,2008-10-02 16:58:00,0,Pass,0.10789384273497357,1,0.07,0.4638611111111112,1,0.385,0.5472434529381142,1,0.485,0.13554725,1,0.015,0.05106835856747333,1,0.005,0.11994413928982905,1,0.005
WF-000325,2008-08-20 06:36:00,0,Pass,0.10084889426295272,1,0.07,0.46741666666666676,1,0.385,0.5088143076174154,1,0.485,0.030649463,1,0.015,0.017763395546953664,1,0.005,0.16322948855448516,1,0.005
WF-001374,2008-10-06 18:54:00,0,Pass,0.045093700979085785,0,0.07,0.29005555555555557,0,0.385,0.4581438087366207,0,0.485,0.008133967,0,0.015,0.0028937849049306,0,0.005,6.319226325826114e-05,0,0.005
WF-000184,2008-08-10 11:16:00,0,Pass,0.17256146949013318,1,0.07,0.5148333333333333,1,0.385,0.5765226844185223,1,0.485,0.29857048,1,0.015,0.08911254388410492,1,0.005,2.521758843671111e-06,0,0.005
WF-001338,2008-10-06 01:27:00,0,Pass,0.047794099540498604,0,0.07,0.32252777777777775,0,0.385,0.5088646223491492,1,0.485,0.012557124,0,0.015,0.007804062846965965,1,0.005,4.31605990432876e-05,0,0.005
WF-001411,2008-10-07 20:48:00,0,Pass,0.10230542289402048,1,0.07,0.4083611111111111,1,0.385,0.5223177848990741,1,0.485,0.027980722,1,0.015,0.008687119896114493,1,0.005,0.0299309748367621,1,0.005
WF-000014,2008-07-21 08:21:00,0,Pass,0.05294103542002928,0,0.07,0.3202222222222222,0,0.385,0.44757922630362196,0,0.485,0.0059778816,0,0.015,0.0052078916330082475,1,0.005,2.0893242775761325e-27,0,0.005
WF-001464,2008-10-11 16:25:00,0,Pass,0.032912918161264355,0,0.07,0.24036111111111116,0,0.385,0.4136804388423846,0,0.485,0.0015349063,0,0.015,0.002003981659963947,0,0.005,1.4246999837623599e-05,0,0.005
WF-000981,2008-09-21 09:16:00,0,Pass,0.056216319845706124,0,0.07,0.3356388888888888,0,0.385,0.45544021859950207,0,0.485,0.0046897796,0,0.015,0.00876104921841941,1,0.005,0.24487574814670035,1,0.005
WF-000100,2008-08-04 23:33:00,0,Pass,0.15673004769626114,1,0.07,0.4935277777777778,1,0.385,0.5090895051383243,1,0.485,0.07814152,1,0.015,0.11045492345026856,1,0.005,0.5874623828740037,1,0.005
WF-000938,2008-09-20 05:22:00,0,Pass,0.0507409518746329,0,0.07,0.34461111111111115,0,0.385,0.4511630882429653,0,0.485,0.0077540143,0,0.015,0.003006600867062797,0,0.005,0.025309010059808224,1,0.005
WF-000783,2008-09-11 07:43:00,0,Pass,0.06026294584963156,0,0.07,0.3643611111111112,0,0.385,0.4714693297174943,0,0.485,0.006114775,0,0.015,0.008733477175491215,1,0.005,0.573234314782075,1,0.005
WF-000870,2008-09-16 22:45:00,0,Pass,0.07754206770465868,1,0.07,0.35,0,0.385,0.46939720378138255,0,0.485,0.0047468375,0,0.015,0.003867257025310897,0,0.005,0.00016389161879275287,0,0.005
WF-001112,2008-09-26 19:38:00,0,Pass,0.04914875727828536,0,0.07,0.34108333333333335,0,0.385,0.4553036715180072,0,0.485,0.0040355525,0,0.015,0.007274563388676756,1,0.005,0.006319815569182446,1,0.005
WF-000855,2008-09-15 22:13:00,0,Pass,0.06311812798463746,0,0.07,0.32836111111111116,0,0.385,0.4896642993135193,1,0.485,0.015996773,1,0.015,0.014930739881172325,1,0.005,0.0014996568964678381,0,0.005
WF-000941,2008-09-20 06:08:00,0,Pass,0.03291778672321675,0,0.07,0.35344444444444445,0,0.385,0.4877495761141991,1,0.485,0.007336535,0,0.015,0.0034356239380580627,0,0.005,0.9711720687223724,1,0.005
WF-000669,2008-09-02 08:15:00,0,Pass,0.07197939126704743,1,0.07,0.37022222222222223,0,0.385,0.4726363026711324,0,0.485,0.01026183,0,0.015,0.008732459638274912,1,0.005,0.8176337145315375,1,0.005
WF-001226,2008-10-02 00:21:00,0,Pass,0.14350332083730277,1,0.07,0.47561111111111115,1,0.385,0.5494851935840058,1,0.485,0.17600663,1,0.015,0.032111074339665126,1,0.005,0.993804888718876,1,0.005
WF-000056,2008-07-30 07:08:00,0,Pass,0.20730683235254865,1,0.07,0.5890833333333336,1,0.385,0.6112853835149752,1,0.485,0.42383215,1,0.015,0.47706525914190073,1,0.005,0.8479750503289826,1,0.005
WF-000308,2008-08-19 11:57:00,0,Pass,0.07207096962006497,1,0.07,0.39808333333333334,1,0.385,0.4583916266518401,0,0.485,0.005692559,0,0.015,0.0074806402496839595,1,0.005,0.2549063032122362,1,0.005
WF-000900,2008-09-19 05:57:00,0,Pass,0.11680992532365186,1,0.07,0.40988888888888886,1,0.385,0.5253736047644955,1,0.485,0.05625124,1,0.015,0.02065918051872965,1,0.005,0.006716131987077509,1,0.005
WF-001517,2008-10-15 01:52:00,0,Pass,0.030768626783599484,0,0.07,0.2355277777777778,0,0.385,0.39811049206758015,0,0.485,0.00298626,0,0.015,0.0014415786154549116,0,0.005,4.877970408810655e-06,0,0.005
WF-001266,2008-10-03 04:49:00,0,Pass,0.10254916211552538,1,0.07,0.3696388888888889,0,0.385,0.5051812320117878,1,0.485,0.058840893,1,0.015,0.015152897460418025,1,0.005,0.0015523612511271288,0,0.005
WF-000543,2008-08-29 20:21:00,0,Pass,0.10496080072103264,1,0.07,0.4508333333333334,1,0.385,0.5062219584247596,1,0.485,0.03491512,1,0.015,0.007106412812247428,1,0.005,0.6465705458475719,1,0.005
WF-000292,2008-08-19 05:56:00,1,Fail,0.11053462851720222,1,0.07,0.47405555555555545,1,0.385,0.476332419920485,0,0.485,0.012176392,0,0.015,0.00689336676962425,1,0.005,0.029253858906094367,1,0.005
WF-001441,2008-10-09 07:38:00,0,Pass,0.09539363737017488,1,0.07,0.39811111111111097,1,0.385,0.4817084566416659,0,0.485,0.016133174,1,0.015,0.0025189348967895034,0,0.005,0.002135193553643867,0,0.005
WF-000702,2008-09-02 19:18:00,0,Pass,0.04317516691198622,0,0.07,0.32102777777777775,0,0.385,0.41885087506058233,0,0.485,0.001346136,0,0.015,0.0013116000197677892,0,0.005,0.0005546207070584181,0,0.005
WF-001313,2008-10-05 08:02:00,0,Pass,0.09338129542674656,1,0.07,0.35850000000000004,0,0.385,0.4735375030964611,0,0.485,0.021434225,1,0.015,0.016387892751680296,1,0.005,0.001691731653431849,0,0.005
WF-000293,2008-08-19 06:24:00,0,Pass,0.10440078605159159,1,0.07,0.42899999999999994,1,0.385,0.5400574594403158,1,0.485,0.07217996,1,0.015,0.04888413517691905,1,0.005,0.00416753372473373,0,0.005
WF-001357,2008-10-06 09:11:00,0,Pass,0.05368760342120395,0,0.07,0.30366666666666664,0,0.385,0.4489208015284357,0,0.485,0.00577083,0,0.015,0.019383808285802037,1,0.005,0.0002212431942299642,0,0.005
WF-001056,2008-09-24 10:10:00,0,Pass,0.07918414960307538,1,0.07,0.4216666666666667,1,0.385,0.5148108716348136,1,0.485,0.12148498,1,0.015,0.014777873829146573,1,0.005,0.09597629425941058,1,0.005
WF-000646,2008-09-02 00:31:00,0,Pass,0.06803044195156979,0,0.07,0.3628055555555555,0,0.385,0.5025629326479996,1,0.485,0.0031370404,0,0.015,0.002457752302693592,0,0.005,0.14650386280804617,1,0.005
WF-000545,2008-08-29 21:25:00,0,Pass,0.05504336505348681,0,0.07,0.34708333333333335,0,0.385,0.4402529848059039,0,0.485,0.0077960384,0,0.015,0.00310539261123614,0,0.005,5.605201290414758e-06,0,0.005
WF-000590,2008-08-30 15:50:00,0,Pass,0.06830901702308097,0,0.07,0.3534444444444443,0,0.385,0.48691453221549674,1,0.485,0.003976606,0,0.015,0.001939008535789817,0,0.005,0.06999952848992153,1,0.005
WF-000808,2008-09-12 13:08:00,0,Pass,0.03489655340930529,0,0.07,0.25475000000000003,0,0.385,0.4022892357837765,0,0.485,0.0012265713,0,0.015,0.0006504280954267947,0,0.005,1.1116245032138148e-05,0,0.005
WF-000822,2008-09-13 02:57:00,0,Pass,0.04607379685617441,0,0.07,0.26988888888888896,0,0.385,0.4026000912317923,0,0.485,0.0043926556,0,0.015,0.0020390325651091002,0,0.005,0.005332815838509801,1,0.005
WF-001271,2008-10-03 09:30:00,0,Pass,0.0444789822563704,0,0.07,0.3426666666666666,0,0.385,0.42728028041742505,0,0.485,0.0065267524,0,0.015,0.00437968588710879,0,0.005,0.00045301875907276246,0,0.005
WF-000949,2008-09-20 12:36:00,0,Pass,0.0536998529913902,0,0.07,0.3415,0,0.385,0.45177489539660903,0,0.485,0.0055686864,0,0.015,0.01570738664965196,1,0.005,2.5604009506800823e-06,0,0.005
WF-000722,2008-09-04 08:01:00,0,Pass,0.05418035703287282,0,0.07,0.30925,0,0.385,0.47366184351642976,0,0.485,0.0035770107,0,0.015,0.002117854391310294,0,0.005,9.369261273993304e-05,0,0.005
WF-000440,2008-08-23 13:02:00,0,Pass,0.06941926346784429,0,0.07,0.35100000000000003,0,0.385,0.43295708027736335,0,0.485,0.0021946295,0,0.015,0.003520792738187917,0,0.005,1.688087181331165e-05,0,0.005
WF-000610,2008-08-31 15:13:00,0,Pass,0.0655581650757065,0,0.07,0.36911111111111095,0,0.385,0.4876405159401601,1,0.485,0.010901238,0,0.015,0.013167739310444057,1,0.005,0.00228054681550516,0,0.005
WF-000677,2008-09-02 11:08:00,0,Pass,0.06579260622340138,0,0.07,0.3693055555555554,0,0.385,0.47843122430612633,0,0.485,0.003373608,0,0.015,0.0022285136406662675,0,0.005,0.00014653183455234957,0,0.005
WF-001222,2008-10-01 21:15:00,0,Pass,0.09750041792692286,1,0.07,0.3731666666666666,0,0.385,0.45904527061512723,0,0.485,0.009842154,0,0.015,0.03305093457556237,1,0.005,0.09774487034204345,1,0.005
WF-001207,2008-09-30 23:34:00,0,Pass,0.06732122559846501,0,0.07,0.3672222222222222,0,0.385,0.5125629665241259,1,0.485,0.059014447,1,0.015,0.025993239198749435,1,0.005,7.01883065573101e-05,0,0.005
WF-000303,2008-08-19 11:13:00,0,Pass,0.10103704948098934,1,0.07,0.5031944444444446,1,0.385,0.5644610634620679,1,0.485,0.03884411,1,0.015,0.024994263023610134,1,0.005,0.0056841359932133665,1,0.005
WF-000700,2008-09-02 18:38:00,0,Pass,0.048040953880202526,0,0.07,0.35630555555555554,0,0.385,0.46736886485572937,0,0.485,0.0054198294,0,0.015,0.0026839548550452027,0,0.005,0.00030380790505502774,0,0.005
WF-000769,2008-09-08 22:17:00,0,Pass,0.07151357512470548,1,0.07,0.3801944444444444,0,0.385,0.5044209329504634,1,0.485,0.015782828,1,0.015,0.006860896786497996,1,0.005,0.004503041940277732,0,0.005
WF-001173,2008-09-29 07:53:00,0,Pass,0.05326022239448415,0,0.07,0.3032499999999999,0,0.385,0.4342696645440026,0,0.485,0.0027436477,0,0.015,0.0027389423331490876,0,0.005,0.012791159499963577,1,0.005
WF-001404,2008-10-07 16:32:00,0,Pass,0.09678202997689848,1,0.07,0.36325,0,0.385,0.480298461379426,0,0.485,0.030469194,1,0.015,0.018189174518672274,1,0.005,0.006337151105863608,1,0.005
WF-000680,2008-09-02 11:49:00,0,Pass,0.0807022056919201,1,0.07,0.36091666666666666,0,0.385,0.4763252868659569,0,0.485,0.020747256,1,0.015,0.004112090967061443,0,0.005,8.795896210291075e-06,0,0.005
WF-001101,2008-09-26 11:08:00,0,Pass,0.05934517583734248,0,0.07,0.34755555555555556,0,0.385,0.5028175264269148,1,0.485,0.017885873,1,0.015,0.0041634762581201305,0,0.005,0.6306859514656296,1,0.005
WF-000762,2008-09-08 19:14:00,0,Pass,0.08359119406944616,1,0.07,0.38319444444444445,0,0.385,0.50104077334277,1,0.485,0.01808748,1,0.015,0.023771400755637218,1,0.005,0.009755983186922255,1,0.005
WF-000638,2008-09-01 23:05:00,0,Pass,0.08318693071645024,1,0.07,0.3371666666666666,0,0.385,0.44626925752391744,0,0.485,0.001839194,0,0.015,0.001646494498626173,0,0.005,4.924915463245871e-08,0,0.005
WF-000472,2008-08-28 07:51:00,0,Pass,0.08998307548501411,1,0.07,0.3884166666666666,1,0.385,0.4775518559071809,0,0.485,0.0014818142,0,0.015,0.0012765265425580437,0,0.005,0.0006184003930288593,0,0.005
WF-000574,2008-08-30 08:53:00,0,Pass,0.041253958076242665,0,0.07,0.32086111111111104,0,0.385,0.4466491235895493,0,0.485,0.002365046,0,0.015,0.001311237907881076,0,0.005,1.1368891994231503e-05,0,0.005
WF-001152,2008-09-28 09:50:00,1,Fail,0.0549434074419082,0,0.07,0.35702777777777767,0,0.385,0.48524131070628823,1,0.485,0.006820462,0,0.015,0.0071565783438333,1,0.005,0.0001432412108841729,0,0.005
WF-000078,2008-08-03 16:00:00,0,Pass,0.177648933209795,1,0.07,0.5179166666666667,1,0.385,0.5754030805748915,1,0.485,0.16402811,1,0.015,0.17363742816146738,1,0.005,0.9976760708487238,1,0.005
WF-001340,2008-10-06 02:44:00,0,Pass,0.05129317724999138,0,0.07,0.3200555555555555,0,0.385,0.49018187832980475,1,0.485,0.0193042,1,0.015,0.013973301400473967,1,0.005,0.054268705875539704,1,0.005
WF-000025,2008-07-27 04:18:00,0,Pass,0.11089264850202783,1,0.07,0.44397222222222205,1,0.385,0.5012035616490077,1,0.485,0.018578442,1,0.015,0.043390805851297426,1,0.005,0.0003824108553832173,0,0.005
WF-001077,2008-09-25 10:23:00,0,Pass,0.08601972597493557,1,0.07,0.3386666666666667,0,0.385,0.48877699620653126,1,0.485,0.024213158,1,0.015,0.009988325513059214,1,0.005,1.4807851290167046e-06,0,0.005
WF-001251,2008-10-02 17:19:00,0,Pass,0.13680583118568476,1,0.07,0.5008055555555556,1,0.385,0.5351031104820084,1,0.485,0.15413037,1,0.015,0.17617823491848283,1,0.005,0.0017538534924198157,0,0.005
WF-000387,2008-08-21 23:27:00,0,Pass,0.06731667254249316,0,0.07,0.3665555555555555,0,0.385,0.47202931251096647,0,0.485,0.0089015635,0,0.015,0.0030504313045283888,0,0.005,1.2741485215502973e-05,0,0.005
WF-000992,2008-09-21 15:34:00,0,Pass,0.05918627735292929,0,0.07,0.31594444444444447,0,0.385,0.508590410715182,1,0.485,0.055866186,1,0.015,0.02835628056309645,1,0.005,0.009235298455574583,1,0.005
WF-001493,2008-10-13 21:57:00,0,Pass,0.044251869777006944,0,0.07,0.23788888888888896,0,0.385,0.4352773769273979,0,0.485,0.003970148,0,0.015,0.0025281135426680167,0,0.005,0.013110892285703928,1,0.005
WF-000592,2008-08-30 16:24:00,0,Pass,0.057057688962158556,0,0.07,0.3435,0,0.385,0.4947020762156398,1,0.485,0.0020238631,0,0.015,0.0017918729169287145,0,0.005,0.06684343664644447,1,0.005
WF-001472,2008-10-12 08:19:00,0,Pass,0.03562253343028341,0,0.07,0.2637222222222222,0,0.385,0.4035099690373155,0,0.485,0.0011074223,0,0.015,0.0007781825482855634,0,0.005,0.0022409451314691015,0,0.005
WF-000146,2008-08-06 23:40:00,0,Pass,0.11769365232141969,1,0.07,0.48247222222222214,1,0.385,0.5128856428956645,1,0.485,0.038540274,1,0.015,0.012100010225489937,1,0.005,0.45968296672490344,1,0.005
WF-000013,2008-07-20 03:35:00,0,Pass,0.07497422216299486,1,0.07,0.41422222222222227,1,0.385,0.4807093126651717,0,0.485,0.02373045,1,0.015,0.01368007855364241,1,0.005,2.8975108588122434e-05,0,0.005
WF-000278,2008-08-18 19:54:00,1,Fail,0.1020700693712414,1,0.07,0.42050000000000004,1,0.385,0.5085926982344415,1,0.485,0.05818903,1,0.015,0.10349309537860313,1,0.005,0.14315222212911163,1,0.005
WF-000283,2008-08-19 03:59:00,1,Fail,0.10923256916728354,1,0.07,0.4905277777777777,1,0.385,0.5495434194195734,1,0.485,0.041003875,1,0.015,0.020208190135679465,1,0.005,0.881814223934554,1,0.005
WF-000902,2008-09-19 06:44:00,0,Pass,0.050331980301854755,0,0.07,0.3275,0,0.385,0.4182841591411092,0,0.485,0.0034942415,0,0.015,0.004819004068023207,0,0.005,0.0397752059592861,1,0.005
WF-000047,2008-07-29 11:47:00,0,Pass,0.25560875850932074,1,0.07,0.6193333333333334,1,0.385,0.6111668939510463,1,0.485,0.5812563,1,0.015,0.2296380474303954,1,0.005,0.5169321084232948,1,0.005
WF-001298,2008-10-04 19:12:00,0,Pass,0.09066392972405404,1,0.07,0.4840277777777777,1,0.385,0.5532470847905907,1,0.485,0.10182204,1,0.015,0.304560980502477,1,0.005,0.2323341880317485,1,0.005
WF-000149,2008-08-07 07:30:00,0,Pass,0.09192174763385504,1,0.07,0.39627777777777773,1,0.385,0.4958185893998728,1,0.485,0.052057847,1,0.015,0.03143366835214599,1,0.005,0.00021364622649850561,0,0.005
WF-000034,2008-07-27 23:14:00,0,Pass,0.1327615924986258,1,0.07,0.4911944444444445,1,0.385,0.5682145688440257,1,0.485,0.14847235,1,0.015,0.019007376509326476,1,0.005,0.004424585020760795,0,0.005
WF-000271,2008-08-18 15:33:00,0,Pass,0.10850611280312779,1,0.07,0.43744444444444447,1,0.385,0.4821890933411691,0,0.485,0.0145246275,0,0.015,0.011128752330852715,1,0.005,0.009335442595151816,1,0.005
WF-001162,2008-09-28 20:42:00,0,Pass,0.12374875541319952,1,0.07,0.40438888888888885,1,0.385,0.5221050461065403,1,0.485,0.10578649,1,0.015,0.0300203058452131,1,0.005,0.0024846748852558934,0,0.005
WF-000322,2008-08-20 02:27:00,1,Fail,0.10806320946943657,1,0.07,0.4046666666666666,1,0.385,0.5297647551597338,1,0.485,0.068344064,1,0.015,0.041012288952467474,1,0.005,0.0009119028128163395,0,0.005
WF-000095,2008-08-04 19:58:00,0,Pass,0.07508186117906704,1,0.07,0.47508333333333325,1,0.385,0.5282707461848606,1,0.485,0.025813412,1,0.015,0.03574907502850537,1,0.005,1.1635579030028418e-05,0,0.005
WF-000376,2008-08-21 18:53:00,0,Pass,0.08735936496885902,1,0.07,0.42286111111111113,1,0.385,0.48285022210079376,0,0.485,0.020243017,1,0.015,0.009233929868353955,1,0.005,0.03029908648118171,1,0.005
WF-001155,2008-09-28 17:49:00,0,Pass,0.10517810364156119,1,0.07,0.4492499999999999,1,0.385,0.5232692728784631,1,0.485,0.03185479,1,0.015,0.003278059075373253,0,0.005,0.40961073332826425,1,0.005
WF-000589,2008-08-30 15:37:00,0,Pass,0.08536591806451362,1,0.07,0.41369444444444436,1,0.385,0.5184415906629601,1,0.485,0.05107353,1,0.015,0.014691815480460797,1,0.005,0.015712968948618317,1,0.005
WF-000551,2008-08-29 22:56:00,0,Pass,0.05890498475138185,0,0.07,0.3836666666666666,0,0.385,0.49941955651038583,1,0.485,0.018348094,1,0.015,0.012171268433469462,1,0.005,0.5294260497439084,1,0.005
WF-000211,2008-08-15 20:03:00,0,Pass,0.11966280961800009,1,0.07,0.45247222222222216,1,0.385,0.49027041101441904,1,0.485,0.015987603,1,0.015,0.007253079753993305,1,0.005,0.01339298224542636,1,0.005
WF-001312,2008-10-05 06:15:00,0,Pass,0.07077939112658915,1,0.07,0.3915555555555555,1,0.385,0.5030769023965098,1,0.485,0.030823767,1,0.015,0.008775089280377603,1,0.005,0.024704550947046048,1,0.005
WF-001299,2008-10-04 19:47:00,0,Pass,0.10419479315625958,1,0.07,0.4182777777777779,1,0.385,0.5381866042982424,1,0.485,0.029926326,1,0.015,0.009622605023722622,1,0.005,0.0014438916943577682,0,0.005
WF-001024,2008-09-23 06:44:00,0,Pass,0.05518496064852162,0,0.07,0.34925,0,0.385,0.48466604839151506,0,0.485,0.01710976,1,0.015,0.008385761331133642,1,0.005,0.7555012416828374,1,0.005
WF-001174,2008-09-29 09:15:00,0,Pass,0.06399731035483064,0,0.07,0.32336111111111115,0,0.385,0.4672989362754655,0,0.485,0.030619735,1,0.015,0.008257040037987152,1,0.005,0.0001656999934613844,0,0.005
WF-000921,2008-09-19 20:05:00,0,Pass,0.08134447478932914,1,0.07,0.35413888888888895,0,0.385,0.4903079680284588,1,0.485,0.013351178,0,0.015,0.004983355275063365,0,0.005,5.888670572506449e-05,0,0.005
WF-000720,2008-09-03 20:00:00,0,Pass,0.016339665812648743,0,0.07,0.2500555555555556,0,0.385,0.38458592499754,0,0.485,0.0011555204,0,0.015,0.0005630086520512895,0,0.005,0.007734441574144042,1,0.005
WF-000970,2008-09-21 00:48:00,0,Pass,0.04806191237164938,0,0.07,0.3127500000000001,0,0.385,0.4625276609359017,0,0.485,0.004300709,0,0.015,0.010436811024789206,1,0.005,0.015310682838226342,1,0.005
WF-000169,2008-08-09 09:22:00,0,Pass,0.17925828082784118,1,0.07,0.5640000000000002,1,0.385,0.5748409879922993,1,0.485,0.3999305,1,0.015,0.2645038644006416,1,0.005,0.9934403326602884,1,0.005
WF-000388,2008-08-21 23:53:00,0,Pass,0.11661420363631195,1,0.07,0.4538611111111112,1,0.385,0.5208304476238055,1,0.485,0.018044796,1,0.015,0.008361791773648129,1,0.005,0.9152528750351483,1,0.005
WF-000055,2008-07-30 06:30:00,0,Pass,0.14728544748281447,1,0.07,0.555638888888889,1,0.385,0.5757996327103596,1,0.485,0.36791694,1,0.015,0.17730381786000887,1,0.005,6.763157136902817e-05,0,0.005
WF-000121,2008-08-05 14:45:00,0,Pass,0.13950102379630583,1,0.07,0.47758333333333325,1,0.385,0.5419120420909456,1,0.485,0.019153522,1,0.015,0.0131070963566661,1,0.005,0.10700508529416311,1,0.005
WF-000453,2008-08-27 12:22:00,0,Pass,0.05136511270104087,0,0.07,0.3748888888888889,0,0.385,0.5116142975669256,1,0.485,0.048739206,1,0.015,0.02742104524947564,1,0.005,0.7230621032603194,1,0.005
WF-001458,2008-10-11 07:38:00,0,Pass,0.03191768263186985,0,0.07,0.3007777777777778,0,0.385,0.4900939536752686,1,0.485,0.0053725834,0,0.015,0.006100493596064587,1,0.005,0.004293014384239202,0,0.005
WF-000724,2008-09-04 08:33:00,0,Pass,0.02567886338704784,0,0.07,0.2645555555555556,0,0.385,0.3929058260328799,0,0.485,0.0013546203,0,0.015,0.0006880969493629791,0,0.005,0.0006853824224441903,0,0.005
WF-001463,2008-10-11 15:33:00,0,Pass,0.03216677838661176,0,0.07,0.2501111111111112,0,0.385,0.4387693411939321,0,0.485,0.0018927959,0,0.015,0.0010593239295248566,0,0.005,0.008275546897061004,1,0.005
WF-000910,2008-09-19 11:13:00,0,Pass,0.04770627829933469,0,0.07,0.28944444444444445,0,0.385,0.41562172254493734,0,0.485,0.00259803,0,0.015,0.0012621873550263984,0,0.005,0.0007730724607835157,0,0.005
WF-000529,2008-08-29 08:45:00,0,Pass,0.07026938749918946,1,0.07,0.35858333333333337,0,0.385,0.45094612263723866,0,0.485,0.007803105,0,0.015,0.008880232498086317,1,0.005,0.001464176388083269,0,0.005
WF-000353,2008-08-21 11:22:00,0,Pass,0.07301805890742025,1,0.07,0.3603055555555555,0,0.385,0.47096539384095504,0,0.485,0.0025022465,0,0.015,0.010068795472003489,1,0.005,0.00958001384055483,1,0.005
WF-001188,2008-09-30 01:33:00,0,Pass,0.07544910520152116,1,0.07,0.4163611111111111,1,0.385,0.553578960896102,1,0.485,0.11822287,1,0.015,0.39373596546468387,1,0.005,0.08210578172065916,1,0.005
WF-000944,2008-09-20 10:51:00,0,Pass,0.051664531402406434,0,0.07,0.3564444444444445,0,0.385,0.4753037754448554,0,0.485,0.018502064,1,0.015,0.007011254690423229,1,0.005,4.08630042568737e-07,0,0.005
WF-000255,2008-08-18 07:29:00,0,Pass,0.13439699907971975,1,0.07,0.4601666666666666,1,0.385,0.4821186961564675,0,0.485,0.112219974,1,0.015,0.049043117173390556,1,0.005,0.4936898154102191,1,0.005
WF-001290,2008-10-04 04:12:00,0,Pass,0.04335917179333009,0,0.07,0.32177777777777794,0,0.385,0.43779573030085117,0,0.485,0.004258888,0,0.015,0.0037320195275004236,0,0.005,7.795335979659539e-06,0,0.005
WF-000228,2008-08-17 03:18:00,0,Pass,0.2057140335066318,1,0.07,0.5314444444444444,1,0.385,0.5644676591031426,1,0.485,0.39556316,1,0.015,0.14662355632896362,1,0.005,0.20015858259674366,1,0.005
WF-000145,2008-08-06 22:27:00,0,Pass,0.16404927209267803,1,0.07,0.5189444444444444,1,0.385,0.575610556605395,1,0.485,0.06700856,1,0.015,0.04343659714551631,1,0.005,0.001833258380933264,0,0.005
WF-001291,2008-10-04 04:45:00,0,Pass,0.06255082390087147,0,0.07,0.3271944444444445,0,0.385,0.44781238602070905,0,0.485,0.0048807943,0,0.015,0.003773946977442026,0,0.005,0.005760422705231765,1,0.005
WF-001409,2008-10-07 20:19:00,0,Pass,0.07376572433361181,1,0.07,0.39508333333333323,1,0.385,0.4979654218897512,1,0.485,0.013551672,0,0.015,0.006070990594895536,1,0.005,4.631911490961264e-14,0,0.005
WF-000119,2008-08-05 09:48:00,0,Pass,0.10597991809756294,1,0.07,0.429888888888889,1,0.385,0.5235571655532818,1,0.485,0.03334374,1,0.015,0.00957853868606616,1,0.005,1.8488971872837688e-06,0,0.005
WF-000197,2008-08-12 06:16:00,0,Pass,0.12172891152225193,1,0.07,0.4625555555555555,1,0.385,0.5332889762631244,1,0.485,0.09426659,1,0.015,0.012689632404028116,1,0.005,0.006178255774216892,1,0.005
WF-001215,2008-10-01 08:15:00,0,Pass,0.1226179075135727,1,0.07,0.37777777777777766,0,0.385,0.4993378665407141,1,0.485,0.034610376,1,0.015,0.007217325341067691,1,0.005,0.09865332210944604,1,0.005
WF-000147,2008-08-06 23:45:00,0,Pass,0.06631358326217326,0,0.07,0.3769444444444444,0,0.385,0.5019039543704515,1,0.485,0.015434766,1,0.015,0.0412039547475005,1,0.005,0.0032613458663544336,0,0.005
WF-001109,2008-09-26 16:31:00,0,Pass,0.050329761379684014,0,0.07,0.30383333333333346,0,0.385,0.49540099746658256,1,0.485,0.03474365,1,0.015,0.019663791085310283,1,0.005,0.36761643269979416,1,0.005
WF-001223,2008-10-01 21:50:00,0,Pass,0.16579363308260617,1,0.07,0.46175,1,0.385,0.5116366732241209,1,0.485,0.11505443,1,0.015,0.052830189435885785,1,0.005,0.009169006712640688,1,0.005
WF-000912,2008-09-19 13:59:00,0,Pass,0.07289316555553665,1,0.07,0.36975,0,0.385,0.46990769336120497,0,0.485,0.00875654,0,0.015,0.002628150817178132,0,0.005,0.026903081443755413,1,0.005
WF-000475,2008-08-28 09:49:00,0,Pass,0.05024490602435909,0,0.07,0.35152777777777766,0,0.385,0.488629300277157,1,0.485,0.009580501,0,0.015,0.0011533418229042536,0,0.005,0.002128489311213829,0,0.005
WF-000021,2008-07-22 15:30:00,0,Pass,0.10575691249449992,1,0.07,0.43066666666666664,1,0.385,0.5191321422613053,1,0.485,0.053579036,1,0.015,0.04071968532132232,1,0.005,0.004838276589438777,0,0.005
WF-000843,2008-09-14 20:43:00,0,Pass,0.06663442526114009,0,0.07,0.3121666666666666,0,0.385,0.5123988698449436,1,0.485,0.0295523,1,0.015,0.015661857413254356,1,0.005,0.5363164187351832,1,0.005
WF-001431,2008-10-08 18:22:00,0,Pass,0.036851377253251126,0,0.07,0.2590833333333334,0,0.385,0.43236750789985745,0,0.485,0.0020343338,0,0.015,0.0011359768870923739,0,0.005,0.0007564974995715073,0,0.005
WF-000914,2008-09-19 16:40:00,0,Pass,0.049407520260793404,0,0.07,0.3303611111111112,0,0.385,0.4264616699952727,0,0.485,0.006601563,0,0.015,0.0026750055769173783,0,0.005,0.02003301038596413,1,0.005
WF-000101,2008-08-05 00:04:00,0,Pass,0.035289905045264205,0,0.07,0.36791666666666667,0,0.385,0.43869651521822267,0,0.485,0.0072243186,0,0.015,0.0036090890715811653,0,0.005,0.0002168248142394112,0,0.005
WF-000594,2008-08-30 17:49:00,0,Pass,0.06879249955942525,0,0.07,0.36730555555555555,0,0.385,0.4826432012436925,0,0.485,0.004614007,0,0.015,0.004048325711619504,0,0.005,2.3544699706974368e-07,0,0.005
WF-000003,2008-07-19 13:17:00,1,Fail,0.19605229815963815,1,0.07,0.5438888888888889,1,0.385,0.5567393449471755,1,0.485,0.41168544,1,0.015,0.5081315784042334,1,0.005,0.19842389714391934,1,0.005
WF-000939,2008-09-20 05:25:00,0,Pass,0.04040120579244579,0,0.07,0.3383888888888889,0,0.385,0.5040122061281501,1,0.485,0.011270573,0,0.015,0.004284868372439038,0,0.005,0.4961846137919462,1,0.005
WF-001381,2008-10-06 21:48:00,0,Pass,0.0300053615620129,0,0.07,0.2702500000000001,0,0.385,0.41652708679101275,0,0.485,0.0008601242,0,0.015,0.0010739169763279003,0,0.005,3.314434770628767e-10,0,0.005
WF-000950,2008-09-20 12:57:00,0,Pass,0.057793634757616286,0,0.07,0.3628888888888888,0,0.385,0.48739786529852447,1,0.485,0.010055876,0,0.015,0.008463424547157906,1,0.005,0.5938091256002308,1,0.005
WF-000611,2008-08-31 16:32:00,0,Pass,0.06174529448532003,0,0.07,0.3487222222222222,0,0.385,0.4480131029978118,0,0.485,0.013028122,0,0.015,0.006477103446609435,1,0.005,0.0001256689094952784,0,0.005
WF-000784,2008-09-11 08:06:00,0,Pass,0.027588939366016377,0,0.07,0.32008333333333333,0,0.385,0.5090206804773139,1,0.485,0.008633278,0,0.015,0.002024480489484076,0,0.005,0.1284079650177924,1,0.005
WF-001484,2008-10-13 16:13:00,0,Pass,0.03969592522867365,0,0.07,0.24763888888888885,0,0.385,0.4172810778032918,0,0.485,0.0026066194,0,0.015,0.0014155108822497889,0,0.005,0.0010483907016122357,0,0.005
WF-001538,2008-10-15 18:16:00,0,Pass,0.020099239098625987,0,0.07,0.2539444444444445,0,0.385,0.39576541851031344,0,0.485,0.0006016567,0,0.015,0.0004875855807444718,0,0.005,7.533697322971269e-07,0,0.005
WF-000493,2008-08-28 18:47:00,0,Pass,0.07105915938606455,1,0.07,0.3834166666666666,0,0.385,0.5235275940677367,1,0.485,0.008703823,0,0.015,0.0032275476876216405,0,0.005,2.6373730431027288e-05,0,0.005
WF-000993,2008-09-21 16:43:00,0,Pass,0.050675213826518545,0,0.07,0.26175,0,0.385,0.48036334144717624,0,0.485,0.012363616,0,0.015,0.0064364425220262604,1,0.005,0.032023432763908226,1,0.005
WF-000756,2008-09-08 03:48:00,0,Pass,0.050311437919147946,0,0.07,0.33611111111111114,0,0.385,0.45401296015186077,0,0.485,0.00862908,0,0.015,0.005673750109864968,1,0.005,0.03497566469123532,1,0.005
WF-001161,2008-09-28 20:02:00,0,Pass,0.048903410971225816,0,0.07,0.29230555555555554,0,0.385,0.46514687364031654,0,0.485,0.016169893,1,0.015,0.0037771337967669495,0,0.005,5.084111493484299e-21,0,0.005
WF-000544,2008-08-29 20:49:00,0,Pass,0.08175403585740584,1,0.07,0.41283333333333333,1,0.385,0.525630450319629,1,0.485,0.06533183,1,0.015,0.007533604781895696,1,0.005,1.4723290839003301e-05,0,0.005
WF-000985,2008-09-21 11:33:00,0,Pass,0.025182588839448784,0,0.07,0.2819444444444445,0,0.385,0.4197217266782477,0,0.485,0.0020408905,0,0.015,0.0013760018833591794,0,0.005,6.595425849177984e-08,0,0.005
WF-001437,2008-10-08 23:50:00,0,Pass,0.052470587271217,0,0.07,0.3592499999999999,0,0.385,0.481510305583068,0,0.485,0.026804067,1,0.015,0.013688439672728495,1,0.005,0.0006726498423492415,0,0.005
WF-000636,2008-09-01 20:51:00,0,Pass,0.08358577559685874,1,0.07,0.4641944444444445,1,0.385,0.49683528884561373,1,0.485,0.034525312,1,0.015,0.011769441178644544,1,0.005,0.0003259300686517064,0,0.005
WF-000273,2008-08-18 16:19:00,0,Pass,0.1307980809917904,1,0.07,0.4863055555555556,1,0.385,0.554163378525781,1,0.485,0.16180286,1,0.015,0.06864103216442594,1,0.005,0.0016037240691952207,0,0.005
WF-001314,2008-10-05 08:40:00,0,Pass,0.10045255696007953,1,0.07,0.4121944444444444,1,0.385,0.5046440303584327,1,0.485,0.015129157,1,0.015,0.004171787312114658,0,0.005,0.0392422892239446,1,0.005
WF-000936,2008-09-20 04:13:00,0,Pass,0.03374928583665296,0,0.07,0.28530555555555553,0,0.385,0.3885459087938495,0,0.485,0.0009769812,0,0.015,0.00040821259177366883,0,0.005,1.8877209004984055e-12,0,0.005
WF-000602,2008-08-31 04:46:00,1,Fail,0.04795216503695847,0,0.07,0.3363055555555555,0,0.385,0.416381915389141,0,0.485,0.0015948936,0,0.015,0.0010652170379375867,0,0.005,0.03240146656631233,1,0.005
WF-001280,2008-10-03 20:46:00,0,Pass,0.14903040636401454,1,0.07,0.43038888888888893,1,0.385,0.5134840366993156,1,0.485,0.040471304,1,0.015,0.0734141138444355,1,0.005,0.0026464177090561682,0,0.005
WF-000410,2008-08-22 07:27:00,0,Pass,0.06714830863410177,0,0.07,0.34655555555555556,0,0.385,0.4525900942692932,0,0.485,0.00431161,0,0.015,0.0019174934411676108,0,0.005,0.020471113063485487,1,0.005
WF-000148,2008-08-07 00:51:00,0,Pass,0.10067591833508426,1,0.07,0.4856111111111112,1,0.385,0.5940927233202971,1,0.485,0.09457132,1,0.015,0.08961512734378342,1,0.005,0.603120559980937,1,0.005
WF-000975,2008-09-21 04:17:00,0,Pass,0.04117326640904084,0,0.07,0.33666666666666656,0,0.385,0.46580790643874914,0,0.485,0.0046517067,0,0.015,0.001081892249123878,0,0.005,6.758269452500771e-05,0,0.005
WF-000115,2008-08-05 07:12:00,0,Pass,0.10185588737843457,1,0.07,0.43616666666666665,1,0.385,0.49852486543098573,1,0.485,0.016112495,1,0.015,0.009974607934822468,1,0.005,0.023012109509733255,1,0.005
WF-001446,2008-10-10 10:05:00,0,Pass,0.05065434579141012,0,0.07,0.2751388888888889,0,0.385,0.4638458377554574,0,0.485,0.0076354076,0,0.015,0.0025938903467560234,0,0.005,6.516383767986127e-05,0,0.005
WF-000502,2008-08-29 00:49:00,0,Pass,0.0877593035085431,1,0.07,0.3868333333333333,1,0.385,0.4631313684518821,0,0.485,0.015263931,1,0.015,0.008869069158431301,1,0.005,0.038296154482425605,1,0.005
WF-000360,2008-08-21 13:19:00,0,Pass,0.11949018851753701,1,0.07,0.4081388888888888,1,0.385,0.48223207688754705,0,0.485,0.026302509,1,0.015,0.009440103379369983,1,0.005,0.011189219032806612,1,0.005
WF-000795,2008-09-11 21:13:00,0,Pass,0.05816923848797619,0,0.07,0.34205555555555545,0,0.385,0.46182040785304446,0,0.485,0.0040033134,0,0.015,0.0018197209069116477,0,0.005,0.05542320174891423,1,0.005
WF-000342,2008-08-20 22:13:00,0,Pass,0.0686670899522265,0,0.07,0.36144444444444446,0,0.385,0.4252946128799436,0,0.485,0.004101411,0,0.015,0.002073995745601327,0,0.005,1.749639995398416e-05,0,0.005
WF-000785,2008-09-11 08:58:00,0,Pass,0.05356662629020425,0,0.07,0.3173888888888889,0,0.385,0.4754426762787488,0,0.485,0.010382516,0,0.015,0.0020614845756783476,0,0.005,8.628027760474126e-05,0,0.005
WF-001015,2008-09-22 14:36:00,0,Pass,0.10215620593333877,1,0.07,0.39833333333333326,1,0.385,0.4918492827138491,1,0.485,0.038546395,1,0.015,0.009368136503819244,1,0.005,0.0008180458745157223,0,0.005
WF-001181,2008-09-29 15:09:00,0,Pass,0.045212162694427516,0,0.07,0.2760555555555556,0,0.385,0.4167270886946829,0,0.485,0.0015391625,0,0.015,0.00035940493947753105,0,0.005,0.0035047919770964126,0,0.005
WF-001490,2008-10-13 20:53:00,0,Pass,0.10787976798275245,1,0.07,0.4233333333333334,1,0.385,0.4864302439338051,1,0.485,0.015649341,1,0.015,0.0145292299733913,1,0.005,0.9999568989442091,1,0.005
WF-000185,2008-08-10 11:49:00,0,Pass,0.09218148807100349,1,0.07,0.37944444444444453,0,0.385,0.4887870757339715,1,0.485,0.02136791,1,0.015,0.023487190466145128,1,0.005,0.00013309088960099016,0,0.005
WF-001513,2008-10-15 00:27:00,0,Pass,0.028352703697220635,0,0.07,0.265888888888889,0,0.385,0.3823431872787145,0,0.485,0.00046160544,0,0.015,0.0015717677127816446,0,0.005,1.2445864563672917e-05,0,0.005
WF-000641,2008-09-01 23:28:00,0,Pass,0.051708422264560676,0,0.07,0.3168888888888889,0,0.385,0.44350572699979934,0,0.485,0.002459255,0,0.015,0.003381694256954861,0,0.005,0.00019574662453867217,0,0.005
WF-001288,2008-10-04 02:36:00,0,Pass,0.05514541394041211,0,0.07,0.31636111111111104,0,0.385,0.4362140421316476,0,0.485,0.0018220025,0,0.015,0.0011598309009744148,0,0.005,0.00025229721476972605,0,0.005
WF-001052,2008-09-24 05:22:00,0,Pass,0.11124481458857692,1,0.07,0.4187222222222223,1,0.385,0.48678963463353736,1,0.485,0.047752135,1,0.015,0.0066536031128999465,1,0.005,0.09866243352746043,1,0.005
WF-000311,2008-08-19 15:33:00,0,Pass,0.13938295872928,1,0.07,0.4761388888888889,1,0.385,0.5087264295908548,1,0.485,0.016760388,1,0.015,0.005279655030929869,1,0.005,1.121939218970099e-05,0,0.005
WF-001184,2008-09-29 17:21:00,0,Pass,0.07825847462833187,1,0.07,0.39427777777777767,1,0.385,0.5278774785729607,1,0.485,0.0625099,1,0.015,0.05047702298692684,1,0.005,2.25909922237547e-05,0,0.005
WF-000251,2008-08-18 06:11:00,0,Pass,0.10337687234993567,1,0.07,0.4339722222222222,1,0.385,0.5027117019055388,1,0.485,0.063483156,1,0.015,0.02427321276411971,1,0.005,0.14093663560554842,1,0.005
WF-000803,2008-09-12 06:45:00,0,Pass,0.059342238461081144,0,0.07,0.3817499999999999,0,0.385,0.4863348325615145,1,0.485,0.00587537,0,0.015,0.0029638341163167868,0,0.005,0.05027656921258101,1,0.005
WF-001264,2008-10-03 03:52:00,0,Pass,0.09737877621449993,1,0.07,0.38327777777777783,0,0.385,0.5136199570201627,1,0.485,0.060936358,1,0.015,0.04909196659770662,1,0.005,0.09952875364914146,1,0.005
WF-000208,2008-08-15 18:19:00,0,Pass,0.15613995232095204,1,0.07,0.5593055555555556,1,0.385,0.5796930206840523,1,0.485,0.3378363,1,0.015,0.14805299248923434,1,0.005,0.020009257694609185,1,0.005
WF-000482,2008-08-28 15:19:00,0,Pass,0.09726130754502375,1,0.07,0.4528611111111109,1,0.385,0.5390241445574745,1,0.485,0.05486658,1,0.015,0.10873045123657203,1,0.005,5.207325914992399e-09,0,0.005
WF-000506,2008-08-29 03:27:00,0,Pass,0.08685160855488812,1,0.07,0.3810833333333333,0,0.385,0.48972926257959415,1,0.485,0.030827552,1,0.015,0.01170840445590546,1,0.005,0.005009874536812606,1,0.005
WF-000274,2008-08-18 17:13:00,1,Fail,0.06353123122324145,0,0.07,0.4006666666666666,1,0.385,0.5061083332620704,1,0.485,0.039607547,1,0.015,0.021450834946379404,1,0.005,0.011324769118901394,1,0.005
WF-000075,2008-08-03 14:25:00,0,Pass,0.10504849931986635,1,0.07,0.47302777777777766,1,0.385,0.4999287288145265,1,0.485,0.03939627,1,0.015,0.009674578475422727,1,0.005,0.4625834547286987,1,0.005
WF-000578,2008-08-30 10:15:00,0,Pass,0.10299157021703607,1,0.07,0.44491666666666674,1,0.385,0.5240320180093191,1,0.485,0.03207917,1,0.015,0.008150851652139846,1,0.005,0.11918694949208777,1,0.005
WF-000354,2008-08-21 12:00:00,0,Pass,0.0693177417138003,0,0.07,0.3581388888888889,0,0.385,0.4665586941708325,0,0.485,0.010672103,0,0.015,0.004995559579845587,0,0.005,0.04732838414913332,1,0.005
WF-000619,2008-09-01 00:01:00,0,Pass,0.07901115824868679,1,0.07,0.4522777777777778,1,0.385,0.44325520336272844,0,0.485,0.0077551366,0,0.015,0.0027348962905820243,0,0.005,0.343960798928733,1,0.005
WF-000548,2008-08-29 22:11:00,0,Pass,0.05867397692243079,0,0.07,0.3543333333333333,0,0.385,0.45799529798758876,0,0.485,0.014376686,0,0.015,0.02097526018047124,1,0.005,0.007783532723781398,1,0.005
WF-000282,2008-08-19 01:10:00,0,Pass,0.11972847319767879,1,0.07,0.44911111111111096,1,0.385,0.527230674407418,1,0.485,0.11242567,1,0.015,0.026031742398856497,1,0.005,0.0005357151310333559,0,0.005
WF-001430,2008-10-08 17:41:00,0,Pass,0.06207782571433806,0,0.07,0.3040833333333334,0,0.385,0.43120287263815216,0,0.485,0.0023531346,0,0.015,0.003023457552536369,0,0.005,3.4444804151777764e-05,0,0.005
WF-000114,2008-08-05 06:21:00,0,Pass,0.11289677512136331,1,0.07,0.4647777777777777,1,0.385,0.5352537671907793,1,0.485,0.06944993,1,0.015,0.11544785556403313,1,0.005,7.026644925844598e-05,0,0.005
WF-000227,2008-08-17 03:17:00,0,Pass,0.09877889141527778,1,0.07,0.43091666666666667,1,0.385,0.49657754460881015,1,0.485,0.0044614766,0,0.015,0.0015514963691058163,0,0.005,0.05213142564476871,1,0.005
WF-001495,2008-10-13 22:54:00,0,Pass,0.036570220900572915,0,0.07,0.26399999999999996,0,0.385,0.3947570070966834,0,0.485,0.0011368381,0,0.015,0.0008881897874775163,0,0.005,2.7592566930061002e-06,0,0.005
WF-000986,2008-09-21 12:04:00,0,Pass,0.14266475656764274,1,0.07,0.4859444444444445,1,0.385,0.5696889672870349,1,0.485,0.19760223,1,0.015,0.049971707628237806,1,0.005,0.26354970312515436,1,0.005
WF-000559,2008-08-30 02:39:00,0,Pass,0.04834483620049183,0,0.07,0.37019444444444444,0,0.385,0.4803058564658721,0,0.485,0.01645891,1,0.015,0.008628374005705014,1,0.005,0.0011603319024689471,0,0.005
WF-000845,2008-09-14 21:31:00,0,Pass,0.054314721585490715,0,0.07,0.3688055555555556,0,0.385,0.4578996257554504,0,0.485,0.012235747,0,0.015,0.0029573114289654263,0,0.005,0.5641471415791338,1,0.005
WF-000009,2008-07-19 20:24:00,0,Pass,0.1676001673441263,1,0.07,0.5875277777777778,1,0.385,0.5860602419510437,1,0.485,0.38911232,1,0.015,0.17709052583580012,1,0.005,0.03612681652185286,1,0.005
WF-001145,2008-09-28 04:45:00,1,Fail,0.0594709426788096,0,0.07,0.3981944444444445,1,0.385,0.5243261018588902,1,0.485,0.06279841,1,0.015,0.014070974563939695,1,0.005,0.10400184116369159,1,0.005
WF-000967,2008-09-20 19:14:00,0,Pass,0.06602929758192574,0,0.07,0.37702777777777774,0,0.385,0.5128978369643201,1,0.485,0.012755723,0,0.015,0.0030307339683481346,0,0.005,0.30782874869497107,1,0.005
WF-000734,2008-09-04 17:30:00,0,Pass,0.043644771252481285,0,0.07,0.29566666666666674,0,0.385,0.42224870205975257,0,0.485,0.002380941,0,0.015,0.0006687641325522052,0,0.005,0.0009757920514536493,0,0.005
WF-001453,2008-10-10 21:03:00,0,Pass,0.0965761936900155,1,0.07,0.3920277777777778,1,0.385,0.5067623233202754,1,0.485,0.022451919,1,0.015,0.01199166070334732,1,0.005,0.0002694974483872552,0,0.005
WF-000580,2008-08-30 11:12:00,0,Pass,0.04837372982999645,0,0.07,0.30349999999999994,0,0.385,0.4415219597161088,0,0.485,0.0023974595,0,0.015,0.0008888672406402184,0,0.005,0.2504479892058162,1,0.005
WF-001502,2008-10-14 14:07:00,0,Pass,0.035799415704003835,0,0.07,0.27469444444444446,0,0.385,0.42470111482325174,0,0.485,0.0035688318,0,0.015,0.0030498544993250026,0,0.005,3.634070479913199e-05,0,0.005
WF-000637,2008-09-01 22:05:00,0,Pass,0.05498310400075661,0,0.07,0.3519999999999999,0,0.385,0.48751986997280683,1,0.485,0.0029078545,0,0.015,0.0038344191284052464,0,0.005,0.000720449343250189,0,0.005
WF-001164,2008-09-28 21:27:00,0,Pass,0.039699027044874644,0,0.07,0.3120555555555555,0,0.385,0.45739641039301987,0,0.485,0.00748079,0,0.015,0.002197865858864041,0,0.005,6.986959689690104e-05,0,0.005
WF-000526,2008-08-29 08:10:00,0,Pass,0.06472926855871747,0,0.07,0.3851388888888889,1,0.385,0.49942322409857115,1,0.485,0.012170216,0,0.015,0.00904535956204748,1,0.005,0.006759978945846027,1,0.005
WF-001137,2008-09-27 17:26:00,0,Pass,0.06149395609344404,0,0.07,0.3178611111111111,0,0.385,0.4509769173129854,0,0.485,0.0210141,1,0.015,0.02367696495442234,1,0.005,1.1967261258683665e-20,0,0.005
WF-000831,2008-09-13 16:04:00,0,Pass,0.03769679187947978,0,0.07,0.33105555555555555,0,0.385,0.46219509758948013,0,0.485,0.002221305,0,0.015,0.0005030150841272298,0,0.005,0.003881132165417699,0,0.005
WF-000719,2008-09-03 18:16:00,0,Pass,0.07247108989656362,1,0.07,0.3545555555555555,0,0.385,0.4831170204277013,0,0.485,0.010156462,0,0.015,0.00214115251674239,0,0.005,0.007363307901011369,1,0.005
WF-001524,2008-10-15 05:16:00,0,Pass,0.04622953998155696,0,0.07,0.30677777777777776,0,0.385,0.46944841650816294,0,0.485,0.013068693,0,0.015,0.008832073524478908,1,0.005,0.0004911103005157232,0,0.005
WF-000615,2008-08-31 21:58:00,0,Pass,0.04401351962727514,0,0.07,0.34041666666666665,0,0.385,0.466585702431078,0,0.485,0.005458278,0,0.015,0.002663109323143293,0,0.005,4.424464235140107e-05,0,0.005
WF-001503,2008-10-14 14:15:00,0,Pass,0.03007109039868142,0,0.07,0.2337222222222222,0,0.385,0.41345011329882475,0,0.485,0.0008840966,0,0.015,0.0005079189768114468,0,0.005,2.947289024853734e-06,0,0.005
WF-001270,2008-10-03 08:35:00,0,Pass,0.05487012316643713,0,0.07,0.3255833333333333,0,0.385,0.43245764052071134,0,0.485,0.0042438093,0,0.015,0.0021125090152885875,0,0.005,0.1179963165641281,1,0.005
WF-000029,2008-07-27 16:06:00,0,Pass,0.1027458720178675,1,0.07,0.48986111111111114,1,0.385,0.49114320695574065,1,0.485,0.021338798,1,0.015,0.03226809521048472,1,0.005,3.0011650112690113e-06,0,0.005
WF-001254,2008-10-02 20:54:00,0,Pass,0.09249101110547624,1,0.07,0.39866666666666667,1,0.385,0.5201233273827437,1,0.485,0.021015514,1,0.015,0.025089652518048178,1,0.005,0.041124779911353465,1,0.005
WF-000420,2008-08-22 13:22:00,0,Pass,0.07481281226792878,1,0.07,0.44169444444444445,1,0.385,0.5268748201472766,1,0.485,0.01686617,1,0.015,0.0456372698296528,1,0.005,0.0529471446379794,1,0.005
WF-000800,2008-09-12 05:55:00,0,Pass,0.06252047920161903,0,0.07,0.3759999999999999,0,0.385,0.5139122705851865,1,0.485,0.058989428,1,0.015,0.028973612903511105,1,0.005,0.011519178611282389,1,0.005
WF-001418,2008-10-08 07:16:00,0,Pass,0.04229582487531068,0,0.07,0.3455833333333336,0,0.385,0.4974460981727599,1,0.485,0.014897803,0,0.015,0.01006015701621286,1,0.005,0.00026099016440926903,0,0.005
WF-000832,2008-09-13 20:06:00,1,Fail,0.05087404183589276,0,0.07,0.3334444444444445,0,0.385,0.5047270908107566,1,0.485,0.019758658,1,0.015,0.008414822540773808,1,0.005,0.003068410744658863,0,0.005
WF-001516,2008-10-15 01:52:00,0,Pass,0.04304503718272657,0,0.07,0.31036111111111114,0,0.385,0.44546990800884034,0,0.485,0.0028959545,0,0.015,0.003294351323217624,0,0.005,0.0007195996420459449,0,0.005
WF-001466,2008-10-11 23:58:00,0,Pass,0.02644384429242023,0,0.07,0.2622500000000001,0,0.385,0.42134762805491316,0,0.485,0.0009516331,0,0.015,0.0008747517828264213,0,0.005,3.604054027518711e-05,0,0.005
WF-000058,2008-07-30 12:29:00,1,Fail,0.12547757051535177,1,0.07,0.5057222222222222,1,0.385,0.5711887921253156,1,0.485,0.22022708,1,0.015,0.14591306827318815,1,0.005,0.6253618727130915,1,0.005
WF-001323,2008-10-05 13:49:00,0,Pass,0.0507452319766492,0,0.07,0.37625000000000003,0,0.385,0.4802708665505784,0,0.485,0.009172669,0,0.015,0.011291964347934938,1,0.005,0.00801469623209434,1,0.005
WF-000887,2008-09-18 17:22:00,0,Pass,0.05423128170158969,0,0.07,0.30958333333333327,0,0.385,0.4759522119408782,0,0.485,0.0044293264,0,0.015,0.002759193252541867,0,0.005,0.821561886113754,1,0.005
WF-000737,2008-09-07 00:08:00,0,Pass,0.06096248904301458,0,0.07,0.38558333333333333,1,0.385,0.4895314793901477,1,0.485,0.031652942,1,0.015,0.04327742680626833,1,0.005,0.05200698216984967,1,0.005
WF-000656,2008-09-02 02:52:00,0,Pass,0.055795814872063164,0,0.07,0.3469722222222222,0,0.385,0.4500557599781832,0,0.485,0.0066164583,0,0.015,0.0023682943413354638,0,0.005,0.0005090083715984216,0,0.005
WF-000771,2008-09-09 03:53:00,0,Pass,0.06010210375819835,0,0.07,0.3278333333333334,0,0.385,0.4669929683156817,0,0.485,0.017767137,1,0.015,0.0033980200574229994,0,0.005,0.3336068048066869,1,0.005
WF-000899,2008-09-19 05:33:00,0,Pass,0.04047110057153425,0,0.07,0.2411388888888889,0,0.385,0.44777351939209764,0,0.485,0.0027579647,0,0.015,0.0016263755822930202,0,0.005,0.0007935030255146727,0,0.005
WF-000397,2008-08-22 02:01:00,0,Pass,0.08853767497646436,1,0.07,0.41574999999999984,1,0.385,0.490448958920836,1,0.485,0.012735436,0,0.015,0.016543460685048243,1,0.005,0.0004258597303200774,0,0.005
WF-000138,2008-08-06 18:00:00,0,Pass,0.10904669119877812,1,0.07,0.47583333333333333,1,0.385,0.5033294234412068,1,0.485,0.06681175,1,0.015,0.0381450311267789,1,0.005,0.03861998852862229,1,0.005
WF-001055,2008-09-24 07:23:00,0,Pass,0.039562344250955735,0,0.07,0.32302777777777775,0,0.385,0.4438250712580797,0,0.485,0.003097819,0,0.015,0.00163344690336439,0,0.005,0.0006188926487392598,0,0.005
WF-000698,2008-09-02 17:10:00,0,Pass,0.0926627659455888,1,0.07,0.40258333333333324,1,0.385,0.4796036703023856,0,0.485,0.044272467,1,0.015,0.02945153322105518,1,0.005,0.0042918012266561,0,0.005
WF-001439,2008-10-09 04:34:00,1,Fail,0.08283484802607073,1,0.07,0.3860555555555556,1,0.385,0.4963848267713103,1,0.485,0.014641887,0,0.015,0.009367751331570442,1,0.005,0.0010144398968536526,0,0.005
WF-000503,2008-08-29 01:06:00,0,Pass,0.12909900431911814,1,0.07,0.4835277777777779,1,0.385,0.5440250515324302,1,0.485,0.24295308,1,0.015,0.16055906714728474,1,0.005,0.4688428959706235,1,0.005
WF-001520,2008-10-15 02:42:00,1,Fail,0.09398514339160395,1,0.07,0.3718611111111112,0,0.385,0.4782612109835078,0,0.485,0.019833755,1,0.015,0.014863291793702748,1,0.005,0.9976621231013805,1,0.005
WF-001175,2008-09-29 11:13:00,0,Pass,0.13292964700899412,1,0.07,0.5431666666666667,1,0.385,0.5736866049956506,1,0.485,0.3973113,1,0.015,0.07980026769791614,1,0.005,0.652562815051598,1,0.005
