threshold,recall_fail,precision_fail,f1_fail,balanced_accuracy,true_negative,false_positive,false_negative,true_positive,alert_count,alert_rate,false_alarms_per_detected_failure,operational_cost,model
0.005,1.0,0.06624102154828412,0.12425149700598802,0.5,0,1170,0,83,1253,1.0,14.096385542168674,1170.0,Baseline Random Forest
0.01,1.0,0.06624102154828412,0.12425149700598802,0.5,0,1170,0,83,1253,1.0,14.096385542168674,1170.0,Baseline Random Forest
0.015,1.0,0.06629392971246006,0.12434456928838951,0.5004273504273504,1,1169,0,83,1252,0.9992019154030327,14.08433734939759,1169.0,Baseline Random Forest
0.02,1.0,0.0666131621187801,0.12490594431903687,0.502991452991453,7,1163,0,83,1246,0.994413407821229,14.012048192771084,1163.0,Baseline Random Forest
0.025,1.0,0.06737012987012987,0.12623574144486693,0.5089743589743589,21,1149,0,83,1232,0.9832402234636871,13.843373493975903,1149.0,Baseline Random Forest
0.03,1.0,0.06893687707641195,0.128982128982129,0.520940170940171,49,1121,0,83,1204,0.9608938547486033,13.506024096385541,1121.0,Baseline Random Forest
0.035,1.0,0.07229965156794425,0.1348497156783103,0.5448717948717948,105,1065,0,83,1148,0.9162011173184358,12.831325301204819,1065.0,Baseline Random Forest
0.04,0.9879518072289156,0.07557603686635944,0.1404109589041096,0.5653434249819792,167,1003,1,82,1085,0.8659217877094972,12.231707317073171,1013.0,Baseline Random Forest
0.045,0.963855421686747,0.07952286282306163,0.14692378328741965,0.5862012151168777,244,926,3,80,1006,0.8028731045490822,11.575,956.0,Baseline Random Forest
0.05,0.9397590361445783,0.08333333333333333,0.15309126594700687,0.6032128514056225,312,858,5,78,936,0.7470071827613727,11.0,908.0,Baseline Random Forest
0.055,0.9036144578313253,0.08731082654249127,0.1592356687898089,0.6167644938729276,386,784,8,75,859,0.6855546687948922,10.453333333333333,864.0,Baseline Random Forest
0.06,0.8674698795180723,0.09411764705882353,0.16981132075471697,0.63758109360519,477,693,11,72,765,0.6105347166799681,9.625,803.0,Baseline Random Forest
0.065,0.7951807228915663,0.0967741935483871,0.17254901960784313,0.6343424981979199,554,616,17,66,682,0.5442936951316839,9.333333333333334,786.0,Baseline Random Forest
0.07,0.7590361445783133,0.105,0.18448023426061494,0.6500308928019771,633,537,20,63,600,0.4788507581803671,8.523809523809524,737.0,Baseline Random Forest
0.075,0.7228915662650602,0.11278195488721804,0.1951219512195122,0.6597363814231284,698,472,23,60,532,0.4245810055865922,7.866666666666666,702.0,Baseline Random Forest
0.08,0.6987951807228916,0.12159329140461216,0.20714285714285716,0.6703377613016168,751,419,25,58,477,0.38068635275339185,7.224137931034483,669.0,Baseline Random Forest
0.085,0.6144578313253012,0.12200956937799043,0.20359281437125748,0.6503913088250437,803,367,32,51,418,0.33359936153232245,7.196078431372549,687.0,Baseline Random Forest
0.09,0.5542168674698795,0.12921348314606743,0.20956719817767655,0.6446298012563073,860,310,37,46,356,0.2841181165203512,6.739130434782608,680.0,Baseline Random Forest
0.095,0.5301204819277109,0.13664596273291926,0.21728395061728395,0.6462568221604366,892,278,39,44,322,0.2569832402234637,6.318181818181818,668.0,Baseline Random Forest
0.1,0.5060240963855421,0.14736842105263157,0.22826086956521738,0.6491658943466172,927,243,41,42,285,0.22745411013567438,5.785714285714286,653.0,Baseline Random Forest
0.105,0.4819277108433735,0.15748031496062992,0.23738872403560832,0.6495108639686953,956,214,43,40,254,0.20271348762968874,5.35,644.0,Baseline Random Forest
0.11,0.39759036144578314,0.1542056074766355,0.2222222222222222,0.6214447533724642,989,181,50,33,214,0.1707901037509976,5.484848484848484,681.0,Baseline Random Forest
0.115,0.37349397590361444,0.15897435897435896,0.22302158273381295,0.6166615178663372,1006,164,52,31,195,0.1556264964086193,5.290322580645161,684.0,Baseline Random Forest
0.12,0.3373493975903614,0.16666666666666666,0.22310756972111553,0.6088456389661209,1030,140,55,28,168,0.1340782122905028,5.0,690.0,Baseline Random Forest
0.125,0.3373493975903614,0.19310344827586207,0.24561403508771928,0.6186746987951808,1053,117,55,28,145,0.11572226656025539,4.178571428571429,667.0,Baseline Random Forest
0.13,0.3132530120481928,0.2047244094488189,0.24761904761904763,0.6134641128617032,1069,101,57,26,127,0.10135674381484437,3.8846153846153846,671.0,Baseline Random Forest
0.135,0.30120481927710846,0.22522522522522523,0.25773195876288657,0.6138502728864175,1084,86,58,25,111,0.08858739026336791,3.44,666.0,Baseline Random Forest
0.14,0.2289156626506024,0.20430107526881722,0.2159090909090909,0.5828338997013696,1096,74,64,19,93,0.0742218675179569,3.8947368421052633,714.0,Baseline Random Forest
0.145,0.1927710843373494,0.19753086419753085,0.1951219512195122,0.5686077643908969,1105,65,67,16,81,0.06464485235434957,4.0625,735.0,Baseline Random Forest
0.15,0.18072289156626506,0.21428571428571427,0.19607843137254902,0.566857172278859,1115,55,68,15,70,0.055865921787709494,3.6666666666666665,735.0,Baseline Random Forest
0.155,0.1566265060240964,0.22413793103448276,0.18439716312056736,0.559082483781279,1125,45,70,13,58,0.04628890662410216,3.4615384615384617,745.0,Baseline Random Forest
0.16,0.14457831325301204,0.24,0.18045112781954886,0.5560498403871897,1132,38,71,12,50,0.03990422984836393,3.1666666666666665,748.0,Baseline Random Forest
0.165,0.13253012048192772,0.24444444444444444,0.171875,0.5517351457110493,1136,34,72,11,45,0.035913806863527534,3.090909090909091,754.0,Baseline Random Forest
0.17,0.10843373493975904,0.24324324324324326,0.15,0.5422510555040675,1142,28,74,9,37,0.029529130087789304,3.111111111111111,768.0,Baseline Random Forest
0.17500000000000002,0.10843373493975904,0.28125,0.1565217391304348,0.5443878076408196,1147,23,74,9,32,0.025538707102952914,2.5555555555555554,763.0,Baseline Random Forest
0.18,0.0963855421686747,0.3333333333333333,0.14953271028037382,0.5413551642467306,1154,16,75,8,24,0.019154030327214685,2.0,766.0,Baseline Random Forest
0.185,0.0963855421686747,0.36363636363636365,0.1523809523809524,0.5422098651014314,1156,14,75,8,22,0.017557861133280128,1.75,764.0,Baseline Random Forest
0.19,0.0963855421686747,0.38095238095238093,0.15384615384615385,0.5426372155287819,1157,13,75,8,21,0.01675977653631285,1.625,763.0,Baseline Random Forest
0.195,0.0963855421686747,0.38095238095238093,0.15384615384615385,0.5426372155287819,1157,13,75,8,21,0.01675977653631285,1.625,763.0,Baseline Random Forest
0.2,0.060240963855421686,0.3333333333333333,0.10204081632653061,0.5258469776542066,1160,10,78,5,15,0.011971268954509178,2.0,790.0,Baseline Random Forest
0.20500000000000002,0.060240963855421686,0.3333333333333333,0.10204081632653061,0.5258469776542066,1160,10,78,5,15,0.011971268954509178,2.0,790.0,Baseline Random Forest
0.21,0.060240963855421686,0.38461538461538464,0.10416666666666667,0.5267016785089075,1162,8,78,5,13,0.010375099760574621,1.6,788.0,Baseline Random Forest
0.215,0.04819277108433735,0.3333333333333333,0.08421052631578947,0.5206775821233652,1162,8,79,4,12,0.009577015163607342,2.0,798.0,Baseline Random Forest
0.22,0.04819277108433735,0.36363636363636365,0.0851063829787234,0.5211049325507157,1163,7,79,4,11,0.008778930566640064,1.75,797.0,Baseline Random Forest
0.225,0.04819277108433735,0.36363636363636365,0.0851063829787234,0.5211049325507157,1163,7,79,4,11,0.008778930566640064,1.75,797.0,Baseline Random Forest
0.23,0.04819277108433735,0.4,0.08602150537634409,0.5215322829780661,1164,6,79,4,10,0.007980845969672785,1.5,796.0,Baseline Random Forest
0.23500000000000001,0.03614457831325301,0.375,0.06593406593406594,0.5159355370198744,1165,5,80,3,8,0.006384676775738229,1.6666666666666667,805.0,Baseline Random Forest
0.24,0.03614457831325301,0.375,0.06593406593406594,0.5159355370198744,1165,5,80,3,8,0.006384676775738229,1.6666666666666667,805.0,Baseline Random Forest
0.245,0.024096385542168676,0.2857142857142857,0.044444444444444446,0.5099114406343322,1165,5,81,2,7,0.00558659217877095,2.5,815.0,Baseline Random Forest
0.25,0.012048192771084338,0.2,0.022727272727272728,0.5043146946761404,1166,4,82,1,5,0.0039904229848363925,4.0,824.0,Baseline Random Forest
0.255,0.012048192771084338,0.2,0.022727272727272728,0.5043146946761404,1166,4,82,1,5,0.0039904229848363925,4.0,824.0,Baseline Random Forest
0.26,0.012048192771084338,0.25,0.022988505747126436,0.5047420451034909,1167,3,82,1,4,0.0031923383878691143,3.0,823.0,Baseline Random Forest
0.265,0.012048192771084338,0.3333333333333333,0.023255813953488372,0.5051693955308413,1168,2,82,1,3,0.0023942537909018356,2.0,822.0,Baseline Random Forest
0.27,0.012048192771084338,0.5,0.023529411764705882,0.5055967459581917,1169,1,82,1,2,0.0015961691939345571,1.0,821.0,Baseline Random Forest
0.275,0.012048192771084338,1.0,0.023809523809523808,0.5060240963855421,1170,0,82,1,1,0.0007980845969672786,0.0,820.0,Baseline Random Forest
0.28,0.012048192771084338,1.0,0.023809523809523808,0.5060240963855421,1170,0,82,1,1,0.0007980845969672786,0.0,820.0,Baseline Random Forest
0.28500000000000003,0.0,0.0,0.0,0.5,1170,0,83,0,0,0.0,inf,830.0,Baseline Random Forest
0.29,0.0,0.0,0.0,0.5,1170,0,83,0,0,0.0,inf,830.0,Baseline Random Forest
0.295,0.0,0.0,0.0,0.5,1170,0,83,0,0,0.0,inf,830.0,Baseline Random Forest
0.3,0.0,0.0,0.0,0.5,1170,0,83,0,0,0.0,inf,830.0,Baseline Random Forest
0.305,0.0,0.0,0.0,0.5,1170,0,83,0,0,0.0,inf,830.0,Baseline Random Forest
0.31,0.0,0.0,0.0,0.5,1170,0,83,0,0,0.0,inf,830.0,Baseline Random Forest
0.315,0.0,0.0,0.0,0.5,1170,0,83,0,0,0.0,inf,830.0,Baseline Random Forest
0.32,0.0,0.0,0.0,0.5,1170,0,83,0,0,0.0,inf,830.0,Baseline Random Forest
0.325,0.0,0.0,0.0,0.5,1170,0,83,0,0,0.0,inf,830.0,Baseline Random Forest
0.33,0.0,0.0,0.0,0.5,1170,0,83,0,0,0.0,inf,830.0,Baseline Random Forest
0.335,0.0,0.0,0.0,0.5,1170,0,83,0,0,0.0,inf,830.0,Baseline Random Forest
0.34,0.0,0.0,0.0,0.5,1170,0,83,0,0,0.0,inf,830.0,Baseline Random Forest
0.34500000000000003,0.0,0.0,0.0,0.5,1170,0,83,0,0,0.0,inf,830.0,Baseline Random Forest
0.35000000000000003,0.0,0.0,0.0,0.5,1170,0,83,0,0,0.0,inf,830.0,Baseline Random Forest
0.355,0.0,0.0,0.0,0.5,1170,0,83,0,0,0.0,inf,830.0,Baseline Random Forest
0.36,0.0,0.0,0.0,0.5,1170,0,83,0,0,0.0,inf,830.0,Baseline Random Forest
0.365,0.0,0.0,0.0,0.5,1170,0,83,0,0,0.0,inf,830.0,Baseline Random Forest
0.37,0.0,0.0,0.0,0.5,1170,0,83,0,0,0.0,inf,830.0,Baseline Random Forest
0.375,0.0,0.0,0.0,0.5,1170,0,83,0,0,0.0,inf,830.0,Baseline Random Forest
0.38,0.0,0.0,0.0,0.5,1170,0,83,0,0,0.0,inf,830.0,Baseline Random Forest
0.385,0.0,0.0,0.0,0.5,1170,0,83,0,0,0.0,inf,830.0,Baseline Random Forest
0.39,0.0,0.0,0.0,0.5,1170,0,83,0,0,0.0,inf,830.0,Baseline Random Forest
0.395,0.0,0.0,0.0,0.5,1170,0,83,0,0,0.0,inf,830.0,Baseline Random Forest
0.4,0.0,0.0,0.0,0.5,1170,0,83,0,0,0.0,inf,830.0,Baseline Random Forest
0.405,0.0,0.0,0.0,0.5,1170,0,83,0,0,0.0,inf,830.0,Baseline Random Forest
0.41000000000000003,0.0,0.0,0.0,0.5,1170,0,83,0,0,0.0,inf,830.0,Baseline Random Forest
0.41500000000000004,0.0,0.0,0.0,0.5,1170,0,83,0,0,0.0,inf,830.0,Baseline Random Forest
0.42,0.0,0.0,0.0,0.5,1170,0,83,0,0,0.0,inf,830.0,Baseline Random Forest
0.425,0.0,0.0,0.0,0.5,1170,0,83,0,0,0.0,inf,830.0,Baseline Random Forest
0.43,0.0,0.0,0.0,0.5,1170,0,83,0,0,0.0,inf,830.0,Baseline Random Forest
0.435,0.0,0.0,0.0,0.5,1170,0,83,0,0,0.0,inf,830.0,Baseline Random Forest
0.44,0.0,0.0,0.0,0.5,1170,0,83,0,0,0.0,inf,830.0,Baseline Random Forest
0.445,0.0,0.0,0.0,0.5,1170,0,83,0,0,0.0,inf,830.0,Baseline Random Forest
0.45,0.0,0.0,0.0,0.5,1170,0,83,0,0,0.0,inf,830.0,Baseline Random Forest
0.455,0.0,0.0,0.0,0.5,1170,0,83,0,0,0.0,inf,830.0,Baseline Random Forest
0.46,0.0,0.0,0.0,0.5,1170,0,83,0,0,0.0,inf,830.0,Baseline Random Forest
0.465,0.0,0.0,0.0,0.5,1170,0,83,0,0,0.0,inf,830.0,Baseline Random Forest
0.47000000000000003,0.0,0.0,0.0,0.5,1170,0,83,0,0,0.0,inf,830.0,Baseline Random Forest
0.47500000000000003,0.0,0.0,0.0,0.5,1170,0,83,0,0,0.0,inf,830.0,Baseline Random Forest
0.48,0.0,0.0,0.0,0.5,1170,0,83,0,0,0.0,inf,830.0,Baseline Random Forest
0.485,0.0,0.0,0.0,0.5,1170,0,83,0,0,0.0,inf,830.0,Baseline Random Forest
0.49,0.0,0.0,0.0,0.5,1170,0,83,0,0,0.0,inf,830.0,Baseline Random Forest
0.495,0.0,0.0,0.0,0.5,1170,0,83,0,0,0.0,inf,830.0,Baseline Random Forest
0.5,0.0,0.0,0.0,0.5,1170,0,83,0,0,0.0,inf,830.0,Baseline Random Forest
0.505,0.0,0.0,0.0,0.5,1170,0,83,0,0,0.0,inf,830.0,Baseline Random Forest
0.51,0.0,0.0,0.0,0.5,1170,0,83,0,0,0.0,inf,830.0,Baseline Random Forest
0.515,0.0,0.0,0.0,0.5,1170,0,83,0,0,0.0,inf,830.0,Baseline Random Forest
0.52,0.0,0.0,0.0,0.5,1170,0,83,0,0,0.0,inf,830.0,Baseline Random Forest
0.525,0.0,0.0,0.0,0.5,1170,0,83,0,0,0.0,inf,830.0,Baseline Random Forest
0.53,0.0,0.0,0.0,0.5,1170,0,83,0,0,0.0,inf,830.0,Baseline Random Forest
0.535,0.0,0.0,0.0,0.5,1170,0,83,0,0,0.0,inf,830.0,Baseline Random Forest
0.54,0.0,0.0,0.0,0.5,1170,0,83,0,0,0.0,inf,830.0,Baseline Random Forest
0.545,0.0,0.0,0.0,0.5,1170,0,83,0,0,0.0,inf,830.0,Baseline Random Forest
0.55,0.0,0.0,0.0,0.5,1170,0,83,0,0,0.0,inf,830.0,Baseline Random Forest
0.555,0.0,0.0,0.0,0.5,1170,0,83,0,0,0.0,inf,830.0,Baseline Random Forest
0.56,0.0,0.0,0.0,0.5,1170,0,83,0,0,0.0,inf,830.0,Baseline Random Forest
0.5650000000000001,0.0,0.0,0.0,0.5,1170,0,83,0,0,0.0,inf,830.0,Baseline Random Forest
0.5700000000000001,0.0,0.0,0.0,0.5,1170,0,83,0,0,0.0,inf,830.0,Baseline Random Forest
0.5750000000000001,0.0,0.0,0.0,0.5,1170,0,83,0,0,0.0,inf,830.0,Baseline Random Forest
0.58,0.0,0.0,0.0,0.5,1170,0,83,0,0,0.0,inf,830.0,Baseline Random Forest
0.585,0.0,0.0,0.0,0.5,1170,0,83,0,0,0.0,inf,830.0,Baseline Random Forest
0.59,0.0,0.0,0.0,0.5,1170,0,83,0,0,0.0,inf,830.0,Baseline Random Forest
0.595,0.0,0.0,0.0,0.5,1170,0,83,0,0,0.0,inf,830.0,Baseline Random Forest
0.6,0.0,0.0,0.0,0.5,1170,0,83,0,0,0.0,inf,830.0,Baseline Random Forest
0.605,0.0,0.0,0.0,0.5,1170,0,83,0,0,0.0,inf,830.0,Baseline Random Forest
0.61,0.0,0.0,0.0,0.5,1170,0,83,0,0,0.0,inf,830.0,Baseline Random Forest
0.615,0.0,0.0,0.0,0.5,1170,0,83,0,0,0.0,inf,830.0,Baseline Random Forest
0.62,0.0,0.0,0.0,0.5,1170,0,83,0,0,0.0,inf,830.0,Baseline Random Forest
0.625,0.0,0.0,0.0,0.5,1170,0,83,0,0,0.0,inf,830.0,Baseline Random Forest
0.63,0.0,0.0,0.0,0.5,1170,0,83,0,0,0.0,inf,830.0,Baseline Random Forest
0.635,0.0,0.0,0.0,0.5,1170,0,83,0,0,0.0,inf,830.0,Baseline Random Forest
0.64,0.0,0.0,0.0,0.5,1170,0,83,0,0,0.0,inf,830.0,Baseline Random Forest
0.645,0.0,0.0,0.0,0.5,1170,0,83,0,0,0.0,inf,830.0,Baseline Random Forest
0.65,0.0,0.0,0.0,0.5,1170,0,83,0,0,0.0,inf,830.0,Baseline Random Forest
0.655,0.0,0.0,0.0,0.5,1170,0,83,0,0,0.0,inf,830.0,Baseline Random Forest
0.66,0.0,0.0,0.0,0.5,1170,0,83,0,0,0.0,inf,830.0,Baseline Random Forest
0.665,0.0,0.0,0.0,0.5,1170,0,83,0,0,0.0,inf,830.0,Baseline Random Forest
0.67,0.0,0.0,0.0,0.5,1170,0,83,0,0,0.0,inf,830.0,Baseline Random Forest
0.675,0.0,0.0,0.0,0.5,1170,0,83,0,0,0.0,inf,830.0,Baseline Random Forest
0.68,0.0,0.0,0.0,0.5,1170,0,83,0,0,0.0,inf,830.0,Baseline Random Forest
0.685,0.0,0.0,0.0,0.5,1170,0,83,0,0,0.0,inf,830.0,Baseline Random Forest
0.6900000000000001,0.0,0.0,0.0,0.5,1170,0,83,0,0,0.0,inf,830.0,Baseline Random Forest
0.6950000000000001,0.0,0.0,0.0,0.5,1170,0,83,0,0,0.0,inf,830.0,Baseline Random Forest
0.7000000000000001,0.0,0.0,0.0,0.5,1170,0,83,0,0,0.0,inf,830.0,Baseline Random Forest
0.705,0.0,0.0,0.0,0.5,1170,0,83,0,0,0.0,inf,830.0,Baseline Random Forest
0.71,0.0,0.0,0.0,0.5,1170,0,83,0,0,0.0,inf,830.0,Baseline Random Forest
0.715,0.0,0.0,0.0,0.5,1170,0,83,0,0,0.0,inf,830.0,Baseline Random Forest
0.72,0.0,0.0,0.0,0.5,1170,0,83,0,0,0.0,inf,830.0,Baseline Random Forest
0.725,0.0,0.0,0.0,0.5,1170,0,83,0,0,0.0,inf,830.0,Baseline Random Forest
0.73,0.0,0.0,0.0,0.5,1170,0,83,0,0,0.0,inf,830.0,Baseline Random Forest
0.735,0.0,0.0,0.0,0.5,1170,0,83,0,0,0.0,inf,830.0,Baseline Random Forest
0.74,0.0,0.0,0.0,0.5,1170,0,83,0,0,0.0,inf,830.0,Baseline Random Forest
0.745,0.0,0.0,0.0,0.5,1170,0,83,0,0,0.0,inf,830.0,Baseline Random Forest
0.75,0.0,0.0,0.0,0.5,1170,0,83,0,0,0.0,inf,830.0,Baseline Random Forest
0.755,0.0,0.0,0.0,0.5,1170,0,83,0,0,0.0,inf,830.0,Baseline Random Forest
0.76,0.0,0.0,0.0,0.5,1170,0,83,0,0,0.0,inf,830.0,Baseline Random Forest
0.765,0.0,0.0,0.0,0.5,1170,0,83,0,0,0.0,inf,830.0,Baseline Random Forest
0.77,0.0,0.0,0.0,0.5,1170,0,83,0,0,0.0,inf,830.0,Baseline Random Forest
0.775,0.0,0.0,0.0,0.5,1170,0,83,0,0,0.0,inf,830.0,Baseline Random Forest
0.78,0.0,0.0,0.0,0.5,1170,0,83,0,0,0.0,inf,830.0,Baseline Random Forest
0.785,0.0,0.0,0.0,0.5,1170,0,83,0,0,0.0,inf,830.0,Baseline Random Forest
0.79,0.0,0.0,0.0,0.5,1170,0,83,0,0,0.0,inf,830.0,Baseline Random Forest
0.795,0.0,0.0,0.0,0.5,1170,0,83,0,0,0.0,inf,830.0,Baseline Random Forest
0.8,0.0,0.0,0.0,0.5,1170,0,83,0,0,0.0,inf,830.0,Baseline Random Forest
0.805,0.0,0.0,0.0,0.5,1170,0,83,0,0,0.0,inf,830.0,Baseline Random Forest
0.81,0.0,0.0,0.0,0.5,1170,0,83,0,0,0.0,inf,830.0,Baseline Random Forest
0.8150000000000001,0.0,0.0,0.0,0.5,1170,0,83,0,0,0.0,inf,830.0,Baseline Random Forest
0.8200000000000001,0.0,0.0,0.0,0.5,1170,0,83,0,0,0.0,inf,830.0,Baseline Random Forest
0.8250000000000001,0.0,0.0,0.0,0.5,1170,0,83,0,0,0.0,inf,830.0,Baseline Random Forest
0.8300000000000001,0.0,0.0,0.0,0.5,1170,0,83,0,0,0.0,inf,830.0,Baseline Random Forest
0.835,0.0,0.0,0.0,0.5,1170,0,83,0,0,0.0,inf,830.0,Baseline Random Forest
0.84,0.0,0.0,0.0,0.5,1170,0,83,0,0,0.0,inf,830.0,Baseline Random Forest
0.845,0.0,0.0,0.0,0.5,1170,0,83,0,0,0.0,inf,830.0,Baseline Random Forest
0.85,0.0,0.0,0.0,0.5,1170,0,83,0,0,0.0,inf,830.0,Baseline Random Forest
0.855,0.0,0.0,0.0,0.5,1170,0,83,0,0,0.0,inf,830.0,Baseline Random Forest
0.86,0.0,0.0,0.0,0.5,1170,0,83,0,0,0.0,inf,830.0,Baseline Random Forest
0.865,0.0,0.0,0.0,0.5,1170,0,83,0,0,0.0,inf,830.0,Baseline Random Forest
0.87,0.0,0.0,0.0,0.5,1170,0,83,0,0,0.0,inf,830.0,Baseline Random Forest
0.875,0.0,0.0,0.0,0.5,1170,0,83,0,0,0.0,inf,830.0,Baseline Random Forest
0.88,0.0,0.0,0.0,0.5,1170,0,83,0,0,0.0,inf,830.0,Baseline Random Forest
0.885,0.0,0.0,0.0,0.5,1170,0,83,0,0,0.0,inf,830.0,Baseline Random Forest
0.89,0.0,0.0,0.0,0.5,1170,0,83,0,0,0.0,inf,830.0,Baseline Random Forest
0.895,0.0,0.0,0.0,0.5,1170,0,83,0,0,0.0,inf,830.0,Baseline Random Forest
0.9,0.0,0.0,0.0,0.5,1170,0,83,0,0,0.0,inf,830.0,Baseline Random Forest
0.905,0.0,0.0,0.0,0.5,1170,0,83,0,0,0.0,inf,830.0,Baseline Random Forest
0.91,0.0,0.0,0.0,0.5,1170,0,83,0,0,0.0,inf,830.0,Baseline Random Forest
0.915,0.0,0.0,0.0,0.5,1170,0,83,0,0,0.0,inf,830.0,Baseline Random Forest
0.92,0.0,0.0,0.0,0.5,1170,0,83,0,0,0.0,inf,830.0,Baseline Random Forest
0.925,0.0,0.0,0.0,0.5,1170,0,83,0,0,0.0,inf,830.0,Baseline Random Forest
0.93,0.0,0.0,0.0,0.5,1170,0,83,0,0,0.0,inf,830.0,Baseline Random Forest
0.935,0.0,0.0,0.0,0.5,1170,0,83,0,0,0.0,inf,830.0,Baseline Random Forest
0.9400000000000001,0.0,0.0,0.0,0.5,1170,0,83,0,0,0.0,inf,830.0,Baseline Random Forest
0.9450000000000001,0.0,0.0,0.0,0.5,1170,0,83,0,0,0.0,inf,830.0,Baseline Random Forest
0.9500000000000001,0.0,0.0,0.0,0.5,1170,0,83,0,0,0.0,inf,830.0,Baseline Random Forest
0.9550000000000001,0.0,0.0,0.0,0.5,1170,0,83,0,0,0.0,inf,830.0,Baseline Random Forest
0.96,0.0,0.0,0.0,0.5,1170,0,83,0,0,0.0,inf,830.0,Baseline Random Forest
0.965,0.0,0.0,0.0,0.5,1170,0,83,0,0,0.0,inf,830.0,Baseline Random Forest
0.97,0.0,0.0,0.0,0.5,1170,0,83,0,0,0.0,inf,830.0,Baseline Random Forest
0.975,0.0,0.0,0.0,0.5,1170,0,83,0,0,0.0,inf,830.0,Baseline Random Forest
0.98,0.0,0.0,0.0,0.5,1170,0,83,0,0,0.0,inf,830.0,Baseline Random Forest
0.985,0.0,0.0,0.0,0.5,1170,0,83,0,0,0.0,inf,830.0,Baseline Random Forest
0.99,0.0,0.0,0.0,0.5,1170,0,83,0,0,0.0,inf,830.0,Baseline Random Forest
0.995,0.0,0.0,0.0,0.5,1170,0,83,0,0,0.0,inf,830.0,Baseline Random Forest
0.005,1.0,0.06624102154828412,0.12425149700598802,0.5,0,1170,0,83,1253,1.0,14.096385542168674,1170.0,Balanced Random Forest
0.01,1.0,0.06624102154828412,0.12425149700598802,0.5,0,1170,0,83,1253,1.0,14.096385542168674,1170.0,Balanced Random Forest
0.015,1.0,0.06624102154828412,0.12425149700598802,0.5,0,1170,0,83,1253,1.0,14.096385542168674,1170.0,Balanced Random Forest
0.02,1.0,0.06624102154828412,0.12425149700598802,0.5,0,1170,0,83,1253,1.0,14.096385542168674,1170.0,Balanced Random Forest
0.025,1.0,0.06624102154828412,0.12425149700598802,0.5,0,1170,0,83,1253,1.0,14.096385542168674,1170.0,Balanced Random Forest
0.03,1.0,0.06624102154828412,0.12425149700598802,0.5,0,1170,0,83,1253,1.0,14.096385542168674,1170.0,Balanced Random Forest
0.035,1.0,0.06624102154828412,0.12425149700598802,0.5,0,1170,0,83,1253,1.0,14.096385542168674,1170.0,Balanced Random Forest
0.04,1.0,0.06624102154828412,0.12425149700598802,0.5,0,1170,0,83,1253,1.0,14.096385542168674,1170.0,Balanced Random Forest
0.045,1.0,0.06624102154828412,0.12425149700598802,0.5,0,1170,0,83,1253,1.0,14.096385542168674,1170.0,Balanced Random Forest
0.05,1.0,0.06624102154828412,0.12425149700598802,0.5,0,1170,0,83,1253,1.0,14.096385542168674,1170.0,Balanced Random Forest
0.055,1.0,0.06624102154828412,0.12425149700598802,0.5,0,1170,0,83,1253,1.0,14.096385542168674,1170.0,Balanced Random Forest
0.06,1.0,0.06624102154828412,0.12425149700598802,0.5,0,1170,0,83,1253,1.0,14.096385542168674,1170.0,Balanced Random Forest
0.065,1.0,0.06624102154828412,0.12425149700598802,0.5,0,1170,0,83,1253,1.0,14.096385542168674,1170.0,Balanced Random Forest
0.07,1.0,0.06624102154828412,0.12425149700598802,0.5,0,1170,0,83,1253,1.0,14.096385542168674,1170.0,Balanced Random Forest
0.075,1.0,0.06624102154828412,0.12425149700598802,0.5,0,1170,0,83,1253,1.0,14.096385542168674,1170.0,Balanced Random Forest
0.08,1.0,0.06624102154828412,0.12425149700598802,0.5,0,1170,0,83,1253,1.0,14.096385542168674,1170.0,Balanced Random Forest
0.085,1.0,0.06624102154828412,0.12425149700598802,0.5,0,1170,0,83,1253,1.0,14.096385542168674,1170.0,Balanced Random Forest
0.09,1.0,0.06624102154828412,0.12425149700598802,0.5,0,1170,0,83,1253,1.0,14.096385542168674,1170.0,Balanced Random Forest
0.095,1.0,0.06624102154828412,0.12425149700598802,0.5,0,1170,0,83,1253,1.0,14.096385542168674,1170.0,Balanced Random Forest
0.1,1.0,0.06624102154828412,0.12425149700598802,0.5,0,1170,0,83,1253,1.0,14.096385542168674,1170.0,Balanced Random Forest
0.105,1.0,0.06624102154828412,0.12425149700598802,0.5,0,1170,0,83,1253,1.0,14.096385542168674,1170.0,Balanced Random Forest
0.11,1.0,0.06624102154828412,0.12425149700598802,0.5,0,1170,0,83,1253,1.0,14.096385542168674,1170.0,Balanced Random Forest
0.115,1.0,0.06624102154828412,0.12425149700598802,0.5,0,1170,0,83,1253,1.0,14.096385542168674,1170.0,Balanced Random Forest
0.12,1.0,0.06624102154828412,0.12425149700598802,0.5,0,1170,0,83,1253,1.0,14.096385542168674,1170.0,Balanced Random Forest
0.125,1.0,0.06624102154828412,0.12425149700598802,0.5,0,1170,0,83,1253,1.0,14.096385542168674,1170.0,Balanced Random Forest
0.13,1.0,0.06624102154828412,0.12425149700598802,0.5,0,1170,0,83,1253,1.0,14.096385542168674,1170.0,Balanced Random Forest
0.135,1.0,0.06624102154828412,0.12425149700598802,0.5,0,1170,0,83,1253,1.0,14.096385542168674,1170.0,Balanced Random Forest
0.14,1.0,0.06624102154828412,0.12425149700598802,0.5,0,1170,0,83,1253,1.0,14.096385542168674,1170.0,Balanced Random Forest
0.145,1.0,0.06624102154828412,0.12425149700598802,0.5,0,1170,0,83,1253,1.0,14.096385542168674,1170.0,Balanced Random Forest
0.15,1.0,0.06624102154828412,0.12425149700598802,0.5,0,1170,0,83,1253,1.0,14.096385542168674,1170.0,Balanced Random Forest
0.155,1.0,0.06624102154828412,0.12425149700598802,0.5,0,1170,0,83,1253,1.0,14.096385542168674,1170.0,Balanced Random Forest
0.16,1.0,0.06624102154828412,0.12425149700598802,0.5,0,1170,0,83,1253,1.0,14.096385542168674,1170.0,Balanced Random Forest
0.165,1.0,0.06624102154828412,0.12425149700598802,0.5,0,1170,0,83,1253,1.0,14.096385542168674,1170.0,Balanced Random Forest
0.17,1.0,0.06624102154828412,0.12425149700598802,0.5,0,1170,0,83,1253,1.0,14.096385542168674,1170.0,Balanced Random Forest
0.17500000000000002,1.0,0.06624102154828412,0.12425149700598802,0.5,0,1170,0,83,1253,1.0,14.096385542168674,1170.0,Balanced Random Forest
0.18,1.0,0.06624102154828412,0.12425149700598802,0.5,0,1170,0,83,1253,1.0,14.096385542168674,1170.0,Balanced Random Forest
0.185,1.0,0.06624102154828412,0.12425149700598802,0.5,0,1170,0,83,1253,1.0,14.096385542168674,1170.0,Balanced Random Forest
0.19,1.0,0.06624102154828412,0.12425149700598802,0.5,0,1170,0,83,1253,1.0,14.096385542168674,1170.0,Balanced Random Forest
0.195,1.0,0.06624102154828412,0.12425149700598802,0.5,0,1170,0,83,1253,1.0,14.096385542168674,1170.0,Balanced Random Forest
0.2,1.0,0.06624102154828412,0.12425149700598802,0.5,0,1170,0,83,1253,1.0,14.096385542168674,1170.0,Balanced Random Forest
0.20500000000000002,1.0,0.06624102154828412,0.12425149700598802,0.5,0,1170,0,83,1253,1.0,14.096385542168674,1170.0,Balanced Random Forest
0.21,1.0,0.06629392971246006,0.12434456928838951,0.5004273504273504,1,1169,0,83,1252,0.9992019154030327,14.08433734939759,1169.0,Balanced Random Forest
0.215,1.0,0.0664,0.1245311327831958,0.5012820512820513,3,1167,0,83,1250,0.9976057462090981,14.060240963855422,1167.0,Balanced Random Forest
0.22,1.0,0.0664,0.1245311327831958,0.5012820512820513,3,1167,0,83,1250,0.9976057462090981,14.060240963855422,1167.0,Balanced Random Forest
0.225,1.0,0.06650641025641026,0.1247182569496619,0.5021367521367521,5,1165,0,83,1248,0.9960095770151636,14.036144578313253,1165.0,Balanced Random Forest
0.23,1.0,0.0666131621187801,0.12490594431903687,0.502991452991453,7,1163,0,83,1246,0.994413407821229,14.012048192771084,1163.0,Balanced Random Forest
0.23500000000000001,1.0,0.06704361873990307,0.12566237698713095,0.5064102564102564,15,1155,0,83,1238,0.9880287310454908,13.91566265060241,1155.0,Balanced Random Forest
0.24,1.0,0.06747967479674796,0.12642802741812642,0.5098290598290598,23,1147,0,83,1230,0.9816440542697525,13.819277108433734,1147.0,Balanced Random Forest
0.245,1.0,0.06781045751633986,0.12700841622035194,0.5123931623931623,29,1141,0,83,1224,0.9768555466879489,13.74698795180723,1141.0,Balanced Random Forest
0.25,1.0,0.06808859721082855,0.12749615975422426,0.5145299145299145,34,1136,0,83,1219,0.9728651237031125,13.686746987951807,1136.0,Balanced Random Forest
0.255,1.0,0.06859504132231405,0.12838360402165508,0.5183760683760684,43,1127,0,83,1210,0.965682362330407,13.578313253012048,1127.0,Balanced Random Forest
0.26,1.0,0.06922435362802336,0.1294851794071763,0.5230769230769231,54,1116,0,83,1199,0.9569034317637669,13.44578313253012,1116.0,Balanced Random Forest
0.265,1.0,0.0699831365935919,0.13081166272655634,0.5286324786324786,67,1103,0,83,1186,0.9465283320031923,13.289156626506024,1103.0,Balanced Random Forest
0.27,1.0,0.07063829787234042,0.13195548489666137,0.5333333333333333,78,1092,0,83,1175,0.9377494014365523,13.156626506024097,1092.0,Balanced Random Forest
0.275,1.0,0.0714900947459087,0.13344051446945338,0.5393162393162393,92,1078,0,83,1161,0.9265762170790104,12.987951807228916,1078.0,Balanced Random Forest
0.28,1.0,0.07248908296943231,0.13517915309446255,0.5461538461538462,108,1062,0,83,1145,0.9138068635275339,12.795180722891565,1062.0,Balanced Random Forest
0.28500000000000003,1.0,0.07345132743362832,0.1368507831821929,0.5525641025641026,123,1047,0,83,1130,0.9018355945730248,12.614457831325302,1047.0,Balanced Random Forest
0.29,1.0,0.07457322551662174,0.13879598662207357,0.5598290598290598,140,1030,0,83,1113,0.888268156424581,12.409638554216867,1030.0,Balanced Random Forest
0.295,1.0,0.07614678899082569,0.14151747655583974,0.5696581196581196,163,1007,0,83,1090,0.8699122106943336,12.132530120481928,1007.0,Balanced Random Forest
0.3,0.9759036144578314,0.07598499061913697,0.1409921671018277,0.5670116362887447,185,985,2,81,1066,0.8507581803671189,12.160493827160494,1005.0,Balanced Random Forest
0.305,0.963855421686747,0.07677543186180422,0.14222222222222222,0.5708165997322624,208,962,3,80,1042,0.8316041500399042,12.025,992.0,Balanced Random Forest
0.31,0.963855421686747,0.07920792079207921,0.1463860933211345,0.584491813407476,240,930,3,80,1010,0.8060654429369514,11.625,960.0,Balanced Random Forest
0.315,0.9518072289156626,0.08061224489795918,0.14863593603010347,0.5908608794150962,269,901,4,79,980,0.7821229050279329,11.405063291139241,941.0,Balanced Random Forest
0.32,0.9518072289156626,0.08289611752360965,0.1525096525096525,0.6023993409535577,296,874,4,79,953,0.7605746209098164,11.063291139240507,914.0,Balanced Random Forest
0.325,0.9397590361445783,0.08478260869565217,0.15553339980059822,0.6100504582432293,328,842,5,78,920,0.7342378292098962,10.794871794871796,892.0,Balanced Random Forest
0.33,0.9397590361445783,0.08783783783783784,0.16065911431513905,0.623725671918443,360,810,5,78,888,0.7086991221069433,10.384615384615385,860.0,Balanced Random Forest
0.335,0.9156626506024096,0.08941176470588236,0.16291532690246516,0.627062094531974,396,774,7,76,850,0.6783719074221868,10.18421052631579,844.0,Balanced Random Forest
0.34,0.891566265060241,0.09002433090024331,0.16353591160220995,0.6261250128720008,422,748,9,74,822,0.656025538707103,10.108108108108109,838.0,Balanced Random Forest
0.34500000000000003,0.8795180722891566,0.09263959390862944,0.16762342135476463,0.6342034805890228,455,715,10,73,788,0.6288906624102155,9.794520547945206,815.0,Balanced Random Forest
0.35000000000000003,0.8674698795180723,0.09587217043941411,0.17266187050359713,0.643563999588096,491,679,11,72,751,0.5993615323224262,9.430555555555555,789.0,Balanced Random Forest
0.355,0.8674698795180723,0.1016949152542373,0.1820480404551201,0.6619400679641644,534,636,11,72,708,0.5650438946528332,8.833333333333334,746.0,Balanced Random Forest
0.36,0.8554216867469879,0.10425844346549193,0.18586387434554974,0.6670270826897333,560,610,12,71,681,0.5434956105347167,8.591549295774648,730.0,Balanced Random Forest
0.365,0.8554216867469879,0.11076443057722309,0.19613259668508287,0.6841210997837504,600,570,12,71,641,0.5115722266560255,8.028169014084508,690.0,Balanced Random Forest
0.37,0.8433734939759037,0.11456628477905073,0.2017291066282421,0.6904901657913707,629,541,13,70,611,0.4876296887470072,7.728571428571429,671.0,Balanced Random Forest
0.375,0.8192771084337349,0.11764705882352941,0.20574886535552195,0.6916898362681495,660,510,15,68,578,0.461292897047087,7.5,660.0,Balanced Random Forest
0.38,0.7951807228915663,0.12244897959183673,0.21221864951768488,0.695453609309031,697,473,17,66,539,0.4301675977653631,7.166666666666667,643.0,Balanced Random Forest
0.385,0.7710843373493976,0.12673267326732673,0.21768707482993196,0.6970806302131604,729,441,19,64,505,0.4030327214684757,6.890625,631.0,Balanced Random Forest
0.39,0.7349397590361446,0.12842105263157894,0.21863799283154123,0.6905468025949955,756,414,22,61,475,0.3790901835594573,6.786885245901639,634.0,Balanced Random Forest
0.395,0.7108433734939759,0.1319910514541387,0.22264150943396227,0.689609720935022,782,388,24,59,447,0.3567438148443735,6.576271186440678,628.0,Balanced Random Forest
0.4,0.6746987951807228,0.13526570048309178,0.22535211267605634,0.6843579445989084,812,358,27,56,414,0.3304070231444533,6.392857142857143,628.0,Balanced Random Forest
0.405,0.6144578313253012,0.13010204081632654,0.21473684210526317,0.6615024199361549,829,341,32,51,392,0.3128491620111732,6.686274509803922,661.0,Balanced Random Forest
0.41000000000000003,0.6144578313253012,0.13783783783783785,0.2251655629139073,0.6709041293378643,851,319,32,51,370,0.29529130087789307,6.254901960784314,639.0,Balanced Random Forest
0.41500000000000004,0.5783132530120482,0.1411764705882353,0.22695035460992907,0.6643703017196994,878,292,35,48,340,0.2713487629688747,6.083333333333333,642.0,Balanced Random Forest
0.42,0.5783132530120482,0.14814814814814814,0.23587223587223588,0.6712079085573062,894,276,35,48,324,0.25857940941739826,5.75,626.0,Balanced Random Forest
0.425,0.5542168674698795,0.15333333333333332,0.2402088772845953,0.6685614251879313,916,254,37,46,300,0.23942537909018355,5.521739130434782,624.0,Balanced Random Forest
0.43,0.5180722891566265,0.1524822695035461,0.2356164383561644,0.6568993924415611,931,239,40,43,282,0.22505985634477255,5.558139534883721,639.0,Balanced Random Forest
0.435,0.4819277108433735,0.15037593984962405,0.22922636103151864,0.6443826588404902,944,226,43,40,266,0.2122905027932961,5.65,656.0,Balanced Random Forest
0.44,0.4819277108433735,0.16260162601626016,0.24316109422492402,0.6529296673874987,964,206,43,40,246,0.19632881085395051,5.15,636.0,Balanced Random Forest
0.445,0.4578313253012048,0.1630901287553648,0.24050632911392406,0.6455823293172691,975,195,45,38,233,0.18595371109337588,5.131578947368421,645.0,Balanced Random Forest
0.45,0.4457831325301205,0.16818181818181818,0.24422442244224424,0.644686438059932,987,183,46,37,220,0.17557861133280128,4.945945945945946,643.0,Balanced Random Forest
0.455,0.43373493975903615,0.1782178217821782,0.25263157894736843,0.6459272989393471,1004,166,47,36,202,0.16121308858739025,4.611111111111111,636.0,Balanced Random Forest
0.46,0.40963855421686746,0.17708333333333334,0.24727272727272728,0.6372979095870662,1012,158,49,34,192,0.15323224261771748,4.647058823529412,648.0,Balanced Random Forest
0.465,0.40963855421686746,0.19318181818181818,0.2625482625482625,0.644135516424673,1028,142,49,34,176,0.14046288906624102,4.176470588235294,632.0,Balanced Random Forest
0.47000000000000003,0.40963855421686746,0.20359281437125748,0.272,0.6479816702708269,1037,133,49,34,167,0.1332801276935355,3.911764705882353,623.0,Balanced Random Forest
0.47500000000000003,0.3614457831325301,0.2,0.2575107296137339,0.6294408402842138,1050,120,53,30,150,0.11971268954509177,4.0,650.0,Balanced Random Forest
0.48,0.3493975903614458,0.21804511278195488,0.26851851851851855,0.6302543507362784,1066,104,54,29,133,0.10614525139664804,3.586206896551724,644.0,Balanced Random Forest
0.485,0.3493975903614458,0.23387096774193547,0.28019323671497587,0.6341005045824323,1075,95,54,29,124,0.09896249002394254,3.2758620689655173,635.0,Balanced Random Forest
0.49,0.3373493975903614,0.24561403508771928,0.28426395939086296,0.631922562043044,1084,86,55,28,114,0.09098164405426976,3.0714285714285716,636.0,Balanced Random Forest
0.495,0.27710843373493976,0.22772277227722773,0.25,0.6052208835341366,1092,78,60,23,101,0.08060654429369513,3.391304347826087,678.0,Balanced Random Forest
0.5,0.25301204819277107,0.23595505617977527,0.2441860465116279,0.5974461950365565,1102,68,62,21,89,0.0710295291300878,3.238095238095238,688.0,Balanced Random Forest
0.505,0.2289156626506024,0.24050632911392406,0.2345679012345679,0.5888168056842755,1110,60,64,19,79,0.06304868316041501,3.1578947368421053,700.0,Balanced Random Forest
0.51,0.21686746987951808,0.2571428571428571,0.23529411764705882,0.5862115127175368,1118,52,65,18,70,0.055865921787709494,2.888888888888889,702.0,Balanced Random Forest
0.515,0.20481927710843373,0.26153846153846155,0.22972972972972974,0.5818968180413964,1122,48,66,17,65,0.05187549880287311,2.823529411764706,708.0,Balanced Random Forest
0.52,0.1927710843373494,0.2711864406779661,0.22535211267605634,0.5780094737926064,1127,43,67,16,59,0.047086991221069435,2.6875,713.0,Balanced Random Forest
0.525,0.1686746987951807,0.25,0.2014388489208633,0.5663886314488724,1128,42,69,14,56,0.0446927374301676,3.0,732.0,Balanced Random Forest
0.53,0.13253012048192772,0.2391304347826087,0.17054263565891473,0.5513077952836989,1135,35,72,11,46,0.03671189146049481,3.1818181818181817,755.0,Balanced Random Forest
0.535,0.13253012048192772,0.2558139534883721,0.1746031746031746,0.5525898465657502,1138,32,72,11,43,0.034317637669592976,2.909090909090909,752.0,Balanced Random Forest
0.54,0.12048192771084337,0.2564102564102564,0.16393442622950818,0.5478478014622593,1141,29,73,10,39,0.03112529928172386,2.9,759.0,Balanced Random Forest
0.545,0.0963855421686747,0.24242424242424243,0.13793103448275862,0.5375090104005766,1145,25,75,8,33,0.026336791699920193,3.125,775.0,Balanced Random Forest
0.55,0.0963855421686747,0.25806451612903225,0.14035087719298245,0.5383637112552775,1147,23,75,8,31,0.024740622505985636,2.875,773.0,Balanced Random Forest
0.555,0.0963855421686747,0.27586206896551724,0.14285714285714285,0.5392184121099783,1149,21,75,8,29,0.02314445331205108,2.625,771.0,Balanced Random Forest
0.56,0.08433734939759036,0.2916666666666667,0.1308411214953271,0.5349037174338379,1153,17,76,7,24,0.019154030327214685,2.4285714285714284,777.0,Balanced Random Forest
0.5650000000000001,0.08433734939759036,0.35,0.13592233009708737,0.5366131191432396,1157,13,76,7,20,0.01596169193934557,1.8571428571428572,773.0,Balanced Random Forest
0.5700000000000001,0.08433734939759036,0.3684210526315789,0.13725490196078433,0.53704046957059,1158,12,76,7,19,0.015163607342378291,1.7142857142857142,772.0,Balanced Random Forest
0.5750000000000001,0.07228915662650602,0.42857142857142855,0.12371134020618557,0.5327257748944496,1162,8,77,6,14,0.0111731843575419,1.3333333333333333,778.0,Balanced Random Forest
0.58,0.060240963855421686,0.38461538461538464,0.10416666666666667,0.5267016785089075,1162,8,78,5,13,0.010375099760574621,1.6,788.0,Balanced Random Forest
0.585,0.03614457831325301,0.3,0.06451612903225806,0.5150808361651735,1163,7,80,3,10,0.007980845969672785,2.3333333333333335,807.0,Balanced Random Forest
0.59,0.024096385542168676,0.2857142857142857,0.044444444444444446,0.5099114406343322,1165,5,81,2,7,0.00558659217877095,2.5,815.0,Balanced Random Forest
0.595,0.012048192771084338,0.16666666666666666,0.02247191011235955,0.50388734424879,1165,5,82,1,6,0.004788507581803671,5.0,825.0,Balanced Random Forest
0.6,0.012048192771084338,0.2,0.022727272727272728,0.5043146946761404,1166,4,82,1,5,0.0039904229848363925,4.0,824.0,Balanced Random Forest
0.605,0.012048192771084338,0.2,0.022727272727272728,0.5043146946761404,1166,4,82,1,5,0.0039904229848363925,4.0,824.0,Balanced Random Forest
0.61,0.012048192771084338,0.25,0.022988505747126436,0.5047420451034909,1167,3,82,1,4,0.0031923383878691143,3.0,823.0,Balanced Random Forest
0.615,0.012048192771084338,0.3333333333333333,0.023255813953488372,0.5051693955308413,1168,2,82,1,3,0.0023942537909018356,2.0,822.0,Balanced Random Forest
0.62,0.012048192771084338,0.5,0.023529411764705882,0.5055967459581917,1169,1,82,1,2,0.0015961691939345571,1.0,821.0,Balanced Random Forest
0.625,0.012048192771084338,1.0,0.023809523809523808,0.5060240963855421,1170,0,82,1,1,0.0007980845969672786,0.0,820.0,Balanced Random Forest
0.63,0.012048192771084338,1.0,0.023809523809523808,0.5060240963855421,1170,0,82,1,1,0.0007980845969672786,0.0,820.0,Balanced Random Forest
0.635,0.012048192771084338,1.0,0.023809523809523808,0.5060240963855421,1170,0,82,1,1,0.0007980845969672786,0.0,820.0,Balanced Random Forest
0.64,0.012048192771084338,1.0,0.023809523809523808,0.5060240963855421,1170,0,82,1,1,0.0007980845969672786,0.0,820.0,Balanced Random Forest
0.645,0.012048192771084338,1.0,0.023809523809523808,0.5060240963855421,1170,0,82,1,1,0.0007980845969672786,0.0,820.0,Balanced Random Forest
0.65,0.012048192771084338,1.0,0.023809523809523808,0.5060240963855421,1170,0,82,1,1,0.0007980845969672786,0.0,820.0,Balanced Random Forest
0.655,0.012048192771084338,1.0,0.023809523809523808,0.5060240963855421,1170,0,82,1,1,0.0007980845969672786,0.0,820.0,Balanced Random Forest
0.66,0.012048192771084338,1.0,0.023809523809523808,0.5060240963855421,1170,0,82,1,1,0.0007980845969672786,0.0,820.0,Balanced Random Forest
0.665,0.012048192771084338,1.0,0.023809523809523808,0.5060240963855421,1170,0,82,1,1,0.0007980845969672786,0.0,820.0,Balanced Random Forest
0.67,0.012048192771084338,1.0,0.023809523809523808,0.5060240963855421,1170,0,82,1,1,0.0007980845969672786,0.0,820.0,Balanced Random Forest
0.675,0.0,0.0,0.0,0.5,1170,0,83,0,0,0.0,inf,830.0,Balanced Random Forest
0.68,0.0,0.0,0.0,0.5,1170,0,83,0,0,0.0,inf,830.0,Balanced Random Forest
0.685,0.0,0.0,0.0,0.5,1170,0,83,0,0,0.0,inf,830.0,Balanced Random Forest
0.6900000000000001,0.0,0.0,0.0,0.5,1170,0,83,0,0,0.0,inf,830.0,Balanced Random Forest
0.6950000000000001,0.0,0.0,0.0,0.5,1170,0,83,0,0,0.0,inf,830.0,Balanced Random Forest
0.7000000000000001,0.0,0.0,0.0,0.5,1170,0,83,0,0,0.0,inf,830.0,Balanced Random Forest
0.705,0.0,0.0,0.0,0.5,1170,0,83,0,0,0.0,inf,830.0,Balanced Random Forest
0.71,0.0,0.0,0.0,0.5,1170,0,83,0,0,0.0,inf,830.0,Balanced Random Forest
0.715,0.0,0.0,0.0,0.5,1170,0,83,0,0,0.0,inf,830.0,Balanced Random Forest
0.72,0.0,0.0,0.0,0.5,1170,0,83,0,0,0.0,inf,830.0,Balanced Random Forest
0.725,0.0,0.0,0.0,0.5,1170,0,83,0,0,0.0,inf,830.0,Balanced Random Forest
0.73,0.0,0.0,0.0,0.5,1170,0,83,0,0,0.0,inf,830.0,Balanced Random Forest
0.735,0.0,0.0,0.0,0.5,1170,0,83,0,0,0.0,inf,830.0,Balanced Random Forest
0.74,0.0,0.0,0.0,0.5,1170,0,83,0,0,0.0,inf,830.0,Balanced Random Forest
0.745,0.0,0.0,0.0,0.5,1170,0,83,0,0,0.0,inf,830.0,Balanced Random Forest
0.75,0.0,0.0,0.0,0.5,1170,0,83,0,0,0.0,inf,830.0,Balanced Random Forest
0.755,0.0,0.0,0.0,0.5,1170,0,83,0,0,0.0,inf,830.0,Balanced Random Forest
0.76,0.0,0.0,0.0,0.5,1170,0,83,0,0,0.0,inf,830.0,Balanced Random Forest
0.765,0.0,0.0,0.0,0.5,1170,0,83,0,0,0.0,inf,830.0,Balanced Random Forest
0.77,0.0,0.0,0.0,0.5,1170,0,83,0,0,0.0,inf,830.0,Balanced Random Forest
0.775,0.0,0.0,0.0,0.5,1170,0,83,0,0,0.0,inf,830.0,Balanced Random Forest
0.78,0.0,0.0,0.0,0.5,1170,0,83,0,0,0.0,inf,830.0,Balanced Random Forest
0.785,0.0,0.0,0.0,0.5,1170,0,83,0,0,0.0,inf,830.0,Balanced Random Forest
0.79,0.0,0.0,0.0,0.5,1170,0,83,0,0,0.0,inf,830.0,Balanced Random Forest
0.795,0.0,0.0,0.0,0.5,1170,0,83,0,0,0.0,inf,830.0,Balanced Random Forest
0.8,0.0,0.0,0.0,0.5,1170,0,83,0,0,0.0,inf,830.0,Balanced Random Forest
0.805,0.0,0.0,0.0,0.5,1170,0,83,0,0,0.0,inf,830.0,Balanced Random Forest
0.81,0.0,0.0,0.0,0.5,1170,0,83,0,0,0.0,inf,830.0,Balanced Random Forest
0.8150000000000001,0.0,0.0,0.0,0.5,1170,0,83,0,0,0.0,inf,830.0,Balanced Random Forest
0.8200000000000001,0.0,0.0,0.0,0.5,1170,0,83,0,0,0.0,inf,830.0,Balanced Random Forest
0.8250000000000001,0.0,0.0,0.0,0.5,1170,0,83,0,0,0.0,inf,830.0,Balanced Random Forest
0.8300000000000001,0.0,0.0,0.0,0.5,1170,0,83,0,0,0.0,inf,830.0,Balanced Random Forest
0.835,0.0,0.0,0.0,0.5,1170,0,83,0,0,0.0,inf,830.0,Balanced Random Forest
0.84,0.0,0.0,0.0,0.5,1170,0,83,0,0,0.0,inf,830.0,Balanced Random Forest
0.845,0.0,0.0,0.0,0.5,1170,0,83,0,0,0.0,inf,830.0,Balanced Random Forest
0.85,0.0,0.0,0.0,0.5,1170,0,83,0,0,0.0,inf,830.0,Balanced Random Forest
0.855,0.0,0.0,0.0,0.5,1170,0,83,0,0,0.0,inf,830.0,Balanced Random Forest
0.86,0.0,0.0,0.0,0.5,1170,0,83,0,0,0.0,inf,830.0,Balanced Random Forest
0.865,0.0,0.0,0.0,0.5,1170,0,83,0,0,0.0,inf,830.0,Balanced Random Forest
0.87,0.0,0.0,0.0,0.5,1170,0,83,0,0,0.0,inf,830.0,Balanced Random Forest
0.875,0.0,0.0,0.0,0.5,1170,0,83,0,0,0.0,inf,830.0,Balanced Random Forest
0.88,0.0,0.0,0.0,0.5,1170,0,83,0,0,0.0,inf,830.0,Balanced Random Forest
0.885,0.0,0.0,0.0,0.5,1170,0,83,0,0,0.0,inf,830.0,Balanced Random Forest
0.89,0.0,0.0,0.0,0.5,1170,0,83,0,0,0.0,inf,830.0,Balanced Random Forest
0.895,0.0,0.0,0.0,0.5,1170,0,83,0,0,0.0,inf,830.0,Balanced Random Forest
0.9,0.0,0.0,0.0,0.5,1170,0,83,0,0,0.0,inf,830.0,Balanced Random Forest
0.905,0.0,0.0,0.0,0.5,1170,0,83,0,0,0.0,inf,830.0,Balanced Random Forest
0.91,0.0,0.0,0.0,0.5,1170,0,83,0,0,0.0,inf,830.0,Balanced Random Forest
0.915,0.0,0.0,0.0,0.5,1170,0,83,0,0,0.0,inf,830.0,Balanced Random Forest
0.92,0.0,0.0,0.0,0.5,1170,0,83,0,0,0.0,inf,830.0,Balanced Random Forest
0.925,0.0,0.0,0.0,0.5,1170,0,83,0,0,0.0,inf,830.0,Balanced Random Forest
0.93,0.0,0.0,0.0,0.5,1170,0,83,0,0,0.0,inf,830.0,Balanced Random Forest
0.935,0.0,0.0,0.0,0.5,1170,0,83,0,0,0.0,inf,830.0,Balanced Random Forest
0.9400000000000001,0.0,0.0,0.0,0.5,1170,0,83,0,0,0.0,inf,830.0,Balanced Random Forest
0.9450000000000001,0.0,0.0,0.0,0.5,1170,0,83,0,0,0.0,inf,830.0,Balanced Random Forest
0.9500000000000001,0.0,0.0,0.0,0.5,1170,0,83,0,0,0.0,inf,830.0,Balanced Random Forest
0.9550000000000001,0.0,0.0,0.0,0.5,1170,0,83,0,0,0.0,inf,830.0,Balanced Random Forest
0.96,0.0,0.0,0.0,0.5,1170,0,83,0,0,0.0,inf,830.0,Balanced Random Forest
0.965,0.0,0.0,0.0,0.5,1170,0,83,0,0,0.0,inf,830.0,Balanced Random Forest
0.97,0.0,0.0,0.0,0.5,1170,0,83,0,0,0.0,inf,830.0,Balanced Random Forest
0.975,0.0,0.0,0.0,0.5,1170,0,83,0,0,0.0,inf,830.0,Balanced Random Forest
0.98,0.0,0.0,0.0,0.5,1170,0,83,0,0,0.0,inf,830.0,Balanced Random Forest
0.985,0.0,0.0,0.0,0.5,1170,0,83,0,0,0.0,inf,830.0,Balanced Random Forest
0.99,0.0,0.0,0.0,0.5,1170,0,83,0,0,0.0,inf,830.0,Balanced Random Forest
0.995,0.0,0.0,0.0,0.5,1170,0,83,0,0,0.0,inf,830.0,Balanced Random Forest
0.005,1.0,0.06624102154828412,0.12425149700598802,0.5,0,1170,0,83,1253,1.0,14.096385542168674,1170.0,Easy Ensemble
0.01,1.0,0.06624102154828412,0.12425149700598802,0.5,0,1170,0,83,1253,1.0,14.096385542168674,1170.0,Easy Ensemble
0.015,1.0,0.06624102154828412,0.12425149700598802,0.5,0,1170,0,83,1253,1.0,14.096385542168674,1170.0,Easy Ensemble
0.02,1.0,0.06624102154828412,0.12425149700598802,0.5,0,1170,0,83,1253,1.0,14.096385542168674,1170.0,Easy Ensemble
0.025,1.0,0.06624102154828412,0.12425149700598802,0.5,0,1170,0,83,1253,1.0,14.096385542168674,1170.0,Easy Ensemble
0.03,1.0,0.06624102154828412,0.12425149700598802,0.5,0,1170,0,83,1253,1.0,14.096385542168674,1170.0,Easy Ensemble
0.035,1.0,0.06624102154828412,0.12425149700598802,0.5,0,1170,0,83,1253,1.0,14.096385542168674,1170.0,Easy Ensemble
0.04,1.0,0.06624102154828412,0.12425149700598802,0.5,0,1170,0,83,1253,1.0,14.096385542168674,1170.0,Easy Ensemble
0.045,1.0,0.06624102154828412,0.12425149700598802,0.5,0,1170,0,83,1253,1.0,14.096385542168674,1170.0,Easy Ensemble
0.05,1.0,0.06624102154828412,0.12425149700598802,0.5,0,1170,0,83,1253,1.0,14.096385542168674,1170.0,Easy Ensemble
0.055,1.0,0.06624102154828412,0.12425149700598802,0.5,0,1170,0,83,1253,1.0,14.096385542168674,1170.0,Easy Ensemble
0.06,1.0,0.06624102154828412,0.12425149700598802,0.5,0,1170,0,83,1253,1.0,14.096385542168674,1170.0,Easy Ensemble
0.065,1.0,0.06624102154828412,0.12425149700598802,0.5,0,1170,0,83,1253,1.0,14.096385542168674,1170.0,Easy Ensemble
0.07,1.0,0.06624102154828412,0.12425149700598802,0.5,0,1170,0,83,1253,1.0,14.096385542168674,1170.0,Easy Ensemble
0.075,1.0,0.06624102154828412,0.12425149700598802,0.5,0,1170,0,83,1253,1.0,14.096385542168674,1170.0,Easy Ensemble
0.08,1.0,0.06624102154828412,0.12425149700598802,0.5,0,1170,0,83,1253,1.0,14.096385542168674,1170.0,Easy Ensemble
0.085,1.0,0.06624102154828412,0.12425149700598802,0.5,0,1170,0,83,1253,1.0,14.096385542168674,1170.0,Easy Ensemble
0.09,1.0,0.06624102154828412,0.12425149700598802,0.5,0,1170,0,83,1253,1.0,14.096385542168674,1170.0,Easy Ensemble
0.095,1.0,0.06624102154828412,0.12425149700598802,0.5,0,1170,0,83,1253,1.0,14.096385542168674,1170.0,Easy Ensemble
0.1,1.0,0.06624102154828412,0.12425149700598802,0.5,0,1170,0,83,1253,1.0,14.096385542168674,1170.0,Easy Ensemble
0.105,1.0,0.06624102154828412,0.12425149700598802,0.5,0,1170,0,83,1253,1.0,14.096385542168674,1170.0,Easy Ensemble
0.11,1.0,0.06624102154828412,0.12425149700598802,0.5,0,1170,0,83,1253,1.0,14.096385542168674,1170.0,Easy Ensemble
0.115,1.0,0.06624102154828412,0.12425149700598802,0.5,0,1170,0,83,1253,1.0,14.096385542168674,1170.0,Easy Ensemble
0.12,1.0,0.06624102154828412,0.12425149700598802,0.5,0,1170,0,83,1253,1.0,14.096385542168674,1170.0,Easy Ensemble
0.125,1.0,0.06624102154828412,0.12425149700598802,0.5,0,1170,0,83,1253,1.0,14.096385542168674,1170.0,Easy Ensemble
0.13,1.0,0.06624102154828412,0.12425149700598802,0.5,0,1170,0,83,1253,1.0,14.096385542168674,1170.0,Easy Ensemble
0.135,1.0,0.06624102154828412,0.12425149700598802,0.5,0,1170,0,83,1253,1.0,14.096385542168674,1170.0,Easy Ensemble
0.14,1.0,0.06624102154828412,0.12425149700598802,0.5,0,1170,0,83,1253,1.0,14.096385542168674,1170.0,Easy Ensemble
0.145,1.0,0.06624102154828412,0.12425149700598802,0.5,0,1170,0,83,1253,1.0,14.096385542168674,1170.0,Easy Ensemble
0.15,1.0,0.06624102154828412,0.12425149700598802,0.5,0,1170,0,83,1253,1.0,14.096385542168674,1170.0,Easy Ensemble
0.155,1.0,0.06624102154828412,0.12425149700598802,0.5,0,1170,0,83,1253,1.0,14.096385542168674,1170.0,Easy Ensemble
0.16,1.0,0.06624102154828412,0.12425149700598802,0.5,0,1170,0,83,1253,1.0,14.096385542168674,1170.0,Easy Ensemble
0.165,1.0,0.06624102154828412,0.12425149700598802,0.5,0,1170,0,83,1253,1.0,14.096385542168674,1170.0,Easy Ensemble
0.17,1.0,0.06624102154828412,0.12425149700598802,0.5,0,1170,0,83,1253,1.0,14.096385542168674,1170.0,Easy Ensemble
0.17500000000000002,1.0,0.06624102154828412,0.12425149700598802,0.5,0,1170,0,83,1253,1.0,14.096385542168674,1170.0,Easy Ensemble
0.18,1.0,0.06624102154828412,0.12425149700598802,0.5,0,1170,0,83,1253,1.0,14.096385542168674,1170.0,Easy Ensemble
0.185,1.0,0.06624102154828412,0.12425149700598802,0.5,0,1170,0,83,1253,1.0,14.096385542168674,1170.0,Easy Ensemble
0.19,1.0,0.06624102154828412,0.12425149700598802,0.5,0,1170,0,83,1253,1.0,14.096385542168674,1170.0,Easy Ensemble
0.195,1.0,0.06624102154828412,0.12425149700598802,0.5,0,1170,0,83,1253,1.0,14.096385542168674,1170.0,Easy Ensemble
0.2,1.0,0.06624102154828412,0.12425149700598802,0.5,0,1170,0,83,1253,1.0,14.096385542168674,1170.0,Easy Ensemble
0.20500000000000002,1.0,0.06624102154828412,0.12425149700598802,0.5,0,1170,0,83,1253,1.0,14.096385542168674,1170.0,Easy Ensemble
0.21,1.0,0.06624102154828412,0.12425149700598802,0.5,0,1170,0,83,1253,1.0,14.096385542168674,1170.0,Easy Ensemble
0.215,1.0,0.06624102154828412,0.12425149700598802,0.5,0,1170,0,83,1253,1.0,14.096385542168674,1170.0,Easy Ensemble
0.22,1.0,0.06624102154828412,0.12425149700598802,0.5,0,1170,0,83,1253,1.0,14.096385542168674,1170.0,Easy Ensemble
0.225,1.0,0.06624102154828412,0.12425149700598802,0.5,0,1170,0,83,1253,1.0,14.096385542168674,1170.0,Easy Ensemble
0.23,1.0,0.06624102154828412,0.12425149700598802,0.5,0,1170,0,83,1253,1.0,14.096385542168674,1170.0,Easy Ensemble
0.23500000000000001,1.0,0.06624102154828412,0.12425149700598802,0.5,0,1170,0,83,1253,1.0,14.096385542168674,1170.0,Easy Ensemble
0.24,1.0,0.06624102154828412,0.12425149700598802,0.5,0,1170,0,83,1253,1.0,14.096385542168674,1170.0,Easy Ensemble
0.245,1.0,0.06624102154828412,0.12425149700598802,0.5,0,1170,0,83,1253,1.0,14.096385542168674,1170.0,Easy Ensemble
0.25,1.0,0.06624102154828412,0.12425149700598802,0.5,0,1170,0,83,1253,1.0,14.096385542168674,1170.0,Easy Ensemble
0.255,1.0,0.06624102154828412,0.12425149700598802,0.5,0,1170,0,83,1253,1.0,14.096385542168674,1170.0,Easy Ensemble
0.26,1.0,0.06624102154828412,0.12425149700598802,0.5,0,1170,0,83,1253,1.0,14.096385542168674,1170.0,Easy Ensemble
0.265,1.0,0.06624102154828412,0.12425149700598802,0.5,0,1170,0,83,1253,1.0,14.096385542168674,1170.0,Easy Ensemble
0.27,1.0,0.06624102154828412,0.12425149700598802,0.5,0,1170,0,83,1253,1.0,14.096385542168674,1170.0,Easy Ensemble
0.275,1.0,0.06624102154828412,0.12425149700598802,0.5,0,1170,0,83,1253,1.0,14.096385542168674,1170.0,Easy Ensemble
0.28,1.0,0.06624102154828412,0.12425149700598802,0.5,0,1170,0,83,1253,1.0,14.096385542168674,1170.0,Easy Ensemble
0.28500000000000003,1.0,0.06624102154828412,0.12425149700598802,0.5,0,1170,0,83,1253,1.0,14.096385542168674,1170.0,Easy Ensemble
0.29,1.0,0.06624102154828412,0.12425149700598802,0.5,0,1170,0,83,1253,1.0,14.096385542168674,1170.0,Easy Ensemble
0.295,1.0,0.06624102154828412,0.12425149700598802,0.5,0,1170,0,83,1253,1.0,14.096385542168674,1170.0,Easy Ensemble
0.3,1.0,0.06624102154828412,0.12425149700598802,0.5,0,1170,0,83,1253,1.0,14.096385542168674,1170.0,Easy Ensemble
0.305,1.0,0.06624102154828412,0.12425149700598802,0.5,0,1170,0,83,1253,1.0,14.096385542168674,1170.0,Easy Ensemble
0.31,1.0,0.06624102154828412,0.12425149700598802,0.5,0,1170,0,83,1253,1.0,14.096385542168674,1170.0,Easy Ensemble
0.315,1.0,0.06624102154828412,0.12425149700598802,0.5,0,1170,0,83,1253,1.0,14.096385542168674,1170.0,Easy Ensemble
0.32,1.0,0.06624102154828412,0.12425149700598802,0.5,0,1170,0,83,1253,1.0,14.096385542168674,1170.0,Easy Ensemble
0.325,1.0,0.06624102154828412,0.12425149700598802,0.5,0,1170,0,83,1253,1.0,14.096385542168674,1170.0,Easy Ensemble
0.33,1.0,0.06624102154828412,0.12425149700598802,0.5,0,1170,0,83,1253,1.0,14.096385542168674,1170.0,Easy Ensemble
0.335,1.0,0.06624102154828412,0.12425149700598802,0.5,0,1170,0,83,1253,1.0,14.096385542168674,1170.0,Easy Ensemble
0.34,1.0,0.06624102154828412,0.12425149700598802,0.5,0,1170,0,83,1253,1.0,14.096385542168674,1170.0,Easy Ensemble
0.34500000000000003,1.0,0.06624102154828412,0.12425149700598802,0.5,0,1170,0,83,1253,1.0,14.096385542168674,1170.0,Easy Ensemble
0.35000000000000003,1.0,0.06624102154828412,0.12425149700598802,0.5,0,1170,0,83,1253,1.0,14.096385542168674,1170.0,Easy Ensemble
0.355,1.0,0.06624102154828412,0.12425149700598802,0.5,0,1170,0,83,1253,1.0,14.096385542168674,1170.0,Easy Ensemble
0.36,1.0,0.06624102154828412,0.12425149700598802,0.5,0,1170,0,83,1253,1.0,14.096385542168674,1170.0,Easy Ensemble
0.365,1.0,0.06624102154828412,0.12425149700598802,0.5,0,1170,0,83,1253,1.0,14.096385542168674,1170.0,Easy Ensemble
0.37,1.0,0.06629392971246006,0.12434456928838951,0.5004273504273504,1,1169,0,83,1252,0.9992019154030327,14.08433734939759,1169.0,Easy Ensemble
0.375,1.0,0.06629392971246006,0.12434456928838951,0.5004273504273504,1,1169,0,83,1252,0.9992019154030327,14.08433734939759,1169.0,Easy Ensemble
0.38,1.0,0.06650641025641026,0.1247182569496619,0.5021367521367521,5,1165,0,83,1248,0.9960095770151636,14.036144578313253,1165.0,Easy Ensemble
0.385,1.0,0.06704361873990307,0.12566237698713095,0.5064102564102564,15,1155,0,83,1238,0.9880287310454908,13.91566265060241,1155.0,Easy Ensemble
0.39,1.0,0.06731549067315491,0.12613981762917933,0.5085470085470085,20,1150,0,83,1233,0.9840383080606544,13.855421686746988,1150.0,Easy Ensemble
0.395,1.0,0.06758957654723127,0.12662090007627766,0.5106837606837606,25,1145,0,83,1228,0.9800478850758181,13.795180722891565,1145.0,Easy Ensemble
0.4,1.0,0.06825657894736842,0.12779060816012316,0.5158119658119658,37,1133,0,83,1216,0.9704708699122107,13.650602409638553,1133.0,Easy Ensemble
0.405,1.0,0.0687655343827672,0.12868217054263567,0.5196581196581197,46,1124,0,83,1207,0.9632881085395052,13.542168674698795,1124.0,Easy Ensemble
0.41000000000000003,1.0,0.06957250628667226,0.13009404388714735,0.5256410256410257,60,1110,0,83,1193,0.9521149241819633,13.373493975903614,1110.0,Easy Ensemble
0.41500000000000004,1.0,0.0706984667802385,0.13206046141607,0.5337606837606838,79,1091,0,83,1174,0.936951316839585,13.144578313253012,1091.0,Easy Ensemble
0.42,0.9879518072289156,0.07155322862129145,0.13344182262001628,0.5392750489136031,106,1064,1,82,1146,0.9146049481245012,12.975609756097562,1074.0,Easy Ensemble
0.425,0.9879518072289156,0.0730186999109528,0.13598673300165837,0.5491041087426629,129,1041,1,82,1123,0.8962490023942538,12.695121951219512,1051.0,Easy Ensemble
0.43,0.9879518072289156,0.07447774750227067,0.13851351351351351,0.5585058181443724,151,1019,1,82,1101,0.8786911412609737,12.426829268292684,1029.0,Easy Ensemble
0.435,0.9879518072289156,0.07578558225508318,0.1407725321888412,0.5666254762640305,170,1000,1,82,1082,0.8635275339185954,12.195121951219512,1010.0,Easy Ensemble
0.44,0.9879518072289156,0.07750472589792061,0.1437335670464505,0.5768818865204407,194,976,1,82,1058,0.8443735035913806,11.902439024390244,986.0,Easy Ensemble
0.445,0.9759036144578314,0.07941176470588235,0.1468721668177697,0.5866697559468644,231,939,2,81,1020,0.8140462889066241,11.592592592592593,959.0,Easy Ensemble
0.45,0.9759036144578314,0.08290685772773797,0.15283018867924528,0.6050458243229327,274,896,2,81,977,0.7797286512370312,11.061728395061728,916.0,Easy Ensemble
0.455,0.9759036144578314,0.08709677419354839,0.15992102665350444,0.6251312944084029,321,849,2,81,930,0.7422186751795691,10.481481481481481,869.0,Easy Ensemble
0.46,0.9518072289156626,0.09007981755986318,0.16458333333333333,0.6348779734321903,372,798,4,79,877,0.6999201915403033,10.10126582278481,838.0,Easy Ensemble
0.465,0.9156626506024096,0.09200968523002422,0.16721672167216722,0.6373185047883843,420,750,7,76,826,0.659217877094972,9.868421052631579,820.0,Easy Ensemble
0.47000000000000003,0.8554216867469879,0.09149484536082474,0.16530849825378346,0.6264287920914426,465,705,12,71,776,0.6193136472466081,9.929577464788732,825.0,Easy Ensemble
0.47500000000000003,0.8313253012048193,0.09491059147180192,0.17037037037037037,0.6344660694058284,512,658,14,69,727,0.5802075019952115,9.53623188405797,798.0,Easy Ensemble
0.48,0.7951807228915663,0.09763313609467456,0.17391304347826086,0.6369066007620224,560,610,17,66,676,0.5395051875498803,9.242424242424242,780.0,Easy Ensemble
0.485,0.7710843373493976,0.10372771474878444,0.18285714285714286,0.6492173823499126,617,553,19,64,617,0.49241819632881084,8.640625,743.0,Easy Ensemble
0.49,0.6746987951807228,0.1,0.17418351477449456,0.621964782205746,666,504,27,56,560,0.44692737430167595,9.0,774.0,Easy Ensemble
0.495,0.6626506024096386,0.10784313725490197,0.18549747048903878,0.6368808567603749,715,455,28,55,510,0.40702314445331206,8.272727272727273,735.0,Easy Ensemble
0.5,0.6265060240963856,0.11428571428571428,0.19330855018587362,0.6410307898259706,767,403,31,52,455,0.36312849162011174,7.75,713.0,Easy Ensemble
0.505,0.6024096385542169,0.12437810945273632,0.20618556701030927,0.6507774688497581,818,352,33,50,402,0.320830007980846,7.04,682.0,Easy Ensemble
0.51,0.5662650602409639,0.13314447592067988,0.21559633027522937,0.6523632993512511,864,306,36,47,353,0.2817238627294493,6.51063829787234,666.0,Easy Ensemble
0.515,0.5180722891566265,0.14052287581699346,0.2210796915167095,0.6466429821851509,907,263,40,43,306,0.24421388667198723,6.116279069767442,663.0,Easy Ensemble
0.52,0.4939759036144578,0.15298507462686567,0.2336182336182336,0.6499794047986819,943,227,42,41,268,0.21388667198723066,5.536585365853658,647.0,Easy Ensemble
0.525,0.43373493975903615,0.15517241379310345,0.22857142857142856,0.6331067861188343,974,196,47,36,232,0.18515562649640863,5.444444444444445,666.0,Easy Ensemble
0.53,0.3855421686746988,0.16080402010050251,0.22695035460992907,0.621403562969828,1003,167,51,32,199,0.15881883479648842,5.21875,677.0,Easy Ensemble
0.535,0.37349397590361444,0.17222222222222222,0.23574144486692014,0.6230717742765935,1021,149,52,31,180,0.14365522745411013,4.806451612903226,669.0,Easy Ensemble
0.54,0.3132530120481928,0.1793103448275862,0.22807017543859648,0.6057718051693955,1051,119,57,26,145,0.11572226656025539,4.576923076923077,689.0,Easy Ensemble
0.545,0.26506024096385544,0.171875,0.20853080568720378,0.5872309751827824,1064,106,61,22,128,0.10215482841181166,4.818181818181818,716.0,Easy Ensemble
0.55,0.24096385542168675,0.18518518518518517,0.2094240837696335,0.5828750901040058,1082,88,63,20,108,0.08619313647246608,4.4,718.0,Easy Ensemble
0.555,0.21686746987951808,0.2,0.20809248554913296,0.5776645041705283,1098,72,65,18,90,0.07182761372705507,4.0,722.0,Easy Ensemble
0.56,0.18072289156626506,0.20270270270270271,0.1910828025477707,0.5651477705694573,1111,59,68,15,74,0.05905826017557861,3.933333333333333,739.0,Easy Ensemble
0.5650000000000001,0.1686746987951807,0.2153846153846154,0.1891891891891892,0.5625424776027186,1119,51,69,14,65,0.05187549880287311,3.642857142857143,741.0,Easy Ensemble
0.5700000000000001,0.12048192771084337,0.19230769230769232,0.14814814814814814,0.5422922459067038,1128,42,73,10,52,0.041500399042298484,4.2,772.0,Easy Ensemble
0.5750000000000001,0.10843373493975904,0.23076923076923078,0.14754098360655737,0.5413963546493666,1140,30,74,9,39,0.03112529928172386,3.3333333333333335,770.0,Easy Ensemble
0.58,0.10843373493975904,0.32142857142857145,0.16216216216216217,0.5460972093502213,1151,19,74,9,28,0.0223463687150838,2.111111111111111,759.0,Easy Ensemble
0.585,0.0963855421686747,0.3333333333333333,0.14953271028037382,0.5413551642467306,1154,16,75,8,24,0.019154030327214685,2.0,766.0,Easy Ensemble
0.59,0.08433734939759036,0.3684210526315789,0.13725490196078433,0.53704046957059,1158,12,76,7,19,0.015163607342378291,1.7142857142857142,772.0,Easy Ensemble
0.595,0.07228915662650602,0.5,0.12631578947368421,0.5335804757491505,1164,6,77,6,12,0.009577015163607342,1.0,776.0,Easy Ensemble
0.6,0.060240963855421686,0.5555555555555556,0.10869565217391304,0.5284110802183092,1166,4,78,5,9,0.007182761372705506,0.8,784.0,Easy Ensemble
0.605,0.060240963855421686,0.625,0.10989010989010989,0.5288384306456596,1167,3,78,5,8,0.006384676775738229,0.6,783.0,Easy Ensemble
0.61,0.04819277108433735,0.5714285714285714,0.08888888888888889,0.5228143342601174,1167,3,79,4,7,0.00558659217877095,0.75,793.0,Easy Ensemble
0.615,0.024096385542168676,1.0,0.047058823529411764,0.5120481927710844,1170,0,81,2,2,0.0015961691939345571,0.0,810.0,Easy Ensemble
0.62,0.012048192771084338,1.0,0.023809523809523808,0.5060240963855421,1170,0,82,1,1,0.0007980845969672786,0.0,820.0,Easy Ensemble
0.625,0.0,0.0,0.0,0.5,1170,0,83,0,0,0.0,inf,830.0,Easy Ensemble
0.63,0.0,0.0,0.0,0.5,1170,0,83,0,0,0.0,inf,830.0,Easy Ensemble
0.635,0.0,0.0,0.0,0.5,1170,0,83,0,0,0.0,inf,830.0,Easy Ensemble
0.64,0.0,0.0,0.0,0.5,1170,0,83,0,0,0.0,inf,830.0,Easy Ensemble
0.645,0.0,0.0,0.0,0.5,1170,0,83,0,0,0.0,inf,830.0,Easy Ensemble
0.65,0.0,0.0,0.0,0.5,1170,0,83,0,0,0.0,inf,830.0,Easy Ensemble
0.655,0.0,0.0,0.0,0.5,1170,0,83,0,0,0.0,inf,830.0,Easy Ensemble
0.66,0.0,0.0,0.0,0.5,1170,0,83,0,0,0.0,inf,830.0,Easy Ensemble
0.665,0.0,0.0,0.0,0.5,1170,0,83,0,0,0.0,inf,830.0,Easy Ensemble
0.67,0.0,0.0,0.0,0.5,1170,0,83,0,0,0.0,inf,830.0,Easy Ensemble
0.675,0.0,0.0,0.0,0.5,1170,0,83,0,0,0.0,inf,830.0,Easy Ensemble
0.68,0.0,0.0,0.0,0.5,1170,0,83,0,0,0.0,inf,830.0,Easy Ensemble
0.685,0.0,0.0,0.0,0.5,1170,0,83,0,0,0.0,inf,830.0,Easy Ensemble
0.6900000000000001,0.0,0.0,0.0,0.5,1170,0,83,0,0,0.0,inf,830.0,Easy Ensemble
0.6950000000000001,0.0,0.0,0.0,0.5,1170,0,83,0,0,0.0,inf,830.0,Easy Ensemble
0.7000000000000001,0.0,0.0,0.0,0.5,1170,0,83,0,0,0.0,inf,830.0,Easy Ensemble
0.705,0.0,0.0,0.0,0.5,1170,0,83,0,0,0.0,inf,830.0,Easy Ensemble
0.71,0.0,0.0,0.0,0.5,1170,0,83,0,0,0.0,inf,830.0,Easy Ensemble
0.715,0.0,0.0,0.0,0.5,1170,0,83,0,0,0.0,inf,830.0,Easy Ensemble
0.72,0.0,0.0,0.0,0.5,1170,0,83,0,0,0.0,inf,830.0,Easy Ensemble
0.725,0.0,0.0,0.0,0.5,1170,0,83,0,0,0.0,inf,830.0,Easy Ensemble
0.73,0.0,0.0,0.0,0.5,1170,0,83,0,0,0.0,inf,830.0,Easy Ensemble
0.735,0.0,0.0,0.0,0.5,1170,0,83,0,0,0.0,inf,830.0,Easy Ensemble
0.74,0.0,0.0,0.0,0.5,1170,0,83,0,0,0.0,inf,830.0,Easy Ensemble
0.745,0.0,0.0,0.0,0.5,1170,0,83,0,0,0.0,inf,830.0,Easy Ensemble
0.75,0.0,0.0,0.0,0.5,1170,0,83,0,0,0.0,inf,830.0,Easy Ensemble
0.755,0.0,0.0,0.0,0.5,1170,0,83,0,0,0.0,inf,830.0,Easy Ensemble
0.76,0.0,0.0,0.0,0.5,1170,0,83,0,0,0.0,inf,830.0,Easy Ensemble
0.765,0.0,0.0,0.0,0.5,1170,0,83,0,0,0.0,inf,830.0,Easy Ensemble
0.77,0.0,0.0,0.0,0.5,1170,0,83,0,0,0.0,inf,830.0,Easy Ensemble
0.775,0.0,0.0,0.0,0.5,1170,0,83,0,0,0.0,inf,830.0,Easy Ensemble
0.78,0.0,0.0,0.0,0.5,1170,0,83,0,0,0.0,inf,830.0,Easy Ensemble
0.785,0.0,0.0,0.0,0.5,1170,0,83,0,0,0.0,inf,830.0,Easy Ensemble
0.79,0.0,0.0,0.0,0.5,1170,0,83,0,0,0.0,inf,830.0,Easy Ensemble
0.795,0.0,0.0,0.0,0.5,1170,0,83,0,0,0.0,inf,830.0,Easy Ensemble
0.8,0.0,0.0,0.0,0.5,1170,0,83,0,0,0.0,inf,830.0,Easy Ensemble
0.805,0.0,0.0,0.0,0.5,1170,0,83,0,0,0.0,inf,830.0,Easy Ensemble
0.81,0.0,0.0,0.0,0.5,1170,0,83,0,0,0.0,inf,830.0,Easy Ensemble
0.8150000000000001,0.0,0.0,0.0,0.5,1170,0,83,0,0,0.0,inf,830.0,Easy Ensemble
0.8200000000000001,0.0,0.0,0.0,0.5,1170,0,83,0,0,0.0,inf,830.0,Easy Ensemble
0.8250000000000001,0.0,0.0,0.0,0.5,1170,0,83,0,0,0.0,inf,830.0,Easy Ensemble
0.8300000000000001,0.0,0.0,0.0,0.5,1170,0,83,0,0,0.0,inf,830.0,Easy Ensemble
0.835,0.0,0.0,0.0,0.5,1170,0,83,0,0,0.0,inf,830.0,Easy Ensemble
0.84,0.0,0.0,0.0,0.5,1170,0,83,0,0,0.0,inf,830.0,Easy Ensemble
0.845,0.0,0.0,0.0,0.5,1170,0,83,0,0,0.0,inf,830.0,Easy Ensemble
0.85,0.0,0.0,0.0,0.5,1170,0,83,0,0,0.0,inf,830.0,Easy Ensemble
0.855,0.0,0.0,0.0,0.5,1170,0,83,0,0,0.0,inf,830.0,Easy Ensemble
0.86,0.0,0.0,0.0,0.5,1170,0,83,0,0,0.0,inf,830.0,Easy Ensemble
0.865,0.0,0.0,0.0,0.5,1170,0,83,0,0,0.0,inf,830.0,Easy Ensemble
0.87,0.0,0.0,0.0,0.5,1170,0,83,0,0,0.0,inf,830.0,Easy Ensemble
0.875,0.0,0.0,0.0,0.5,1170,0,83,0,0,0.0,inf,830.0,Easy Ensemble
0.88,0.0,0.0,0.0,0.5,1170,0,83,0,0,0.0,inf,830.0,Easy Ensemble
0.885,0.0,0.0,0.0,0.5,1170,0,83,0,0,0.0,inf,830.0,Easy Ensemble
0.89,0.0,0.0,0.0,0.5,1170,0,83,0,0,0.0,inf,830.0,Easy Ensemble
0.895,0.0,0.0,0.0,0.5,1170,0,83,0,0,0.0,inf,830.0,Easy Ensemble
0.9,0.0,0.0,0.0,0.5,1170,0,83,0,0,0.0,inf,830.0,Easy Ensemble
0.905,0.0,0.0,0.0,0.5,1170,0,83,0,0,0.0,inf,830.0,Easy Ensemble
0.91,0.0,0.0,0.0,0.5,1170,0,83,0,0,0.0,inf,830.0,Easy Ensemble
0.915,0.0,0.0,0.0,0.5,1170,0,83,0,0,0.0,inf,830.0,Easy Ensemble
0.92,0.0,0.0,0.0,0.5,1170,0,83,0,0,0.0,inf,830.0,Easy Ensemble
0.925,0.0,0.0,0.0,0.5,1170,0,83,0,0,0.0,inf,830.0,Easy Ensemble
0.93,0.0,0.0,0.0,0.5,1170,0,83,0,0,0.0,inf,830.0,Easy Ensemble
0.935,0.0,0.0,0.0,0.5,1170,0,83,0,0,0.0,inf,830.0,Easy Ensemble
0.9400000000000001,0.0,0.0,0.0,0.5,1170,0,83,0,0,0.0,inf,830.0,Easy Ensemble
0.9450000000000001,0.0,0.0,0.0,0.5,1170,0,83,0,0,0.0,inf,830.0,Easy Ensemble
0.9500000000000001,0.0,0.0,0.0,0.5,1170,0,83,0,0,0.0,inf,830.0,Easy Ensemble
0.9550000000000001,0.0,0.0,0.0,0.5,1170,0,83,0,0,0.0,inf,830.0,Easy Ensemble
0.96,0.0,0.0,0.0,0.5,1170,0,83,0,0,0.0,inf,830.0,Easy Ensemble
0.965,0.0,0.0,0.0,0.5,1170,0,83,0,0,0.0,inf,830.0,Easy Ensemble
0.97,0.0,0.0,0.0,0.5,1170,0,83,0,0,0.0,inf,830.0,Easy Ensemble
0.975,0.0,0.0,0.0,0.5,1170,0,83,0,0,0.0,inf,830.0,Easy Ensemble
0.98,0.0,0.0,0.0,0.5,1170,0,83,0,0,0.0,inf,830.0,Easy Ensemble
0.985,0.0,0.0,0.0,0.5,1170,0,83,0,0,0.0,inf,830.0,Easy Ensemble
0.99,0.0,0.0,0.0,0.5,1170,0,83,0,0,0.0,inf,830.0,Easy Ensemble
0.995,0.0,0.0,0.0,0.5,1170,0,83,0,0,0.0,inf,830.0,Easy Ensemble
0.005,0.927710843373494,0.08461538461538462,0.15508559919436052,0.6078725157038409,337,833,6,77,910,0.7262569832402235,10.818181818181818,893.0,XGBoost
0.01,0.8674698795180723,0.10241820768136557,0.183206106870229,0.6640768201009165,539,631,11,72,703,0.5610534716679968,8.76388888888889,741.0,XGBoost
0.015,0.7951807228915663,0.11320754716981132,0.1981981981981982,0.6766501905056121,653,517,17,66,583,0.4652833200319234,7.833333333333333,687.0,XGBoost
0.02,0.6987951807228916,0.1226215644820296,0.20863309352517986,0.6720471630110185,755,415,25,58,473,0.37749401436552277,7.155172413793103,665.0,XGBoost
0.025,0.6626506024096386,0.13285024154589373,0.22132796780684105,0.6779064977860159,811,359,28,55,414,0.3304070231444533,6.527272727272727,639.0,XGBoost
0.03,0.6385542168674698,0.1444141689373297,0.23555555555555555,0.6850890742457008,856,314,30,53,367,0.2928970470869912,5.9245283018867925,614.0,XGBoost
0.035,0.5783132530120482,0.14860681114551083,0.23645320197044334,0.6716352589846566,895,275,35,48,323,0.257781324820431,5.729166666666667,625.0,XGBoost
0.04,0.5180722891566265,0.15087719298245614,0.23369565217391305,0.6556173411595099,928,242,40,43,285,0.22745411013567438,5.627906976744186,642.0,XGBoost
0.045,0.46987951807228917,0.15354330708661418,0.2314540059347181,0.6430594171558027,955,215,44,39,254,0.20271348762968874,5.512820512820513,655.0,XGBoost
0.05,0.4578313253012048,0.16379310344827586,0.24126984126984127,0.6460096797446195,976,194,45,38,232,0.18515562649640863,5.105263157894737,644.0,XGBoost
0.055,0.42168674698795183,0.1643192488262911,0.23648648648648649,0.6347749974255998,992,178,48,35,213,0.16999201915403034,5.085714285714285,658.0,XGBoost
0.06,0.3855421686746988,0.16326530612244897,0.22939068100358423,0.6226856142518793,1006,164,51,32,196,0.1564245810055866,5.125,674.0,XGBoost
0.065,0.3493975903614458,0.1657142857142857,0.2248062015503876,0.6123056327875604,1024,146,54,29,175,0.13966480446927373,5.0344827586206895,686.0,XGBoost
0.07,0.3253012048192771,0.17197452229299362,0.225,0.607095046854083,1040,130,56,27,157,0.12529928172386273,4.814814814814815,690.0,XGBoost
0.075,0.3253012048192771,0.17647058823529413,0.2288135593220339,0.6088044485634847,1044,126,56,27,153,0.12210694333599362,4.666666666666667,686.0,XGBoost
0.08,0.3253012048192771,0.18,0.2317596566523605,0.610086499845536,1047,123,56,27,150,0.11971268954509177,4.555555555555555,683.0,XGBoost
0.085,0.3132530120481928,0.18439716312056736,0.23214285714285715,0.6074812068787973,1055,115,57,26,141,0.11252992817238627,4.423076923076923,685.0,XGBoost
0.09,0.2891566265060241,0.17647058823529413,0.2191780821917808,0.5967150653897642,1058,112,59,24,136,0.10853950518754989,4.666666666666667,702.0,XGBoost
0.095,0.27710843373493976,0.17293233082706766,0.21296296296296297,0.5915456698589229,1060,110,60,23,133,0.10614525139664804,4.782608695652174,710.0,XGBoost
0.1,0.27710843373493976,0.17829457364341086,0.2169811320754717,0.5932550715683246,1064,106,60,23,129,0.10295291300877893,4.608695652173913,706.0,XGBoost
0.105,0.26506024096385544,0.1774193548387097,0.21256038647342995,0.5889403768921841,1068,102,61,22,124,0.09896249002394254,4.636363636363637,712.0,XGBoost
0.11,0.26506024096385544,0.18333333333333332,0.21674876847290642,0.5906497786015859,1072,98,61,22,120,0.09577015163607343,4.454545454545454,708.0,XGBoost
0.115,0.26506024096385544,0.19130434782608696,0.2222222222222222,0.592786530738338,1077,93,61,22,115,0.09177972865123703,4.2272727272727275,703.0,XGBoost
0.12,0.25301204819277107,0.2,0.22340425531914893,0.5906085881989497,1086,84,62,21,105,0.08379888268156424,4.0,704.0,XGBoost
0.125,0.24096385542168675,0.19607843137254902,0.21621621621621623,0.5854391926681084,1088,82,63,20,102,0.08140462889066241,4.1,712.0,XGBoost
0.13,0.24096385542168675,0.19801980198019803,0.21739130434782608,0.5858665430954588,1089,81,63,20,101,0.08060654429369513,4.05,711.0,XGBoost
0.135,0.24096385542168675,0.20833333333333334,0.22346368715083798,0.588003295232211,1094,76,63,20,96,0.07661612130885874,3.8,706.0,XGBoost
0.14,0.2289156626506024,0.20652173913043478,0.21714285714285714,0.58326125012872,1097,73,64,19,92,0.07342378292098962,3.8421052631578947,713.0,XGBoost
0.145,0.21686746987951808,0.20454545454545456,0.21052631578947367,0.5785192050252291,1100,70,65,18,88,0.07023144453312051,3.888888888888889,720.0,XGBoost
0.15,0.21686746987951808,0.21686746987951808,0.21686746987951808,0.5806559571619813,1105,65,65,18,83,0.06624102154828412,3.611111111111111,715.0,XGBoost
0.155,0.20481927710843373,0.2125,0.2085889570552147,0.57548656163114,1107,63,66,17,80,0.06384676775738228,3.7058823529411766,723.0,XGBoost
0.16,0.1927710843373494,0.21621621621621623,0.20382165605095542,0.5715992173823499,1112,58,67,16,74,0.05905826017557861,3.625,728.0,XGBoost
0.165,0.18072289156626506,0.2112676056338028,0.19480519480519481,0.5664298218515086,1114,56,68,15,71,0.05666400638467677,3.7333333333333334,736.0,XGBoost
0.17,0.18072289156626506,0.21739130434782608,0.19736842105263158,0.5672845227062094,1116,54,68,15,69,0.05506783719074222,3.6,734.0,XGBoost
0.17500000000000002,0.1686746987951807,0.21212121212121213,0.18791946308724833,0.5621151271753682,1118,52,69,14,66,0.052673583399840386,3.7142857142857144,742.0,XGBoost
0.18,0.1686746987951807,0.2222222222222222,0.1917808219178082,0.5633971784574194,1121,49,69,14,63,0.05027932960893855,3.5,739.0,XGBoost
0.185,0.1686746987951807,0.23333333333333334,0.1958041958041958,0.5646792297394707,1124,46,69,14,60,0.047885075818036714,3.2857142857142856,736.0,XGBoost
0.19,0.1686746987951807,0.23728813559322035,0.19718309859154928,0.5651065801668211,1125,45,69,14,59,0.047086991221069435,3.2142857142857144,735.0,XGBoost
0.195,0.1686746987951807,0.23728813559322035,0.19718309859154928,0.5651065801668211,1125,45,69,14,59,0.047086991221069435,3.2142857142857144,735.0,XGBoost
0.2,0.1686746987951807,0.2545454545454545,0.2028985507246377,0.5668159818762228,1129,41,69,14,55,0.04389465283320032,2.9285714285714284,731.0,XGBoost
0.20500000000000002,0.1566265060240964,0.24074074074074073,0.1897810218978102,0.5607918854906807,1129,41,70,13,54,0.04309656823623304,3.1538461538461537,741.0,XGBoost
0.21,0.1566265060240964,0.25,0.1925925925925926,0.5616465863453816,1131,39,70,13,52,0.041500399042298484,3.0,739.0,XGBoost
0.215,0.1566265060240964,0.2549019607843137,0.19402985074626866,0.562073936772732,1132,38,70,13,51,0.040702314445331206,2.923076923076923,738.0,XGBoost
0.22,0.1566265060240964,0.26,0.19548872180451127,0.5625012872000824,1133,37,70,13,50,0.03990422984836393,2.8461538461538463,737.0,XGBoost
0.225,0.14457831325301204,0.25,0.183206106870229,0.5569045412418906,1134,36,71,12,48,0.03830806065442937,3.0,746.0,XGBoost
0.23,0.14457831325301204,0.25,0.183206106870229,0.5569045412418906,1134,36,71,12,48,0.03830806065442937,3.0,746.0,XGBoost
0.23500000000000001,0.14457831325301204,0.2608695652173913,0.18604651162790697,0.5577592420965914,1136,34,71,12,46,0.03671189146049481,2.8333333333333335,744.0,XGBoost
0.24,0.14457831325301204,0.2608695652173913,0.18604651162790697,0.5577592420965914,1136,34,71,12,46,0.03671189146049481,2.8333333333333335,744.0,XGBoost
0.245,0.14457831325301204,0.2727272727272727,0.1889763779527559,0.5586139429512923,1138,32,71,12,44,0.035115722266560255,2.6666666666666665,742.0,XGBoost
0.25,0.14457831325301204,0.2857142857142857,0.192,0.5594686438059931,1140,30,71,12,42,0.0335195530726257,2.5,740.0,XGBoost
0.255,0.14457831325301204,0.3,0.1951219512195122,0.560323344660694,1142,28,71,12,40,0.03192338387869114,2.3333333333333335,738.0,XGBoost
0.26,0.13253012048192772,0.2894736842105263,0.18181818181818182,0.5547265987025023,1143,27,72,11,38,0.030327214684756583,2.4545454545454546,747.0,XGBoost
0.265,0.13253012048192772,0.2972972972972973,0.18333333333333332,0.5551539491298527,1144,26,72,11,37,0.029529130087789304,2.3636363636363638,746.0,XGBoost
0.27,0.13253012048192772,0.3055555555555556,0.18487394957983194,0.5555812995572031,1145,25,72,11,36,0.028731045490822026,2.272727272727273,745.0,XGBoost
0.275,0.13253012048192772,0.3142857142857143,0.1864406779661017,0.5560086499845536,1146,24,72,11,35,0.027932960893854747,2.1818181818181817,744.0,XGBoost
0.28,0.13253012048192772,0.3142857142857143,0.1864406779661017,0.5560086499845536,1146,24,72,11,35,0.027932960893854747,2.1818181818181817,744.0,XGBoost
0.28500000000000003,0.13253012048192772,0.3142857142857143,0.1864406779661017,0.5560086499845536,1146,24,72,11,35,0.027932960893854747,2.1818181818181817,744.0,XGBoost
0.29,0.13253012048192772,0.3142857142857143,0.1864406779661017,0.5560086499845536,1146,24,72,11,35,0.027932960893854747,2.1818181818181817,744.0,XGBoost
0.295,0.13253012048192772,0.3142857142857143,0.1864406779661017,0.5560086499845536,1146,24,72,11,35,0.027932960893854747,2.1818181818181817,744.0,XGBoost
0.3,0.13253012048192772,0.3333333333333333,0.1896551724137931,0.5568633508392544,1148,22,72,11,33,0.026336791699920193,2.0,742.0,XGBoost
0.305,0.13253012048192772,0.34375,0.19130434782608696,0.5572907012666048,1149,21,72,11,32,0.025538707102952914,1.9090909090909092,741.0,XGBoost
0.31,0.13253012048192772,0.34375,0.19130434782608696,0.5572907012666048,1149,21,72,11,32,0.025538707102952914,1.9090909090909092,741.0,XGBoost
0.315,0.13253012048192772,0.34375,0.19130434782608696,0.5572907012666048,1149,21,72,11,32,0.025538707102952914,1.9090909090909092,741.0,XGBoost
0.32,0.13253012048192772,0.34375,0.19130434782608696,0.5572907012666048,1149,21,72,11,32,0.025538707102952914,1.9090909090909092,741.0,XGBoost
0.325,0.13253012048192772,0.3548387096774194,0.19298245614035087,0.5577180516939553,1150,20,72,11,31,0.024740622505985636,1.8181818181818181,740.0,XGBoost
0.33,0.13253012048192772,0.3548387096774194,0.19298245614035087,0.5577180516939553,1150,20,72,11,31,0.024740622505985636,1.8181818181818181,740.0,XGBoost
0.335,0.12048192771084337,0.3448275862068966,0.17857142857142858,0.5521213057357636,1151,19,73,10,29,0.02314445331205108,1.9,749.0,XGBoost
0.34,0.10843373493975904,0.3333333333333333,0.16363636363636364,0.5465245597775719,1152,18,74,9,27,0.02154828411811652,2.0,758.0,XGBoost
0.34500000000000003,0.10843373493975904,0.34615384615384615,0.1651376146788991,0.5469519102049223,1153,17,74,9,26,0.020750199521149242,1.8888888888888888,757.0,XGBoost
0.35000000000000003,0.10843373493975904,0.34615384615384615,0.1651376146788991,0.5469519102049223,1153,17,74,9,26,0.020750199521149242,1.8888888888888888,757.0,XGBoost
0.355,0.10843373493975904,0.34615384615384615,0.1651376146788991,0.5469519102049223,1153,17,74,9,26,0.020750199521149242,1.8888888888888888,757.0,XGBoost
0.36,0.10843373493975904,0.34615384615384615,0.1651376146788991,0.5469519102049223,1153,17,74,9,26,0.020750199521149242,1.8888888888888888,757.0,XGBoost
0.365,0.10843373493975904,0.36,0.16666666666666666,0.5473792606322727,1154,16,74,9,25,0.019952114924181964,1.7777777777777777,756.0,XGBoost
0.37,0.10843373493975904,0.391304347826087,0.16981132075471697,0.5482339614869736,1156,14,74,9,23,0.018355945730247406,1.5555555555555556,754.0,XGBoost
0.375,0.10843373493975904,0.4090909090909091,0.17142857142857143,0.548661311914324,1157,13,74,9,22,0.017557861133280128,1.4444444444444444,753.0,XGBoost
0.38,0.10843373493975904,0.4090909090909091,0.17142857142857143,0.548661311914324,1157,13,74,9,22,0.017557861133280128,1.4444444444444444,753.0,XGBoost
0.385,0.10843373493975904,0.4090909090909091,0.17142857142857143,0.548661311914324,1157,13,74,9,22,0.017557861133280128,1.4444444444444444,753.0,XGBoost
0.39,0.10843373493975904,0.45,0.17475728155339806,0.5495160127690248,1159,11,74,9,20,0.01596169193934557,1.2222222222222223,751.0,XGBoost
0.395,0.10843373493975904,0.45,0.17475728155339806,0.5495160127690248,1159,11,74,9,20,0.01596169193934557,1.2222222222222223,751.0,XGBoost
0.4,0.0963855421686747,0.5,0.16161616161616163,0.544773967665534,1162,8,75,8,16,0.012769353551476457,1.0,758.0,XGBoost
0.405,0.0963855421686747,0.5,0.16161616161616163,0.544773967665534,1162,8,75,8,16,0.012769353551476457,1.0,758.0,XGBoost
0.41000000000000003,0.0963855421686747,0.5,0.16161616161616163,0.544773967665534,1162,8,75,8,16,0.012769353551476457,1.0,758.0,XGBoost
0.41500000000000004,0.08433734939759036,0.5,0.14432989690721648,0.5391772217073422,1163,7,76,7,14,0.0111731843575419,1.0,767.0,XGBoost
0.42,0.08433734939759036,0.5,0.14432989690721648,0.5391772217073422,1163,7,76,7,14,0.0111731843575419,1.0,767.0,XGBoost
0.425,0.08433734939759036,0.5384615384615384,0.14583333333333334,0.5396045721346926,1164,6,76,7,13,0.010375099760574621,0.8571428571428571,766.0,XGBoost
0.43,0.08433734939759036,0.5384615384615384,0.14583333333333334,0.5396045721346926,1164,6,76,7,13,0.010375099760574621,0.8571428571428571,766.0,XGBoost
0.435,0.08433734939759036,0.5384615384615384,0.14583333333333334,0.5396045721346926,1164,6,76,7,13,0.010375099760574621,0.8571428571428571,766.0,XGBoost
0.44,0.08433734939759036,0.5384615384615384,0.14583333333333334,0.5396045721346926,1164,6,76,7,13,0.010375099760574621,0.8571428571428571,766.0,XGBoost
0.445,0.08433734939759036,0.5384615384615384,0.14583333333333334,0.5396045721346926,1164,6,76,7,13,0.010375099760574621,0.8571428571428571,766.0,XGBoost
0.45,0.08433734939759036,0.5384615384615384,0.14583333333333334,0.5396045721346926,1164,6,76,7,13,0.010375099760574621,0.8571428571428571,766.0,XGBoost
0.455,0.08433734939759036,0.5384615384615384,0.14583333333333334,0.5396045721346926,1164,6,76,7,13,0.010375099760574621,0.8571428571428571,766.0,XGBoost
0.46,0.08433734939759036,0.5384615384615384,0.14583333333333334,0.5396045721346926,1164,6,76,7,13,0.010375099760574621,0.8571428571428571,766.0,XGBoost
0.465,0.08433734939759036,0.5384615384615384,0.14583333333333334,0.5396045721346926,1164,6,76,7,13,0.010375099760574621,0.8571428571428571,766.0,XGBoost
0.47000000000000003,0.08433734939759036,0.5384615384615384,0.14583333333333334,0.5396045721346926,1164,6,76,7,13,0.010375099760574621,0.8571428571428571,766.0,XGBoost
0.47500000000000003,0.08433734939759036,0.5384615384615384,0.14583333333333334,0.5396045721346926,1164,6,76,7,13,0.010375099760574621,0.8571428571428571,766.0,XGBoost
0.48,0.07228915662650602,0.5,0.12631578947368421,0.5335804757491505,1164,6,77,6,12,0.009577015163607342,1.0,776.0,XGBoost
0.485,0.07228915662650602,0.5,0.12631578947368421,0.5335804757491505,1164,6,77,6,12,0.009577015163607342,1.0,776.0,XGBoost
0.49,0.07228915662650602,0.5,0.12631578947368421,0.5335804757491505,1164,6,77,6,12,0.009577015163607342,1.0,776.0,XGBoost
0.495,0.07228915662650602,0.5,0.12631578947368421,0.5335804757491505,1164,6,77,6,12,0.009577015163607342,1.0,776.0,XGBoost
0.5,0.060240963855421686,0.45454545454545453,0.10638297872340426,0.5275563793636083,1164,6,78,5,11,0.008778930566640064,1.2,786.0,XGBoost
0.505,0.060240963855421686,0.45454545454545453,0.10638297872340426,0.5275563793636083,1164,6,78,5,11,0.008778930566640064,1.2,786.0,XGBoost
0.51,0.04819277108433735,0.4,0.08602150537634409,0.5215322829780661,1164,6,79,4,10,0.007980845969672785,1.5,796.0,XGBoost
0.515,0.04819277108433735,0.4,0.08602150537634409,0.5215322829780661,1164,6,79,4,10,0.007980845969672785,1.5,796.0,XGBoost
0.52,0.04819277108433735,0.4444444444444444,0.08695652173913043,0.5219596334054165,1165,5,79,4,9,0.007182761372705506,1.25,795.0,XGBoost
0.525,0.024096385542168676,0.2857142857142857,0.044444444444444446,0.5099114406343322,1165,5,81,2,7,0.00558659217877095,2.5,815.0,XGBoost
0.53,0.024096385542168676,0.2857142857142857,0.044444444444444446,0.5099114406343322,1165,5,81,2,7,0.00558659217877095,2.5,815.0,XGBoost
0.535,0.012048192771084338,0.16666666666666666,0.02247191011235955,0.50388734424879,1165,5,82,1,6,0.004788507581803671,5.0,825.0,XGBoost
0.54,0.012048192771084338,0.16666666666666666,0.02247191011235955,0.50388734424879,1165,5,82,1,6,0.004788507581803671,5.0,825.0,XGBoost
0.545,0.012048192771084338,0.16666666666666666,0.02247191011235955,0.50388734424879,1165,5,82,1,6,0.004788507581803671,5.0,825.0,XGBoost
0.55,0.012048192771084338,0.16666666666666666,0.02247191011235955,0.50388734424879,1165,5,82,1,6,0.004788507581803671,5.0,825.0,XGBoost
0.555,0.012048192771084338,0.16666666666666666,0.02247191011235955,0.50388734424879,1165,5,82,1,6,0.004788507581803671,5.0,825.0,XGBoost
0.56,0.012048192771084338,0.16666666666666666,0.02247191011235955,0.50388734424879,1165,5,82,1,6,0.004788507581803671,5.0,825.0,XGBoost
0.5650000000000001,0.012048192771084338,0.16666666666666666,0.02247191011235955,0.50388734424879,1165,5,82,1,6,0.004788507581803671,5.0,825.0,XGBoost
0.5700000000000001,0.012048192771084338,0.16666666666666666,0.02247191011235955,0.50388734424879,1165,5,82,1,6,0.004788507581803671,5.0,825.0,XGBoost
0.5750000000000001,0.012048192771084338,0.16666666666666666,0.02247191011235955,0.50388734424879,1165,5,82,1,6,0.004788507581803671,5.0,825.0,XGBoost
0.58,0.012048192771084338,0.16666666666666666,0.02247191011235955,0.50388734424879,1165,5,82,1,6,0.004788507581803671,5.0,825.0,XGBoost
0.585,0.012048192771084338,0.25,0.022988505747126436,0.5047420451034909,1167,3,82,1,4,0.0031923383878691143,3.0,823.0,XGBoost
0.59,0.012048192771084338,0.25,0.022988505747126436,0.5047420451034909,1167,3,82,1,4,0.0031923383878691143,3.0,823.0,XGBoost
0.595,0.012048192771084338,0.25,0.022988505747126436,0.5047420451034909,1167,3,82,1,4,0.0031923383878691143,3.0,823.0,XGBoost
0.6,0.012048192771084338,0.25,0.022988505747126436,0.5047420451034909,1167,3,82,1,4,0.0031923383878691143,3.0,823.0,XGBoost
0.605,0.012048192771084338,0.25,0.022988505747126436,0.5047420451034909,1167,3,82,1,4,0.0031923383878691143,3.0,823.0,XGBoost
0.61,0.0,0.0,0.0,0.4987179487179487,1167,3,83,0,3,0.0023942537909018356,inf,833.0,XGBoost
0.615,0.0,0.0,0.0,0.4987179487179487,1167,3,83,0,3,0.0023942537909018356,inf,833.0,XGBoost
0.62,0.0,0.0,0.0,0.4987179487179487,1167,3,83,0,3,0.0023942537909018356,inf,833.0,XGBoost
0.625,0.0,0.0,0.0,0.4987179487179487,1167,3,83,0,3,0.0023942537909018356,inf,833.0,XGBoost
0.63,0.0,0.0,0.0,0.4987179487179487,1167,3,83,0,3,0.0023942537909018356,inf,833.0,XGBoost
0.635,0.0,0.0,0.0,0.4987179487179487,1167,3,83,0,3,0.0023942537909018356,inf,833.0,XGBoost
0.64,0.0,0.0,0.0,0.4987179487179487,1167,3,83,0,3,0.0023942537909018356,inf,833.0,XGBoost
0.645,0.0,0.0,0.0,0.4987179487179487,1167,3,83,0,3,0.0023942537909018356,inf,833.0,XGBoost
0.65,0.0,0.0,0.0,0.4987179487179487,1167,3,83,0,3,0.0023942537909018356,inf,833.0,XGBoost
0.655,0.0,0.0,0.0,0.4987179487179487,1167,3,83,0,3,0.0023942537909018356,inf,833.0,XGBoost
0.66,0.0,0.0,0.0,0.4987179487179487,1167,3,83,0,3,0.0023942537909018356,inf,833.0,XGBoost
0.665,0.0,0.0,0.0,0.4987179487179487,1167,3,83,0,3,0.0023942537909018356,inf,833.0,XGBoost
0.67,0.0,0.0,0.0,0.49914529914529915,1168,2,83,0,2,0.0015961691939345571,inf,832.0,XGBoost
0.675,0.0,0.0,0.0,0.49914529914529915,1168,2,83,0,2,0.0015961691939345571,inf,832.0,XGBoost
0.68,0.0,0.0,0.0,0.49914529914529915,1168,2,83,0,2,0.0015961691939345571,inf,832.0,XGBoost
0.685,0.0,0.0,0.0,0.49914529914529915,1168,2,83,0,2,0.0015961691939345571,inf,832.0,XGBoost
0.6900000000000001,0.0,0.0,0.0,0.49914529914529915,1168,2,83,0,2,0.0015961691939345571,inf,832.0,XGBoost
0.6950000000000001,0.0,0.0,0.0,0.49914529914529915,1168,2,83,0,2,0.0015961691939345571,inf,832.0,XGBoost
0.7000000000000001,0.0,0.0,0.0,0.49914529914529915,1168,2,83,0,2,0.0015961691939345571,inf,832.0,XGBoost
0.705,0.0,0.0,0.0,0.49914529914529915,1168,2,83,0,2,0.0015961691939345571,inf,832.0,XGBoost
0.71,0.0,0.0,0.0,0.49914529914529915,1168,2,83,0,2,0.0015961691939345571,inf,832.0,XGBoost
0.715,0.0,0.0,0.0,0.4995726495726496,1169,1,83,0,1,0.0007980845969672786,inf,831.0,XGBoost
0.72,0.0,0.0,0.0,0.5,1170,0,83,0,0,0.0,inf,830.0,XGBoost
0.725,0.0,0.0,0.0,0.5,1170,0,83,0,0,0.0,inf,830.0,XGBoost
0.73,0.0,0.0,0.0,0.5,1170,0,83,0,0,0.0,inf,830.0,XGBoost
0.735,0.0,0.0,0.0,0.5,1170,0,83,0,0,0.0,inf,830.0,XGBoost
0.74,0.0,0.0,0.0,0.5,1170,0,83,0,0,0.0,inf,830.0,XGBoost
0.745,0.0,0.0,0.0,0.5,1170,0,83,0,0,0.0,inf,830.0,XGBoost
0.75,0.0,0.0,0.0,0.5,1170,0,83,0,0,0.0,inf,830.0,XGBoost
0.755,0.0,0.0,0.0,0.5,1170,0,83,0,0,0.0,inf,830.0,XGBoost
0.76,0.0,0.0,0.0,0.5,1170,0,83,0,0,0.0,inf,830.0,XGBoost
0.765,0.0,0.0,0.0,0.5,1170,0,83,0,0,0.0,inf,830.0,XGBoost
0.77,0.0,0.0,0.0,0.5,1170,0,83,0,0,0.0,inf,830.0,XGBoost
0.775,0.0,0.0,0.0,0.5,1170,0,83,0,0,0.0,inf,830.0,XGBoost
0.78,0.0,0.0,0.0,0.5,1170,0,83,0,0,0.0,inf,830.0,XGBoost
0.785,0.0,0.0,0.0,0.5,1170,0,83,0,0,0.0,inf,830.0,XGBoost
0.79,0.0,0.0,0.0,0.5,1170,0,83,0,0,0.0,inf,830.0,XGBoost
0.795,0.0,0.0,0.0,0.5,1170,0,83,0,0,0.0,inf,830.0,XGBoost
0.8,0.0,0.0,0.0,0.5,1170,0,83,0,0,0.0,inf,830.0,XGBoost
0.805,0.0,0.0,0.0,0.5,1170,0,83,0,0,0.0,inf,830.0,XGBoost
0.81,0.0,0.0,0.0,0.5,1170,0,83,0,0,0.0,inf,830.0,XGBoost
0.8150000000000001,0.0,0.0,0.0,0.5,1170,0,83,0,0,0.0,inf,830.0,XGBoost
0.8200000000000001,0.0,0.0,0.0,0.5,1170,0,83,0,0,0.0,inf,830.0,XGBoost
0.8250000000000001,0.0,0.0,0.0,0.5,1170,0,83,0,0,0.0,inf,830.0,XGBoost
0.8300000000000001,0.0,0.0,0.0,0.5,1170,0,83,0,0,0.0,inf,830.0,XGBoost
0.835,0.0,0.0,0.0,0.5,1170,0,83,0,0,0.0,inf,830.0,XGBoost
0.84,0.0,0.0,0.0,0.5,1170,0,83,0,0,0.0,inf,830.0,XGBoost
0.845,0.0,0.0,0.0,0.5,1170,0,83,0,0,0.0,inf,830.0,XGBoost
0.85,0.0,0.0,0.0,0.5,1170,0,83,0,0,0.0,inf,830.0,XGBoost
0.855,0.0,0.0,0.0,0.5,1170,0,83,0,0,0.0,inf,830.0,XGBoost
0.86,0.0,0.0,0.0,0.5,1170,0,83,0,0,0.0,inf,830.0,XGBoost
0.865,0.0,0.0,0.0,0.5,1170,0,83,0,0,0.0,inf,830.0,XGBoost
0.87,0.0,0.0,0.0,0.5,1170,0,83,0,0,0.0,inf,830.0,XGBoost
0.875,0.0,0.0,0.0,0.5,1170,0,83,0,0,0.0,inf,830.0,XGBoost
0.88,0.0,0.0,0.0,0.5,1170,0,83,0,0,0.0,inf,830.0,XGBoost
0.885,0.0,0.0,0.0,0.5,1170,0,83,0,0,0.0,inf,830.0,XGBoost
0.89,0.0,0.0,0.0,0.5,1170,0,83,0,0,0.0,inf,830.0,XGBoost
0.895,0.0,0.0,0.0,0.5,1170,0,83,0,0,0.0,inf,830.0,XGBoost
0.9,0.0,0.0,0.0,0.5,1170,0,83,0,0,0.0,inf,830.0,XGBoost
0.905,0.0,0.0,0.0,0.5,1170,0,83,0,0,0.0,inf,830.0,XGBoost
0.91,0.0,0.0,0.0,0.5,1170,0,83,0,0,0.0,inf,830.0,XGBoost
0.915,0.0,0.0,0.0,0.5,1170,0,83,0,0,0.0,inf,830.0,XGBoost
0.92,0.0,0.0,0.0,0.5,1170,0,83,0,0,0.0,inf,830.0,XGBoost
0.925,0.0,0.0,0.0,0.5,1170,0,83,0,0,0.0,inf,830.0,XGBoost
0.93,0.0,0.0,0.0,0.5,1170,0,83,0,0,0.0,inf,830.0,XGBoost
0.935,0.0,0.0,0.0,0.5,1170,0,83,0,0,0.0,inf,830.0,XGBoost
0.9400000000000001,0.0,0.0,0.0,0.5,1170,0,83,0,0,0.0,inf,830.0,XGBoost
0.9450000000000001,0.0,0.0,0.0,0.5,1170,0,83,0,0,0.0,inf,830.0,XGBoost
0.9500000000000001,0.0,0.0,0.0,0.5,1170,0,83,0,0,0.0,inf,830.0,XGBoost
0.9550000000000001,0.0,0.0,0.0,0.5,1170,0,83,0,0,0.0,inf,830.0,XGBoost
0.96,0.0,0.0,0.0,0.5,1170,0,83,0,0,0.0,inf,830.0,XGBoost
0.965,0.0,0.0,0.0,0.5,1170,0,83,0,0,0.0,inf,830.0,XGBoost
0.97,0.0,0.0,0.0,0.5,1170,0,83,0,0,0.0,inf,830.0,XGBoost
0.975,0.0,0.0,0.0,0.5,1170,0,83,0,0,0.0,inf,830.0,XGBoost
0.98,0.0,0.0,0.0,0.5,1170,0,83,0,0,0.0,inf,830.0,XGBoost
0.985,0.0,0.0,0.0,0.5,1170,0,83,0,0,0.0,inf,830.0,XGBoost
0.99,0.0,0.0,0.0,0.5,1170,0,83,0,0,0.0,inf,830.0,XGBoost
0.995,0.0,0.0,0.0,0.5,1170,0,83,0,0,0.0,inf,830.0,XGBoost
0.005,0.8795180722891566,0.10027472527472528,0.18002466091245375,0.6598445062300484,515,655,10,73,728,0.5810055865921788,8.972602739726028,755.0,LightGBM
0.01,0.6987951807228916,0.12133891213389121,0.20677361853832443,0.6699104108742664,750,420,25,58,478,0.38148443735035914,7.241379310344827,670.0,LightGBM
0.015,0.6265060240963856,0.14016172506738545,0.2290748898678414,0.6769282257234064,851,319,31,52,371,0.29608938547486036,6.134615384615385,629.0,LightGBM
0.02,0.5542168674698795,0.152317880794702,0.23896103896103896,0.6677067243332304,914,256,37,46,302,0.24102154828411812,5.565217391304348,626.0,LightGBM
0.025,0.4819277108433735,0.15503875968992248,0.23460410557184752,0.6478014622592936,952,218,43,40,258,0.20590582601755786,5.45,648.0,LightGBM
0.03,0.4457831325301205,0.16299559471365638,0.23870967741935484,0.641694985068479,980,190,46,37,227,0.18116520351157223,5.135135135135135,650.0,LightGBM
0.035,0.42168674698795183,0.1724137931034483,0.24475524475524477,0.6390485016991041,1002,168,48,35,203,0.16201117318435754,4.8,648.0,LightGBM
0.04,0.3855421686746988,0.18285714285714286,0.24806201550387597,0.6316599732262382,1027,143,51,32,175,0.13966480446927373,4.46875,653.0,LightGBM
0.045,0.3614457831325301,0.1875,0.24691358024691357,0.6251673360107095,1040,130,53,30,160,0.12769353551476456,4.333333333333333,660.0,LightGBM
0.05,0.3493975903614458,0.2,0.2543859649122807,0.6251261456080733,1054,116,54,29,145,0.11572226656025539,4.0,656.0,LightGBM
0.055,0.3493975903614458,0.2116788321167883,0.2636363636363636,0.6285449490268767,1062,108,54,29,137,0.10933758978451716,3.7241379310344827,648.0,LightGBM
0.06,0.3373493975903614,0.21374045801526717,0.2616822429906542,0.6246576047780867,1067,103,55,28,131,0.10454908220271349,3.6785714285714284,653.0,LightGBM
0.065,0.3373493975903614,0.224,0.2692307692307692,0.6272217073421893,1073,97,55,28,125,0.09976057462090981,3.4642857142857144,647.0,LightGBM
0.07,0.3373493975903614,0.24561403508771928,0.28426395939086296,0.631922562043044,1084,86,55,28,114,0.09098164405426976,3.0714285714285716,636.0,LightGBM
0.075,0.30120481927710846,0.2403846153846154,0.26737967914438504,0.6168417258778705,1091,79,58,25,104,0.08300079808459697,3.16,659.0,LightGBM
0.08,0.27710843373493976,0.24210526315789474,0.25842696629213485,0.6077849860982392,1098,72,60,23,95,0.07581803671189145,3.130434782608696,672.0,LightGBM
0.085,0.26506024096385544,0.23655913978494625,0.25,0.6021882401400473,1099,71,61,22,93,0.0742218675179569,3.227272727272727,681.0,LightGBM
0.09,0.25301204819277107,0.23595505617977527,0.2441860465116279,0.5974461950365565,1102,68,62,21,89,0.0710295291300878,3.238095238095238,688.0,LightGBM
0.095,0.25301204819277107,0.2413793103448276,0.24705882352941178,0.5983008958912573,1104,66,62,21,87,0.06943335993615324,3.142857142857143,686.0,LightGBM
0.1,0.24096385542168675,0.24390243902439024,0.24242424242424243,0.5939862012151169,1108,62,63,20,82,0.06544293695131684,3.1,692.0,LightGBM
0.105,0.2289156626506024,0.24050632911392406,0.2345679012345679,0.5888168056842755,1110,60,64,19,79,0.06304868316041501,3.1578947368421053,700.0,LightGBM
0.11,0.2289156626506024,0.24358974358974358,0.2360248447204969,0.589244156111626,1111,59,64,19,78,0.06225059856344772,3.1052631578947367,699.0,LightGBM
0.115,0.2289156626506024,0.25,0.2389937106918239,0.5900988569663268,1113,57,64,19,76,0.060654429369513166,3.0,697.0,LightGBM
0.12,0.2289156626506024,0.25675675675675674,0.24203821656050956,0.5909535578210277,1115,55,64,19,74,0.05905826017557861,2.8947368421052633,695.0,LightGBM
0.125,0.2289156626506024,0.2638888888888889,0.24516129032258063,0.5918082586757286,1117,53,64,19,72,0.05746209098164405,2.789473684210526,693.0,LightGBM
0.13,0.21686746987951808,0.2608695652173913,0.23684210526315788,0.5866388631448872,1119,51,65,18,69,0.05506783719074222,2.8333333333333335,701.0,LightGBM
0.135,0.21686746987951808,0.2857142857142857,0.2465753424657534,0.5892029657089898,1125,45,65,18,63,0.05027932960893855,2.5,695.0,LightGBM
0.14,0.21686746987951808,0.2903225806451613,0.2482758620689655,0.5896303161363402,1126,44,65,18,62,0.04948124501197127,2.4444444444444446,694.0,LightGBM
0.145,0.21686746987951808,0.3,0.2517482517482518,0.5904850169910411,1128,42,65,18,60,0.047885075818036714,2.3333333333333335,692.0,LightGBM
0.15,0.1927710843373494,0.2857142857142857,0.2302158273381295,0.5792915250746576,1130,40,67,16,56,0.0446927374301676,2.5,710.0,LightGBM
0.155,0.1686746987951807,0.2641509433962264,0.20588235294117646,0.5676706827309237,1131,39,69,14,53,0.04229848363926576,2.7857142857142856,729.0,LightGBM
0.16,0.1686746987951807,0.2692307692307692,0.2074074074074074,0.5680980331582741,1132,38,69,14,52,0.041500399042298484,2.7142857142857144,728.0,LightGBM
0.165,0.1566265060240964,0.2653061224489796,0.19696969696969696,0.5629286376274328,1134,36,70,13,49,0.03910614525139665,2.769230769230769,736.0,LightGBM
0.17,0.1566265060240964,0.2708333333333333,0.1984732824427481,0.5633559880547833,1135,35,70,13,48,0.03830806065442937,2.6923076923076925,735.0,LightGBM
0.17500000000000002,0.1566265060240964,0.28888888888888886,0.203125,0.5646380393368345,1138,32,70,13,45,0.035913806863527534,2.4615384615384617,732.0,LightGBM
0.18,0.1566265060240964,0.3170731707317073,0.20967741935483872,0.5663474410462362,1142,28,70,13,41,0.03272146847565842,2.1538461538461537,728.0,LightGBM
0.185,0.1566265060240964,0.3333333333333333,0.21311475409836064,0.5672021419009371,1144,26,70,13,39,0.03112529928172386,2.0,726.0,LightGBM
0.19,0.1566265060240964,0.34210526315789475,0.21487603305785125,0.5676294923282875,1145,25,70,13,38,0.030327214684756583,1.9230769230769231,725.0,LightGBM
0.195,0.1566265060240964,0.35135135135135137,0.21666666666666667,0.568056842755638,1146,24,70,13,37,0.029529130087789304,1.8461538461538463,724.0,LightGBM
0.2,0.1566265060240964,0.35135135135135137,0.21666666666666667,0.568056842755638,1146,24,70,13,37,0.029529130087789304,1.8461538461538463,724.0,LightGBM
0.20500000000000002,0.14457831325301204,0.34285714285714286,0.2033898305084746,0.5624600967974461,1147,23,71,12,35,0.027932960893854747,1.9166666666666667,733.0,LightGBM
0.21,0.14457831325301204,0.34285714285714286,0.2033898305084746,0.5624600967974461,1147,23,71,12,35,0.027932960893854747,1.9166666666666667,733.0,LightGBM
0.215,0.13253012048192772,0.3235294117647059,0.18803418803418803,0.556436000411904,1147,23,72,11,34,0.02713487629688747,2.090909090909091,743.0,LightGBM
0.22,0.13253012048192772,0.3235294117647059,0.18803418803418803,0.556436000411904,1147,23,72,11,34,0.02713487629688747,2.090909090909091,743.0,LightGBM
0.225,0.13253012048192772,0.3235294117647059,0.18803418803418803,0.556436000411904,1147,23,72,11,34,0.02713487629688747,2.090909090909091,743.0,LightGBM
0.23,0.13253012048192772,0.3333333333333333,0.1896551724137931,0.5568633508392544,1148,22,72,11,33,0.026336791699920193,2.0,742.0,LightGBM
0.23500000000000001,0.13253012048192772,0.34375,0.19130434782608696,0.5572907012666048,1149,21,72,11,32,0.025538707102952914,1.9090909090909092,741.0,LightGBM
0.24,0.12048192771084337,0.3225806451612903,0.17543859649122806,0.5512666048810627,1149,21,73,10,31,0.024740622505985636,2.1,751.0,LightGBM
0.245,0.12048192771084337,0.3333333333333333,0.17699115044247787,0.5516939553084131,1150,20,73,10,30,0.023942537909018357,2.0,750.0,LightGBM
0.25,0.12048192771084337,0.3448275862068966,0.17857142857142858,0.5521213057357636,1151,19,73,10,29,0.02314445331205108,1.9,749.0,LightGBM
0.255,0.10843373493975904,0.32142857142857145,0.16216216216216217,0.5460972093502213,1151,19,74,9,28,0.0223463687150838,2.111111111111111,759.0,LightGBM
0.26,0.10843373493975904,0.32142857142857145,0.16216216216216217,0.5460972093502213,1151,19,74,9,28,0.0223463687150838,2.111111111111111,759.0,LightGBM
0.265,0.10843373493975904,0.36,0.16666666666666666,0.5473792606322727,1154,16,74,9,25,0.019952114924181964,1.7777777777777777,756.0,LightGBM
0.27,0.10843373493975904,0.36,0.16666666666666666,0.5473792606322727,1154,16,74,9,25,0.019952114924181964,1.7777777777777777,756.0,LightGBM
0.275,0.10843373493975904,0.36,0.16666666666666666,0.5473792606322727,1154,16,74,9,25,0.019952114924181964,1.7777777777777777,756.0,LightGBM
0.28,0.10843373493975904,0.36,0.16666666666666666,0.5473792606322727,1154,16,74,9,25,0.019952114924181964,1.7777777777777777,756.0,LightGBM
0.28500000000000003,0.10843373493975904,0.36,0.16666666666666666,0.5473792606322727,1154,16,74,9,25,0.019952114924181964,1.7777777777777777,756.0,LightGBM
0.29,0.10843373493975904,0.36,0.16666666666666666,0.5473792606322727,1154,16,74,9,25,0.019952114924181964,1.7777777777777777,756.0,LightGBM
0.295,0.10843373493975904,0.36,0.16666666666666666,0.5473792606322727,1154,16,74,9,25,0.019952114924181964,1.7777777777777777,756.0,LightGBM
0.3,0.10843373493975904,0.36,0.16666666666666666,0.5473792606322727,1154,16,74,9,25,0.019952114924181964,1.7777777777777777,756.0,LightGBM
0.305,0.0963855421686747,0.34782608695652173,0.1509433962264151,0.541782514674081,1155,15,75,8,23,0.018355945730247406,1.875,765.0,LightGBM
0.31,0.0963855421686747,0.36363636363636365,0.1523809523809524,0.5422098651014314,1156,14,75,8,22,0.017557861133280128,1.75,764.0,LightGBM
0.315,0.0963855421686747,0.36363636363636365,0.1523809523809524,0.5422098651014314,1156,14,75,8,22,0.017557861133280128,1.75,764.0,LightGBM
0.32,0.0963855421686747,0.36363636363636365,0.1523809523809524,0.5422098651014314,1156,14,75,8,22,0.017557861133280128,1.75,764.0,LightGBM
0.325,0.0963855421686747,0.38095238095238093,0.15384615384615385,0.5426372155287819,1157,13,75,8,21,0.01675977653631285,1.625,763.0,LightGBM
0.33,0.0963855421686747,0.42105263157894735,0.1568627450980392,0.5434919163834827,1159,11,75,8,19,0.015163607342378291,1.375,761.0,LightGBM
0.335,0.0963855421686747,0.42105263157894735,0.1568627450980392,0.5434919163834827,1159,11,75,8,19,0.015163607342378291,1.375,761.0,LightGBM
0.34,0.0963855421686747,0.42105263157894735,0.1568627450980392,0.5434919163834827,1159,11,75,8,19,0.015163607342378291,1.375,761.0,LightGBM
0.34500000000000003,0.08433734939759036,0.4117647058823529,0.14,0.5378951704252909,1160,10,76,7,17,0.013567438148443736,1.4285714285714286,770.0,LightGBM
0.35000000000000003,0.07228915662650602,0.375,0.12121212121212122,0.5318710740397488,1160,10,77,6,16,0.012769353551476457,1.6666666666666667,780.0,LightGBM
0.355,0.07228915662650602,0.375,0.12121212121212122,0.5318710740397488,1160,10,77,6,16,0.012769353551476457,1.6666666666666667,780.0,LightGBM
0.36,0.07228915662650602,0.375,0.12121212121212122,0.5318710740397488,1160,10,77,6,16,0.012769353551476457,1.6666666666666667,780.0,LightGBM
0.365,0.07228915662650602,0.375,0.12121212121212122,0.5318710740397488,1160,10,77,6,16,0.012769353551476457,1.6666666666666667,780.0,LightGBM
0.37,0.07228915662650602,0.375,0.12121212121212122,0.5318710740397488,1160,10,77,6,16,0.012769353551476457,1.6666666666666667,780.0,LightGBM
0.375,0.07228915662650602,0.375,0.12121212121212122,0.5318710740397488,1160,10,77,6,16,0.012769353551476457,1.6666666666666667,780.0,LightGBM
0.38,0.07228915662650602,0.375,0.12121212121212122,0.5318710740397488,1160,10,77,6,16,0.012769353551476457,1.6666666666666667,780.0,LightGBM
0.385,0.07228915662650602,0.375,0.12121212121212122,0.5318710740397488,1160,10,77,6,16,0.012769353551476457,1.6666666666666667,780.0,LightGBM
0.39,0.07228915662650602,0.375,0.12121212121212122,0.5318710740397488,1160,10,77,6,16,0.012769353551476457,1.6666666666666667,780.0,LightGBM
0.395,0.07228915662650602,0.4,0.12244897959183673,0.5322984244670992,1161,9,77,6,15,0.011971268954509178,1.5,779.0,LightGBM
0.4,0.04819277108433735,0.3076923076923077,0.08333333333333333,0.5202502316960148,1161,9,79,4,13,0.010375099760574621,2.25,799.0,LightGBM
0.405,0.04819277108433735,0.3076923076923077,0.08333333333333333,0.5202502316960148,1161,9,79,4,13,0.010375099760574621,2.25,799.0,LightGBM
0.41000000000000003,0.04819277108433735,0.3076923076923077,0.08333333333333333,0.5202502316960148,1161,9,79,4,13,0.010375099760574621,2.25,799.0,LightGBM
0.41500000000000004,0.04819277108433735,0.3076923076923077,0.08333333333333333,0.5202502316960148,1161,9,79,4,13,0.010375099760574621,2.25,799.0,LightGBM
0.42,0.04819277108433735,0.3076923076923077,0.08333333333333333,0.5202502316960148,1161,9,79,4,13,0.010375099760574621,2.25,799.0,LightGBM
0.425,0.04819277108433735,0.3076923076923077,0.08333333333333333,0.5202502316960148,1161,9,79,4,13,0.010375099760574621,2.25,799.0,LightGBM
0.43,0.04819277108433735,0.3076923076923077,0.08333333333333333,0.5202502316960148,1161,9,79,4,13,0.010375099760574621,2.25,799.0,LightGBM
0.435,0.03614457831325301,0.25,0.06315789473684211,0.5142261353104727,1161,9,80,3,12,0.009577015163607342,3.0,809.0,LightGBM
0.44,0.03614457831325301,0.25,0.06315789473684211,0.5142261353104727,1161,9,80,3,12,0.009577015163607342,3.0,809.0,LightGBM
0.445,0.03614457831325301,0.25,0.06315789473684211,0.5142261353104727,1161,9,80,3,12,0.009577015163607342,3.0,809.0,LightGBM
0.45,0.03614457831325301,0.25,0.06315789473684211,0.5142261353104727,1161,9,80,3,12,0.009577015163607342,3.0,809.0,LightGBM
0.455,0.03614457831325301,0.2727272727272727,0.06382978723404255,0.5146534857378231,1162,8,80,3,11,0.008778930566640064,2.6666666666666665,808.0,LightGBM
0.46,0.03614457831325301,0.2727272727272727,0.06382978723404255,0.5146534857378231,1162,8,80,3,11,0.008778930566640064,2.6666666666666665,808.0,LightGBM
0.465,0.03614457831325301,0.3,0.06451612903225806,0.5150808361651735,1163,7,80,3,10,0.007980845969672785,2.3333333333333335,807.0,LightGBM
0.47000000000000003,0.03614457831325301,0.3,0.06451612903225806,0.5150808361651735,1163,7,80,3,10,0.007980845969672785,2.3333333333333335,807.0,LightGBM
0.47500000000000003,0.03614457831325301,0.3,0.06451612903225806,0.5150808361651735,1163,7,80,3,10,0.007980845969672785,2.3333333333333335,807.0,LightGBM
0.48,0.03614457831325301,0.3333333333333333,0.06521739130434782,0.515508186592524,1164,6,80,3,9,0.007182761372705506,2.0,806.0,LightGBM
0.485,0.03614457831325301,0.3333333333333333,0.06521739130434782,0.515508186592524,1164,6,80,3,9,0.007182761372705506,2.0,806.0,LightGBM
0.49,0.03614457831325301,0.375,0.06593406593406594,0.5159355370198744,1165,5,80,3,8,0.006384676775738229,1.6666666666666667,805.0,LightGBM
0.495,0.03614457831325301,0.375,0.06593406593406594,0.5159355370198744,1165,5,80,3,8,0.006384676775738229,1.6666666666666667,805.0,LightGBM
0.5,0.024096385542168676,0.2857142857142857,0.044444444444444446,0.5099114406343322,1165,5,81,2,7,0.00558659217877095,2.5,815.0,LightGBM
0.505,0.024096385542168676,0.2857142857142857,0.044444444444444446,0.5099114406343322,1165,5,81,2,7,0.00558659217877095,2.5,815.0,LightGBM
0.51,0.012048192771084338,0.16666666666666666,0.02247191011235955,0.50388734424879,1165,5,82,1,6,0.004788507581803671,5.0,825.0,LightGBM
0.515,0.012048192771084338,0.16666666666666666,0.02247191011235955,0.50388734424879,1165,5,82,1,6,0.004788507581803671,5.0,825.0,LightGBM
0.52,0.012048192771084338,0.16666666666666666,0.02247191011235955,0.50388734424879,1165,5,82,1,6,0.004788507581803671,5.0,825.0,LightGBM
0.525,0.012048192771084338,0.16666666666666666,0.02247191011235955,0.50388734424879,1165,5,82,1,6,0.004788507581803671,5.0,825.0,LightGBM
0.53,0.0,0.0,0.0,0.49786324786324787,1165,5,83,0,5,0.0039904229848363925,inf,835.0,LightGBM
0.535,0.0,0.0,0.0,0.4982905982905983,1166,4,83,0,4,0.0031923383878691143,inf,834.0,LightGBM
0.54,0.0,0.0,0.0,0.4982905982905983,1166,4,83,0,4,0.0031923383878691143,inf,834.0,LightGBM
0.545,0.0,0.0,0.0,0.4982905982905983,1166,4,83,0,4,0.0031923383878691143,inf,834.0,LightGBM
0.55,0.0,0.0,0.0,0.4982905982905983,1166,4,83,0,4,0.0031923383878691143,inf,834.0,LightGBM
0.555,0.0,0.0,0.0,0.4982905982905983,1166,4,83,0,4,0.0031923383878691143,inf,834.0,LightGBM
0.56,0.0,0.0,0.0,0.4982905982905983,1166,4,83,0,4,0.0031923383878691143,inf,834.0,LightGBM
0.5650000000000001,0.0,0.0,0.0,0.4982905982905983,1166,4,83,0,4,0.0031923383878691143,inf,834.0,LightGBM
0.5700000000000001,0.0,0.0,0.0,0.4982905982905983,1166,4,83,0,4,0.0031923383878691143,inf,834.0,LightGBM
0.5750000000000001,0.0,0.0,0.0,0.4982905982905983,1166,4,83,0,4,0.0031923383878691143,inf,834.0,LightGBM
0.58,0.0,0.0,0.0,0.4982905982905983,1166,4,83,0,4,0.0031923383878691143,inf,834.0,LightGBM
0.585,0.0,0.0,0.0,0.4987179487179487,1167,3,83,0,3,0.0023942537909018356,inf,833.0,LightGBM
0.59,0.0,0.0,0.0,0.4987179487179487,1167,3,83,0,3,0.0023942537909018356,inf,833.0,LightGBM
0.595,0.0,0.0,0.0,0.4987179487179487,1167,3,83,0,3,0.0023942537909018356,inf,833.0,LightGBM
0.6,0.0,0.0,0.0,0.4987179487179487,1167,3,83,0,3,0.0023942537909018356,inf,833.0,LightGBM
0.605,0.0,0.0,0.0,0.49914529914529915,1168,2,83,0,2,0.0015961691939345571,inf,832.0,LightGBM
0.61,0.0,0.0,0.0,0.49914529914529915,1168,2,83,0,2,0.0015961691939345571,inf,832.0,LightGBM
0.615,0.0,0.0,0.0,0.49914529914529915,1168,2,83,0,2,0.0015961691939345571,inf,832.0,LightGBM
0.62,0.0,0.0,0.0,0.49914529914529915,1168,2,83,0,2,0.0015961691939345571,inf,832.0,LightGBM
0.625,0.0,0.0,0.0,0.49914529914529915,1168,2,83,0,2,0.0015961691939345571,inf,832.0,LightGBM
0.63,0.0,0.0,0.0,0.49914529914529915,1168,2,83,0,2,0.0015961691939345571,inf,832.0,LightGBM
0.635,0.0,0.0,0.0,0.49914529914529915,1168,2,83,0,2,0.0015961691939345571,inf,832.0,LightGBM
0.64,0.0,0.0,0.0,0.49914529914529915,1168,2,83,0,2,0.0015961691939345571,inf,832.0,LightGBM
0.645,0.0,0.0,0.0,0.49914529914529915,1168,2,83,0,2,0.0015961691939345571,inf,832.0,LightGBM
0.65,0.0,0.0,0.0,0.49914529914529915,1168,2,83,0,2,0.0015961691939345571,inf,832.0,LightGBM
0.655,0.0,0.0,0.0,0.49914529914529915,1168,2,83,0,2,0.0015961691939345571,inf,832.0,LightGBM
0.66,0.0,0.0,0.0,0.49914529914529915,1168,2,83,0,2,0.0015961691939345571,inf,832.0,LightGBM
0.665,0.0,0.0,0.0,0.49914529914529915,1168,2,83,0,2,0.0015961691939345571,inf,832.0,LightGBM
0.67,0.0,0.0,0.0,0.49914529914529915,1168,2,83,0,2,0.0015961691939345571,inf,832.0,LightGBM
0.675,0.0,0.0,0.0,0.49914529914529915,1168,2,83,0,2,0.0015961691939345571,inf,832.0,LightGBM
0.68,0.0,0.0,0.0,0.49914529914529915,1168,2,83,0,2,0.0015961691939345571,inf,832.0,LightGBM
0.685,0.0,0.0,0.0,0.49914529914529915,1168,2,83,0,2,0.0015961691939345571,inf,832.0,LightGBM
0.6900000000000001,0.0,0.0,0.0,0.49914529914529915,1168,2,83,0,2,0.0015961691939345571,inf,832.0,LightGBM
0.6950000000000001,0.0,0.0,0.0,0.49914529914529915,1168,2,83,0,2,0.0015961691939345571,inf,832.0,LightGBM
0.7000000000000001,0.0,0.0,0.0,0.49914529914529915,1168,2,83,0,2,0.0015961691939345571,inf,832.0,LightGBM
0.705,0.0,0.0,0.0,0.49914529914529915,1168,2,83,0,2,0.0015961691939345571,inf,832.0,LightGBM
0.71,0.0,0.0,0.0,0.49914529914529915,1168,2,83,0,2,0.0015961691939345571,inf,832.0,LightGBM
0.715,0.0,0.0,0.0,0.49914529914529915,1168,2,83,0,2,0.0015961691939345571,inf,832.0,LightGBM
0.72,0.0,0.0,0.0,0.49914529914529915,1168,2,83,0,2,0.0015961691939345571,inf,832.0,LightGBM
0.725,0.0,0.0,0.0,0.4995726495726496,1169,1,83,0,1,0.0007980845969672786,inf,831.0,LightGBM
0.73,0.0,0.0,0.0,0.4995726495726496,1169,1,83,0,1,0.0007980845969672786,inf,831.0,LightGBM
0.735,0.0,0.0,0.0,0.4995726495726496,1169,1,83,0,1,0.0007980845969672786,inf,831.0,LightGBM
0.74,0.0,0.0,0.0,0.4995726495726496,1169,1,83,0,1,0.0007980845969672786,inf,831.0,LightGBM
0.745,0.0,0.0,0.0,0.4995726495726496,1169,1,83,0,1,0.0007980845969672786,inf,831.0,LightGBM
0.75,0.0,0.0,0.0,0.4995726495726496,1169,1,83,0,1,0.0007980845969672786,inf,831.0,LightGBM
0.755,0.0,0.0,0.0,0.4995726495726496,1169,1,83,0,1,0.0007980845969672786,inf,831.0,LightGBM
0.76,0.0,0.0,0.0,0.4995726495726496,1169,1,83,0,1,0.0007980845969672786,inf,831.0,LightGBM
0.765,0.0,0.0,0.0,0.4995726495726496,1169,1,83,0,1,0.0007980845969672786,inf,831.0,LightGBM
0.77,0.0,0.0,0.0,0.4995726495726496,1169,1,83,0,1,0.0007980845969672786,inf,831.0,LightGBM
0.775,0.0,0.0,0.0,0.4995726495726496,1169,1,83,0,1,0.0007980845969672786,inf,831.0,LightGBM
0.78,0.0,0.0,0.0,0.5,1170,0,83,0,0,0.0,inf,830.0,LightGBM
0.785,0.0,0.0,0.0,0.5,1170,0,83,0,0,0.0,inf,830.0,LightGBM
0.79,0.0,0.0,0.0,0.5,1170,0,83,0,0,0.0,inf,830.0,LightGBM
0.795,0.0,0.0,0.0,0.5,1170,0,83,0,0,0.0,inf,830.0,LightGBM
0.8,0.0,0.0,0.0,0.5,1170,0,83,0,0,0.0,inf,830.0,LightGBM
0.805,0.0,0.0,0.0,0.5,1170,0,83,0,0,0.0,inf,830.0,LightGBM
0.81,0.0,0.0,0.0,0.5,1170,0,83,0,0,0.0,inf,830.0,LightGBM
0.8150000000000001,0.0,0.0,0.0,0.5,1170,0,83,0,0,0.0,inf,830.0,LightGBM
0.8200000000000001,0.0,0.0,0.0,0.5,1170,0,83,0,0,0.0,inf,830.0,LightGBM
0.8250000000000001,0.0,0.0,0.0,0.5,1170,0,83,0,0,0.0,inf,830.0,LightGBM
0.8300000000000001,0.0,0.0,0.0,0.5,1170,0,83,0,0,0.0,inf,830.0,LightGBM
0.835,0.0,0.0,0.0,0.5,1170,0,83,0,0,0.0,inf,830.0,LightGBM
0.84,0.0,0.0,0.0,0.5,1170,0,83,0,0,0.0,inf,830.0,LightGBM
0.845,0.0,0.0,0.0,0.5,1170,0,83,0,0,0.0,inf,830.0,LightGBM
0.85,0.0,0.0,0.0,0.5,1170,0,83,0,0,0.0,inf,830.0,LightGBM
0.855,0.0,0.0,0.0,0.5,1170,0,83,0,0,0.0,inf,830.0,LightGBM
0.86,0.0,0.0,0.0,0.5,1170,0,83,0,0,0.0,inf,830.0,LightGBM
0.865,0.0,0.0,0.0,0.5,1170,0,83,0,0,0.0,inf,830.0,LightGBM
0.87,0.0,0.0,0.0,0.5,1170,0,83,0,0,0.0,inf,830.0,LightGBM
0.875,0.0,0.0,0.0,0.5,1170,0,83,0,0,0.0,inf,830.0,LightGBM
0.88,0.0,0.0,0.0,0.5,1170,0,83,0,0,0.0,inf,830.0,LightGBM
0.885,0.0,0.0,0.0,0.5,1170,0,83,0,0,0.0,inf,830.0,LightGBM
0.89,0.0,0.0,0.0,0.5,1170,0,83,0,0,0.0,inf,830.0,LightGBM
0.895,0.0,0.0,0.0,0.5,1170,0,83,0,0,0.0,inf,830.0,LightGBM
0.9,0.0,0.0,0.0,0.5,1170,0,83,0,0,0.0,inf,830.0,LightGBM
0.905,0.0,0.0,0.0,0.5,1170,0,83,0,0,0.0,inf,830.0,LightGBM
0.91,0.0,0.0,0.0,0.5,1170,0,83,0,0,0.0,inf,830.0,LightGBM
0.915,0.0,0.0,0.0,0.5,1170,0,83,0,0,0.0,inf,830.0,LightGBM
0.92,0.0,0.0,0.0,0.5,1170,0,83,0,0,0.0,inf,830.0,LightGBM
0.925,0.0,0.0,0.0,0.5,1170,0,83,0,0,0.0,inf,830.0,LightGBM
0.93,0.0,0.0,0.0,0.5,1170,0,83,0,0,0.0,inf,830.0,LightGBM
0.935,0.0,0.0,0.0,0.5,1170,0,83,0,0,0.0,inf,830.0,LightGBM
0.9400000000000001,0.0,0.0,0.0,0.5,1170,0,83,0,0,0.0,inf,830.0,LightGBM
0.9450000000000001,0.0,0.0,0.0,0.5,1170,0,83,0,0,0.0,inf,830.0,LightGBM
0.9500000000000001,0.0,0.0,0.0,0.5,1170,0,83,0,0,0.0,inf,830.0,LightGBM
0.9550000000000001,0.0,0.0,0.0,0.5,1170,0,83,0,0,0.0,inf,830.0,LightGBM
0.96,0.0,0.0,0.0,0.5,1170,0,83,0,0,0.0,inf,830.0,LightGBM
0.965,0.0,0.0,0.0,0.5,1170,0,83,0,0,0.0,inf,830.0,LightGBM
0.97,0.0,0.0,0.0,0.5,1170,0,83,0,0,0.0,inf,830.0,LightGBM
0.975,0.0,0.0,0.0,0.5,1170,0,83,0,0,0.0,inf,830.0,LightGBM
0.98,0.0,0.0,0.0,0.5,1170,0,83,0,0,0.0,inf,830.0,LightGBM
0.985,0.0,0.0,0.0,0.5,1170,0,83,0,0,0.0,inf,830.0,LightGBM
0.99,0.0,0.0,0.0,0.5,1170,0,83,0,0,0.0,inf,830.0,LightGBM
0.995,0.0,0.0,0.0,0.5,1170,0,83,0,0,0.0,inf,830.0,LightGBM
0.005,0.6987951807228916,0.09618573797678276,0.16909620991253643,0.6164916074554629,625,545,25,58,603,0.48124501197126895,9.39655172413793,795.0,Regularized Logistic Regression
0.01,0.6626506024096386,0.10516252390057361,0.18151815181518152,0.6313253012048192,702,468,28,55,523,0.41739824421388666,8.50909090909091,748.0,Regularized Logistic Regression
0.015,0.6385542168674698,0.1079429735234216,0.18466898954703834,0.6320976212542477,732,438,30,53,491,0.39185953711093374,8.264150943396226,738.0,Regularized Logistic Regression
0.02,0.5903614457831325,0.10560344827586207,0.17915904936014626,0.617830295541139,755,415,34,49,464,0.37031125299281725,8.46938775510204,755.0,Regularized Logistic Regression
0.025,0.5783132530120482,0.10714285714285714,0.1807909604519774,0.6182164555658531,770,400,35,48,448,0.3575418994413408,8.333333333333334,750.0,Regularized Logistic Regression
0.03,0.5542168674698795,0.10697674418604651,0.1793372319688109,0.6130058696323757,786,384,37,46,430,0.34317637669592976,8.347826086956522,754.0,Regularized Logistic Regression
0.035,0.5421686746987951,0.1089588377723971,0.1814516129032258,0.6138193800844403,802,368,38,45,413,0.329608938547486,8.177777777777777,748.0,Regularized Logistic Regression
0.04,0.5301204819277109,0.11027568922305764,0.1825726141078838,0.6133508392544538,815,355,39,44,399,0.31843575418994413,8.068181818181818,745.0,Regularized Logistic Regression
0.045,0.5301204819277109,0.11428571428571428,0.18803418803418803,0.6193337452373597,829,341,39,44,385,0.30726256983240224,7.75,731.0,Regularized Logistic Regression
0.05,0.5060240963855421,0.11170212765957446,0.1830065359477124,0.6102770054577283,836,334,41,42,376,0.30007980845969673,7.9523809523809526,744.0,Regularized Logistic Regression
0.055,0.5060240963855421,0.11538461538461539,0.18791946308724833,0.6154052105859334,848,322,41,42,364,0.2905027932960894,7.666666666666667,732.0,Regularized Logistic Regression
0.06,0.5060240963855421,0.11830985915492957,0.1917808219178082,0.6192513644320873,857,313,41,42,355,0.2833200319233839,7.4523809523809526,723.0,Regularized Logistic Regression
0.065,0.5060240963855421,0.11931818181818182,0.19310344827586207,0.6205334157141387,860,310,41,42,352,0.28092577813248204,7.380952380952381,720.0,Regularized Logistic Regression
0.07,0.5060240963855421,0.12173913043478261,0.19626168224299065,0.6235248687055917,867,303,41,42,345,0.2753391859537111,7.214285714285714,713.0,Regularized Logistic Regression
0.075,0.5060240963855421,0.12352941176470589,0.19858156028368795,0.6256616208423438,872,298,41,42,340,0.2713487629688747,7.095238095238095,708.0,Regularized Logistic Regression
0.08,0.5060240963855421,0.12462908011869436,0.2,0.6269436721243951,875,295,41,42,337,0.26895450917797287,7.023809523809524,705.0,Regularized Logistic Regression
0.085,0.5060240963855421,0.12650602409638553,0.20240963855421687,0.6290804242611472,880,290,41,42,332,0.2649640861931365,6.904761904761905,700.0,Regularized Logistic Regression
0.09,0.5060240963855421,0.12727272727272726,0.2033898305084746,0.629935125115848,882,288,41,42,330,0.2633679169992019,6.857142857142857,698.0,Regularized Logistic Regression
0.095,0.4939759036144578,0.12576687116564417,0.20048899755501223,0.6251930800123571,885,285,42,41,326,0.2601755786113328,6.951219512195122,705.0,Regularized Logistic Regression
0.1,0.4939759036144578,0.12974683544303797,0.20551378446115287,0.6294665842858613,895,275,42,41,316,0.25219473264166004,6.7073170731707314,695.0,Regularized Logistic Regression
0.105,0.46987951807228917,0.1266233766233766,0.19948849104859334,0.6199824940788796,901,269,44,39,308,0.24581005586592178,6.897435897435898,709.0,Regularized Logistic Regression
0.11,0.46987951807228917,0.12786885245901639,0.20103092783505155,0.6212645453609309,904,266,44,39,305,0.24341580207501995,6.82051282051282,706.0,Regularized Logistic Regression
0.115,0.46987951807228917,0.12871287128712872,0.20207253886010362,0.6221192462156317,906,264,44,39,303,0.2418196328810854,6.769230769230769,704.0,Regularized Logistic Regression
0.12,0.46987951807228917,0.13131313131313133,0.20526315789473684,0.6246833487797343,912,258,44,39,297,0.23703112529928172,6.615384615384615,698.0,Regularized Logistic Regression
0.125,0.46987951807228917,0.13175675675675674,0.20580474934036938,0.6251106992070847,913,257,44,39,296,0.23623304070231443,6.589743589743589,697.0,Regularized Logistic Regression
0.13,0.46987951807228917,0.1326530612244898,0.20689655172413793,0.6259654000617856,915,255,44,39,294,0.2346368715083799,6.538461538461538,695.0,Regularized Logistic Regression
0.135,0.46987951807228917,0.13541666666666666,0.21024258760107817,0.6285295026258881,921,249,44,39,288,0.2298483639265762,6.384615384615385,689.0,Regularized Logistic Regression
0.14,0.46987951807228917,0.1368421052631579,0.21195652173913043,0.6298115539079394,924,246,44,39,285,0.22745411013567438,6.3076923076923075,686.0,Regularized Logistic Regression
0.145,0.4578313253012048,0.13620071684587814,0.20994475138121546,0.6259242096591494,929,241,45,38,279,0.22266560255387072,6.342105263157895,691.0,Regularized Logistic Regression
0.15,0.4457831325301205,0.13405797101449277,0.20612813370473537,0.6207548141283081,931,239,46,37,276,0.2202713487629689,6.45945945945946,699.0,Regularized Logistic Regression
0.155,0.4457831325301205,0.13454545454545455,0.20670391061452514,0.6211821645556586,932,238,46,37,275,0.2194732641660016,6.4324324324324325,698.0,Regularized Logistic Regression
0.16,0.4457831325301205,0.13602941176470587,0.2084507042253521,0.6224642158377098,935,235,46,37,272,0.21707901037509977,6.351351351351352,695.0,Regularized Logistic Regression
0.165,0.43373493975903615,0.13432835820895522,0.20512820512820512,0.617722170734219,938,232,47,36,268,0.21388667198723066,6.444444444444445,702.0,Regularized Logistic Regression
0.17,0.43373493975903615,0.13636363636363635,0.207492795389049,0.6194315724436207,942,228,47,36,264,0.21069433359936154,6.333333333333333,698.0,Regularized Logistic Regression
0.17500000000000002,0.43373493975903615,0.13636363636363635,0.207492795389049,0.6194315724436207,942,228,47,36,264,0.21069433359936154,6.333333333333333,698.0,Regularized Logistic Regression
0.18,0.43373493975903615,0.13793103448275862,0.20930232558139536,0.620713623725672,945,225,47,36,261,0.2083000798084597,6.25,695.0,Regularized Logistic Regression
0.185,0.43373493975903615,0.13793103448275862,0.20930232558139536,0.620713623725672,945,225,47,36,261,0.2083000798084597,6.25,695.0,Regularized Logistic Regression
0.19,0.43373493975903615,0.13953488372093023,0.21114369501466276,0.6219956750077232,948,222,47,36,258,0.20590582601755786,6.166666666666667,692.0,Regularized Logistic Regression
0.195,0.43373493975903615,0.14007782101167315,0.21176470588235294,0.6224230254350737,949,221,47,36,257,0.20510774142059057,6.138888888888889,691.0,Regularized Logistic Regression
0.2,0.40963855421686746,0.13385826771653545,0.20178041543026706,0.6108021830913397,950,220,49,34,254,0.20271348762968874,6.470588235294118,710.0,Regularized Logistic Regression
0.20500000000000002,0.40963855421686746,0.136,0.2042042042042042,0.6125115848007414,954,216,49,34,250,0.19952114924181963,6.352941176470588,706.0,Regularized Logistic Regression
0.21,0.40963855421686746,0.13821138211382114,0.2066869300911854,0.6142209865101431,958,212,49,34,246,0.19632881085395051,6.235294117647059,702.0,Regularized Logistic Regression
0.215,0.40963855421686746,0.13877551020408163,0.2073170731707317,0.6146483369374935,959,211,49,34,245,0.19553072625698323,6.205882352941177,701.0,Regularized Logistic Regression
0.22,0.40963855421686746,0.13877551020408163,0.2073170731707317,0.6146483369374935,959,211,49,34,245,0.19553072625698323,6.205882352941177,701.0,Regularized Logistic Regression
0.225,0.40963855421686746,0.13877551020408163,0.2073170731707317,0.6146483369374935,959,211,49,34,245,0.19553072625698323,6.205882352941177,701.0,Regularized Logistic Regression
0.23,0.40963855421686746,0.13934426229508196,0.20795107033639143,0.615075687364844,960,210,49,34,244,0.19473264166001597,6.176470588235294,700.0,Regularized Logistic Regression
0.23500000000000001,0.39759036144578314,0.13636363636363635,0.20307692307692307,0.6094789414066523,961,209,50,33,242,0.1931364724660814,6.333333333333333,709.0,Regularized Logistic Regression
0.24,0.39759036144578314,0.13807531380753138,0.20496894409937888,0.6107609926887035,964,206,50,33,239,0.19074221867517957,6.242424242424242,706.0,Regularized Logistic Regression
0.245,0.39759036144578314,0.13983050847457626,0.20689655172413793,0.6120430439707548,967,203,50,33,236,0.18834796488427774,6.151515151515151,703.0,Regularized Logistic Regression
0.25,0.39759036144578314,0.13983050847457626,0.20689655172413793,0.6120430439707548,967,203,50,33,236,0.18834796488427774,6.151515151515151,703.0,Regularized Logistic Regression
0.255,0.39759036144578314,0.14102564102564102,0.2082018927444795,0.6128977448254557,969,201,50,33,234,0.18675179569034317,6.090909090909091,701.0,Regularized Logistic Regression
0.26,0.39759036144578314,0.14163090128755365,0.2088607594936709,0.6133250952528061,970,200,50,33,233,0.18595371109337588,6.0606060606060606,700.0,Regularized Logistic Regression
0.265,0.39759036144578314,0.14285714285714285,0.21019108280254778,0.614179796107507,972,198,50,33,231,0.18435754189944134,6.0,698.0,Regularized Logistic Regression
0.27,0.3855421686746988,0.13973799126637554,0.20512820512820512,0.6085830501493152,973,197,51,32,229,0.1827613727055068,6.15625,707.0,Regularized Logistic Regression
0.275,0.37349397590361444,0.13596491228070176,0.19935691318327975,0.602558953763773,973,197,52,31,228,0.1819632881085395,6.354838709677419,717.0,Regularized Logistic Regression
0.28,0.37349397590361444,0.13656387665198239,0.2,0.6029863041911234,974,196,52,31,227,0.18116520351157223,6.32258064516129,716.0,Regularized Logistic Regression
0.28500000000000003,0.37349397590361444,0.13839285714285715,0.20195439739413681,0.6042683554731747,977,193,52,31,224,0.1787709497206704,6.225806451612903,713.0,Regularized Logistic Regression
0.29,0.37349397590361444,0.13963963963963963,0.20327868852459016,0.6051230563278756,979,191,52,31,222,0.17717478052673583,6.161290322580645,711.0,Regularized Logistic Regression
0.295,0.37349397590361444,0.13963963963963963,0.20327868852459016,0.6051230563278756,979,191,52,31,222,0.17717478052673583,6.161290322580645,711.0,Regularized Logistic Regression
0.3,0.37349397590361444,0.13963963963963963,0.20327868852459016,0.6051230563278756,979,191,52,31,222,0.17717478052673583,6.161290322580645,711.0,Regularized Logistic Regression
0.305,0.37349397590361444,0.1415525114155251,0.2052980132450331,0.6064051076099268,982,188,52,31,219,0.174780526735834,6.064516129032258,708.0,Regularized Logistic Regression
0.31,0.37349397590361444,0.14485981308411214,0.20875420875420875,0.608541859746679,987,183,52,31,214,0.1707901037509976,5.903225806451613,703.0,Regularized Logistic Regression
0.315,0.37349397590361444,0.14622641509433962,0.21016949152542372,0.6093965606013798,989,181,52,31,212,0.16919393455706305,5.838709677419355,701.0,Regularized Logistic Regression
0.32,0.37349397590361444,0.14761904761904762,0.21160409556313994,0.6102512614560807,991,179,52,31,210,0.16759776536312848,5.774193548387097,699.0,Regularized Logistic Regression
0.325,0.37349397590361444,0.1497584541062802,0.21379310344827587,0.6115333127381319,994,176,52,31,207,0.16520351157222665,5.67741935483871,696.0,Regularized Logistic Regression
0.33,0.37349397590361444,0.15048543689320387,0.21453287197231835,0.6119606631654824,995,175,52,31,206,0.16440542697525937,5.645161290322581,695.0,Regularized Logistic Regression
0.335,0.37349397590361444,0.15121951219512195,0.2152777777777778,0.6123880135928328,996,174,52,31,205,0.1636073423782921,5.612903225806452,694.0,Regularized Logistic Regression
0.34,0.3614457831325301,0.1477832512315271,0.2097902097902098,0.6067912676346411,997,173,53,30,203,0.16201117318435754,5.766666666666667,703.0,Regularized Logistic Regression
0.34500000000000003,0.3614457831325301,0.14925373134328357,0.2112676056338028,0.6076459684893419,999,171,53,30,201,0.160415003990423,5.7,701.0,Regularized Logistic Regression
0.35000000000000003,0.3614457831325301,0.14925373134328357,0.2112676056338028,0.6076459684893419,999,171,53,30,201,0.160415003990423,5.7,701.0,Regularized Logistic Regression
0.355,0.3614457831325301,0.15,0.21201413427561838,0.6080733189166924,1000,170,53,30,200,0.1596169193934557,5.666666666666667,700.0,Regularized Logistic Regression
0.36,0.3614457831325301,0.15,0.21201413427561838,0.6080733189166924,1000,170,53,30,200,0.1596169193934557,5.666666666666667,700.0,Regularized Logistic Regression
0.365,0.3373493975903614,0.14358974358974358,0.2014388489208633,0.5973071774276593,1003,167,55,28,195,0.1556264964086193,5.964285714285714,717.0,Regularized Logistic Regression
0.37,0.3373493975903614,0.14432989690721648,0.20216606498194944,0.5977345278550097,1004,166,55,28,194,0.15482841181165202,5.928571428571429,716.0,Regularized Logistic Regression
0.375,0.3373493975903614,0.14432989690721648,0.20216606498194944,0.5977345278550097,1004,166,55,28,194,0.15482841181165202,5.928571428571429,716.0,Regularized Logistic Regression
0.38,0.3373493975903614,0.14583333333333334,0.20363636363636364,0.5985892287097107,1006,164,55,28,192,0.15323224261771748,5.857142857142857,714.0,Regularized Logistic Regression
0.385,0.3373493975903614,0.14583333333333334,0.20363636363636364,0.5985892287097107,1006,164,55,28,192,0.15323224261771748,5.857142857142857,714.0,Regularized Logistic Regression
0.39,0.3373493975903614,0.14814814814814814,0.20588235294117646,0.5998712799917619,1009,161,55,28,189,0.15083798882681565,5.75,711.0,Regularized Logistic Regression
0.395,0.3253012048192771,0.14361702127659576,0.1992619926199262,0.5938471836062198,1009,161,56,27,188,0.15003990422984836,5.962962962962963,721.0,Regularized Logistic Regression
0.4,0.3253012048192771,0.14361702127659576,0.1992619926199262,0.5938471836062198,1009,161,56,27,188,0.15003990422984836,5.962962962962963,721.0,Regularized Logistic Regression
0.405,0.3253012048192771,0.1443850267379679,0.2,0.5942745340335702,1010,160,56,27,187,0.14924181963288108,5.925925925925926,720.0,Regularized Logistic Regression
0.41000000000000003,0.3253012048192771,0.14516129032258066,0.20074349442379183,0.5947018844609206,1011,159,56,27,186,0.1484437350359138,5.888888888888889,719.0,Regularized Logistic Regression
0.41500000000000004,0.3253012048192771,0.14594594594594595,0.20149253731343283,0.5951292348882711,1012,158,56,27,185,0.14764565043894654,5.851851851851852,718.0,Regularized Logistic Regression
0.42,0.3253012048192771,0.14673913043478262,0.20224719101123595,0.5955565853156215,1013,157,56,27,184,0.14684756584197925,5.814814814814815,717.0,Regularized Logistic Regression
0.425,0.3253012048192771,0.14754098360655737,0.20300751879699247,0.5959839357429719,1014,156,56,27,183,0.14604948124501196,5.777777777777778,716.0,Regularized Logistic Regression
0.43,0.3132530120481928,0.14444444444444443,0.19771863117870722,0.5908145402121305,1016,154,57,26,180,0.14365522745411013,5.923076923076923,724.0,Regularized Logistic Regression
0.435,0.3132530120481928,0.1452513966480447,0.1984732824427481,0.591241890639481,1017,153,57,26,179,0.14285714285714285,5.884615384615385,723.0,Regularized Logistic Regression
0.44,0.3132530120481928,0.1452513966480447,0.1984732824427481,0.591241890639481,1017,153,57,26,179,0.14285714285714285,5.884615384615385,723.0,Regularized Logistic Regression
0.445,0.3132530120481928,0.1452513966480447,0.1984732824427481,0.591241890639481,1017,153,57,26,179,0.14285714285714285,5.884615384615385,723.0,Regularized Logistic Regression
0.45,0.3132530120481928,0.14606741573033707,0.19923371647509577,0.5916692410668314,1018,152,57,26,178,0.1420590582601756,5.846153846153846,722.0,Regularized Logistic Regression
0.455,0.3132530120481928,0.14689265536723164,0.2,0.5920965914941818,1019,151,57,26,177,0.1412609736632083,5.8076923076923075,721.0,Regularized Logistic Regression
0.46,0.3132530120481928,0.14942528735632185,0.20233463035019456,0.5933786427762331,1022,148,57,26,174,0.13886671987230648,5.6923076923076925,718.0,Regularized Logistic Regression
0.465,0.3132530120481928,0.15028901734104047,0.203125,0.5938059932035835,1023,147,57,26,173,0.1380686352753392,5.653846153846154,717.0,Regularized Logistic Regression
0.47000000000000003,0.30120481927710846,0.14619883040935672,0.1968503937007874,0.5882092472453918,1024,146,58,25,171,0.13647246608140462,5.84,726.0,Regularized Logistic Regression
0.47500000000000003,0.30120481927710846,0.14619883040935672,0.1968503937007874,0.5882092472453918,1024,146,58,25,171,0.13647246608140462,5.84,726.0,Regularized Logistic Regression
0.48,0.30120481927710846,0.14792899408284024,0.1984126984126984,0.5890639481000927,1026,144,58,25,169,0.13487629688747008,5.76,724.0,Regularized Logistic Regression
0.485,0.30120481927710846,0.1488095238095238,0.199203187250996,0.5894912985274431,1027,143,58,25,168,0.1340782122905028,5.72,723.0,Regularized Logistic Regression
0.49,0.30120481927710846,0.1497005988023952,0.2,0.5899186489547935,1028,142,58,25,167,0.1332801276935355,5.68,722.0,Regularized Logistic Regression
0.495,0.30120481927710846,0.1524390243902439,0.20242914979757085,0.5912007002368448,1031,139,58,25,164,0.13088587390263368,5.56,719.0,Regularized Logistic Regression
0.5,0.30120481927710846,0.15625,0.205761316872428,0.5929101019462465,1035,135,58,25,160,0.12769353551476456,5.4,715.0,Regularized Logistic Regression
0.505,0.30120481927710846,0.15625,0.205761316872428,0.5929101019462465,1035,135,58,25,160,0.12769353551476456,5.4,715.0,Regularized Logistic Regression
0.51,0.30120481927710846,0.15723270440251572,0.2066115702479339,0.5933374523735969,1036,134,58,25,159,0.12689545091779728,5.36,714.0,Regularized Logistic Regression
0.515,0.30120481927710846,0.15723270440251572,0.2066115702479339,0.5933374523735969,1036,134,58,25,159,0.12689545091779728,5.36,714.0,Regularized Logistic Regression
0.52,0.30120481927710846,0.15822784810126583,0.2074688796680498,0.5937648028009473,1037,133,58,25,158,0.12609736632083002,5.32,713.0,Regularized Logistic Regression
0.525,0.30120481927710846,0.1592356687898089,0.20833333333333334,0.5941921532282978,1038,132,58,25,157,0.12529928172386273,5.28,712.0,Regularized Logistic Regression
0.53,0.30120481927710846,0.16025641025641027,0.20920502092050208,0.5946195036556482,1039,131,58,25,156,0.12450119712689545,5.24,711.0,Regularized Logistic Regression
0.535,0.30120481927710846,0.16129032258064516,0.21008403361344538,0.5950468540829986,1040,130,58,25,155,0.12370311252992817,5.2,710.0,Regularized Logistic Regression
0.54,0.30120481927710846,0.16233766233766234,0.2109704641350211,0.595474204510349,1041,129,58,25,154,0.12290502793296089,5.16,709.0,Regularized Logistic Regression
0.545,0.30120481927710846,0.16447368421052633,0.2127659574468085,0.59632890536505,1043,127,58,25,152,0.12130885873902633,5.08,707.0,Regularized Logistic Regression
0.55,0.30120481927710846,0.16556291390728478,0.21367521367521367,0.5967562557924004,1044,126,58,25,151,0.12051077414205906,5.04,706.0,Regularized Logistic Regression
0.555,0.30120481927710846,0.16778523489932887,0.21551724137931033,0.5976109566471013,1046,124,58,25,149,0.1189146049481245,4.96,704.0,Regularized Logistic Regression
0.56,0.30120481927710846,0.16891891891891891,0.21645021645021645,0.5980383070744517,1047,123,58,25,148,0.11811652035115722,4.92,703.0,Regularized Logistic Regression
0.5650000000000001,0.30120481927710846,0.17006802721088435,0.21739130434782608,0.5984656575018021,1048,122,58,25,147,0.11731843575418995,4.88,702.0,Regularized Logistic Regression
0.5700000000000001,0.30120481927710846,0.17482517482517482,0.22123893805309736,0.6001750592112038,1052,118,58,25,143,0.11412609736632083,4.72,698.0,Regularized Logistic Regression
0.5750000000000001,0.30120481927710846,0.176056338028169,0.2222222222222222,0.6006024096385543,1053,117,58,25,142,0.11332801276935354,4.68,697.0,Regularized Logistic Regression
0.58,0.30120481927710846,0.176056338028169,0.2222222222222222,0.6006024096385543,1053,117,58,25,142,0.11332801276935354,4.68,697.0,Regularized Logistic Regression
0.585,0.30120481927710846,0.176056338028169,0.2222222222222222,0.6006024096385543,1053,117,58,25,142,0.11332801276935354,4.68,697.0,Regularized Logistic Regression
0.59,0.30120481927710846,0.1773049645390071,0.22321428571428573,0.6010297600659047,1054,116,58,25,141,0.11252992817238627,4.64,696.0,Regularized Logistic Regression
0.595,0.30120481927710846,0.17985611510791366,0.22522522522522523,0.6018844609206055,1056,114,58,25,139,0.11093375897845172,4.56,694.0,Regularized Logistic Regression
0.6,0.30120481927710846,0.18115942028985507,0.22624434389140272,0.602311811347956,1057,113,58,25,138,0.11013567438148444,4.52,693.0,Regularized Logistic Regression
0.605,0.30120481927710846,0.18518518518518517,0.22935779816513763,0.6035938626300072,1060,110,58,25,135,0.1077414205905826,4.4,690.0,Regularized Logistic Regression
0.61,0.30120481927710846,0.1865671641791045,0.2304147465437788,0.6040212130573577,1061,109,58,25,134,0.10694333599361533,4.36,689.0,Regularized Logistic Regression
0.615,0.30120481927710846,0.18796992481203006,0.23148148148148148,0.6044485634847081,1062,108,58,25,133,0.10614525139664804,4.32,688.0,Regularized Logistic Regression
0.62,0.2891566265060241,0.18181818181818182,0.22325581395348837,0.5984244670991659,1062,108,59,24,132,0.10534716679968077,4.5,698.0,Regularized Logistic Regression
0.625,0.2891566265060241,0.18461538461538463,0.22535211267605634,0.5992791679538667,1064,106,59,24,130,0.10375099760574621,4.416666666666667,696.0,Regularized Logistic Regression
0.63,0.27710843373493976,0.1796875,0.21800947867298578,0.593682421995675,1065,105,60,23,128,0.10215482841181166,4.565217391304348,705.0,Regularized Logistic Regression
0.635,0.27710843373493976,0.18253968253968253,0.22009569377990432,0.5945371228503759,1067,103,60,23,126,0.1005586592178771,4.478260869565218,703.0,Regularized Logistic Regression
0.64,0.27710843373493976,0.184,0.22115384615384615,0.5949644732777263,1068,102,60,23,125,0.09976057462090981,4.434782608695652,702.0,Regularized Logistic Regression
0.645,0.27710843373493976,0.18548387096774194,0.2222222222222222,0.5953918237050767,1069,101,60,23,124,0.09896249002394254,4.391304347826087,701.0,Regularized Logistic Regression
0.65,0.27710843373493976,0.1885245901639344,0.22439024390243903,0.5962465245597776,1071,99,60,23,122,0.09736632083000799,4.304347826086956,699.0,Regularized Logistic Regression
0.655,0.27710843373493976,0.19008264462809918,0.22549019607843138,0.596673874987128,1072,98,60,23,121,0.0965682362330407,4.260869565217392,698.0,Regularized Logistic Regression
0.66,0.27710843373493976,0.19166666666666668,0.22660098522167488,0.5971012254144784,1073,97,60,23,120,0.09577015163607343,4.217391304347826,697.0,Regularized Logistic Regression
0.665,0.27710843373493976,0.19166666666666668,0.22660098522167488,0.5971012254144784,1073,97,60,23,120,0.09577015163607343,4.217391304347826,697.0,Regularized Logistic Regression
0.67,0.27710843373493976,0.19327731092436976,0.22772277227722773,0.5975285758418288,1074,96,60,23,119,0.09497206703910614,4.173913043478261,696.0,Regularized Logistic Regression
0.675,0.27710843373493976,0.19327731092436976,0.22772277227722773,0.5975285758418288,1074,96,60,23,119,0.09497206703910614,4.173913043478261,696.0,Regularized Logistic Regression
0.68,0.26506024096385544,0.18803418803418803,0.22,0.5919318298836371,1075,95,61,22,117,0.09337589784517158,4.318181818181818,705.0,Regularized Logistic Regression
0.685,0.25301204819277107,0.1810344827586207,0.21105527638190955,0.5859077334980949,1075,95,62,21,116,0.09257781324820431,4.523809523809524,715.0,Regularized Logistic Regression
0.6900000000000001,0.25301204819277107,0.1826086956521739,0.21212121212121213,0.5863350839254453,1076,94,62,21,115,0.09177972865123703,4.476190476190476,714.0,Regularized Logistic Regression
0.6950000000000001,0.25301204819277107,0.1826086956521739,0.21212121212121213,0.5863350839254453,1076,94,62,21,115,0.09177972865123703,4.476190476190476,714.0,Regularized Logistic Regression
0.7000000000000001,0.25301204819277107,0.1826086956521739,0.21212121212121213,0.5863350839254453,1076,94,62,21,115,0.09177972865123703,4.476190476190476,714.0,Regularized Logistic Regression
0.705,0.24096385542168675,0.17543859649122806,0.20304568527918782,0.5803109875399032,1076,94,63,20,114,0.09098164405426976,4.7,724.0,Regularized Logistic Regression
0.71,0.24096385542168675,0.17543859649122806,0.20304568527918782,0.5803109875399032,1076,94,63,20,114,0.09098164405426976,4.7,724.0,Regularized Logistic Regression
0.715,0.24096385542168675,0.17857142857142858,0.20512820512820512,0.581165688394604,1078,92,63,20,112,0.0893854748603352,4.6,722.0,Regularized Logistic Regression
0.72,0.24096385542168675,0.17857142857142858,0.20512820512820512,0.581165688394604,1078,92,63,20,112,0.0893854748603352,4.6,722.0,Regularized Logistic Regression
0.725,0.24096385542168675,0.18018018018018017,0.20618556701030927,0.5815930388219546,1079,91,63,20,111,0.08858739026336791,4.55,721.0,Regularized Logistic Regression
0.73,0.24096385542168675,0.18018018018018017,0.20618556701030927,0.5815930388219546,1079,91,63,20,111,0.08858739026336791,4.55,721.0,Regularized Logistic Regression
0.735,0.24096385542168675,0.18018018018018017,0.20618556701030927,0.5815930388219546,1079,91,63,20,111,0.08858739026336791,4.55,721.0,Regularized Logistic Regression
0.74,0.2289156626506024,0.1743119266055046,0.19791666666666666,0.5759962928637627,1080,90,64,19,109,0.08699122106943336,4.7368421052631575,730.0,Regularized Logistic Regression
0.745,0.2289156626506024,0.1743119266055046,0.19791666666666666,0.5759962928637627,1080,90,64,19,109,0.08699122106943336,4.7368421052631575,730.0,Regularized Logistic Regression
0.75,0.2289156626506024,0.1743119266055046,0.19791666666666666,0.5759962928637627,1080,90,64,19,109,0.08699122106943336,4.7368421052631575,730.0,Regularized Logistic Regression
0.755,0.2289156626506024,0.17592592592592593,0.19895287958115182,0.5764236432911132,1081,89,64,19,108,0.08619313647246608,4.684210526315789,729.0,Regularized Logistic Regression
0.76,0.21686746987951808,0.17647058823529413,0.1945945945945946,0.5725362990423232,1086,84,65,18,102,0.08140462889066241,4.666666666666667,734.0,Regularized Logistic Regression
0.765,0.21686746987951808,0.18,0.19672131147540983,0.573390999897024,1088,82,65,18,100,0.07980845969672785,4.555555555555555,732.0,Regularized Logistic Regression
0.77,0.21686746987951808,0.18,0.19672131147540983,0.573390999897024,1088,82,65,18,100,0.07980845969672785,4.555555555555555,732.0,Regularized Logistic Regression
0.775,0.21686746987951808,0.1836734693877551,0.19889502762430938,0.5742457007517249,1090,80,65,18,98,0.0782122905027933,4.444444444444445,730.0,Regularized Logistic Regression
0.78,0.21686746987951808,0.18556701030927836,0.2,0.5746730511790753,1091,79,65,18,97,0.07741420590582601,4.388888888888889,729.0,Regularized Logistic Regression
0.785,0.21686746987951808,0.18556701030927836,0.2,0.5746730511790753,1091,79,65,18,97,0.07741420590582601,4.388888888888889,729.0,Regularized Logistic Regression
0.79,0.21686746987951808,0.18947368421052632,0.20224719101123595,0.5755277520337762,1093,77,65,18,95,0.07581803671189145,4.277777777777778,727.0,Regularized Logistic Regression
0.795,0.20481927710843373,0.18085106382978725,0.192090395480226,0.569503655648234,1093,77,66,17,94,0.07501995211492418,4.529411764705882,737.0,Regularized Logistic Regression
0.8,0.20481927710843373,0.1827956989247312,0.19318181818181818,0.5699310060755844,1094,76,66,17,93,0.0742218675179569,4.470588235294118,736.0,Regularized Logistic Regression
0.805,0.18072289156626506,0.16483516483516483,0.1724137931034483,0.5578828133045001,1094,76,68,15,91,0.07262569832402235,5.066666666666666,756.0,Regularized Logistic Regression
0.81,0.18072289156626506,0.16666666666666666,0.17341040462427745,0.5583101637318505,1095,75,68,15,90,0.07182761372705507,5.0,755.0,Regularized Logistic Regression
0.8150000000000001,0.18072289156626506,0.16853932584269662,0.1744186046511628,0.5587375141592009,1096,74,68,15,89,0.0710295291300878,4.933333333333334,754.0,Regularized Logistic Regression
0.8200000000000001,0.18072289156626506,0.1724137931034483,0.17647058823529413,0.5595922150139018,1098,72,68,15,87,0.06943335993615324,4.8,752.0,Regularized Logistic Regression
0.8250000000000001,0.1566265060240964,0.1566265060240964,0.1566265060240964,0.5483987230975182,1100,70,70,13,83,0.06624102154828412,5.384615384615385,770.0,Regularized Logistic Regression
0.8300000000000001,0.1566265060240964,0.15853658536585366,0.15757575757575756,0.5488260735248687,1101,69,70,13,82,0.06544293695131684,5.3076923076923075,769.0,Regularized Logistic Regression
0.835,0.1566265060240964,0.15853658536585366,0.15757575757575756,0.5488260735248687,1101,69,70,13,82,0.06544293695131684,5.3076923076923075,769.0,Regularized Logistic Regression
0.84,0.1566265060240964,0.16049382716049382,0.15853658536585366,0.5492534239522191,1102,68,70,13,81,0.06464485235434957,5.230769230769231,768.0,Regularized Logistic Regression
0.845,0.1566265060240964,0.1625,0.15950920245398773,0.5496807743795695,1103,67,70,13,80,0.06384676775738228,5.153846153846154,767.0,Regularized Logistic Regression
0.85,0.1566265060240964,0.16455696202531644,0.16049382716049382,0.55010812480692,1104,66,70,13,79,0.06304868316041501,5.076923076923077,766.0,Regularized Logistic Regression
0.855,0.1566265060240964,0.16666666666666666,0.16149068322981366,0.5505354752342704,1105,65,70,13,78,0.06225059856344772,5.0,765.0,Regularized Logistic Regression
0.86,0.1566265060240964,0.16883116883116883,0.1625,0.5509628256616208,1106,64,70,13,77,0.061452513966480445,4.923076923076923,764.0,Regularized Logistic Regression
0.865,0.14457831325301204,0.15789473684210525,0.1509433962264151,0.5449387292760787,1106,64,71,12,76,0.060654429369513166,5.333333333333333,774.0,Regularized Logistic Regression
0.87,0.14457831325301204,0.15789473684210525,0.1509433962264151,0.5449387292760787,1106,64,71,12,76,0.060654429369513166,5.333333333333333,774.0,Regularized Logistic Regression
0.875,0.14457831325301204,0.16,0.1518987341772152,0.5453660797034291,1107,63,71,12,75,0.05985634477254589,5.25,773.0,Regularized Logistic Regression
0.88,0.14457831325301204,0.16216216216216217,0.15286624203821655,0.5457934301307795,1108,62,71,12,74,0.05905826017557861,5.166666666666667,772.0,Regularized Logistic Regression
0.885,0.13253012048192772,0.15492957746478872,0.14285714285714285,0.5406240345999382,1110,60,72,11,71,0.05666400638467677,5.454545454545454,780.0,Regularized Logistic Regression
0.89,0.13253012048192772,0.15714285714285714,0.1437908496732026,0.5410513850272887,1111,59,72,11,70,0.055865921787709494,5.363636363636363,779.0,Regularized Logistic Regression
0.895,0.12048192771084337,0.15151515151515152,0.1342281879194631,0.5363093399237977,1114,56,73,10,66,0.052673583399840386,5.6,786.0,Regularized Logistic Regression
0.9,0.12048192771084337,0.15384615384615385,0.13513513513513514,0.5367366903511481,1115,55,73,10,65,0.05187549880287311,5.5,785.0,Regularized Logistic Regression
0.905,0.12048192771084337,0.16129032258064516,0.13793103448275862,0.5380187416331995,1118,52,73,10,62,0.04948124501197127,5.2,782.0,Regularized Logistic Regression
0.91,0.10843373493975904,0.14754098360655737,0.125,0.5319946452476573,1118,52,74,9,61,0.04868316041500399,5.777777777777778,792.0,Regularized Logistic Regression
0.915,0.0963855421686747,0.13559322033898305,0.11267605633802817,0.5263978992894656,1119,51,75,8,59,0.047086991221069435,6.375,801.0,Regularized Logistic Regression
0.92,0.0963855421686747,0.14285714285714285,0.11510791366906475,0.5276799505715168,1122,48,75,8,56,0.0446927374301676,6.0,798.0,Regularized Logistic Regression
0.925,0.0963855421686747,0.14545454545454545,0.11594202898550725,0.5281073009988673,1123,47,75,8,55,0.04389465283320032,5.875,797.0,Regularized Logistic Regression
0.93,0.0963855421686747,0.14814814814814814,0.11678832116788321,0.5285346514262177,1124,46,75,8,54,0.04309656823623304,5.75,796.0,Regularized Logistic Regression
0.935,0.0963855421686747,0.1509433962264151,0.11764705882352941,0.5289620018535681,1125,45,75,8,53,0.04229848363926576,5.625,795.0,Regularized Logistic Regression
0.9400000000000001,0.0963855421686747,0.1509433962264151,0.11764705882352941,0.5289620018535681,1125,45,75,8,53,0.04229848363926576,5.625,795.0,Regularized Logistic Regression
0.9450000000000001,0.0963855421686747,0.15384615384615385,0.11851851851851852,0.5293893522809185,1126,44,75,8,52,0.041500399042298484,5.5,794.0,Regularized Logistic Regression
0.9500000000000001,0.08433734939759036,0.13725490196078433,0.1044776119402985,0.5233652558953764,1126,44,76,7,51,0.040702314445331206,6.285714285714286,804.0,Regularized Logistic Regression
0.9550000000000001,0.07228915662650602,0.125,0.0916030534351145,0.518195860364535,1128,42,77,6,48,0.03830806065442937,7.0,812.0,Regularized Logistic Regression
0.96,0.07228915662650602,0.125,0.0916030534351145,0.518195860364535,1128,42,77,6,48,0.03830806065442937,7.0,812.0,Regularized Logistic Regression
0.965,0.060240963855421686,0.1111111111111111,0.078125,0.5130264648336937,1130,40,78,5,45,0.035913806863527534,8.0,820.0,Regularized Logistic Regression
0.97,0.060240963855421686,0.11904761904761904,0.08,0.514308516115745,1133,37,78,5,42,0.0335195530726257,7.4,817.0,Regularized Logistic Regression
0.975,0.060240963855421686,0.1282051282051282,0.08196721311475409,0.5155905673977963,1136,34,78,5,39,0.03112529928172386,6.8,814.0,Regularized Logistic Regression
0.98,0.060240963855421686,0.14285714285714285,0.0847457627118644,0.517299969107198,1140,30,78,5,35,0.027932960893854747,6.0,810.0,Regularized Logistic Regression
0.985,0.04819277108433735,0.125,0.06956521739130435,0.5121305735763567,1142,28,79,4,32,0.025538707102952914,7.0,818.0,Regularized Logistic Regression
0.99,0.04819277108433735,0.14285714285714285,0.07207207207207207,0.5138399752857584,1146,24,79,4,28,0.0223463687150838,6.0,814.0,Regularized Logistic Regression
0.995,0.03614457831325301,0.12,0.05555555555555555,0.508670579754917,1148,22,80,3,25,0.019952114924181964,7.333333333333333,822.0,Regularized Logistic Regression
