wafer_id,timestamp,target,status,raw_failure_probability,uncalibrated_cross_fitted_probability,sigmoid_cross_fitted_probability,beta_cross_fitted_probability,isotonic_cross_fitted_probability,selected_calibration_method,selected_calibrated_probability,decision
WF-000309,2008-08-19 11:58:00,0,Pass,0.41373809523809524,0.41373809523809524,0.07243954963614394,0.07605519431819194,0.09502262443438914,Beta,0.07605519431819194,Engineering Review
WF-000236,2008-08-17 21:26:00,1,Fail,0.3970952380952381,0.3970952380952381,0.06925436499995408,0.06710247296442506,0.07563025210084033,Beta,0.06710247296442506,Engineering Review
WF-000183,2008-08-10 07:01:00,1,Fail,0.5459285714285714,0.5459285714285714,0.1044908219318463,0.18905124732682108,0.22535211267605634,Beta,0.18905124732682108,High Risk
WF-001304,2008-10-05 00:33:00,1,Fail,0.4067619047619046,0.4067619047619046,0.07029208643978896,0.07212539316529357,0.07792207792207792,Beta,0.07212539316529357,Engineering Review
WF-001248,2008-10-02 16:32:00,0,Pass,0.3563571428571428,0.3563571428571428,0.06068969551760779,0.04794034981017015,0.029914529914529916,Beta,0.04794034981017015,Engineering Review
WF-001179,2008-09-29 14:04:00,0,Pass,0.3629761904761905,0.3629761904761905,0.0623046911561739,0.05009524539644999,0.02072538860103627,Beta,0.05009524539644999,Engineering Review
WF-000934,2008-09-20 00:33:00,0,Pass,0.3167380952380953,0.3167380952380953,0.05419970632874446,0.0325846869959721,0.022443890274314215,Beta,0.0325846869959721,Low Risk
WF-000172,2008-08-09 19:03:00,0,Pass,0.5511190476190476,0.5511190476190476,0.10969820110921967,0.20974378386378809,0.2653061224489796,Beta,0.20974378386378809,High Risk
WF-000433,2008-08-23 04:52:00,0,Pass,0.3759285714285714,0.3759285714285714,0.0642630993206779,0.056444106712905666,0.07792207792207792,Beta,0.056444106712905666,Engineering Review
WF-001491,2008-10-13 21:20:00,0,Pass,0.36542857142857144,0.36542857142857144,0.0620932441682177,0.0506179359650795,0.02577319587628866,Beta,0.0506179359650795,Engineering Review
WF-000684,2008-09-02 12:30:00,0,Pass,0.3968809523809523,0.3968809523809523,0.06829448579099912,0.0660113588509357,0.0875,Beta,0.0660113588509357,Engineering Review
WF-000597,2008-08-30 20:11:00,0,Pass,0.4108095238095238,0.4108095238095238,0.07122023403384461,0.07390680521277458,0.0875,Beta,0.07390680521277458,Engineering Review
WF-000917,2008-09-19 18:11:00,0,Pass,0.2753571428571429,0.2753571428571429,0.047866335779589465,0.02170171809261309,0.0,Beta,0.02170171809261309,Low Risk
WF-000458,2008-08-27 22:58:00,0,Pass,0.525095238095238,0.525095238095238,0.10135970678597363,0.17473382162033632,0.2112676056338028,Beta,0.17473382162033632,High Risk
WF-000378,2008-08-21 19:12:00,0,Pass,0.47845238095238096,0.47845238095238096,0.0883625773218141,0.12609337066022072,0.12162162162162163,Beta,0.12609337066022072,High Risk
WF-000704,2008-09-02 20:52:00,0,Pass,0.37021428571428566,0.37021428571428566,0.06366440161630546,0.05330130189765783,0.02072538860103627,Beta,0.05330130189765783,Engineering Review
WF-000791,2008-09-11 14:31:00,0,Pass,0.3526190476190477,0.3526190476190477,0.060028661318340795,0.04643364998368497,0.029914529914529916,Beta,0.04643364998368497,Engineering Review
WF-000538,2008-08-29 14:18:00,0,Pass,0.43373809523809514,0.43373809523809514,0.07698172705075725,0.09033593798812782,0.1111111111111111,Beta,0.09033593798812782,High Risk
WF-001509,2008-10-14 20:48:00,0,Pass,0.20264285714285718,0.20264285714285718,0.037614542679696765,0.008929213650881366,0.0,Beta,0.008929213650881366,Low Risk
WF-001511,2008-10-14 23:07:00,0,Pass,0.30809523809523803,0.30809523809523803,0.05212256375477838,0.02983704505149297,0.02577319587628866,Beta,0.02983704505149297,Low Risk
WF-001438,2008-10-09 00:23:00,0,Pass,0.296095238095238,0.296095238095238,0.05082200072716942,0.02769091341295829,0.0,Beta,0.02769091341295829,Low Risk
WF-000362,2008-08-21 13:45:00,0,Pass,0.42730952380952375,0.42730952380952375,0.0758578188045932,0.0856704365187509,0.10106382978723404,Beta,0.0856704365187509,High Risk
WF-000772,2008-09-09 08:44:00,0,Pass,0.2973333333333334,0.2973333333333334,0.050427825789960155,0.026809346000455477,0.0,Beta,0.026809346000455477,Low Risk
WF-000336,2008-08-20 18:35:00,0,Pass,0.417404761904762,0.417404761904762,0.0726456043035069,0.07789717075194175,0.0875,Beta,0.07789717075194175,Engineering Review
WF-000733,2008-09-04 16:56:00,0,Pass,0.2995952380952381,0.2995952380952381,0.05141364364666145,0.027455754645656246,0.022443890274314215,Beta,0.027455754645656246,Low Risk
WF-000757,2008-09-08 04:21:00,0,Pass,0.24152380952380956,0.24152380952380956,0.04244601442490312,0.014606636706485494,0.0,Beta,0.014606636706485494,Low Risk
WF-001054,2008-09-24 06:14:00,0,Pass,0.4031428571428573,0.4031428571428573,0.07005790901197799,0.07048614676983965,0.1111111111111111,Beta,0.07048614676983965,Engineering Review
WF-001380,2008-10-06 21:46:00,0,Pass,0.39473809523809517,0.39473809523809517,0.06876220430035894,0.0657994547691811,0.07563025210084033,Beta,0.0657994547691811,Engineering Review
WF-000331,2008-08-20 16:16:00,0,Pass,0.47388095238095224,0.47388095238095224,0.08525989440740461,0.11781702742144064,0.125,Beta,0.11781702742144064,High Risk
WF-001300,2008-10-04 19:54:00,0,Pass,0.47304761904761905,0.47304761904761905,0.08505746867574057,0.11713856099839468,0.125,Beta,0.11713856099839468,High Risk
WF-000901,2008-09-19 06:01:00,0,Pass,0.2390952380952381,0.2390952380952381,0.0421276000682722,0.014191937218854646,0.0,Beta,0.014191937218854646,Low Risk
WF-001539,2008-10-15 19:15:00,0,Pass,0.2537142857142857,0.2537142857142857,0.04383066050531657,0.01624079619316133,0.0,Beta,0.01624079619316133,Low Risk
WF-001278,2008-10-03 20:26:00,0,Pass,0.3514523809523809,0.3514523809523809,0.06028255314513609,0.045176667681861786,0.022443890274314215,Beta,0.045176667681861786,Engineering Review
WF-000437,2008-08-23 05:58:00,0,Pass,0.5511666666666665,0.5511666666666665,0.10777283410203764,0.20329788834527382,0.21875,Beta,0.20329788834527382,High Risk
WF-001567,2008-10-17 06:07:00,0,Pass,0.32399999999999995,0.32399999999999995,0.055422338355755885,0.03496348470770299,0.022443890274314215,Beta,0.03496348470770299,Low Risk
WF-000386,2008-08-21 23:08:00,0,Pass,0.3999761904761903,0.3999761904761903,0.06986032201284131,0.06872240425322326,0.10106382978723404,Beta,0.06872240425322326,Engineering Review
WF-000569,2008-08-30 07:50:00,0,Pass,0.32909523809523805,0.32909523809523805,0.05629347937721514,0.03699391257252661,0.02072538860103627,Beta,0.03699391257252661,Engineering Review
WF-001501,2008-10-14 13:16:00,0,Pass,0.361547619047619,0.361547619047619,0.06156669346653574,0.049150098492539034,0.02531645569620253,Beta,0.049150098492539034,Engineering Review
WF-000007,2008-07-19 19:44:00,0,Pass,0.49166666666666675,0.49166666666666675,0.08968555008601366,0.13304108074249235,0.16666666666666666,Beta,0.13304108074249235,High Risk
WF-001084,2008-09-25 15:12:00,0,Pass,0.3169285714285714,0.3169285714285714,0.053553678316500125,0.032509953634795696,0.02577319587628866,Beta,0.032509953634795696,Low Risk
WF-000496,2008-08-28 20:39:00,1,Fail,0.37652380952380954,0.37652380952380954,0.06421835800774488,0.05568496949733535,0.08571428571428572,Beta,0.05568496949733535,Engineering Review
WF-000135,2008-08-06 12:33:00,0,Pass,0.4379285714285715,0.4379285714285715,0.07691400684747851,0.09119350237024511,0.07792207792207792,Beta,0.09119350237024511,High Risk
WF-001276,2008-10-03 19:23:00,0,Pass,0.31304761904761913,0.31304761904761913,0.05364048119107793,0.03178327929974911,0.02072538860103627,Beta,0.03178327929974911,Low Risk
WF-000743,2008-09-07 13:02:00,0,Pass,0.32452380952380955,0.32452380952380955,0.05527216410826841,0.03621948828863136,0.029411764705882353,Beta,0.03621948828863136,Engineering Review
WF-000355,2008-08-21 12:31:00,0,Pass,0.4948095238095239,0.4948095238095239,0.09273959305540833,0.14176271165502333,0.2112676056338028,Beta,0.14176271165502333,High Risk
WF-001366,2008-10-06 15:00:00,1,Fail,0.42023809523809524,0.42023809523809524,0.07308810860181827,0.07994691376926066,0.07792207792207792,Beta,0.07994691376926066,Engineering Review
WF-000020,2008-07-22 14:00:00,0,Pass,0.550095238095238,0.550095238095238,0.10757442171988,0.19865743343486805,0.22077922077922077,Beta,0.19865743343486805,High Risk
WF-000104,2008-08-05 02:36:00,0,Pass,0.39635714285714274,0.39635714285714274,0.06860229143195226,0.06658792774684015,0.1,Beta,0.06658792774684015,Engineering Review
WF-000593,2008-08-30 17:05:00,0,Pass,0.337,0.337,0.05764522149137086,0.039785101041910256,0.02072538860103627,Beta,0.039785101041910256,Engineering Review
WF-000643,2008-09-01 23:45:00,0,Pass,0.39495238095238105,0.39495238095238105,0.06880681198956541,0.06591708551220302,0.07563025210084033,Beta,0.06591708551220302,Engineering Review
WF-000152,2008-08-07 08:55:00,0,Pass,0.42716666666666664,0.42716666666666664,0.07544359234793048,0.0857431940284266,0.1111111111111111,Beta,0.0857431940284266,High Risk
WF-000468,2008-08-28 06:15:00,0,Pass,0.3808333333333333,0.3808333333333333,0.06506190218414494,0.05775684505494972,0.08571428571428572,Beta,0.05775684505494972,Engineering Review
WF-000399,2008-08-22 02:52:00,0,Pass,0.34759523809523807,0.34759523809523807,0.059150878085659386,0.04446542270441645,0.029914529914529916,Beta,0.04446542270441645,Engineering Review
WF-000156,2008-08-08 04:55:00,0,Pass,0.5274999999999999,0.5274999999999999,0.10226080164326147,0.1793268870102125,0.2653061224489796,Beta,0.1793268870102125,High Risk
WF-001505,2008-10-14 17:36:00,0,Pass,0.22935714285714293,0.22935714285714293,0.04135454267235962,0.012426266940548712,0.0,Beta,0.012426266940548712,Low Risk
WF-000215,2008-08-16 06:52:00,0,Pass,0.4959285714285715,0.4959285714285715,0.09077638274964869,0.13690614190560263,0.22535211267605634,Beta,0.13690614190560263,High Risk
WF-001359,2008-10-06 10:07:00,0,Pass,0.34347619047619055,0.34347619047619055,0.058440167920051994,0.042899169355320954,0.029914529914529916,Beta,0.042899169355320954,Engineering Review
WF-001195,2008-09-30 13:29:00,0,Pass,0.2951666666666667,0.2951666666666667,0.050092995676428345,0.026228944070499437,0.0,Beta,0.026228944070499437,Low Risk
WF-000892,2008-09-18 23:00:00,0,Pass,0.3177380952380952,0.3177380952380952,0.05440347113681443,0.03324520218802791,0.02072538860103627,Beta,0.03324520218802791,Low Risk
WF-000983,2008-09-21 10:07:00,0,Pass,0.2640714285714285,0.2640714285714285,0.04625542666997047,0.019206021746969743,0.0,Beta,0.019206021746969743,Low Risk
WF-001536,2008-10-15 16:24:00,0,Pass,0.33102380952380955,0.33102380952380955,0.05595782950064568,0.036977169579469886,0.02531645569620253,Beta,0.036977169579469886,Engineering Review
WF-000686,2008-09-02 13:05:00,0,Pass,0.3479761904761905,0.3479761904761905,0.058883025045731036,0.04338292631488122,0.02577319587628866,Beta,0.04338292631488122,Engineering Review
WF-000288,2008-08-19 05:40:00,0,Pass,0.43980952380952376,0.43980952380952376,0.07733142905903881,0.09245784184938853,0.07792207792207792,Beta,0.09245784184938853,High Risk
WF-000385,2008-08-21 22:41:00,0,Pass,0.4756428571428572,0.4756428571428572,0.08684716879980325,0.12066655856904111,0.1,Beta,0.12066655856904111,High Risk
WF-000971,2008-09-21 01:06:00,0,Pass,0.4580476190476192,0.4580476190476192,0.08292446521606943,0.10902596833125985,0.12087912087912088,Beta,0.10902596833125985,High Risk
WF-001166,2008-09-28 23:54:00,0,Pass,0.3859285714285714,0.3859285714285714,0.06671209536861747,0.060803740124392464,0.08695652173913043,Beta,0.060803740124392464,Engineering Review
WF-001388,2008-10-07 07:41:00,0,Pass,0.2600238095238095,0.2600238095238095,0.04569034128249994,0.018364109699846493,0.0,Beta,0.018364109699846493,Low Risk
WF-000797,2008-09-11 23:10:00,0,Pass,0.3868571428571429,0.3868571428571429,0.06661146519568532,0.061415478582262775,0.04950495049504951,Beta,0.061415478582262775,Engineering Review
WF-001047,2008-09-24 02:19:00,0,Pass,0.3307380952380953,0.3307380952380953,0.056292684513361065,0.03831692716062492,0.029914529914529916,Beta,0.03831692716062492,Engineering Review
WF-000447,2008-08-24 10:09:00,0,Pass,0.4739285714285714,0.4739285714285714,0.08527147477673486,0.11785588906343385,0.125,Beta,0.11785588906343385,High Risk
WF-001116,2008-09-26 20:31:00,0,Pass,0.4009285714285714,0.4009285714285714,0.06957980605633692,0.069195012708836,0.1111111111111111,Beta,0.069195012708836,Engineering Review
WF-000205,2008-08-15 09:38:00,0,Pass,0.39916666666666667,0.39916666666666667,0.06876685026256352,0.06725898954911864,0.0875,Beta,0.06725898954911864,Engineering Review
WF-000576,2008-08-30 09:37:00,0,Pass,0.3336428571428572,0.3336428571428572,0.056363562236934825,0.038063636151315805,0.02577319587628866,Beta,0.038063636151315805,Engineering Review
WF-000705,2008-09-02 20:58:00,0,Pass,0.35040476190476194,0.35040476190476194,0.05964027810915211,0.04555820110867051,0.029914529914529916,Beta,0.04555820110867051,Engineering Review
WF-000186,2008-08-10 12:22:00,0,Pass,0.31847619047619047,0.31847619047619047,0.05379446566559459,0.03270749226155537,0.02531645569620253,Beta,0.03270749226155537,Low Risk
WF-000671,2008-09-02 09:36:00,0,Pass,0.43371428571428566,0.43371428571428566,0.07697610256014015,0.09031895703821965,0.1111111111111111,Beta,0.09031895703821965,High Risk
WF-000660,2008-09-02 04:19:00,0,Pass,0.33526190476190476,0.33526190476190476,0.0570467088965479,0.03989994485497824,0.029914529914529916,Beta,0.03989994485497824,Engineering Review
WF-000401,2008-08-22 03:58:00,0,Pass,0.36235714285714293,0.36235714285714293,0.06172237620357197,0.04951023688045859,0.02531645569620253,Beta,0.04951023688045859,Engineering Review
WF-000837,2008-09-14 16:34:00,0,Pass,0.37949999999999995,0.37949999999999995,0.06565798313057489,0.05784574986088083,0.07563025210084033,Beta,0.05784574986088083,Engineering Review
WF-000159,2008-08-08 12:37:00,1,Fail,0.3316428571428571,0.3316428571428571,0.05672584369685421,0.037876770172609535,0.02072538860103627,Beta,0.037876770172609535,Engineering Review
WF-000979,2008-09-21 08:22:00,0,Pass,0.3388571428571429,0.3388571428571429,0.05765271660548681,0.0411925762482697,0.029914529914529916,Beta,0.0411925762482697,Engineering Review
WF-001045,2008-09-23 21:26:00,0,Pass,0.3303571428571429,0.3303571428571429,0.056229617314004124,0.03818580098321902,0.029914529914529916,Beta,0.03818580098321902,Engineering Review
WF-000883,2008-09-18 05:58:00,0,Pass,0.2610000000000001,0.2610000000000001,0.0450840049652057,0.018257919690170543,0.0,Beta,0.018257919690170543,Low Risk
WF-000652,2008-09-02 01:50:00,0,Pass,0.3300714285714286,0.3300714285714286,0.056458784251580484,0.03733034784932303,0.02072538860103627,Beta,0.03733034784932303,Engineering Review
WF-001090,2008-09-25 19:49:00,0,Pass,0.351095238095238,0.351095238095238,0.06013143989416327,0.04515489606371495,0.02072538860103627,Beta,0.04515489606371495,Engineering Review
WF-001013,2008-09-22 14:24:00,0,Pass,0.31090476190476196,0.31090476190476196,0.05329527601681084,0.031131649483274085,0.02072538860103627,Beta,0.031131649483274085,Low Risk
WF-000825,2008-09-13 10:55:00,0,Pass,0.36157142857142854,0.36157142857142854,0.0616231533019529,0.05010355403667311,0.029914529914529916,Beta,0.05010355403667311,Engineering Review
WF-000573,2008-08-30 08:42:00,0,Pass,0.40950000000000003,0.40950000000000003,0.07189854114318761,0.07429693308723054,0.10106382978723404,Beta,0.07429693308723054,Engineering Review
WF-000107,2008-08-05 03:36:00,0,Pass,0.4145714285714285,0.4145714285714285,0.07300615107430437,0.07740676133546058,0.10106382978723404,Beta,0.07740676133546058,Engineering Review
WF-001506,2008-10-14 19:15:00,0,Pass,0.3288095238095238,0.3288095238095238,0.056245183623240255,0.036895877778933564,0.02072538860103627,Beta,0.036895877778933564,Engineering Review
WF-001191,2008-09-30 04:01:00,0,Pass,0.47302380952380946,0.47302380952380946,0.08679045219796111,0.12196228090315545,0.12087912087912088,Beta,0.12196228090315545,High Risk
WF-000678,2008-09-02 11:22:00,0,Pass,0.31026190476190485,0.31026190476190485,0.052421198414488404,0.030122921830651166,0.02531645569620253,Beta,0.030122921830651166,Low Risk
WF-000180,2008-08-10 00:46:00,0,Pass,0.43616666666666665,0.43616666666666665,0.0773855023604082,0.09039231087108533,0.09502262443438914,Beta,0.09039231087108533,High Risk
WF-001235,2008-10-02 07:58:00,0,Pass,0.39533333333333326,0.39533333333333326,0.06799872506171714,0.06596703134324976,0.07792207792207792,Beta,0.06596703134324976,Engineering Review
WF-000057,2008-07-30 12:02:00,0,Pass,0.37997619047619036,0.37997619047619036,0.06575298710033144,0.05808233326011623,0.07563025210084033,Beta,0.05808233326011623,Engineering Review
WF-000911,2008-09-19 11:54:00,0,Pass,0.3464047619047618,0.3464047619047618,0.058944642426678975,0.044008394803977675,0.029914529914529916,Beta,0.044008394803977675,Engineering Review
WF-001133,2008-09-27 14:46:00,0,Pass,0.4763571428571429,0.4763571428571429,0.08702765178511734,0.12127883365459964,0.1,Beta,0.12127883365459964,High Risk
WF-000728,2008-09-04 14:09:00,0,Pass,0.36214285714285716,0.36214285714285716,0.06168113031215378,0.04941470803384617,0.02531645569620253,Beta,0.04941470803384617,Engineering Review
WF-000565,2008-08-30 05:05:00,0,Pass,0.32666666666666655,0.32666666666666655,0.05587778840594798,0.03586938771693688,0.022443890274314215,Beta,0.03586938771693688,Engineering Review
WF-001231,2008-10-02 04:23:00,0,Pass,0.3948095238095237,0.3948095238095237,0.06849390009889268,0.06538932087612488,0.08695652173913043,Beta,0.06538932087612488,Engineering Review
WF-000244,2008-08-18 01:23:00,1,Fail,0.595952380952381,0.595952380952381,0.1251246132994039,0.2775760877846481,0.3076923076923077,Beta,0.2775760877846481,High Risk
WF-000752,2008-09-08 00:32:00,0,Pass,0.441,0.441,0.07871487076374374,0.09563311328789217,0.1111111111111111,Beta,0.09563311328789217,High Risk
WF-001555,2008-10-16 04:47:00,0,Pass,0.2918333333333334,0.2918333333333334,0.04958198199133128,0.025354515522704922,0.0,Beta,0.025354515522704922,Low Risk
WF-000962,2008-09-20 17:26:00,0,Pass,0.2731904761904762,0.2731904761904762,0.04662597713171889,0.020317367182912955,0.0,Beta,0.020317367182912955,Low Risk
WF-000050,2008-07-29 17:05:00,1,Fail,0.4598095238095237,0.4598095238095237,0.08337102580059441,0.11048958987734246,0.12087912087912088,Beta,0.11048958987734246,High Risk
WF-000094,2008-08-04 18:24:00,0,Pass,0.46404761904761904,0.46404761904761904,0.08289890262473167,0.11000306149456164,0.125,Beta,0.11000306149456164,High Risk
WF-000765,2008-09-08 19:33:00,0,Pass,0.3508571428571428,0.3508571428571428,0.06008862135443371,0.045059853640302086,0.02072538860103627,Beta,0.045059853640302086,Engineering Review
WF-000662,2008-09-02 05:46:00,0,Pass,0.41149999999999975,0.41149999999999975,0.07188984780017152,0.07552982986638623,0.1111111111111111,Beta,0.07552982986638623,Engineering Review
WF-001372,2008-10-06 17:26:00,0,Pass,0.3088095238095238,0.3088095238095238,0.05218185941477075,0.029682560245927674,0.02531645569620253,Beta,0.029682560245927674,Low Risk
WF-000060,2008-07-31 13:57:00,0,Pass,0.4803809523809525,0.4803809523809525,0.08886877769377105,0.12786687106382819,0.12162162162162163,Beta,0.12786687106382819,High Risk
WF-001450,2008-10-10 15:33:00,0,Pass,0.34752380952380946,0.34752380952380946,0.05892733116388128,0.04322610990984039,0.02531645569620253,Beta,0.04322610990984039,Engineering Review
WF-001105,2008-09-26 14:51:00,0,Pass,0.3907380952380954,0.3907380952380954,0.06767163164651374,0.06325507835452282,0.08695652173913043,Beta,0.06325507835452282,Engineering Review
WF-001110,2008-09-26 17:59:00,0,Pass,0.42150000000000004,0.42150000000000004,0.07411732331453044,0.08079990464655315,0.09502262443438914,Beta,0.08079990464655315,High Risk
WF-000334,2008-08-20 17:36:00,0,Pass,0.3867380952380952,0.3867380952380952,0.06631983299802652,0.06160836321337741,0.07792207792207792,Beta,0.06160836321337741,Engineering Review
WF-000695,2008-09-02 16:50:00,0,Pass,0.3369047619047619,0.3369047619047619,0.056927866239383784,0.039227323730399534,0.02577319587628866,Beta,0.039227323730399534,Engineering Review
WF-000633,2008-09-01 11:40:00,0,Pass,0.3457619047619047,0.3457619047619047,0.05860332776525122,0.04252271509059692,0.02531645569620253,Beta,0.04252271509059692,Engineering Review
WF-001018,2008-09-22 21:31:00,0,Pass,0.3526190476190477,0.3526190476190477,0.060028661318340795,0.04643364998368497,0.029914529914529916,Beta,0.04643364998368497,Engineering Review
WF-000194,2008-08-11 11:35:00,0,Pass,0.5007619047619045,0.5007619047619045,0.09340121416882675,0.1436933428534646,0.22077922077922077,Beta,0.1436933428534646,High Risk
WF-000624,2008-09-01 05:32:00,0,Pass,0.2857619047619047,0.2857619047619047,0.04926475118694611,0.023780753314393503,0.0,Beta,0.023780753314393503,Low Risk
WF-001327,2008-10-05 16:15:00,0,Pass,0.5482857142857142,0.5482857142857142,0.10687925053119833,0.1995302957859894,0.21875,Beta,0.1995302957859894,High Risk
WF-000424,2008-08-22 15:54:00,0,Pass,0.4994999999999998,0.4994999999999998,0.09402559291163902,0.14772429604898293,0.12087912087912088,Beta,0.14772429604898293,High Risk
WF-000092,2008-08-04 17:11:00,0,Pass,0.40240476190476193,0.40240476190476193,0.06940942810148898,0.06972748856950124,0.07792207792207792,Beta,0.06972748856950124,Engineering Review
WF-000729,2008-09-04 14:11:00,0,Pass,0.3323809523809524,0.3323809523809524,0.05686563459076245,0.0378708881166977,0.022443890274314215,Beta,0.0378708881166977,Engineering Review
WF-000782,2008-09-11 06:04:00,0,Pass,0.35521428571428576,0.35521428571428576,0.06048687650922852,0.047475834929827807,0.029914529914529916,Beta,0.047475834929827807,Engineering Review
WF-001036,2008-09-23 13:37:00,0,Pass,0.3044761904761905,0.3044761904761905,0.0514738886040853,0.028397593245590845,0.02531645569620253,Beta,0.028397593245590845,Low Risk
WF-000160,2008-08-08 20:21:00,0,Pass,0.6266666666666665,0.6266666666666665,0.13562583235463202,0.32790859336626976,0.5,Beta,0.32790859336626976,High Risk
WF-000929,2008-09-19 21:14:00,0,Pass,0.2940238095238095,0.2940238095238095,0.04980341131166002,0.02547083845002375,0.0,Beta,0.02547083845002375,Low Risk
WF-001385,2008-10-07 03:29:00,0,Pass,0.30576190476190473,0.30576190476190473,0.05168299273473138,0.028774369376177774,0.02531645569620253,Beta,0.028774369376177774,Low Risk
WF-001029,2008-09-23 09:43:00,0,Pass,0.36885714285714294,0.36885714285714294,0.0629499167787644,0.05324927083280561,0.029914529914529916,Beta,0.05324927083280561,Engineering Review
WF-000991,2008-09-21 15:26:00,0,Pass,0.3475238095238095,0.3475238095238095,0.059138484900012035,0.04443790055755268,0.029914529914529916,Beta,0.04443790055755268,Engineering Review
WF-000413,2008-08-22 10:01:00,0,Pass,0.45411904761904753,0.45411904761904753,0.08219611183816167,0.10532926392928352,0.10106382978723404,Beta,0.10532926392928352,High Risk
WF-001119,2008-09-27 01:29:00,0,Pass,0.37411904761904763,0.37411904761904763,0.06440936700438532,0.05509499615601472,0.0847457627118644,Beta,0.05509499615601472,Engineering Review
WF-001265,2008-10-03 03:56:00,0,Pass,0.3465952380952381,0.3465952380952381,0.05939451328322547,0.043221280212324145,0.022443890274314215,Beta,0.043221280212324145,Engineering Review
WF-000809,2008-09-12 14:52:00,0,Pass,0.39983333333333343,0.39983333333333343,0.06952126767379951,0.06809914470025484,0.09502262443438914,Beta,0.06809914470025484,Engineering Review
WF-000074,2008-08-03 14:06:00,0,Pass,0.49083333333333345,0.49083333333333345,0.09159963796847273,0.13886811351682957,0.12087912087912088,Beta,0.13886811351682957,High Risk
WF-000857,2008-09-15 22:54:00,0,Pass,0.3527142857142857,0.3527142857142857,0.06042336417351446,0.0458052426964519,0.02072538860103627,Beta,0.0458052426964519,Engineering Review
WF-001198,2008-09-30 15:16:00,0,Pass,0.27435714285714285,0.27435714285714285,0.04765018942879416,0.022242963506637153,0.0,Beta,0.022242963506637153,Low Risk
WF-000163,2008-08-08 22:06:00,0,Pass,0.46411904761904754,0.46411904761904754,0.08447251399383598,0.1141342681579237,0.12087912087912088,Beta,0.1141342681579237,High Risk
WF-000829,2008-09-13 14:07:00,0,Pass,0.354452380952381,0.354452380952381,0.060055695404037275,0.045966848724930155,0.02577319587628866,Beta,0.045966848724930155,Engineering Review
WF-001318,2008-10-05 10:43:00,0,Pass,0.3261904761904762,0.3261904761904762,0.05580428484608329,0.036006323010093454,0.02072538860103627,Beta,0.036006323010093454,Engineering Review
WF-000696,2008-09-02 16:54:00,0,Pass,0.426738095238095,0.426738095238095,0.07526969100267662,0.0841298211935089,0.09502262443438914,Beta,0.0841298211935089,High Risk
WF-000434,2008-08-23 05:57:00,0,Pass,0.3748095238095238,0.3748095238095238,0.06472899171822415,0.05555529551896907,0.07563025210084033,Beta,0.05555529551896907,Engineering Review
WF-000511,2008-08-29 05:16:00,0,Pass,0.37478571428571433,0.37478571428571433,0.06472430738167918,0.05554385198465673,0.07563025210084033,Beta,0.05554385198465673,Engineering Review
WF-001212,2008-10-01 05:56:00,1,Fail,0.37938095238095243,0.37938095238095243,0.06491344492066657,0.05805600566975447,0.07792207792207792,Beta,0.05805600566975447,Engineering Review
WF-000361,2008-08-21 13:29:00,0,Pass,0.5291190476190475,0.5291190476190475,0.10109894665267243,0.17581190527324256,0.21875,Beta,0.17581190527324256,High Risk
WF-001170,2008-09-29 04:18:00,0,Pass,0.32450000000000007,0.32450000000000007,0.055521433693023044,0.03544079815763839,0.02072538860103627,Beta,0.03544079815763839,Engineering Review
WF-001073,2008-09-25 07:12:00,0,Pass,0.2717619047619047,0.2717619047619047,0.047347455859753716,0.020882465286205507,0.0,Beta,0.020882465286205507,Low Risk
WF-001063,2008-09-24 15:05:00,1,Fail,0.32442857142857146,0.32442857142857146,0.05479779710818436,0.03491924787961521,0.02577319587628866,Beta,0.03491924787961521,Low Risk
WF-001486,2008-10-13 19:36:00,0,Pass,0.33521428571428574,0.33521428571428574,0.05663475712374838,0.03862087868627207,0.02577319587628866,Beta,0.03862087868627207,Engineering Review
WF-001527,2008-10-15 07:55:00,0,Pass,0.3405952380952381,0.3405952380952381,0.057662817746672215,0.04051071665657702,0.02531645569620253,Beta,0.04051071665657702,Engineering Review
WF-000552,2008-08-30 00:01:00,0,Pass,0.3535,0.3535,0.06066063414568063,0.04602114347244962,0.022443890274314215,Beta,0.04602114347244962,Engineering Review
WF-000161,2008-08-08 21:22:00,0,Pass,0.4929761904761905,0.4929761904761905,0.09132368600591796,0.13622033711908257,0.18659989248224923,Beta,0.13622033711908257,High Risk
WF-001360,2008-10-06 11:51:00,0,Pass,0.4097857142857143,0.4097857142857143,0.07100129586293229,0.07330218451417607,0.0875,Beta,0.07330218451417607,Engineering Review
WF-000862,2008-09-16 08:52:00,0,Pass,0.3174761904761905,0.3174761904761905,0.0541358793700135,0.0339456575322558,0.025423728813559324,Beta,0.0339456575322558,Low Risk
WF-000187,2008-08-10 15:59:00,1,Fail,0.5750714285714285,0.5750714285714285,0.11330411601485871,0.22571902059317991,0.22535211267605634,Beta,0.22571902059317991,High Risk
WF-001140,2008-09-27 20:46:00,0,Pass,0.36347619047619056,0.36347619047619056,0.061938190336082895,0.050011434901575016,0.02531645569620253,Beta,0.050011434901575016,Engineering Review
WF-000989,2008-09-21 14:33:00,0,Pass,0.3067857142857143,0.3067857142857143,0.05245422432326509,0.030700894785394138,0.025423728813559324,Beta,0.030700894785394138,Low Risk
WF-000226,2008-08-17 01:53:00,0,Pass,0.4319047619047619,0.4319047619047619,0.07587221197579133,0.08727277626191568,0.0875,Beta,0.08727277626191568,High Risk
WF-000689,2008-09-02 13:40:00,0,Pass,0.25000000000000006,0.25000000000000006,0.044319845201089565,0.017109081015522592,0.0,Beta,0.017109081015522592,Low Risk
WF-000392,2008-08-22 00:47:00,0,Pass,0.4435714285714285,0.4435714285714285,0.07933708326524164,0.09756604351922443,0.1111111111111111,Beta,0.09756604351922443,High Risk
WF-000039,2008-07-28 06:45:00,1,Fail,0.5259761904761906,0.5259761904761906,0.10042287390424122,0.17008730499409397,0.22077922077922077,Beta,0.17008730499409397,High Risk
WF-000210,2008-08-15 20:00:00,0,Pass,0.6010714285714287,0.6010714285714287,0.12170747913939577,0.26266157627027276,0.4444444444444444,Beta,0.26266157627027276,High Risk
WF-001144,2008-09-28 03:55:00,0,Pass,0.2881904761904763,0.2881904761904763,0.049029169111412585,0.024424085466650407,0.0,Beta,0.024424085466650407,Low Risk
WF-001301,2008-10-04 20:39:00,0,Pass,0.2807380952380951,0.2807380952380951,0.048561215663839856,0.023752812791381604,0.0,Beta,0.023752812791381604,Low Risk
WF-001406,2008-10-07 17:28:00,0,Pass,0.3763809523809524,0.3763809523809524,0.06503885648440377,0.05631463703879029,0.07563025210084033,Beta,0.05631463703879029,Engineering Review
WF-000242,2008-08-18 00:02:00,1,Fail,0.6524523809523811,0.6524523809523811,0.13989590740082367,0.3478932465663017,0.4444444444444444,Beta,0.3478932465663017,High Risk
WF-000427,2008-08-22 23:47:00,0,Pass,0.32033333333333325,0.32033333333333325,0.054801798329947006,0.033746454759402945,0.022443890274314215,Beta,0.033746454759402945,Low Risk
WF-001259,2008-10-02 23:32:00,0,Pass,0.3400714285714285,0.3400714285714285,0.05785875660098304,0.04163617986809202,0.029914529914529916,Beta,0.04163617986809202,Engineering Review
WF-001379,2008-10-06 20:47:00,0,Pass,0.36957142857142855,0.36957142857142855,0.06370600781947672,0.053081529202041414,0.022443890274314215,Beta,0.053081529202041414,Engineering Review
WF-000365,2008-08-21 15:06:00,0,Pass,0.5181190476190476,0.5181190476190476,0.09665098429298477,0.1584578100625456,0.22535211267605634,Beta,0.1584578100625456,High Risk
WF-000872,2008-09-17 04:23:00,1,Fail,0.41264285714285726,0.41264285714285726,0.07214377815298027,0.07624093812190656,0.1111111111111111,Beta,0.07624093812190656,Engineering Review
WF-001375,2008-10-06 18:55:00,0,Pass,0.39538095238095233,0.39538095238095233,0.06861004432688765,0.06569326534738963,0.0909895730867692,Beta,0.06569326534738963,Engineering Review
WF-001332,2008-10-05 19:45:00,0,Pass,0.4023571428571428,0.4023571428571428,0.06988791286762769,0.07002586560027334,0.1111111111111111,Beta,0.07002586560027334,Engineering Review
WF-000508,2008-08-29 03:46:00,0,Pass,0.3059285714285714,0.3059285714285714,0.0525017041180002,0.029656927160899377,0.02072538860103627,Beta,0.029656927160899377,Low Risk
WF-000134,2008-08-06 09:57:00,0,Pass,0.37052380952380953,0.37052380952380953,0.06325714822806022,0.053989516816497184,0.029914529914529916,Beta,0.053989516816497184,Engineering Review
WF-001075,2008-09-25 08:45:00,0,Pass,0.36290476190476184,0.36290476190476184,0.061863990724129736,0.05066839571425207,0.029914529914529916,Beta,0.05066839571425207,Engineering Review
WF-000129,2008-08-06 00:04:00,0,Pass,0.46288095238095234,0.46288095238095234,0.08415471893757037,0.11307770801175507,0.12087912087912088,Beta,0.11307770801175507,High Risk
WF-000712,2008-09-03 04:18:00,0,Pass,0.29421428571428576,0.29421428571428576,0.05056741939980922,0.025979105014667183,0.0,Beta,0.025979105014667183,Low Risk
WF-000871,2008-09-17 02:01:00,0,Pass,0.3855,0.3855,0.06662720783234685,0.06058891927183472,0.08695652173913043,Beta,0.06058891927183472,Engineering Review
WF-000151,2008-08-07 08:45:00,0,Pass,0.3973333333333334,0.3973333333333334,0.06880995749890385,0.06713809482227806,0.1111111111111111,Beta,0.06713809482227806,Engineering Review
WF-000827,2008-09-13 11:56:00,1,Fail,0.3468571428571429,0.3468571428571429,0.0593735247604026,0.043485795631334444,0.02072538860103627,Beta,0.043485795631334444,Engineering Review
WF-001114,2008-09-26 19:55:00,0,Pass,0.3526190476190476,0.3526190476190476,0.05972152553765289,0.04522357312193531,0.02577319587628866,Beta,0.04522357312193531,Engineering Review
WF-000604,2008-08-31 09:11:00,0,Pass,0.43873809523809526,0.43873809523809526,0.07709340314494262,0.09173599121343604,0.07792207792207792,Beta,0.09173599121343604,High Risk
WF-000088,2008-08-04 14:31:00,0,Pass,0.44678571428571434,0.44678571428571434,0.07889777074781341,0.09726649473435439,0.07792207792207792,Beta,0.09726649473435439,High Risk
WF-001543,2008-10-15 22:54:00,0,Pass,0.37552380952380954,0.37552380952380954,0.06486966862922941,0.05589945589497405,0.07563025210084033,Beta,0.05589945589497405,Engineering Review
WF-000987,2008-09-21 14:30:00,0,Pass,0.31033333333333346,0.31033333333333346,0.053142528313080084,0.030590510957155516,0.022443890274314215,Beta,0.030590510957155516,Low Risk
WF-000089,2008-08-04 15:29:00,0,Pass,0.40685714285714286,0.40685714285714286,0.0703784587777843,0.07159430427445591,0.0875,Beta,0.07159430427445591,Engineering Review
WF-000132,2008-08-06 05:40:00,1,Fail,0.5290714285714285,0.5290714285714285,0.10108493737070103,0.17575583609920545,0.21875,Beta,0.17575583609920545,High Risk
WF-000061,2008-07-31 15:36:00,0,Pass,0.6163333333333333,0.6163333333333333,0.1317368324235788,0.3091588263607838,0.5,Beta,0.3091588263607838,High Risk
WF-000371,2008-08-21 17:25:00,0,Pass,0.35907142857142854,0.35907142857142854,0.06158246636747657,0.048428200340157775,0.02072538860103627,Beta,0.048428200340157775,Engineering Review
WF-001146,2008-09-28 05:31:00,0,Pass,0.34647619047619044,0.34647619047619044,0.05873447865762169,0.04280680490611063,0.02531645569620253,Beta,0.04280680490611063,Engineering Review
WF-000994,2008-09-21 17:26:00,0,Pass,0.3666904761904761,0.3666904761904761,0.06233159188655549,0.05117530770060815,0.02577319587628866,Beta,0.05117530770060815,Engineering Review
WF-001083,2008-09-25 14:28:00,0,Pass,0.445,0.445,0.07968469599435123,0.09865303508546264,0.1111111111111111,Beta,0.09865303508546264,High Risk
WF-001180,2008-09-29 14:08:00,0,Pass,0.288,0.288,0.04960655302995321,0.024348758484622594,0.0,Beta,0.024348758484622594,Low Risk
WF-000491,2008-08-28 18:15:00,0,Pass,0.3720238095238095,0.3720238095238095,0.06334840965930276,0.0535842032356268,0.02577319587628866,Beta,0.0535842032356268,Engineering Review
WF-000390,2008-08-22 00:43:00,0,Pass,0.4812380952380952,0.4812380952380952,0.0889795376616291,0.12954826669230382,0.12087912087912088,Beta,0.12954826669230382,High Risk
WF-000067,2008-08-01 10:26:00,0,Pass,0.42176190476190484,0.42176190476190484,0.07360165068087367,0.08062587351622942,0.0875,Beta,0.08062587351622942,High Risk
WF-000195,2008-08-11 12:38:00,0,Pass,0.45697619047619054,0.45697619047619054,0.08123796833662676,0.10463775622423378,0.09557629870130098,Beta,0.10463775622423378,High Risk
WF-000423,2008-08-22 15:39:00,0,Pass,0.3667380952380953,0.3667380952380953,0.06256130382500782,0.0523192877977839,0.029914529914529916,Beta,0.0523192877977839,Engineering Review
WF-001348,2008-10-06 06:11:00,0,Pass,0.37507142857142867,0.37507142857142867,0.06478054025096022,0.05568129556448342,0.07563025210084033,Beta,0.05568129556448342,Engineering Review
WF-001416,2008-10-08 07:10:00,0,Pass,0.3636190476190477,0.3636190476190477,0.06196579175245125,0.05007569928294376,0.02531645569620253,Beta,0.05007569928294376,Engineering Review
WF-000943,2008-09-20 08:14:00,0,Pass,0.34907142857142853,0.34907142857142853,0.05921331326674087,0.043851316580651244,0.02531645569620253,Beta,0.043851316580651244,Engineering Review
WF-000958,2008-09-20 15:37:00,0,Pass,0.3646190476190475,0.3646190476190475,0.06217493074048421,0.05140171164736515,0.029914529914529916,Beta,0.05140171164736515,Engineering Review
WF-001339,2008-10-06 01:30:00,0,Pass,0.2867142857142857,0.2867142857142857,0.04954113842774368,0.02444477555600699,0.0,Beta,0.02444477555600699,Low Risk
WF-000439,2008-08-23 12:58:00,0,Pass,0.2944761904761905,0.2944761904761905,0.04998673479277282,0.026045981342197506,0.0,Beta,0.026045981342197506,Low Risk
WF-000165,2008-08-09 02:15:00,0,Pass,0.41152380952380946,0.41152380952380946,0.07233867408605975,0.07552594350015426,0.10106382978723404,Beta,0.07552594350015426,Engineering Review
WF-001039,2008-09-23 15:58:00,0,Pass,0.31840476190476197,0.31840476190476197,0.05428432328552064,0.034239005369110405,0.025423728813559324,Beta,0.034239005369110405,Low Risk
WF-001282,2008-10-03 21:52:00,0,Pass,0.37197619047619046,0.37197619047619046,0.0639995450894618,0.054105006087766194,0.02072538860103627,Beta,0.054105006087766194,Engineering Review
WF-000083,2008-08-04 00:39:00,1,Fail,0.5003095238095239,0.5003095238095239,0.09425511011441809,0.148573229651947,0.12087912087912088,Beta,0.148573229651947,High Risk
WF-000419,2008-08-22 12:42:00,0,Pass,0.3020238095238095,0.3020238095238095,0.05179993941012818,0.028142480537220637,0.022443890274314215,Beta,0.028142480537220637,Low Risk
WF-001400,2008-10-07 12:40:00,0,Pass,0.28671428571428575,0.28671428571428575,0.04942942273498383,0.025233101378664288,0.0,Beta,0.025233101378664288,Low Risk
WF-000645,2008-09-02 00:26:00,0,Pass,0.35454761904761894,0.35454761904761894,0.06023572404899011,0.046119736802230235,0.02531645569620253,Beta,0.046119736802230235,Engineering Review
WF-000683,2008-09-02 12:26:00,0,Pass,0.34426190476190477,0.34426190476190477,0.058328804321479175,0.041930849036189016,0.02531645569620253,Beta,0.041930849036189016,Engineering Review
WF-000136,2008-08-06 13:35:00,0,Pass,0.37542857142857144,0.37542857142857144,0.06428761713501428,0.05561386456810015,0.04950495049504951,Beta,0.05561386456810015,Engineering Review
WF-000486,2008-08-28 17:21:00,0,Pass,0.4016190476190476,0.4016190476190476,0.06972856711733524,0.06959562379577458,0.1111111111111111,Beta,0.06959562379577458,Engineering Review
WF-000455,2008-08-27 14:18:00,0,Pass,0.3027619047619048,0.3027619047619048,0.05127607001177249,0.02830601926623469,0.02577319587628866,Beta,0.02830601926623469,Low Risk
WF-001197,2008-09-30 14:36:00,0,Pass,0.4327142857142858,0.4327142857142858,0.07576762766735279,0.08775865852315265,0.07792207792207792,Beta,0.08775865852315265,High Risk
WF-000998,2008-09-21 20:35:00,0,Pass,0.28180952380952384,0.28180952380952384,0.04881113980275142,0.02323070155663475,0.0,Beta,0.02323070155663475,Low Risk
WF-001496,2008-10-14 00:35:00,0,Pass,0.25347619047619047,0.25347619047619047,0.043797497353303995,0.01619504115705106,0.0,Beta,0.01619504115705106,Low Risk
WF-000952,2008-09-20 14:06:00,0,Pass,0.3860476190476191,0.3860476190476191,0.06644432395632811,0.060989665854140375,0.04950495049504951,Beta,0.060989665854140375,Engineering Review
WF-001150,2008-09-28 08:40:00,0,Pass,0.41216666666666657,0.41216666666666657,0.0721041666177335,0.07512157367422713,0.09502262443438914,Beta,0.07512157367422713,Engineering Review
WF-001042,2008-09-23 18:56:00,0,Pass,0.42464285714285704,0.42464285714285704,0.07480678192036892,0.08278527805370374,0.09502262443438914,Beta,0.08278527805370374,High Risk
WF-000031,2008-07-27 20:24:00,0,Pass,0.44459523809523815,0.44459523809523815,0.07958606472222354,0.0983440961871464,0.1111111111111111,Beta,0.0983440961871464,High Risk
WF-000248,2008-08-18 05:03:00,0,Pass,0.4432142857142856,0.4432142857142856,0.0784796275860167,0.09519092788916962,0.0875,Beta,0.09519092788916962,High Risk
WF-000935,2008-09-20 03:58:00,0,Pass,0.3234047619047619,0.3234047619047619,0.05463464196841181,0.0343370645350747,0.02531645569620253,Beta,0.0343370645350747,Low Risk
WF-000200,2008-08-12 12:04:00,0,Pass,0.5282142857142857,0.5282142857142857,0.1010682947983863,0.17259810708008536,0.22077922077922077,Beta,0.17259810708008536,High Risk
WF-000295,2008-08-19 07:58:00,1,Fail,0.465904761904762,0.465904761904762,0.08395946570981377,0.11280182062020842,0.08823529411764706,Beta,0.11280182062020842,High Risk
WF-000500,2008-08-28 23:40:00,0,Pass,0.4852380952380952,0.4852380952380952,0.09015526449879495,0.13242004768081458,0.12162162162162163,Beta,0.13242004768081458,High Risk
WF-001515,2008-10-15 01:52:00,0,Pass,0.23683333333333334,0.23683333333333334,0.04261317401644636,0.014717962336906608,0.0,Beta,0.014717962336906608,Low Risk
WF-000730,2008-09-04 14:48:00,0,Pass,0.2957380952380952,0.2957380952380952,0.05018109750069193,0.026381090494844314,0.0,Beta,0.026381090494844314,Low Risk
WF-001390,2008-10-07 08:26:00,0,Pass,0.31771428571428567,0.31771428571428567,0.053665675701236516,0.032460928106511494,0.02531645569620253,Beta,0.032460928106511494,Low Risk
WF-000116,2008-08-05 07:12:00,1,Fail,0.5516904761904761,0.5516904761904761,0.10950822607286129,0.20826052159327293,0.2112676056338028,Beta,0.20826052159327293,High Risk
WF-000084,2008-08-04 03:45:00,0,Pass,0.4253809523809523,0.4253809523809523,0.07541959481892382,0.08437666585519142,0.10106382978723404,Beta,0.08437666585519142,High Risk
WF-000260,2008-08-18 12:00:00,0,Pass,0.37221428571428583,0.37221428571428583,0.06357019656520446,0.05474832066073765,0.029914529914529916,Beta,0.05474832066073765,Engineering Review
WF-000920,2008-09-19 19:29:00,0,Pass,0.3055476190476192,0.3055476190476192,0.05236532859133602,0.02916181574973961,0.022443890274314215,Beta,0.02916181574973961,Low Risk
WF-000693,2008-09-02 15:29:00,0,Pass,0.35016666666666674,0.35016666666666674,0.059277241260138634,0.04424394595571454,0.02577319587628866,Beta,0.04424394595571454,Engineering Review
WF-000310,2008-08-19 12:30:00,0,Pass,0.34528571428571436,0.34528571428571436,0.05915719638525025,0.04270543151816037,0.022443890274314215,Beta,0.04270543151816037,Engineering Review
WF-000563,2008-08-30 04:24:00,0,Pass,0.3082142857142857,0.3082142857142857,0.052864820112112944,0.030327684454502953,0.02072538860103627,Beta,0.030327684454502953,Low Risk
WF-000469,2008-08-28 06:39:00,0,Pass,0.31459523809523804,0.31459523809523804,0.05389110667273711,0.032260205282120875,0.02072538860103627,Beta,0.032260205282120875,Low Risk
WF-000852,2008-09-15 16:59:00,0,Pass,0.26957142857142863,0.26957142857142863,0.047033942098311535,0.02039452878893219,0.0,Beta,0.02039452878893219,Low Risk
WF-000201,2008-08-13 02:48:00,0,Pass,0.5289761904761906,0.5289761904761906,0.10128885121436315,0.17345927404143532,0.22077922077922077,Beta,0.17345927404143532,High Risk
WF-000750,2008-09-07 20:50:00,0,Pass,0.26661904761904764,0.26661904761904764,0.04566435954519254,0.018866184148060995,0.0,Beta,0.018866184148060995,Low Risk
WF-001229,2008-10-02 03:27:00,0,Pass,0.3840476190476191,0.3840476190476191,0.06634027882198076,0.05986526785674573,0.08695652173913043,Beta,0.05986526785674573,Engineering Review
WF-000655,2008-09-02 02:50:00,0,Pass,0.2936428571428572,0.2936428571428572,0.050478333266270194,0.025825870706787234,0.0,Beta,0.025825870706787234,Low Risk
WF-000416,2008-08-22 11:32:00,0,Pass,0.44488095238095243,0.44488095238095243,0.0793893372934561,0.09649812017812479,0.09502262443438914,Beta,0.09649812017812479,High Risk
WF-001046,2008-09-23 22:25:00,0,Pass,0.25407142857142867,0.25407142857142867,0.04486065400960162,0.017901034631667697,0.0,Beta,0.017901034631667697,Low Risk
WF-000889,2008-09-18 18:56:00,0,Pass,0.2712857142857143,0.2712857142857143,0.047107333514747704,0.02034141383495883,0.0,Beta,0.02034141383495883,Low Risk
WF-000860,2008-09-16 07:48:00,0,Pass,0.2811190476190476,0.2811190476190476,0.04870919596646367,0.023063420396225425,0.0,Beta,0.023063420396225425,Low Risk
WF-001058,2008-09-24 10:59:00,0,Pass,0.24502380952380953,0.24502380952380953,0.04263560242208447,0.014631001673762495,0.0,Beta,0.014631001673762495,Low Risk
WF-000036,2008-07-28 03:48:00,0,Pass,0.48047619047619045,0.48047619047619045,0.08877441394217608,0.12882959580383432,0.12087912087912088,Beta,0.12882959580383432,High Risk
WF-001169,2008-09-29 03:50:00,0,Pass,0.34338095238095245,0.34338095238095245,0.05816813900883789,0.04158621085342283,0.02531645569620253,Beta,0.04158621085342283,Engineering Review
WF-001233,2008-10-02 06:49:00,0,Pass,0.40302380952380956,0.40302380952380956,0.06957083154938805,0.06940657499117088,0.0875,Beta,0.06940657499117088,Engineering Review
WF-001456,2008-10-11 02:55:00,0,Pass,0.3076666666666666,0.3076666666666666,0.05199425341181336,0.029339485790043925,0.02531645569620253,Beta,0.029339485790043925,Low Risk
WF-001349,2008-10-06 06:26:00,0,Pass,0.3103571428571429,0.3103571428571429,0.05243692895378953,0.03015196980518727,0.02531645569620253,Beta,0.03015196980518727,Low Risk
WF-000124,2008-08-05 21:07:00,0,Pass,0.471642857142857,0.471642857142857,0.08539929980790839,0.11764205167590845,0.08823529411764706,Beta,0.11764205167590845,High Risk
WF-000213,2008-08-16 02:21:00,0,Pass,0.5511428571428572,0.5511428571428572,0.10970593236363423,0.20977625432077282,0.2653061224489796,Beta,0.20977625432077282,High Risk
WF-001329,2008-10-05 16:49:00,1,Fail,0.5053333333333333,0.5053333333333333,0.09431268937252216,0.1494945153419208,0.21875,Beta,0.1494945153419208,High Risk
WF-000111,2008-08-05 05:11:00,0,Pass,0.46883333333333327,0.46883333333333327,0.08469154267976327,0.11525191711803415,0.08823529411764706,Beta,0.11525191711803415,High Risk
WF-001344,2008-10-06 03:57:00,1,Fail,0.3982380952380953,0.3982380952380953,0.06919350641918184,0.06722943298361536,0.09502262443438914,Beta,0.06722943298361536,Engineering Review
WF-001178,2008-09-29 14:03:00,0,Pass,0.4007619047619047,0.4007619047619047,0.06954394223242218,0.06909858406775087,0.1111111111111111,Beta,0.06909858406775087,Engineering Review
WF-000261,2008-08-18 12:06:00,0,Pass,0.3276904761904761,0.3276904761904761,0.0560535824385217,0.03622190446715702,0.022443890274314215,Beta,0.03622190446715702,Engineering Review
WF-000625,2008-09-01 06:12:00,0,Pass,0.26569047619047614,0.26569047619047614,0.046438801862310815,0.020304960746366833,0.0,Beta,0.020304960746366833,Low Risk
WF-000614,2008-08-31 21:46:00,0,Pass,0.2942619047619047,0.2942619047619047,0.04995380072030834,0.025989395255635178,0.0,Beta,0.025989395255635178,Low Risk
WF-000143,2008-08-06 20:17:00,0,Pass,0.40478571428571425,0.40478571428571425,0.07054796764141402,0.07085482478517105,0.09502262443438914,Beta,0.07085482478517105,Engineering Review
WF-000076,2008-08-03 15:03:00,0,Pass,0.3834523809523809,0.3834523809523809,0.0659111117137881,0.059640047343724904,0.04950495049504951,Beta,0.059640047343724904,Engineering Review
WF-000514,2008-08-29 05:57:00,0,Pass,0.3577857142857142,0.3577857142857142,0.06094411384640899,0.04852582386263228,0.029914529914529916,Beta,0.04852582386263228,Engineering Review
WF-000373,2008-08-21 18:04:00,0,Pass,0.4039999999999999,0.4039999999999999,0.07024379536345081,0.07099096578193494,0.1111111111111111,Beta,0.07099096578193494,Engineering Review
WF-001201,2008-09-30 16:50:00,0,Pass,0.3519285714285713,0.3519285714285713,0.06037028168043704,0.0453719809970288,0.022443890274314215,Beta,0.0453719809970288,Engineering Review
WF-000351,2008-08-21 05:15:00,0,Pass,0.4475952380952381,0.4475952380952381,0.08061073742668817,0.10024839216572623,0.10106382978723404,Beta,0.10024839216572623,High Risk
WF-001193,2008-09-30 08:44:00,0,Pass,0.42854761904761907,0.42854761904761907,0.07576446311924866,0.08669279792438726,0.1111111111111111,Beta,0.08669279792438726,High Risk
WF-000539,2008-08-29 14:30:00,0,Pass,0.5084285714285712,0.5084285714285712,0.09404491469396509,0.1487461589234141,0.22535211267605634,Beta,0.1487461589234141,High Risk
WF-000692,2008-09-02 14:34:00,0,Pass,0.350452380952381,0.350452380952381,0.05946959481431,0.04441505384285187,0.02531645569620253,Beta,0.04441505384285187,Engineering Review
WF-001252,2008-10-02 19:21:00,0,Pass,0.3255952380952381,0.3255952380952381,0.05544686461318003,0.036574848750448474,0.029411764705882353,Beta,0.036574848750448474,Engineering Review
WF-001309,2008-10-05 04:48:00,0,Pass,0.3078095238095238,0.3078095238095238,0.05261311295270397,0.031001271513598765,0.025423728813559324,Beta,0.031001271513598765,Low Risk
WF-001535,2008-10-15 15:11:00,0,Pass,0.26316666666666677,0.26316666666666677,0.04538695386547622,0.018701659390275252,0.0,Beta,0.018701659390275252,Low Risk
WF-000404,2008-08-22 05:21:00,0,Pass,0.3889761904761904,0.3889761904761904,0.06731864173903551,0.06234836799819043,0.08695652173913043,Beta,0.06234836799819043,Engineering Review
WF-001533,2008-10-15 13:16:00,0,Pass,0.30983333333333324,0.30983333333333324,0.052928533366268855,0.03160141768041986,0.025423728813559324,Beta,0.03160141768041986,Low Risk
WF-000839,2008-09-14 18:27:00,0,Pass,0.3805,0.3805,0.06512555770514923,0.05858595825685888,0.07792207792207792,Beta,0.05858595825685888,Engineering Review
WF-000880,2008-09-18 03:58:00,0,Pass,0.3563571428571427,0.3563571428571427,0.060577180759706105,0.04688885398982221,0.02531645569620253,Beta,0.04688885398982221,Engineering Review
WF-001070,2008-09-25 01:05:00,0,Pass,0.2938809523809524,0.2938809523809524,0.05051543441504172,0.025889635758344284,0.0,Beta,0.025889635758344284,Low Risk
WF-000158,2008-08-08 08:44:00,1,Fail,0.41780952380952385,0.41780952380952385,0.07257677448096245,0.07849112282752986,0.07792207792207792,Beta,0.07849112282752986,Engineering Review
WF-000561,2008-08-30 03:10:00,0,Pass,0.24592857142857144,0.24592857142857144,0.043029407877037656,0.015381063762793799,0.0,Beta,0.015381063762793799,Low Risk
WF-001268,2008-10-03 05:45:00,0,Pass,0.4914761904761903,0.4914761904761903,0.0909282341204232,0.13481589358659354,0.14814814814814814,Beta,0.13481589358659354,High Risk
WF-000280,2008-08-18 23:03:00,0,Pass,0.47414285714285725,0.47414285714285725,0.08724083836621216,0.12219999689907693,0.12162162162162163,Beta,0.12219999689907693,High Risk
WF-001424,2008-10-08 13:38:00,0,Pass,0.31540476190476185,0.31540476190476185,0.053277056057403675,0.03172215353608696,0.02531645569620253,Beta,0.03172215353608696,Low Risk
WF-000816,2008-09-12 21:12:00,0,Pass,0.3811666666666666,0.3811666666666666,0.06512757650124046,0.057919586893155746,0.08571428571428572,Beta,0.057919586893155746,Engineering Review
WF-001010,2008-09-22 12:11:00,0,Pass,0.283404761904762,0.283404761904762,0.04904743974972329,0.023620585921687573,0.0,Beta,0.023620585921687573,Low Risk
WF-001208,2008-09-30 23:58:00,0,Pass,0.34357142857142864,0.34357142857142864,0.05809773721795924,0.04169083419211192,0.02577319587628866,Beta,0.04169083419211192,Engineering Review
WF-000798,2008-09-11 23:48:00,1,Fail,0.2979285714285715,0.2979285714285715,0.051098458409508093,0.02819097355510446,0.008474576271196322,Beta,0.02819097355510446,Low Risk
WF-000287,2008-08-19 05:11:00,0,Pass,0.37235714285714283,0.37235714285714283,0.06359671742618742,0.05481281537586888,0.029914529914529916,Beta,0.05481281537586888,Engineering Review
WF-000956,2008-09-20 15:02:00,0,Pass,0.31816666666666665,0.31816666666666665,0.05447369373668351,0.03338124559705255,0.02072538860103627,Beta,0.03338124559705255,Low Risk
WF-000098,2008-08-04 21:43:00,0,Pass,0.40528571428571436,0.40528571428571436,0.07065240010924843,0.0711377751539902,0.09502262443438914,Beta,0.0711377751539902,Engineering Review
WF-001064,2008-09-24 15:39:00,0,Pass,0.34364285714285714,0.34364285714285714,0.05880467915734305,0.042251527765115225,0.02072538860103627,Beta,0.042251527765115225,Engineering Review
WF-000788,2008-09-11 13:36:00,0,Pass,0.31992857142857145,0.31992857142857145,0.054048095656058115,0.03345791694049899,0.02577319587628866,Beta,0.03345791694049899,Low Risk
WF-000316,2008-08-19 19:38:00,0,Pass,0.47985714285714276,0.47985714285714276,0.08860806528773338,0.12824795980700485,0.12087912087912088,Beta,0.12824795980700485,High Risk
WF-000481,2008-08-28 14:48:00,0,Pass,0.3367380952380952,0.3367380952380952,0.05762987047915784,0.03945357278413458,0.022443890274314215,Beta,0.03945357278413458,Engineering Review
WF-000262,2008-08-18 12:22:00,0,Pass,0.5317380952380952,0.5317380952380952,0.1035616081261595,0.18452456614992346,0.2653061224489796,Beta,0.18452456614992346,High Risk
WF-000558,2008-08-30 02:32:00,0,Pass,0.38119047619047625,0.38119047619047625,0.06513226988313316,0.05793122508173156,0.08571428571428572,Beta,0.05793122508173156,Engineering Review
WF-001027,2008-09-23 07:58:00,0,Pass,0.35283333333333344,0.35283333333333344,0.060444881453158315,0.045853342500166934,0.02072538860103627,Beta,0.045853342500166934,Engineering Review
WF-001343,2008-10-06 03:50:00,1,Fail,0.3375,0.3375,0.05776449410685246,0.039735451775568996,0.022443890274314215,Beta,0.039735451775568996,Engineering Review
WF-000352,2008-08-21 06:10:00,1,Fail,0.49373809523809514,0.49373809523809514,0.0902142475847187,0.13490890108105197,0.21742164699910999,Beta,0.13490890108105197,High Risk
WF-001528,2008-10-15 08:21:00,0,Pass,0.3257857142857142,0.3257857142857142,0.055044939679817724,0.03514610209130962,0.02531645569620253,Beta,0.03514610209130962,Engineering Review
WF-000601,2008-08-31 02:57:00,0,Pass,0.3222380952380952,0.3222380952380952,0.05512333553885337,0.034374580617363995,0.022443890274314215,Beta,0.034374580617363995,Low Risk
WF-000044,2008-07-29 05:16:00,0,Pass,0.5229761904761905,0.5229761904761905,0.09930592135257726,0.16869310151771602,0.21875,Beta,0.16869310151771602,High Risk
WF-001435,2008-10-08 22:08:00,0,Pass,0.2982142857142858,0.2982142857142858,0.0511416706753181,0.028269497518557993,0.025423728813559324,Beta,0.028269497518557993,Low Risk
WF-000112,2008-08-05 06:10:00,0,Pass,0.3958095238095237,0.3958095238095237,0.06807410151656049,0.06543286228738991,0.0875,Beta,0.06543286228738991,Engineering Review
WF-001118,2008-09-27 00:17:00,0,Pass,0.3628333333333333,0.3628333333333333,0.06241223311310863,0.050026170493371054,0.022443890274314215,Beta,0.050026170493371054,Engineering Review
WF-000266,2008-08-18 14:04:00,0,Pass,0.3979047619047619,0.3979047619047619,0.06912519989757275,0.06704879423631956,0.09502262443438914,Beta,0.06704879423631956,Engineering Review
WF-000006,2008-07-19 17:53:00,0,Pass,0.4764523809523809,0.4764523809523809,0.0876981689850496,0.1250853512070021,0.12087912087912088,Beta,0.1250853512070021,High Risk
WF-000294,2008-08-19 07:43:00,0,Pass,0.44540476190476186,0.44540476190476186,0.0785854244856342,0.09629952581882627,0.07792207792207792,Beta,0.09629952581882627,High Risk
WF-000133,2008-08-06 09:56:00,0,Pass,0.47507142857142864,0.47507142857142864,0.0855498318286218,0.11879156419730871,0.125,Beta,0.11879156419730871,High Risk
WF-000023,2008-07-23 19:22:00,0,Pass,0.43311904761904757,0.43311904761904757,0.07719205963737513,0.08966231985996632,0.10106382978723404,Beta,0.08966231985996632,High Risk
WF-001136,2008-09-27 16:13:00,0,Pass,0.3585714285714286,0.3585714285714286,0.06099747953549081,0.04784344938706235,0.02531645569620253,Beta,0.04784344938706235,Engineering Review
WF-000760,2008-09-08 07:41:00,0,Pass,0.3277380952380953,0.3277380952380953,0.05606442137274624,0.03652999081746763,0.02072538860103627,Beta,0.03652999081746763,Engineering Review
WF-001444,2008-10-09 15:55:00,1,Fail,0.4000952380952381,0.4000952380952381,0.06894574036940798,0.06848164756135583,0.07792207792207792,Beta,0.06848164756135583,Engineering Review
WF-001211,2008-10-01 02:53:00,0,Pass,0.42290476190476184,0.42290476190476184,0.07486034620360171,0.082738123093374,0.10106382978723404,Beta,0.082738123093374,High Risk
WF-000661,2008-09-02 04:22:00,0,Pass,0.3825,0.3825,0.06539089095461495,0.05857416137924578,0.08571428571428572,Beta,0.05857416137924578,Engineering Review
WF-000919,2008-09-19 19:18:00,0,Pass,0.2881190476190476,0.2881190476190476,0.04962479679919267,0.024379252541268156,0.0,Beta,0.024379252541268156,Low Risk
WF-001547,2008-10-16 02:16:00,0,Pass,0.25673809523809527,0.25673809523809527,0.044493708137535094,0.017407670704647063,0.0,Beta,0.017407670704647063,Low Risk
WF-000363,2008-08-21 14:47:00,0,Pass,0.47209523809523796,0.47209523809523796,0.08671238335949982,0.12038346506523225,0.12162162162162163,Beta,0.12038346506523225,High Risk
WF-000703,2008-09-02 20:18:00,0,Pass,0.3514523809523809,0.3514523809523809,0.05950977944139163,0.0447554609528185,0.02577319587628866,Beta,0.0447554609528185,Engineering Review
WF-000884,2008-09-18 08:04:00,0,Pass,0.33745238095238084,0.33745238095238084,0.05741521605917549,0.04068382580583452,0.029914529914529916,Beta,0.04068382580583452,Engineering Review
WF-001085,2008-09-25 15:40:00,0,Pass,0.4015,0.4015,0.07018280763181355,0.06959152930799455,0.10106382978723404,Beta,0.06959152930799455,Engineering Review
WF-000285,2008-08-19 05:09:00,0,Pass,0.4654285714285713,0.4654285714285713,0.08501185160248176,0.11461553554094332,0.12162162162162163,Beta,0.11461553554094332,High Risk
WF-000664,2008-09-02 06:19:00,0,Pass,0.23747619047619045,0.23747619047619045,0.04241336824006757,0.01374357489152659,0.0,Beta,0.01374357489152659,Low Risk
WF-000414,2008-08-22 10:18:00,0,Pass,0.29611904761904767,0.29611904761904767,0.05082558199716255,0.02769736568864385,0.0,Beta,0.02769736568864385,Low Risk
WF-000876,2008-09-18 00:57:00,0,Pass,0.2929285714285714,0.2929285714285714,0.05034781456699936,0.026842527960966502,0.0,Beta,0.026842527960966502,Low Risk
WF-000224,2008-08-16 23:48:00,0,Pass,0.5156904761904763,0.5156904761904763,0.09721603505097408,0.16054393655257335,0.21875,Beta,0.16054393655257335,High Risk
WF-000489,2008-08-28 18:05:00,0,Pass,0.30023809523809525,0.30023809523809525,0.050880044895247875,0.02760257125091075,0.02577319587628866,Beta,0.02760257125091075,Low Risk
WF-000688,2008-09-02 13:27:00,0,Pass,0.31911904761904764,0.31911904761904764,0.05459774139211832,0.033350607065597324,0.022443890274314215,Beta,0.033350607065597324,Low Risk
WF-000081,2008-08-03 20:23:00,0,Pass,0.4744761904761904,0.4744761904761904,0.08611848146337871,0.12009222365983788,0.08823529411764706,Beta,0.12009222365983788,High Risk
WF-001122,2008-09-27 10:13:00,0,Pass,0.3352380952380952,0.3352380952380952,0.05704271561754664,0.039891487128523084,0.029914529914529916,Beta,0.039891487128523084,Engineering Review
WF-001311,2008-10-05 05:53:00,0,Pass,0.27395238095238106,0.27395238095238106,0.04692410034921756,0.021029843719379465,0.0,Beta,0.021029843719379465,Low Risk
WF-000815,2008-09-12 20:28:00,0,Pass,0.29783333333333323,0.29783333333333323,0.05040620666552596,0.02650985260372609,0.021265822784803136,Beta,0.02650985260372609,Low Risk
WF-001203,2008-09-30 19:17:00,0,Pass,0.3313571428571428,0.3313571428571428,0.05667719928320075,0.037776974470879285,0.02072538860103627,Beta,0.037776974470879285,Engineering Review
WF-001407,2008-10-07 18:39:00,0,Pass,0.3382142857142857,0.3382142857142857,0.05789097181213623,0.04000111372455606,0.022443890274314215,Beta,0.04000111372455606,Engineering Review
WF-001171,2008-09-29 04:47:00,0,Pass,0.4152142857142859,0.4152142857142859,0.07203399497339885,0.07695818348263532,0.07792207792207792,Beta,0.07695818348263532,Engineering Review
WF-000452,2008-08-27 11:38:00,0,Pass,0.35611904761904756,0.35611904761904756,0.06036100435744225,0.04665075800415988,0.02577319587628866,Beta,0.04665075800415988,Engineering Review
WF-000198,2008-08-12 10:54:00,0,Pass,0.41838095238095224,0.41838095238095224,0.07285880056881838,0.07850204549869194,0.0875,Beta,0.07850204549869194,Engineering Review
WF-000422,2008-08-22 15:25:00,0,Pass,0.4541666666666666,0.4541666666666666,0.08220778761126832,0.10536708080447363,0.10106382978723404,Beta,0.10536708080447363,High Risk
WF-001026,2008-09-23 06:52:00,0,Pass,0.37297619047619035,0.37297619047619035,0.06419049213009385,0.05456528476477264,0.0847457627118644,Beta,0.05456528476477264,Engineering Review
WF-000428,2008-08-22 23:49:00,0,Pass,0.39280952380952383,0.39280952380952383,0.06836193883446619,0.06474815477835413,0.07563025210084033,Beta,0.06474815477835413,Engineering Review
WF-000480,2008-08-28 12:44:00,0,Pass,0.3959285714285714,0.3959285714285714,0.06872152038020451,0.06598557051576,0.09502262443438914,Beta,0.06598557051576,Engineering Review
WF-000323,2008-08-20 03:00:00,0,Pass,0.42954761904761907,0.42954761904761907,0.07589453989908994,0.0859593637474133,0.09502262443438914,Beta,0.0859593637474133,High Risk
WF-001022,2008-09-22 23:10:00,0,Pass,0.3233095238095238,0.3233095238095238,0.05461045329087077,0.03455138011957462,0.02577319587628866,Beta,0.03455138011957462,Low Risk
WF-000804,2008-09-12 07:21:00,0,Pass,0.28557142857142864,0.28557142857142864,0.049262260904778754,0.02494496775670086,0.0,Beta,0.02494496775670086,Low Risk
WF-000096,2008-08-04 20:32:00,0,Pass,0.5445476190476191,0.5445476190476191,0.10758256554117246,0.20092278260837498,0.2653061224489796,Beta,0.20092278260837498,High Risk
WF-001210,2008-10-01 01:11:00,0,Pass,0.38961904761904764,0.38961904761904764,0.06718465428369168,0.06288571952261762,0.04950495049504951,Beta,0.06288571952261762,Engineering Review
WF-001459,2008-10-11 07:39:00,0,Pass,0.4859999999999999,0.4859999999999999,0.08825347532908694,0.12803388531370205,0.16666666666666666,Beta,0.12803388531370205,High Risk
WF-000162,2008-08-08 21:53:00,0,Pass,0.6117619047619047,0.6117619047619047,0.1309927147695072,0.3047338376247762,0.3076923076923077,Beta,0.3047338376247762,High Risk
WF-000333,2008-08-20 17:35:00,0,Pass,0.38809523809523794,0.38809523809523794,0.06739258545532907,0.06223357809850832,0.07563025210084033,Beta,0.06223357809850832,Engineering Review
WF-000596,2008-08-30 19:27:00,0,Pass,0.3469285714285714,0.3469285714285714,0.058817683174455036,0.04298748249355677,0.02531645569620253,Beta,0.04298748249355677,Engineering Review
WF-000222,2008-08-16 15:16:00,0,Pass,0.48664285714285727,0.48664285714285727,0.09044694810311325,0.13473612881371924,0.12087912087912088,Beta,0.13473612881371924,High Risk
WF-000369,2008-08-21 16:19:00,1,Fail,0.4783809523809523,0.4783809523809523,0.08711861176788625,0.12353526835582904,0.08823529411764706,Beta,0.12353526835582904,High Risk
WF-000144,2008-08-06 21:15:00,0,Pass,0.5192857142857144,0.5192857142857144,0.09696905106307614,0.15965921478474984,0.22535211267605634,Beta,0.15965921478474984,High Risk
WF-000218,2008-08-16 08:41:00,0,Pass,0.3809523809523809,0.3809523809523809,0.06521148831778592,0.058801241323438225,0.07792207792207792,Beta,0.058801241323438225,Engineering Review
WF-000485,2008-08-28 16:52:00,0,Pass,0.42290476190476195,0.42290476190476195,0.07385432775690669,0.08135401880584317,0.0875,Beta,0.08135401880584317,High Risk
WF-000470,2008-08-28 06:56:00,0,Pass,0.3604761904761904,0.3604761904761904,0.06136120693978717,0.048676565521195404,0.02531645569620253,Beta,0.048676565521195404,Engineering Review
WF-001394,2008-10-07 10:04:00,0,Pass,0.28380952380952373,0.28380952380952373,0.04900560290195516,0.024505466260139382,0.0,Beta,0.024505466260139382,Low Risk
WF-001563,2008-10-16 15:13:00,0,Pass,0.23719047619047615,0.23719047619047615,0.04158514446395082,0.013282664518114275,0.0,Beta,0.013282664518114275,Low Risk
WF-000473,2008-08-28 08:41:00,0,Pass,0.357452380952381,0.357452380952381,0.06088466051015808,0.04838873145500977,0.029914529914529916,Beta,0.04838873145500977,Engineering Review
WF-000011,2008-07-19 21:57:00,1,Fail,0.5060238095238095,0.5060238095238095,0.09482920495252942,0.14892087438412507,0.22077922077922077,Beta,0.14892087438412507,High Risk
WF-000016,2008-07-22 00:03:00,0,Pass,0.5624047619047617,0.5624047619047617,0.10939645358475453,0.2091812228672261,0.22535211267605634,Beta,0.2091812228672261,High Risk
WF-001481,2008-10-13 14:55:00,0,Pass,0.2408333333333334,0.2408333333333334,0.04207053975407904,0.013897915082428169,0.0,Beta,0.013897915082428169,Low Risk
WF-000567,2008-08-30 05:38:00,0,Pass,0.34478571428571425,0.34478571428571425,0.058313235521673154,0.042152111951221205,0.02577319587628866,Beta,0.042152111951221205,Engineering Review
WF-000691,2008-09-02 14:21:00,0,Pass,0.3728095238095237,0.3728095238095237,0.06376580416380943,0.054346536449710894,0.02531645569620253,Beta,0.054346536449710894,Engineering Review
WF-000663,2008-09-02 06:03:00,0,Pass,0.30376190476190473,0.30376190476190473,0.05207808889217568,0.028641843911821067,0.022443890274314215,Beta,0.028641843911821067,Low Risk
WF-000221,2008-08-16 14:30:00,0,Pass,0.4599999999999999,0.4599999999999999,0.0825008643234972,0.10798792863575385,0.08823529411764706,Beta,0.10798792863575385,High Risk
WF-000718,2008-09-03 18:16:00,0,Pass,0.3316904761904762,0.3316904761904762,0.05673395491313367,0.037893422123491,0.02072538860103627,Beta,0.037893422123491,Engineering Review
WF-000959,2008-09-20 15:46:00,0,Pass,0.3274047619047619,0.3274047619047619,0.055299002239631176,0.03591221453500704,0.02577319587628866,Beta,0.03591221453500704,Engineering Review
WF-001550,2008-10-16 02:55:00,0,Pass,0.3365000000000001,0.3365000000000001,0.057254721666987606,0.04034160233678693,0.029914529914529916,Beta,0.04034160233678693,Engineering Review
WF-000685,2008-09-02 12:44:00,0,Pass,0.3497857142857142,0.3497857142857142,0.05934574321489985,0.04414221195930278,0.02531645569620253,Beta,0.04414221195930278,Engineering Review
WF-001089,2008-09-25 17:29:00,0,Pass,0.38133333333333325,0.38133333333333325,0.06602444992403124,0.058760737312517894,0.07563025210084033,Beta,0.058760737312517894,Engineering Review
WF-001303,2008-10-04 23:18:00,1,Fail,0.4188809523809524,0.4188809523809524,0.07296822178859005,0.07881330045843178,0.0875,Beta,0.07881330045843178,Engineering Review
WF-001111,2008-09-26 18:54:00,0,Pass,0.38092857142857145,0.38092857142857145,0.0652069630256469,0.05878989557198021,0.07792207792207792,Beta,0.05878989557198021,Engineering Review
WF-001187,2008-09-29 22:13:00,0,Pass,0.3668333333333333,0.3668333333333333,0.06235862840288673,0.05123870719641048,0.02577319587628866,Beta,0.05123870719641048,Engineering Review
WF-000408,2008-08-22 07:04:00,0,Pass,0.2989523809523809,0.2989523809523809,0.05140796109578698,0.027677879498402478,0.02072538860103627,Beta,0.027677879498402478,Low Risk
WF-001031,2008-09-23 11:42:00,0,Pass,0.392547619047619,0.392547619047619,0.0680359480049514,0.0641968703274228,0.08695652173913043,Beta,0.0641968703274228,Engineering Review
WF-000463,2008-08-28 03:45:00,0,Pass,0.36638095238095236,0.36638095238095236,0.0625016818670535,0.05133076722553337,0.02531645569620253,Beta,0.05133076722553337,Engineering Review
WF-001242,2008-10-02 14:07:00,1,Fail,0.2981190476190477,0.2981190476190477,0.0511801694589042,0.027044540410284434,0.022443890274314215,Beta,0.027044540410284434,Low Risk
WF-001384,2008-10-07 01:46:00,0,Pass,0.29926190476190473,0.29926190476190473,0.050727643072787154,0.02733405014304436,0.02577319587628866,Beta,0.02733405014304436,Low Risk
WF-001057,2008-09-24 10:53:00,0,Pass,0.34116666666666673,0.34116666666666673,0.05767316970785444,0.040788840741148136,0.02577319587628866,Beta,0.040788840741148136,Engineering Review
WF-000254,2008-08-18 07:23:00,0,Pass,0.42102380952380947,0.42102380952380947,0.07443808220082866,0.08151027458220471,0.10106382978723404,Beta,0.08151027458220471,High Risk
WF-000425,2008-08-22 19:14:00,1,Fail,0.4418571428571429,0.4418571428571429,0.07778819679671745,0.0938496487528968,0.07792207792207792,Beta,0.0938496487528968,High Risk
WF-000621,2008-09-01 00:45:00,0,Pass,0.2795,0.2795,0.04756737012318978,0.021787129624358435,0.0,Beta,0.021787129624358435,Low Risk
WF-000626,2008-09-01 06:21:00,0,Pass,0.39761904761904765,0.39761904761904765,0.06844669050448769,0.0664122231258497,0.0875,Beta,0.0664122231258497,Engineering Review
WF-000840,2008-09-14 18:27:00,0,Pass,0.3314285714285714,0.3314285714285714,0.05598349597814358,0.03728894628284871,0.02577319587628866,Beta,0.03728894628284871,Engineering Review
WF-000721,2008-09-03 20:10:00,0,Pass,0.317,0.317,0.05356540041733855,0.032532283445100604,0.02577319587628866,Beta,0.032532283445100604,Low Risk
WF-001401,2008-10-07 13:10:00,1,Fail,0.48492857142857143,0.48492857142857143,0.09007278441683061,0.1321261664297783,0.12162162162162163,Beta,0.1321261664297783,High Risk
WF-001040,2008-09-23 18:10:00,0,Pass,0.3320714285714286,0.3320714285714286,0.05679888389589936,0.03802683684012908,0.02072538860103627,Beta,0.03802683684012908,Engineering Review
WF-000504,2008-08-29 02:38:00,0,Pass,0.32173809523809527,0.32173809523809527,0.054820365261374335,0.03530758903581564,0.025423728813559324,Beta,0.03530758903581564,Engineering Review
WF-000925,2008-09-19 20:19:00,1,Fail,0.40533333333333343,0.40533333333333343,0.07000155295046923,0.07133229917480556,0.07792207792207792,Beta,0.07133229917480556,Engineering Review
WF-001065,2008-09-24 15:42:00,0,Pass,0.35050000000000003,0.35050000000000003,0.05965693422073564,0.04559559615085088,0.029914529914529916,Beta,0.04559559615085088,Engineering Review
WF-001094,2008-09-26 00:19:00,0,Pass,0.31145238095238104,0.31145238095238104,0.052618150933652644,0.030487548987005838,0.02531645569620253,Beta,0.030487548987005838,Low Risk
WF-001561,2008-10-16 05:58:00,0,Pass,0.20061904761904759,0.20061904761904759,0.037000345240482416,0.008141223166151427,0.0,Beta,0.008141223166151427,Low Risk
WF-000814,2008-09-12 19:36:00,0,Pass,0.3169523809523808,0.3169523809523808,0.053557585414523545,0.03251739560730655,0.02577319587628866,Beta,0.03251739560730655,Low Risk
WF-001402,2008-10-07 13:48:00,0,Pass,0.3658095238095237,0.3658095238095237,0.06216510837344363,0.05078569699293254,0.02577319587628866,Beta,0.05078569699293254,Engineering Review
WF-001183,2008-09-29 16:27:00,0,Pass,0.2875714285714286,0.2875714285714286,0.04966976880275813,0.02466164232394756,0.0,Beta,0.02466164232394756,Low Risk
WF-000753,2008-09-08 00:40:00,0,Pass,0.41261904761904766,0.41261904761904766,0.07213847951011923,0.07622607012075164,0.1111111111111111,Beta,0.07622607012075164,Engineering Review
WF-001051,2008-09-24 05:13:00,0,Pass,0.30742857142857144,0.30742857142857144,0.05255393857022561,0.03088925121237253,0.025423728813559324,Beta,0.03088925121237253,Low Risk
WF-001158,2008-09-28 18:43:00,0,Pass,0.3020476190476191,0.3020476190476191,0.051890554446778,0.02854342308970991,0.02072538860103627,Beta,0.02854342308970991,Low Risk
WF-000140,2008-08-06 19:13:00,0,Pass,0.411142857142857,0.411142857142857,0.07188643055406095,0.07451811450913517,0.09502262443438914,Beta,0.07451811450913517,Engineering Review
WF-001336,2008-10-06 00:41:00,0,Pass,0.3078809523809524,0.3078809523809524,0.05202938091121025,0.029403582545150513,0.02531645569620253,Beta,0.029403582545150513,Low Risk
WF-000582,2008-08-30 11:18:00,0,Pass,0.3544047619047618,0.3544047619047618,0.06034359691821084,0.04714887054731423,0.029914529914529916,Beta,0.04714887054731423,Engineering Review
WF-000381,2008-08-21 20:21:00,0,Pass,0.4958571428571429,0.4958571428571429,0.0907580026265739,0.13684065482834154,0.22535211267605634,Beta,0.13684065482834154,High Risk
WF-001428,2008-10-08 17:14:00,0,Pass,0.5051428571428569,0.5051428571428569,0.09560411861173906,0.1524170379829949,0.2112676056338028,Beta,0.1524170379829949,High Risk
WF-001293,2008-10-04 15:16:00,0,Pass,0.49869047619047624,0.49869047619047624,0.09148965481444588,0.13945701076515293,0.22535211267605634,Beta,0.13945701076515293,High Risk
WF-000717,2008-09-03 17:22:00,0,Pass,0.3866904761904762,0.3866904761904762,0.06710621266766471,0.06149925304414537,0.07563025210084033,Beta,0.06149925304414537,Engineering Review
WF-000479,2008-08-28 11:19:00,0,Pass,0.34283333333333327,0.34283333333333327,0.058715155192741474,0.04175214300884579,0.022443890274314215,Beta,0.04175214300884579,Engineering Review
WF-000961,2008-09-20 16:44:00,0,Pass,0.2734047619047619,0.2734047619047619,0.04684487639324417,0.02090673241210871,0.0,Beta,0.02090673241210871,Low Risk
WF-000120,2008-08-05 14:17:00,0,Pass,0.44790476190476186,0.44790476190476186,0.0803958018402347,0.10089248728062387,0.1111111111111111,Beta,0.10089248728062387,High Risk
WF-000022,2008-07-23 05:15:00,0,Pass,0.4150714285714286,0.4150714285714286,0.0731161993767703,0.07771881504279941,0.10106382978723404,Beta,0.07771881504279941,Engineering Review
WF-000193,2008-08-11 05:15:00,0,Pass,0.5703095238095235,0.5703095238095235,0.11608630989283501,0.23712767823903044,0.2653061224489796,Beta,0.23712767823903044,High Risk
WF-000330,2008-08-20 16:08:00,0,Pass,0.3490952380952381,0.3490952380952381,0.05977265018041516,0.044361266658815963,0.02072538860103627,Beta,0.044361266658815963,Engineering Review
WF-000488,2008-08-28 17:32:00,0,Pass,0.3597142857142857,0.3597142857142857,0.06170082897038283,0.04869969115698546,0.02072538860103627,Beta,0.04869969115698546,Engineering Review
WF-001305,2008-10-05 00:33:00,0,Pass,0.4085952380952382,0.4085952380952382,0.07066657085322224,0.07315314556480322,0.07792207792207792,Beta,0.07315314556480322,Engineering Review
WF-001241,2008-10-02 10:03:00,0,Pass,0.3929523809523808,0.3929523809523808,0.06748962930340693,0.06390975288812763,0.0875,Beta,0.06390975288812763,Engineering Review
WF-000535,2008-08-29 13:27:00,0,Pass,0.4441904761904763,0.4441904761904763,0.07922884927850324,0.09600291147374,0.09502262443438914,Beta,0.09600291147374,High Risk
WF-001537,2008-10-15 17:19:00,0,Pass,0.2642380952380952,0.2642380952380952,0.045320629955846764,0.018359829117390387,0.0,Beta,0.018359829117390387,Low Risk
WF-000537,2008-08-29 14:11:00,0,Pass,0.3519761904761906,0.3519761904761906,0.060379061101786535,0.04539154811151933,0.022443890274314215,Beta,0.04539154811151933,Engineering Review
WF-000976,2008-09-21 04:49:00,0,Pass,0.23361904761904767,0.23361904761904767,0.041907156081221704,0.013105830012451714,0.0,Beta,0.013105830012451714,Low Risk
WF-000697,2008-09-02 16:58:00,0,Pass,0.377238095238095,0.377238095238095,0.06520845483167377,0.05673221579080789,0.07563025210084033,Beta,0.05673221579080789,Engineering Review
WF-001225,2008-10-01 23:34:00,0,Pass,0.3482619047619048,0.3482619047619048,0.05962374691145113,0.044033741141121956,0.02072538860103627,Beta,0.044033741141121956,Engineering Review
WF-000823,2008-09-13 03:14:00,0,Pass,0.27926190476190477,0.27926190476190477,0.048436003686433346,0.022617879276246783,0.0,Beta,0.022617879276246783,Low Risk
WF-000687,2008-09-02 13:08:00,0,Pass,0.40890476190476194,0.40890476190476194,0.07141256034899385,0.07321204053234054,0.09502262443438914,Beta,0.07321204053234054,Engineering Review
WF-001277,2008-10-03 20:11:00,0,Pass,0.3505714285714284,0.3505714285714284,0.059669429163303304,0.04562365764064969,0.029914529914529916,Beta,0.04562365764064969,Engineering Review
WF-000996,2008-09-21 18:12:00,0,Pass,0.32145238095238104,0.32145238095238104,0.05430087356163601,0.03394742194898958,0.02577319587628866,Beta,0.03394742194898958,Low Risk
WF-000761,2008-09-08 18:46:00,0,Pass,0.30876190476190474,0.30876190476190474,0.052886135271463436,0.030115684911645006,0.022443890274314215,Beta,0.030115684911645006,Low Risk
WF-000512,2008-08-29 05:54:00,0,Pass,0.39461904761904765,0.39461904761904765,0.06845522585164332,0.06528824830265047,0.08695652173913043,Beta,0.06528824830265047,Engineering Review
WF-000556,2008-08-30 02:08:00,0,Pass,0.42771428571428566,0.42771428571428566,0.07492644715286761,0.08447580655168917,0.0875,Beta,0.08447580655168917,High Risk
WF-001558,2008-10-16 05:08:00,0,Pass,0.37642857142857133,0.37642857142857133,0.06448790192131612,0.056103764116348084,0.04950495049504951,Beta,0.056103764116348084,Engineering Review
WF-001007,2008-09-22 07:12:00,0,Pass,0.24685714285714283,0.24685714285714283,0.043669024363047884,0.015388043042931943,0.0,Beta,0.015388043042931943,Low Risk
WF-001023,2008-09-23 00:57:00,0,Pass,0.3500952380952381,0.3500952380952381,0.059403215661228095,0.044268727410029164,0.02531645569620253,Beta,0.044268727410029164,Engineering Review
WF-001134,2008-09-27 15:09:00,0,Pass,0.36045238095238097,0.36045238095238097,0.06196096167777925,0.04897981454453244,0.022443890274314215,Beta,0.04897981454453244,Engineering Review
WF-001078,2008-09-25 11:08:00,0,Pass,0.3220714285714286,0.3220714285714286,0.054406135589510164,0.03389024990897141,0.02531645569620253,Beta,0.03389024990897141,Low Risk
WF-000467,2008-08-28 05:00:00,0,Pass,0.46526190476190477,0.46526190476190477,0.08496972836273978,0.11447417280158001,0.12162162162162163,Beta,0.11447417280158001,High Risk
WF-000035,2008-07-28 03:31:00,0,Pass,0.5405952380952379,0.5405952380952379,0.10294498947694414,0.1828610504549597,0.22535211267605634,Beta,0.1828610504549597,High Risk
WF-000038,2008-07-28 05:36:00,0,Pass,0.4580476190476191,0.4580476190476191,0.0825070114023384,0.10632886959343683,0.09502262443438914,Beta,0.10632886959343683,High Risk
WF-000276,2008-08-18 17:37:00,0,Pass,0.5771904761904761,0.5771904761904761,0.11614595503239278,0.2398209032796034,0.5,Beta,0.2398209032796034,High Risk
WF-000773,2008-09-10 07:26:00,0,Pass,0.2813333333333333,0.2813333333333333,0.04800440395717988,0.022742197549616924,0.0,Beta,0.022742197549616924,Low Risk
WF-000789,2008-09-11 14:20:00,0,Pass,0.3111904761904763,0.3111904761904763,0.053141049719721965,0.032008649312071154,0.025423728813559324,Beta,0.032008649312071154,Low Risk
WF-001519,2008-10-15 02:40:00,0,Pass,0.3280952380952381,0.3280952380952381,0.05544569958731984,0.0359446861436759,0.02531645569620253,Beta,0.0359446861436759,Engineering Review
WF-001548,2008-10-16 02:17:00,0,Pass,0.34461904761904766,0.34461904761904766,0.05863655241492406,0.04332950178444907,0.029914529914529916,Beta,0.04332950178444907,Engineering Review
WF-000223,2008-08-16 15:19:00,1,Fail,0.5079047619047617,0.5079047619047617,0.09638304415144153,0.15536723491289894,0.2112676056338028,Beta,0.15536723491289894,High Risk
WF-000711,2008-09-03 01:32:00,0,Pass,0.39259523809523794,0.39259523809523794,0.06745966536590611,0.06455364965648522,0.07792207792207792,Beta,0.06455364965648522,Engineering Review
WF-001445,2008-10-09 15:56:00,0,Pass,0.27514285714285724,0.27514285714285724,0.04783525838621985,0.021652240910395,0.0,Beta,0.021652240910395,Low Risk
WF-000907,2008-09-19 09:12:00,0,Pass,0.30952380952380953,0.30952380952380953,0.05307392245743976,0.030717033560907853,0.02072538860103627,Beta,0.030717033560907853,Low Risk
WF-001060,2008-09-24 12:04:00,0,Pass,0.39914285714285713,0.39914285714285713,0.06919643991311568,0.06816730286331096,0.1111111111111111,Beta,0.06816730286331096,Engineering Review
WF-001554,2008-10-16 04:04:00,0,Pass,0.29588095238095224,0.29588095238095224,0.050828104871506206,0.02642993444023037,0.0,Beta,0.02642993444023037,Low Risk
WF-001113,2008-09-26 19:45:00,0,Pass,0.26552380952380955,0.26552380952380955,0.046459809178433224,0.019514837011967007,0.0,Beta,0.019514837011967007,Low Risk
WF-001003,2008-09-22 00:47:00,0,Pass,0.29923809523809525,0.29923809523809525,0.05063022613894915,0.02690092119017599,0.02531645569620253,Beta,0.02690092119017599,Low Risk
WF-000649,2008-09-02 01:10:00,0,Pass,0.3841428571428571,0.3841428571428571,0.06658973823774075,0.060184791735331165,0.07563025210084033,Beta,0.060184791735331165,Engineering Review
WF-000405,2008-08-22 05:31:00,0,Pass,0.3869999999999998,0.3869999999999998,0.06637041677001798,0.061737817950765744,0.07792207792207792,Beta,0.061737817950765744,Engineering Review
WF-000891,2008-09-18 21:56:00,0,Pass,0.32623809523809527,0.32623809523809527,0.0558043543197378,0.03572260247547209,0.022443890274314215,Beta,0.03572260247547209,Engineering Review
WF-000946,2008-09-20 12:20:00,0,Pass,0.2783809523809523,0.2783809523809523,0.04815329344016892,0.02197731980494607,0.0,Beta,0.02197731980494607,Low Risk
WF-001263,2008-10-03 02:41:00,0,Pass,0.4069047619047619,0.4069047619047619,0.07038854570202886,0.07162182013015915,0.0875,Beta,0.07162182013015915,Engineering Review
WF-000620,2008-09-01 00:39:00,0,Pass,0.373595238095238,0.373595238095238,0.06382699722991313,0.05537419963932718,0.07792207792207792,Beta,0.05537419963932718,Engineering Review
WF-000820,2008-09-12 23:40:00,0,Pass,0.322095238095238,0.322095238095238,0.05509915875293503,0.03432716495033518,0.022443890274314215,Beta,0.03432716495033518,Low Risk
WF-001426,2008-10-08 15:37:00,0,Pass,0.37,0.37,0.06321043092946814,0.053012091175309105,0.02531645569620253,Beta,0.053012091175309105,Engineering Review
WF-001461,2008-10-11 08:27:00,0,Pass,0.36295238095238097,0.36295238095238097,0.06243487703190044,0.05007893916408997,0.022443890274314215,Beta,0.05007893916408997,Engineering Review
WF-001062,2008-09-24 13:01:00,0,Pass,0.3228571428571428,0.3228571428571428,0.05524784352142737,0.03489763273235386,0.02072538860103627,Beta,0.03489763273235386,Low Risk
WF-001086,2008-09-25 15:55:00,0,Pass,0.36623809523809525,0.36623809523809525,0.06247385764692234,0.05126525836573042,0.02531645569620253,Beta,0.05126525836573042,Engineering Review
WF-001341,2008-10-06 02:49:00,0,Pass,0.3636428571428571,0.3636428571428571,0.0619976892210619,0.05098314780186167,0.029914529914529916,Beta,0.05098314780186167,Engineering Review
WF-000882,2008-09-18 05:44:00,0,Pass,0.3195238095238095,0.3195238095238095,0.05398113824335789,0.033328802467855155,0.02577319587628866,Beta,0.033328802467855155,Low Risk
WF-001048,2008-09-24 02:44:00,0,Pass,0.3627857142857143,0.3627857142857143,0.061596818469455104,0.04946596868459709,0.02577319587628866,Beta,0.04946596868459709,Engineering Review
WF-000533,2008-08-29 13:04:00,0,Pass,0.3776428571428571,0.3776428571428571,0.06508861298754261,0.05675320385829033,0.0847457627118644,Beta,0.05675320385829033,Engineering Review
WF-000429,2008-08-22 23:56:00,0,Pass,0.3173095238095238,0.3173095238095238,0.05359737438586843,0.03233051700099747,0.02531645569620253,Beta,0.03233051700099747,Low Risk
WF-001405,2008-10-07 17:06:00,0,Pass,0.3132857142857143,0.3132857142857143,0.05347072727746452,0.03264496484837788,0.025423728813559324,Beta,0.03264496484837788,Low Risk
WF-000658,2008-09-02 03:35:00,0,Pass,0.4067619047619047,0.4067619047619047,0.07130699911115383,0.07265920925479853,0.10106382978723404,Beta,0.07265920925479853,Engineering Review
WF-000606,2008-08-31 10:59:00,1,Fail,0.4224761904761905,0.4224761904761905,0.07433084510915484,0.08141255960976494,0.09502262443438914,Beta,0.08141255960976494,High Risk
WF-001194,2008-09-30 12:31:00,0,Pass,0.32623809523809527,0.32623809523809527,0.05581227208572161,0.03602235103250578,0.02072538860103627,Beta,0.03602235103250578,Engineering Review
WF-000723,2008-09-04 08:22:00,0,Pass,0.2616190476190476,0.2616190476190476,0.04517036465243475,0.01838390448178526,0.0,Beta,0.01838390448178526,Low Risk
WF-000189,2008-08-10 20:07:00,1,Fail,0.576785714285714,0.576785714285714,0.1160068149724183,0.23431332996962773,0.22077922077922077,Beta,0.23431332996962773,High Risk
WF-001257,2008-10-02 22:23:00,0,Pass,0.3788333333333334,0.3788333333333334,0.06552519196669299,0.0575157958931151,0.07563025210084033,Beta,0.0575157958931151,Engineering Review
WF-000654,2008-09-02 02:11:00,0,Pass,0.3479999999999998,0.3479999999999998,0.059221152122012344,0.044621624441776114,0.029914529914529916,Beta,0.044621624441776114,Engineering Review
WF-001497,2008-10-14 03:21:00,0,Pass,0.28319047619047627,0.28319047619047627,0.04887479958783859,0.023140419312835784,0.0,Beta,0.023140419312835784,Low Risk
WF-000673,2008-09-02 10:13:00,0,Pass,0.34678571428571425,0.34678571428571425,0.0586698091724854,0.04292045840504716,0.02577319587628866,Beta,0.04292045840504716,Engineering Review
WF-001286,2008-10-04 00:58:00,0,Pass,0.37064285714285705,0.37064285714285705,0.06327914675331162,0.05404268981735166,0.029914529914529916,Beta,0.05404268981735166,Engineering Review
WF-001470,2008-10-12 03:21:00,0,Pass,0.4077857142857142,0.4077857142857142,0.07057539497419515,0.07213237630499825,0.0875,Beta,0.07213237630499825,Engineering Review
WF-000846,2008-09-14 23:00:00,0,Pass,0.4399761904761906,0.4399761904761906,0.07825573183933601,0.0930232486863612,0.09502262443438914,Beta,0.0930232486863612,High Risk
WF-000252,2008-08-18 06:26:00,0,Pass,0.4576428571428571,0.4576428571428571,0.0824095311083071,0.10601547886246812,0.09502262443438914,Beta,0.10601547886246812,High Risk
WF-000977,2008-09-21 07:30:00,0,Pass,0.2794047619047619,0.2794047619047619,0.04845696674470978,0.022651925570851494,0.0,Beta,0.022651925570851494,Low Risk
WF-000541,2008-08-29 15:43:00,0,Pass,0.45207142857142846,0.45207142857142846,0.08057861592602801,0.10178304013223484,0.0875,Beta,0.10178304013223484,High Risk
WF-001228,2008-10-02 03:17:00,1,Fail,0.38680952380952377,0.38680952380952377,0.06660162255941296,0.06139036682617124,0.04950495049504951,Beta,0.06139036682617124,Engineering Review
WF-000349,2008-08-21 04:29:00,0,Pass,0.37876190476190474,0.37876190476190474,0.0646551626165195,0.05675355432712363,0.08571428571428572,Beta,0.05675355432712363,Engineering Review
WF-000430,2008-08-23 02:04:00,0,Pass,0.3965714285714285,0.3965714285714285,0.06823075139782069,0.06584382439742476,0.0875,Beta,0.06584382439742476,Engineering Review
WF-000710,2008-09-03 01:15:00,1,Fail,0.4573333333333334,0.4573333333333334,0.08233505809746638,0.10577631377711928,0.09502262443438914,Beta,0.10577631377711928,High Risk
WF-000742,2008-09-07 12:20:00,0,Pass,0.3081904761904762,0.3081904761904762,0.05286102546045251,0.030320639644078815,0.02072538860103627,Beta,0.030320639644078815,Low Risk
WF-001102,2008-09-26 13:36:00,0,Pass,0.3389285714285715,0.3389285714285715,0.05801770939377511,0.04026813629070231,0.022443890274314215,Beta,0.04026813629070231,Engineering Review
WF-000178,2008-08-09 23:34:00,0,Pass,0.4284047619047619,0.4284047619047619,0.07610772618192606,0.08641208937944884,0.10106382978723404,Beta,0.08641208937944884,High Risk
WF-001417,2008-10-08 07:13:00,0,Pass,0.30123809523809525,0.30123809523809525,0.05167466205515666,0.02791890617645846,0.022443890274314215,Beta,0.02791890617645846,Low Risk
WF-001504,2008-10-14 14:43:00,0,Pass,0.29640476190476206,0.29640476190476206,0.05091029695234163,0.026572828458176427,0.0,Beta,0.026572828458176427,Low Risk
WF-000432,2008-08-23 04:50:00,0,Pass,0.4657380952380951,0.4657380952380951,0.08488973573852909,0.11552753533340791,0.12087912087912088,Beta,0.11552753533340791,High Risk
WF-000448,2008-08-24 10:14:00,0,Pass,0.5205238095238095,0.5205238095238095,0.10001444632268276,0.16941214702132368,0.2112676056338028,Beta,0.16941214702132368,High Risk
WF-000192,2008-08-11 04:09:00,0,Pass,0.47276190476190494,0.47276190476190494,0.08612265439544815,0.11822144660777464,0.1,Beta,0.11822144660777464,High Risk
WF-001326,2008-10-05 15:35:00,1,Fail,0.4603333333333334,0.4603333333333334,0.08258258687873095,0.10825524368301183,0.08823529411764706,Beta,0.10825524368301183,High Risk
WF-001389,2008-10-07 08:25:00,0,Pass,0.3260714285714286,0.3260714285714286,0.055524676010426335,0.0367336183830208,0.029411764705882353,Beta,0.0367336183830208,Engineering Review
WF-000864,2008-09-16 17:07:00,0,Pass,0.35323809523809524,0.35323809523809524,0.05998974158448663,0.04556924137193528,0.02531645569620253,Beta,0.04556924137193528,Engineering Review
WF-000402,2008-08-22 04:40:00,0,Pass,0.3438333333333334,0.3438333333333334,0.058838245630638795,0.042323918553692816,0.02072538860103627,Beta,0.042323918553692816,Engineering Review
WF-000775,2008-09-10 20:52:00,0,Pass,0.3778095238095237,0.3778095238095237,0.06461666954487119,0.057318012877980266,0.07792207792207792,Beta,0.057318012877980266,Engineering Review
WF-000595,2008-08-30 19:21:00,0,Pass,0.3554761904761904,0.3554761904761904,0.0602430706438551,0.04638603400997091,0.02577319587628866,Beta,0.04638603400997091,Engineering Review
WF-000647,2008-09-02 00:46:00,0,Pass,0.2519761904761904,0.2519761904761904,0.044581562115402845,0.017490292598528603,0.0,Beta,0.017490292598528603,Low Risk
WF-000394,2008-08-22 01:26:00,0,Pass,0.5587380952380954,0.5587380952380954,0.11219669428489437,0.22032398456773686,0.2653061224489796,Beta,0.22032398456773686,High Risk
WF-000748,2008-09-07 19:31:00,0,Pass,0.29680952380952375,0.29680952380952375,0.05034668412887873,0.026668152506823164,0.0,Beta,0.026668152506823164,Low Risk
WF-000202,2008-08-15 03:26:00,0,Pass,0.41533333333333317,0.41533333333333317,0.0721951155968858,0.07662591083784934,0.0875,Beta,0.07662591083784934,Engineering Review
WF-000444,2008-08-24 04:00:00,0,Pass,0.343904761904762,0.343904761904762,0.0588508376884348,0.042351089369894734,0.02072538860103627,Beta,0.042351089369894734,Engineering Review
WF-000421,2008-08-22 14:45:00,0,Pass,0.3689523809523809,0.3689523809523809,0.06342537246331569,0.052731333636141665,0.02072538860103627,Beta,0.052731333636141665,Engineering Review
WF-000306,2008-08-19 11:44:00,0,Pass,0.48890476190476195,0.48890476190476195,0.08986657950395084,0.13320662085200005,0.13333333333333333,Beta,0.13320662085200005,High Risk
WF-001087,2008-09-25 16:44:00,0,Pass,0.2945238095238096,0.2945238095238096,0.050615736518585704,0.026062390991533603,0.0,Beta,0.026062390991533603,Low Risk
WF-001186,2008-09-29 21:48:00,1,Fail,0.33404761904761915,0.33404761904761915,0.05713682510766969,0.03872463025312539,0.02072538860103627,Beta,0.03872463025312539,Engineering Review
WF-001560,2008-10-16 05:44:00,0,Pass,0.24121428571428571,0.24121428571428571,0.04240530466964622,0.014553302035741705,0.0,Beta,0.014553302035741705,Low Risk
WF-001512,2008-10-15 00:03:00,0,Pass,0.2701666666666668,0.2701666666666668,0.04618112448526834,0.019639714020198294,0.0,Beta,0.019639714020198294,Low Risk
WF-000861,2008-09-16 08:50:00,0,Pass,0.2578571428571429,0.2578571428571429,0.0453905612807456,0.017924599409127995,0.0,Beta,0.017924599409127995,Low Risk
WF-000930,2008-09-19 21:59:00,1,Fail,0.31533333333333324,0.31533333333333324,0.05401102430835566,0.03248953919374489,0.02072538860103627,Beta,0.03248953919374489,Low Risk
WF-001244,2008-10-02 14:54:00,0,Pass,0.367452380952381,0.367452380952381,0.06269204615261333,0.0526313727811456,0.029914529914529916,Beta,0.0526313727811456,Engineering Review
WF-001347,2008-10-06 05:24:00,0,Pass,0.36069047619047623,0.36069047619047623,0.062005951333891925,0.04908368027102072,0.022443890274314215,Beta,0.04908368027102072,Engineering Review
WF-000858,2008-09-15 23:37:00,0,Pass,0.29866666666666664,0.29866666666666664,0.051210160810380316,0.028394155346093835,0.025423728813559324,Beta,0.028394155346093835,Low Risk
WF-001097,2008-09-26 03:12:00,0,Pass,0.30683333333333335,0.30683333333333335,0.052573067280518415,0.029540582571443843,0.022443890274314215,Beta,0.029540582571443843,Low Risk
WF-001364,2008-10-06 13:38:00,1,Fail,0.4012619047619048,0.4012619047619048,0.06965158504452332,0.06938818549247572,0.1111111111111111,Beta,0.06938818549247572,Engineering Review
WF-001532,2008-10-15 13:14:00,0,Pass,0.33969047619047615,0.33969047619047615,0.05779404231203899,0.041496625748243,0.029914529914529916,Beta,0.041496625748243,Engineering Review
WF-001324,2008-10-05 14:34:00,0,Pass,0.37352380952380965,0.37352380952380965,0.06381369076314046,0.05534169339958772,0.07792207792207792,Beta,0.05534169339958772,Engineering Review
WF-000454,2008-08-27 13:35:00,0,Pass,0.3704761904761905,0.3704761904761905,0.06330424347448575,0.053236458795537234,0.02531645569620253,Beta,0.053236458795537234,Engineering Review
WF-000406,2008-08-22 05:32:00,0,Pass,0.37852380952380943,0.37852380952380943,0.06460856289776003,0.056639116326655754,0.08571428571428572,Beta,0.056639116326655754,Engineering Review
WF-000312,2008-08-19 18:12:00,0,Pass,0.3389285714285714,0.3389285714285714,0.05736246214405897,0.039877552827197724,0.02531645569620253,Beta,0.039877552827197724,Engineering Review
WF-000830,2008-09-13 16:04:00,0,Pass,0.2993095238095238,0.2993095238095238,0.05146342756350278,0.027776741807272323,0.02072538860103627,Beta,0.027776741807272323,Low Risk
WF-000811,2008-09-12 16:23:00,0,Pass,0.37464285714285717,0.37464285714285717,0.06469620798812205,0.055475229303941144,0.07563025210084033,Beta,0.055475229303941144,Engineering Review
WF-000790,2008-09-11 14:24:00,0,Pass,0.370047619047619,0.370047619047619,0.06296985123687815,0.05268150323181638,0.02577319587628866,Beta,0.05268150323181638,Engineering Review
WF-000965,2008-09-20 18:21:00,0,Pass,0.27321428571428574,0.27321428571428574,0.046817350058763765,0.020864036472561555,0.0,Beta,0.020864036472561555,Low Risk
WF-001370,2008-10-06 16:50:00,0,Pass,0.4040238095238097,0.4040238095238097,0.07024896537625816,0.071005028769933,0.1111111111111111,Beta,0.071005028769933,Engineering Review
WF-000377,2008-08-21 19:12:00,0,Pass,0.382595238095238,0.382595238095238,0.06552443986113972,0.059588153486555835,0.07792207792207792,Beta,0.059588153486555835,Engineering Review
WF-000033,2008-07-27 22:28:00,0,Pass,0.47390476190476194,0.47390476190476194,0.08717924077571382,0.12198767468116765,0.12162162162162163,Beta,0.12198767468116765,High Risk
WF-000951,2008-09-20 14:00:00,0,Pass,0.27469047619047626,0.27469047619047626,0.047769713476858294,0.0215480601045419,0.0,Beta,0.0215480601045419,Low Risk
WF-000747,2008-09-07 19:29:00,0,Pass,0.4149999999999999,0.4149999999999999,0.07270991289331366,0.0768114289445269,0.09502262443438914,Beta,0.0768114289445269,Engineering Review
WF-000438,2008-08-23 09:24:00,0,Pass,0.4415714285714286,0.4415714285714286,0.07772431377664589,0.0936544721735199,0.07792207792207792,Beta,0.0936544721735199,High Risk
WF-000518,2008-08-29 06:40:00,0,Pass,0.4534761904761906,0.4534761904761906,0.08177595139238573,0.10529907161796867,0.1111111111111111,Beta,0.10529907161796867,High Risk
WF-000623,2008-09-01 05:29:00,0,Pass,0.2681666666666667,0.2681666666666667,0.04588911339642523,0.01920080269636647,0.0,Beta,0.01920080269636647,Low Risk
WF-000087,2008-08-04 14:04:00,0,Pass,0.45257142857142857,0.45257142857142857,0.08181747022923849,0.10410601730029878,0.10106382978723404,Beta,0.10410601730029878,High Risk
WF-000903,2008-09-19 07:14:00,0,Pass,0.3036428571428571,0.3036428571428571,0.05205899261343392,0.028607429520088136,0.022443890274314215,Beta,0.028607429520088136,Low Risk
WF-000657,2008-09-02 03:33:00,0,Pass,0.33680952380952384,0.33680952380952384,0.05764247892075387,0.039479933604173637,0.022443890274314215,Beta,0.039479933604173637,Engineering Review
WF-000495,2008-08-28 20:20:00,0,Pass,0.36264285714285716,0.36264285714285716,0.06177741080742882,0.04963783097162429,0.02531645569620253,Beta,0.04963783097162429,Engineering Review
WF-000139,2008-08-06 18:34:00,0,Pass,0.458404761904762,0.458404761904762,0.08157104684999089,0.10570487633851733,0.125,Beta,0.10570487633851733,High Risk
WF-000980,2008-09-21 08:49:00,0,Pass,0.33676190476190476,0.33676190476190476,0.05763407300530197,0.039462358224197344,0.022443890274314215,Beta,0.039462358224197344,Engineering Review
WF-000881,2008-09-18 03:58:00,0,Pass,0.3699047619047619,0.3699047619047619,0.06314287081014713,0.053713659394050796,0.029914529914529916,Beta,0.053713659394050796,Engineering Review
WF-000520,2008-08-29 06:54:00,0,Pass,0.2955238095238095,0.2955238095238095,0.050148042130851035,0.026323958060832344,0.0,Beta,0.026323958060832344,Low Risk
WF-001321,2008-10-05 12:03:00,0,Pass,0.34364285714285714,0.34364285714285714,0.05880467915734305,0.042251527765115225,0.02072538860103627,Beta,0.042251527765115225,Engineering Review
WF-001427,2008-10-08 16:26:00,0,Pass,0.289047619047619,0.289047619047619,0.049772382510681876,0.02582889848560946,0.0,Beta,0.02582889848560946,Low Risk
WF-000849,2008-09-15 11:40:00,0,Pass,0.2450238095238096,0.2450238095238096,0.04342087203892688,0.015056009334227259,0.0,Beta,0.015056009334227259,Low Risk
WF-000865,2008-09-16 18:09:00,0,Pass,0.27838095238095245,0.27838095238095245,0.04815329344016892,0.021977319804946115,0.0,Beta,0.021977319804946115,Low Risk
WF-001551,2008-10-16 03:56:00,0,Pass,0.25069047619047624,0.25069047619047624,0.04441227436468051,0.016524894045828308,0.0,Beta,0.016524894045828308,Low Risk
WF-001120,2008-09-27 03:53:00,0,Pass,0.3203333333333334,0.3203333333333334,0.054801798329947006,0.03374645475940301,0.022443890274314215,Beta,0.03374645475940301,Low Risk
WF-001106,2008-09-26 15:06:00,0,Pass,0.39519047619047626,0.39519047619047626,0.06794706903245601,0.06510044924122195,0.0875,Beta,0.06510044924122195,Engineering Review
WF-000879,2008-09-18 02:01:00,0,Pass,0.2815476190476191,0.2815476190476191,0.048772447645727045,0.023167145554140366,0.0,Beta,0.023167145554140366,Low Risk
WF-000701,2008-09-02 18:52:00,0,Pass,0.27216666666666667,0.27216666666666667,0.04647490324689137,0.020086015006065185,0.0,Beta,0.020086015006065185,Low Risk
WF-001002,2008-09-22 00:28:00,0,Pass,0.3128809523809524,0.3128809523809524,0.05356069005787167,0.03137231603827184,0.022443890274314215,Beta,0.03137231603827184,Low Risk
WF-000924,2008-09-19 20:17:00,0,Pass,0.3480952380952381,0.3480952380952381,0.05959400797718942,0.043968457501754155,0.02072538860103627,Beta,0.043968457501754155,Engineering Review
WF-000207,2008-08-15 11:42:00,0,Pass,0.4664285714285714,0.4664285714285714,0.08454913658325448,0.1129819704855294,0.1,Beta,0.1129819704855294,High Risk
WF-000492,2008-08-28 18:25:00,0,Pass,0.3137142857142857,0.3137142857142857,0.053698144421548126,0.03163130170333009,0.022443890274314215,Beta,0.03163130170333009,Low Risk
WF-000515,2008-08-29 05:57:00,0,Pass,0.4119523809523809,0.4119523809523809,0.07199026315401363,0.07581068665270518,0.1111111111111111,Beta,0.07581068665270518,Engineering Review
WF-000505,2008-08-29 02:39:00,0,Pass,0.4194999999999998,0.4194999999999998,0.0729323531114983,0.07950227582804656,0.07792207792207792,Beta,0.07950227582804656,Engineering Review
WF-000603,2008-08-31 05:05:00,0,Pass,0.4227619047619048,0.4227619047619048,0.074393446235493,0.08159255559542476,0.09502262443438914,Beta,0.08159255559542476,High Risk
WF-000854,2008-09-15 21:56:00,0,Pass,0.4182142857142857,0.4182142857142857,0.07339357178088883,0.07978301118931104,0.1111111111111111,Beta,0.07978301118931104,Engineering Review
WF-001168,2008-09-29 03:07:00,0,Pass,0.3469999999999999,0.3469999999999999,0.05904767586666338,0.044236463775917764,0.029914529914529916,Beta,0.044236463775917764,Engineering Review
WF-000522,2008-08-29 07:22:00,0,Pass,0.34761904761904755,0.34761904761904755,0.05894489261375235,0.043264384740501066,0.02531645569620253,Beta,0.043264384740501066,Engineering Review
WF-000859,2008-09-16 07:39:00,0,Pass,0.3211428571428572,0.3211428571428572,0.054249438025992504,0.03384755162807316,0.02577319587628866,Beta,0.03384755162807316,Low Risk
WF-000732,2008-09-04 16:41:00,0,Pass,0.27942857142857136,0.27942857142857136,0.04830958671852373,0.022226878235092527,0.0,Beta,0.022226878235092527,Low Risk
WF-000204,2008-08-15 05:13:00,0,Pass,0.4509761904761905,0.4509761904761905,0.08031631461762834,0.10094873573901865,0.0875,Beta,0.10094873573901865,High Risk
WF-001410,2008-10-07 20:39:00,0,Pass,0.2650952380952381,0.2650952380952381,0.045658241843827885,0.01910326022993803,0.0,Beta,0.01910326022993803,Low Risk
WF-000609,2008-08-31 15:09:00,0,Pass,0.2912619047619047,0.2912619047619047,0.050227217445079304,0.025611618886506426,0.0,Beta,0.025611618886506426,Low Risk
WF-000682,2008-09-02 12:17:00,0,Pass,0.33445238095238095,0.33445238095238095,0.05691108465203589,0.039613135082915446,0.029914529914529916,Beta,0.039613135082915446,Engineering Review
WF-001369,2008-10-06 16:42:00,0,Pass,0.33271428571428574,0.33271428571428574,0.056923762725898795,0.03799022052903752,0.022443890274314215,Beta,0.03799022052903752,Engineering Review
WF-000494,2008-08-28 18:57:00,0,Pass,0.3891666666666666,0.3891666666666666,0.0667223730497107,0.0619348611396475,0.0875,Beta,0.0619348611396475,Engineering Review
WF-000953,2008-09-20 14:42:00,0,Pass,0.4026666666666668,0.4026666666666668,0.06949602498561153,0.06920547604938304,0.0875,Beta,0.06920547604938304,Engineering Review
WF-000123,2008-08-05 20:04:00,0,Pass,0.41573809523809524,0.41573809523809524,0.07286848063825564,0.07725645681545402,0.09502262443438914,Beta,0.07725645681545402,Engineering Review
WF-001072,2008-09-25 06:21:00,0,Pass,0.2982857142857143,0.2982857142857143,0.050575673416942225,0.02706750203589506,0.02577319587628866,Beta,0.02706750203589506,Low Risk
WF-001221,2008-10-01 19:57:00,0,Pass,0.3491666666666667,0.3491666666666667,0.05978542950857219,0.04438942630452837,0.02072538860103627,Beta,0.04438942630452837,Engineering Review
WF-000241,2008-08-17 23:55:00,1,Fail,0.47211904761904755,0.47211904761904755,0.08671851150380686,0.12040446505857925,0.12162162162162163,Beta,0.12040446505857925,High Risk
WF-000008,2008-07-19 19:45:00,0,Pass,0.5188333333333331,0.5188333333333331,0.09811269854810148,0.16402055455741982,0.21875,Beta,0.16402055455741982,High Risk
WF-000389,2008-08-21 23:57:00,0,Pass,0.3515476190476191,0.3515476190476191,0.06021287381213283,0.04533589741476787,0.02072538860103627,Beta,0.04533589741476787,Engineering Review
WF-000735,2008-09-05 15:30:00,0,Pass,0.31909523809523804,0.31909523809523804,0.05462613583814105,0.03367743841466234,0.02072538860103627,Beta,0.03367743841466234,Low Risk
WF-000005,2008-07-19 15:22:00,0,Pass,0.44811904761904764,0.44811904761904764,0.07963571482842675,0.09879791562430787,0.0875,Beta,0.09879791562430787,High Risk
WF-000364,2008-08-21 15:05:00,0,Pass,0.4251190476190477,0.4251190476190477,0.07491175821148625,0.08308937568930598,0.09502262443438914,Beta,0.08308937568930598,High Risk
WF-000118,2008-08-05 08:50:00,0,Pass,0.3989285714285714,0.3989285714285714,0.06915056758352255,0.06804478377192516,0.1111111111111111,Beta,0.06804478377192516,Engineering Review
WF-001477,2008-10-13 12:18:00,0,Pass,0.3358809523809524,0.3358809523809524,0.05675017966365417,0.03885917168926009,0.02577319587628866,Beta,0.03885917168926009,Engineering Review
WF-000739,2008-09-07 00:49:00,0,Pass,0.38790476190476186,0.38790476190476186,0.06646842574271508,0.06128736656633129,0.0875,Beta,0.06128736656633129,Engineering Review
WF-001281,2008-10-03 21:15:00,0,Pass,0.4914285714285713,0.4914285714285713,0.09091570536594824,0.13477149287759754,0.14814814814814814,Beta,0.13477149287759754,High Risk
WF-001160,2008-09-28 19:29:00,0,Pass,0.35014285714285703,0.35014285714285703,0.05927294303708473,0.044234516414257456,0.02577319587628866,Beta,0.044234516414257456,Engineering Review
WF-000972,2008-09-21 02:07:00,0,Pass,0.3047380952380952,0.3047380952380952,0.05151641889618241,0.028474039896764614,0.02531645569620253,Beta,0.028474039896764614,Low Risk
WF-001012,2008-09-22 13:03:00,0,Pass,0.2904285714285714,0.2904285714285714,0.05010082628621102,0.02539478779756228,0.0,Beta,0.02539478779756228,Low Risk
WF-001019,2008-09-22 22:15:00,0,Pass,0.34985714285714287,0.34985714285714287,0.05935900146143697,0.044171383068523605,0.02531645569620253,Beta,0.044171383068523605,Engineering Review
WF-000600,2008-08-30 23:51:00,0,Pass,0.4269047619047619,0.4269047619047619,0.07538287850823445,0.0855640198759321,0.1111111111111111,Beta,0.0855640198759321,High Risk
WF-000028,2008-07-27 15:46:00,0,Pass,0.5026666666666668,0.5026666666666668,0.09491056262498251,0.1498091134467956,0.2112676056338028,Beta,0.1498091134467956,High Risk
WF-000581,2008-08-30 11:14:00,0,Pass,0.4197142857142858,0.4197142857142858,0.0737334456003148,0.08075830888117849,0.1111111111111111,Beta,0.08075830888117849,High Risk
WF-000918,2008-09-19 18:33:00,0,Pass,0.3339761904761904,0.3339761904761904,0.05642098620059421,0.03818131897993542,0.02577319587628866,Beta,0.03818131897993542,Engineering Review
WF-001230,2008-10-02 04:11:00,0,Pass,0.3297857142857143,0.3297857142857143,0.056414969810749206,0.03695157608888657,0.022443890274314215,Beta,0.03695157608888657,Engineering Review
WF-001128,2008-09-27 12:36:00,0,Pass,0.3318333333333333,0.3318333333333333,0.056100177063015025,0.037266530477968685,0.02531645569620253,Beta,0.037266530477968685,Engineering Review
WF-000085,2008-08-04 03:49:00,0,Pass,0.45933333333333337,0.45933333333333337,0.0823376399794824,0.10745487622525006,0.08823529411764706,Beta,0.10745487622525006,High Risk
WF-000225,2008-08-17 00:52:00,0,Pass,0.42992857142857144,0.42992857142857144,0.07645668020967736,0.08745235019090622,0.10106382978723404,Beta,0.08745235019090622,High Risk
WF-001419,2008-10-08 09:01:00,0,Pass,0.25899999999999995,0.25899999999999995,0.04457308079193876,0.01728120945473709,0.0,Beta,0.01728120945473709,Low Risk
WF-000046,2008-07-29 08:23:00,1,Fail,0.4938571428571428,0.4938571428571428,0.09243959613641795,0.14191010842102467,0.12087912087912088,Beta,0.14191010842102467,High Risk
WF-001011,2008-09-22 12:45:00,0,Pass,0.4175714285714284,0.4175714285714284,0.07366873606026629,0.07929394775730263,0.10106382978723404,Beta,0.07929394775730263,Engineering Review
WF-001172,2008-09-29 05:32:00,0,Pass,0.4600714285714286,0.4600714285714286,0.08196121084451324,0.10696053157939633,0.125,Beta,0.10696053157939633,High Risk
WF-001068,2008-09-24 17:54:00,0,Pass,0.32895238095238083,0.32895238095238083,0.056269326627663666,0.036944870653626345,0.02072538860103627,Beta,0.036944870653626345,Engineering Review
WF-000304,2008-08-19 11:13:00,0,Pass,0.4461666666666668,0.4461666666666668,0.07996961111814431,0.09954775988328315,0.1111111111111111,Beta,0.09954775988328315,High Risk
WF-001371,2008-10-06 17:26:00,0,Pass,0.32809523809523816,0.32809523809523816,0.05541589712026133,0.036145641513782856,0.02577319587628866,Beta,0.036145641513782856,Engineering Review
WF-000560,2008-08-30 02:50:00,0,Pass,0.3385714285714286,0.3385714285714286,0.057298291659895556,0.03974286879745859,0.02531645569620253,Beta,0.03974286879745859,Engineering Review
WF-001132,2008-09-27 14:05:00,0,Pass,0.3726428571428571,0.3726428571428571,0.0636497900890712,0.0549419785815174,0.06832056832054145,Beta,0.0549419785815174,Engineering Review
WF-001258,2008-10-02 22:33:00,0,Pass,0.40242857142857147,0.40242857142857147,0.06944619529953636,0.06907166640440277,0.0875,Beta,0.06907166640440277,Engineering Review
WF-000532,2008-08-29 12:37:00,0,Pass,0.33102380952380955,0.33102380952380955,0.056629545449164174,0.03738799237265108,0.022443890274314215,Beta,0.03738799237265108,Engineering Review
WF-000077,2008-08-03 15:27:00,0,Pass,0.42826190476190473,0.42826190476190473,0.07569797343992196,0.0864956553985947,0.1111111111111111,Beta,0.0864956553985947,High Risk
WF-001521,2008-10-15 03:24:00,0,Pass,0.37997619047619036,0.37997619047619036,0.06502619071379875,0.058337436869205034,0.07792207792207792,Beta,0.058337436869205034,Engineering Review
WF-000106,2008-08-05 03:17:00,0,Pass,0.4455238095238096,0.4455238095238096,0.07981250219824056,0.09905396590141348,0.1111111111111111,Beta,0.09905396590141348,High Risk
WF-000801,2008-09-12 06:38:00,0,Pass,0.38776190476190486,0.38776190476190486,0.06651777340449747,0.06211559972251619,0.07792207792207792,Beta,0.06211559972251619,Engineering Review
WF-000856,2008-09-15 22:45:00,0,Pass,0.3342142857142857,0.3342142857142857,0.05716541238291653,0.03878391958509218,0.02072538860103627,Beta,0.03878391958509218,Engineering Review
WF-000313,2008-08-19 18:12:00,0,Pass,0.5398095238095236,0.5398095238095236,0.10579927495704709,0.19273282209012813,0.2112676056338028,Beta,0.19273282209012813,High Risk
WF-001049,2008-09-24 03:32:00,0,Pass,0.25430952380952376,0.25430952380952376,0.04416064116063133,0.016936341899474846,0.0,Beta,0.016936341899474846,Low Risk
WF-001165,2008-09-28 22:44:00,0,Pass,0.3200952380952381,0.3200952380952381,0.05479075372907128,0.033998616047080384,0.02072538860103627,Beta,0.033998616047080384,Low Risk
WF-000635,2008-09-01 19:54:00,1,Fail,0.4794523809523809,0.4794523809523809,0.08662451150950982,0.12243197804907942,0.125,Beta,0.12243197804907942,High Risk
WF-001331,2008-10-05 18:59:00,0,Pass,0.3081904761904762,0.3081904761904762,0.05286102546045251,0.030320639644078815,0.02072538860103627,Beta,0.030320639644078815,Low Risk
WF-001177,2008-09-29 12:25:00,0,Pass,0.33809523809523806,0.33809523809523806,0.057523788512305794,0.04091605489589189,0.029914529914529916,Beta,0.04091605489589189,Engineering Review
WF-001462,2008-10-11 14:43:00,0,Pass,0.3660476190476189,0.3660476190476189,0.06221006293066154,0.05089076791803178,0.02577319587628866,Beta,0.05089076791803178,Engineering Review
WF-000240,2008-08-17 23:20:00,0,Pass,0.42049999999999993,0.42049999999999993,0.07389917886724415,0.08017603429028729,0.09502262443438914,Beta,0.08017603429028729,High Risk
WF-001030,2008-09-23 11:14:00,1,Fail,0.3984285714285714,0.3984285714285714,0.06861398604886582,0.06685408958254478,0.0875,Beta,0.06685408958254478,Engineering Review
WF-000446,2008-08-24 07:14:00,0,Pass,0.41930952380952385,0.41930952380952385,0.07289220781706256,0.07938784191037236,0.07792207792207792,Beta,0.07938784191037236,Engineering Review
WF-000375,2008-08-21 18:39:00,0,Pass,0.3993809523809524,0.3993809523809524,0.06973472370062156,0.0683852227243422,0.10106382978723404,Beta,0.0683852227243422,Engineering Review
WF-001297,2008-10-04 18:59:00,0,Pass,0.37066666666666664,0.37066666666666664,0.06308820826566054,0.05296298644646898,0.02577319587628866,Beta,0.05296298644646898,Engineering Review
WF-000746,2008-09-07 18:49:00,0,Pass,0.3993333333333334,0.3993333333333334,0.06880141161452517,0.06735068623182047,0.0875,Beta,0.06735068623182047,Engineering Review
WF-001274,2008-10-03 18:45:00,0,Pass,0.32623809523809527,0.32623809523809527,0.0558043543197378,0.03572260247547209,0.022443890274314215,Beta,0.03572260247547209,Engineering Review
WF-000759,2008-09-08 07:14:00,0,Pass,0.3322857142857143,0.3322857142857143,0.05684903679993498,0.03783684588260496,0.022443890274314215,Beta,0.03783684588260496,Engineering Review
WF-000167,2008-08-09 06:05:00,0,Pass,0.4961666666666666,0.4961666666666666,0.0921699538736806,0.13924530106508948,0.22077922077922077,Beta,0.13924530106508948,High Risk
WF-001396,2008-10-07 10:51:00,0,Pass,0.37123809523809526,0.37123809523809526,0.06319764503297137,0.05322386042559332,0.02577319587628866,Beta,0.05322386042559332,Engineering Review
WF-000670,2008-09-02 08:54:00,0,Pass,0.3548333333333334,0.3548333333333334,0.06028951825830921,0.04624052402652889,0.02531645569620253,Beta,0.04624052402652889,Engineering Review
WF-000542,2008-08-29 16:26:00,0,Pass,0.426595238095238,0.426595238095238,0.07467572392804094,0.08374108963351527,0.0875,Beta,0.08374108963351527,High Risk
WF-001129,2008-09-27 13:14:00,0,Pass,0.23383333333333334,0.23383333333333334,0.04193512677589409,0.013140688682927558,0.0,Beta,0.013140688682927558,Low Risk
WF-001234,2008-10-02 07:35:00,0,Pass,0.43149999999999994,0.43149999999999994,0.07681807552764067,0.08853541730246901,0.10106382978723404,Beta,0.08853541730246901,High Risk
WF-001330,2008-10-05 18:46:00,1,Fail,0.4125952380952379,0.4125952380952379,0.07160359522608499,0.07497083439631516,0.0875,Beta,0.07497083439631516,Engineering Review
WF-000844,2008-09-14 20:45:00,0,Pass,0.2596666666666667,0.2596666666666667,0.04564079756463224,0.018291131722144624,0.0,Beta,0.018291131722144624,Low Risk
WF-000890,2008-09-18 21:12:00,0,Pass,0.36657142857142855,0.36657142857142855,0.06230906981580847,0.05112252161769195,0.02577319587628866,Beta,0.05112252161769195,Engineering Review
WF-000071,2008-08-01 15:10:00,0,Pass,0.4108095238095236,0.4108095238095236,0.07112132763382209,0.07440948898883931,0.07792207792207792,Beta,0.07440948898883931,Engineering Review
WF-000768,2008-09-08 21:53:00,0,Pass,0.36864285714285716,0.36864285714285716,0.06336687057695047,0.05259224734825331,0.02072538860103627,Beta,0.05259224734825331,Engineering Review
WF-001545,2008-10-15 23:45:00,0,Pass,0.34145238095238084,0.34145238095238084,0.0584199530486943,0.04142577177024458,0.02072538860103627,Beta,0.04142577177024458,Engineering Review
WF-000802,2008-09-12 06:41:00,0,Pass,0.3291428571428571,0.3291428571428571,0.055593699134904154,0.03650202572998339,0.02577319587628866,Beta,0.03650202572998339,Engineering Review
WF-001127,2008-09-27 12:28:00,0,Pass,0.32028571428571423,0.32028571428571423,0.0541015110277489,0.03329879066111244,0.02531645569620253,Beta,0.03329879066111244,Low Risk
WF-000806,2008-09-12 07:38:00,0,Pass,0.3837380952380953,0.3837380952380953,0.06563628346789696,0.059187174324219174,0.08571428571428572,Beta,0.059187174324219174,Engineering Review
WF-000231,2008-08-17 05:21:00,0,Pass,0.5294761904761907,0.5294761904761907,0.1028655463712067,0.18173660124053642,0.2653061224489796,Beta,0.18173660124053642,High Risk
WF-001121,2008-09-27 10:10:00,0,Pass,0.2776190476190476,0.2776190476190476,0.04803992725494484,0.021797134250659597,0.0,Beta,0.021797134250659597,Low Risk
WF-001549,2008-10-16 02:22:00,0,Pass,0.27399999999999997,0.27399999999999997,0.046745761448609244,0.020501692258206413,0.0,Beta,0.020501692258206413,Low Risk
WF-000608,2008-08-31 11:03:00,0,Pass,0.4593809523809524,0.4593809523809524,0.08234928910597498,0.1074928817322178,0.08823529411764706,Beta,0.1074928817322178,High Risk
WF-000741,2008-09-07 12:04:00,0,Pass,0.24776190476190468,0.24776190476190468,0.04379198738513038,0.015553851254790235,0.0,Beta,0.015553851254790235,Low Risk
WF-001531,2008-10-15 12:53:00,0,Pass,0.3712857142857143,0.3712857142857143,0.06320677275022094,0.05324564523276405,0.02577319587628866,Beta,0.05324564523276405,Engineering Review
WF-001245,2008-10-02 15:10:00,0,Pass,0.37740476190476185,0.37740476190476185,0.0650425088158278,0.05663996817967234,0.0847457627118644,Beta,0.05663996817967234,Engineering Review
WF-001556,2008-10-16 04:50:00,0,Pass,0.3035476190476191,0.3035476190476191,0.051954671862851284,0.029764985266329324,0.025423728813559324,Beta,0.029764985266329324,Low Risk
WF-000125,2008-08-05 21:22:00,0,Pass,0.4187380952380952,0.4187380952380952,0.07293694314356988,0.07872427064209997,0.0875,Beta,0.07872427064209997,Engineering Review
WF-000379,2008-08-21 19:46:00,0,Pass,0.3871666666666665,0.3871666666666665,0.06667547526316207,0.06157890020588089,0.04950495049504951,Beta,0.06157890020588089,Engineering Review
WF-000922,2008-09-19 20:07:00,0,Pass,0.2800238095238096,0.2800238095238096,0.04845841919124375,0.02358021320879691,0.0,Beta,0.02358021320879691,Low Risk
WF-001534,2008-10-15 14:08:00,0,Pass,0.3288095238095238,0.3288095238095238,0.05553706760676508,0.036388339822527656,0.02577319587628866,Beta,0.036388339822527656,Engineering Review
WF-000995,2008-09-21 17:30:00,0,Pass,0.30638095238095236,0.30638095238095236,0.05239153299598945,0.030582735643619408,0.025423728813559324,Beta,0.030582735643619408,Low Risk
WF-000627,2008-09-01 06:52:00,0,Pass,0.28721428571428564,0.28721428571428564,0.049486303496785476,0.024148211615752542,0.0,Beta,0.024148211615752542,Low Risk
WF-001414,2008-10-08 05:38:00,0,Pass,0.3005,0.3005,0.05155723826714132,0.027710102274139583,0.022443890274314215,Beta,0.027710102274139583,Low Risk
WF-001069,2008-09-24 18:05:00,0,Pass,0.3274761904761905,0.3274761904761905,0.05575481883387398,0.03720498532528914,0.029411764705882353,Beta,0.03720498532528914,Engineering Review
WF-001196,2008-09-30 14:20:00,0,Pass,0.34802380952380946,0.34802380952380946,0.05958126697309874,0.04394050135653092,0.02072538860103627,Beta,0.04394050135653092,Engineering Review
WF-001285,2008-10-03 23:46:00,0,Pass,0.444452380952381,0.444452380952381,0.07985697846681206,0.09787059056813571,0.10106382978723404,Beta,0.09787059056813571,High Risk
WF-001356,2008-10-06 08:57:00,0,Pass,0.2787380952380953,0.2787380952380953,0.04835921275699786,0.022493363850037765,0.0,Beta,0.022493363850037765,Low Risk
WF-001294,2008-10-04 16:58:00,0,Pass,0.35995238095238097,0.35995238095238097,0.06106873473600118,0.048253794235900246,0.02577319587628866,Beta,0.048253794235900246,Engineering Review
WF-001141,2008-09-27 21:45:00,0,Pass,0.34869047619047616,0.34869047619047616,0.05914279723697146,0.04369677753974982,0.02531645569620253,Beta,0.04369677753974982,Engineering Review
WF-001476,2008-10-13 11:27:00,0,Pass,0.2374999999999999,0.2374999999999999,0.041919689517301774,0.013924206939933409,0.0,Beta,0.013924206939933409,Low Risk
WF-000099,2008-08-04 22:51:00,0,Pass,0.4010714285714286,0.4010714285714286,0.06916279690424942,0.068312854174202,0.0875,Beta,0.068312854174202,Engineering Review
WF-000923,2008-09-19 20:10:00,0,Pass,0.309547619047619,0.309547619047619,0.05307773153554861,0.03072414698279506,0.02072538860103627,Beta,0.03072414698279506,Low Risk
WF-001061,2008-09-24 12:35:00,0,Pass,0.36678571428571427,0.36678571428571427,0.062349615014636255,0.05121756721689124,0.02577319587628866,Beta,0.05121756721689124,Engineering Review
WF-000070,2008-08-01 14:07:00,0,Pass,0.46440476190476193,0.46440476190476193,0.08298360237545012,0.11027960287161,0.125,Beta,0.11027960287161,High Risk
WF-000249,2008-08-18 05:25:00,0,Pass,0.4742619047619049,0.4742619047619049,0.08711725383679357,0.12308296945016653,0.12087912087912088,Beta,0.12308296945016653,High Risk
WF-001021,2008-09-22 23:01:00,0,Pass,0.32935714285714285,0.32935714285714285,0.05634087189395992,0.036801419771126206,0.022443890274314215,Beta,0.036801419771126206,Engineering Review
WF-000618,2008-08-31 22:57:00,0,Pass,0.3963095238095236,0.3963095238095236,0.06817686535533198,0.0657023269348091,0.0875,Beta,0.0657023269348091,Engineering Review
WF-000474,2008-08-28 09:46:00,0,Pass,0.28695238095238096,0.28695238095238096,0.04957683738117425,0.0245048747799663,0.0,Beta,0.0245048747799663,Low Risk
WF-000674,2008-09-02 10:21:00,0,Pass,0.34097619047619054,0.34097619047619054,0.058012725715024506,0.04196903420994774,0.029914529914529916,Beta,0.04196903420994774,Engineering Review
WF-001413,2008-10-08 05:35:00,0,Pass,0.32523809523809527,0.32523809523809527,0.054950315009802075,0.034958749658223376,0.02531645569620253,Beta,0.034958749658223376,Low Risk
WF-000745,2008-09-07 18:24:00,0,Pass,0.2806428571428572,0.2806428571428572,0.04849134736782999,0.022518767340151832,0.0,Beta,0.022518767340151832,Low Risk
WF-000828,2008-09-13 12:48:00,0,Pass,0.32573809523809516,0.32573809523809516,0.0554701972486445,0.0366224257937736,0.029411764705882353,Beta,0.0366224257937736,Engineering Review
WF-000091,2008-08-04 16:31:00,0,Pass,0.4421666666666667,0.4421666666666667,0.07931283862033066,0.09616934640760065,0.10106382978723404,Beta,0.09616934640760065,High Risk
WF-000585,2008-08-30 14:23:00,0,Pass,0.37359523809523815,0.37359523809523815,0.064490492495995,0.05497401009864563,0.07563025210084033,Beta,0.05497401009864563,Engineering Review
WF-000898,2008-09-19 04:42:00,0,Pass,0.3910714285714285,0.3910714285714285,0.06716138646729328,0.06377721655650982,0.07792207792207792,Beta,0.06377721655650982,Engineering Review
WF-001363,2008-10-06 13:08:00,0,Pass,0.3364523809523809,0.3364523809523809,0.05755060243147231,0.03958676086843117,0.02072538860103627,Beta,0.03958676086843117,Engineering Review
WF-000272,2008-08-18 15:41:00,0,Pass,0.36700000000000005,0.36700000000000005,0.0632093472724007,0.05189891768779243,0.022443890274314215,Beta,0.05189891768779243,Engineering Review
WF-000082,2008-08-03 22:52:00,0,Pass,0.5328809523809525,0.5328809523809525,0.10242591680824585,0.1779243138902325,0.22077922077922077,Beta,0.1779243138902325,High Risk
WF-000885,2008-09-18 10:48:00,0,Pass,0.37797619047619047,0.37797619047619047,0.06515320990941185,0.05691202649811755,0.0847457627118644,Beta,0.05691202649811755,Engineering Review
WF-000431,2008-08-23 03:26:00,0,Pass,0.36704761904761896,0.36704761904761896,0.06239920370404994,0.05133392148382468,0.02577319587628866,Beta,0.05133392148382468,Engineering Review
WF-001125,2008-09-27 11:54:00,0,Pass,0.42473809523809525,0.42473809523809525,0.0748823283487832,0.08409298517028073,0.1111111111111111,Beta,0.08409298517028073,High Risk
WF-000318,2008-08-20 00:05:00,0,Pass,0.4280238095238095,0.4280238095238095,0.07555505018862775,0.0849632641610832,0.09502262443438914,Beta,0.0849632641610832,High Risk
WF-000301,2008-08-19 10:46:00,0,Pass,0.5842619047619046,0.5842619047619046,0.11851683384335963,0.25053777739784533,0.5,Beta,0.25053777739784533,High Risk
WF-000449,2008-08-24 13:03:00,1,Fail,0.5176904761904764,0.5176904761904764,0.09778578945193478,0.16274957370278176,0.21875,Beta,0.16274957370278176,High Risk
WF-000368,2008-08-21 15:50:00,0,Pass,0.4744285714285713,0.4744285714285713,0.08539315479062413,0.11826453870462048,0.125,Beta,0.11826453870462048,High Risk
WF-001295,2008-10-04 18:15:00,0,Pass,0.45992857142857135,0.45992857142857135,0.08296138622858697,0.10779471138485705,0.1,Beta,0.10779471138485705,High Risk
WF-000779,2008-09-10 23:43:00,0,Pass,0.3868809523809524,0.3868809523809524,0.06626305294586173,0.06076596858725972,0.0875,Beta,0.06076596858725972,Engineering Review
WF-000549,2008-08-29 22:45:00,0,Pass,0.3602142857142857,0.3602142857142857,0.061311074482066394,0.04856135174054918,0.02531645569620253,Beta,0.04856135174054918,Engineering Review
WF-000418,2008-08-22 12:37:00,0,Pass,0.4776428571428572,0.4776428571428572,0.08815087505357672,0.1253547054922896,0.12162162162162163,Beta,0.1253547054922896,High Risk
WF-001540,2008-10-15 19:24:00,0,Pass,0.30269047619047623,0.30269047619047623,0.05199132107356372,0.028725682271298455,0.02072538860103627,Beta,0.028725682271298455,Low Risk
WF-001358,2008-10-06 09:57:00,0,Pass,0.37140476190476185,0.37140476190476185,0.06406232675497604,0.053937392979951225,0.022443890274314215,Beta,0.053937392979951225,Engineering Review
WF-000932,2008-09-19 23:33:00,0,Pass,0.371952380952381,0.371952380952381,0.06416911927618989,0.05419510966750382,0.022443890274314215,Beta,0.05419510966750382,Engineering Review
WF-000296,2008-08-19 08:01:00,0,Pass,0.45945238095238106,0.45945238095238106,0.0832803304690359,0.11019167630394883,0.12087912087912088,Beta,0.11019167630394883,High Risk
WF-000524,2008-08-29 07:33:00,0,Pass,0.33983333333333343,0.33983333333333343,0.0578183022045626,0.041548917295980745,0.029914529914529916,Beta,0.041548917295980745,Engineering Review
WF-000356,2008-08-21 12:33:00,0,Pass,0.39033333333333325,0.39033333333333325,0.06759038780124037,0.06304588423204989,0.08695652173913043,Beta,0.06304588423204989,Engineering Review
WF-001217,2008-10-01 09:16:00,0,Pass,0.44357142857142867,0.44357142857142867,0.07856328778044899,0.09544997605526032,0.0875,Beta,0.09544997605526032,High Risk
WF-001482,2008-10-13 15:42:00,0,Pass,0.3498809523809523,0.3498809523809523,0.0595487473238039,0.04535294215420827,0.029914529914529916,Beta,0.04535294215420827,Engineering Review
WF-000672,2008-09-02 09:37:00,0,Pass,0.3090952380952381,0.3090952380952381,0.052813291396964834,0.03138155562556964,0.025423728813559324,Beta,0.03138155562556964,Low Risk
WF-000001,2008-07-19 11:55:00,0,Pass,0.4320952380952382,0.4320952380952382,0.07563257419147093,0.08735763689114012,0.07792207792207792,Beta,0.08735763689114012,High Risk
WF-001067,2008-09-24 16:26:00,0,Pass,0.36635714285714277,0.36635714285714277,0.06226854923208535,0.05102761386207546,0.02577319587628866,Beta,0.05102761386207546,Engineering Review
WF-001465,2008-10-11 23:16:00,0,Pass,0.3009761904761905,0.3009761904761905,0.05172302021292763,0.028241569766117653,0.02072538860103627,Beta,0.028241569766117653,Low Risk
WF-000457,2008-08-27 22:48:00,0,Pass,0.35547619047619045,0.35547619047619045,0.06053329977964766,0.04758198398995896,0.029914529914529916,Beta,0.04758198398995896,Engineering Review
WF-000237,2008-08-17 22:03:00,1,Fail,0.5861666666666667,0.5861666666666667,0.12092193274508375,0.2585607264162841,0.4,Beta,0.2585607264162841,High Risk
WF-000836,2008-09-14 15:46:00,0,Pass,0.3757380952380953,0.3757380952380953,0.06434954806204965,0.055765143406276724,0.04950495049504951,Beta,0.055765143406276724,Engineering Review
WF-000498,2008-08-28 21:52:00,0,Pass,0.40740476190476194,0.40740476190476194,0.07109658208130644,0.07234669369431795,0.09502262443438914,Beta,0.07234669369431795,Engineering Review
WF-000090,2008-08-04 16:15:00,0,Pass,0.349357142857143,0.349357142857143,0.05981952022610409,0.04446458522542687,0.02072538860103627,Beta,0.04446458522542687,Engineering Review
WF-001308,2008-10-05 04:20:00,0,Pass,0.39342857142857157,0.39342857142857157,0.06758671703750548,0.0641616414093336,0.0875,Beta,0.0641616414093336,Engineering Review
WF-001421,2008-10-08 10:37:00,0,Pass,0.34140476190476193,0.34140476190476193,0.05771507583484195,0.04087746851424578,0.02577319587628866,Beta,0.04087746851424578,Engineering Review
WF-000476,2008-08-28 10:15:00,0,Pass,0.3754523809523811,0.3754523809523811,0.06429237908110885,0.055625490065786855,0.04950495049504951,Beta,0.055625490065786855,Engineering Review
WF-001415,2008-10-08 06:25:00,0,Pass,0.28645238095238096,0.28645238095238096,0.04950189772217182,0.024378791909713492,0.0,Beta,0.024378791909713492,Low Risk
WF-000945,2008-09-20 11:18:00,0,Pass,0.3262857142857143,0.3262857142857143,0.05555972466042167,0.03680523217940796,0.029411764705882353,Beta,0.03680523217940796,Engineering Review
WF-000328,2008-08-20 09:17:00,1,Fail,0.43895238095238104,0.43895238095238104,0.0785533741692594,0.0938164567924562,0.10106382978723404,Beta,0.0938164567924562,High Risk
WF-001159,2008-09-28 19:18:00,0,Pass,0.31280952380952387,0.31280952380952387,0.05284352923861398,0.03090729334133791,0.02531645569620253,Beta,0.03090729334133791,Low Risk
WF-001468,2008-10-12 01:50:00,0,Pass,0.2948571428571429,0.2948571428571429,0.050045335052153084,0.0261468072901375,0.0,Beta,0.0261468072901375,Low Risk
WF-000639,2008-09-01 23:19:00,0,Pass,0.38878571428571423,0.38878571428571423,0.06728058315712523,0.06225095021026305,0.08695652173913043,Beta,0.06225095021026305,Engineering Review
WF-001182,2008-09-29 15:16:00,0,Pass,0.3248571428571427,0.3248571428571427,0.05532645976900917,0.03632976779690676,0.029411764705882353,Beta,0.03632976779690676,Engineering Review
WF-001080,2008-09-25 11:55:00,0,Pass,0.34957142857142853,0.34957142857142853,0.05930598512048869,0.0440547876984089,0.02531645569620253,Beta,0.0440547876984089,Engineering Review
WF-000886,2008-09-18 13:48:00,0,Pass,0.2885238095238094,0.2885238095238094,0.04969519578923356,0.025694264316926944,0.0,Beta,0.025694264316926944,Low Risk
WF-000037,2008-07-28 04:37:00,0,Pass,0.49483333333333346,0.49483333333333346,0.09049492211463228,0.1359046745665384,0.22535211267605634,Beta,0.1359046745665384,High Risk
WF-001559,2008-10-16 05:13:00,0,Pass,0.2874047619047619,0.2874047619047619,0.048910703692967725,0.024226803079474835,0.0,Beta,0.024226803079474835,Low Risk
WF-000763,2008-09-08 19:15:00,0,Pass,0.35016666666666657,0.35016666666666657,0.059598656883354806,0.045464814824403496,0.029914529914529916,Beta,0.045464814824403496,Engineering Review
WF-001522,2008-10-15 04:08:00,0,Pass,0.22697619047619047,0.22697619047619047,0.04131658789097333,0.012449284077640049,0.0,Beta,0.012449284077640049,Low Risk
WF-000579,2008-08-30 10:16:00,0,Pass,0.3742380952380951,0.3742380952380951,0.06404993823593404,0.055034992400806476,0.04950495049504951,Beta,0.055034992400806476,Engineering Review
WF-000725,2008-09-04 08:41:00,0,Pass,0.25759523809523804,0.25759523809523804,0.0453337944160588,0.01860727851985687,0.0,Beta,0.01860727851985687,Low Risk
WF-001256,2008-10-02 21:33:00,0,Pass,0.38002380952380965,0.38002380952380965,0.06490266386390822,0.057363110200564595,0.08571428571428572,Beta,0.057363110200564595,Engineering Review
WF-000927,2008-09-19 21:09:00,1,Fail,0.3872619047619048,0.3872619047619048,0.06722256677869294,0.06179714001608172,0.07563025210084033,Beta,0.06179714001608172,Engineering Review
WF-000299,2008-08-19 09:04:00,0,Pass,0.4017380952380953,0.4017380952380953,0.06975424529389852,0.06966487750106388,0.1111111111111111,Beta,0.06966487750106388,Engineering Review
WF-001498,2008-10-14 03:28:00,0,Pass,0.3052142857142858,0.3052142857142858,0.05166367877137416,0.02900244497893665,0.02577319587628866,Beta,0.02900244497893665,Low Risk
WF-001066,2008-09-24 15:43:00,0,Pass,0.4552142857142857,0.4552142857142857,0.0818268478599635,0.10415023723508446,0.09502262443438914,Beta,0.10415023723508446,High Risk
WF-000666,2008-09-02 06:48:00,0,Pass,0.2564047619047619,0.2564047619047619,0.04498337284509069,0.017204140294561476,0.0,Beta,0.017204140294561476,Low Risk
WF-000442,2008-08-23 15:29:00,1,Fail,0.2997857142857144,0.2997857142857144,0.05071781083682802,0.027054542423916195,0.02531645569620253,Beta,0.027054542423916195,Low Risk
WF-000258,2008-08-18 10:13:00,0,Pass,0.47188095238095246,0.47188095238095246,0.08665724769590058,0.12019459441471557,0.12162162162162163,Beta,0.12019459441471557,High Risk
WF-000103,2008-08-05 02:15:00,0,Pass,0.45523809523809516,0.45523809523809516,0.08221688154410123,0.10672348309832246,0.1111111111111111,Beta,0.10672348309832246,High Risk
WF-000199,2008-08-12 11:29:00,0,Pass,0.4030238095238094,0.4030238095238094,0.07003212746528452,0.07041625559686482,0.1111111111111111,Beta,0.07041625559686482,Engineering Review
WF-001325,2008-10-05 15:30:00,1,Fail,0.4099285714285715,0.4099285714285715,0.07103180801716556,0.073386313974816,0.0875,Beta,0.073386313974816,Engineering Review
WF-001108,2008-09-26 15:49:00,0,Pass,0.4118333333333334,0.4118333333333334,0.071439795402039,0.07451537310032161,0.0875,Beta,0.07451537310032161,Engineering Review
WF-001154,2008-09-28 17:06:00,0,Pass,0.4201428571428571,0.4201428571428571,0.07383081816111373,0.08103867316214727,0.1111111111111111,Beta,0.08103867316214727,High Risk
WF-000344,2008-08-20 23:18:00,0,Pass,0.42421428571428577,0.42421428571428577,0.07515562622380254,0.08360151029051886,0.10106382978723404,Beta,0.08360151029051886,High Risk
WF-001292,2008-10-04 09:29:00,0,Pass,0.28671428571428575,0.28671428571428575,0.04942942273498383,0.025233101378664288,0.0,Beta,0.025233101378664288,Low Risk
WF-000182,2008-08-10 06:41:00,0,Pass,0.3718809523809525,0.3718809523809525,0.06358174734782669,0.05390263957255142,0.02531645569620253,Beta,0.05390263957255142,Engineering Review
WF-001202,2008-09-30 17:27:00,0,Pass,0.3670714285714285,0.3670714285714285,0.06307063636565115,0.0518904531417027,0.02072538860103627,Beta,0.0518904531417027,Engineering Review
WF-000584,2008-08-30 14:10:00,1,Fail,0.3954285714285712,0.3954285714285712,0.06801754664445615,0.06601661676500005,0.07792207792207792,Beta,0.06601661676500005,Engineering Review
WF-000562,2008-08-30 04:20:00,0,Pass,0.348047619047619,0.348047619047619,0.059658762323764956,0.04379900152756954,0.022443890274314215,Beta,0.04379900152756954,Engineering Review
WF-000893,2008-09-18 23:05:00,0,Pass,0.3178333333333333,0.3178333333333333,0.05368577994360566,0.032499360297822404,0.02531645569620253,Beta,0.032499360297822404,Low Risk
WF-000510,2008-08-29 04:56:00,0,Pass,0.35083333333333333,0.35083333333333333,0.05939771013897745,0.04450860663165221,0.02577319587628866,Beta,0.04450860663165221,Engineering Review
WF-000245,2008-08-18 04:01:00,1,Fail,0.4287380952380953,0.4287380952380953,0.0751565096602308,0.08515247695549627,0.0875,Beta,0.08515247695549627,High Risk
WF-001262,2008-10-03 00:55:00,0,Pass,0.43049999999999994,0.43049999999999994,0.0762202458902726,0.08804938013290584,0.1111111111111111,Beta,0.08804938013290584,High Risk
WF-000586,2008-08-30 14:37:00,0,Pass,0.33619047619047615,0.33619047619047615,0.05750540140311801,0.03949216752953651,0.02072538860103627,Beta,0.03949216752953651,Engineering Review
WF-001153,2008-09-28 17:05:00,0,Pass,0.37321428571428555,0.37321428571428555,0.06423603385893188,0.05467531706754586,0.0847457627118644,Beta,0.05467531706754586,Engineering Review
WF-001236,2008-10-02 08:24:00,0,Pass,0.4535952380952382,0.4535952380952382,0.0814404797110044,0.10292103983839943,0.09502262443438914,Beta,0.10292103983839943,High Risk
WF-000895,2008-09-19 00:30:00,0,Pass,0.28547619047619055,0.28547619047619055,0.0486210750979314,0.023747615045619733,0.0,Beta,0.023747615045619733,Low Risk
WF-000157,2008-08-08 07:26:00,0,Pass,0.4840952380952382,0.4840952380952382,0.08900473204033255,0.12806808938317582,0.14814814814814814,Beta,0.12806808938317582,High Risk
WF-000997,2008-09-21 19:19:00,0,Pass,0.2852619047619048,0.2852619047619048,0.049188696931930474,0.023655222003426696,0.0,Beta,0.023655222003426696,Low Risk
WF-001079,2008-09-25 11:09:00,0,Pass,0.2801904761904763,0.2801904761904763,0.04848238654704074,0.023620404740021653,0.0,Beta,0.023620404740021653,Low Risk
WF-001307,2008-10-05 04:01:00,0,Pass,0.3292619047619048,0.3292619047619048,0.05561393784864352,0.03654269378740236,0.02577319587628866,Beta,0.03654269378740236,Engineering Review
WF-000065,2008-08-01 05:52:00,1,Fail,0.4577857142857143,0.4577857142857143,0.08244392394224345,0.1061260049493034,0.09502262443438914,Beta,0.1061260049493034,High Risk
WF-001000,2008-09-21 22:02:00,0,Pass,0.32802380952380955,0.32802380952380955,0.05543326389427557,0.03591978199792551,0.02531645569620253,Beta,0.03591978199792551,Engineering Review
WF-001082,2008-09-25 14:08:00,0,Pass,0.3164047619047619,0.3164047619047619,0.053965073488294095,0.03360950232511507,0.025423728813559324,Beta,0.03360950232511507,Low Risk
WF-000786,2008-09-11 09:24:00,0,Pass,0.26928571428571435,0.26928571428571435,0.046937730984558626,0.021093474585940027,0.0,Beta,0.021093474585940027,Low Risk
WF-000407,2008-08-22 06:00:00,1,Fail,0.5225952380952381,0.5225952380952381,0.10077346538041629,0.17345045884492483,0.2653061224489796,Beta,0.17345045884492483,High Risk
WF-000650,2008-09-02 01:10:00,0,Pass,0.4170238095238096,0.4170238095238096,0.07312485803703825,0.07901555143192385,0.1111111111111111,Beta,0.07901555143192385,Engineering Review
WF-000547,2008-08-29 21:54:00,0,Pass,0.3900714285714285,0.3900714285714285,0.06690500267012325,0.06240241083148305,0.0875,Beta,0.06240241083148305,Engineering Review
WF-000079,2008-08-03 17:00:00,0,Pass,0.5160714285714285,0.5160714285714285,0.09882494749808206,0.16586195627503575,0.2653061224489796,Beta,0.16586195627503575,High Risk
WF-000916,2008-09-19 17:47:00,0,Pass,0.2740714285714285,0.2740714285714285,0.04768015867043098,0.02140609152460452,0.0,Beta,0.02140609152460452,Low Risk
WF-000164,2008-08-08 22:25:00,0,Pass,0.5273571428571429,0.5273571428571429,0.1020312497712933,0.1774137865789841,0.2112676056338028,Beta,0.1774137865789841,High Risk
WF-000257,2008-08-18 08:31:00,0,Pass,0.47457142857142864,0.47457142857142864,0.08542794941248205,0.11838149796862264,0.125,Beta,0.11838149796862264,High Risk
WF-001351,2008-10-06 07:12:00,0,Pass,0.3929047619047619,0.3929047619047619,0.06752040324408794,0.0647122457477945,0.07792207792207792,Beta,0.0647122457477945,Engineering Review
WF-000315,2008-08-19 18:30:00,0,Pass,0.4713333333333333,0.4713333333333333,0.08464242028268916,0.11575241883270579,0.125,Beta,0.11575241883270579,High Risk
WF-001546,2008-10-16 02:16:00,0,Pass,0.2880952380952381,0.2880952380952381,0.04887888135427503,0.02391505586473509,0.0,Beta,0.02391505586473509,Low Risk
WF-001071,2008-09-25 02:03:00,0,Pass,0.33847619047619054,0.33847619047619054,0.05793741205992344,0.04009886373629472,0.022443890274314215,Beta,0.04009886373629472,Engineering Review
WF-000982,2008-09-21 09:31:00,0,Pass,0.3408333333333333,0.3408333333333333,0.0583116547013301,0.04119464145843568,0.02072538860103627,Beta,0.04119464145843568,Engineering Review
WF-000999,2008-09-21 21:54:00,0,Pass,0.3426190476190476,0.3426190476190476,0.05792924205200021,0.04133178573549055,0.02577319587628866,Beta,0.04133178573549055,Engineering Review
WF-000736,2008-09-05 21:48:00,0,Pass,0.3458333333333334,0.3458333333333334,0.059256329704494744,0.042920570081136575,0.022443890274314215,Beta,0.042920570081136575,Engineering Review
WF-001429,2008-10-08 17:31:00,0,Pass,0.34211904761904754,0.34211904761904754,0.057840965782514846,0.04114424420265887,0.02577319587628866,Beta,0.04114424420265887,Engineering Review
WF-001382,2008-10-06 22:37:00,0,Pass,0.2879047619047619,0.2879047619047619,0.049719877158180714,0.024746361147053836,0.0,Beta,0.024746361147053836,Low Risk
WF-000041,2008-07-28 15:11:00,1,Fail,0.5309523809523811,0.5309523809523811,0.1018629107799026,0.17570820881388713,0.22077922077922077,Beta,0.17570820881388713,High Risk
WF-001420,2008-10-08 09:06:00,0,Pass,0.32166666666666677,0.32166666666666677,0.05502668829522006,0.03418521663709652,0.022443890274314215,Beta,0.03418521663709652,Low Risk
WF-000093,2008-08-04 17:46:00,0,Pass,0.4375714285714286,0.4375714285714286,0.0771685728818369,0.09117174584178382,0.0875,Beta,0.09117174584178382,High Risk
WF-001239,2008-10-02 09:10:00,1,Fail,0.3743809523809525,0.3743809523809525,0.06445962361569108,0.05521694316881082,0.0847457627118644,Beta,0.05521694316881082,Engineering Review
WF-001076,2008-09-25 09:31:00,0,Pass,0.3115476190476192,0.3115476190476192,0.0526339372915809,0.030516862934341686,0.02531645569620253,Beta,0.030516862934341686,Low Risk
WF-000926,2008-09-19 21:08:00,0,Pass,0.33990476190476193,0.33990476190476193,0.05783043573497545,0.041575081626006934,0.029914529914529916,Beta,0.041575081626006934,Engineering Review
WF-000868,2008-09-16 19:45:00,0,Pass,0.3392142857142857,0.3392142857142857,0.0574138471205201,0.039985551991116385,0.02531645569620253,Beta,0.039985551991116385,Engineering Review
WF-000598,2008-08-30 20:53:00,0,Pass,0.35288095238095235,0.35288095238095235,0.05976915725860085,0.045329179872999024,0.02577319587628866,Beta,0.045329179872999024,Engineering Review
WF-001387,2008-10-07 07:32:00,0,Pass,0.2844285714285715,0.2844285714285715,0.04906218720524817,0.02344710209730514,0.0,Beta,0.02344710209730514,Low Risk
WF-001455,2008-10-10 21:16:00,0,Pass,0.27176190476190476,0.27176190476190476,0.047347455859753716,0.020882465286205527,0.0,Beta,0.020882465286205527,Low Risk
WF-001448,2008-10-10 10:53:00,0,Pass,0.3664523809523809,0.3664523809523809,0.06250907817697829,0.052194848785685526,0.029914529914529916,Beta,0.052194848785685526,Engineering Review
WF-000068,2008-08-01 11:28:00,0,Pass,0.5068571428571429,0.5068571428571429,0.0947349218378967,0.15108147057000312,0.21875,Beta,0.15108147057000312,High Risk
WF-000329,2008-08-20 10:26:00,0,Pass,0.34183333333333327,0.34183333333333327,0.058158945794451855,0.042286211191647556,0.029914529914529916,Beta,0.042286211191647556,Engineering Review
WF-001149,2008-09-28 07:52:00,0,Pass,0.3293095238095238,0.3293095238095238,0.05562203527549004,0.036558970737953375,0.02577319587628866,Beta,0.036558970737953375,Engineering Review
WF-000764,2008-09-08 19:25:00,0,Pass,0.3749523809523809,0.3749523809523809,0.0641924471670182,0.05538175084094762,0.04950495049504951,Beta,0.05538175084094762,Engineering Review
WF-000108,2008-08-05 03:54:00,0,Pass,0.39319047619047603,0.39319047619047603,0.0675381569883066,0.06403559943171377,0.0875,Beta,0.06403559943171377,Engineering Review
WF-000909,2008-09-19 10:45:00,0,Pass,0.27045238095238106,0.27045238095238106,0.047159791209525036,0.02058975291649381,0.0,Beta,0.02058975291649381,Low Risk
WF-000988,2008-09-21 14:31:00,0,Pass,0.32457142857142846,0.32457142857142846,0.05483532654331139,0.03473169775984857,0.02531645569620253,Beta,0.03473169775984857,Low Risk
WF-001025,2008-09-23 06:44:00,0,Pass,0.4107857142857143,0.4107857142857143,0.07217786796101336,0.0750758808413498,0.10106382978723404,Beta,0.0750758808413498,Engineering Review
WF-000555,2008-08-30 01:29:00,0,Pass,0.33664285714285713,0.33664285714285713,0.0575834968576912,0.03965566366028052,0.02072538860103627,Beta,0.03965566366028052,Engineering Review
WF-000347,2008-08-21 02:46:00,0,Pass,0.3237619047619048,0.3237619047619048,0.05539835896452604,0.035195986631592575,0.02072538860103627,Beta,0.035195986631592575,Engineering Review
WF-000530,2008-08-29 12:21:00,0,Pass,0.4414761904761905,0.4414761904761905,0.07770303011482185,0.09358948345524114,0.07792207792207792,Beta,0.09358948345524114,High Risk
WF-001552,2008-10-16 04:02:00,0,Pass,0.2633809523809524,0.2633809523809524,0.04612096339408415,0.019809755479569383,0.0,Beta,0.019809755479569383,Low Risk
WF-001289,2008-10-04 03:53:00,0,Pass,0.2362857142857143,0.2362857142857143,0.04225650957613225,0.01354440370057969,0.0,Beta,0.01354440370057969,Low Risk
WF-000874,2008-09-17 07:28:00,0,Pass,0.35319047619047617,0.35319047619047617,0.05998081451085635,0.045549319369467704,0.02531645569620253,Beta,0.045549319369467704,Engineering Review
WF-001224,2008-10-01 22:47:00,0,Pass,0.4618571428571428,0.4618571428571428,0.08389274739470136,0.11220979700017517,0.12087912087912088,Beta,0.11220979700017517,High Risk
WF-001489,2008-10-13 20:30:00,0,Pass,0.26709523809523805,0.26709523809523805,0.04663314431625004,0.020610483620709164,0.0,Beta,0.020610483620709164,Low Risk
WF-000969,2008-09-20 23:34:00,0,Pass,0.33164285714285713,0.33164285714285713,0.056020170964408096,0.037363382180135754,0.02577319587628866,Beta,0.037363382180135754,Engineering Review
WF-000642,2008-09-01 23:39:00,0,Pass,0.39692857142857135,0.39692857142857135,0.06831462426491694,0.06680137477479152,0.07792207792207792,Beta,0.06680137477479152,Engineering Review
WF-001001,2008-09-22 00:12:00,0,Pass,0.22290476190476194,0.22290476190476194,0.04006250330908835,0.011640271093202292,0.0,Beta,0.011640271093202292,Low Risk
WF-000238,2008-08-17 22:21:00,0,Pass,0.5762619047619049,0.5762619047619049,0.11754169061213128,0.24329630978519998,0.4,Beta,0.24329630978519998,High Risk
WF-001131,2008-09-27 14:01:00,0,Pass,0.3739761904761905,0.3739761904761905,0.06438196968777977,0.055028566944002516,0.0847457627118644,Beta,0.055028566944002516,Engineering Review
WF-001322,2008-10-05 12:17:00,0,Pass,0.43264285714285716,0.43264285714285716,0.07575203328249668,0.08771231403131341,0.07792207792207792,Beta,0.08771231403131341,High Risk
WF-001126,2008-09-27 12:26:00,0,Pass,0.313952380952381,0.313952380952381,0.05357602875519689,0.03284937879233625,0.025423728813559324,Beta,0.03284937879233625,Low Risk
WF-000507,2008-08-29 03:33:00,0,Pass,0.501142857142857,0.501142857142857,0.09448600058608625,0.1482215320150076,0.2112676056338028,Beta,0.1482215320150076,High Risk
WF-000383,2008-08-21 21:32:00,0,Pass,0.38166666666666677,0.38166666666666677,0.06587238565350804,0.058693396773284785,0.0847457627118644,Beta,0.058693396773284785,Engineering Review
WF-000366,2008-08-21 15:32:00,0,Pass,0.339738095238095,0.339738095238095,0.05750816519632058,0.040184133337200674,0.02531645569620253,Beta,0.040184133337200674,Engineering Review
WF-000335,2008-08-20 18:29:00,0,Pass,0.42114285714285715,0.42114285714285715,0.07403934666229497,0.08057666161846358,0.09502262443438914,Beta,0.08057666161846358,High Risk
WF-000137,2008-08-06 17:35:00,0,Pass,0.44523809523809527,0.44523809523809527,0.08004481259265929,0.0984608330913107,0.10106382978723404,Beta,0.0984608330913107,High Risk
WF-001088,2008-09-25 17:28:00,0,Pass,0.382904761904762,0.382904761904762,0.06547102140755795,0.058774017538618044,0.08571428571428572,Beta,0.058774017538618044,Engineering Review
WF-000253,2008-08-18 07:11:00,0,Pass,0.410047619047619,0.410047619047619,0.0715683344444505,0.07463363180237846,0.1111111111111111,Beta,0.07463363180237846,Engineering Review
WF-000281,2008-08-18 23:47:00,0,Pass,0.4459047619047618,0.4459047619047618,0.08020450323481285,0.09896383942613769,0.10106382978723404,Beta,0.09896383942613769,High Risk
WF-001373,2008-10-06 17:35:00,0,Pass,0.2743333333333333,0.2743333333333333,0.04771802776222703,0.021466071422660944,0.0,Beta,0.021466071422660944,Low Risk
WF-000599,2008-08-30 21:53:00,0,Pass,0.3548095238095238,0.3548095238095238,0.06041519696995235,0.04731213901187315,0.029914529914529916,Beta,0.04731213901187315,Engineering Review
WF-000617,2008-08-31 22:48:00,0,Pass,0.38957142857142857,0.38957142857142857,0.06680401848599549,0.0621436855888871,0.0875,Beta,0.0621436855888871,Engineering Review
WF-001460,2008-10-11 07:42:00,0,Pass,0.3511190476190476,0.3511190476190476,0.060135723318592904,0.04516440869963687,0.02072538860103627,Beta,0.04516440869963687,Engineering Review
WF-000174,2008-08-09 21:07:00,0,Pass,0.428904761904762,0.428904761904762,0.07622206532540335,0.08675234540903047,0.10106382978723404,Beta,0.08675234540903047,High Risk
WF-000824,2008-09-13 09:19:00,0,Pass,0.2996666666666666,0.2996666666666666,0.05142496629813865,0.027475770618531382,0.022443890274314215,Beta,0.027475770618531382,Low Risk
WF-000810,2008-09-12 15:40:00,0,Pass,0.4290714285714286,0.4290714285714286,0.07497606162219145,0.08541918818826619,0.07792207792207792,Beta,0.08541918818826619,High Risk
WF-001017,2008-09-22 21:30:00,0,Pass,0.27016666666666667,0.27016666666666667,0.04711894025154165,0.020526288354559847,0.0,Beta,0.020526288354559847,Low Risk
WF-001565,2008-10-17 05:26:00,0,Pass,0.2797857142857143,0.2797857142857143,0.04761042388431204,0.021855503697285696,0.0,Beta,0.021855503697285696,Low Risk
WF-000168,2008-08-09 09:16:00,1,Fail,0.6134285714285714,0.6134285714285714,0.1285141426630846,0.290538901899058,0.375,Beta,0.290538901899058,High Risk
WF-000357,2008-08-21 12:43:00,0,Pass,0.4213809523809524,0.4213809523809524,0.07451809009450358,0.08174230078918131,0.10106382978723404,Beta,0.08174230078918131,High Risk
WF-000263,2008-08-18 12:49:00,0,Pass,0.5460714285714285,0.5460714285714285,0.10806992908158249,0.20294331642565752,0.2653061224489796,Beta,0.20294331642565752,High Risk
WF-001008,2008-09-22 10:43:00,0,Pass,0.3608333333333333,0.3608333333333333,0.061232473773356895,0.04862818006650206,0.02577319587628866,Beta,0.04862818006650206,Engineering Review
WF-000250,2008-08-18 06:07:00,0,Pass,0.43350000000000005,0.43350000000000005,0.0769254990924001,0.09016624100689698,0.1111111111111111,Beta,0.09016624100689698,High Risk
WF-000591,2008-08-30 15:57:00,0,Pass,0.38114285714285706,0.38114285714285706,0.06524770117328704,0.058892067650416074,0.07792207792207792,Beta,0.058892067650416074,Engineering Review
WF-000634,2008-09-01 16:20:00,0,Pass,0.33245238095238094,0.33245238095238094,0.05687808592217084,0.03789643516765528,0.022443890274314215,Beta,0.03789643516765528,Engineering Review
WF-001452,2008-10-10 20:02:00,0,Pass,0.2878095238095239,0.2878095238095239,0.049705555598868974,0.02472213391123757,0.0,Beta,0.02472213391123757,Low Risk
WF-000128,2008-08-05 23:38:00,0,Pass,0.5160714285714286,0.5160714285714286,0.09732433083022453,0.16096224037159232,0.21875,Beta,0.16096224037159232,High Risk
WF-001253,2008-10-02 19:25:00,0,Pass,0.47978571428571426,0.47978571428571426,0.08858888933054945,0.12818097950132443,0.12087912087912088,Beta,0.12818097950132443,High Risk
WF-001392,2008-10-07 09:20:00,0,Pass,0.2876904761904762,0.2876904761904762,0.04957263248798544,0.025481129914912862,0.0,Beta,0.025481129914912862,Low Risk
WF-001469,2008-10-12 02:59:00,0,Pass,0.23469047619047614,0.23469047619047614,0.042047188169731686,0.013280791979337242,0.0,Beta,0.013280791979337242,Low Risk
WF-000553,2008-08-30 00:05:00,0,Pass,0.3993809523809524,0.3993809523809524,0.06942817480060168,0.06785162973665602,0.09502262443438914,Beta,0.06785162973665602,Engineering Review
WF-000412,2008-08-22 09:29:00,0,Pass,0.41257142857142876,0.41257142857142876,0.07256748222762234,0.07616837791987524,0.10106382978723404,Beta,0.07616837791987524,Engineering Review
WF-000568,2008-08-30 05:51:00,0,Pass,0.4684523809523809,0.4684523809523809,0.08577938327937404,0.117204161495664,0.12162162162162163,Beta,0.117204161495664,High Risk
WF-001147,2008-09-28 06:22:00,0,Pass,0.4209047619047619,0.4209047619047619,0.07400421717651992,0.08153898050297936,0.1111111111111111,Beta,0.08153898050297936,High Risk
WF-000302,2008-08-19 11:11:00,0,Pass,0.4777619047619046,0.4777619047619046,0.08804712536916239,0.12629447580317033,0.12087912087912088,Beta,0.12629447580317033,High Risk
WF-000557,2008-08-30 02:22:00,0,Pass,0.3055238095238095,0.3055238095238095,0.05225900848045896,0.03033362392567824,0.025423728813559324,Beta,0.03033362392567824,Low Risk
WF-001471,2008-10-12 03:28:00,0,Pass,0.3660238095238094,0.3660238095238094,0.06243214299344669,0.05116711658383606,0.02531645569620253,Beta,0.05116711658383606,Engineering Review
WF-000066,2008-08-01 10:20:00,0,Pass,0.43633333333333335,0.43633333333333335,0.07742338874810904,0.0905061859911678,0.09502262443438914,Beta,0.0905061859911678,High Risk
WF-000850,2008-09-15 12:27:00,0,Pass,0.31821428571428584,0.31821428571428584,0.05448150151854286,0.03339638726013457,0.02072538860103627,Beta,0.03339638726013457,Low Risk
WF-001342,2008-10-06 03:31:00,0,Pass,0.2925238095238095,0.2925238095238095,0.04968742746023908,0.025533822891455258,0.0,Beta,0.025533822891455258,Low Risk
WF-001043,2008-09-23 20:18:00,0,Pass,0.33242857142857135,0.33242857142857135,0.056859818234189896,0.03815223505397392,0.02072538860103627,Beta,0.03815223505397392,Engineering Review
WF-000040,2008-07-28 08:36:00,0,Pass,0.32035714285714284,0.32035714285714284,0.05480580661925728,0.033754252021516246,0.022443890274314215,Beta,0.033754252021516246,Low Risk
WF-001041,2008-09-23 18:36:00,0,Pass,0.34054761904761904,0.34054761904761904,0.057654215704626824,0.040492519859344905,0.02531645569620253,Beta,0.040492519859344905,Engineering Review
WF-000566,2008-08-30 05:05:00,0,Pass,0.3907619047619047,0.3907619047619047,0.06704468999405801,0.06276109304370048,0.0875,Beta,0.06276109304370048,Engineering Review
WF-000833,2008-09-14 02:50:00,0,Pass,0.3836190476190476,0.3836190476190476,0.06594523486550855,0.059726014528335716,0.04950495049504951,Beta,0.059726014528335716,Engineering Review
WF-000834,2008-09-14 02:59:00,0,Pass,0.35283333333333344,0.35283333333333344,0.05991390109085273,0.045400118461601996,0.02531645569620253,Beta,0.045400118461601996,Engineering Review
WF-000905,2008-09-19 08:08:00,0,Pass,0.41285714285714287,0.41285714285714287,0.07263000012957509,0.07634433013512264,0.10106382978723404,Beta,0.07634433013512264,Engineering Review
WF-001216,2008-10-01 09:15:00,0,Pass,0.3672380952380953,0.3672380952380953,0.062435291326197545,0.05141867241399149,0.02577319587628866,Beta,0.05141867241399149,Engineering Review
WF-001016,2008-09-22 16:25:00,0,Pass,0.32878571428571424,0.32878571428571424,0.05553302457594291,0.03638022980418172,0.02577319587628866,Beta,0.03638022980418172,Engineering Review
WF-000826,2008-09-13 11:42:00,0,Pass,0.40097619047619054,0.40097619047619054,0.0697569643451456,0.06872756316062632,0.09502262443438914,Beta,0.06872756316062632,Engineering Review
WF-001261,2008-10-03 00:24:00,0,Pass,0.3420238095238096,0.3420238095238096,0.05782416557656851,0.04110859665128458,0.02577319587628866,Beta,0.04110859665128458,Engineering Review
WF-000179,2008-08-10 00:09:00,0,Pass,0.42130952380952374,0.42130952380952374,0.0745020821927109,0.08169585404146391,0.10106382978723404,Beta,0.08169585404146391,High Risk
WF-000212,2008-08-15 23:31:00,0,Pass,0.4161666666666665,0.4161666666666665,0.07296069839184884,0.07751577863920031,0.09502262443438914,Beta,0.07751577863920031,Engineering Review
WF-000540,2008-08-29 15:01:00,0,Pass,0.36266666666666664,0.36266666666666664,0.061574544457651835,0.049414564124933696,0.02577319587628866,Beta,0.049414564124933696,Engineering Review
WF-000484,2008-08-28 16:43:00,0,Pass,0.4554285714285717,0.4554285714285717,0.0822646791060293,0.10687837153785341,0.1111111111111111,Beta,0.10687837153785341,High Risk
WF-000744,2008-09-07 18:02:00,0,Pass,0.2868571428571428,0.2868571428571428,0.04956255487483285,0.024480822041759057,0.0,Beta,0.024480822041759057,Low Risk
WF-000478,2008-08-28 10:32:00,0,Pass,0.34076190476190465,0.34076190476190465,0.05834419523294453,0.040959758992272687,0.022443890274314215,Beta,0.040959758992272687,Engineering Review
WF-000219,2008-08-16 09:44:00,1,Fail,0.5220238095238094,0.5220238095238094,0.09771920610320008,0.16250639691932858,0.22535211267605634,Beta,0.16250639691932858,High Risk
WF-000964,2008-09-20 18:03:00,0,Pass,0.3003809523809524,0.3003809523809524,0.0514704905796547,0.028870209429302948,0.025423728813559324,Beta,0.028870209429302948,Low Risk
WF-000054,2008-07-29 23:19:00,0,Pass,0.3940476190476191,0.3940476190476191,0.0681132935436308,0.06530032525526272,0.04950495049504951,Beta,0.06530032525526272,Engineering Review
WF-000471,2008-08-28 07:40:00,0,Pass,0.46366666666666667,0.46366666666666667,0.0843562704654783,0.11374732757442424,0.12087912087912088,Beta,0.11374732757442424,High Risk
WF-000842,2008-09-14 20:00:00,0,Pass,0.3511666666666665,0.3511666666666665,0.05960256162078627,0.04470882504423329,0.02531645569620253,Beta,0.04470882504423329,Engineering Review
WF-000358,2008-08-21 12:52:00,0,Pass,0.47150000000000003,0.47150000000000003,0.08638975801778048,0.12059390059308082,0.12087912087912088,Beta,0.12059390059308082,High Risk
WF-000359,2008-08-21 13:11:00,0,Pass,0.4233333333333334,0.4233333333333334,0.07495686573568493,0.08301991023549135,0.10106382978723404,Beta,0.08301991023549135,High Risk
WF-000807,2008-09-12 11:57:00,0,Pass,0.32628571428571435,0.32628571428571435,0.05555972466042167,0.03680523217940796,0.029411764705882353,Beta,0.03680523217940796,Engineering Review
WF-000490,2008-08-28 18:10:00,0,Pass,0.32561904761904764,0.32561904761904764,0.05569844315476946,0.035511388837414094,0.022443890274314215,Beta,0.035511388837414094,Engineering Review
WF-000740,2008-09-07 10:52:00,0,Pass,0.317547619047619,0.317547619047619,0.054372288485361915,0.03318487208300446,0.02072538860103627,Beta,0.03318487208300446,Low Risk
WF-000102,2008-08-05 01:12:00,0,Pass,0.42028571428571426,0.42028571428571426,0.07386330197055622,0.08113229713596712,0.1111111111111111,Beta,0.08113229713596712,High Risk
WF-001333,2008-10-05 20:12:00,0,Pass,0.3172142857142858,0.3172142857142858,0.05409407981368764,0.033863256872302294,0.025423728813559324,Beta,0.033863256872302294,Low Risk
WF-001510,2008-10-14 21:36:00,0,Pass,0.318547619047619,0.318547619047619,0.053806554659169684,0.032730680438355815,0.02531645569620253,Beta,0.032730680438355815,Low Risk
WF-001488,2008-10-13 20:10:00,0,Pass,0.31578571428571417,0.31578571428571417,0.05404125948794476,0.03228208892160654,0.022443890274314215,Beta,0.03228208892160654,Low Risk
WF-000426,2008-08-22 23:46:00,0,Pass,0.34807142857142864,0.34807142857142864,0.05890011366006579,0.04342008975715379,0.02577319587628866,Beta,0.04342008975715379,Engineering Review
WF-000053,2008-07-29 23:14:00,0,Pass,0.4881666666666667,0.4881666666666667,0.08879857829604937,0.129930796745423,0.16666666666666666,Beta,0.129930796745423,High Risk
WF-000268,2008-08-18 15:00:00,0,Pass,0.5316190476190478,0.5316190476190478,0.1003889871326229,0.1727931589654467,0.22535211267605634,Beta,0.1727931589654467,High Risk
WF-001204,2008-09-30 19:17:00,0,Pass,0.41147619047619033,0.41147619047619033,0.07195725468684264,0.07471417446501581,0.09502262443438914,Beta,0.07471417446501581,Engineering Review
WF-000086,2008-08-04 13:19:00,0,Pass,0.44797619047619064,0.44797619047619064,0.08011242239261451,0.0987425688036594,0.09502262443438914,Beta,0.0987425688036594,High Risk
WF-001514,2008-10-15 00:47:00,0,Pass,0.330404761904762,0.330404761904762,0.05652216190571307,0.037169294609535455,0.022443890274314215,Beta,0.037169294609535455,Engineering Review
WF-000173,2008-08-09 20:04:00,0,Pass,0.5677142857142856,0.5677142857142856,0.11469074086435019,0.2306543024671739,0.2112676056338028,Beta,0.2306543024671739,High Risk
WF-000875,2008-09-17 21:52:00,0,Pass,0.37188095238095237,0.37188095238095237,0.0635083546414595,0.054598057986053355,0.029914529914529916,Beta,0.054598057986053355,Engineering Review
WF-000043,2008-07-29 04:08:00,0,Pass,0.4085238095238094,0.4085238095238094,0.07073229712974431,0.0725623557200363,0.0875,Beta,0.0725623557200363,Engineering Review
WF-000984,2008-09-21 10:49:00,0,Pass,0.28926190476190466,0.28926190476190466,0.04992438472956316,0.025093505123345367,0.0,Beta,0.025093505123345367,Low Risk
WF-001247,2008-10-02 15:58:00,0,Pass,0.40509523809523823,0.40509523809523823,0.07048198032891206,0.0716401214639969,0.1111111111111111,Beta,0.0716401214639969,Engineering Review
WF-000487,2008-08-28 17:27:00,0,Pass,0.37190476190476196,0.37190476190476196,0.06358646056143616,0.05391398625978676,0.02531645569620253,Beta,0.05391398625978676,Engineering Review
WF-001014,2008-09-22 14:27:00,0,Pass,0.28647619047619044,0.28647619047619044,0.04862924293605906,0.023502849559678504,0.0,Beta,0.023502849559678504,Low Risk
WF-000778,2008-09-10 23:30:00,0,Pass,0.3183095238095239,0.3183095238095239,0.0542690806281409,0.0342088320954417,0.025423728813559324,Beta,0.0342088320954417,Low Risk
WF-000004,2008-07-19 14:43:00,0,Pass,0.40769047619047616,0.40769047619047616,0.07104935767145122,0.07319687865849571,0.1111111111111111,Beta,0.07319687865849571,Engineering Review
WF-000374,2008-08-21 18:05:00,1,Fail,0.3732857142857142,0.3732857142857142,0.06442982956399154,0.054826599141795836,0.07563025210084033,Beta,0.054826599141795836,Engineering Review
WF-001557,2008-10-16 04:54:00,0,Pass,0.3268095238095238,0.3268095238095238,0.05519841715230972,0.035711913063339984,0.02577319587628866,Beta,0.035711913063339984,Engineering Review
WF-000523,2008-08-29 07:24:00,0,Pass,0.4326666666666667,0.4326666666666667,0.07575723108335973,0.08772776008441903,0.07792207792207792,Beta,0.08772776008441903,High Risk
WF-001393,2008-10-07 09:59:00,0,Pass,0.22004761904761905,0.22004761904761905,0.03970828619154658,0.011226783320229004,0.0,Beta,0.011226783320229004,Low Risk
WF-000130,2008-08-06 02:20:00,0,Pass,0.46147619047619043,0.46147619047619043,0.08401801583012188,0.11129994165836644,0.12162162162162163,Beta,0.11129994165836644,High Risk
WF-001328,2008-10-05 16:37:00,1,Fail,0.42726190476190473,0.42726190476190473,0.07458569650228203,0.08427523410927301,0.07792207792207792,Beta,0.08427523410927301,High Risk
WF-000942,2008-09-20 07:21:00,0,Pass,0.40369047619047616,0.40369047619047616,0.07031970909566743,0.07023807994908948,0.09502262443438914,Beta,0.07023807994908948,Engineering Review
WF-000527,2008-08-29 08:20:00,0,Pass,0.4124761904761905,0.4124761904761905,0.07157797867566124,0.07489952340980384,0.0875,Beta,0.07489952340980384,Engineering Review
WF-000348,2008-08-21 04:22:00,0,Pass,0.4799285714285714,0.4799285714285714,0.08674205805260184,0.12283284243674195,0.125,Beta,0.12283284243674195,High Risk
WF-001115,2008-09-26 20:23:00,0,Pass,0.3978333333333334,0.3978333333333334,0.0691105709094406,0.06701013489362459,0.09502262443438914,Beta,0.06701013489362459,Engineering Review
WF-000587,2008-08-30 15:06:00,0,Pass,0.2508333333333333,0.2508333333333333,0.04343099077549505,0.015693481761817018,0.0,Beta,0.015693481761817018,Low Risk
WF-001507,2008-10-14 20:01:00,0,Pass,0.33130952380952394,0.33130952380952394,0.05667917173773959,0.03748926100204026,0.022443890274314215,Beta,0.03748926100204026,Engineering Review
WF-001218,2008-10-01 14:22:00,0,Pass,0.4921190476190476,0.4921190476190476,0.0920065061878355,0.13908619804659011,0.12162162162162163,Beta,0.13908619804659011,High Risk
WF-000181,2008-08-10 06:00:00,1,Fail,0.5299999999999998,0.5299999999999998,0.10135842934072378,0.17685169605100526,0.21875,Beta,0.17685169605100526,High Risk
WF-000781,2008-09-11 05:20:00,0,Pass,0.34021428571428575,0.34021428571428575,0.05824649339536085,0.04075222257627443,0.022443890274314215,Beta,0.04075222257627443,Engineering Review
WF-000665,2008-09-02 06:32:00,0,Pass,0.3132619047619048,0.3132619047619048,0.053623485102752055,0.031490509289876095,0.022443890274314215,Beta,0.031490509289876095,Low Risk
WF-000676,2008-09-02 10:33:00,0,Pass,0.260642857142857,0.260642857142857,0.04577633838137233,0.018491104222679473,0.0,Beta,0.018491104222679473,Low Risk
WF-001320,2008-10-05 11:30:00,0,Pass,0.38314285714285723,0.38314285714285723,0.0658477836823053,0.05948064967292809,0.04950495049504951,Beta,0.05948064967292809,Engineering Review
WF-001287,2008-10-04 01:49:00,0,Pass,0.3474761904761905,0.3474761904761905,0.05879338604792587,0.043188222242519926,0.02577319587628866,Beta,0.043188222242519926,Engineering Review
WF-000209,2008-08-15 19:19:00,0,Pass,0.5033333333333333,0.5033333333333333,0.0937610681706711,0.14743161144791048,0.21875,Beta,0.14743161144791048,High Risk
WF-000928,2008-09-19 21:13:00,0,Pass,0.2239285714285714,0.2239285714285714,0.04066074747570214,0.011597791088266616,0.0,Beta,0.011597791088266616,Low Risk
WF-000017,2008-07-22 02:59:00,0,Pass,0.3642857142857144,0.3642857142857144,0.06254866628009582,0.05066403328918489,0.02072538860103627,Beta,0.05066403328918489,Engineering Review
WF-000126,2008-08-05 23:02:00,0,Pass,0.5527380952380953,0.5527380952380953,0.10838472101792869,0.20199495641340817,0.22077922077922077,Beta,0.20199495641340817,High Risk
WF-000015,2008-07-21 11:53:00,1,Fail,0.5101904761904761,0.5101904761904761,0.0956644600705839,0.15459919613557302,0.21875,Beta,0.15459919613557302,High Risk
WF-001267,2008-10-03 05:01:00,0,Pass,0.35238095238095235,0.35238095238095235,0.06036315391421713,0.04567076788816764,0.02072538860103627,Beta,0.04567076788816764,Engineering Review
WF-000110,2008-08-05 04:35:00,0,Pass,0.455547619047619,0.455547619047619,0.08254704247793913,0.10646842581210633,0.10106382978723404,Beta,0.10646842581210633,High Risk
WF-001377,2008-10-06 20:02:00,0,Pass,0.3591190476190476,0.3591190476190476,0.06159122668714577,0.04844827099385504,0.02072538860103627,Beta,0.04844827099385504,Engineering Review
WF-000640,2008-09-01 23:24:00,0,Pass,0.3466190476190477,0.3466190476190477,0.05939883638086918,0.04323070347079101,0.022443890274314215,Beta,0.04323070347079101,Engineering Review
WF-001199,2008-09-30 15:26:00,0,Pass,0.2968571428571428,0.2968571428571428,0.05098138222896064,0.026696702971419673,0.0,Beta,0.026696702971419673,Low Risk
WF-000340,2008-08-20 21:41:00,0,Pass,0.29192857142857137,0.29192857142857137,0.05021196568807161,0.025370229481772855,0.0,Beta,0.025370229481772855,Low Risk
WF-000073,2008-08-03 13:09:00,0,Pass,0.48066666666666663,0.48066666666666663,0.08812378121141426,0.12502440158346548,0.14814814814814814,Beta,0.12502440158346548,High Risk
WF-001044,2008-09-23 20:59:00,0,Pass,0.33576190476190476,0.33576190476190476,0.05679583056103485,0.03869548132708111,0.02531645569620253,Beta,0.03869548132708111,Engineering Review
WF-000978,2008-09-21 07:55:00,0,Pass,0.30319047619047623,0.30319047619047623,0.05206982295293399,0.02886803662085173,0.02072538860103627,Beta,0.02886803662085173,Low Risk
WF-000290,2008-08-19 05:53:00,0,Pass,0.4451904761904762,0.4451904761904762,0.07973114933379219,0.09879868079983105,0.1111111111111111,Beta,0.09879868079983105,High Risk
WF-000127,2008-08-05 23:06:00,0,Pass,0.45676190476190476,0.45676190476190476,0.08284640497444032,0.10744431451941158,0.10106382978723404,Beta,0.10744431451941158,High Risk
WF-000632,2008-09-01 10:57:00,0,Pass,0.296595238095238,0.296595238095238,0.05104329817242342,0.027031919371884202,0.0,Beta,0.027031919371884202,Low Risk
WF-000339,2008-08-20 21:33:00,0,Pass,0.324452380952381,0.324452380952381,0.0548148167543876,0.03469127141738802,0.02531645569620253,Beta,0.03469127141738802,Low Risk
WF-000319,2008-08-20 01:33:00,0,Pass,0.40952380952380957,0.40952380952380957,0.07145270476954727,0.0743124629213245,0.1111111111111111,Beta,0.0743124629213245,Engineering Review
WF-001081,2008-09-25 13:42:00,0,Pass,0.36999999999999994,0.36999999999999994,0.06321043092946814,0.053012091175309056,0.02531645569620253,Beta,0.053012091175309056,Engineering Review
WF-001279,2008-10-03 20:35:00,0,Pass,0.38040476190476186,0.38040476190476186,0.06562564760582533,0.05807952001074893,0.0847457627118644,Beta,0.05807952001074893,Engineering Review
WF-000651,2008-09-02 01:36:00,0,Pass,0.4028571428571429,0.4028571428571429,0.0701464916355605,0.06977161372995776,0.09502262443438914,Beta,0.06977161372995776,Engineering Review
WF-000396,2008-08-22 01:54:00,0,Pass,0.3702857142857143,0.3702857142857143,0.06301534863961016,0.05278962713010075,0.02577319587628866,Beta,0.05278962713010075,Engineering Review
WF-000072,2008-08-02 03:39:00,0,Pass,0.41876190476190484,0.41876190476190484,0.07277690348496714,0.0790595543999361,0.07792207792207792,Beta,0.0790595543999361,Engineering Review
WF-000170,2008-08-09 11:42:00,1,Fail,0.5876190476190477,0.5876190476190477,0.12212308873715864,0.26394275303194215,0.3076923076923077,Beta,0.26394275303194215,High Risk
WF-000230,2008-08-17 04:19:00,0,Pass,0.5629761904761904,0.5629761904761904,0.10957016337585121,0.2099071551185197,0.22535211267605634,Beta,0.2099071551185197,High Risk
WF-000417,2008-08-22 12:13:00,0,Pass,0.37809523809523804,0.37809523809523804,0.06537846450635583,0.057152202708837536,0.07563025210084033,Beta,0.057152202708837536,Engineering Review
WF-000466,2008-08-28 04:54:00,0,Pass,0.3601666666666667,0.3601666666666667,0.06110852543312129,0.04834465365668785,0.02577319587628866,Beta,0.04834465365668785,Engineering Review
WF-000415,2008-08-22 10:47:00,0,Pass,0.37323809523809537,0.37323809523809537,0.06424058968656578,0.05468632967012853,0.0847457627118644,Beta,0.05468632967012853,Engineering Review
WF-001508,2008-10-14 20:30:00,0,Pass,0.37254761904761907,0.37254761904761907,0.06344910564114631,0.05382549093623989,0.02577319587628866,Beta,0.05382549093623989,Engineering Review
WF-000062,2008-07-31 17:07:00,0,Pass,0.5031666666666668,0.5031666666666668,0.09265635420930739,0.1436692625798936,0.22535211267605634,Beta,0.1436692625798936,High Risk
WF-000286,2008-08-19 05:11:00,0,Pass,0.4274047619047619,0.4274047619047619,0.0746164467390102,0.08436511192428342,0.07792207792207792,Beta,0.08436511192428342,High Risk
WF-000305,2008-08-19 11:28:00,0,Pass,0.5303333333333332,0.5303333333333332,0.10145676596829867,0.17724637444371702,0.21875,Beta,0.17724637444371702,High Risk
WF-000738,2008-09-07 00:12:00,0,Pass,0.3963333333333333,0.3963333333333333,0.0681965926910343,0.06648910910867988,0.07792207792207792,Beta,0.06648910910867988,Engineering Review
WF-000206,2008-08-15 10:14:00,0,Pass,0.4092619047619047,0.4092619047619047,0.0708032034631599,0.07352966261426054,0.07792207792207792,Beta,0.07352966261426054,Engineering Review
WF-001518,2008-10-15 02:40:00,0,Pass,0.3029761904761905,0.3029761904761905,0.051309828762227686,0.028366362926039362,0.02577319587628866,Beta,0.028366362926039362,Low Risk
WF-001148,2008-09-28 07:38:00,0,Pass,0.45042857142857146,0.45042857142857146,0.0810183446070613,0.10287037506015047,0.1111111111111111,Beta,0.10287037506015047,High Risk
WF-000805,2008-09-12 07:29:00,0,Pass,0.31283333333333335,0.31283333333333335,0.05288564449127592,0.031249089964709712,0.02577319587628866,Beta,0.031249089964709712,Low Risk
WF-000813,2008-09-12 18:52:00,0,Pass,0.30452380952380953,0.30452380952380953,0.052104796875007554,0.030044888059187976,0.025423728813559324,Beta,0.030044888059187976,Low Risk
WF-001423,2008-10-08 13:35:00,0,Pass,0.27442857142857136,0.27442857142857136,0.04766029705794868,0.022259469364778007,0.0,Beta,0.022259469364778007,Low Risk
WF-000395,2008-08-22 01:27:00,0,Pass,0.3859047619047618,0.3859047619047618,0.06641486890911322,0.06091476187497628,0.04950495049504951,Beta,0.06091476187497628,Engineering Review
WF-000897,2008-09-19 02:44:00,0,Pass,0.3393333333333333,0.3393333333333333,0.05805002005397085,0.04063865046893495,0.02072538860103627,Beta,0.04063865046893495,Engineering Review
WF-000776,2008-09-10 20:53:00,0,Pass,0.38526190476190475,0.38526190476190475,0.06603539369411632,0.06088259582726604,0.07792207792207792,Beta,0.06088259582726604,Engineering Review
WF-001189,2008-09-30 01:36:00,0,Pass,0.3999047619047618,0.3999047619047618,0.06935976974338909,0.06860432289396202,0.1111111111111111,Beta,0.06860432289396202,Engineering Review
WF-000499,2008-08-28 22:57:00,0,Pass,0.3849761904761904,0.3849761904761904,0.06652359261733291,0.060327156462084364,0.08695652173913043,Beta,0.060327156462084364,Engineering Review
WF-000300,2008-08-19 09:05:00,0,Pass,0.3944761904761905,0.3944761904761905,0.06870772016496317,0.06565590709132099,0.07563025210084033,Beta,0.06565590709132099,Engineering Review
WF-000380,2008-08-21 20:19:00,0,Pass,0.5047619047619045,0.5047619047619045,0.09448497425771665,0.14765402912744416,0.22077922077922077,Beta,0.14765402912744416,High Risk
WF-000277,2008-08-18 19:24:00,0,Pass,0.42064285714285715,0.42064285714285715,0.07435282752191323,0.08126335123302282,0.10106382978723404,Beta,0.08126335123302282,High Risk
WF-000758,2008-09-08 06:37:00,0,Pass,0.3568095238095237,0.3568095238095237,0.06066282745150512,0.047082671829210734,0.02531645569620253,Beta,0.047082671829210734,Engineering Review
WF-000906,2008-09-19 08:52:00,0,Pass,0.3246428571428571,0.3246428571428571,0.054847635886283955,0.034755970802820016,0.02531645569620253,Beta,0.034755970802820016,Low Risk
WF-000320,2008-08-20 01:42:00,0,Pass,0.36207142857142866,0.36207142857142866,0.06226749347035335,0.04968947070988648,0.022443890274314215,Beta,0.04968947070988648,Engineering Review
WF-000403,2008-08-22 04:57:00,0,Pass,0.44685714285714295,0.44685714285714295,0.08043313719758993,0.09968592687687784,0.10106382978723404,Beta,0.09968592687687784,High Risk
WF-001403,2008-10-07 14:35:00,0,Pass,0.3687857142857143,0.3687857142857143,0.06339386519344553,0.0526564059919854,0.02072538860103627,Beta,0.0526564059919854,Engineering Review
WF-000963,2008-09-20 17:29:00,0,Pass,0.28590476190476194,0.28590476190476194,0.049286501445667305,0.023816710494539935,0.0,Beta,0.023816710494539935,Low Risk
WF-001408,2008-10-07 19:24:00,0,Pass,0.2998095238095238,0.2998095238095238,0.0514476186765398,0.027515835488227326,0.022443890274314215,Beta,0.027515835488227326,Low Risk
WF-001103,2008-09-26 13:45:00,0,Pass,0.3421666666666668,0.3421666666666668,0.05854514709577189,0.04169368164095988,0.02072538860103627,Beta,0.04169368164095988,Engineering Review
WF-000350,2008-08-21 05:06:00,0,Pass,0.46940476190476194,0.46940476190476194,0.08602242293346156,0.11802891121615885,0.12162162162162163,Beta,0.11802891121615885,High Risk
WF-000341,2008-08-20 21:58:00,0,Pass,0.36630952380952386,0.36630952380952386,0.06307660091818522,0.05158487707812981,0.022443890274314215,Beta,0.05158487707812981,Engineering Review
WF-000203,2008-08-15 04:14:00,0,Pass,0.5578333333333331,0.5578333333333331,0.1118974171360243,0.21904760234961174,0.2653061224489796,Beta,0.21904760234961174,High Risk
WF-000794,2008-09-11 16:28:00,0,Pass,0.3704523809523809,0.3704523809523809,0.06387699489555385,0.05349146046632286,0.022443890274314215,Beta,0.05349146046632286,Engineering Review
WF-000030,2008-07-27 16:49:00,0,Pass,0.48057142857142854,0.48057142857142854,0.08690097486711561,0.12337562754030464,0.125,Beta,0.12337562754030464,High Risk
WF-000317,2008-08-19 20:53:00,0,Pass,0.45042857142857146,0.45042857142857146,0.08129582014691271,0.10243077754740652,0.10106382978723404,Beta,0.10243077754740652,High Risk
WF-000064,2008-08-01 02:02:00,0,Pass,0.4424285714285714,0.4424285714285714,0.07937501568014628,0.09636309073394349,0.10106382978723404,Beta,0.09636309073394349,High Risk
WF-000575,2008-08-30 09:13:00,0,Pass,0.3826428571428571,0.3826428571428571,0.06553353171479646,0.05961108207751967,0.07792207792207792,Beta,0.05961108207751967,Engineering Review
WF-001092,2008-09-25 23:04:00,0,Pass,0.3684523809523809,0.3684523809523809,0.0628755137681622,0.05307066918443561,0.029914529914529916,Beta,0.05307066918443561,Engineering Review
WF-000264,2008-08-18 13:07:00,0,Pass,0.3515,0.3515,0.06020429696248172,0.04531681865019689,0.02072538860103627,Beta,0.04531681865019689,Engineering Review
WF-000214,2008-08-16 05:47:00,0,Pass,0.5570952380952381,0.5570952380952381,0.10973232676705585,0.20758880066545018,0.22077922077922077,Beta,0.20758880066545018,High Risk
WF-000966,2008-09-20 18:56:00,0,Pass,0.2755000000000001,0.2755000000000001,0.04772595873317037,0.02130175608238938,0.0,Beta,0.02130175608238938,Low Risk
WF-000607,2008-08-31 10:59:00,0,Pass,0.3223809523809523,0.3223809523809523,0.05516877959827216,0.03474137027016012,0.02072538860103627,Beta,0.03474137027016012,Low Risk
WF-000190,2008-08-10 22:26:00,1,Fail,0.4532142857142858,0.4532142857142858,0.08197455883470195,0.10461277011326012,0.10106382978723404,Beta,0.10461277011326012,High Risk
WF-000279,2008-08-18 23:00:00,0,Pass,0.448,0.448,0.08070828292762526,0.10055789976176316,0.10106382978723404,Beta,0.10055789976176316,High Risk
WF-000613,2008-08-31 21:04:00,0,Pass,0.2954523809523808,0.2954523809523808,0.05013702825822366,0.026304934600766536,0.0,Beta,0.026304934600766536,Low Risk
WF-000382,2008-08-21 20:37:00,0,Pass,0.38859523809523805,0.38859523809523805,0.06667929260197675,0.06253082582408938,0.07792207792207792,Beta,0.06253082582408938,Engineering Review
WF-001009,2008-09-22 11:50:00,0,Pass,0.3255238095238095,0.3255238095238095,0.05543520176011894,0.03655107752074317,0.029411764705882353,Beta,0.03655107752074317,Engineering Review
WF-000792,2008-09-11 15:05:00,0,Pass,0.37557142857142856,0.37557142857142856,0.06487905719962696,0.05592245879300027,0.07563025210084033,Beta,0.05592245879300027,Engineering Review
WF-001020,2008-09-22 22:17:00,0,Pass,0.3012857142857143,0.3012857142857143,0.05168224646040896,0.027932417940203725,0.022443890274314215,Beta,0.027932417940203725,Low Risk
WF-000509,2008-08-29 04:55:00,1,Fail,0.3726666666666667,0.3726666666666667,0.06373745544731792,0.054278060532666574,0.02531645569620253,Beta,0.054278060532666574,Engineering Review
WF-000464,2008-08-28 04:10:00,0,Pass,0.37778571428571417,0.37778571428571417,0.06461218267659952,0.057306886595631615,0.07792207792207792,Beta,0.057306886595631615,Engineering Review
WF-000853,2008-09-15 19:54:00,0,Pass,0.3368809523809524,0.3368809523809524,0.05731886879517938,0.04047823152339323,0.029914529914529916,Beta,0.04047823152339323,Engineering Review
WF-001302,2008-10-04 22:06:00,0,Pass,0.3102380952380952,0.3102380952380952,0.05318830711467798,0.030930971752894682,0.02072538860103627,Beta,0.030930971752894682,Low Risk
WF-000483,2008-08-28 16:01:00,0,Pass,0.38554761904761903,0.38554761904761903,0.06634128434641319,0.06072781550644776,0.04950495049504951,Beta,0.06072781550644776,Engineering Review
WF-001200,2008-09-30 16:13:00,0,Pass,0.32392857142857145,0.32392857142857145,0.05471401558968283,0.034754513179507465,0.02577319587628866,Beta,0.034754513179507465,Low Risk
WF-001562,2008-10-16 15:02:00,0,Pass,0.31011904761904757,0.31011904761904757,0.05310749666360826,0.030525430804537405,0.022443890274314215,Beta,0.030525430804537405,Low Risk
WF-001004,2008-09-22 01:43:00,0,Pass,0.27740476190476193,0.27740476190476193,0.04725277098265765,0.02129057520621108,0.0,Beta,0.02129057520621108,Low Risk
WF-001142,2008-09-28 00:51:00,0,Pass,0.39571428571428574,0.39571428571428574,0.06896563423365953,0.06633666214388007,0.07563025210084033,Beta,0.06633666214388007,Engineering Review
WF-001525,2008-10-15 06:49:00,0,Pass,0.2535714285714286,0.2535714285714286,0.04381075974002603,0.016213331811838705,0.0,Beta,0.016213331811838705,Low Risk
WF-001451,2008-10-10 15:50:00,0,Pass,0.33197619047619037,0.33197619047619037,0.05678264510634772,0.0379934499568667,0.02072538860103627,Beta,0.0379934499568667,Engineering Review
WF-000324,2008-08-20 03:12:00,1,Fail,0.3903333333333334,0.3903333333333334,0.06733363608552255,0.06327038299436923,0.04950495049504951,Beta,0.06327038299436923,Engineering Review
WF-001319,2008-10-05 11:05:00,0,Pass,0.30811904761904757,0.30811904761904757,0.05212637219388722,0.029844017457268522,0.02577319587628866,Beta,0.029844017457268522,Low Risk
WF-000409,2008-08-22 07:17:00,0,Pass,0.4386666666666666,0.4386666666666666,0.07848618910701938,0.09360952557795942,0.10106382978723404,Beta,0.09360952557795942,High Risk
WF-000267,2008-08-18 14:45:00,0,Pass,0.4366904761904763,0.4366904761904763,0.07664037614431808,0.09036863643895379,0.07792207792207792,Beta,0.09036863643895379,High Risk
WF-000275,2008-08-18 17:16:00,0,Pass,0.5220714285714285,0.5220714285714285,0.09904423541649324,0.16766389046807811,0.21875,Beta,0.16766389046807811,High Risk
WF-000681,2008-09-02 12:01:00,0,Pass,0.43771428571428567,0.43771428571428567,0.07686658368603169,0.09105032034591451,0.07792207792207792,Beta,0.09105032034591451,High Risk
WF-001156,2008-09-28 17:55:00,0,Pass,0.3505238095238095,0.3505238095238095,0.05948287898045895,0.04444436381133298,0.02531645569620253,Beta,0.04444436381133298,Engineering Review
WF-001485,2008-10-13 19:17:00,0,Pass,0.2075,0.2075,0.03892961098334279,0.009681467717677037,0.0,Beta,0.009681467717677037,Low Risk
WF-000780,2008-09-11 00:17:00,0,Pass,0.2646904761904762,0.2646904761904762,0.04630092609746433,0.020089463498647264,0.0,Beta,0.020089463498647264,Low Risk
WF-000153,2008-08-07 10:12:00,0,Pass,0.4145952380952381,0.4145952380952381,0.07257949012488714,0.07746786243184312,0.1111111111111111,Beta,0.07746786243184312,Engineering Review
WF-000517,2008-08-29 06:37:00,0,Pass,0.3659285714285714,0.3659285714285714,0.06285600511074341,0.05138458547798745,0.02072538860103627,Beta,0.05138458547798745,Engineering Review
WF-000048,2008-07-29 15:41:00,0,Pass,0.5197619047619049,0.5197619047619049,0.09837902901702207,0.16505893727528145,0.21875,Beta,0.16505893727528145,High Risk
WF-000896,2008-09-19 01:57:00,0,Pass,0.3059047619047619,0.3059047619047619,0.051706276044154474,0.028816465314874973,0.02531645569620253,Beta,0.028816465314874973,Low Risk
WF-000774,2008-09-10 09:21:00,0,Pass,0.2991666666666667,0.2991666666666667,0.050618812609401466,0.026880932182615315,0.02531645569620253,Beta,0.026880932182615315,Low Risk
WF-001474,2008-10-13 03:34:00,0,Pass,0.27564285714285713,0.27564285714285713,0.04783243867021751,0.022541426542859497,0.0,Beta,0.022541426542859497,Low Risk
WF-000372,2008-08-21 17:44:00,0,Pass,0.4774047619047619,0.4774047619047619,0.08808869692991428,0.1251380975518174,0.12162162162162163,Beta,0.1251380975518174,High Risk
WF-001350,2008-10-06 06:49:00,0,Pass,0.30299999999999994,0.30299999999999994,0.05203990427513959,0.028813744670306125,0.02072538860103627,Beta,0.028813744670306125,Low Risk
WF-001436,2008-10-08 23:13:00,0,Pass,0.4431428571428571,0.4431428571428571,0.07898591641162332,0.0952553490917504,0.09502262443438914,Beta,0.0952553490917504,High Risk
WF-000411,2008-08-22 09:29:00,0,Pass,0.42195238095238097,0.42195238095238097,0.07364370819290927,0.0807468699971761,0.0875,Beta,0.0807468699971761,High Risk
WF-001365,2008-10-06 13:55:00,1,Fail,0.48616666666666675,0.48616666666666675,0.09031679031945392,0.13427268218269459,0.12087912087912088,Beta,0.13427268218269459,High Risk
WF-000668,2008-09-02 07:32:00,0,Pass,0.33071428571428574,0.33071428571428574,0.0558614090858395,0.037041648740009564,0.02577319587628866,Beta,0.037041648740009564,Engineering Review
WF-000291,2008-08-19 05:54:00,0,Pass,0.43530952380952376,0.43530952380952376,0.07633622598985926,0.08945544127152064,0.07792207792207792,Beta,0.08945544127152064,High Risk
WF-000648,2008-09-02 01:09:00,0,Pass,0.38145238095238077,0.38145238095238077,0.06530658696153846,0.059039889313879275,0.07792207792207792,Beta,0.059039889313879275,Engineering Review
WF-001249,2008-10-02 16:58:00,0,Pass,0.47038095238095234,0.47038095238095234,0.08552801865140486,0.11622997965934714,0.1,Beta,0.11622997965934714,High Risk
WF-000325,2008-08-20 06:36:00,0,Pass,0.4581904761904763,0.4581904761904763,0.08319986031414206,0.10860141248889495,0.12162162162162163,Beta,0.10860141248889495,High Risk
WF-001374,2008-10-06 18:54:00,0,Pass,0.29104761904761905,0.29104761904761905,0.05019468804756623,0.02555573222930294,0.0,Beta,0.02555573222930294,Low Risk
WF-000184,2008-08-10 11:16:00,0,Pass,0.5293571428571427,0.5293571428571427,0.10282902651967675,0.18159075046742135,0.2653061224489796,Beta,0.18159075046742135,High Risk
WF-001338,2008-10-06 01:27:00,0,Pass,0.3225238095238095,0.3225238095238095,0.05447927480932643,0.03429486591575589,0.02577319587628866,Beta,0.03429486591575589,Low Risk
WF-001411,2008-10-07 20:48:00,0,Pass,0.42021428571428576,0.42021428571428576,0.07425702335305631,0.08098626606030847,0.10106382978723404,Beta,0.08098626606030847,High Risk
WF-000014,2008-07-21 08:21:00,0,Pass,0.3294285714285714,0.3294285714285714,0.0563532151885611,0.036826413388551534,0.022443890274314215,Beta,0.036826413388551534,Engineering Review
WF-001464,2008-10-11 16:25:00,0,Pass,0.2585476190476191,0.2585476190476191,0.04450907400035023,0.017190299735246602,0.0,Beta,0.017190299735246602,Low Risk
WF-000981,2008-09-21 09:16:00,0,Pass,0.33549999999999996,0.33549999999999996,0.05741173517114238,0.03899879192054115,0.022443890274314215,Beta,0.03899879192054115,Engineering Review
WF-000100,2008-08-04 23:33:00,0,Pass,0.5232142857142857,0.5232142857142857,0.10096012281012443,0.17418398873201996,0.2653061224489796,Beta,0.17418398873201996,High Risk
WF-000938,2008-09-20 05:22:00,0,Pass,0.3433809523809524,0.3433809523809524,0.05842383042063242,0.04286345412322844,0.029914529914529916,Beta,0.04286345412322844,Engineering Review
WF-000783,2008-09-11 07:43:00,0,Pass,0.3723809523809525,0.3723809523809525,0.06360113857219854,0.054823570124342205,0.029914529914529916,Beta,0.054823570124342205,Engineering Review
WF-000870,2008-09-16 22:45:00,0,Pass,0.36483333333333323,0.36483333333333323,0.062200867993198086,0.05062453247501182,0.02531645569620253,Beta,0.05062453247501182,Engineering Review
WF-001112,2008-09-26 19:38:00,0,Pass,0.3115238095238095,0.3115238095238095,0.053193369790366825,0.03210926193139833,0.025423728813559324,Beta,0.03210926193139833,Low Risk
WF-000855,2008-09-15 22:13:00,0,Pass,0.3392857142857143,0.3392857142857143,0.057725357828291655,0.04134873481031148,0.029914529914529916,Beta,0.04134873481031148,Engineering Review
WF-000941,2008-09-20 06:08:00,0,Pass,0.30492857142857144,0.30492857142857144,0.05154737088846058,0.02852973501007537,0.02531645569620253,Beta,0.02852973501007537,Low Risk
WF-000669,2008-09-02 08:15:00,0,Pass,0.3706428571428571,0.3706428571428571,0.06374577214381011,0.05349594788996904,0.02072538860103627,Beta,0.05349594788996904,Engineering Review
WF-001226,2008-10-02 00:21:00,0,Pass,0.5033095238095238,0.5033095238095238,0.09409016989344761,0.14620628753519485,0.22077922077922077,Beta,0.14620628753519485,High Risk
WF-000056,2008-07-30 07:08:00,0,Pass,0.5950952380952382,0.5950952380952382,0.12223017019099919,0.2676266735040275,0.5,Beta,0.2676266735040275,High Risk
WF-000308,2008-08-19 11:57:00,0,Pass,0.3880714285714285,0.3880714285714285,0.06650191442857761,0.061372577709041566,0.0875,Beta,0.061372577709041566,Engineering Review
WF-000900,2008-09-19 05:57:00,0,Pass,0.4073333333333333,0.4073333333333333,0.07047938816753276,0.07186983997368981,0.0875,Beta,0.07186983997368981,Engineering Review
WF-001517,2008-10-15 01:52:00,0,Pass,0.2399761904761905,0.2399761904761905,0.04224283851065463,0.0143413704745769,0.0,Beta,0.0143413704745769,Low Risk
WF-001266,2008-10-03 04:49:00,0,Pass,0.3639761904761905,0.3639761904761905,0.062490919088866066,0.05052914840452731,0.02072538860103627,Beta,0.05052914840452731,Engineering Review
WF-000543,2008-08-29 20:21:00,0,Pass,0.4505952380952381,0.4505952380952381,0.08022526219255724,0.10065982378696443,0.0875,Beta,0.10065982378696443,High Risk
WF-000292,2008-08-19 05:56:00,1,Fail,0.4695,0.4695,0.08530894825791802,0.11549980153546416,0.1,Beta,0.11549980153546416,High Risk
WF-001441,2008-10-09 07:38:00,0,Pass,0.3884047619047618,0.3884047619047618,0.06745583679600109,0.06239629570271612,0.07563025210084033,Beta,0.06239629570271612,Engineering Review
WF-000702,2008-09-02 19:18:00,0,Pass,0.3197380952380952,0.3197380952380952,0.054731908047219544,0.033883647030227074,0.02072538860103627,Beta,0.033883647030227074,Low Risk
WF-001313,2008-10-05 08:02:00,0,Pass,0.3825714285714285,0.3825714285714285,0.06540502499197855,0.058609391232649265,0.08571428571428572,Beta,0.058609391232649265,Engineering Review
WF-000293,2008-08-19 06:24:00,0,Pass,0.43204761904761896,0.43204761904761896,0.07590464633215689,0.08736940969943166,0.0875,Beta,0.08736940969943166,High Risk
WF-001357,2008-10-06 09:11:00,0,Pass,0.3258809523809523,0.3258809523809523,0.05549353912587737,0.03667004897650867,0.029411764705882353,Beta,0.03667004897650867,Engineering Review
WF-001056,2008-09-24 10:10:00,0,Pass,0.4275,0.4275,0.07590122678328097,0.08579905841601666,0.10106382978723404,Beta,0.08579905841601666,High Risk
WF-000646,2008-09-02 00:31:00,0,Pass,0.3426190476190476,0.3426190476190476,0.05792924205200021,0.04133178573549055,0.02577319587628866,Beta,0.04133178573549055,Engineering Review
WF-000545,2008-08-29 21:25:00,0,Pass,0.3492142857142857,0.3492142857142857,0.059871825003901716,0.04426736717553625,0.022443890274314215,Beta,0.04426736717553625,Engineering Review
WF-000590,2008-08-30 15:50:00,0,Pass,0.3626428571428571,0.3626428571428571,0.06177741080742882,0.04963783097162429,0.02531645569620253,Beta,0.04963783097162429,Engineering Review
WF-000808,2008-09-12 13:08:00,0,Pass,0.2510238095238096,0.2510238095238096,0.04445732692392424,0.016588186950672386,0.0,Beta,0.016588186950672386,Low Risk
WF-000822,2008-09-13 02:57:00,0,Pass,0.27426190476190476,0.27426190476190476,0.04763671575752816,0.022220969464849135,0.0,Beta,0.022220969464849135,Low Risk
WF-001271,2008-10-03 09:30:00,0,Pass,0.3483333333333333,0.3483333333333333,0.05963649642349463,0.04406174241291351,0.02072538860103627,Beta,0.04406174241291351,Engineering Review
WF-000949,2008-09-20 12:36:00,0,Pass,0.3487619047619049,0.3487619047619049,0.05915601299530275,0.04372572160188327,0.02531645569620253,Beta,0.04372572160188327,Engineering Review
WF-000722,2008-09-04 08:01:00,0,Pass,0.3026190476190476,0.3026190476190476,0.051980115654885015,0.028705388637154428,0.02072538860103627,Beta,0.028705388637154428,Low Risk
WF-000440,2008-08-23 13:02:00,0,Pass,0.3453333333333334,0.3453333333333334,0.058524769098479756,0.042352958962827994,0.02531645569620253,Beta,0.042352958962827994,Engineering Review
WF-000610,2008-08-31 15:13:00,0,Pass,0.36249999999999993,0.36249999999999993,0.06179078657645513,0.050496417523049536,0.029914529914529916,Beta,0.050496417523049536,Engineering Review
WF-000677,2008-09-02 11:08:00,0,Pass,0.3642857142857142,0.3642857142857142,0.06211435611639713,0.05125849496334748,0.029914529914529916,Beta,0.05125849496334748,Engineering Review
WF-001222,2008-10-01 21:15:00,0,Pass,0.3827142857142858,0.3827142857142858,0.06554717169480694,0.059645487626321936,0.07792207792207792,Beta,0.059645487626321936,Engineering Review
WF-001207,2008-09-30 23:34:00,0,Pass,0.3676190476190477,0.3676190476190477,0.06272258936017681,0.05270439596346839,0.029914529914529916,Beta,0.05270439596346839,Engineering Review
WF-000303,2008-08-19 11:13:00,0,Pass,0.49769047619047624,0.49769047619047624,0.09222027434669565,0.14173217346817432,0.21875,Beta,0.14173217346817432,High Risk
WF-000700,2008-09-02 18:38:00,0,Pass,0.3540476190476191,0.3540476190476191,0.06014169226344726,0.04590894537325244,0.02531645569620253,Beta,0.04590894537325244,Engineering Review
WF-000769,2008-09-08 22:17:00,0,Pass,0.37683333333333335,0.37683333333333335,0.0642786029778004,0.055831804134151244,0.08571428571428572,Beta,0.055831804134151244,Engineering Review
WF-001173,2008-09-29 07:53:00,0,Pass,0.3076904761904761,0.3076904761904761,0.05205786050848376,0.029718702858813617,0.02577319587628866,Beta,0.029718702858813617,Low Risk
WF-001404,2008-10-07 16:32:00,0,Pass,0.3659523809523811,0.3659523809523811,0.06241824388737904,0.051134435034408225,0.02531645569620253,Beta,0.051134435034408225,Engineering Review
WF-000680,2008-09-02 11:49:00,0,Pass,0.39978571428571424,0.39978571428571424,0.06888381504661623,0.06831599103977276,0.07792207792207792,Beta,0.06831599103977276,Engineering Review
WF-001101,2008-09-26 11:08:00,0,Pass,0.3435238095238095,0.3435238095238095,0.05883929920266018,0.04201887188174515,0.022443890274314215,Beta,0.04201887188174515,Engineering Review
WF-000762,2008-09-08 19:14:00,0,Pass,0.35821428571428565,0.35821428571428565,0.06074688201765229,0.04752172707912431,0.02577319587628866,Beta,0.04752172707912431,Engineering Review
WF-000638,2008-09-01 23:05:00,0,Pass,0.3012142857142856,0.3012142857142856,0.051670870247179666,0.027912152140009826,0.022443890274314215,Beta,0.027912152140009826,Low Risk
WF-000472,2008-08-28 07:51:00,0,Pass,0.39959523809523806,0.39959523809523806,0.06885575481337,0.06749498064376745,0.0875,Beta,0.06749498064376745,Engineering Review
WF-000574,2008-08-30 08:53:00,0,Pass,0.3248095238095237,0.3248095238095237,0.054861711748136636,0.035045160426106704,0.02577319587628866,Beta,0.035045160426106704,Engineering Review
WF-001152,2008-09-28 09:50:00,1,Fail,0.3547857142857142,0.3547857142857142,0.06089916633797221,0.046557591950746165,0.022443890274314215,Beta,0.046557591950746165,Engineering Review
WF-000078,2008-08-03 16:00:00,0,Pass,0.5141904761904762,0.5141904761904762,0.09679066504738457,0.15890514727902694,0.21875,Beta,0.15890514727902694,High Risk
WF-001340,2008-10-06 02:44:00,0,Pass,0.3116904761904762,0.3116904761904762,0.053219548053869775,0.03215965589088864,0.025423728813559324,Beta,0.03215965589088864,Low Risk
WF-000025,2008-07-27 04:18:00,0,Pass,0.44726190476190475,0.44726190476190475,0.08053048661220706,0.09999406706988143,0.10106382978723404,Beta,0.09999406706988143,High Risk
WF-001077,2008-09-25 10:23:00,0,Pass,0.33978571428571436,0.33978571428571436,0.05812880951369181,0.040805727338912155,0.02072538860103627,Beta,0.040805727338912155,Engineering Review
WF-001251,2008-10-02 17:19:00,0,Pass,0.4989523809523811,0.4989523809523811,0.09387061541868569,0.14715213946765085,0.12087912087912088,Beta,0.14715213946765085,High Risk
WF-000387,2008-08-21 23:27:00,0,Pass,0.3551904761904763,0.3551904761904763,0.06048265786404686,0.04746619391055363,0.029914529914529916,Beta,0.04746619391055363,Engineering Review
WF-000992,2008-09-21 15:34:00,0,Pass,0.3155000000000001,0.3155000000000001,0.053993810661991416,0.032191726751013595,0.022443890274314215,Beta,0.032191726751013595,Low Risk
WF-001493,2008-10-13 21:57:00,0,Pass,0.2557857142857143,0.2557857142857143,0.044897022283467126,0.017081869297534222,0.0,Beta,0.017081869297534222,Low Risk
WF-000592,2008-08-30 16:24:00,0,Pass,0.3515952380952381,0.3515952380952381,0.05984879287045898,0.04602730756193935,0.029914529914529916,Beta,0.04602730756193935,Engineering Review
WF-001472,2008-10-12 08:19:00,0,Pass,0.2681666666666666,0.2681666666666666,0.0458891133964252,0.019200802696366454,0.0,Beta,0.019200802696366454,Low Risk
WF-000146,2008-08-06 23:40:00,0,Pass,0.4818095238095237,0.4818095238095237,0.08800542525600186,0.12662270826264974,0.08823529411764706,Beta,0.12662270826264974,High Risk
WF-000013,2008-07-20 03:35:00,0,Pass,0.41283333333333344,0.41283333333333344,0.07224627506521338,0.07551656069546218,0.09502262443438914,Beta,0.07551656069546218,Engineering Review
WF-000278,2008-08-18 19:54:00,1,Fail,0.40433333333333343,0.40433333333333343,0.07078609032606124,0.07123045414045585,0.10106382978723404,Beta,0.07123045414045585,Engineering Review
WF-000283,2008-08-19 03:59:00,1,Fail,0.49509523809523814,0.49509523809523814,0.09278550787038999,0.14317040031648098,0.12087912087912088,Beta,0.14317040031648098,High Risk
WF-000902,2008-09-19 06:44:00,0,Pass,0.31700000000000006,0.31700000000000006,0.053545199309120904,0.032231059836138234,0.02531645569620253,Beta,0.032231059836138234,Low Risk
WF-000047,2008-07-29 11:47:00,0,Pass,0.6287142857142857,0.6287142857142857,0.1340628109634516,0.3165355437057162,0.42463065558633695,Beta,0.3165355437057162,High Risk
WF-001298,2008-10-04 19:12:00,0,Pass,0.4290476190476192,0.4290476190476192,0.07522619110705547,0.08535789824459047,0.0875,Beta,0.08535789824459047,High Risk
WF-000149,2008-08-07 07:30:00,0,Pass,0.39471428571428574,0.39471428571428574,0.0687572495440986,0.06578639483744614,0.07563025210084033,Beta,0.06578639483744614,Engineering Review
WF-000034,2008-07-27 23:14:00,0,Pass,0.48790476190476195,0.48790476190476195,0.09086868470073904,0.13497316318601238,0.12162162162162163,Beta,0.13497316318601238,High Risk
WF-000271,2008-08-18 15:33:00,0,Pass,0.4368333333333333,0.4368333333333333,0.07667190330179936,0.09046351641483273,0.07792207792207792,Beta,0.09046351641483273,High Risk
WF-001162,2008-09-28 20:42:00,0,Pass,0.40542857142857147,0.40542857142857147,0.07002088725276072,0.07138496185700906,0.07792207792207792,Beta,0.07138496185700906,Engineering Review
WF-000322,2008-08-20 02:27:00,1,Fail,0.4085714285714286,0.4085714285714286,0.07134223111978359,0.07301905036226143,0.09502262443438914,Beta,0.07301905036226143,Engineering Review
WF-000095,2008-08-04 19:58:00,0,Pass,0.4686190476190476,0.4686190476190476,0.08509038677674013,0.114773204080264,0.1,Beta,0.114773204080264,High Risk
WF-000376,2008-08-21 18:53:00,0,Pass,0.4352857142857141,0.4352857142857141,0.07734812787116005,0.09144507733534125,0.1111111111111111,Beta,0.09144507733534125,High Risk
WF-001155,2008-09-28 17:49:00,0,Pass,0.4301904761904762,0.4301904761904762,0.07521841032511736,0.08613263585121232,0.07792207792207792,Beta,0.08613263585121232,High Risk
WF-000589,2008-08-30 15:37:00,0,Pass,0.4236904761904762,0.4236904761904762,0.07382071804378255,0.08205230219004749,0.07792207792207792,Beta,0.08205230219004749,High Risk
WF-000551,2008-08-29 22:56:00,0,Pass,0.3918809523809523,0.3918809523809523,0.06731969442563648,0.0641887981698269,0.07792207792207792,Beta,0.0641887981698269,Engineering Review
WF-000211,2008-08-15 20:03:00,0,Pass,0.47757142857142876,0.47757142857142876,0.0873352517083775,0.1223252511387076,0.1,Beta,0.1223252511387076,High Risk
WF-001312,2008-10-05 06:15:00,0,Pass,0.3971190476190475,0.3971190476190475,0.06834354978466628,0.06614046047787804,0.0875,Beta,0.06614046047787804,Engineering Review
WF-001299,2008-10-04 19:47:00,0,Pass,0.43109523809523825,0.43109523809523825,0.07541487773979225,0.08671283795560908,0.07792207792207792,Beta,0.08671283795560908,High Risk
WF-001024,2008-09-23 06:44:00,0,Pass,0.35380952380952385,0.35380952380952385,0.05993832015415177,0.04570514772656355,0.02577319587628866,Beta,0.04570514772656355,Engineering Review
WF-001174,2008-09-29 09:15:00,0,Pass,0.32771428571428574,0.32771428571428574,0.05606041064674628,0.036521891188736125,0.02072538860103627,Beta,0.036521891188736125,Engineering Review
WF-000921,2008-09-19 20:05:00,0,Pass,0.3607619047619049,0.3607619047619049,0.06147735825527157,0.049762954381478895,0.029914529914529916,Beta,0.049762954381478895,Engineering Review
WF-000720,2008-09-03 20:00:00,0,Pass,0.2446428571428572,0.2446428571428572,0.04285833314349623,0.015152013607652729,0.0,Beta,0.015152013607652729,Low Risk
WF-000970,2008-09-21 00:48:00,0,Pass,0.3088095238095238,0.3088095238095238,0.05218185941477075,0.029682560245927674,0.02531645569620253,Beta,0.029682560245927674,Low Risk
WF-000169,2008-08-09 09:22:00,0,Pass,0.570666666666667,0.570666666666667,0.11399532084495718,0.23023758724808865,0.23984375000003705,Beta,0.23023758724808865,High Risk
WF-000388,2008-08-21 23:53:00,0,Pass,0.4541190476190476,0.4541190476190476,0.08107110263130944,0.10335756145734938,0.0875,Beta,0.10335756145734938,High Risk
WF-000055,2008-07-30 06:30:00,0,Pass,0.5521666666666666,0.5521666666666666,0.10965923252367221,0.20890178346860097,0.2112676056338028,Beta,0.20890178346860097,High Risk
WF-000121,2008-08-05 14:45:00,0,Pass,0.4820238095238096,0.4820238095238096,0.0893020480403908,0.12939298169027535,0.12162162162162163,Beta,0.12939298169027535,High Risk
WF-000453,2008-08-27 12:22:00,0,Pass,0.36454761904761906,0.36454761904761906,0.06192735522160749,0.05023164562515519,0.02577319587628866,Beta,0.05023164562515519,Engineering Review
WF-001458,2008-10-11 07:38:00,0,Pass,0.2910714285714286,0.2910714285714286,0.05019830143944702,0.025561937405103582,0.0,Beta,0.025561937405103582,Low Risk
WF-000724,2008-09-04 08:33:00,0,Pass,0.25466666666666665,0.25466666666666665,0.04474132777415688,0.016862456256691458,0.0,Beta,0.016862456256691458,Low Risk
WF-001463,2008-10-11 15:33:00,0,Pass,0.2556666666666667,0.2556666666666667,0.04488043452605211,0.01705842876407288,0.0,Beta,0.01705842876407288,Low Risk
WF-000910,2008-09-19 11:13:00,0,Pass,0.3000952380952381,0.3000952380952381,0.051492951747216964,0.027596097048884393,0.022443890274314215,Beta,0.027596097048884393,Low Risk
WF-000529,2008-08-29 08:45:00,0,Pass,0.36185714285714293,0.36185714285714293,0.06162617584625315,0.049287558227500264,0.02531645569620253,Beta,0.049287558227500264,Engineering Review
WF-000353,2008-08-21 11:22:00,0,Pass,0.3359047619047619,0.3359047619047619,0.05745612921035972,0.03938916999267398,0.02072538860103627,Beta,0.03938916999267398,Engineering Review
WF-001188,2008-09-30 01:33:00,0,Pass,0.40178571428571436,0.40178571428571436,0.07024342670509279,0.06975544511831101,0.10106382978723404,Beta,0.06975544511831101,Engineering Review
WF-000944,2008-09-20 10:51:00,0,Pass,0.35947619047619056,0.35947619047619056,0.061169998001459426,0.048237792875494484,0.02531645569620253,Beta,0.048237792875494484,Engineering Review
WF-000255,2008-08-18 07:29:00,0,Pass,0.45433333333333314,0.45433333333333314,0.08112280027934933,0.10352345226649441,0.0875,Beta,0.10352345226649441,High Risk
WF-001290,2008-10-04 04:12:00,0,Pass,0.32528571428571446,0.32528571428571446,0.05564149244065858,0.03539805366253917,0.022443890274314215,Beta,0.03539805366253917,Engineering Review
WF-000228,2008-08-17 03:18:00,0,Pass,0.5208333333333333,0.5208333333333333,0.09868713357341952,0.16626345502589934,0.21875,Beta,0.16626345502589934,High Risk
WF-000145,2008-08-06 22:27:00,0,Pass,0.5239761904761906,0.5239761904761906,0.09984921543415866,0.1678673257919765,0.22077922077922077,Beta,0.1678673257919765,High Risk
WF-001291,2008-10-04 04:45:00,0,Pass,0.3142142857142857,0.3142142857142857,0.053110027804785145,0.031670030235410915,0.02577319587628866,Beta,0.031670030235410915,Low Risk
WF-001409,2008-10-07 20:19:00,0,Pass,0.40783333333333327,0.40783333333333327,0.07118672960734058,0.07259312081772412,0.09502262443438914,Beta,0.07259312081772412,Engineering Review
WF-000119,2008-08-05 09:48:00,0,Pass,0.4192142857142859,0.4192142857142859,0.0736195755956406,0.07937943134905232,0.09502262443438914,Beta,0.07937943134905232,Engineering Review
WF-000197,2008-08-12 06:16:00,0,Pass,0.46616666666666656,0.46616666666666656,0.08448463143356509,0.11276926897572552,0.1,Beta,0.11276926897572552,High Risk
WF-001215,2008-10-01 08:15:00,0,Pass,0.45407142857142846,0.45407142857142846,0.08105961834517712,0.10332072561636883,0.0875,Beta,0.10332072561636883,High Risk
WF-000147,2008-08-06 23:45:00,0,Pass,0.369904761904762,0.369904761904762,0.06360569422885658,0.053161062763638384,0.02072538860103627,Beta,0.053161062763638384,Engineering Review
WF-001109,2008-09-26 16:31:00,0,Pass,0.30014285714285727,0.30014285714285727,0.051434258963314425,0.02880374270039727,0.025423728813559324,Beta,0.02880374270039727,Low Risk
WF-001223,2008-10-01 21:50:00,0,Pass,0.4644285714285715,0.4644285714285715,0.08405768266571198,0.1113656045144399,0.1,Beta,0.1113656045144399,High Risk
WF-000912,2008-09-19 13:59:00,0,Pass,0.3823333333333334,0.3823333333333334,0.0656824238251272,0.05906533144969367,0.04950495049504951,Beta,0.05906533144969367,Engineering Review
WF-000475,2008-08-28 09:49:00,0,Pass,0.3577857142857142,0.3577857142857142,0.0608480300666208,0.047503019251253796,0.02531645569620253,Beta,0.047503019251253796,Engineering Review
WF-000021,2008-07-22 15:30:00,0,Pass,0.41590476190476183,0.41590476190476183,0.07287309368907799,0.07829942209438742,0.1111111111111111,Beta,0.07829942209438742,Engineering Review
WF-000843,2008-09-14 20:43:00,0,Pass,0.3254999999999999,0.3254999999999999,0.0556780973199251,0.03547088027165394,0.022443890274314215,Beta,0.03547088027165394,Engineering Review
WF-001431,2008-10-08 18:22:00,0,Pass,0.27873809523809523,0.27873809523809523,0.04745274085887308,0.02160557769118908,0.0,Beta,0.02160557769118908,Low Risk
WF-000914,2008-09-19 16:40:00,0,Pass,0.3292857142857144,0.3292857142857144,0.0560525968889082,0.03781880670098122,0.029411764705882353,Beta,0.03781880670098122,Engineering Review
WF-000101,2008-08-05 00:04:00,0,Pass,0.3649761904761905,0.3649761904761905,0.06223989332765128,0.05155549535321189,0.029914529914529916,Beta,0.05155549535321189,Engineering Review
WF-000594,2008-08-30 17:49:00,0,Pass,0.3643095238095238,0.3643095238095238,0.06188259147535774,0.05012763892522576,0.02577319587628866,Beta,0.05012763892522576,Engineering Review
WF-000003,2008-07-19 13:17:00,1,Fail,0.5400238095238096,0.5400238095238096,0.10586517805736051,0.19300491808937528,0.2112676056338028,Beta,0.19300491808937528,High Risk
WF-000939,2008-09-20 05:25:00,0,Pass,0.349952380952381,0.349952380952381,0.06000698750135866,0.044565667939561196,0.022443890274314215,Beta,0.044565667939561196,Engineering Review
WF-001381,2008-10-06 21:48:00,0,Pass,0.25930952380952377,0.25930952380952377,0.0453906738406089,0.017786453695082968,0.0,Beta,0.017786453695082968,Low Risk
WF-000950,2008-09-20 12:57:00,0,Pass,0.3484761904761904,0.3484761904761904,0.059662003108019196,0.04411778560731281,0.02072538860103627,Beta,0.04411778560731281,Engineering Review
WF-000611,2008-08-31 16:32:00,0,Pass,0.3112857142857144,0.3112857142857144,0.053155993352915036,0.03203737194082165,0.025423728813559324,Beta,0.03203737194082165,Low Risk
WF-000784,2008-09-11 08:06:00,0,Pass,0.3230952380952381,0.3230952380952381,0.054574647854717884,0.03448127675764312,0.02577319587628866,Beta,0.03448127675764312,Low Risk
WF-001484,2008-10-13 16:13:00,0,Pass,0.25930952380952377,0.25930952380952377,0.0453906738406089,0.017786453695082968,0.0,Beta,0.017786453695082968,Low Risk
WF-001538,2008-10-15 18:16:00,0,Pass,0.26366666666666666,0.26366666666666666,0.04600821696475459,0.018686869313927896,0.0,Beta,0.018686869313927896,Low Risk
WF-000493,2008-08-28 18:47:00,0,Pass,0.3884047619047618,0.3884047619047618,0.06656893881642109,0.0615432799412423,0.0875,Beta,0.0615432799412423,Engineering Review
WF-000993,2008-09-21 16:43:00,0,Pass,0.2704047619047619,0.2704047619047619,0.04709406411498562,0.02134334150290075,0.0,Beta,0.02134334150290075,Low Risk
WF-000756,2008-09-08 03:48:00,0,Pass,0.33549999999999996,0.33549999999999996,0.057086656134025804,0.03998459606384703,0.029914529914529916,Beta,0.03998459606384703,Engineering Review
WF-001161,2008-09-28 20:02:00,0,Pass,0.2909999999999999,0.2909999999999999,0.050061080442585046,0.026335258241811044,0.0,Beta,0.026335258241811044,Low Risk
WF-000544,2008-08-29 20:49:00,0,Pass,0.4157380952380953,0.4157380952380953,0.07214324435193664,0.07726570251691141,0.07792207792207792,Beta,0.07726570251691141,Engineering Review
WF-000985,2008-09-21 11:33:00,0,Pass,0.27704761904761915,0.27704761904761915,0.04719934376390737,0.02120678308723134,0.0,Beta,0.02120678308723134,Low Risk
WF-001437,2008-10-08 23:50:00,0,Pass,0.356547619047619,0.356547619047619,0.06111983221080657,0.04737351505651298,0.02072538860103627,Beta,0.04737351505651298,Engineering Review
WF-000636,2008-09-01 20:51:00,0,Pass,0.4549761904761906,0.4549761904761906,0.08077374121771153,0.1031578907044541,0.07792207792207792,Beta,0.1031578907044541,High Risk
WF-000273,2008-08-18 16:19:00,0,Pass,0.4872619047619047,0.4872619047619047,0.08943251018622374,0.13165853447643944,0.13333333333333333,Beta,0.13165853447643944,High Risk
WF-001314,2008-10-05 08:40:00,0,Pass,0.41580952380952363,0.41580952380952363,0.07215815382868863,0.07730771044366595,0.07792207792207792,Beta,0.07730771044366595,Engineering Review
WF-000936,2008-09-20 04:13:00,0,Pass,0.2750714285714285,0.2750714285714285,0.04708638907252128,0.021283088417999627,0.0,Beta,0.021283088417999627,Low Risk
WF-000602,2008-08-31 04:46:00,1,Fail,0.3293333333333333,0.3293333333333333,0.055626084404982956,0.03656711129844519,0.02577319587628866,Beta,0.03656711129844519,Engineering Review
WF-001280,2008-10-03 20:46:00,0,Pass,0.43233333333333346,0.43233333333333346,0.07568449165864495,0.08751170732379848,0.07792207792207792,Beta,0.08751170732379848,High Risk
WF-000410,2008-08-22 07:27:00,0,Pass,0.3508333333333334,0.3508333333333334,0.059397710138977475,0.044508606631652244,0.02577319587628866,Beta,0.044508606631652244,Engineering Review
WF-000148,2008-08-07 00:51:00,0,Pass,0.4875952380952382,0.4875952380952382,0.0886545205468661,0.12942840657228738,0.16666666666666666,Beta,0.12942840657228738,High Risk
WF-000975,2008-09-21 04:17:00,0,Pass,0.34083333333333327,0.34083333333333327,0.05761454911800917,0.04066501113687601,0.02577319587628866,Beta,0.04066501113687601,Engineering Review
WF-000115,2008-08-05 07:12:00,0,Pass,0.3982380952380952,0.3982380952380952,0.0690029481775314,0.06765116990124587,0.1111111111111111,Beta,0.06765116990124587,Engineering Review
WF-001446,2008-10-10 10:05:00,0,Pass,0.28252380952380957,0.28252380952380957,0.04891681192529778,0.023404687129228628,0.0,Beta,0.023404687129228628,Low Risk
WF-000502,2008-08-29 00:49:00,0,Pass,0.37661904761904763,0.37661904761904763,0.06508592592484626,0.05643039018524083,0.07563025210084033,Beta,0.05643039018524083,Engineering Review
WF-000360,2008-08-21 13:19:00,0,Pass,0.4164523809523807,0.4164523809523807,0.07299619757414347,0.07864923048301696,0.1111111111111111,Beta,0.07864923048301696,Engineering Review
WF-000795,2008-09-11 21:13:00,0,Pass,0.33885714285714275,0.33885714285714275,0.057967192049906635,0.04046334073854964,0.02072538860103627,Beta,0.04046334073854964,Engineering Review
WF-000342,2008-08-20 22:13:00,0,Pass,0.3407857142857143,0.3407857142857143,0.05760617931598544,0.040647344907376586,0.02577319587628866,Beta,0.040647344907376586,Engineering Review
WF-000785,2008-09-11 08:58:00,0,Pass,0.31776190476190475,0.31776190476190475,0.05369058685889053,0.032771195841968734,0.02577319587628866,Beta,0.032771195841968734,Low Risk
WF-001015,2008-09-22 14:36:00,0,Pass,0.39640476190476176,0.39640476190476176,0.06821074649419225,0.06652652158691838,0.07792207792207792,Beta,0.06652652158691838,Engineering Review
WF-001181,2008-09-29 15:09:00,0,Pass,0.277404761904762,0.277404761904762,0.048008088703878404,0.021746655265619044,0.0,Beta,0.021746655265619044,Low Risk
WF-001490,2008-10-13 20:53:00,0,Pass,0.39776190476190476,0.39776190476190476,0.06848018651651801,0.06724044066134006,0.07792207792207792,Beta,0.06724044066134006,Engineering Review
WF-000185,2008-08-10 11:49:00,0,Pass,0.39371428571428585,0.39371428571428585,0.0676794960536059,0.06512845104489698,0.07792207792207792,Beta,0.06512845104489698,Engineering Review
WF-001513,2008-10-15 00:27:00,0,Pass,0.2679047619047619,0.2679047619047619,0.04661655327518664,0.01959442435646638,0.0,Beta,0.01959442435646638,Low Risk
WF-000641,2008-09-01 23:28:00,0,Pass,0.3303571428571428,0.3303571428571428,0.05584085729520405,0.036740165272350585,0.02531645569620253,Beta,0.036740165272350585,Engineering Review
WF-001288,2008-10-04 02:36:00,0,Pass,0.31940476190476186,0.31940476190476186,0.0539614597768633,0.03329090006317058,0.02577319587628866,Beta,0.03329090006317058,Low Risk
WF-001052,2008-09-24 05:22:00,0,Pass,0.41521428571428587,0.41521428571428587,0.07314766980321473,0.07780815457846271,0.10106382978723404,Beta,0.07780815457846271,Engineering Review
WF-000311,2008-08-19 15:33:00,0,Pass,0.479904761904762,0.479904761904762,0.08862085134092992,0.1282926284530493,0.12087912087912088,Beta,0.1282926284530493,High Risk
WF-001184,2008-09-29 17:21:00,0,Pass,0.39745238095238083,0.39745238095238083,0.06883532242060768,0.06720543047774384,0.1111111111111111,Beta,0.06720543047774384,Engineering Review
WF-000251,2008-08-18 06:11:00,0,Pass,0.41566666666666663,0.41566666666666663,0.07212833771633238,0.0772237122449922,0.07792207792207792,Beta,0.0772237122449922,Engineering Review
WF-000803,2008-09-12 06:45:00,0,Pass,0.33361904761904754,0.33361904761904754,0.056771787975184104,0.03931950600309772,0.029914529914529916,Beta,0.03931950600309772,Engineering Review
WF-001264,2008-10-03 03:52:00,0,Pass,0.3942380952380952,0.3942380952380952,0.06775206353141289,0.06459164917203418,0.0875,Beta,0.06459164917203418,Engineering Review
WF-000208,2008-08-15 18:19:00,0,Pass,0.5506904761904763,0.5506904761904763,0.10919170606799829,0.20691865163001008,0.2112676056338028,Beta,0.20691865163001008,High Risk
WF-000482,2008-08-28 15:19:00,0,Pass,0.44411904761904747,0.44411904761904747,0.07869172519698515,0.09584827376315051,0.0875,Beta,0.09584827376315051,High Risk
WF-000506,2008-08-29 03:27:00,0,Pass,0.37133333333333335,0.37133333333333335,0.06387707298980724,0.05381069184267373,0.02072538860103627,Beta,0.05381069184267373,Engineering Review
WF-000274,2008-08-18 17:13:00,1,Fail,0.40321428571428564,0.40321428571428564,0.0696107588400901,0.06951401665630529,0.0875,Beta,0.06951401665630529,Engineering Review
WF-000075,2008-08-03 14:25:00,0,Pass,0.4502619047619049,0.4502619047619049,0.08097709809668822,0.10273883152612803,0.1111111111111111,Beta,0.10273883152612803,High Risk
WF-000578,2008-08-30 10:15:00,0,Pass,0.44538095238095243,0.44538095238095243,0.07977762740638708,0.09894449483362773,0.1111111111111111,Beta,0.09894449483362773,High Risk
WF-000354,2008-08-21 12:00:00,0,Pass,0.3588333333333333,0.3588333333333333,0.061538682230277725,0.0483279423965838,0.02072538860103627,Beta,0.0483279423965838,Engineering Review
WF-000619,2008-09-01 00:01:00,0,Pass,0.4408095238095239,0.4408095238095239,0.07755419386703741,0.09313554298173976,0.07792207792207792,Beta,0.09313554298173976,High Risk
WF-000548,2008-08-29 22:11:00,0,Pass,0.36002380952380947,0.36002380952380947,0.06127463856121115,0.04847769247537487,0.02531645569620253,Beta,0.04847769247537487,Engineering Review
WF-000282,2008-08-19 01:10:00,0,Pass,0.4343095238095238,0.4343095238095238,0.0771168278797431,0.09074423180828692,0.1111111111111111,Beta,0.09074423180828692,High Risk
WF-001430,2008-10-08 17:41:00,0,Pass,0.31014285714285716,0.31014285714285716,0.05245105229392014,0.030441200862999052,0.02577319587628866,Beta,0.030441200862999052,Low Risk
WF-000114,2008-08-05 06:21:00,0,Pass,0.4652380952380951,0.4652380952380951,0.08496371230290556,0.1144539893119937,0.12162162162162163,Beta,0.1144539893119937,High Risk
WF-000227,2008-08-17 03:17:00,0,Pass,0.42614285714285727,0.42614285714285727,0.07559244182555001,0.0848859345255475,0.10106382978723404,Beta,0.0848859345255475,High Risk
WF-001495,2008-10-13 22:54:00,0,Pass,0.2627142857142857,0.2627142857142857,0.04606521971212485,0.0189206792675533,0.0,Beta,0.0189206792675533,Low Risk
WF-000986,2008-09-21 12:04:00,0,Pass,0.478904761904762,0.478904761904762,0.08767414068006298,0.12348234168477866,0.14814814814814814,Beta,0.12348234168477866,High Risk
WF-000559,2008-08-30 02:39:00,0,Pass,0.36202380952380947,0.36202380952380947,0.062127813013205344,0.0496846623584853,0.02072538860103627,Beta,0.0496846623584853,Engineering Review
WF-000845,2008-09-14 21:31:00,0,Pass,0.3618571428571429,0.3618571428571429,0.06142328066104006,0.04906611686727683,0.02577319587628866,Beta,0.04906611686727683,Engineering Review
WF-000009,2008-07-19 20:24:00,0,Pass,0.5783333333333331,0.5783333333333331,0.116526316656639,0.2415296436911647,0.5,Beta,0.2415296436911647,High Risk
WF-001145,2008-09-28 04:45:00,1,Fail,0.40528571428571425,0.40528571428571425,0.06999188765072056,0.07130597907227577,0.07792207792207792,Beta,0.07130597907227577,Engineering Review
WF-000967,2008-09-20 19:14:00,0,Pass,0.38873809523809516,0.38873809523809516,0.06700133135688076,0.06241381569556388,0.04950495049504951,Beta,0.06241381569556388,Engineering Review
WF-000734,2008-09-04 17:30:00,0,Pass,0.29350000000000004,0.29350000000000004,0.050456084962693236,0.025787668222355016,0.0,Beta,0.025787668222355016,Low Risk
WF-001453,2008-10-10 21:03:00,0,Pass,0.4125000000000001,0.4125000000000001,0.07217518858686552,0.07531886595209777,0.09502262443438914,Beta,0.07531886595209777,Engineering Review
WF-000580,2008-08-30 11:12:00,0,Pass,0.30309523809523803,0.30309523809523803,0.05197123493878586,0.028449524587934975,0.022443890274314215,Beta,0.028449524587934975,Low Risk
WF-001502,2008-10-14 14:07:00,0,Pass,0.28173809523809534,0.28173809523809534,0.04870547842230257,0.023995991004653463,0.0,Beta,0.023995991004653463,Low Risk
WF-000637,2008-09-01 22:05:00,0,Pass,0.3563095238095237,0.3563095238095237,0.060395989148723336,0.04672941988065426,0.02577319587628866,Beta,0.04672941988065426,Engineering Review
WF-001164,2008-09-28 21:27:00,0,Pass,0.32645238095238094,0.32645238095238094,0.055848227976750875,0.03609454363859447,0.02072538860103627,Beta,0.03609454363859447,Engineering Review
WF-000526,2008-08-29 08:10:00,0,Pass,0.3835,0.3835,0.06645999736616072,0.05985659810006388,0.07563025210084033,Beta,0.05985659810006388,Engineering Review
WF-001137,2008-09-27 17:26:00,0,Pass,0.3250476190476191,0.3250476190476191,0.054901694050554645,0.03512403198237987,0.02577319587628866,Beta,0.03512403198237987,Engineering Review
WF-000831,2008-09-13 16:04:00,0,Pass,0.3093809523809523,0.3093809523809523,0.053051073406988586,0.030674378843574733,0.02072538860103627,Beta,0.030674378843574733,Low Risk
WF-000719,2008-09-03 18:16:00,0,Pass,0.35938095238095236,0.35938095238095236,0.06115181670436705,0.04819616510015491,0.02531645569620253,Beta,0.04819616510015491,Engineering Review
WF-001524,2008-10-15 05:16:00,0,Pass,0.30576190476190473,0.30576190476190473,0.05175060980411927,0.029159710605264556,0.02577319587628866,Beta,0.029159710605264556,Low Risk
WF-000615,2008-08-31 21:58:00,0,Pass,0.3435476190476191,0.3435476190476191,0.05884358441654957,0.042028092740136934,0.022443890274314215,Beta,0.042028092740136934,Engineering Review
WF-001503,2008-10-14 14:15:00,0,Pass,0.227452380952381,0.227452380952381,0.04143570759106706,0.013165269652625416,0.0,Beta,0.013165269652625416,Low Risk
WF-001270,2008-10-03 08:35:00,0,Pass,0.3384047619047619,0.3384047619047619,0.05718914194653338,0.03977155427007991,0.02577319587628866,Beta,0.03977155427007991,Engineering Review
WF-000029,2008-07-27 16:06:00,0,Pass,0.4976904761904762,0.4976904761904762,0.09222027434669561,0.1417321734681743,0.21875,Beta,0.1417321734681743,High Risk
WF-001254,2008-10-02 20:54:00,0,Pass,0.39504761904761915,0.39504761904761915,0.06794228927947733,0.06581844687225284,0.07792207792207792,Beta,0.06581844687225284,Engineering Review
WF-000420,2008-08-22 13:22:00,0,Pass,0.43214285714285705,0.43214285714285705,0.07564295506822899,0.08738843412567508,0.07792207792207792,Beta,0.08738843412567508,High Risk
WF-000800,2008-09-12 05:55:00,0,Pass,0.37061904761904746,0.37061904761904746,0.06374124901741318,0.053485119926678724,0.02072538860103627,Beta,0.053485119926678724,Engineering Review
WF-001418,2008-10-08 07:16:00,0,Pass,0.3471666666666669,0.3471666666666669,0.059428573811216905,0.043606081339470124,0.02072538860103627,Beta,0.043606081339470124,Engineering Review
WF-000832,2008-09-13 20:06:00,1,Fail,0.3298095238095239,0.3298095238095239,0.055744945121938796,0.0365463535056612,0.02531645569620253,Beta,0.0365463535056612,Engineering Review
WF-001516,2008-10-15 01:52:00,0,Pass,0.3047142857142857,0.3047142857142857,0.05230975822175821,0.02930511694392419,0.02072538860103627,Beta,0.02930511694392419,Low Risk
WF-001466,2008-10-11 23:58:00,0,Pass,0.2594761904761905,0.2594761904761905,0.04558829115408631,0.018992300485942304,0.0,Beta,0.018992300485942304,Low Risk
WF-000058,2008-07-30 12:29:00,1,Fail,0.4991904761904762,0.4991904761904762,0.0939445168506595,0.14620657298647605,0.2112676056338028,Beta,0.14620657298647605,High Risk
WF-001323,2008-10-05 13:49:00,0,Pass,0.37292857142857155,0.37292857142857155,0.06370290402906612,0.055071373748682616,0.07792207792207792,Beta,0.055071373748682616,Engineering Review
WF-000887,2008-09-18 17:22:00,0,Pass,0.30297619047619034,0.30297619047619034,0.05130982876222766,0.02836636292603931,0.02577319587628866,Beta,0.02836636292603931,Low Risk
WF-000737,2008-09-07 00:08:00,0,Pass,0.3824999999999999,0.3824999999999999,0.06603579831748015,0.05910152065777939,0.0847457627118644,Beta,0.05910152065777939,Engineering Review
WF-000656,2008-09-02 02:52:00,0,Pass,0.36049999999999993,0.36049999999999993,0.06136576633524887,0.04868704997651113,0.02531645569620253,Beta,0.04868704997651113,Engineering Review
WF-000771,2008-09-09 03:53:00,0,Pass,0.33980952380952384,0.33980952380952384,0.05817437766700616,0.04059934585529598,0.022443890274314215,Beta,0.04059934585529598,Engineering Review
WF-000899,2008-09-19 05:33:00,0,Pass,0.2478571428571429,0.2478571428571429,0.04328724326286171,0.01572933759500382,0.0,Beta,0.01572933759500382,Low Risk
WF-000397,2008-08-22 02:01:00,0,Pass,0.4046666666666665,0.4046666666666665,0.07085737891298886,0.07142524143276092,0.10106382978723404,Beta,0.07142524143276092,Engineering Review
WF-000138,2008-08-06 18:00:00,0,Pass,0.45888095238095233,0.45888095238095233,0.0831354045040525,0.10971632067697727,0.12087912087912088,Beta,0.10971632067697727,High Risk
WF-001055,2008-09-24 07:23:00,0,Pass,0.3095714285714285,0.3095714285714285,0.05301807034458889,0.030359590677544623,0.022443890274314215,Beta,0.030359590677544623,Low Risk
WF-000698,2008-09-02 17:10:00,0,Pass,0.38042857142857134,0.38042857142857134,0.06498223763744121,0.05755971316907285,0.08571428571428572,Beta,0.05755971316907285,Engineering Review
WF-001439,2008-10-09 04:34:00,1,Fail,0.38383333333333336,0.38383333333333336,0.06598913161479823,0.05983668553374404,0.04950495049504951,Beta,0.05983668553374404,Engineering Review
WF-000503,2008-08-29 01:06:00,0,Pass,0.48992857142857144,0.48992857142857144,0.08924408716341133,0.13148937529929255,0.16666666666666666,Beta,0.13148937529929255,High Risk
WF-001520,2008-10-15 02:42:00,1,Fail,0.377452380952381,0.377452380952381,0.06469355715305122,0.05660879665286197,0.04950495049504951,Beta,0.05660879665286197,Engineering Review
WF-001175,2008-09-29 11:13:00,0,Pass,0.5072142857142857,0.5072142857142857,0.09372283168979931,0.14756243772423785,0.22535211267605634,Beta,0.14756243772423785,High Risk
