wafer_id,target,historical_weighted_failure_rate,failed_neighbour_count,failed_neighbour_rate,mean_similarity,maximum_similarity,minimum_similarity,mean_failed_neighbour_similarity,mean_passed_neighbour_similarity
WF-000309,0,0.07984850428236479,1.0,0.1,0.43155168240236785,0.5118094007058013,0.34458756360367193,0.34458756360367193,0.44121436226888966
WF-000236,1,0.10394961793881217,1.0,0.1,0.22514403264054778,0.9628518467535792,0.01791671419628453,0.234036361741884,0.22415599607373268
WF-000183,1,0.0,0.0,0.0,0.09603149663422567,0.6622721311946721,0.0042564043107515895,0.0,0.09603149663422567
WF-001304,1,0.30897052562054467,3.0,0.3,0.5152879708729714,0.7487027744329577,0.3537943654613279,0.5306959840218862,0.5086845366662937
WF-001248,0,0.0,0.0,0.0,0.26415460400073043,0.5473127230055158,0.14332068966754585,0.0,0.26415460400073043
WF-001179,0,0.0,0.0,0.0,0.48759989542185317,0.9562504927073693,0.26128326666930274,0.0,0.48759989542185317
WF-000934,0,0.0,0.0,0.0,0.3220465709689816,0.7561689758267881,0.1767794321955883,0.0,0.3220465709689816
WF-000172,0,0.9999997551854523,4.0,0.4,0.0016511166978552354,0.01651038508891476,2.9534666877098733e-12,0.004127790734094619,6.736956462737695e-10
WF-000433,0,0.2850760482208482,1.0,0.1,0.24164108015915348,0.6888608421958868,0.1399896070002732,0.6888608421958868,0.19194999548840533
WF-001491,0,0.0,0.0,0.0,0.07122866809464715,0.6358483394359976,0.0019331091374304784,0.0,0.07122866809464715
WF-000684,0,0.1764285799845138,1.0,0.1,0.5507671304404957,0.9717106272576215,0.33404364621309995,0.9717106272576215,0.5039956307941484
WF-000597,0,0.0,0.0,0.0,0.6697978522777931,0.853380831974207,0.5675329862742843,0.0,0.6697978522777931
WF-000917,0,0.0,0.0,0.0,0.4576883408378576,0.8905310162429034,0.23739720269550282,0.0,0.4576883408378576
WF-000458,0,0.2,2.0,0.2,0.0,0.0,0.0,0.0,0.0
WF-000378,0,0.030197192613863784,1.0,0.1,0.051946279231867176,0.38580222963198757,0.001955863689006845,0.015686317995382452,0.05597516381369881
WF-000704,0,0.6193672748176872,1.0,0.1,0.10012266623237676,0.6201270293182806,0.003965949168703146,0.6201270293182806,0.042344403667276334
WF-000791,0,0.08972254083499222,1.0,0.1,0.6702338207336911,0.9103238928754026,0.5098735244522514,0.6013508134977146,0.6778874882043552
WF-000538,0,0.0,0.0,0.0,0.3433809589689737,0.6897584400012517,0.16479448144827485,0.0,0.3433809589689737
WF-001509,0,0.0,0.0,0.0,0.4998229709508727,0.6995996106451647,0.30438352401445135,0.0,0.4998229709508727
WF-001511,0,0.0,0.0,0.0,0.026971084599324985,0.06844890751133222,0.00446737743630445,0.0,0.026971084599324985
WF-001438,0,0.0,0.0,0.0,0.5235398247300291,0.8339682538813197,0.2644570712336623,0.0,0.5235398247300291
WF-000362,0,0.0,0.0,0.0,0.14654698539122735,0.40186522731580393,0.05272572383640375,0.0,0.14654698539122735
WF-000772,0,0.10876641446003767,1.0,0.1,0.3963257869562876,0.49250120653613494,0.25734507547164337,0.43106934805288166,0.39246539127888824
WF-000336,0,0.0,0.0,0.0,0.13382905168363984,0.2786486529112325,0.03209984374786893,0.0,0.13382905168363984
WF-000733,0,0.0,0.0,0.0,0.7681609237987749,0.9451747775421495,0.6743444527305993,0.0,0.7681609237987749
WF-000757,0,0.09226010201698712,1.0,0.1,0.6018340846261403,0.8352928035945225,0.46972741978484744,0.5552527404490776,0.6070097895347027
WF-001054,0,0.07367978406852758,1.0,0.1,0.5526592456374625,0.7325865030264656,0.4071981388204359,0.4071981388204359,0.5688215908393544
WF-001380,0,0.0,0.0,0.0,0.5989500928907235,0.891061830611589,0.394715995111396,0.0,0.5989500928907235
WF-000331,0,0.0,0.0,0.0,0.07505730174917885,0.16024444646746,0.045614923402884304,0.0,0.07505730174917885
WF-001300,0,0.08708148732878294,1.0,0.1,0.6732156559636054,0.8503879444700319,0.5298720601867457,0.5862462061433301,0.6828789281658583
WF-000901,0,0.0,0.0,0.0,0.3422559762345013,0.5241011350041481,0.24981173652534958,0.0,0.3422559762345013
WF-001539,0,0.08562494601535312,1.0,0.1,0.6466944858185969,0.82550719690421,0.5333935131007277,0.553731804366439,0.6570236726466144
WF-001278,0,0.21276069753898472,2.0,0.2,0.5232196680487029,0.8412157896455661,0.3983195244388213,0.5566029077007902,0.5148738581356809
WF-000437,0,0.072054080201576,1.0,0.1,0.404009843404439,0.7279148331617857,0.20602762308871173,0.2911055765888961,0.4165547619394993
WF-001567,0,0.0,0.0,0.0,0.42106368931791727,0.8060988419505208,0.2998805302894516,0.0,0.42106368931791727
WF-000386,0,0.08109101561563752,1.0,0.1,0.6109761212283017,0.8761750973831607,0.49544674187305854,0.49544674187305854,0.6238127189344398
WF-000569,0,0.3879771623778293,4.0,0.4,0.3714040353125582,0.7748818473700492,0.20521544722796123,0.36024070929060364,0.378846252660528
WF-001501,0,0.0,0.0,0.0,0.6215687505208953,0.8147374160321176,0.47753043807110823,0.0,0.6215687505208953
WF-000007,0,0.0,0.0,0.0,0.23354467309187457,0.43449364916113653,0.15939260143729517,0.0,0.23354467309187457
WF-001084,0,0.08778733659078239,1.0,0.1,0.22574261712554952,0.35605914873290423,0.13295029066124994,0.19817343112484734,0.22880586001451647
WF-000496,1,0.09105940097700614,1.0,0.1,0.5305552909738107,0.9678639875004839,0.39958662590068755,0.4831204698125639,0.5358258266583937
WF-000135,0,0.0,0.0,0.0,0.08130263798592682,0.6997043717657719,0.0009912821210878334,0.0,0.08130263798592682
WF-001276,0,0.0,0.0,0.0,0.42896216295660067,0.8532593716622534,0.22116340007336183,0.0,0.42896216295660067
WF-000743,0,0.23858506569947258,2.0,0.2,0.4255019063548513,0.7003542753978668,0.19912207623519868,0.5075920014146151,0.40497938258991034
WF-000355,0,0.29761121967992826,3.0,0.3,0.6378811728306102,0.8775199967847678,0.520825583684428,0.63280197952327,0.6400579699623272
WF-001366,1,0.2243235479736956,2.0,0.2,0.6094139409105492,0.8197820569191695,0.4669206033797796,0.6835294870484325,0.5908850543760784
WF-000020,0,0.02510146263995719,1.0,0.1,0.09867706344731038,0.20554995246849947,0.024769386215433467,0.024769386215433467,0.10688902758418559
WF-000104,0,0.0946513492068843,1.0,0.1,0.288600664048443,0.5330152277118683,0.1980958876496018,0.27316442234187877,0.290315802015839
WF-000593,0,0.0,0.0,0.0,0.4468705901522177,0.6734380679191252,0.28148430558316945,0.0,0.4468705901522177
WF-000643,0,0.0,0.0,0.0,0.6413349877611075,0.937006239094494,0.336188835766688,0.0,0.6413349877611075
WF-000152,0,0.0,0.0,0.0,0.003693776526803369,0.009575265399099713,0.00044437436030820405,0.0,0.003693776526803369
WF-000468,0,0.0,0.0,0.0,0.4143689172005903,0.54752917982523,0.3153661728374319,0.0,0.4143689172005903
WF-000399,0,0.0,0.0,0.0,0.36156182795062264,0.6309148040811061,0.26584234772324855,0.0,0.36156182795062264
WF-000156,0,0.0,0.0,0.0,0.05423855418048178,0.26947944773564103,1.9957678981248482e-05,0.0,0.05423855418048178
WF-001505,0,0.0,0.0,0.0,0.032050745316313065,0.08539453175078345,0.0072829725263799,0.0,0.032050745316313065
WF-000215,0,0.15417519773267183,2.0,0.2,0.21076130889441816,0.4648728478811039,0.10838606979094652,0.1624708323659682,0.22283392802653063
WF-001359,0,0.0,0.0,0.0,0.43237860060054495,0.8520943435231713,0.29562421604325334,0.0,0.43237860060054495
WF-001195,0,0.0,0.0,0.0,0.33414632775278486,0.5458514430040065,0.17128676447000699,0.0,0.33414632775278486
WF-000892,0,0.0,0.0,0.0,0.30861216603968317,0.651582774980714,0.12448147496734886,0.0,0.30861216603968317
WF-000983,0,0.11182790787599815,1.0,0.1,0.6394201903176585,0.7768618611604824,0.5225414843929167,0.7150502213689632,0.6310168535341802
WF-001536,0,0.0,0.0,0.0,2.3820919374683853e-07,9.96384200401066e-07,9.785700254958877e-09,0.0,2.3820919374683853e-07
WF-000686,0,0.09374528217691096,1.0,0.1,0.17148815183753185,0.25317143195883796,0.112772678325956,0.16076205184006376,0.1726799407261394
WF-000288,0,0.0,0.0,0.0,0.5030249490690404,0.8195545246764142,0.38777885613683616,0.0,0.5030249490690404
WF-000385,0,0.0,0.0,0.0,0.48390004653828644,0.6115760209145423,0.35587772210444263,0.0,0.48390004653828644
WF-000971,0,0.0,0.0,0.0,0.13939374235510074,0.26962268500073533,0.07377814280608952,0.0,0.13939374235510074
WF-001166,0,0.0,0.0,0.0,0.6385760883948631,0.8537591806089098,0.46538129172095216,0.0,0.6385760883948631
WF-001388,0,0.09159980616872587,1.0,0.1,0.506068843519817,0.6646849545343901,0.3986672840416178,0.463558079744465,0.5107922617170783
WF-000797,0,0.0,0.0,0.0,0.5157140169295935,0.6727276782701298,0.41944198561448287,0.0,0.5157140169295935
WF-001047,0,0.0645864580626147,1.0,0.1,0.28942762206071604,0.6462172659120886,0.14248816342856846,0.18693104974386734,0.30081613009592145
WF-000447,0,0.0,0.0,0.0,0.5615902835509373,0.752675498221838,0.3745758186859746,0.0,0.5615902835509373
WF-001116,0,0.1890679301336875,2.0,0.2,0.4669918791725382,0.6996455843409959,0.34383928991994356,0.4414659399219645,0.47337336398518176
WF-000205,0,0.0,0.0,0.0,0.5802377787521157,0.8354333944790052,0.3896573636422977,0.0,0.5802377787521157
WF-000576,0,0.037004497133908534,1.0,0.1,0.15871704758740643,0.3713931826504473,0.04707476649977732,0.05873244532550606,0.1698264478387287
WF-000705,0,0.0,0.0,0.0,0.601757684198092,0.8680150268389121,0.39024695132841347,0.0,0.601757684198092
WF-000186,0,0.0,0.0,0.0,0.29702360039533493,0.5587291096970323,0.17974839161893483,0.0,0.29702360039533493
WF-000671,0,0.05647426587071054,1.0,0.1,0.37975847493482984,0.5926383103871543,0.136583188770019,0.21446581080125146,0.3981243265052275
WF-000660,0,0.16022481973648722,1.0,0.1,0.5178166210533875,0.8829206142984956,0.13857320683939076,0.8296707476483594,0.4831661625428352
WF-000401,0,0.12346405330019293,1.0,0.1,0.4661086914484803,0.7214670191368839,0.2596188399119254,0.5754766832467835,0.45395669235977976
WF-000837,0,0.0,0.0,0.0,0.3363830959118775,0.45482107732997995,0.2404593988140896,0.0,0.3363830959118775
WF-000159,1,0.07516992004341692,1.0,0.1,0.5071005235153071,0.7386604787108859,0.3576817739755108,0.38118705806620495,0.5210909085652072
WF-000979,0,0.0,0.0,0.0,0.5977168145092053,0.9202864258089467,0.414472771773072,0.0,0.5977168145092053
WF-001045,0,0.09825258464657846,1.0,0.1,0.5247273747065557,0.5620130915196034,0.4392708055002825,0.5155582079973277,0.5257461710075813
WF-000883,0,0.0,0.0,0.0,0.48991416975460933,0.6692190800217485,0.3595817353781202,0.0,0.48991416975460933
WF-000652,0,0.05650794324098565,1.0,0.1,0.09476220259805812,0.24235132724053085,0.0369651616612232,0.05354817165801851,0.09934153936917361
WF-001090,0,0.0,0.0,0.0,0.40225849358381965,0.6159508470962937,0.3317435048160247,0.0,0.40225849358381965
WF-001013,0,0.27756164180480314,1.0,0.1,0.11668871767941587,0.3238831205919583,0.03964889671674377,0.3238831205919583,0.09366711735580002
WF-000825,0,0.0,0.0,0.0,0.17096496067538186,0.3880259679010473,0.06772501158113044,0.0,0.17096496067538186
WF-000573,0,0.0,0.0,0.0,0.24149581120861524,0.45925980762718227,0.1298567539030023,0.0,0.24149581120861524
WF-000107,0,0.0,0.0,0.0,0.3298500654078971,0.5560542064727388,0.20402086399578223,0.0,0.3298500654078971
WF-001506,0,0.0,0.0,0.0,0.09939386963386834,0.6667555803547325,0.006815867330881468,0.0,0.09939386963386834
WF-001191,0,0.10036064110558031,1.0,0.1,0.3331666983296557,0.49833438024876325,0.21816579394892088,0.33436823439393715,0.3330331943225133
WF-000678,0,0.0,0.0,0.0,0.23706482420461014,0.7686962834878298,0.04329780575432417,0.0,0.23706482420461014
WF-000180,0,0.0,0.0,0.0,0.4465395663648283,0.6404809690466896,0.3373788751870713,0.0,0.4465395663648283
WF-001235,0,0.0,0.0,0.0,0.5245723528178304,0.70791226154563,0.38926725682105584,0.0,0.5245723528178304
WF-000057,0,0.14425478865042857,1.0,0.1,0.3519536073869442,0.5077099324835955,0.22481907991437652,0.5077099324835955,0.33464734904287186
WF-000911,0,0.0,0.0,0.0,0.5377709912022302,0.6611380951725591,0.45344358988571554,0.0,0.5377709912022302
WF-001133,0,0.21164950399736615,2.0,0.2,0.4343623293066282,0.6319145455908081,0.29130733089761385,0.45966285776444243,0.42803719719217465
WF-000728,0,0.17807010357190511,1.0,0.1,0.35546248559554333,0.8602035249063316,0.13147977117097928,0.6329724162592523,0.3246280488551312
WF-000565,0,0.0,0.0,0.0,0.011759212196745927,0.10313625871283826,9.805247843174287e-05,0.0,0.011759212196745927
WF-001231,0,0.03143919110738527,1.0,0.1,0.24863582600014392,0.6283040586886987,0.07816909249761117,0.07816909249761117,0.26757657416709196
WF-000244,1,0.06059733690186639,1.0,0.1,0.028860818145198985,0.07252364685801951,0.006105135314080615,0.017488887204081215,0.03012436602754541
WF-000752,0,0.0948360245508997,1.0,0.1,0.6290914655771288,0.7932983753062458,0.5281355359382259,0.5966053367423406,0.6327010354476609
WF-001555,0,0.2130368617571026,2.0,0.2,0.34055586668201915,0.8501628612687393,0.16574230735268838,0.3627547654545379,0.33500614198888945
WF-000962,0,0.0,0.0,0.0,0.5904537442431091,0.8911729514563179,0.40997612523820437,0.0,0.5904537442431091
WF-000050,1,0.0,0.0,0.0,0.06398262006118369,0.34545676800428027,0.0009604120455014672,0.0,0.06398262006118369
WF-000094,0,0.16201948484141956,1.0,0.1,0.40990094930038506,0.6641194064165723,0.2837041420433424,0.6641194064165723,0.3816544540652531
WF-000765,0,0.10546104310350389,1.0,0.1,0.584827114785127,0.8105060147438666,0.4039823428751188,0.6167647756045209,0.5812784858051943
WF-000662,0,0.3100542012922574,1.0,0.1,0.13397390751126076,0.41539172887406717,0.05285630325684168,0.41539172887406717,0.10270526069317115
WF-001372,0,0.34121339209484913,3.0,0.3,0.5429823878552866,0.924342807142966,0.39419894037401404,0.6175762080262112,0.5110136077820333
WF-000060,0,0.0,0.0,0.0,0.4260817779760817,0.8564461585021812,0.21687323089805213,0.0,0.4260817779760817
WF-001450,0,0.3000763561803815,2.0,0.2,0.3844575427677933,0.7842348420721512,0.18059472571028856,0.576833092699113,0.33636365528496337
WF-001105,0,0.07998717973401988,1.0,0.1,0.49662222660689703,0.8847213769195645,0.25671747673629547,0.39723411299515027,0.5076653503415356
WF-001110,0,0.12391739551594676,1.0,0.1,0.2948057863691331,0.37282517998805126,0.20587292689425324,0.36531565229893576,0.28697135682137725
WF-000334,0,0.0,0.0,0.0,0.37980753325711347,0.5081528042681257,0.2604741484904991,0.0,0.37980753325711347
WF-000695,0,0.0,0.0,0.0,0.23576298167186258,0.911348076928088,0.032535364899505405,0.0,0.23576298167186258
WF-000633,0,0.0,0.0,0.0,0.5157022420630036,0.789926381646246,0.36785071167307526,0.0,0.5157022420630036
WF-001018,0,0.10532930354375952,1.0,0.1,0.5038472073203507,0.7522494922864879,0.3872045751129044,0.5306987543952075,0.500863702089811
WF-000194,0,0.08475469099841022,1.0,0.1,0.513160727886001,0.7393905528826186,0.32554998296233983,0.43492778924497283,0.5218532766238929
WF-000624,0,0.0,0.0,0.0,0.35798889589133714,0.6172643850631522,0.24195414508071425,0.0,0.35798889589133714
WF-001327,0,0.0,0.0,0.0,0.49592864618504484,0.8170100511400429,0.3857836207211395,0.0,0.49592864618504484
WF-000424,0,0.10582642094699578,1.0,0.1,0.29642402491506964,0.9770596753963536,0.06920252732732178,0.31369493639464924,0.2945050347506719
WF-000092,0,0.0,0.0,0.0,0.4050729927690614,0.6829111056445473,0.2498970032088497,0.0,0.4050729927690614
WF-000729,0,0.0254672021394404,1.0,0.1,0.28460460548296956,0.7944531865532517,0.031462140390813985,0.07248083017650474,0.30817391385035453
WF-000782,0,0.0,0.0,0.0,0.09944884894487752,0.3920368978234243,0.005755354398274007,0.0,0.09944884894487752
WF-001036,0,0.04411281188663683,1.0,0.1,0.377306177718827,0.747484144947563,0.15515453079515049,0.16644036441376578,0.40073571253050044
WF-000160,0,0.0,0.0,0.0,0.23318067083062308,0.5297211319632811,0.11654110900689224,0.0,0.23318067083062308
WF-000929,0,0.11525315435545477,1.0,0.1,0.5733748946284919,0.8090450014045564,0.4379622045386489,0.6608326523416019,0.5636573659937019
WF-001385,0,0.0,0.0,0.0,0.6518408204349763,0.9484330367852583,0.4776886892934123,0.0,0.6518408204349763
WF-001029,0,0.0,0.0,0.0,0.6915437585840152,0.8538708650529434,0.5619616150678427,0.0,0.6915437585840152
WF-000991,0,0.23567406537790295,1.0,0.1,0.3471461061118307,0.8181333410748403,0.19051907000312943,0.8181333410748403,0.29481419111594076
WF-000413,0,0.0,0.0,0.0,0.10637550054529057,0.3438833694243359,0.031326732935235704,0.0,0.10637550054529057
WF-001119,0,0.13742011153209646,1.0,0.1,0.618445504895161,0.9490550154302276,0.3816463897165083,0.8498685025921674,0.5927318384843825
WF-001265,0,0.0,0.0,0.0,0.1800856557150406,0.42062875503802744,0.07852642853817007,0.0,0.1800856557150406
WF-000809,0,0.0,0.0,0.0,0.20990426246062074,0.4200866360852094,0.1132659116422192,0.0,0.20990426246062074
WF-000074,0,0.0,0.0,0.0,0.30716863554374635,0.4225775620266609,0.13794278337784602,0.0,0.30716863554374635
WF-000857,0,0.0,0.0,0.0,0.4758188489725635,0.6312887875365112,0.35180946087895526,0.0,0.4758188489725635
WF-001198,0,0.0,0.0,0.0,0.7026238451771561,0.9842657363072891,0.4816148807673689,0.0,0.7026238451771561
WF-000163,0,0.15113501356807618,3.0,0.3,0.017594190959688595,0.07631372290856547,0.00258349311061358,0.008863660964706198,0.021335846671823897
WF-000829,0,0.0,0.0,0.0,0.1970862855645809,0.2939351629496443,0.12923962703704558,0.0,0.1970862855645809
WF-001318,0,0.0,0.0,0.0,0.2786717997005085,0.5930866433256093,0.15173198130688495,0.0,0.2786717997005085
WF-000696,0,0.1093583905142961,1.0,0.1,0.08825282644520603,0.16310402811257932,0.0393117008364599,0.0965118705838524,0.08733515487424533
WF-000434,0,0.16685035631242334,1.0,0.1,0.17891033057388084,0.29877640525907045,0.10112724001288854,0.29851252404225465,0.16562119796628375
WF-000511,0,0.0,0.0,0.0,0.48402653167370524,0.6437660906409979,0.4126535638759596,0.0,0.48402653167370524
WF-001212,1,0.06777298280983972,1.0,0.1,0.41637989714411106,0.8013937558606108,0.2535192988565444,0.2821930761151067,0.4312895439251115
WF-000361,0,0.005453562975670529,1.0,0.1,0.10780270625382729,0.6916003400313044,0.0026511625080971792,0.005879088475029583,0.11912755267369371
WF-001170,0,0.08918427805751124,1.0,0.1,0.3727690383774557,0.6160474343805166,0.29279863457753585,0.33245137569886085,0.37724877867507733
WF-001073,0,0.0,0.0,0.0,0.7248541442540353,0.941141251122544,0.5700847931144153,0.0,0.7248541442540353
WF-001063,1,0.0,0.0,0.0,0.14963899647577816,0.2826251511225887,0.06324415470513957,0.0,0.14963899647577816
WF-001486,0,0.0,0.0,0.0,0.24715444420293156,0.38070199825487483,0.1605708906296215,0.0,0.24715444420293156
WF-001527,0,0.0,0.0,0.0,0.5797361834685744,0.8589573257428345,0.4454301287595608,0.0,0.5797361834685744
WF-000552,0,0.0,0.0,0.0,0.4602041935907642,0.8338572339511646,0.2574185466500151,0.0,0.4602041935907642
WF-000161,0,0.021258378934232155,1.0,0.1,0.03857848939075924,0.19066725285571165,0.00046864274982685053,0.00820116146179015,0.041953748049533585
WF-001360,0,0.0,0.0,0.0,0.3868351406938551,0.676964119746823,0.23727921772913038,0.0,0.3868351406938551
WF-000862,0,0.0,0.0,0.0,0.020900631015558047,0.05634406100180979,0.0030548238462343954,0.0,0.020900631015558047
WF-000187,1,0.019483381733369498,1.0,0.1,0.03586976523762734,0.08067057863981562,0.006089536174712062,0.006988643288110406,0.03907877878757367
WF-001140,0,0.13662526211358844,1.0,0.1,0.34370757714239675,0.6461142464525709,0.21552786018857056,0.46959137817506375,0.32972048813876703
WF-000989,0,0.05600673843793761,1.0,0.1,0.33631075203564487,0.6395390950300789,0.18835668323126456,0.18835668323126456,0.35275009301390936
WF-000226,0,0.0,0.0,0.0,0.5904937382112825,0.7897644400570791,0.4129018807620915,0.0,0.5904937382112825
WF-000689,0,0.0753206361979502,1.0,0.1,0.5382846991207662,0.7151843438623158,0.38511288744635375,0.4054394599339831,0.553045281252631
WF-000392,0,0.06689670375375506,1.0,0.1,0.38486431568607093,0.9058142064164161,0.2039838275272394,0.25746154111842756,0.3990201795269202
WF-000039,1,0.19069157537965123,2.0,0.2,0.06744325033217943,0.17618556282840964,0.02204312661291416,0.0643042982728374,0.06822798834701493
WF-000210,0,6.068168316859775e-06,2.0,0.2,1.1729533653353939e-06,1.1729394041577256e-05,2.865510269626197e-20,3.558839224341143e-11,1.4661828095711817e-06
WF-001144,0,0.0,0.0,0.0,0.3873948871070533,0.6588036785469163,0.25539639596550723,0.0,0.3873948871070533
WF-001301,0,0.22678526242891076,2.0,0.2,0.528163999174074,0.6797297200606337,0.40194019869711056,0.5988990557909768,0.5104802350198481
WF-001406,0,0.0,0.0,0.0,0.23444695315485747,0.49314354419562156,0.12203959669234575,0.0,0.23444695315485747
WF-000242,1,0.0,0.0,0.0,0.4164821532150877,0.7711533203148128,0.3091576907741895,0.0,0.4164821532150877
WF-000427,0,0.1,1.0,0.1,1.174770301074256e-14,1.174770301074256e-13,0.0,0.0,1.3053003345269511e-14
WF-001259,0,0.0,0.0,0.0,0.33365080394168556,0.58262260738318,0.1643099675118744,0.0,0.33365080394168556
WF-001379,0,0.0,0.0,0.0,0.1976960116264225,0.3001456223535885,0.1070563341685441,0.0,0.1976960116264225
WF-000365,0,0.0,0.0,0.0,0.5354601127685704,0.7895340499947912,0.3969572167780879,0.0,0.5354601127685704
WF-000872,1,0.09297701057010746,1.0,0.1,0.42355859300054,0.667677917522139,0.3088825411864076,0.39381211778471054,0.42686375691340994
WF-001375,0,0.0972090984807207,1.0,0.1,0.32896800475379145,0.5703303516132819,0.19239301546585605,0.31978683171117506,0.3299881350918599
WF-001332,0,0.0,0.0,0.0,0.5298771367205698,0.8109022457055366,0.3682160621134872,0.0,0.5298771367205698
WF-000508,0,0.0,0.0,0.0,0.641378984195878,0.9984556392426678,0.5027083973691956,0.0,0.641378984195878
WF-000134,0,0.0,0.0,0.0,0.38519556662721927,0.6412172782617729,0.2574391953244229,0.0,0.38519556662721927
WF-001075,0,0.0,0.0,0.0,0.549769279542003,0.7959265580902286,0.3881262238219247,0.0,0.549769279542003
WF-000129,0,0.0,0.0,0.0,0.20347749176514793,0.33623046899367465,0.1255215535611043,0.0,0.20347749176514793
WF-000712,0,0.0,0.0,0.0,0.6445744433281627,0.8457622662639939,0.5421467556986428,0.0,0.6445744433281627
WF-000871,0,0.0,0.0,0.0,0.3244432546404188,0.7118058368128709,0.1522622999764215,0.0,0.3244432546404188
WF-000151,0,0.10408053146813309,1.0,0.1,0.16880315178525246,0.6284688744928525,0.022987798182646457,0.17569121751305017,0.16803781114883054
WF-000827,1,0.0,0.0,0.0,0.4818549570325928,0.5801594633937116,0.40600505377354307,0.0,0.4818549570325928
WF-001114,0,0.0,0.0,0.0,0.11679973206822543,0.3072563603082534,0.059517356922182074,0.0,0.11679973206822543
WF-000604,0,0.0,0.0,0.0,0.14377712508118373,0.39726388105714466,0.061358714368055,0.0,0.14377712508118373
WF-000088,0,0.0,0.0,0.0,0.3357002801053664,0.7982453144185597,0.14580689770259592,0.0,0.3357002801053664
WF-001543,0,0.0,0.0,0.0,0.35101423717409175,0.8749286750617928,0.08948300688245421,0.0,0.35101423717409175
WF-000987,0,0.10665039475655406,1.0,0.1,0.3822363044153553,0.5087655147837562,0.2922519797174176,0.40765652756184007,0.37941183517685695
WF-000089,0,0.10979310128050468,1.0,0.1,0.36839780690620455,0.6379482646522805,0.24055469021452194,0.40447537725168725,0.3643891879789287
WF-000132,1,0.030176687561266027,1.0,0.1,0.19660057531536101,0.7005901898283301,0.04534631902634246,0.059327541356567995,0.21185313464411581
WF-000061,0,0.0,0.0,0.0,0.38503092416433915,0.6682303476658655,0.23228342174378658,0.0,0.38503092416433915
WF-000371,0,0.234939528554229,2.0,0.2,0.5031309419027437,0.8803472718542353,0.26049100546697523,0.5910267314583788,0.48115699451383487
WF-001146,0,0.08540956081511525,1.0,0.1,0.4319195287964295,0.9312771265603442,0.23716151014417933,0.3689005726197456,0.4389216350382832
WF-000994,0,0.0,0.0,0.0,0.5816033749631477,0.7906065844853697,0.46294157242257983,0.0,0.5816033749631477
WF-001083,0,0.0,0.0,0.0,0.3496375306872618,0.8707613050495928,0.18796321754962547,0.0,0.3496375306872618
WF-001180,0,0.19401323013982166,2.0,0.2,0.4381634999898255,0.6004657609101751,0.2909871434837717,0.4250475798119788,0.4414424800342871
WF-000491,0,0.061571769648402275,1.0,0.1,0.2438740806617557,0.5109633021755512,0.15015758717721497,0.15015758717721497,0.2542870243822602
WF-000390,0,0.27564160873402227,3.0,0.3,0.5510363119383825,0.6745941616799872,0.44816285669429773,0.5062951183118609,0.5702111092068918
WF-000067,0,0.0,0.0,0.0,0.2589737826900851,0.6654949143158565,0.12810433904403132,0.0,0.2589737826900851
WF-000195,0,0.09310895778769929,1.0,0.1,0.49868205602159776,0.6357303535822842,0.38196646871221335,0.4643176650359803,0.5025003216866665
WF-000423,0,0.0,0.0,0.0,0.08740900207667494,0.46040688438184346,0.007526433815473275,0.0,0.08740900207667494
WF-001348,0,0.0,0.0,0.0,0.37888867032122475,0.7217857544007553,0.22469540671761237,0.0,0.37888867032122475
WF-001416,0,0.13670076944678144,1.0,0.1,0.4223629586453869,0.5907209480468578,0.27901569231343337,0.5773734143264353,0.4051395746808261
WF-000943,0,0.0,0.0,0.0,0.6055046529604752,0.7303604444327368,0.5289922506942294,0.0,0.6055046529604752
WF-000958,0,0.09193609151927801,1.0,0.1,0.4590730713796159,0.8312689611984011,0.19151651827100294,0.42205383904392413,0.46318631941691496
WF-001339,0,0.0,0.0,0.0,0.6012158521184061,0.7928688085906757,0.442407946758232,0.0,0.6012158521184061
WF-000439,0,1.2243956085860632e-287,1.0,0.1,8.760752959492772e-09,8.760752952108182e-08,1.0726627451510307e-294,1.0726627451510307e-294,9.734169954991969e-09
WF-000165,0,0.0,0.0,0.0,0.12142978925887878,0.5350642819957071,0.02080195439272899,0.0,0.12142978925887878
WF-001039,0,0.0,0.0,0.0,0.32334764718177605,0.4751392755825078,0.19760444290811074,0.0,0.32334764718177605
WF-001282,0,0.10834640731403088,1.0,0.1,0.37872387438915095,0.6222501016482914,0.20466493553931447,0.41033371154114817,0.37521167026115126
WF-000083,1,0.1592966587955654,2.0,0.2,0.4750604263103556,0.7974606902231387,0.3078738107500558,0.37837769318618275,0.49923110959139877
WF-000419,0,0.183048169703132,2.0,0.2,0.36724802843078536,0.7688649834699606,0.18946405846824368,0.3361203971566952,0.3750299362493079
WF-001400,0,0.11244268366535311,1.0,0.1,0.35316803613322895,0.8072526031500351,0.1716744303258127,0.3971116176764266,0.34828541596176255
WF-000645,0,0.2851875852876363,1.0,0.1,0.2117117690802484,0.6037756820096971,0.049135777736173086,0.6037756820096971,0.16814911208808747
WF-000683,0,0.07172294632448861,1.0,0.1,0.7270054299995228,0.9183017560140315,0.5214297143346753,0.5214297143346753,0.7498471761845058
WF-000136,0,0.06689393787297902,1.0,0.1,0.07171752819164903,0.22294109624977587,0.025977821756184936,0.047974678752557925,0.07435562257377028
WF-000486,0,0.0,0.0,0.0,0.6838397582655572,0.8657726315550173,0.553570373637903,0.0,0.6838397582655572
WF-000455,0,0.11564825581810852,1.0,0.1,0.627749830562839,0.8155105103947738,0.4711170970575764,0.7259817299470548,0.616835175075704
WF-001197,0,0.0,0.0,0.0,0.05761704088902977,0.21160461164784644,0.012667824073784386,0.0,0.05761704088902977
WF-000998,0,0.0967896278425713,1.0,0.1,0.4431618152861828,0.7573368649255033,0.2775451796321779,0.42893467175587957,0.4447426090117721
WF-001496,0,0.0,0.0,0.0,0.488389840096694,0.7317654144411565,0.37120064365717176,0.0,0.488389840096694
WF-000952,0,0.16330616626707928,1.0,0.1,0.1500821769301364,0.28041003928670394,0.05266530855978084,0.24509344939478062,0.13952536887850925
WF-001150,0,0.0,0.0,0.0,0.6484859701192546,0.8376781429188006,0.4249532891109689,0.0,0.6484859701192546
WF-001042,0,0.0,0.0,0.0,0.5183289055538418,0.6967241984349453,0.31459918995516284,0.0,0.5183289055538418
WF-000031,0,0.0,0.0,0.0,0.6734684914211555,0.817545752780936,0.5186270004893755,0.0,0.6734684914211555
WF-000248,0,0.0,0.0,0.0,0.619963636179981,0.8806216194667488,0.5129385974471545,0.0,0.619963636179981
WF-000935,0,0.0,0.0,0.0,0.4474588461853598,0.78271567608311,0.2814177047879751,0.0,0.4474588461853598
WF-000200,0,0.06116340920393921,1.0,0.1,0.21934961261531355,0.804858301244562,0.05805074920180293,0.1341617011511597,0.22881493611133064
WF-000295,1,0.0,0.0,0.0,0.5100567399322697,0.78469611647297,0.31857934549917044,0.0,0.5100567399322697
WF-000500,0,0.11662841826111915,1.0,0.1,0.377264930610895,0.7668845663373857,0.26020703744023277,0.43999812122539556,0.3702945760981728
WF-001515,0,0.0,0.0,0.0,0.6185734847097918,0.8446821323672742,0.4751934663630685,0.0,0.6185734847097918
WF-000730,0,0.0,0.0,0.0,0.330161168334203,0.5343688093720804,0.13317170763233768,0.0,0.330161168334203
WF-001390,0,0.11004661078516946,1.0,0.1,0.5542228350571226,0.7925226506410021,0.3601027426230985,0.6099034461778434,0.5480361004881537
WF-000116,1,0.5664377262086863,2.0,0.2,0.05825958575772827,0.32838073984611216,0.0016235330185634905,0.16500213643233783,0.031573948089075876
WF-000084,0,0.2745175660415778,2.0,0.2,0.04741329963457229,0.12965110731394414,0.0169323846969351,0.06507891806841407,0.04299689502611184
WF-000260,0,0.0,0.0,0.0,0.30293684945353444,0.51312169849969,0.20302303444730496,0.0,0.30293684945353444
WF-000920,0,0.0,0.0,0.0,0.45503684398243693,0.7602423994575203,0.29528373568603733,0.0,0.45503684398243693
WF-000693,0,0.09634129484510522,1.0,0.1,0.30510755603777223,0.6175997383068741,0.22098703787943336,0.2939445701570448,0.3063478878022975
WF-000310,0,0.0,0.0,0.0,0.5361366702772072,0.8660392718677765,0.3303391752040596,0.0,0.5361366702772072
WF-000563,0,0.0,0.0,0.0,0.644464900340789,0.9166696509243611,0.4916520555805727,0.0,0.644464900340789
WF-000469,0,0.0,0.0,0.0,0.3769543721982355,0.6104597360154175,0.2660943195079875,0.0,0.3769543721982355
WF-000852,0,0.0,0.0,0.0,0.20684559674830574,0.5913313257538524,0.026753379071096078,0.0,0.20684559674830574
WF-000201,0,0.0,0.0,0.0,0.39970065222629503,0.6403426900298268,0.21683758114709753,0.0,0.39970065222629503
WF-000750,0,0.07379285666326132,1.0,0.1,0.46408192501057544,0.6139781285928295,0.34245930972315786,0.34245930972315786,0.4775955489313996
WF-001229,0,0.0,0.0,0.0,0.5466230310996887,0.7075636642876553,0.4129669433675651,0.0,0.5466230310996887
WF-000655,0,0.0,0.0,0.0,0.08795936397554095,0.2516060665788525,0.02693394976352276,0.0,0.08795936397554095
WF-000416,0,0.0006457363202939981,2.0,0.2,0.007300296277466449,0.07261409404813841,3.5911193285048787e-06,2.3570332276335786e-05,0.009119477763763977
WF-001046,0,0.0,0.0,0.0,0.36551605323310843,0.7580458665067038,0.1230459288630779,0.0,0.36551605323310843
WF-000889,0,0.1203330632634011,1.0,0.1,0.5442575082770498,0.6797100127737126,0.46319009730458893,0.6549217317508328,0.5319614834466294
WF-000860,0,0.0884356335682735,1.0,0.1,0.22032617445426386,0.681449286541041,0.056699155304003615,0.1948468482953678,0.22315721069414116
WF-001058,0,0.22329676878411606,2.0,0.2,0.5074496556594138,0.8737541045192188,0.31311815620404354,0.5665593421467972,0.4926722340375679
WF-000036,0,0.0,0.0,0.0,0.5173202878897982,0.673814073315638,0.3624805331393932,0.0,0.5173202878897982
WF-001169,0,0.0,0.0,0.0,0.42937928491523414,0.6518867914258037,0.3276688895295451,0.0,0.42937928491523414
WF-001233,0,0.0,0.0,0.0,0.5250991781353594,0.7843082456969271,0.3688353807889867,0.0,0.5250991781353594
WF-001456,0,0.1937135512942109,1.0,0.1,0.4428909509212645,0.8579397893902821,0.27910271867738706,0.8579397893902821,0.39677441331359586
WF-001349,0,0.0,0.0,0.0,0.4282935423727669,0.7396118840195336,0.19798485070044683,0.0,0.4282935423727669
WF-000124,0,0.0,0.0,0.0,0.3590648550824738,0.8381146895029101,0.14801926943923768,0.0,0.3590648550824738
WF-000213,0,0.08966205052347954,1.0,0.1,0.6200644399864907,0.922758232754991,0.5070471384733853,0.5559624914588178,0.6271868787117877
WF-001329,1,0.08297600714640853,1.0,0.1,0.590138204194184,0.8766971568680244,0.48482955433878744,0.489673118485853,0.6013009914951096
WF-000111,0,0.0,0.0,0.0,0.21808849549106507,0.498765645057628,0.10846557734158559,0.0,0.21808849549106507
WF-001344,1,0.0,0.0,0.0,0.30048794999594686,0.6434344645379637,0.1847180893678834,0.0,0.30048794999594686
WF-001178,0,0.07755115161954228,1.0,0.1,0.07066781011711339,0.3460748457308262,0.012473282070046708,0.05480370057013284,0.07243048895566678
WF-000261,0,0.0,0.0,0.0,0.4273449262893821,0.7373759150326629,0.2498753099445534,0.0,0.4273449262893821
WF-000625,0,0.0,0.0,0.0,0.6975591486638744,0.8490628922690561,0.45352440248279235,0.0,0.6975591486638744
WF-000614,0,0.004917383100488817,1.0,0.1,0.05390254434597488,0.3353738879134561,0.0010005329069064904,0.002650594606402459,0.059597205428149586
WF-000143,0,0.08129643897437921,1.0,0.1,0.5758421993463341,0.7590610394646304,0.44689613081325247,0.4681392021803155,0.5878091990314471
WF-000076,0,0.20821628171547454,2.0,0.2,0.4327663555249024,0.7560374294668905,0.13945378485956617,0.45054500699476147,0.42832169265743764
WF-000514,0,0.0,0.0,0.0,0.1845268794294827,0.7699271243190192,0.0014335185465421047,0.0,0.1845268794294827
WF-000373,0,0.0,0.0,0.0,0.017473035593042033,0.07338872546451125,0.00015736089058857278,0.0,0.017473035593042033
WF-001201,0,0.07540906045476123,1.0,0.1,0.2728148404495113,0.64691320643053,0.13015270567692597,0.20572710796413235,0.2802690329478868
WF-000351,0,0.0,0.0,0.0,0.6121397963733737,0.9205160222458394,0.4421807530193465,0.0,0.6121397963733737
WF-001193,0,0.0,0.0,0.0,0.665644705178039,0.9149576527879243,0.5263162832042738,0.0,0.665644705178039
WF-000539,0,0.0,0.0,0.0,0.44568328392553713,0.6643290848831774,0.3055109134692793,0.0,0.44568328392553713
WF-000692,0,0.0,0.0,0.0,0.6259766882684616,0.7714327358852402,0.5026727044249935,0.0,0.6259766882684616
WF-001252,0,0.0,0.0,0.0,0.4384210202328614,0.7336208580258824,0.260854572806104,0.0,0.4384210202328614
WF-001309,0,0.0,0.0,0.0,0.1566555969741883,0.43177758266236005,0.022383785488042943,0.0,0.1566555969741883
WF-001535,0,0.1057673721528251,1.0,0.1,0.23856253463713412,0.4526341295242896,0.1470743618836317,0.2523213238268699,0.23703378028271901
WF-000404,0,0.08602575740734784,1.0,0.1,0.3435730958458988,0.7089143031516109,0.2124785064019176,0.2955613579493076,0.3489077333899645
WF-001533,0,0.0,0.0,0.0,0.5991141806305598,0.9103796662486381,0.44514836255768414,0.0,0.5991141806305598
WF-000839,0,0.09113770003374516,1.0,0.1,0.5129605958524608,0.6244541922708757,0.43457568393421225,0.46750048913932757,0.5180117188205867
WF-000880,0,0.1124798165435356,1.0,0.1,0.48575417254089687,0.9174846592964633,0.22011261062469528,0.5463754021265702,0.479018480364711
WF-001070,0,0.0919547219889058,1.0,0.1,0.46188493343174947,0.8176229453341093,0.33851931557022497,0.4247250064458078,0.4660138142079653
WF-000158,1,0.0,0.0,0.0,3.739891002523786e-19,3.0876911769330373e-18,4.524185885846322e-23,0.0,3.739891002523786e-19
WF-000561,0,0.08732062359027305,1.0,0.1,0.5888601653600307,0.8843425873907472,0.42938175710130544,0.5141963684670919,0.5971561427925794
WF-001268,0,0.07635121385515067,1.0,0.1,0.2413139584021923,0.7541544473458751,0.07220723742436831,0.18424613644198717,0.2476548275088818
WF-000280,0,0.17223088469690234,2.0,0.2,0.1737094621214655,0.5246950779568791,0.022629925439964452,0.14959067170701526,0.17973915972507812
WF-001424,0,0.23716896288743797,3.0,0.3,0.39748786953602494,0.7373222387727464,0.16245939708452425,0.3142392859273209,0.4331658339397552
WF-000816,0,0.07124963623163998,1.0,0.1,0.5243896698881352,0.8097380724145551,0.373625732231594,0.373625732231594,0.5411412185166397
WF-001010,0,0.14184841528332176,2.0,0.2,0.4126088767263726,0.7568555963318906,0.1900652883239764,0.29263957647733707,0.4426012017886315
WF-001208,0,0.09570664795772052,1.0,0.1,0.20617416116244341,0.39417762884435636,0.10765362892939367,0.19732237860352309,0.20715769255787897
WF-000798,1,0.0,0.0,0.0,0.19137709342763745,0.49816647593007035,0.09740730370574928,0.0,0.19137709342763745
WF-000287,0,0.16509499658435955,2.0,0.2,0.6742933661768309,0.8476168621515867,0.4797678323052055,0.556612304929101,0.7037136314887634
WF-000956,0,0.03044334656387226,1.0,0.1,0.3033250801907255,0.6490918048656849,0.09234230537760602,0.09234230537760602,0.3267676107255166
WF-000098,0,0.26231717292767753,1.0,0.1,0.07218438584059382,0.4085866285482557,0.0034646100593383102,0.18935204023225247,0.05916575757485397
WF-001064,0,0.0,0.0,0.0,0.6197045987836078,0.9470724280389333,0.4337809299050515,0.0,0.6197045987836078
WF-000788,0,0.0,0.0,0.0,0.5084402714618521,0.8757260197782039,0.35639852174941883,0.0,0.5084402714618521
WF-000316,0,0.0,0.0,0.0,0.13151194874924774,0.43379017744450316,0.03355464314785103,0.0,0.13151194874924774
WF-000481,0,0.0,0.0,0.0,0.655567866201556,0.8721704768321055,0.49024964719622305,0.0,0.655567866201556
WF-000262,0,0.0,0.0,0.0,0.4396416211889971,0.6322464641022719,0.33917039528864895,0.0,0.4396416211889971
WF-000558,0,0.0175097463277025,1.0,0.1,0.26568438595010485,0.8596598918516822,0.046520662012177416,0.046520662012177416,0.2900359108320968
WF-001027,0,0.0,0.0,0.0,0.42453302034962376,0.9299147315609658,0.2098206664913369,0.0,0.42453302034962376
WF-001343,1,0.0,0.0,0.0,0.6660114862445251,0.9612434393411898,0.5572970918095028,0.0,0.6660114862445251
WF-000352,1,0.02658518430752649,1.0,0.1,0.23409051219560534,0.6463437103586174,0.06223339411363446,0.06223339411363446,0.25318574753804657
WF-001528,0,0.09849503916861874,1.0,0.1,0.5483797042677152,0.7003799248397243,0.4006112184549816,0.5401268045112416,0.5492966931295455
WF-000601,0,0.08634052161009384,1.0,0.1,0.5439415956390217,0.7188218727972784,0.39309450038377053,0.46964201092899877,0.5521971050512464
WF-000044,0,0.0,0.0,0.0,0.4301187375356997,0.6257737397981935,0.31558649990591686,0.0,0.4301187375356997
WF-001435,0,0.0,0.0,0.0,0.6127982801806188,0.7539408336436283,0.4405263625755412,0.0,0.6127982801806188
WF-000112,0,0.0,0.0,0.0,0.18579101719425434,0.7021048446402187,0.048078624869307855,0.0,0.18579101719425434
WF-001118,0,0.0,0.0,0.0,0.5068660407732015,0.8679535769693953,0.28727755026514795,0.0,0.5068660407732015
WF-000266,0,0.02220647086196238,1.0,0.1,0.29349975020997193,0.8803268312734707,0.06517593651030978,0.06517593651030978,0.3188690628432677
WF-000006,0,0.3400983792715928,1.0,0.1,0.09253231950735086,0.31470091894691216,0.007465213024993938,0.31470091894691216,0.06784691956962181
WF-000294,0,0.18681737055799127,2.0,0.2,0.6189422415629698,0.7716192505014252,0.5291167762229727,0.5781458104803154,0.6291413493336334
WF-000133,0,0.0,0.0,0.0,0.5176557150592893,0.8625953861632097,0.3196662341722664,0.0,0.5176557150592893
WF-000023,0,0.0,0.0,0.0,0.1520731039406664,0.4260227409375012,0.04911555355248392,0.0,0.1520731039406664
WF-001136,0,0.0,0.0,0.0,0.3132611537919582,0.465776283576017,0.18358024954523136,0.0,0.3132611537919582
WF-000760,0,0.091262836122336,1.0,0.1,0.7600241178174526,0.9057255210865339,0.6271357907897432,0.6936195651339717,0.7674024014489507
WF-001444,1,0.20568240125852086,2.0,0.2,0.5210628300862703,0.7509003027400601,0.39358395726142487,0.5358672704935236,0.5173617199844569
WF-001211,0,0.07888108455147898,1.0,0.1,0.34050772876166086,0.6627701106743522,0.22007818337629367,0.2685961894288064,0.34849789979864465
WF-000661,0,0.0,0.0,0.0,0.08948135518793879,0.4181175679664441,0.003475477692041989,0.0,0.08948135518793879
WF-000919,0,0.09286583209211163,1.0,0.1,0.40099717940968993,0.5003570716374033,0.30759571394175494,0.3723893673247063,0.4041758251969104
WF-001547,0,0.026880911668344554,1.0,0.1,0.2802513313527626,0.6095406678082198,0.07533411283029572,0.07533411283029572,0.3030199111885923
WF-000363,0,0.0,0.0,0.0,0.42907152951366123,0.89797525655536,0.17832408484285725,0.0,0.42907152951366123
WF-000703,0,0.11489600565557734,1.0,0.1,0.41916430156776635,0.5186527465256621,0.3119069505709845,0.4816030396354621,0.41222666400468905
WF-000884,0,0.0,0.0,0.0,0.3308879098452363,0.8248737869580504,0.19341532815389292,0.0,0.3308879098452363
WF-001085,0,0.21415022548147072,2.0,0.2,0.4019907886276175,0.8365854078130118,0.19342487332792177,0.43043209013039263,0.39488046325192366
WF-000285,0,0.0,0.0,0.0,0.43657285162528786,0.5332813005479736,0.34877783221563957,0.0,0.43657285162528786
WF-000664,0,0.06691323763214618,1.0,0.1,0.437198281088627,0.9378495547021461,0.29254352474849143,0.29254352474849143,0.4532710317930866
WF-000414,0,0.0,0.0,0.0,0.49786227719297554,0.8405439181237533,0.36718725839853156,0.0,0.49786227719297554
WF-000876,0,0.0,0.0,0.0,0.5693315089844108,0.7625056729335853,0.4158780040129282,0.0,0.5693315089844108
WF-000224,0,0.11164423009302711,1.0,0.1,0.18888999549963073,0.4914684352335733,0.01751044740703151,0.21088478119831627,0.186446130421999
WF-000489,0,0.0940226424468761,2.0,0.2,0.15309298190242274,0.41427178819149385,0.056289114267752835,0.07197103349268782,0.17337346900485645
WF-000688,0,0.19503556496849664,2.0,0.2,0.5450936592554694,0.6849622423824457,0.4287536075863313,0.5315632489681783,0.548476261827292
WF-000081,0,0.0,0.0,0.0,0.20266202537740022,0.5197228961446769,0.07220622017246492,0.0,0.20266202537740022
WF-001122,0,0.09532340392617304,1.0,0.1,0.5379041378107019,0.9360234674600193,0.24277479715744277,0.5127485340208939,0.5406992048984584
WF-001311,0,0.0,0.0,0.0,0.12140555030752512,0.48504486910973016,0.027771779164812035,0.0,0.12140555030752512
WF-000815,0,0.08177378244574889,1.0,0.1,0.46548603878223843,0.5533117266642917,0.38064554066912193,0.38064554066912193,0.4749127607948069
WF-001203,0,0.0,0.0,0.0,0.49202530601319044,0.7604335737033735,0.366678208692044,0.0,0.49202530601319044
WF-001407,0,0.05686273837067271,1.0,0.1,0.16757365354547937,0.4344423051585155,0.04461336111858125,0.09528696819374345,0.17560550747345002
WF-001171,0,0.12507836157547034,1.0,0.1,0.6274671161961016,0.8853233082130587,0.4224023773182465,0.7848255883629366,0.6099828415108977
WF-000452,0,0.0,0.0,0.0,0.6009967498393803,0.7831550022385017,0.4613940295312758,0.0,0.6009967498393803
WF-000198,0,0.0,0.0,0.0,0.4281207803347914,0.6578499406263059,0.16402468311707677,0.0,0.4281207803347914
WF-000422,0,0.0,0.0,0.0,0.032733813184390934,0.05034327607337601,0.009998162824594325,0.0,0.032733813184390934
WF-001026,0,0.22618209687920815,2.0,0.2,0.4983182046149319,0.6749451866476109,0.30412453851320276,0.563553282164438,0.48200943522755546
WF-000428,0,0.24609440168389654,4.0,0.4,2.42060454409634e-05,0.00017256527843425423,1.005765828969512e-10,1.4892430674817751e-05,3.0415121951727162e-05
WF-000480,0,0.0,0.0,0.0,0.4802510644869459,0.68838166425712,0.3630204739333012,0.0,0.4802510644869459
WF-000323,0,0.34517677789447354,2.0,0.2,0.22911875359228145,0.7089279341023937,0.0757613878676804,0.3954323656009077,0.1875403505901249
WF-001022,0,0.1386324614119119,1.0,0.1,0.5294632866938929,0.8210163744371297,0.3527216029686903,0.7340079866161515,0.5067360978136419
WF-000804,0,0.15747229298616944,1.0,0.1,0.4687652890679777,0.7381754494185899,0.34210021782744376,0.7381754494185899,0.4388308268067987
WF-000096,0,0.0,0.0,0.0,0.005310882688872179,0.04950816736892142,1.1509606382430072e-06,0.0,0.005310882688872179
WF-001210,0,0.08981101965864975,1.0,0.1,0.5694300282210276,0.8735431052125769,0.42853054923873674,0.5114109145878419,0.5758765964024926
WF-001459,0,0.2,2.0,0.2,0.0,0.0,0.0,0.0,0.0
WF-000162,0,0.0806098885841849,1.0,0.1,0.16103083344157415,0.5378879606158125,0.059934318663895925,0.1298067754234373,0.16450017322136715
WF-000333,0,0.0,0.0,0.0,0.37553119889454495,0.72187999326566,0.16841829431240787,0.0,0.37553119889454495
WF-000596,0,0.09297819139773153,1.0,0.1,0.32226081498932646,0.4188581456207511,0.25228568136526747,0.29963227736066544,0.32477509694806656
WF-000222,0,0.0,0.0,0.0,0.25186084552739146,0.3448584021795133,0.16558278896621517,0.0,0.25186084552739146
WF-000369,1,0.0,0.0,0.0,0.26060019659536937,0.39067317903268745,0.16311880269801765,0.0,0.26060019659536937
WF-000144,0,0.0,0.0,0.0,0.060267523241711675,0.15335774371015926,0.015516815197075005,0.0,0.060267523241711675
WF-000218,0,0.0,0.0,0.0,0.4450109566513851,0.7601324666846087,0.30235436295334905,0.0,0.4450109566513851
WF-000485,0,0.0,0.0,0.0,0.008562927622016814,0.028587677774709008,0.0017126239916155095,0.0,0.008562927622016814
WF-000470,0,0.07519114235201722,1.0,0.1,0.01717830396612943,0.1473867269979325,0.00023265874450782237,0.012916562988834599,0.01765183074138441
WF-001394,0,0.0,0.0,0.0,0.5939758394850775,0.8266697299315744,0.43944160787748326,0.0,0.5939758394850775
WF-001563,0,0.0,0.0,0.0,0.566113765940986,0.7977724802187054,0.39721641666272867,0.0,0.566113765940986
WF-000473,0,0.09441792677249224,1.0,0.1,0.2714646103769506,0.33572135319757634,0.2115881089489461,0.25631125703894053,0.2731483163033961
WF-000011,1,0.0,0.0,0.0,0.05938798003934178,0.13642560095679646,0.011579577317914314,0.0,0.05938798003934178
WF-000016,0,0.5027799172045334,4.0,0.4,0.4320325672234836,0.7240358024664821,0.22185636841260192,0.5430432459457127,0.35802544807533104
WF-001481,0,0.0,0.0,0.0,0.6273846606581832,0.8496440183484484,0.5374004927135156,0.0,0.6273846606581832
WF-000567,0,0.09770092801948213,1.0,0.1,0.5268008220863127,0.7388278012128069,0.39767147715489143,0.5146892919925885,0.5281465476522821
WF-000691,0,0.07668862792971837,1.0,0.1,0.4287633254600073,0.7184195112485213,0.27936909117071884,0.3288127113611124,0.43986894924877334
WF-000663,0,0.0,0.0,0.0,0.6993087735299077,0.8325028471709116,0.5777296386555641,0.0,0.6993087735299077
WF-000221,0,0.15652021826777007,2.0,0.2,0.5489104181640865,0.8142211896708735,0.37391117709210564,0.4295778923024788,0.5787435496294884
WF-000718,0,0.0,0.0,0.0,0.3192173000691204,0.4920679830463805,0.15046594215621018,0.0,0.3192173000691204
WF-000959,0,0.18860696846576377,2.0,0.2,0.6970629388125397,0.943806240032017,0.5560680625053814,0.6573546385963465,0.7069900138665879
WF-001550,0,0.09629518172238472,1.0,0.1,0.6225653147791395,0.8984803353296615,0.46489689360627406,0.5995004012071088,0.6251280829538096
WF-000685,0,0.0,0.0,0.0,0.1355993487966301,0.7021849755003595,0.01497979670553469,0.0,0.1355993487966301
WF-001089,0,0.11318357031804298,1.0,0.1,0.4150853520545235,0.5923070569213418,0.3125635629566491,0.46980842132252787,0.4090050110247452
WF-001303,1,0.0,0.0,0.0,0.41340611328204835,0.7124928185302845,0.2426419454467757,0.0,0.41340611328204835
WF-001111,0,0.06536107887633429,1.0,0.1,0.33204236318644503,0.797034328904497,0.15049413041542614,0.21702647090513671,0.3448219067732571
WF-001187,0,0.0,0.0,0.0,0.5328383040085322,0.7954435599223304,0.4107082038949619,0.0,0.5328383040085322
WF-000408,0,0.19334129369446654,2.0,0.2,0.29631949799785773,0.7622317774478815,0.11445099199668274,0.2864539754490035,0.2987858786350713
WF-001031,0,0.0,0.0,0.0,0.599090682437559,0.7474944903480274,0.4992046580616782,0.0,0.599090682437559
WF-000463,0,0.0,0.0,0.0,0.2917521051500088,0.462876089031237,0.20148387943264673,0.0,0.2917521051500088
WF-001242,1,0.11256397412043227,1.0,0.1,0.5627976468670158,0.8137233453251083,0.4152066950832057,0.6335073975697895,0.5549410079000409
WF-001384,0,0.0,0.0,0.0,0.22538374737829114,0.39610790284174996,0.1452241056406122,0.0,0.22538374737829114
WF-001057,0,0.07368311945702473,1.0,0.1,0.4131825704263852,0.591217176244297,0.25256294515045474,0.3044458069428787,0.42526443303566375
WF-000254,0,0.03475591615880432,1.0,0.1,0.11550427430048538,0.2950216545999487,0.040144568735712066,0.040144568735712066,0.12387757491879353
WF-000425,1,0.14179054336254154,1.0,0.1,0.4816543647336543,0.6829403408852461,0.3711276622213881,0.6829403408852461,0.4592892562723663
WF-000621,0,0.12717742190674006,1.0,0.1,0.3916311961721107,0.6571567994654313,0.2726762891401904,0.498066458674218,0.3798050558940987
WF-000626,0,0.06191126685701513,1.0,0.1,0.2628561598939808,0.5569108059554886,0.130702221854008,0.16273757860206484,0.2739804467041937
WF-000840,0,0.06640068465323161,1.0,0.1,0.3834922322300427,0.7319522258074395,0.17978425236943385,0.2546414677927093,0.3978089838341909
WF-000721,0,0.0,0.0,0.0,0.4124847864705271,0.5083400581366709,0.3195219680785614,0.0,0.4124847864705271
WF-001401,1,0.09687861567062012,1.0,0.1,0.3878825837402793,0.6961342446478734,0.20034480824357292,0.3757752775550164,0.3892278399830863
WF-001040,0,0.058750159162192575,1.0,0.1,0.37008256414229784,0.5876328157830287,0.20271942112601427,0.2174240954651234,0.38704461621753944
WF-000504,0,0.04656601920280367,1.0,0.1,0.17444299823096115,0.3365752637739768,0.06240734990567116,0.08123116005417583,0.18479986913949284
WF-000925,1,0.0,0.0,0.0,0.22525997393753258,0.8616942763995326,0.03810426042616872,0.0,0.22525997393753258
WF-001065,0,0.07357697950943985,1.0,0.1,0.5241747764253983,0.7321245373905177,0.3819969172883205,0.3856719678441675,0.5395639773788684
WF-001094,0,0.0,0.0,0.0,0.35720366695055683,0.6240754327876207,0.26770365607958685,0.0,0.35720366695055683
WF-001561,0,0.0,0.0,0.0,0.25330262584883634,0.40161383761480857,0.14842477525956174,0.0,0.25330262584883634
WF-000814,0,0.0,0.0,0.0,0.48159262547628356,0.7069504581870322,0.33412970813727005,0.0,0.48159262547628356
WF-001402,0,0.0,0.0,0.0,0.20483628165232784,0.70803642119368,0.06897033575056744,0.0,0.20483628165232784
WF-001183,0,0.22855977809980393,2.0,0.2,0.5076222472427483,0.7086750771276596,0.33912587607241657,0.5801101409416318,0.4895002738180274
WF-000753,0,0.07229693268324136,1.0,0.1,0.4005543261713231,0.6683399923253879,0.21811585244967333,0.2895884915518925,0.41288386335125976
WF-001051,0,0.026108295939951665,1.0,0.1,0.14793123900099242,0.49972743588584917,0.02469656837365681,0.0386223256660163,0.16007667381598975
WF-001158,0,0.0,0.0,0.0,0.6686271531060942,0.9103978528064595,0.5143319803841052,0.0,0.6686271531060942
WF-000140,0,0.0,0.0,0.0,0.353325582614732,0.6377689167180153,0.2159292069558889,0.0,0.353325582614732
WF-001336,0,0.07886761579659352,1.0,0.1,0.5475092597447409,0.8900376878292439,0.39211964638437324,0.4318074994262555,0.5603650108912392
WF-000582,0,0.0,0.0,0.0,0.5201182547020013,0.6131976549050373,0.40616870838982166,0.0,0.5201182547020013
WF-000381,0,0.20487688980691313,2.0,0.2,0.30129759862956396,0.6978669047499934,0.06702167113176649,0.3086445745675836,0.29946085464505906
WF-001428,0,0.04866544711207262,1.0,0.1,0.07148422696368814,0.28635949417755724,0.030297033896680797,0.03478811866648761,0.07556157233004375
WF-001293,0,0.0,0.0,0.0,0.697194813068369,0.8801504124882531,0.5899065446218182,0.0,0.697194813068369
WF-000717,0,0.3388150074816884,1.0,0.1,0.013445931709726027,0.07550598997965989,0.0001295472256671643,0.04555683452829096,0.00987805361877437
WF-000479,0,0.0,0.0,0.0,0.03022945156868078,0.13372483056781714,0.005812149065932245,0.0,0.03022945156868078
WF-000961,0,0.0,0.0,0.0,0.2876606180215743,0.5124538815057204,0.19177866038243893,0.0,0.2876606180215743
WF-000120,0,0.0,0.0,0.0,0.4121434102400284,0.6721546904209046,0.25500641391147283,0.0,0.4121434102400284
WF-000022,0,0.08873005593231435,1.0,0.1,0.5868523945088941,0.7571175169380805,0.5009891114631903,0.5207144578878679,0.5942010541334526
WF-000193,0,0.06851000456640648,1.0,0.1,0.4029415467859673,0.556696384255041,0.26729162345254187,0.27605527210301506,0.41704002175073973
WF-000330,0,0.14716117356527922,1.0,0.1,0.21046249328922176,0.7720567013284985,0.08554693136644083,0.30971907503916574,0.19943398420589467
WF-000488,0,0.08937318828582441,1.0,0.1,0.30166318680378623,0.4919395495256214,0.2169586411669764,0.26960600793116607,0.3052250955674107
WF-001305,0,0.0,1.0,0.1,0.0012990073130212825,0.012990073130212826,0.0,0.0,0.0014433414589125363
WF-001241,0,0.09714050465774407,1.0,0.1,0.5117691778308711,0.7743392519250514,0.3749296643894817,0.4971351620276958,0.5133951795867795
WF-000535,0,0.0,0.0,0.0,0.5786441391246829,0.8533503031009835,0.41955140588386636,0.0,0.5786441391246829
WF-001537,0,0.0,0.0,0.0,0.49987101213335106,0.6106981353529245,0.43959670987289523,0.0,0.49987101213335106
WF-000537,0,0.0,0.0,0.0,0.034981033651227435,0.2667564771287018,0.0007000385531157438,0.0,0.034981033651227435
WF-000976,0,0.0,0.0,0.0,0.538851636441571,0.624464547407745,0.4419702783473132,0.0,0.538851636441571
WF-000697,0,0.0,0.0,0.0,0.41167578889437373,0.5419848915981148,0.29368765367589417,0.0,0.41167578889437373
WF-001225,0,0.14045458695466542,1.0,0.1,0.5704120122823857,0.8011698357910202,0.4631868963285373,0.8011698357910202,0.5447722541147596
WF-000823,0,0.0,0.0,0.0,0.4587395905738759,0.7639433279969106,0.3286396699565796,0.0,0.4587395905738759
WF-000687,0,0.08402063624655932,1.0,0.1,0.3198629830927626,0.6291237122080798,0.19390238307570967,0.2687509135117636,0.32554210193509586
WF-001277,0,0.0,0.0,0.0,0.4493136534922379,0.8280716376020626,0.15338551794065106,0.0,0.4493136534922379
WF-000996,0,0.0,0.0,0.0,0.51616845746975,0.6873960989622588,0.37728209345828645,0.0,0.51616845746975
WF-000761,0,0.12335774491884878,1.0,0.1,0.5612538711028144,0.8519649719767254,0.4202104147799192,0.6923501186621742,0.5466876213739966
WF-000512,0,0.1211957733916194,1.0,0.1,0.720902679209076,0.8737035774683446,0.5956564679602779,0.8737035774683446,0.7039248016247127
WF-000556,0,0.0,0.0,0.0,0.14044186730057975,0.47021022615722796,0.009461552844883219,0.0,0.14044186730057975
WF-001558,0,0.0,0.0,0.0,0.631810489925823,0.9316093572841118,0.47425745493435184,0.0,0.631810489925823
WF-001007,0,0.036578952387304256,1.0,0.1,0.2532166403235264,0.546680471236783,0.0926239943006742,0.0926239943006742,0.27106026765939883
WF-001023,0,0.0,0.0,0.0,0.6794628508192716,0.7936091958069471,0.5903374101153935,0.0,0.6794628508192716
WF-001134,0,0.0,0.0,0.0,0.5348568320030622,0.6548089164420072,0.41789021367117285,0.0,0.5348568320030622
WF-001078,0,0.0,0.0,0.0,0.26937441954271485,0.8014284099947285,0.09829690598902764,0.0,0.26937441954271485
WF-000467,0,0.1,1.0,0.1,0.0,0.0,0.0,0.0,0.0
WF-000035,0,0.10376529939959167,1.0,0.1,0.5483526518520353,0.6203367395785676,0.4375721435344835,0.568999770959865,0.5460585275067209
WF-000038,0,0.2176688087713103,1.0,0.1,0.3799345359707561,0.8269989785583504,0.24852330731627664,0.8269989785583504,0.330260709016579
WF-000276,0,0.1,1.0,0.1,2.885595430987167e-98,2.885595430987167e-97,0.0,2.885595430987167e-97,0.0
WF-000773,0,0.24449334197072178,2.0,0.2,0.11324700040706595,0.19862782427930628,0.06800891642214306,0.13844068798841622,0.10694857851172837
WF-000789,0,0.015633491034021955,1.0,0.1,0.10900012149026464,0.6168969099034967,0.004280151487798507,0.01704052422025356,0.11921785452026586
WF-001519,0,0.0,0.0,0.0,0.6970908413830763,0.86361587604912,0.5130470441916438,0.0,0.6970908413830763
WF-001548,0,0.0,0.0,0.0,0.5394027085513826,0.7876738951482011,0.4451289900865147,0.0,0.5394027085513826
WF-000223,1,0.07706713217497578,1.0,0.1,0.23349802737448214,0.5643844862109374,0.0599804071195311,0.17995023338265329,0.23944778226246313
WF-000711,0,0.0,0.0,0.0,0.08737146933004794,0.18000292498289183,0.02591706523935322,0.0,0.08737146933004794
WF-001445,0,0.08966779135150889,1.0,0.1,0.24396429498988245,0.5639117665106298,0.1199500679243576,0.21875739500370744,0.24676506165501305
WF-000907,0,0.0,0.0,0.0,0.2958058214343703,0.41622806343163754,0.21472946202455773,0.0,0.2958058214343703
WF-001060,0,0.0,0.0,0.0,0.5410918084830418,0.6926929815513122,0.419800100111889,0.0,0.5410918084830418
WF-001554,0,0.0,0.0,0.0,0.2213007009980577,0.7639301681483999,0.03773953626017398,0.0,0.2213007009980577
WF-001113,0,0.0,0.0,0.0,0.32289128674189105,0.6396218171976616,0.1889629630763048,0.0,0.32289128674189105
WF-001003,0,0.07105946082818085,1.0,0.1,0.34679876633016404,0.4876863841767593,0.24643333351299734,0.24643333351299734,0.357950481087627
WF-000649,0,0.0,0.0,0.0,0.3076000038569729,0.4864440240206132,0.1851286234868669,0.0,0.3076000038569729
WF-000405,0,0.05755663136949572,1.0,0.1,0.21158234131976,0.3236076542575359,0.12177966823636249,0.12177966823636249,0.2215604161068042
WF-000891,0,0.0,0.0,0.0,0.542335409665574,0.6820439245393376,0.40538978788249863,0.0,0.542335409665574
WF-000946,0,0.10397829085269679,1.0,0.1,0.5872185191906101,0.7579875757654791,0.4990385038896859,0.6105797798249116,0.5846228235645766
WF-001263,0,0.12490026311626351,1.0,0.1,0.5846519917640497,0.7302318760277733,0.473778975141349,0.7302318760277733,0.5684764490680805
WF-000620,0,0.07986346747244091,1.0,0.1,0.15417146333946888,0.21668404249390644,0.10061281415481635,0.12312667647590289,0.1576208841020873
WF-000820,0,0.0,0.0,0.0,0.43092183414791607,0.6111955051682049,0.2792615088857306,0.0,0.43092183414791607
WF-001426,0,0.0,0.0,0.0,0.45762119201844537,0.7135319343838045,0.36878302704397625,0.0,0.45762119201844537
WF-001461,0,0.0,0.0,0.0,0.31975605614351255,0.47151518003089893,0.25340558997711327,0.0,0.31975605614351255
WF-001062,0,0.06699351674627202,1.0,0.1,0.4075558507229979,0.5823252500844857,0.2578267375493761,0.273035997104523,0.4225025011250506
WF-001086,0,0.08032061519904254,1.0,0.1,0.6200844073532996,0.8122693957766507,0.48837646922162736,0.4980556107395072,0.6336431625326099
WF-001341,0,0.08145066819685749,1.0,0.1,0.3756202128870091,0.607164967642374,0.3059451732789275,0.3059451732789275,0.38336188395457366
WF-000882,0,0.0,0.0,0.0,0.3671821224989763,0.5989716208646928,0.25632671992060874,0.0,0.3671821224989763
WF-001048,0,0.1072583289495763,1.0,0.1,0.4679922133198975,0.7380991294772794,0.33613495848378955,0.5019606276210585,0.46421794506421293
WF-000533,0,0.08422139549976018,1.0,0.1,0.6099743384702634,0.8787819025695727,0.4442153825489999,0.5137289000500863,0.6206682760725052
WF-000429,0,0.0,0.0,0.0,0.030063874446022744,0.2101945022264808,0.0005711864451518877,0.0,0.030063874446022744
WF-001405,0,0.08382249269431959,1.0,0.1,0.6154911402450362,0.9313035925650254,0.5122594491000817,0.5159200160660797,0.6265545984871425
WF-000658,0,0.0456994159730792,1.0,0.1,0.12686192359720871,0.4848801271914571,0.05154087826985631,0.05797515817613833,0.13451600864399432
WF-000606,1,0.08051333575031781,1.0,0.1,0.5939623779690931,0.8680879875994539,0.47581341602223365,0.47821892360482765,0.606822761787345
WF-001194,0,0.0,0.0,0.0,0.4437249109069695,0.7246744864801856,0.3545744868837413,0.0,0.4437249109069695
WF-000723,0,0.06942341436546454,1.0,0.1,0.3035028920708608,0.7489688278926033,0.16245405836803758,0.21070207037352226,0.31381409448167613
WF-000189,1,0.0,0.0,0.0,0.4530299148841769,0.5750155072652412,0.34706463981426033,0.0,0.4530299148841769
WF-001257,0,0.06392683929892318,1.0,0.1,0.3305145879859474,0.7299053548984495,0.13904971497377633,0.21128752952127466,0.3437620389264666
WF-000654,0,0.0,0.0,0.0,0.6593936864855864,0.8483548522132224,0.560987361898456,0.0,0.6593936864855864
WF-001497,0,0.0,0.0,0.0,0.5764277166529644,0.7733844285442206,0.4506770916928739,0.0,0.5764277166529644
WF-000673,0,0.08254501707492068,1.0,0.1,0.26409084351102086,0.5019174175202401,0.11897952457680547,0.21799383186947419,0.2692127336934149
WF-001286,0,0.0,0.0,0.0,0.035327285973453075,0.23555657305608407,0.00027909813117917226,0.0,0.035327285973453075
WF-001470,0,0.11879267557519442,1.0,0.1,0.2927556794176571,0.43840612847651145,0.1867206913698037,0.34777230447857366,0.2866427210775553
WF-000846,0,0.10613799022583656,1.0,0.1,0.7455783241952327,0.9259128453031682,0.6474318647028269,0.7913418488602921,0.7404934881213373
WF-000252,0,0.15030365069185875,1.0,0.1,0.577408179566059,0.86786557328119,0.48688715100277125,0.86786557328119,0.5451351358199336
WF-000977,0,0.0,0.0,0.0,0.5313076641987399,0.9359735938661665,0.35815106093773214,0.0,0.5313076641987399
WF-000541,0,0.0159714059024285,1.0,0.1,0.17342646083443078,0.594326379587793,0.027463473369730085,0.02769864400208313,0.1896184404824694
WF-001228,1,0.08715370641277521,1.0,0.1,0.6130730360366473,0.8379747460690959,0.5016143060638728,0.5343158739232672,0.6218238318270229
WF-000349,0,0.0,0.0,0.0,0.15985623102431074,0.345360638387574,0.07775607974609883,0.0,0.15985623102431074
WF-000430,0,0.0,0.0,0.0,0.05031807313231364,0.2834024348715445,0.005356110386474373,0.0,0.05031807313231364
WF-000710,1,1.2031907585832918e-12,1.0,0.1,0.00028839062127079216,0.0028839062126950524,7.888440572689678e-25,3.469889303751112e-15,0.00032043402363382794
WF-000742,0,0.0,0.0,0.0,0.3769004034110558,0.7576069227572122,0.1478078274842452,0.0,0.3769004034110558
WF-001102,0,0.0,0.0,0.0,0.6546712440897658,0.8634198102234532,0.5572212463982469,0.0,0.6546712440897658
WF-000178,0,0.0,0.0,0.0,0.3047084260807059,0.5692588394685496,0.18911407244323525,0.0,0.3047084260807059
WF-001417,0,0.0,0.0,0.0,0.5690812506287923,0.7661277447801977,0.43854099524230084,0.0,0.5690812506287923
WF-001504,0,0.1559362756426397,1.0,0.1,0.5880993203300137,0.9170601772023007,0.4337163317320221,0.9170601772023007,0.5515481140108707
WF-000432,0,0.07106341080183831,1.0,0.1,0.23554117487423526,0.5793363996330517,0.1022902356106633,0.16738359270835418,0.24311423955933315
WF-000448,0,0.0,0.0,0.0,0.30367733031057836,0.622023529932416,0.16758227034968248,0.0,0.30367733031057836
WF-000192,0,0.0815917275926562,1.0,0.1,0.41260974434467873,0.8464963061723146,0.2851230306247718,0.3366554186264655,0.42104911386892463
WF-001326,1,0.19787585293842597,2.0,0.2,0.4016450260970018,0.5201059303320357,0.31892297795611,0.39737926058710293,0.40271146747447645
WF-001389,0,0.0,0.0,0.0,0.08017714961851241,0.31666547090639174,0.016572480106589214,0.0,0.08017714961851241
WF-000864,0,0.0,0.0,0.0,0.5767099753707017,0.6848099582813474,0.5106480272440733,0.0,0.5767099753707017
WF-000402,0,0.0,0.0,0.0,0.16207850325875645,0.850029881158536,0.04616803956826735,0.0,0.16207850325875645
WF-000775,0,0.20808992424692987,1.0,0.1,0.14526074177679796,0.3893545973764102,0.03489658218979654,0.3022729675238673,0.12781493891601248
WF-000595,0,0.0,0.0,0.0,0.7154869442337702,0.9134648163348653,0.603851286249006,0.0,0.7154869442337702
WF-000647,0,0.0,0.0,0.0,0.2544648949784723,0.6688941977764338,0.0232137248114074,0.0,0.2544648949784723
WF-000394,0,0.0,0.0,0.0,0.37351785739945165,0.7699758909170514,0.19796816519054453,0.0,0.37351785739945165
WF-000748,0,0.19403383362835497,2.0,0.2,0.4371580971238481,0.5599671363948132,0.35147885951183344,0.42411730743308496,0.440418294546539
WF-000202,0,0.0,0.0,0.0,0.5123036845627329,0.7019102056774471,0.4091099308276529,0.0,0.5123036845627329
WF-000444,0,0.1,1.0,0.1,7.498500109865535e-28,7.49850008644865e-27,8.926256969102632e-247,8.926256969102632e-247,8.331666788739483e-28
WF-000421,0,0.0,0.0,0.0,0.4380749015250093,0.9402086949137367,0.21131531163483214,0.0,0.4380749015250093
WF-000306,0,0.0,0.0,0.0,0.4250464592908165,0.8026687578633316,0.2497472047971876,0.0,0.4250464592908165
WF-001087,0,0.0,0.0,0.0,0.7108522601387558,0.9322723127567019,0.522575467586425,0.0,0.7108522601387558
WF-001186,1,0.0,0.0,0.0,0.3368634973227979,0.7063758089133694,0.14624990538685162,0.0,0.3368634973227979
WF-001560,0,0.09909434480961614,1.0,0.1,0.5299545480012011,0.8839606934639306,0.350805726397556,0.525154987130553,0.5304878325423842
WF-001512,0,0.0,0.0,0.0,0.4241121873002056,0.7515776053734203,0.28942100617645766,0.0,0.4241121873002056
WF-000861,0,0.0,0.0,0.0,0.24703253119968088,0.49596978605903497,0.1350838310584454,0.0,0.24703253119968088
WF-000930,1,0.0,0.0,0.0,0.29356059055304573,0.5879128666519872,0.16906742585130916,0.0,0.29356059055304573
WF-001244,0,0.17768531702029303,1.0,0.1,0.2559576873720555,0.4547992282448473,0.14734542144064294,0.4547992282448473,0.2338641828306342
WF-001347,0,0.0,0.0,0.0,0.24863329166455178,0.518315731854335,0.12492096464377006,0.0,0.24863329166455178
WF-000858,0,0.08454692770358493,1.0,0.1,0.6985359989747264,0.8650952483590292,0.5905907260366767,0.5905907260366767,0.7105299181900652
WF-001097,0,0.060278597757391354,1.0,0.1,0.22510720826503947,0.564568304650168,0.10660379046239139,0.13569146859297637,0.23504229045082425
WF-001364,1,0.08244923025346672,1.0,0.1,0.6049938249517701,0.7788063785525939,0.4988127517537404,0.4988127517537404,0.6167917219737735
WF-001532,0,0.0,0.0,0.0,0.07060788292931378,0.23898106307641273,0.023394820505273015,0.0,0.07060788292931378
WF-001324,0,0.12406202449612475,1.0,0.1,0.1327515968220458,0.3013402025618373,0.03445676836086307,0.1646943185683632,0.12920240551689938
WF-000454,0,0.0,0.0,0.0,0.28547076230365853,0.7887860013535465,0.1543542719297589,0.0,0.28547076230365853
WF-000406,0,0.0657076075881326,1.0,0.1,0.17959891301877962,0.7131480791017153,0.05383208332289545,0.1180101489989313,0.18644210902098501
WF-000312,0,0.0,0.0,0.0,0.3500473813786352,0.6392264492985652,0.17101880139850098,0.0,0.3500473813786352
WF-000830,0,0.29612161696689104,1.0,0.1,0.18328074720996246,0.5515819541700459,0.051631599178173476,0.5427339122271408,0.14334150665249817
WF-000811,0,0.0,0.0,0.0,0.2461452385707778,0.3297293254783864,0.12545528247627283,0.0,0.2461452385707778
WF-000790,0,0.11867929292093475,1.0,0.1,0.38985768549276595,0.639954050685806,0.1956262151999788,0.46268034454073625,0.38176627893188037
WF-000965,0,0.0,0.0,0.0,0.6660397556459804,0.8509741870531721,0.5341084899171293,0.0,0.6660397556459804
WF-001370,0,0.15904417154031258,2.0,0.2,0.5793488544296186,0.9347874028613948,0.3852078002416531,0.46071029292793925,0.6090084948050384
WF-000377,0,0.0,0.0,0.0,0.24993029045167062,0.33651654025586664,0.18386762076977697,0.0,0.24993029045167062
WF-000033,0,0.07800424538311926,1.0,0.1,0.6452718213231767,0.8914404010851718,0.5033394148930537,0.5033394148930537,0.6610420887043015
WF-000951,0,2.934674485653391e-17,1.0,0.1,0.10190473133148292,0.9748872262524071,8.461033792898781e-36,2.9905721500586667e-17,0.11322747925720322
WF-000747,0,0.0,0.0,0.0,0.13005145281400027,0.561171970624069,0.03766412706408729,0.0,0.13005145281400027
WF-000438,0,0.0,0.0,0.0,0.3667547422439395,0.5606153135006245,0.2622892077580666,0.0,0.3667547422439395
WF-000518,0,0.08442425252448711,1.0,0.1,0.3373000747290444,0.7635332746583356,0.18563217209184663,0.2847630668545322,0.3431375200484346
WF-000623,0,0.16872699342635455,1.0,0.1,0.5574447805408725,0.9405598182187547,0.38626806773928746,0.9405598182187547,0.5148764430211078
WF-000087,0,0.0,0.0,0.0,0.009874830191868836,0.08640510756733223,0.00047777732829906906,0.0,0.009874830191868836
WF-000903,0,0.0,0.0,0.0,0.24062806583919624,0.4536054647991205,0.13398321004325078,0.0,0.24062806583919624
WF-000657,0,0.0658131731546249,1.0,0.1,0.745603527912123,0.9329448017142421,0.49070534087179746,0.49070534087179746,0.7739255486943813
WF-000495,0,0.11595471065927107,1.0,0.1,0.4287891946931614,0.7827514932748391,0.23693994911188482,0.49720127004467385,0.42118785298743777
WF-000139,0,0.04844803953813497,1.0,0.1,0.22864833863094142,0.47665920328090383,0.08480615284213039,0.11077563750320725,0.24174530542291187
WF-000980,0,0.06943088988769214,1.0,0.1,0.43511811447566434,0.7184332755329776,0.2708738696430831,0.30210637894300074,0.44989719620151597
WF-000881,0,0.0,0.0,0.0,0.3514010132422402,0.49828105487736457,0.20675855926923442,0.0,0.3514010132422402
WF-000520,0,0.0,0.0,0.0,0.4081662978299866,0.6837792009573527,0.216571745124056,0.0,0.4081662978299866
WF-001321,0,0.0,0.0,0.0,0.0007581926386462783,0.007581926386462783,0.0,0.0,0.0007581926386462783
WF-001427,0,0.09206045427848562,1.0,0.1,0.6686898526207555,0.9553679208653048,0.5522558547866745,0.6155989160368035,0.6745888455745279
WF-000849,0,0.19542230525397714,2.0,0.2,0.49603185570270636,0.6019551174613929,0.41659774957999907,0.48467844360415513,0.4988702087273442
WF-000865,0,0.15485548998829837,1.0,0.1,0.46033907362664817,0.7965055579188963,0.2634157964934234,0.7128603280721396,0.432281156466038
WF-001551,0,0.22594127742597744,2.0,0.2,0.5072331236410262,0.7775048208784502,0.36854417820377217,0.5730244995411111,0.4907852796660048
WF-001120,0,0.09409525471279233,1.0,0.1,0.22057658970901572,0.35732246068426093,0.12487745054206235,0.20755210392348922,0.22202375479629646
WF-001106,0,0.07329693650386095,1.0,0.1,0.6264922661781273,0.8299721978472194,0.4591996385421815,0.4591996385421815,0.6450803359154546
WF-000879,0,0.06698475250655779,1.0,0.1,0.3294906915758769,0.4920178753791357,0.21600750813768196,0.22070852428424678,0.34157759905272467
WF-000701,0,0.09780577557536306,1.0,0.1,0.5546876984501317,0.6949613154550228,0.4310110166857097,0.5425166054902824,0.556040042112337
WF-001002,0,0.0,0.0,0.0,0.6473261784215043,0.894510363267922,0.4540425130597066,0.0,0.6473261784215043
WF-000924,0,0.11046108988108021,1.0,0.1,0.49498038464067307,0.7722908095089416,0.2901724609342498,0.5467607275716504,0.4892270132038978
WF-000207,0,0.16254603542911727,2.0,0.2,0.2615433253009854,0.31004676943665754,0.18684461119887125,0.21256415310311558,0.2737881183504528
WF-000492,0,0.0,0.0,0.0,0.395772257388621,0.6501496507904166,0.283954971020886,0.0,0.395772257388621
WF-000515,0,0.0,0.0,0.0,0.508681002134177,0.8445467367814141,0.3065426256680049,0.0,0.508681002134177
WF-000505,0,0.0,0.0,0.0,0.6038521683165072,0.826908452021964,0.48914772723052785,0.0,0.6038521683165072
WF-000603,0,0.0,0.0,0.0,0.5808917016388672,0.7797203547606018,0.4761015733659511,0.0,0.5808917016388672
WF-000854,0,0.0,0.0,0.0,0.4301200417038338,0.9072912783073823,0.18699520065792674,0.0,0.4301200417038338
WF-001168,0,0.0,0.0,0.0,0.4330523209317819,0.8855712702540182,0.27696318923413715,0.0,0.4330523209317819
WF-000522,0,0.12489602741163572,1.0,0.1,0.5809345912461131,0.7308975626493556,0.47015570742707213,0.7255642263264194,0.5648646317927457
WF-000859,0,0.3391967646569988,2.0,0.2,0.00441030255547988,0.013262862622640986,0.0006547388402348065,0.007479801789886345,0.0036429277468782626
WF-000732,0,0.022100133999713636,1.0,0.1,0.12699297882927268,0.5960326780648193,0.023805937606724153,0.028065618491497232,0.1379849077556922
WF-000204,0,0.0,0.0,0.0,0.021957496428812305,0.11049890554982779,0.0006867043055262973,0.0,0.021957496428812305
WF-001410,0,0.15218418388999588,1.0,0.1,0.588074112940109,0.9021429295419309,0.3876776172063467,0.8949557894462377,0.5539761488838726
WF-000609,0,0.203690719976683,2.0,0.2,0.3884571416750107,0.6392668505188026,0.2725750413152507,0.3956255743393364,0.3866650335089293
WF-000682,0,0.09075551892585731,1.0,0.1,0.4809735444962794,0.9336792923783,0.3388433727323821,0.43651003620368756,0.4859139343065674
WF-001369,0,0.0,0.0,0.0,0.5922829889563934,0.7448301375885084,0.4116062961746799,0.0,0.5922829889563934
WF-000494,0,0.0175817434830492,1.0,0.1,0.007853520223791955,0.023657693092902797,0.0011228642295552543,0.001380785780136493,0.008572712939753672
WF-000953,0,0.09823987514151104,1.0,0.1,0.5092328456377313,0.7111530002342008,0.407138098375296,0.5002697117340709,0.5102287494048047
WF-000123,0,0.0,0.0,0.0,0.4757742454792998,0.6200078519594056,0.37682531838292854,0.0,0.4757742454792998
WF-001072,0,0.0,0.0,0.0,0.37300672347216823,0.6493246956908946,0.2616486205687693,0.0,0.37300672347216823
WF-001221,0,0.0,0.0,0.0,0.52111449740322,0.8809973997981578,0.3137580709808963,0.0,0.52111449740322
WF-000241,1,0.0,0.0,0.0,0.5739186277364545,0.7042731602124899,0.3784293579246461,0.0,0.5739186277364545
WF-000008,0,0.005125107419719534,1.0,0.1,0.035170835573874994,0.20457463829467168,0.0012584674939505609,0.0018025431035740243,0.038878423626130656
WF-000389,0,0.0,0.0,0.0,0.6341933899057752,0.8566613600065611,0.4766485779013371,0.0,0.6341933899057752
WF-000735,0,0.0,0.0,0.0,0.5967067723557256,0.7364825100941561,0.46745778371524443,0.0,0.5967067723557256
WF-000005,0,0.0,0.0,0.0,0.08820747455486071,0.3447446575552274,0.012228254562415143,0.0,0.08820747455486071
WF-000364,0,0.21093406162283362,2.0,0.2,0.5897714789919771,0.7816438767382433,0.3844163041850169,0.6220144674654171,0.5817107318736172
WF-000118,0,0.0,0.0,0.0,0.37315979423591494,0.8278786255000119,0.16770206878813587,0.0,0.37315979423591494
WF-001477,0,0.14855368271766586,2.0,0.2,0.24966539527990173,0.37343268825864084,0.16016514521109373,0.18544356957995578,0.2657208517048882
WF-000739,0,9.301157620407653e-05,1.0,0.1,0.0017167608423621788,0.0082244701741052,1.596786319135444e-06,1.596786319135444e-06,0.0019073346263669614
WF-001281,0,0.30702973430446784,3.0,0.3,0.5042822075895071,0.9038768441310789,0.3765206963394006,0.5160987740355897,0.4992179648269004
WF-001160,0,0.24241700130846508,1.0,0.1,0.3117922977021844,0.7558375384003977,0.1932354351117417,0.7558375384003977,0.2624539376246051
WF-000972,0,0.0,0.0,0.0,0.4765757792234372,0.6264366883220159,0.3298720927630966,0.0,0.4765757792234372
WF-001012,0,0.0,0.0,0.0,0.318727897078221,0.7844007470671682,0.13129414017713423,0.0,0.318727897078221
WF-001019,0,0.10742827030801112,1.0,0.1,0.636120925230002,0.8994285425361715,0.5267668730601412,0.6833737070419078,0.6308706161397901
WF-000600,0,0.08858220315711254,1.0,0.1,0.40383967103913204,0.6521476435887364,0.2423815394455103,0.35773007782889893,0.40896295917360237
WF-000028,0,0.0,0.0,0.0,0.02562299025837862,0.04932750573895481,0.011320187780951167,0.0,0.02562299025837862
WF-000581,0,0.0,0.0,0.0,0.06335673798827761,0.4049319678264524,0.00021681322966812114,0.0,0.06335673798827761
WF-000918,0,0.1354033594606007,1.0,0.1,0.42157368306492043,0.8910180751712118,0.24845599947412206,0.5708249294716877,0.40499021124194634
WF-001230,0,0.0,0.0,0.0,0.4795617630188781,0.6218972160476943,0.3705290136785972,0.0,0.4795617630188781
WF-001128,0,0.0716232214783816,1.0,0.1,0.3612858943733531,0.60768888331309,0.24191431108572517,0.2587645962971785,0.3726771497151502
WF-000085,0,0.07625706549680522,1.0,0.1,0.367568106126112,0.724477814951418,0.2312325751425772,0.28029665143395577,0.3772649344252405
WF-000225,0,0.0,0.0,0.0,0.40902687777469604,0.7619117525856761,0.24999964462459354,0.0,0.40902687777469604
WF-001419,0,0.0,0.0,0.0,0.6042858800369695,0.8142040722967007,0.47880416326512315,0.0,0.6042858800369695
WF-000046,1,0.07532647324223184,2.0,0.2,0.05137686501778519,0.30944265912899915,0.0005717908182835242,0.019350190240159763,0.059383533712191544
WF-001011,0,0.0,0.0,0.0,0.3350387895976511,0.6657938129952009,0.16834995332944233,0.0,0.3350387895976511
WF-001172,0,0.24134530805421545,2.0,0.2,0.38915715618288454,0.9559179706440692,0.14237956250924702,0.46960626870230354,0.36904487805302977
WF-001068,0,0.05786770569812973,1.0,0.1,0.2957067761272576,0.5076636270411385,0.17111872693874877,0.17111872693874877,0.3095498927037586
WF-000304,0,0.06637165100973005,1.0,0.1,0.29625263024147197,0.5623866440084256,0.19662776185101577,0.19662776185101577,0.3073220600626338
WF-001371,0,0.0,0.0,0.0,0.4451079220791147,0.5205426001855887,0.37642754631742936,0.0,0.4451079220791147
WF-000560,0,0.24159857797516457,2.0,0.2,0.5496633859914175,0.7940811051101014,0.3912695621138612,0.6639894621027023,0.5210818669635962
WF-001132,0,0.0,0.0,0.0,0.6129083088134735,0.8213092779119201,0.4320503488659688,0.0,0.6129083088134735
WF-001258,0,0.07945157998716489,2.0,0.2,0.11224615796678068,0.2844819579074424,0.028344700415231298,0.0445906729897481,0.12916002921103883
WF-000532,0,0.06885868831242963,1.0,0.1,0.17712858382195615,0.4490725303710872,0.10532145091800252,0.12196841944618143,0.18325749097482003
WF-000077,0,0.1742913099202693,2.0,0.2,0.43560026241772193,0.6656642798780669,0.3282769904516321,0.37960670169198907,0.4495986525991551
WF-001521,0,0.08029999530968518,1.0,0.1,0.6541304845834504,0.8788851129877286,0.4765220524435215,0.5252667484397316,0.668448677488308
WF-000106,0,0.0,0.0,0.0,0.535026992918344,0.7084029808885717,0.4352172098660146,0.0,0.535026992918344
WF-000801,0,0.11357516322619425,1.0,0.1,0.5680900954080677,0.8913633219537119,0.42405496163021655,0.6452092531315554,0.5595213001054579
WF-000856,0,0.0,0.0,0.0,0.36095923784360173,0.5381479264348827,0.22621670706635238,0.0,0.36095923784360173
WF-000313,0,0.08051511115709485,1.0,0.1,0.46784661815573214,0.7325431721030939,0.24341893624340358,0.3766872246527968,0.4779754396560583
WF-001049,0,0.0,0.0,0.0,0.2942490487830898,0.4773426498308802,0.18379154955682964,0.0,0.2942490487830898
WF-001165,0,0.07970204766838139,1.0,0.1,0.7597439886518542,0.939068724925486,0.605531515992963,0.605531515992963,0.7768787078361754
WF-000635,1,0.0,0.0,0.0,2.7555569221129935e-219,2.7555569221129937e-218,0.0,0.0,2.7555569221129935e-219
WF-001331,0,0.11432728443632566,1.0,0.1,0.4544207697778738,0.7390740163234027,0.32226653566542085,0.5195269260016904,0.447186752419672
WF-001177,0,0.19986813133283032,2.0,0.2,0.3556039194744931,0.5839001557997558,0.215993712066682,0.355369454399986,0.3556625357431198
WF-001462,0,0.0,0.0,0.0,0.10051732463110515,0.24790724516704576,0.04772391749261594,0.0,0.10051732463110515
WF-000240,0,0.0,0.0,0.0,0.6319904625685948,0.8555954741597638,0.46315811918980737,0.0,0.6319904625685948
WF-001030,1,0.0,0.0,0.0,0.0446499661125427,0.37318443482291525,6.938103969698323e-05,0.0,0.0446499661125427
WF-000446,0,0.009226132819626191,1.0,0.1,0.06299535029229772,0.3383237490739995,0.0023145626877009847,0.005812034688156164,0.06934905202609123
WF-000375,0,0.19625438234426398,1.0,0.1,0.16026076940590295,0.31451878313772,0.08002715565960829,0.31451878313772,0.1431209901023677
WF-001297,0,0.18191770251052114,1.0,0.1,0.28344806775996495,0.5156422126793934,0.14527123607247866,0.5156422126793934,0.25764871832447284
WF-000746,0,0.0,0.0,0.0,0.21008539911574395,0.5851431838258471,0.1013266111702824,0.0,0.21008539911574395
WF-001274,0,0.1319598659364035,1.0,0.1,0.41497200983349014,0.8804229645534314,0.18567962966712379,0.5475965078498727,0.40023595449833654
WF-000759,0,0.4345561595896053,4.0,0.4,0.39778058447394915,0.7568429404630903,0.2822031332979417,0.4321450078707698,0.37487096887606874
WF-000167,0,0.0,0.0,0.0,0.04239622093754296,0.3899973355407043,4.4924610989579255e-05,0.0,0.04239622093754296
WF-001396,0,0.0800269727061533,1.0,0.1,0.24088404522556567,0.36434728800655647,0.17089823117070738,0.1927722091261414,0.24622980479216836
WF-000670,0,0.08154621131006691,1.0,0.1,0.18982714753105484,0.6275054201402123,0.07924706338608706,0.15479684684954645,0.19371940316233358
WF-000542,0,0.07398284938455808,1.0,0.1,0.5227714401197423,0.7457980449390395,0.38676120716927426,0.38676120716927426,0.5378836882253499
WF-001129,0,0.20939149265693208,2.0,0.2,0.5171998044826907,0.7679710300988626,0.4106642401305309,0.5414861953125202,0.5111282067752333
WF-001234,0,0.0,0.0,0.0,0.5576136617757451,0.8254076941877607,0.43658479023533714,0.0,0.5576136617757451
WF-001330,1,0.07427044260411914,2.0,0.2,0.12827106989968193,0.45260478662348186,0.01814858504737103,0.0476337456737664,0.14843040095616084
WF-000844,0,0.0,0.0,0.0,0.3463389963275299,0.5478376203062576,0.22270985776717694,0.0,0.3463389963275299
WF-000890,0,0.08267981959955258,1.0,0.1,0.5575585394582196,0.8014142443070668,0.4392094891295528,0.46098839458595614,0.5682885555551378
WF-000071,0,0.07712458515585499,1.0,0.1,0.21437809100917313,0.680527842848312,0.07109485647108073,0.16533821335586604,0.21982696630398502
WF-000768,0,0.08533421096133686,1.0,0.1,0.4221904785741472,0.6197346399518696,0.3401412645412427,0.3602729136451405,0.4290702080107036
WF-001545,0,0.0,0.0,0.0,0.3059945725885987,0.9185018078923738,0.09483473458918834,0.0,0.3059945725885987
WF-000802,0,0.05271540506765928,1.0,0.1,0.1660452371736487,0.7574036551489935,0.04445054355748506,0.08753141937164448,0.17476899470720472
WF-001127,0,0.0,0.0,0.0,0.5925367509042275,0.8373718428124574,0.4805781884323279,0.0,0.5925367509042275
WF-000806,0,0.0,0.0,0.0,0.5307553649231479,0.8213896501100879,0.3626599389091929,0.0,0.5307553649231479
WF-000231,0,0.01787345662448674,3.0,0.3,0.012976951651824432,0.09255558486696913,2.823571549433945e-06,0.0007731432748898184,0.01820715524193927
WF-001121,0,0.0,0.0,0.0,0.5135984836947877,0.6461000928366896,0.4518833481242569,0.0,0.5135984836947877
WF-001549,0,0.0,0.0,0.0,0.3075199470645383,0.8466161379302442,0.1054981599695158,0.0,0.3075199470645383
WF-000608,0,0.12972427819733556,1.0,0.1,0.3547955012462171,0.5817787452190861,0.16968269597852148,0.46025590306827385,0.34307767882154416
WF-000741,0,0.08835038825269895,1.0,0.1,0.37283560131302523,0.5007121956652437,0.2969992292893572,0.32940170130434254,0.37766159020287887
WF-001531,0,0.2213983375383677,2.0,0.2,0.5057503944171137,0.7606642144199838,0.35792747533483293,0.5598614826666136,0.4922226223547387
WF-001245,0,0.0,0.0,0.0,0.7442703440207061,0.9366085580047802,0.5798216532791767,0.0,0.7442703440207061
WF-001556,0,0.0,0.0,0.0,0.1225524401795991,0.5969479006098763,0.014805408838646427,0.0,0.1225524401795991
WF-000125,0,0.0,0.0,0.0,0.003203343653201178,0.017060709221833236,5.472616243188825e-06,0.0,0.003203343653201178
WF-000379,0,0.26070439601681095,3.0,0.3,0.32309609020714586,0.46506188724964503,0.23767908646830707,0.2807752368428234,0.3412335987918554
WF-000922,0,0.0,0.0,0.0,0.4753757708040268,0.721132995572389,0.34047566275602426,0.0,0.4753757708040268
WF-001534,0,0.0,0.0,0.0,0.012407002540603746,0.04206182850249326,0.002301271159126765,0.0,0.012407002540603746
WF-000995,0,0.0,0.0,0.0,0.13762358834772925,0.22934140035444922,0.08034979949203781,0.0,0.13762358834772925
WF-000627,0,0.0,0.0,0.0,0.5015713813626468,0.6633909254258721,0.3243332595208381,0.0,0.5015713813626468
WF-001414,0,0.08002224821946921,1.0,0.1,0.5660047949788414,0.8302774940767254,0.406359966014998,0.45292976197206625,0.5785686875351499
WF-001069,0,0.13573723284838057,1.0,0.1,0.1432499035820316,0.3187913024263954,0.03773262606998848,0.19444345518022288,0.13756173118223258
WF-001196,0,0.1312204488949672,2.0,0.2,0.3350476763956835,0.505712917865486,0.19023896412504082,0.21982553248928646,0.36385321237228274
WF-001285,0,0.0,0.0,0.0,0.5796749158436411,0.791389197508428,0.4364574518105946,0.0,0.5796749158436411
WF-001356,0,0.0,0.0,0.0,0.36071919948840075,0.5842038624184542,0.15685572065820977,0.0,0.36071919948840075
WF-001294,0,0.0,0.0,0.0,0.6136281517513609,0.899083706370774,0.47794505927001696,0.0,0.6136281517513609
WF-001141,0,0.16911537594649842,2.0,0.2,0.4633679866857485,0.6389379543622403,0.2846120028217605,0.3918132563496622,0.4812566692697701
WF-001476,0,0.1012638312549523,1.0,0.1,0.45930818288466035,0.5717551678047788,0.3651315257852764,0.46511306325651014,0.45866319617667695
WF-000099,0,0.2801423137023556,2.0,0.2,0.19425401500929498,0.6062600135183339,0.020725063831106172,0.27209384605338005,0.17479405724827368
WF-000923,0,0.0,0.0,0.0,0.3203592344214848,0.4863374040826862,0.21972853592799252,0.0,0.3203592344214848
WF-001061,0,0.0,0.0,0.0,0.48680450270654374,0.6085336764416347,0.38875691905515286,0.0,0.48680450270654374
WF-000070,0,4.2596808751041205e-12,1.0,0.1,5.919072791979846e-10,5.919071286532198e-09,7.789736759280634e-30,2.5213361170345697e-20,6.576747546616258e-10
WF-000249,0,0.0,0.0,0.0,0.629874371719007,0.8330710102553978,0.47683678781158506,0.0,0.629874371719007
WF-001021,0,0.1763781713155218,2.0,0.2,0.46219914614977553,0.7369137548957818,0.299455876816508,0.407609200907465,0.4758466324603531
WF-000618,0,0.0,0.0,0.0,0.602231602823132,0.7450581990716455,0.4919526677878027,0.0,0.602231602823132
WF-000474,0,0.0,0.0,0.0,0.5949532187718788,0.9388841368222614,0.4679686906394062,0.0,0.5949532187718788
WF-000674,0,0.017405980239257556,1.0,0.1,0.2252270380903875,0.6549643174205335,0.039202973743477934,0.039202973743477934,0.24589637857337746
WF-001413,0,0.0,0.0,0.0,0.4518267033496408,0.6875541760842622,0.29383954622258474,0.0,0.4518267033496408
WF-000745,0,0.10277225257654159,1.0,0.1,0.4341714974827928,0.5830967937868595,0.3449816491200162,0.4462078280083687,0.43283412742439553
WF-000828,0,0.23635045751151057,2.0,0.2,0.3178296483488092,0.52362603832668,0.1821362644365255,0.3755959139898179,0.30338808193855704
WF-000091,0,0.18477422225832515,1.0,0.1,0.3151268511462574,0.5822731883326471,0.23172459693920966,0.5822731883326471,0.28544392479221403
WF-000585,0,0.08455745487595902,1.0,0.1,0.07066197599870261,0.23103523406937593,0.017217464972708763,0.05974996846956395,0.07187442127971805
WF-000898,0,0.07294353609351509,1.0,0.1,0.5956873872433646,0.9593682376237191,0.43451544431838063,0.43451544431838063,0.6135953809016961
WF-001363,0,0.05920341529346513,1.0,0.1,0.3206118531273168,0.6609805391140123,0.18981316688703984,0.18981316688703984,0.3351450404873476
WF-000272,0,0.0654931522165137,1.0,0.1,0.3026129840624311,0.5848492437150786,0.19713997724598317,0.19819078227894232,0.3142154509272632
WF-000082,0,0.0,0.0,0.0,0.3856929953622166,0.7877698805473485,0.22218446679422266,0.0,0.3856929953622166
WF-000885,0,0.2632940130444553,1.0,0.1,0.2171330817898079,0.5716984046914846,0.03880505959558807,0.5716984046914846,0.17773693480073272
WF-000431,0,0.17107679313131388,2.0,0.2,0.35451347137741407,0.5136065243989962,0.17356301261323134,0.30324513902548916,0.3673305544653953
WF-001125,0,0.0,0.0,0.0,0.32716079942260173,0.5374598218018332,0.2323737401291877,0.0,0.32716079942260173
WF-000318,0,0.10549331337411193,1.0,0.1,0.5510661170513952,0.6653316388375601,0.4366343759496722,0.5813379057595788,0.5477025849727082
WF-000301,0,0.08026586948425381,1.0,0.1,0.014864657810273182,0.051747822940422086,0.001723980494039867,0.011931246837274813,0.015190592362828555
WF-000449,1,0.0,0.0,0.0,0.7072592605907492,0.8709925942586126,0.5302414386601457,0.0,0.7072592605907492
WF-000368,0,0.0,0.0,0.0,0.5170282283182476,0.7567626042140538,0.35912212992816683,0.0,0.5170282283182476
WF-001295,0,0.0,0.0,0.0,0.4122389509578707,0.8385280263302036,0.2149884328440745,0.0,0.4122389509578707
WF-000779,0,0.06682700433175713,2.0,0.2,0.2135987464586046,0.9341355192678819,0.044762929966863846,0.07137082177423532,0.24915572762969695
WF-000549,0,0.0,0.0,0.0,0.37006665217299306,0.759199823156056,0.12074441205810724,0.0,0.37006665217299306
WF-000418,0,0.19900647722928927,2.0,0.2,0.14654802944769105,0.36177331732670803,0.02623242503986849,0.1458200354263957,0.1467300279530149
WF-001540,0,0.06043412388635903,1.0,0.1,0.4447641953785248,0.7994825649667074,0.2531862465963764,0.2687893448372256,0.4643169565497803
WF-001358,0,0.10488215016083656,1.0,0.1,0.7025400348591054,0.8966335948272155,0.5477785320377514,0.7368390943009204,0.6987290282544592
WF-000932,0,0.12815334964629788,2.0,0.2,0.15510820103741296,0.43332283352391693,0.08853852048680878,0.09938817760277924,0.1690382068960714
WF-000296,0,0.0730196442261369,1.0,0.1,0.2478924634463262,0.4888184028996164,0.1277648913743087,0.18101019487191386,0.25532382662126085
WF-000524,0,0.0,0.0,0.0,0.6198266894878217,0.7465675181540122,0.4735815619404891,0.0,0.6198266894878217
WF-000356,0,0.038652079914676875,1.0,0.1,0.19350559361236996,0.6236202002402302,0.06116237421583865,0.07479393668242311,0.2066957777156974
WF-001217,0,0.0,0.0,0.0,0.5783771921901766,0.9572123715401284,0.38893084000262473,0.0,0.5783771921901766
WF-001482,0,0.0,0.0,0.0,0.529964699148526,0.6435753030696203,0.45256941460546307,0.0,0.529964699148526
WF-000672,0,0.05991132930762016,1.0,0.1,0.39374579281135186,0.8040213597545292,0.22495987061525774,0.23589833856610878,0.41128439883860113
WF-000001,0,0.0,0.0,0.0,0.20192523983920144,0.46732148047765526,0.07352140654665763,0.0,0.20192523983920144
WF-001067,0,0.11815318860372727,1.0,0.1,0.5776785384293851,0.8690713650504629,0.41437192324899086,0.6825456130337265,0.5660266412511249
WF-001465,0,0.0,0.0,0.0,0.2443660977745425,0.3987146620820494,0.06750255733170826,0.0,0.2443660977745425
WF-000457,0,0.0,0.0,0.0,0.4024244912107406,0.5377243427303859,0.2854389058697587,0.0,0.4024244912107406
WF-000237,1,0.20896643071155407,2.0,0.2,0.6260461028205682,0.9486339222052104,0.46753286455537807,0.6541130978364635,0.6190293540665943
WF-000836,0,0.0,0.0,0.0,0.4998079402913316,0.6651921032557112,0.40457476350670785,0.0,0.4998079402913316
WF-000498,0,0.07739628811248055,1.0,0.1,0.4198253220309976,0.7268780062043775,0.3249292158082602,0.3249292158082602,0.430369333833524
WF-000090,0,0.0,0.0,0.0,0.3101221009142534,0.45358172581125356,0.1816322954515937,0.0,0.3101221009142534
WF-001308,0,0.0,0.0,0.0,0.4738458002205285,0.6455430814999125,0.4054360188134906,0.0,0.4738458002205285
WF-001421,0,0.3562289626326584,3.0,0.3,0.5079526651921284,0.7183171638924857,0.378625419002652,0.6031581699596199,0.4671503060060607
WF-000476,0,0.0,0.0,0.0,0.6283560724424142,0.9339245485570411,0.48498621145893095,0.0,0.6283560724424142
WF-001415,0,0.23153497008034873,2.0,0.2,0.5869225910130748,0.7917750733162553,0.5040847164465435,0.6794655227484652,0.5637868580792272
WF-000945,0,0.0,0.0,0.0,0.5709516609632663,0.7813073871661483,0.4460712792753008,0.0,0.5709516609632663
WF-000328,1,0.0,0.0,0.0,0.13878164344965888,0.5813607534862104,0.055044111490173325,0.0,0.13878164344965888
WF-001159,0,0.0,0.0,0.0,0.6374347107450412,0.895661524974257,0.5100263514677225,0.0,0.6374347107450412
WF-001468,0,0.0,0.0,0.0,0.05381731268580314,0.09628064230622353,0.03162618532773685,0.0,0.05381731268580314
WF-000639,0,0.0,0.0,0.0,0.5618655197218066,0.980763862944587,0.41526120831453706,0.0,0.5618655197218066
WF-001182,0,0.0,0.0,0.0,0.5397850669495937,0.7527963380157566,0.4282446235684009,0.0,0.5397850669495937
WF-001080,0,0.1435518011242397,2.0,0.2,0.489870723355254,0.7014847726691759,0.3217113843532562,0.3516091232784043,0.5244361233744663
WF-000886,0,0.0,0.0,0.0,0.3324425868405447,0.7355278606791701,0.16949714698715393,0.0,0.3324425868405447
WF-000037,0,0.25545915287227683,1.0,0.1,0.2038963300719013,0.5208718375393405,0.06967687399210619,0.5208718375393405,0.1686768292421858
WF-001559,0,0.0713245700702775,1.0,0.1,0.5467190901994977,0.7490606894290357,0.38994504057692436,0.38994504057692436,0.5641384290464503
WF-000763,0,0.2427828948731489,2.0,0.2,0.6032629033526477,0.9749205883441283,0.4713917251686354,0.7323095702276823,0.5710012366338891
WF-001522,0,0.0,0.0,0.0,0.6188664321871944,0.7058121714504814,0.5222338423975089,0.0,0.6188664321871944
WF-000579,0,0.0,0.0,0.0,0.4007664296880315,0.7911781267459821,0.23449297961725904,0.0,0.4007664296880315
WF-000725,0,0.0,0.0,0.0,0.5731763549797205,0.833285422112468,0.46054993513975034,0.0,0.5731763549797205
WF-001256,0,0.03886371006372075,1.0,0.1,0.1999250555661009,0.6547700778128501,0.07769829393994206,0.07769829393994206,0.21350580685789636
WF-000927,1,0.06428318289113256,1.0,0.1,0.31357514778134205,0.8471486201757147,0.16161327198572675,0.20157608574941932,0.3260194880071112
WF-000299,0,0.0,0.0,0.0,0.25843365084875713,0.37596284300830607,0.20965927153398317,0.0,0.25843365084875713
WF-001498,0,0.0,0.0,0.0,0.12181510482703058,0.6425493684021949,0.00433664372478947,0.0,0.12181510482703058
WF-001066,0,0.0,0.0,0.0,0.6119592430935175,0.8776200864090622,0.47568547719169735,0.0,0.6119592430935175
WF-000666,0,0.0005002653840150896,1.0,0.1,0.00016451692965748947,0.0004119609327326591,6.717033045591051e-07,8.230212499208745e-07,0.00018270514170277486
WF-000442,1,0.0,0.0,0.0,0.30565015439540055,0.8444307107596547,0.07450478377623682,0.0,0.30565015439540055
WF-000258,0,0.0,0.0,0.0,0.3444955704990864,0.4739883916968998,0.22116890037860917,0.0,0.3444955704990864
WF-000103,0,0.0,0.0,0.0,0.5095872688253273,0.8511299694616901,0.2983605237670415,0.0,0.5095872688253273
WF-000199,0,0.0,0.0,0.0,0.019774409346287963,0.1468182647496279,0.000558973538493656,0.0,0.019774409346287963
WF-001325,1,0.0,0.0,0.0,0.2433240623848692,0.646677554896288,0.08079838798112816,0.0,0.2433240623848692
WF-001108,0,0.0,0.0,0.0,0.3269428435758757,0.8641298341785333,0.11957012556462308,0.0,0.3269428435758757
WF-001154,0,0.21574620953631315,2.0,0.2,0.41442401848448734,0.6162214627288484,0.24686585798057786,0.4470520556441756,0.4062670091945652
WF-000344,0,0.0,0.0,0.0,0.5735487104797974,0.680208522674143,0.49195808830612636,0.0,0.5735487104797974
WF-001292,0,0.0,0.0,0.0,0.33637892446013035,0.7019157906747635,0.2127889082647831,0.0,0.33637892446013035
WF-000182,0,0.11898339605317412,2.0,0.2,0.31308074009098513,0.5140486078722667,0.17695520641105786,0.18625704847433278,0.3447866629951482
WF-001202,0,0.0,0.0,0.0,0.6628749799511813,0.8643892767338471,0.4533306137236013,0.0,0.6628749799511813
WF-000584,1,0.0,0.0,0.0,0.46662421195708187,0.8779796071350988,0.30964781259479157,0.0,0.46662421195708187
WF-000562,0,0.05782653309297007,1.0,0.1,0.307970679124884,0.43870857775461447,0.17040789591357874,0.1780887666807957,0.3224020027297827
WF-000893,0,0.0,0.0,0.0,0.28913187467037377,0.5068437292422309,0.20357249494673163,0.0,0.28913187467037377
WF-000510,0,0.092270627878073,1.0,0.1,0.13576586282337444,0.44430018583915004,0.030332154652596217,0.12527201407121089,0.13693184601805927
WF-000245,1,0.10554138175498455,1.0,0.1,0.19144503050800343,0.5684227459365222,0.02625222294716183,0.20205373049939854,0.1902662860645151
WF-001262,0,0.085007582676521,1.0,0.1,0.6347827962731524,0.8478090730809924,0.5396135103582319,0.5396135103582319,0.6453571613748101
WF-000586,0,0.0,0.0,0.0,0.71688900054275,0.8755225599906242,0.5355557780306366,0.0,0.71688900054275
WF-001153,0,0.0,0.0,0.0,0.42227811126192005,0.6989674433048106,0.31230514005810195,0.0,0.42227811126192005
WF-001236,0,0.33459459093884714,3.0,0.3,0.7067227913341815,0.9813313451718176,0.5677066309075354,0.7882187442454023,0.6717959543722296
WF-000895,0,0.1597920651396295,2.0,0.2,0.45690408292135637,0.8530658875234848,0.31649743506280775,0.36504823490366034,0.47986804492578033
WF-000157,0,0.0,0.0,0.0,0.7018168637170095,0.878037448837676,0.5437521114802364,0.0,0.7018168637170095
WF-000997,0,0.16711370364937894,2.0,0.2,0.3034436223152528,0.48175752033494185,0.2108335524918628,0.25354793786942614,0.3159175434267094
WF-001079,0,0.020345407704126003,1.0,0.1,0.03960690456697727,0.18887188838979646,0.008058186213135627,0.008058186213135627,0.04311231771740412
WF-001307,0,0.0,0.0,0.0,0.3342800414876463,0.5049916117302257,0.19711553214029306,0.0,0.3342800414876463
WF-000065,1,0.0,0.0,0.0,0.2263546281115875,0.4399743915872975,0.1339114053204905,0.0,0.2263546281115875
WF-001000,0,0.0,0.0,0.0,0.2625466242797051,0.607762670427214,0.0633931093842724,0.0,0.2625466242797051
WF-001082,0,0.07356443110036294,1.0,0.1,0.5065996191842344,0.8684225509920461,0.3726771278094871,0.3726771278094871,0.5214798960036506
WF-000786,0,0.0,0.0,0.0,0.5372095656726684,0.7197024702723619,0.4166637567350182,0.0,0.5372095656726684
WF-000407,1,0.0,0.0,0.0,0.5022724204568239,0.7050793142710853,0.38611894418609205,0.0,0.5022724204568239
WF-000650,0,0.07998445552901198,1.0,0.1,0.5353257331505283,0.7549855432277184,0.42758547321347873,0.4281773729671417,0.547231106504238
WF-000547,0,0.0,0.0,0.0,0.1983782256248529,0.46502374671093694,0.08405996265498267,0.0,0.1983782256248529
WF-000079,0,0.0,0.0,0.0,0.4282512874261223,0.7177523003235495,0.29565574048504567,0.0,0.4282512874261223
WF-000916,0,0.11589054947656804,1.0,0.1,0.34011581498490645,0.5331391108604029,0.233957717413941,0.39416208684271564,0.33411067366737207
WF-000164,0,0.0,0.0,0.0,0.6547495397520333,0.8128008677130124,0.5135300981647695,0.0,0.6547495397520333
WF-000257,0,0.11702214693671192,1.0,0.1,0.5459906424513349,0.7867493151013306,0.3847344403768006,0.6389299718700986,0.5356640502936945
WF-001351,0,0.0,0.0,0.0,0.4994462703815511,0.7270690859013968,0.41416393789424766,0.0,0.4994462703815511
WF-000315,0,0.0,0.0,0.0,0.19784151434748945,0.4060770888424431,0.08138280915017569,0.0,0.19784151434748945
WF-001546,0,0.0642753832909679,1.0,0.1,0.0535466186211209,0.17488247078211422,0.027250903880338132,0.03441729435807825,0.0556720990947923
WF-001071,0,0.0,0.0,0.0,0.5823347430764134,0.7571315346296993,0.48097342392398457,0.0,0.5823347430764134
WF-000982,0,0.07566892379297212,1.0,0.1,0.44380888162471194,0.8402285240210153,0.26036998302367315,0.3358254044230451,0.45580704575823044
WF-000999,0,0.07608550500723463,1.0,0.1,0.6153761040411635,0.9706501608522109,0.4634681114220331,0.4682120164535648,0.6317276693286744
WF-000736,0,0.0,0.0,0.0,0.1695872527900316,0.3809615346172583,0.07279632240097841,0.0,0.1695872527900316
WF-001429,0,0.05427331740686444,1.0,0.1,0.3537473986462455,0.5802051998598713,0.19199044848580288,0.19199044848580288,0.3717203931085169
WF-001382,0,0.0,0.0,0.0,0.5998125594937388,0.8129391174195528,0.4588807134462471,0.0,0.5998125594937388
WF-000041,1,0.04366124770674049,1.0,0.1,0.21304070900178904,0.3456740078495807,0.07380299086886329,0.0930162316734673,0.2263767620382692
WF-001420,0,0.0,0.0,0.0,0.3941293525379927,0.5771940199568067,0.28937400008997854,0.0,0.3941293525379927
WF-000093,0,0.3909039735000402,1.0,0.1,0.22118339682236274,0.8646146869009776,0.09760014486481719,0.8646146869009776,0.1496910312580722
WF-001239,1,0.0,0.0,0.0,0.3425878061859956,0.6108795239797815,0.1576855297346601,0.0,0.3425878061859956
WF-001076,0,0.0,0.0,0.0,0.5111365600137312,0.7015311458823942,0.3920492745545999,0.0,0.5111365600137312
WF-000926,0,0.0,0.0,0.0,0.39027763285681794,0.5413909642606192,0.28752258465667335,0.0,0.39027763285681794
WF-000868,0,0.06571306041481002,1.0,0.1,0.3162711447885941,0.8335289235690102,0.18342923797078609,0.20783144844954013,0.32831999993737787
WF-000598,0,0.09538630018238273,1.0,0.1,0.5879362047335117,0.9806966867113669,0.3997888502261976,0.5608105931280158,0.5909501615785668
WF-001387,0,0.15132213822273302,2.0,0.2,0.5810436513256638,0.7808035992319626,0.4223407527200857,0.43962383859671794,0.6163986045079003
WF-001455,0,0.1305467888761915,1.0,0.1,0.10754688398599554,0.29227192153473,0.025853681975511994,0.14039900358012022,0.10389664847553728
WF-001448,0,0.07757639473000164,1.0,0.1,0.42709620024305134,0.7687942028600405,0.2663424891133242,0.3313258341773877,0.4377373520281252
WF-000068,0,0.04743442885134754,3.0,0.3,0.016596218758642325,0.14093427004709494,3.98943022648737e-08,0.0026241071930273962,0.02258426657247729
WF-000329,0,0.0,0.0,0.0,0.11090144057262663,0.17335354254334015,0.05355941254681359,0.0,0.11090144057262663
WF-001149,0,0.0,0.0,0.0,0.3929176627105814,0.738132502257848,0.22702416493713812,0.0,0.3929176627105814
WF-000764,0,0.0,0.0,0.0,0.0002812969867872125,0.002011131323153403,2.8192534561450912e-06,0.0,0.0002812969867872125
WF-000108,0,0.0,0.0,0.0,0.3331387519497673,0.6695938231487543,0.20242453600029872,0.0,0.3331387519497673
WF-000909,0,0.0,0.0,0.0,0.3004296428110711,0.6525899596384284,0.1677976480448822,0.0,0.3004296428110711
WF-000988,0,0.042381743361546674,1.0,0.1,0.07470248509239492,0.15441866863467377,0.03119307905005882,0.03166021551655648,0.0794849594897103
WF-001025,0,0.2418528754557288,1.0,0.1,0.19523995154594181,0.472193436852232,0.11479038450794267,0.472193436852232,0.16446734206746513
WF-000555,0,0.07706823950127159,1.0,0.1,0.16180975221198401,0.42908263235375144,0.07300613481432197,0.12470392737114594,0.1659326216387438
WF-000347,0,0.0,0.0,0.0,0.2363169122348828,0.42444621900577667,0.10713751502615051,0.0,0.2363169122348828
WF-000530,0,0.11291695442369319,1.0,0.1,0.5131418547234186,0.8547147224920222,0.26435422169724554,0.5794241542269364,0.5057771547785832
WF-001552,0,0.0,0.0,0.0,0.12525150612005448,0.7926155027199573,0.0030545170538242078,0.0,0.12525150612005448
WF-001289,0,0.0,0.0,0.0,0.29502802639100006,0.6470776883597789,0.1527630096966109,0.0,0.29502802639100006
WF-000874,0,0.22840057419748733,1.0,0.1,0.22590647092378244,0.5159716767391989,0.0806993930369256,0.5159716767391989,0.1936770036109584
WF-001224,0,0.0,0.0,0.0,0.35117324663872335,0.5434749745631943,0.1653958810492737,0.0,0.35117324663872335
WF-001489,0,0.0,0.0,0.0,0.6690003661090731,0.8011234758932353,0.5187869172058589,0.0,0.6690003661090731
WF-000969,0,0.09154674602748375,1.0,0.1,0.4244701481131699,0.5753001491217207,0.27618295928292036,0.38858860845564774,0.42845698585289455
WF-000642,0,0.0,0.0,0.0,0.19998027473608054,0.781868334567,0.04937366344103595,0.0,0.19998027473608054
WF-001001,0,0.0,0.0,0.0,0.541108845571857,0.7533567929682324,0.38149597773967303,0.0,0.541108845571857
WF-000238,0,0.0,0.0,0.0,0.1794595072385361,0.3895670684886368,0.10179993412253194,0.0,0.1794595072385361
WF-001131,0,0.0,0.0,0.0,0.4739664601145657,0.8164478985228907,0.3851126188680605,0.0,0.4739664601145657
WF-001322,0,0.0,0.0,0.0,0.5152479742750922,0.760759074585933,0.30446777334151465,0.0,0.5152479742750922
WF-001126,0,0.0,0.0,0.0,0.40989841657867104,0.5926475627602766,0.2767583002496166,0.0,0.40989841657867104
WF-000507,0,0.0,0.0,0.0,0.36543361579769046,0.8080373730796723,0.15444045058411188,0.0,0.36543361579769046
WF-000383,0,0.06186305813697399,2.0,0.2,0.14713225706054217,0.8672938231534272,0.012257196442317826,0.045510256861802614,0.17253775711022706
WF-000366,0,0.04200404556318481,1.0,0.1,0.2559713063129595,0.6299089147039669,0.10751830413237486,0.10751830413237486,0.27246608433302444
WF-000335,0,0.1461763359211416,3.0,0.3,0.19733479553804306,0.5687487215359248,0.07072976842414515,0.0961522578716626,0.24069874025220608
WF-000137,0,0.07254048990538828,1.0,0.1,0.5737939775920277,0.7411656407637003,0.41623296239287066,0.41623296239287066,0.5913007570586006
WF-001088,0,0.07187918800025626,1.0,0.1,0.3985941205202604,0.7588100219540842,0.20255273424451914,0.286506217246726,0.41104833199509755
WF-000253,0,0.0,0.0,0.0,0.3972135599020076,0.800332858400695,0.27963022358718964,0.0,0.3972135599020076
WF-000281,0,0.09029010459879219,1.0,0.1,0.44407611100220856,0.6152630607834462,0.3482488340458598,0.40095678512214267,0.4488671472111048
WF-001373,0,0.0,0.0,0.0,0.49393949084742517,0.6932809428380764,0.27977637707816405,0.0,0.49393949084742517
WF-000599,0,0.23075698618880383,2.0,0.2,0.08519698439733328,0.24757798657592092,0.015444511866001976,0.09829899675951585,0.08192148130678763
WF-000617,0,0.0,0.0,0.0,0.7008752519038365,0.8488562835133256,0.6575224716978489,0.0,0.7008752519038365
WF-001460,0,0.04396885927966209,1.0,0.1,0.18517248883350507,0.4436619729262167,0.034330634826833455,0.08141823103985184,0.19670073969946655
WF-000174,0,0.0,0.0,0.0,0.08078962881206914,0.2643878578746023,0.032921440342943094,0.0,0.08078962881206914
WF-000824,0,0.17881025477543003,2.0,0.2,0.21538415580591247,0.28397035754085437,0.15219656927364894,0.19256447887123063,0.22108907503958286
WF-000810,0,0.18819986924215584,2.0,0.2,0.4141524326047955,0.8753166895891904,0.2512482840051914,0.3897171683127164,0.42026124867781534
WF-001017,0,0.0,0.0,0.0,0.5264665011582934,0.7574016919163287,0.4114216229620797,0.0,0.5264665011582934
WF-001565,0,0.0,0.0,0.0,0.3664461981013679,0.7191538657528881,0.2128361116065458,0.0,0.3664461981013679
WF-000168,1,0.0,0.0,0.0,0.2512981739799324,0.6846508891485271,0.08884965772595621,0.0,0.2512981739799324
WF-000357,0,0.2206803220609391,2.0,0.2,0.4172847419989725,0.6427093721828981,0.27991622618287654,0.4604326562772456,0.40649776342940414
WF-000263,0,0.0,0.0,0.0,0.35797118232127606,0.6933140560172482,0.1366097831269881,0.0,0.35797118232127606
WF-001008,0,0.38087162684614806,2.0,0.2,0.10057596687695773,0.37831201086410765,0.013950248000432219,0.19153266063025598,0.07783679343863319
WF-000250,0,0.11748209832244377,1.0,0.1,0.5381461905521178,0.6780413662538146,0.46291216530452073,0.6322254367029246,0.5276929409798058
WF-000591,0,0.19591414765543178,2.0,0.2,0.6019577048410757,0.9462856884323377,0.44710819766377036,0.5896601533427966,0.6050320927156454
WF-000634,0,0.17604467819750777,2.0,0.2,0.22424496479137726,0.46626350331443067,0.10625489375629124,0.19738566332054736,0.23095979015908474
WF-001452,0,0.07972325548427257,1.0,0.1,0.6157612056375835,0.9277325239656204,0.4730797153231029,0.4909048791434877,0.6296341308035941
WF-000128,0,0.00011877169471716963,2.0,0.2,0.009110353148988276,0.09074469368480918,3.7216802369402593e-06,5.410260414886203e-06,0.011386588871131625
WF-001253,0,0.2140941695978128,2.0,0.2,0.5035435691080277,0.8517351683079468,0.33015002155797374,0.5390287114225103,0.4946722835294072
WF-001392,0,0.0,0.0,0.0,0.5625393575509307,0.630991971690905,0.48779657460793197,0.0,0.5625393575509307
WF-001469,0,0.15326447756343867,2.0,0.2,0.24780273066962416,0.4287720301086822,0.15513408915380889,0.18989678027436724,0.26227921826843836
WF-000553,0,0.16012109148150125,1.0,0.1,0.3569466367828519,0.8725971088391713,0.1688898054495104,0.5715468508232122,0.3331021685561451
WF-000412,0,0.1742007229171386,3.0,0.3,0.28024343320197487,0.670648291879514,0.12232955947935856,0.16272869552188285,0.33060689220772854
WF-000568,0,0.0,0.0,0.0,0.5804060681879856,0.8386985049240127,0.3995932539359841,0.0,0.5804060681879856
WF-001147,0,0.0,0.0,0.0,0.44068551684070156,0.7837610511815748,0.2686147649073166,0.0,0.44068551684070156
WF-000302,0,0.0,0.0,0.0,0.09749870133591604,0.2080344401743781,0.027127075576194835,0.0,0.09749870133591604
WF-000557,0,0.0,0.0,0.0,0.6161078128795954,0.8226938512418173,0.5184778305253961,0.0,0.6161078128795954
WF-001471,0,0.0869550647365623,1.0,0.1,0.5989081784888861,0.820133648134403,0.4327926981266214,0.520780994317577,0.6075889767301428
WF-000066,0,0.0,0.0,0.0,0.041847024848551115,0.15370220670468218,0.013089046517343444,0.0,0.041847024848551115
WF-000850,0,0.0,0.0,0.0,0.6724959880633401,0.7677432777808815,0.5710978769749159,0.0,0.6724959880633401
WF-001342,0,0.0,0.0,0.0,0.5212839440240182,0.6479819732581186,0.38415897046339176,0.0,0.5212839440240182
WF-001043,0,0.1491676397886048,1.0,0.1,0.557948384161347,0.832278435892139,0.41557557246921045,0.832278435892139,0.52746726730237
WF-000040,0,0.0,0.0,0.0,0.6593753830195872,0.8509881775633562,0.527014646199384,0.0,0.6593753830195872
WF-001041,0,0.07938778603544303,1.0,0.1,0.38994358079146924,0.5479467651304113,0.2916764146411039,0.3095675755776765,0.3988742480374462
WF-000566,0,0.29962625185951547,2.0,0.2,0.40695090605121476,0.9525136351600334,0.2299215995793329,0.6096658733547964,0.3562721642253194
WF-000833,0,0.0,0.0,0.0,0.26593902509723366,0.4854504620950715,0.16219829808948721,0.0,0.26593902509723366
WF-000834,0,0.0,0.0,0.0,0.40787110184464803,0.5021665557767523,0.35426990291407806,0.0,0.40787110184464803
WF-000905,0,0.0,0.0,0.0,0.32157127863703383,0.5086851050479553,0.21709769458327166,0.0,0.32157127863703383
WF-001216,0,0.07507987531497089,1.0,0.1,0.3769279595370411,0.9159384123612703,0.15922685393448324,0.2829970420476744,0.38736472814697076
WF-001016,0,0.10905596450952279,1.0,0.1,0.6135214212383889,0.6905287544808473,0.4876626065388999,0.6690817034040573,0.6073480565533148
WF-000826,0,0.15732095602187043,1.0,0.1,0.4771246328522543,0.7506170338190058,0.30875012345049296,0.7506170338190058,0.446736588300393
WF-001261,0,0.0970173275395357,1.0,0.1,0.06844105886943885,0.15581079043091312,0.029841851101169208,0.06639968625488994,0.06866787804883318
WF-000179,0,0.12264062520275815,2.0,0.2,0.5107735289671649,0.8417016352845547,0.2578735746283847,0.313207924647761,0.5601649300470157
WF-000212,0,0.04930451530139551,1.0,0.1,0.2600304144082807,0.730879464916778,0.1282067354602129,0.1282067354602129,0.2746774898469549
WF-000540,0,0.0,0.0,0.0,0.007661112361107709,0.05537606417221449,6.556055424861173e-06,0.0,0.007661112361107709
WF-000484,0,0.0,0.0,0.0,0.16819290943452878,0.32552164923519017,0.10390859522777685,0.0,0.16819290943452878
WF-000744,0,0.04792358844318461,1.0,0.1,0.34687207198959613,0.5379550652978089,0.1564650314242392,0.1662335442046411,0.3669430195212578
WF-000478,0,0.08621766794931827,1.0,0.1,0.4002371911371407,0.7166773356558834,0.19984721937657468,0.34507517246429825,0.4063663043230121
WF-000219,1,0.2676184547246166,1.0,0.1,0.23571860899749267,0.6308264988974509,0.13264195919857674,0.6308264988974509,0.19181773234194177
WF-000964,0,0.09870313643581245,1.0,0.1,0.09486365056360135,0.32620019395782895,0.01388096697059619,0.09363339844378381,0.09500034524358109
WF-000054,0,0.15654410685445957,1.0,0.1,0.5064986002207247,0.7928937099458733,0.39024814765441895,0.7928937099458733,0.4746769213623749
WF-000471,0,0.12866360577628774,1.0,0.1,0.2640932948626114,0.6628882243020555,0.053641284618073534,0.33979195578363947,0.2556823325380527
WF-000842,0,0.05713375819084006,1.0,0.1,0.4675250252996217,0.7158836846396022,0.2671146174363497,0.2671146174363497,0.4897928483955408
WF-000358,0,0.0,0.0,0.0,0.3844181420071691,0.735228197938966,0.24998697696895375,0.0,0.3844181420071691
WF-000359,0,0.010399309884162272,1.0,0.1,0.10799446681044449,0.3436827855939763,0.005385308411437064,0.011230679261366897,0.11874599876034202
WF-000807,0,0.0,0.0,0.0,0.30811383337930137,0.7932680702468974,0.1689228624108033,0.0,0.30811383337930137
WF-000490,0,0.0,0.0,0.0,0.7145385403676858,0.8386787260253378,0.5803571162304852,0.0,0.7145385403676858
WF-000740,0,0.424927905207454,4.0,0.4,0.4094516274133427,0.563122554860913,0.33397642482105494,0.4349685558013366,0.39244034182134685
WF-000102,0,0.0699688258765427,1.0,0.1,0.4080971610550469,0.6831911589123172,0.26071723308437234,0.28554079202571975,0.4217145353916387
WF-001333,0,0.0,0.0,0.0,0.37496915382138934,0.5840749533608228,0.19700929256035393,0.0,0.37496915382138934
WF-001510,0,0.12957092419197438,1.0,0.1,0.5097509473840651,0.6955749586361887,0.31689207597062097,0.6604890136028781,0.49300227335975244
WF-001488,0,0.0,0.0,0.0,0.5121719729336162,0.8061461915728412,0.31828272131734936,0.0,0.5121719729336162
WF-000426,0,0.09622427417476685,1.0,0.1,0.42627847039366545,0.7653587361287468,0.2875166597232539,0.410183364099603,0.42806681553745024
WF-000053,0,0.0,0.0,0.0,0.0003626991636081355,0.0033692576960618857,4.029647993929874e-07,0.0,0.0003626991636081355
WF-000268,0,0.14923754590335672,1.0,0.1,0.5404051367059866,0.8649984597442217,0.35069278170047274,0.8064873639556943,0.5108404447893523
WF-001204,0,0.017805616567214765,1.0,0.1,0.07151675031532635,0.2984123024872588,0.008767911761704375,0.012733998342479366,0.07804816720119823
WF-000086,0,0.06484204576928823,2.0,0.2,0.02279206959886406,0.14175544771418963,0.0033027459914036056,0.00738942210053173,0.026642731473447142
WF-001514,0,0.0,0.0,0.0,0.7067069730590964,0.8525166909546882,0.5220318062345143,0.0,0.7067069730590964
WF-000173,0,0.06128173026355321,1.0,0.1,0.33890234290256666,0.6296179316405102,0.1868336142774085,0.20768521963441305,0.3534820232656949
WF-000875,0,0.058818485893058436,1.0,0.1,0.28931986102991913,0.5927727905295833,0.06001054714847866,0.17017356164569925,0.30255833873927684
WF-000043,0,0.0,0.0,0.0,0.4815970816950813,0.6092989965294834,0.4011909110931517,0.0,0.4815970816950813
WF-000984,0,0.052678440913733554,1.0,0.1,0.4675909955736735,0.8377630962077883,0.23137408026359188,0.24631964632121606,0.4921767010461688
WF-001247,0,0.0,0.0,0.0,0.6287325225385458,0.8642979157043433,0.4641960638220024,0.0,0.6287325225385458
WF-000487,0,0.4111752122021353,1.0,0.1,0.09430490002601041,0.3877583727989599,0.016150391821099605,0.3877583727989599,0.0616989586067938
WF-001014,0,0.0,0.0,0.0,0.014189033121262944,0.10743213033949321,9.414917716400209e-05,0.0,0.014189033121262944
WF-000778,0,0.06349723274440018,1.0,0.1,0.1837872936424611,0.6318666702623982,0.10545146285599288,0.11669984559878772,0.1912414545362026
WF-000004,0,0.0,0.0,0.0,0.2141540101394937,0.542469901159465,0.10030699326716475,0.0,0.2141540101394937
WF-000374,1,0.09531195835864563,1.0,0.1,0.6250620907556961,0.7660708755297037,0.5490049819612115,0.5957589196567488,0.6283179986555791
WF-001557,0,0.0,0.0,0.0,0.5170563036261389,0.7490242412543376,0.3623619698501009,0.0,0.5170563036261389
WF-000523,0,0.0,0.0,0.0,0.5424790645438042,0.6277077629678807,0.43977910593729386,0.0,0.5424790645438042
WF-001393,0,0.0,0.0,0.0,0.6793912761101777,0.936876263665466,0.4332464493487344,0.0,0.6793912761101777
WF-000130,0,0.0,0.0,0.0,0.44523989569617006,0.6086405920331098,0.35954121759138313,0.0,0.44523989569617006
WF-001328,1,0.0,0.0,0.0,0.6077273469239475,0.8812574753103928,0.48962854270982115,0.0,0.6077273469239475
WF-000942,0,0.09366676619357123,1.0,0.1,0.6018312732429075,0.8140747658204125,0.4861412200575986,0.563715891588227,0.6060663156489832
WF-000527,0,0.0,0.0,0.0,0.027498354847156032,0.07721884536766022,0.002896099351144864,0.0,0.027498354847156032
WF-000348,0,1.157044561784033e-68,1.0,0.1,0.0006792065244935128,0.006755713314243533,2.2836658207416687e-126,7.858722154934526e-71,0.0007546739161039031
WF-001115,0,0.0,0.0,0.0,0.26949635542391187,0.6810239667757503,0.12219199053441837,0.0,0.26949635542391187
WF-000587,0,0.0,0.0,0.0,0.5354499006365339,0.6791991623781775,0.4068613305562474,0.0,0.5354499006365339
WF-001507,0,0.1121835030317603,1.0,0.1,0.6808945405123252,0.8456491927197471,0.5133680363495781,0.7638513474987348,0.6716771175138354
WF-001218,0,0.103202561567739,1.0,0.1,0.26578468885055,0.4830997541242693,0.14949013991437082,0.2742966071486124,0.26483892015076527
WF-000181,1,0.11852613546979611,1.0,0.1,0.3759064396217607,0.5229415698732793,0.23418659840294512,0.44554737586577536,0.3681685578168701
WF-000781,0,0.09631740708684514,1.0,0.1,0.3838338622229892,0.5524500074490462,0.21775235013963162,0.3696988236144768,0.3854044220683795
WF-000665,0,0.0,0.0,0.0,0.14729565651616877,0.3305821561516009,0.09215709850056607,0.0,0.14729565651616877
WF-000676,0,0.18246923799784337,2.0,0.2,0.5364868991446227,0.7609280508130316,0.3755286345936837,0.48946177841372573,0.548243179327347
WF-001320,0,0.0,0.0,0.0,0.47339373648492183,0.8401199874640634,0.3221019734573235,0.0,0.47339373648492183
WF-001287,0,0.0,0.0,0.0,0.3060124949744454,0.4641247519415645,0.21912739289982208,0.0,0.3060124949744454
WF-000209,0,0.10421094448738194,1.0,0.1,0.481045567642548,0.8747373924839259,0.28949706250826973,0.5013021294549871,0.478794838552277
WF-000928,0,0.0,0.0,0.0,0.5554010672695895,0.8590386786408029,0.43045264938182304,0.0,0.5554010672695895
WF-000017,0,0.0,0.0,0.0,0.021027182386938337,0.048772194272899035,0.002690217072459087,0.0,0.021027182386938337
WF-000126,0,0.032328342587178614,1.0,0.1,0.3091974499279367,0.9397771904630003,0.07217955074729387,0.09995841088352342,0.3324462320439826
WF-000015,1,0.0,0.0,0.0,0.4449913707298199,0.9843358139340029,0.27240354715449033,0.0,0.4449913707298199
WF-001267,0,0.1073602926928078,1.0,0.1,0.24063894123248258,0.4605686096283224,0.13337778235312556,0.25835067164006703,0.23867097118719544
WF-000110,0,0.9917523564079125,2.0,0.2,7.371802162791252e-08,7.311001645711847e-07,5.2020932265307413e-14,3.655501082960585e-07,7.599999608760159e-10
WF-001377,0,0.0,0.0,0.0,0.42444221070655785,0.8404952630202788,0.21059184648357163,0.0,0.42444221070655785
WF-000640,0,0.0,0.0,0.0,0.4483209174773064,0.6706667198907137,0.3319248943983639,0.0,0.4483209174773064
WF-001199,0,0.12427419569600075,1.0,0.1,0.5709863016441546,0.8065311196281104,0.41844598601673144,0.7095886339026138,0.5555860425043258
WF-000340,0,0.0,0.0,0.0,0.17114492911695953,0.331903076136286,0.08062854308175876,0.0,0.17114492911695953
WF-000073,0,0.16648499462759173,2.0,0.2,0.4238269906177751,0.8871514014998786,0.1818334136402052,0.3528041712801433,0.4415826954521831
WF-001044,0,0.0,0.0,0.0,0.13129493494106573,0.34090414387570134,0.04886622721240097,0.0,0.13129493494106573
WF-000978,0,0.0,0.0,0.0,0.6190692611287046,0.7241316428701302,0.5584444783455618,0.0,0.6190692611287046
WF-000290,0,0.0,0.0,0.0,0.019603568934097607,0.11852479073237805,0.0026744752196066926,0.0,0.019603568934097607
WF-000127,0,0.0,0.0,0.0,0.19804180393683832,0.26357980243103657,0.13035738421993953,0.0,0.19804180393683832
WF-000632,0,0.0,0.0,0.0,0.38146166110779256,0.8618345635406068,0.1317290672247087,0.0,0.38146166110779256
WF-000339,0,0.11179092396285077,1.0,0.1,0.5068592673841285,0.6720638498165116,0.3846187722124422,0.5666226582000535,0.5002188906268035
WF-000319,0,0.09033200277544179,1.0,0.1,0.2330928016156736,0.7836714332857719,0.11291846123797285,0.2105573960248253,0.2355967355702123
WF-001081,0,0.0,0.0,0.0,0.6820679468945545,0.9353317196466865,0.5245558635721289,0.0,0.6820679468945545
WF-001279,0,0.22359387023790706,2.0,0.2,0.5299847428844655,0.6329665562626631,0.4142954534058978,0.5925066991428987,0.5143542538198573
WF-000651,0,0.315323735094423,3.0,0.3,0.26003620622423557,0.5270830489187326,0.10605923017985086,0.2733186260213654,0.2543437405968942
WF-000396,0,0.0,0.0,0.0,0.3461623273287587,0.4310584044418795,0.2608904862880289,0.0,0.3461623273287587
WF-000072,0,0.0,0.0,0.0,0.0037663818452786076,0.020907282683370026,0.00025541396349378607,0.0,0.0037663818452786076
WF-000170,1,0.1,1.0,0.1,1.415670109681677e-18,1.4156701096816713e-17,4.824577091361617e-181,4.824577091361617e-181,1.5729667885351964e-18
WF-000230,0,0.0,0.0,0.0,0.28142288389216613,0.6700561503369107,0.07758663656689475,0.0,0.28142288389216613
WF-000417,0,0.22066045909060905,2.0,0.2,0.3145414076629192,0.5121439545448737,0.1908272762165492,0.34703425708953084,0.30641819530626624
WF-000466,0,0.06067820012906437,1.0,0.1,0.3290497375048738,0.5268710424378684,0.1996614582473683,0.1996614582473683,0.34342621297792997
WF-000415,0,0.193994097737291,2.0,0.2,0.06481509961473338,0.4385462658270039,0.0007036047380661306,0.0628687338475642,0.06530169105652568
WF-001508,0,0.0,0.0,0.0,0.7590817432705016,0.9044824562043373,0.5478764401776869,0.0,0.7590817432705016
WF-000062,0,0.0,0.0,0.0,0.33618768554832945,0.5557069194383083,0.22383742673892823,0.0,0.33618768554832945
WF-000286,0,0.08743738733725794,1.0,0.1,0.5233621710064307,0.7098012830674401,0.4576142086395751,0.4576142086395751,0.5306675001583036
WF-000305,0,0.0,0.0,0.0,0.07714591716253164,0.15773562677965902,0.041459955723609464,0.0,0.07714591716253164
WF-000738,0,0.0,0.0,0.0,0.074456614651642,0.2598806652200334,0.017969357951007483,0.0,0.074456614651642
WF-000206,0,0.0,0.0,0.0,0.5695615156369033,0.6889404633714498,0.41460047282900564,0.0,0.5695615156369033
WF-001518,0,0.2257623993528078,2.0,0.2,0.5469210122947755,0.8655196397498484,0.2555977565029686,0.6173709999606751,0.5293085153783007
WF-001148,0,0.0,0.0,0.0,0.07955501620551891,0.1819117766643791,0.010912743070397553,0.0,0.07955501620551891
WF-000805,0,0.049429697993581254,1.0,0.1,0.20591368663407353,0.4401111751536498,0.10178251343067184,0.10178251343067184,0.21748381699000705
WF-000813,0,0.2779383566873436,2.0,0.2,0.2872657985778287,0.5517189770030133,0.16783559181560423,0.3992109199459958,0.25927951823578693
WF-001423,0,0.0,0.0,0.0,0.6999545387695574,0.8908601241693597,0.6197274172497879,0.0,0.6999545387695574
WF-000395,0,0.0,0.0,0.0,0.43186480394589727,0.8351191537345477,0.2787400670643647,0.0,0.43186480394589727
WF-000897,0,0.08433901792831107,1.0,0.1,0.39640179468197784,0.8530704369086326,0.284428507857215,0.33432138068498013,0.403299618459422
WF-000776,0,0.0,0.0,0.0,0.6127259503045248,0.7986517931126818,0.39117822822804943,0.0,0.6127259503045248
WF-001189,0,0.11408142527771337,1.0,0.1,0.2245560238590419,0.4472916259947212,0.10797976573343519,0.25617671256535707,0.22104261400278466
WF-000499,0,0.0,0.0,0.0,0.645392361429457,0.8025879770709499,0.4935082741183001,0.0,0.645392361429457
WF-000300,0,0.1824280670534527,1.0,0.1,0.1260249649989394,0.22990490765235544,0.06923077371985438,0.22990490765235544,0.11448274914855985
WF-000380,0,0.0,0.0,0.0,0.4544243982028003,0.72805634892129,0.306153715121063,0.0,0.4544243982028003
WF-000277,0,0.0,0.0,0.0,0.28722787767608565,0.525027385414747,0.1514629172048034,0.0,0.28722787767608565
WF-000758,0,0.0,0.0,0.0,0.6568108461910583,0.8938084247433262,0.5467009989002677,0.0,0.6568108461910583
WF-000906,0,0.0770129899979071,1.0,0.1,0.6517619998469065,0.9105673713359206,0.5019414037522574,0.5019414037522574,0.668408732746312
WF-000320,0,0.0,0.0,0.0,0.5719542852625998,0.7796473769045834,0.4420464902502021,0.0,0.5719542852625998
WF-000403,0,0.037312209211428665,1.0,0.1,0.2684801847859924,0.4375371556465802,0.10017588823857974,0.10017588823857974,0.28718066218014937
WF-001403,0,0.0,0.0,0.0,0.02411402894129238,0.07263394967718394,0.005831633697777404,0.0,0.02411402894129238
WF-000963,0,0.06655395539083005,1.0,0.1,0.45260584750250166,0.7818177300273929,0.22862494340271675,0.3012270938431032,0.4694257090202125
WF-001408,0,0.0,0.0,0.0,0.4434461151372062,0.8038320493148797,0.25191750868452284,0.0,0.4434461151372062
WF-001103,0,0.0,0.0,0.0,0.35793824476041347,0.6259440030716872,0.26810012990334775,0.0,0.35793824476041347
WF-000350,0,0.0,0.0,0.0,0.6157633445271983,0.8169135741047051,0.4328820920463247,0.0,0.6157633445271983
WF-000341,0,0.2698891707561812,2.0,0.2,0.5490037407554021,0.8360303570993421,0.36369475054977646,0.7408508216725848,0.5010419705261064
WF-000203,0,0.0,0.0,0.0,0.5540194301344827,0.9449208950298951,0.4286587905886569,0.0,0.5540194301344827
WF-000794,0,0.08221903658016183,1.0,0.1,0.2430115626272888,0.8072588453418524,0.0800348430761492,0.19980176557055346,0.24781265118914828
WF-000030,0,0.0,0.0,0.0,0.41785896570153663,0.6938168573117286,0.2763376293902435,0.0,0.41785896570153663
WF-000317,0,0.16081543066501383,2.0,0.2,0.24427266820660973,0.5198516732389744,0.0929874997119365,0.1964140716866899,0.25623731733658967
WF-000064,0,0.05952786134362163,1.0,0.1,0.4688629070695475,0.7619425439256917,0.2774840987345624,0.2791040612120338,0.48994722327593787
WF-000575,0,0.09052100631285487,1.0,0.1,0.5535148025274392,0.7312524697138986,0.46531346216403735,0.5010471693384494,0.5593445395484379
WF-001092,0,0.0,0.0,0.0,0.5284199798221326,0.7409965250661371,0.3922115054126161,0.0,0.5284199798221326
WF-000264,0,0.21215741702626736,1.0,0.1,0.22377781683260195,0.47476123606982,0.06905212259047282,0.47476123606982,0.19589077025068882
WF-000214,0,0.06448577680114607,1.0,0.1,0.33971701719958375,0.9500805926973119,0.15909424731471467,0.2190691574668346,0.35312233494766704
WF-000966,0,0.10791488023001872,1.0,0.1,0.45743801002006707,0.6435699822463078,0.32677962205870537,0.49364368063973635,0.4534151577289927
WF-000607,0,0.14978512461874302,1.0,0.1,0.4396970020740235,0.6586007025014532,0.3462102662516642,0.6586007025014532,0.4153743686931979
WF-000190,1,0.0721080630508208,1.0,0.1,0.4963773065671216,0.7575364285829894,0.3579280611893861,0.3579280611893861,0.5117605560535367
WF-000279,0,0.0,0.0,0.0,0.3248750528894221,0.7541239141165074,0.13575431407875288,0.0,0.3248750528894221
WF-000613,0,0.0,0.0,0.0,0.21733780358206306,0.38498578017578855,0.11460437786618714,0.0,0.21733780358206306
WF-000382,0,0.0,0.0,0.0,0.3573281811226659,0.7217239281168982,0.1436731112099955,0.0,0.3573281811226659
WF-001009,0,0.08663335591738351,1.0,0.1,0.401381508133027,0.956717064367191,0.275274552713638,0.3477302705274469,0.40734275675586923
WF-000792,0,0.17556641453628719,2.0,0.2,0.33724028228579517,0.5315847347983731,0.202368170792401,0.29604033599061214,0.3475402688595909
WF-001020,0,0.0,0.0,0.0,0.2325379792981815,0.5698370107206479,0.13565771272949603,0.0,0.2325379792981815
WF-000509,1,0.0,0.0,0.0,0.20906360946426722,0.40542972636696867,0.1374314601325648,0.0,0.20906360946426722
WF-000464,0,0.0,0.0,0.0,0.31707201862485823,0.6689696415845746,0.12269988792220961,0.0,0.31707201862485823
WF-000853,0,0.024289992700486877,1.0,0.1,0.13785090139820438,0.4667633763612563,0.033483973887179205,0.033483973887179205,0.14944722667720717
WF-001302,0,0.055693619536197135,1.0,0.1,0.4095029334995027,0.7559824055932411,0.1525941341769276,0.22806700577277939,0.4296624810246941
WF-000483,0,0.0,0.0,0.0,0.5488401363637796,0.8037124681246708,0.4037131578540825,0.0,0.5488401363637796
WF-001200,0,0.04907074178219503,1.0,0.1,0.3204736912402348,0.5604689607376399,0.1572588175083646,0.1572588175083646,0.3386086772104426
WF-001562,0,0.06607585138736935,1.0,0.1,0.46231124591224343,0.7394464039841746,0.2847838976037948,0.3054760917960696,0.47973737414737383
WF-001004,0,0.0,0.0,0.0,0.6031911646340566,0.8336412172912971,0.5239596904384097,0.0,0.6031911646340566
WF-001142,0,0.04063193943618983,1.0,0.1,0.36859038614506723,0.8858717831480609,0.09999630188532192,0.14976542246608196,0.3929042709982878
WF-001525,0,0.0,0.0,0.0,0.6384044467468146,0.7595084304366438,0.5471090386559352,0.0,0.6384044467468146
WF-001451,0,0.0,0.0,0.0,0.5210553901718674,0.8848823836774488,0.3714310174277392,0.0,0.5210553901718674
WF-000324,1,0.0,0.0,0.0,0.6494477547054591,0.7592586112044029,0.5069372444849803,0.0,0.6494477547054591
WF-001319,0,0.0,0.0,0.0,0.3533896091438604,0.5887711790391629,0.1564534397630787,0.0,0.3533896091438604
WF-000409,0,4.021245581319222e-20,2.0,0.2,0.000564292267722982,0.004770718935218878,4.011364499102387e-24,1.1345788940768224e-22,0.0007053653346537275
WF-000267,0,0.0,0.0,0.0,0.3868128609231928,0.5765376324358055,0.2922497711337569,0.0,0.3868128609231928
WF-000275,0,0.22699562841257093,1.0,0.1,0.07049132161439232,0.16001221847491628,0.01235888899447059,0.16001221847491628,0.06054455529655632
WF-000681,0,0.0,0.0,0.0,0.23590906241380996,0.9735626690941956,0.03042625277765282,0.0,0.23590906241380996
WF-001156,0,0.06112505204337966,1.0,0.1,0.21461935995959475,0.5166715388636878,0.07038024170909898,0.1311861954704706,0.22388971156949738
WF-001485,0,0.0,0.0,0.0,0.5063709859368065,0.7960905728855889,0.3215325265800359,0.0,0.5063709859368065
WF-000780,0,0.2024760840439566,2.0,0.2,0.2906408558095188,0.43438111984935857,0.15614089888363852,0.294239111737478,0.28974129182752906
WF-000153,0,0.12707800484404208,1.0,0.1,0.1782994563181473,0.3929477552716692,0.1036677643281941,0.2265793917368759,0.17293501904939967
WF-000517,0,0.0,0.0,0.0,0.2619905540639512,0.6193174274218334,0.1369964527802234,0.0,0.2619905540639512
WF-000048,0,0.0,0.0,0.0,0.35899091050004756,0.5348897831212094,0.21018701915520765,0.0,0.35899091050004756
WF-000896,0,0.0,0.0,0.0,0.32947204040065026,0.8418285164818802,0.19199522011365425,0.0,0.32947204040065026
WF-000774,0,0.04697662136933568,1.0,0.1,0.023403138506868357,0.08572507180863415,0.0007197018608135849,0.010994003764912748,0.024781931255974537
WF-001474,0,0.0,0.0,0.0,0.201216841244928,0.3889668015377054,0.0908587751727138,0.0,0.201216841244928
WF-000372,0,0.0,0.0,0.0,0.4851943124487357,0.8282880811448615,0.19917146937080127,0.0,0.4851943124487357
WF-001350,0,0.0,0.0,0.0,0.6234343315962059,0.93537668643402,0.4994961304005659,0.0,0.6234343315962059
WF-001436,0,0.28133927726734603,1.0,0.1,0.1477466404657291,0.41566933047306653,0.034345810294232434,0.41566933047306653,0.11797745268713607
WF-000411,0,0.0,0.0,0.0,0.52470210269283,0.8000902922603588,0.3882621177289026,0.0,0.52470210269283
WF-001365,1,0.0,0.0,0.0,0.27493542024280365,0.5471809104991865,0.17906254595099544,0.0,0.27493542024280365
WF-000668,0,0.0,0.0,0.0,0.03411255527059764,0.1286287705192344,0.007691131657374722,0.0,0.03411255527059764
WF-000291,0,0.0,0.0,0.0,0.2729841692074374,0.7801170850681813,0.06410816692250301,0.0,0.2729841692074374
WF-000648,0,0.0,0.0,0.0,0.562921636446714,0.788698464965352,0.440646014989994,0.0,0.562921636446714
WF-001249,0,0.07519989677486627,1.0,0.1,0.5012995422423789,0.7152753286185232,0.3716069137882125,0.3769767382991461,0.5151131871249603
WF-000325,0,0.1567078925855096,1.0,0.1,0.07035663219286561,0.4758472297087049,0.0026917646857196656,0.11025439560357793,0.06592354736945313
WF-001374,0,0.2047585657979027,2.0,0.2,0.5206590550401919,0.7361986524092909,0.408807130756735,0.5330470068986048,0.5175620670755887
WF-000184,0,0.0,0.0,0.0,0.28799456308311305,0.4720981791856315,0.11123373981809975,0.0,0.28799456308311305
WF-001338,0,0.0,0.0,0.0,0.34554666129981254,0.5186539757875462,0.23983821730828106,0.0,0.34554666129981254
WF-001411,0,0.08018676137841961,1.0,0.1,0.1765565991986141,0.582288473507357,0.11662398581541321,0.1415750188972454,0.18044344145432176
WF-000014,0,0.06935372509331844,1.0,0.1,0.5995202112718159,0.8441136490439116,0.41578959920433717,0.41578959920433717,0.619934723723758
WF-001464,0,0.07403272030681607,1.0,0.1,0.516479497679884,0.8468767744104312,0.3823638219593971,0.3823638219593971,0.5313812394266048
WF-000981,0,0.10812920300186403,1.0,0.1,0.5568479704951725,0.7181193752510182,0.46334650028950763,0.6021152724284851,0.5518182702803601
WF-000100,0,0.0186159410918835,1.0,0.1,0.14230105119217473,0.7259251429494114,0.02409316284074108,0.026490679863066233,0.15516887022874234
WF-000938,0,0.07900308794154463,1.0,0.1,0.2945873621100056,0.5208705951168522,0.18804646242440107,0.2327331127524442,0.30146005648306795
WF-000783,0,0.07970872256424595,1.0,0.1,0.7534755829935735,0.9255495766660191,0.5936650336829393,0.6005857620376822,0.7704633408775614
WF-000870,0,0.0,0.0,0.0,0.4567146105371075,0.6316157315270395,0.32991175672971734,0.0,0.4567146105371075
WF-001112,0,0.25971231956472235,3.0,0.3,0.6897189451243615,0.8774477296054548,0.5278932427516014,0.5970950236199379,0.7294149114834001
WF-000855,0,0.14681443714147685,2.0,0.2,0.25621213657433395,0.4761972431664833,0.1163852713994603,0.18807820309988016,0.2732456199429474
WF-000941,0,0.0,0.0,0.0,0.5526780253228492,0.8226916386124333,0.41415974159670477,0.0,0.5526780253228492
WF-000669,0,0.0,0.0,0.0,0.2064903768393816,0.7224185942826022,0.07447147350849632,0.0,0.2064903768393816
WF-001226,0,0.16139644477316878,1.0,0.1,0.5745459839998639,0.9272967917627994,0.4037798748525768,0.9272967917627994,0.5353514498039823
WF-000056,0,0.0,0.0,0.0,0.38390593796082756,0.5758430563588112,0.22329428521908726,0.0,0.38390593796082756
WF-000308,0,0.07908757601741798,1.0,0.1,0.4204602774052583,0.6555210081195962,0.30261936127998573,0.3325318415159302,0.43023010361518366
WF-000900,0,0.0,0.0,0.0,0.16622949796869751,0.4408941243805173,0.07185059121503433,0.0,0.16622949796869751
WF-001517,0,0.0,0.0,0.0,0.03668915199346814,0.25818351951793567,0.00045321331438474404,0.0,0.03668915199346814
WF-001266,0,0.0,0.0,0.0,0.5663821926679218,0.6864460462406382,0.4508083327722293,0.0,0.5663821926679218
WF-000543,0,0.09746975361397807,1.0,0.1,0.6249931929884469,0.9840989016664612,0.5044028221365247,0.6091793253099737,0.6267502893971663
WF-000292,1,0.16099515653520094,1.0,0.1,0.39846158200317483,0.6415038476786493,0.23698982994066148,0.6415038476786493,0.371456885817011
WF-001441,0,0.0,0.0,0.0,0.5999425438740003,0.8736774632126614,0.398312855779855,0.0,0.5999425438740003
WF-000702,0,0.0,0.0,0.0,0.03848045010206482,0.10135503490200314,0.0026725373819962038,0.0,0.03848045010206482
WF-001313,0,0.024294730968545435,1.0,0.1,0.09946559666724078,0.5101146985773622,0.023668008123734752,0.024164899116564643,0.10783234083953813
WF-000293,0,0.12327246290268568,2.0,0.2,0.34041295986271936,0.6115664020559399,0.17116280076617438,0.2098177198313525,0.3730617698705611
WF-001357,0,0.0,0.0,0.0,0.37485097531418227,0.8519131626622336,0.1904069446202869,0.0,0.37485097531418227
WF-001056,0,0.0511039358972851,1.0,0.1,0.3006124117791947,0.647353188065632,0.15362477421492235,0.15362477421492235,0.31694437150855825
WF-000646,0,0.639424579784578,1.0,0.1,0.0500890287163148,0.3202815613874725,0.0037040237033932892,0.3202815613874725,0.020067636197297272
WF-000545,0,0.02065833602014225,1.0,0.1,0.04027456229033516,0.23379006751111456,0.0019003197277334555,0.008320054408578935,0.04382506316608585
WF-000590,0,0.0,0.0,0.0,0.5067433890734787,0.8335795825518612,0.2694696992706839,0.0,0.5067433890734787
WF-000808,0,0.0,0.0,0.0,0.2628997250772784,0.49809772476399206,0.15359001338276176,0.0,0.2628997250772784
WF-000822,0,0.0,0.0,0.0,0.345166629070426,0.4351068838348545,0.22828324049948276,0.0,0.345166629070426
WF-001271,0,0.17244300219659917,2.0,0.2,0.5970894312466515,0.8624664384073342,0.4048165690415088,0.5148194705201623,0.6176569214282738
WF-000949,0,0.03446233434804479,1.0,0.1,0.20075482126304292,0.6051733188779018,0.039366847840942465,0.06918479772348957,0.2153737127674377
WF-000722,0,0.07801190390387931,1.0,0.1,0.28132787496710027,0.41501543360393395,0.18753340397845492,0.21946923147415998,0.288201057577427
WF-000440,0,8.966515496056526e-18,2.0,0.2,1.1354071252899801e-07,1.0006636040223281e-06,6.053922157784009e-26,5.0903227916228e-24,1.4192589066124751e-07
WF-000610,0,0.0,0.0,0.0,0.5886460843056143,0.7464037751834974,0.46873088247536476,0.0,0.5886460843056143
WF-000677,0,0.0,0.0,0.0,0.0381964359415682,0.17155251921503487,0.006028658203078456,0.0,0.0381964359415682
WF-001222,0,0.0,0.0,0.0,0.6992909727245568,0.8074790219458247,0.6302717436372165,0.0,0.6992909727245568
WF-001207,0,0.0,0.0,0.0,0.7753204891304021,0.9062586944066504,0.6738723216933814,0.0,0.7753204891304021
WF-000303,0,0.0,0.0,0.0,0.11264379690304804,0.28483079833321717,0.03526856976605408,0.0,0.11264379690304804
WF-000700,0,0.0,0.0,0.0,0.5927396241714202,0.7835589240573549,0.41277150653520467,0.0,0.5927396241714202
WF-000769,0,0.0,0.0,0.0,0.25203892917613957,0.5186482176534873,0.14549078662838452,0.0,0.25203892917613957
WF-001173,0,0.15470864297177242,1.0,0.1,0.28840037147473724,0.6317828292230203,0.070082016358542,0.4461803010341166,0.2708692681903618
WF-001404,0,0.2280429781990604,1.0,0.1,0.26592403418166033,0.6064210872949455,0.10405080782779395,0.6064210872949455,0.22809102828018415
WF-000680,0,0.0,0.0,0.0,0.21031536107033758,0.44178723691406674,0.11379990377587341,0.0,0.21031536107033758
WF-001101,0,0.08841054729516698,1.0,0.1,0.4827098136492931,0.5806832610304463,0.4180658978958572,0.4267663880948207,0.48892574982201226
WF-000762,0,0.0,0.0,0.0,0.07607322139773393,0.1462732679202373,0.02202698687843238,0.0,0.07607322139773393
WF-000638,0,0.0,0.0,0.0,0.21599921692545196,0.38749448361096644,0.12516914799235332,0.0,0.21599921692545196
WF-000472,0,0.0,0.0,0.0,0.6816625650851867,0.9451472657627161,0.4886347827978499,0.0,0.6816625650851867
WF-000574,0,0.2833266951104005,2.0,0.2,0.21923948264522997,0.7994663377780763,0.049995561590392035,0.31058199027793504,0.1964038557370537
WF-001152,1,0.0,0.0,0.0,0.4279503392988123,0.7251186416984993,0.2573014953918259,0.0,0.4279503392988123
WF-000078,0,0.04853697228920956,1.0,0.1,0.12193026254093806,0.36638731941483865,0.008487220754933297,0.05918125774165557,0.12890237418530276
WF-001340,0,0.0,0.0,0.0,0.3676959637784574,0.7256862474739663,0.20317413604499304,0.0,0.3676959637784574
WF-000025,0,0.0,0.0,0.0,0.4615626663943062,0.6061570569139594,0.36912709581750924,0.0,0.4615626663943062
WF-001077,0,0.07534298246595018,1.0,0.1,0.6502371960969373,0.8831148590053423,0.4125798720851121,0.4899080966424016,0.6680515404807746
WF-001251,0,0.13893775725624763,1.0,0.1,0.3125581332287636,0.9312041271655538,0.09248612877842309,0.4342612604300386,0.299035563539733
WF-000387,0,0.18442979459187006,1.0,0.1,0.33236652865304306,0.6129829060869363,0.16492185730691356,0.6129829060869363,0.30118693116038825
WF-000992,0,0.0,0.0,0.0,0.4915319554818346,0.8766331507643882,0.3010950175677622,0.0,0.4915319554818346
WF-001493,0,0.0,0.0,0.0,0.052195817128764255,0.11697439656287337,0.010511409334619243,0.0,0.052195817128764255
WF-000592,0,0.025490820371365228,1.0,0.1,0.1922163077385617,0.666078717320353,0.020666858011245026,0.048997513730107356,0.2081295070728344
WF-001472,0,0.16598750061382472,2.0,0.2,0.3327228225972105,0.4653462792482509,0.22093073529361731,0.27613914860043987,0.34686874109640314
WF-000146,0,0.01577113050555914,1.0,0.1,0.06636348519198312,0.2709831773213932,0.0034569731647909464,0.010466271857665074,0.07257428667357402
WF-000013,0,1.1776282930072046e-07,3.0,0.3,0.0005567809041024813,0.005505711741693712,2.155634708227909e-23,2.1856031522573774e-10,0.0007954011979062668
WF-000278,1,0.22856037594153256,1.0,0.1,0.35221417599661237,0.8050220447772284,0.12408054072030915,0.8050220447772284,0.3019021905765439
WF-000283,1,0.0,0.0,0.0,0.532713591158432,0.8507121750112739,0.3580373476436723,0.0,0.532713591158432
WF-000902,0,0.0,0.0,0.0,0.6136082147081622,0.8661807640585966,0.4616510987289789,0.0,0.6136082147081622
WF-000047,0,0.0,0.0,0.0,0.3309368713298212,0.4855495152904655,0.2533177907431164,0.0,0.3309368713298212
WF-001298,0,0.0,0.0,0.0,0.6741937983883931,0.8794244511579247,0.554668526806294,0.0,0.6741937983883931
WF-000149,0,0.20158805832487117,2.0,0.2,0.6104204443620064,0.7822821973072093,0.47649611544083925,0.6152673607037096,0.6092087152765806
WF-000034,0,0.0,0.0,0.0,0.6849923346036995,0.8702760629955533,0.5453099288213367,0.0,0.6849923346036995
WF-000271,0,0.0,0.0,0.0,0.560816057399123,0.6962500754727401,0.40963282574939913,0.0,0.560816057399123
WF-001162,0,0.0,0.0,0.0,0.3387553795336355,0.4783969743642182,0.1770872900738566,0.0,0.3387553795336355
WF-000322,1,0.17500965008707295,2.0,0.2,0.3473853404980127,0.4280256082951713,0.24363398519590623,0.30397893442967944,0.3582369420150959
WF-000095,0,0.2090638825391121,1.0,0.1,0.2571329394240198,0.5375721064467991,0.1157257431953995,0.5375721064467991,0.22597303197704438
WF-000376,0,0.14864691157555776,1.0,0.1,0.556900668238428,0.8278156438800662,0.42341819868870917,0.8278156438800662,0.5267990042782459
WF-001155,0,0.12669293933400322,1.0,0.1,0.6202936859467483,0.9198291436360381,0.4107647224679486,0.7858683032291662,0.601896506248702
WF-000589,0,0.0,0.0,0.0,0.37897842006647187,0.7277189490710061,0.17952058380884986,0.0,0.37897842006647187
WF-000551,0,0.0,0.0,0.0,0.585413748352905,0.6751028444465327,0.49621986742931684,0.0,0.585413748352905
WF-000211,0,0.0,0.0,0.0,0.20585747806627097,0.4460074663490156,0.09977556748532579,0.0,0.20585747806627097
WF-001312,0,0.0,0.0,0.0,0.29395752393737434,0.47017687385089396,0.17236909614659143,0.0,0.29395752393737434
WF-001299,0,0.036575903836991684,1.0,0.1,0.2847318976826176,0.7660005270568414,0.10414326508963577,0.10414326508963577,0.30479730130406
WF-001024,0,0.1506589552357906,2.0,0.2,0.447123624934017,0.9019860219820163,0.2529120452673694,0.33681589096899245,0.4747005584252731
WF-001174,0,0.13260463782874726,1.0,0.1,0.31290618043297624,0.5428671074326694,0.18222888904668774,0.41492810730691454,0.30157041078031643
WF-000921,0,0.0,0.0,0.0,0.19387467739564468,0.5885916484924649,0.05875274966117483,0.0,0.19387467739564468
WF-000720,0,0.0,0.0,0.0,0.2856386749257014,0.6123479726577284,0.1227067965148054,0.0,0.2856386749257014
WF-000970,0,0.19998215737873035,1.0,0.1,0.3396816009350646,0.7519514550488702,0.1508994148522413,0.6793025937685516,0.3019459350646772
WF-000169,0,0.4524339226507355,3.0,0.3,0.003991442566337657,0.019002068626384,2.1146431487568806e-05,0.006019546724410883,0.00312225507002056
WF-000388,0,0.09832866913931812,1.0,0.1,0.6263457744415145,0.7220190188062934,0.5551389170154942,0.6158774642186966,0.6275089200218277
WF-000055,0,0.0,0.0,0.0,0.3993059596411897,0.6360966585202702,0.2735605767769494,0.0,0.3993059596411897
WF-000121,0,0.29016256924255995,1.0,0.1,0.3072441681351358,0.8915075721088408,0.1451611380028759,0.8915075721088408,0.24232601213805735
WF-000453,0,0.027941172914733955,1.0,0.1,0.0608491807973713,0.266359100464322,0.012345342041231283,0.017001974823792603,0.06572109257221337
WF-001458,0,0.0,0.0,0.0,0.09565564864375717,0.4638987036594713,0.01739077697090067,0.0,0.09565564864375717
WF-000724,0,0.17279200808685086,2.0,0.2,0.49275745196616716,0.5802023510823139,0.4132862281998293,0.4257227481249699,0.5095161279264666
WF-001463,0,0.0,0.0,0.0,0.5526175032914927,0.7927094221477864,0.39052920270539404,0.0,0.5526175032914927
WF-000910,0,0.0558966872375387,1.0,0.1,0.38689425218132445,0.6277307643388992,0.2090345973195544,0.21626107008180917,0.4058534946368262
WF-000529,0,0.050917351181969245,1.0,0.1,0.23774518445302717,0.9024194730907468,0.09737047566310894,0.1210535504861684,0.25071092156045593
WF-000353,0,0.0,0.0,0.0,0.3675161736988314,0.5443634035413601,0.21198133537999447,0.0,0.3675161736988314
WF-001188,0,0.0,0.0,0.0,0.5744518709990638,0.8328352633042382,0.4224328652395498,0.0,0.5744518709990638
WF-000944,0,0.0,0.0,0.0,0.025080287490290204,0.25002709150491603,9.986523881401316e-41,0.0,0.025080287490290204
WF-000255,0,0.0,0.0,0.0,0.5056145880463487,0.7995509660785375,0.35476485706064415,0.0,0.5056145880463487
WF-001290,0,0.0,0.0,0.0,0.10292113391129128,0.3310126445204359,0.06325671655505179,0.0,0.10292113391129128
WF-000228,0,0.06065921852680949,1.0,0.1,0.5285947399796435,0.7522689179831673,0.3206414384454723,0.3206414384454723,0.5517006623723292
WF-000145,0,0.0,0.0,0.0,0.29678367276679546,0.951889324030618,0.11099158924977877,0.0,0.29678367276679546
WF-001291,0,0.0,0.0,0.0,0.21989397475065697,0.5108380404553967,0.10216351752416497,0.0,0.21989397475065697
WF-001409,0,0.0,0.0,0.0,0.5183427408134587,0.7294026593067383,0.3704805620549872,0.0,0.5183427408134587
WF-000119,0,0.12863981727054485,1.0,0.1,0.3241416075050628,0.48283566477232315,0.1909369981005611,0.41697517159231956,0.3138267670509232
WF-000197,0,0.06677933675758137,1.0,0.1,0.10378056294118583,0.3159988374374392,0.03831044476591605,0.06930397161540817,0.10761129531071666
WF-001215,0,0.0,0.0,0.0,0.23582979360961534,0.4289646640442945,0.10582604453137544,0.0,0.23582979360961534
WF-000147,0,0.0,0.0,0.0,0.08901599099764415,0.2628874008462415,0.02457183555918411,0.0,0.08901599099764415
WF-001109,0,0.0,0.0,0.0,0.41553057173120933,0.6803030145583099,0.29802539191937816,0.0,0.41553057173120933
WF-001223,0,0.11494714020608314,1.0,0.1,0.7218198165525623,0.8506624511586124,0.6105346252187652,0.829711236567966,0.7098318809952953
WF-000912,0,0.0,0.0,0.0,0.4242546914492653,0.659023360205387,0.2548510568725139,0.0,0.4242546914492653
WF-000475,0,0.0,0.0,0.0,0.5800853809602129,0.6758698950628226,0.4266449063324172,0.0,0.5800853809602129
WF-000021,0,0.24006350486840117,3.0,0.3,0.3484110694629384,0.49659260168676156,0.2645834440028912,0.27880260823406994,0.3782432671324535
WF-000843,0,0.11575944069453041,1.0,0.1,0.3176872215447718,0.6902045269986025,0.16527541401930929,0.36775295081822157,0.3121243627366107
WF-001431,0,0.0,0.0,0.0,0.3783143026896295,0.63720781068631,0.21150421718364332,0.0,0.3783143026896295
WF-000914,0,0.15695419861200552,1.0,0.1,0.437583504747893,0.7073245551739246,0.28009946344304926,0.6868056831353825,0.4098921515937275
WF-000101,0,0.09819481131195917,2.0,0.2,0.12340443226873285,0.3322966419090351,0.03601014361127165,0.06058837470843834,0.13910844665880648
WF-000594,0,0.07217418454007442,2.0,0.2,0.08102220178233192,0.4865729930018919,0.02542319705272417,0.029238556716405857,0.09396811304881343
WF-000003,1,0.0,0.0,0.0,0.002673916621287718,0.01682711442972696,8.000033931570765e-05,0.0,0.002673916621287718
WF-000939,0,3.919733057727662e-11,1.0,0.1,0.1153605464535075,0.99268430793763,2.9500258010193945e-23,4.52182547491341e-11,0.12817838494331743
WF-001381,0,0.1713322680453521,2.0,0.2,0.4929027845304037,0.744361130237164,0.3294945808616477,0.42225075999731776,0.5105657906636751
WF-000950,0,4.800025703277948e-11,1.0,0.1,0.0807702587151771,0.5685325310294396,2.4574784750040125e-23,3.8769931789325976e-11,0.08974473190144455
WF-000611,0,0.08881503668404632,1.0,0.1,0.3569506247743391,0.6393718577804818,0.21259665124793145,0.3170258283372618,0.36138671326734767
WF-000784,0,0.4123867940121918,3.0,0.3,0.2487755615245774,0.548067769236614,0.10111696085743185,0.3419725208190108,0.20883400754124865
WF-001484,0,0.08243861842270987,1.0,0.1,0.5739868833985585,0.9402185257182555,0.4330813863942911,0.47318685660134224,0.585186886376027
WF-001538,0,0.0,0.0,0.0,0.0032901136641136156,0.013373218576822807,7.99184780136603e-05,0.0,0.0032901136641136156
WF-000493,0,0.0,0.0,0.0,0.3429897934249174,0.5630656744000431,0.1917472798253531,0.0,0.3429897934249174
WF-000993,0,0.11652498613488914,1.0,0.1,0.46290496427210553,0.6379200728407736,0.35514724200645414,0.5393999454357845,0.45440552192058564
WF-000756,0,0.0,0.0,0.0,0.3711681038104313,0.5410574643187801,0.3096865522387103,0.0,0.3711681038104313
WF-001161,0,0.0,0.0,0.0,0.28550786954955265,0.4667367899502941,0.19132449763928366,0.0,0.28550786954955265
WF-000544,0,0.0,0.0,0.0,0.17457445722053272,0.44952245420805165,0.08899594101796292,0.0,0.17457445722053272
WF-000985,0,0.0902667482237208,1.0,0.1,0.4368621039985829,0.6514708760808966,0.33803751004450744,0.3943412155012501,0.4415866471649532
WF-001437,0,0.0,0.0,0.0,0.41849198853184044,0.6603328953075146,0.28272120067545026,0.0,0.41849198853184044
WF-000636,0,0.0,0.0,0.0,0.27170382502130036,0.37774010606000813,0.12472906525028563,0.0,0.27170382502130036
WF-000273,0,0.0,0.0,0.0,0.18121155359320726,0.32448281289433023,0.04783876053492289,0.0,0.18121155359320726
WF-001314,0,0.0,0.0,0.0,0.02220757825739968,0.12273721829158032,0.004386521244040838,0.0,0.02220757825739968
WF-000936,0,0.0,0.0,0.0,0.01119973590304096,0.06176005516640798,1.3902760955894432e-40,0.0,0.01119973590304096
WF-000602,1,0.0,0.0,0.0,0.4226851811128374,0.6817875805148652,0.323188404287009,0.0,0.4226851811128374
WF-001280,0,0.12604046168746214,1.0,0.1,0.30476881419293245,0.44458758328993203,0.1665060314775955,0.3841320204881757,0.2959506801601276
WF-000410,0,0.11375040996925384,1.0,0.1,0.35119484976299264,0.6944103828598983,0.1804977824272897,0.39948558139630924,0.34582921291484636
WF-000148,0,0.002216737614072385,1.0,0.1,4.594730603697961e-05,0.0003676852231145399,9.113731703510216e-07,1.0185312155746785e-06,5.0939392128246826e-05
WF-000975,0,0.0,0.0,0.0,0.40784307168200656,0.7013258403469088,0.23062348922062223,0.0,0.40784307168200656
WF-000115,0,0.0,0.0,0.0,0.10087980352714701,0.2686397254261311,0.007685569983385898,0.0,0.10087980352714701
WF-001446,0,0.0682003131463925,1.0,0.1,0.4023855996990623,0.6611525054797996,0.27442823905074987,0.27442823905074987,0.4166030842155414
WF-000502,0,0.0,0.0,0.0,0.7665710086262565,0.9527127050841516,0.5684337507633248,0.0,0.7665710086262565
WF-000360,0,0.194700507770197,2.0,0.2,0.558027536898197,0.6951537230141535,0.4461362663861015,0.5432412239191565,0.5617241151429571
WF-000795,0,0.0,0.0,0.0,0.31771898914498803,0.6047963438929812,0.1147329303528397,0.0,0.31771898914498803
WF-000342,0,0.10598304639940963,1.0,0.1,0.49844367379872,0.6071232611459036,0.41654127046571315,0.5282657900770193,0.49513010532335333
WF-000785,0,0.06895276681069523,1.0,0.1,0.19095702215648017,0.48540887380978487,0.08445146533783321,0.1316701501962054,0.19754445237428847
WF-001015,0,0.0,0.0,0.0,0.44404700140484576,0.9448032799241217,0.25858826036715304,0.0,0.44404700140484576
WF-001181,0,0.030674306532982157,1.0,0.1,0.1531225780088185,0.28757514703445514,0.04696928894962972,0.04696928894962972,0.16491738790428392
WF-001490,0,0.1,1.0,0.1,1.5856507481008935e-33,1.585650747523941e-32,8.901613753340312e-54,5.769524836293952e-42,1.7618341639154903e-33
WF-000185,0,0.0,0.0,0.0,0.09271943305847433,0.35527094576043605,0.004121992488393374,0.0,0.09271943305847433
WF-001513,0,0.0,0.0,0.0,0.3791946770063069,0.6092418249010744,0.2943596991370417,0.0,0.3791946770063069
WF-000641,0,0.0,0.0,0.0,0.3056139433215489,0.3653472398314661,0.2512433830183365,0.0,0.3056139433215489
WF-001288,0,0.34596699051229385,3.0,0.3,0.501669851878371,0.7637185698762068,0.3857712158631145,0.5785373629503608,0.4687266328475182
WF-001052,0,0.05248337502294663,1.0,0.1,0.41866928032230755,0.8197309360700259,0.21973176849742837,0.21973176849742837,0.44077344830284965
WF-000311,0,0.04243627905010995,1.0,0.1,0.15981788340638084,0.47365905504371625,0.03076569080648045,0.06782076297431114,0.1700397856766108
WF-001184,0,0.0809136023620546,1.0,0.1,0.5880803302249148,0.7844330076893715,0.4734884111735201,0.47583697996764507,0.6005518135868336
WF-000251,0,0.08185477677072761,1.0,0.1,0.6007457849050796,0.7804275186863336,0.4656908238315685,0.4917391211936083,0.6128576364285763
WF-000803,0,0.0,0.0,0.0,0.3043923273223583,0.7609043964244684,0.18625847541425405,0.0,0.3043923273223583
WF-001264,0,0.2003775627621828,2.0,0.2,0.6784100569442071,0.858197983673544,0.5940686358974893,0.6796907688191693,0.6780898789754664
WF-000208,0,0.0,0.0,0.0,0.021232194450218844,0.11255132063205096,0.0005078230552594183,0.0,0.021232194450218844
WF-000482,0,0.1607876776636229,2.0,0.2,0.5452153914843987,0.7546532864836646,0.4305165365448309,0.4383195831161973,0.571939343576449
WF-000506,0,0.0,0.0,0.0,0.16291311367338354,0.8069762351587487,0.02360670272487534,0.0,0.16291311367338354
WF-000274,1,0.0,0.0,0.0,0.03442625320762732,0.07483446960028499,0.004732022469343188,0.0,0.03442625320762732
WF-000075,0,0.01363435592967018,1.0,0.1,0.001107289487890881,0.00391008249721528,7.975235604604102e-05,0.00015097178995086488,0.001213547009884216
WF-000578,0,0.0,0.0,0.0,0.049929907909682145,0.3416259799380532,0.004775060975812994,0.0,0.049929907909682145
WF-000354,0,0.0,0.0,0.0,0.2844594180554024,0.8391506703401375,0.13453023372698827,0.0,0.2844594180554024
WF-000619,0,0.1748837143304733,1.0,0.1,0.2444803110058062,0.42755624869364683,0.10684109642888807,0.42755624869364683,0.22413854015160167
WF-000548,0,0.0,0.0,0.0,0.4128588943040348,0.8804172142242811,0.24728557259518635,0.0,0.4128588943040348
WF-000282,0,0.14641301284089775,1.0,0.1,0.28614924299773614,0.7587917732857168,0.09989943627386233,0.4189597278944071,0.2713925224536616
WF-001430,0,0.0,0.0,0.0,0.23341052757279993,0.6260813157045207,0.11400443980557641,0.0,0.23341052757279993
WF-000114,0,0.0,0.0,0.0,0.03979165218041052,0.19280313905561852,0.0006960387732341618,0.0,0.03979165218041052
WF-000227,0,0.0,0.0,0.0,0.4018982913945631,0.5178574304028454,0.30878205313610496,0.0,0.4018982913945631
WF-001495,0,0.0,0.0,0.0,0.09982074222151947,0.7205906231176648,0.000963475430515867,0.0,0.09982074222151947
WF-000986,0,2.777530463829072e-07,1.0,0.1,2.7868223216884024e-08,2.4532303560817297e-07,7.876127730873111e-25,7.740483895768401e-14,3.0964683862666814e-08
WF-000559,0,0.0,0.0,0.0,0.015814976795762437,0.054708625793524375,0.002911186799272903,0.0,0.015814976795762437
WF-000845,0,0.0,0.0,0.0,0.1481416181772363,0.4557539590681552,0.034664708538132895,0.0,0.1481416181772363
WF-000009,0,0.030251044034991337,1.0,0.1,0.2060221295129777,0.46281207520538886,0.06232384512079776,0.06232384512079776,0.22198860555655325
WF-001145,1,0.0,0.0,0.0,0.4237906346786121,0.6903478066341437,0.17017354657858677,0.0,0.4237906346786121
WF-000967,0,0.20442981610057998,2.0,0.2,0.7090392358005767,0.9649760947650919,0.5205552556254915,0.7247438029140383,0.7051130940222113
WF-000734,0,0.0,0.0,0.0,0.24206909100267046,0.3385143537571385,0.15909669201072113,0.0,0.24206909100267046
WF-001453,0,0.0,0.0,0.0,0.21889324787051337,0.5578788281771638,0.08755033476943103,0.0,0.21889324787051337
WF-000580,0,0.08178693751455733,1.0,0.1,0.4385496292477182,0.68241614924428,0.29284996210365044,0.35867631124315413,0.4474244423593364
WF-001502,0,0.0,0.0,0.0,0.3544962692189003,0.53975569186284,0.20627721294465756,0.0,0.3544962692189003
WF-000637,0,0.10569309594979949,1.0,0.1,0.5977684862835171,0.8189591169151796,0.4266371684328996,0.6318000197653016,0.593987204785541
WF-001164,0,0.0,0.0,0.0,0.5205342265199729,0.6835652362115515,0.41515465848231475,0.0,0.5205342265199729
WF-000526,0,0.0,0.0,0.0,0.4240165041813063,0.6638393206767038,0.3023973333059152,0.0,0.4240165041813063
WF-001137,0,0.07921725666249675,1.0,0.1,0.5591695061097424,0.7669678575778259,0.44295874283337006,0.44295874283337006,0.5720818131404504
WF-000831,0,0.0,0.0,0.0,0.36475964842825437,0.5717579745588339,0.17525383381302198,0.0,0.36475964842825437
WF-000719,0,0.0,0.0,0.0,0.0839848394894106,0.17546296817378196,0.0438333275527331,0.0,0.0839848394894106
WF-001524,0,0.10448183285507932,1.0,0.1,0.46371983529642086,0.7429883551445056,0.29503099181901193,0.4845029832302556,0.4614105966371058
WF-000615,0,0.2171863454297102,2.0,0.2,0.09846620938909288,0.216372665782605,0.061914431794936976,0.1069275808276685,0.09635086652944899
WF-001503,0,0.0,0.0,0.0,0.2986546791270913,0.8262081742612992,0.13789879323942134,0.0,0.2986546791270913
WF-001270,0,0.053697643927765194,1.0,0.1,0.26364500374200306,0.42384721929740066,0.14157115534272402,0.14157115534272402,0.2772087646752563
WF-000029,0,0.12732884247381443,1.0,0.1,0.34497674759685126,0.5705386290226989,0.2280814591965374,0.43925489951888314,0.3345013973832922
WF-001254,0,0.058056985170944424,1.0,0.1,0.35532538888363935,0.8116729970569599,0.17024517336909215,0.20629120833277512,0.3718847422781798
WF-000420,0,0.0,0.0,0.0,0.033896070466060066,0.0935688625117235,0.009056428305887343,0.0,0.033896070466060066
WF-000800,0,0.2601133630132807,2.0,0.2,0.32212896714153116,0.6170231484965714,0.20466921424286288,0.4189502448358913,0.29792364771794105
WF-001418,0,0.0,0.0,0.0,0.16875724760821983,0.35699186761552815,0.0945651143778781,0.0,0.16875724760821983
WF-000832,1,0.19903319955864718,2.0,0.2,0.6226727853388822,0.8211905167032674,0.48497193364557245,0.619662783720462,0.6234252857434872
WF-001516,0,0.0,0.0,0.0,0.10616775763265326,0.8768061994378262,0.0011765767084804583,0.0,0.10616775763265326
WF-001466,0,0.0,0.0,0.0,0.5036276342921965,0.7599134613319855,0.3513805571642431,0.0,0.5036276342921965
WF-000058,1,0.0,0.0,0.0,0.012302950508915986,0.06074767997669315,0.00034027443933797843,0.0,0.012302950508915986
WF-001323,0,0.0,0.0,0.0,0.3303646201177342,0.6083568917926492,0.17134398392081632,0.0,0.3303646201177342
WF-000887,0,0.0,0.0,0.0,0.42502295538333323,0.607382973642392,0.28565909569875086,0.0,0.42502295538333323
WF-000737,0,0.0578228121438932,1.0,0.1,0.4185810415543778,0.7622599865869831,0.2420353293279394,0.2420353293279394,0.43819723180175985
WF-000656,0,0.0,0.0,0.0,0.7204255087186596,0.8613014317525721,0.6626313320940677,0.0,0.7204255087186596
WF-000771,0,0.35265987238402835,3.0,0.3,0.3984357641975873,0.9331000292713161,0.23014691711603183,0.4683743525171798,0.36846208348919046
WF-000899,0,0.0,0.0,0.0,0.6244918491949397,0.8319634630264742,0.4998144000233729,0.0,0.6244918491949397
WF-000397,0,0.0,0.0,0.0,0.2644076687615281,0.4251441424423838,0.13256554704269136,0.0,0.2644076687615281
WF-000138,0,0.0,0.0,0.0,0.6074838475599905,0.8782102788996679,0.44160022178254,0.0,0.6074838475599905
WF-001055,0,0.0,0.0,0.0,0.2694907895558913,0.4373862545981954,0.12122907278254406,0.0,0.2694907895558913
WF-000698,0,0.0,0.0,0.0,0.48265932468936257,0.771556892850614,0.2789745258866983,0.0,0.48265932468936257
WF-001439,1,0.187627306257288,2.0,0.2,0.06869123097856208,0.16085269879787686,0.0380926583106823,0.06444175316002387,0.06975360043319664
WF-000503,0,0.0,0.0,0.0,0.5228137962742341,0.9040652864117783,0.3396823909027868,0.0,0.5228137962742341
WF-001520,1,0.038527081329264926,1.0,0.1,0.23521285128821182,0.848356754910801,0.039059398019841235,0.09062064651269233,0.251278651818825
WF-001175,0,0.0,0.0,0.0,0.15421600263518753,0.3831726912864688,0.04982760884411645,0.0,0.15421600263518753
