wafer_id,target,status,timestamp,calibrated_failure_probability,prediction_confidence,combined_uncertainty,data_confidence,ood_percentile,neighbour_distance_percentile,missing_sensor_rate,decision_margin,historical_weighted_failure_rate,failed_neighbour_count,failed_neighbour_rate,mean_similarity,maximum_similarity,minimum_similarity,mean_failed_neighbour_similarity,mean_passed_neighbour_similarity,fusion_oof_probability,fusion_predicted_failure
WF-000309,0,Pass,2008-08-19 11:58:00,0.0762174063820331,0.1828261016762483,0.8171738983237516,0.5651033076172741,0.5538707102952913,0.8930566640063847,0.0444444444444444,0.0041115148021378,0.07984850428236479,1.0,0.1,0.43155168240236785,0.5118094007058013,0.34458756360367193,0.34458756360367193,0.44121436226888966,0.5265903021115498,1
WF-000236,1,Fail,2008-08-17 21:26:00,0.0662638991605167,0.2414855571942406,0.7585144428057594,0.7652629245366676,0.0327214684756584,0.8220271348762969,0.0444444444444444,0.0149305443907426,0.10394961793881217,1.0,0.1,0.22514403264054778,0.9628518467535792,0.01791671419628453,0.234036361741884,0.22415599607373268,0.3329614208335482,1
WF-000183,1,Fail,2008-08-10 07:01:00,0.2033693772274689,0.1590230868472757,0.8409769131527243,0.4531923383878691,0.8810853950518756,0.953711093375898,0.0,0.1340971491602922,0.0,0.0,0.0,0.09603149663422567,0.6622721311946721,0.0042564043107515895,0.0,0.09603149663422567,0.8695899456458345,1
WF-001304,1,Fail,2008-10-05 00:33:00,0.0719118930228983,0.1741153216158185,0.8258846783841814,0.5272065265584819,0.8898643256185156,0.6169193934557063,0.0177777777777777,0.0087914206272844,0.30897052562054467,3.0,0.3,0.5152879708729714,0.7487027744329577,0.3537943654613279,0.5306959840218862,0.5086845366662937,0.3966721198593257,1
WF-001248,0,Pass,2008-10-02 16:32:00,0.0461520821203975,0.2186347945596401,0.7813652054403599,0.6069791611244126,0.8579409417398244,0.3567438148443735,0.0088888888888888,0.0121218283917364,0.0,0.0,0.0,0.26415460400073043,0.5473127230055158,0.14332068966754585,0.0,0.26415460400073043,0.3024085624098757,1
WF-001179,0,Pass,2008-09-29 14:04:00,0.0490437072525445,0.2734525354836152,0.7265474645163847,0.8519512281635186,0.1141260973663208,0.4181963288108539,0.0088888888888888,0.0152648991875484,0.0,0.0,0.0,0.48759989542185317,0.9562504927073693,0.26128326666930274,0.0,0.48759989542185317,0.43686318996465107,1
WF-000934,0,Pass,2008-09-20 00:33:00,0.031484299986311,0.2136486829867825,0.7863513170132175,0.5888626407732553,0.8435754189944135,0.4493216280925778,0.0088888888888888,0.0038214130583575,0.0,0.0,0.0,0.3220465709689816,0.7561689758267881,0.1767794321955883,0.0,0.3220465709689816,0.28679484263725336,1
WF-000172,0,Pass,2008-08-09 19:03:00,0.2104633084691675,0.1576841406049011,0.8423158593950989,0.4507500221690166,0.8802873104549083,0.9361532322426176,0.0177777777777777,0.1418079439882255,0.9999997551854523,4.0,0.4,0.0016511166978552354,0.01651038508891476,2.9534666877098733e-12,0.004127790734094619,6.736956462737695e-10,0.7263018281892148,1
WF-000433,0,Pass,2008-08-23 04:52:00,0.0551085461714531,0.1798529447347291,0.8201470552652709,0.5010171144808017,0.7438148443735035,0.8834796488427773,0.0444444444444444,0.0218571154037534,0.2850760482208482,1.0,0.1,0.24164108015915348,0.6888608421958868,0.1399896070002732,0.6888608421958868,0.19194999548840533,0.47893517714748557,1
WF-001491,0,Pass,2008-10-13 21:20:00,0.0501500626187131,0.2268752901439652,0.7731247098560348,0.6861849782743638,0.7166799680766162,0.2234636871508379,0.0177777777777777,0.0164674593681664,0.0,0.0,0.0,0.07122866809464715,0.6358483394359976,0.0019331091374304784,0.0,0.07122866809464715,0.3964227934090546,1
WF-000684,0,Pass,2008-09-02 12:30:00,0.0661427678562286,0.1842609166430247,0.8157390833569752,0.5518070408796666,0.8770949720670391,0.4652833200319234,0.0622222222222222,0.0150622088519253,0.1764285799845138,1.0,0.1,0.5507671304404957,0.9717106272576215,0.33404364621309995,0.9717106272576215,0.5039956307941484,0.41913186260630914,1
WF-000597,0,Pass,2008-08-30 20:11:00,0.0743860144503243,0.2474239569297863,0.7525760430702138,0.8011930477963998,0.4062250598563448,0.2122905027932961,0.0088888888888888,0.0061021582061692,0.0,0.0,0.0,0.6697978522777931,0.853380831974207,0.5675329862742843,0.0,0.6697978522777931,0.5407256278720726,1
WF-000917,0,Pass,2008-09-19 18:11:00,0.0202682487689525,0.2880297103008946,0.7119702896991054,0.742250421211315,0.5291300877893057,0.2617717478052673,0.0177777777777777,0.0160127730772254,0.0,0.0,0.0,0.4576883408378576,0.8905310162429034,0.23739720269550282,0.0,0.4576883408378576,0.07672819510148053,0
WF-000458,0,Pass,2008-08-27 22:58:00,0.1766719766743542,0.1437481336806181,0.8562518663193819,0.3899318967810588,1.0,0.997605746209098,0.0266666666666666,0.1050782355156024,0.2,2.0,0.2,0.0,0.0,0.0,0.0,0.0,0.6679397020875748,1
WF-000378,0,Pass,2008-08-21 19:12:00,0.1265900909701414,0.2144609062237867,0.7855390937762133,0.6855505896958412,0.4373503591380686,0.6312849162011173,0.0088888888888888,0.0506414032284146,0.030197192613863784,1.0,0.1,0.051946279231867176,0.38580222963198757,0.001955863689006845,0.015686317995382452,0.05597516381369881,0.7142710700310719,1
WF-000704,0,Pass,2008-09-02 20:52:00,0.0523649265930265,0.2227734101145615,0.7772265898854385,0.6465242529041412,0.7158818834796489,0.3974461292897047,0.0088888888888888,0.0188749202098114,0.6193672748176872,1.0,0.1,0.10012266623237676,0.6201270293182806,0.003965949168703146,0.6201270293182806,0.042344403667276334,0.18852723657240605,0
WF-000791,0,Pass,2008-09-11 14:31:00,0.0445785602112407,0.2377577169179063,0.7622422830820936,0.7136268511128846,0.5251396648044693,0.3391859537110934,0.0444444444444444,0.010411478490479,0.08972254083499222,1.0,0.1,0.6702338207336911,0.9103238928754026,0.5098735244522514,0.6013508134977146,0.6778874882043552,0.3986440162394874,1
WF-000538,0,Pass,2008-08-29 14:18:00,0.0896922330877107,0.1748387978530926,0.8251612021469074,0.5341457834530461,0.8627294493216281,0.6129289704708699,0.0266666666666666,0.010535035964903,0.0,0.0,0.0,0.3433809589689737,0.6897584400012517,0.16479448144827485,0.0,0.3433809589689737,0.5894891971879508,1
WF-001509,0,Pass,2008-10-14 20:48:00,0.0080651100152636,0.3305876786874437,0.6694123213125562,0.7397282965327658,0.533120510774142,0.237829209896249,0.0355555555555555,0.0292770543312352,0.0,0.0,0.0,0.4998229709508727,0.6995996106451647,0.30438352401445135,0.0,0.4998229709508727,0.02888094725703531,0
WF-001511,0,Pass,2008-10-14 23:07:00,0.0288271442230495,0.2452903396889718,0.7547096603110282,0.6510211935798529,0.8316041500399042,0.174780526735834,0.0355555555555555,0.0067096258445113,0.0,0.0,0.0,0.026971084599324985,0.06844890751133222,0.00446737743630445,0.0,0.026971084599324985,0.31468053669697593,1
WF-001438,0,Pass,2008-10-09 00:23:00,0.0254244716727176,0.2373909165360292,0.7626090834639707,0.6193095681475569,0.7685554668794893,0.432561851556265,0.0088888888888888,0.0104081829644373,0.0,0.0,0.0,0.5235398247300291,0.8339682538813197,0.2644570712336623,0.0,0.5235398247300291,0.18272516873995362,0
WF-000362,0,Pass,2008-08-21 13:45:00,0.0851721082692573,0.2095211118273162,0.7904788881726837,0.6662768466790814,0.5482841181165203,0.553072625698324,0.0088888888888888,0.0056218568144101,0.0,0.0,0.0,0.14654698539122735,0.40186522731580393,0.05272572383640375,0.0,0.14654698539122735,0.5890353709355892,1
WF-000772,0,Pass,2008-09-09 08:44:00,0.0257607034497946,0.2812457980990123,0.7187542019009877,0.7697884189057373,0.1636073423782921,0.6775738228252195,0.0088888888888888,0.0100427136415275,0.10876641446003767,1.0,0.1,0.3963257869562876,0.49250120653613494,0.25734507547164337,0.43106934805288166,0.39246539127888824,0.2544818238223951,0
WF-000336,0,Pass,2008-08-20 18:35:00,0.0785600891605593,0.1357318500643482,0.8642681499356518,0.4095924447991488,0.9241819632881084,0.9824421388667198,0.0533333333333333,0.0015651204776529,0.0,0.0,0.0,0.13382905168363984,0.2786486529112325,0.03209984374786893,0.0,0.13382905168363984,0.5246704286706658,1
WF-000733,0,Pass,2008-09-04 16:56:00,0.0263836412336701,0.2428810521462295,0.7571189478537704,0.650733705772812,0.7015163607342378,0.329608938547486,0.0533333333333333,0.0093656073547063,0.0,0.0,0.0,0.7681609237987749,0.9451747775421495,0.6743444527305993,0.0,0.7681609237987749,0.1342144207184018,0
WF-000757,0,Pass,2008-09-08 04:21:00,0.0135794617150982,0.2961604492605931,0.7038395507394068,0.7088147556974373,0.6895450917797287,0.1851556264964086,0.0088888888888888,0.0232831937879366,0.09226010201698712,1.0,0.1,0.6018340846261403,0.8352928035945225,0.46972741978484744,0.5552527404490776,0.6070097895347027,0.12604877299246056,0
WF-001054,0,Pass,2008-09-24 06:14:00,0.0697548591284357,0.2308694381494681,0.7691305618505319,0.7368234459519376,0.49561053471668,0.3304070231444533,0.0177777777777777,0.0111360226864828,0.07367978406852758,1.0,0.1,0.5526592456374625,0.7325865030264656,0.4071981388204359,0.4071981388204359,0.5688215908393544,0.5698514063551904,1
WF-001380,0,Pass,2008-10-06 21:46:00,0.0649409723345279,0.2377204366419283,0.7622795633580717,0.7388626407732553,0.4309656823623304,0.426975259377494,0.0088888888888888,0.0163685083320348,0.0,0.0,0.0,0.5989500928907235,0.891061830611589,0.394715995111396,0.0,0.5989500928907235,0.4356372347306976,1
WF-000331,0,Pass,2008-08-20 16:16:00,0.1223503086618719,0.1972564180861574,0.8027435819138425,0.6345049215216814,0.4158020750199521,0.8371907422186752,0.0266666666666666,0.0460329441976868,0.0,0.0,0.0,0.07505730174917885,0.16024444646746,0.045614923402884304,0.0,0.07505730174917885,0.6893603320322249,1
WF-001300,0,Pass,2008-10-04 19:54:00,0.1215895159868385,0.2643163609046055,0.7356836390953945,0.8584515385297509,0.3168395849960095,0.0941739824421388,0.0177777777777777,0.045205995637868,0.08708148732878294,1.0,0.1,0.6732156559636054,0.8503879444700319,0.5298720601867457,0.5862462061433301,0.6828789281658583,0.6486556399311009,1
WF-000901,0,Pass,2008-09-19 06:01:00,0.0131722834638562,0.3855927026759796,0.6144072973240203,0.990259288817948,0.0039904229848363,0.0191540303272146,0.0088888888888888,0.0237257788436345,0.0,0.0,0.0,0.3422559762345013,0.5241011350041481,0.24981173652534958,0.0,0.3422559762345013,0.10100116440574253,0
WF-001539,0,Pass,2008-10-15 19:15:00,0.0157642055393022,0.3680513839943256,0.6319486160056744,0.937892701959741,0.1276935355147645,0.0127693535514764,0.0355555555555555,0.0209084722398888,0.08562494601535312,1.0,0.1,0.6466944858185969,0.82550719690421,0.5333935131007277,0.553731804366439,0.6570236726466144,0.13390668261129252,0
WF-001278,0,Pass,2008-10-03 20:26:00,0.0440960754815834,0.2639874342569243,0.7360125657430756,0.8045849073335107,0.2027134876296887,0.4836392657621708,0.0088888888888888,0.0098870385669385,0.21276069753898472,2.0,0.2,0.5232196680487029,0.8412157896455661,0.3983195244388213,0.5566029077007902,0.5148738581356809,0.3522577919363362,1
WF-000437,0,Pass,2008-08-23 05:58:00,0.2105292218935659,0.1973162684374694,0.8026837315625306,0.5473223375011085,0.7661612130885874,0.7238627294493216,0.0088888888888888,0.1418795890147456,0.072054080201576,1.0,0.1,0.404009843404439,0.7279148331617857,0.20602762308871173,0.2911055765888961,0.4165547619394993,0.789627016326897,1
WF-001567,0,Pass,2008-10-17 06:07:00,0.033857953023912,0.2585777897716203,0.7414222102283796,0.750938370133901,0.3862729449321628,0.0750199521149241,0.2377777777777777,0.0012413554087912,0.0,0.0,0.0,0.42106368931791727,0.8060988419505208,0.2998805302894516,0.0,0.42106368931791727,0.02646529401483033,0
WF-000386,0,Pass,2008-08-21 23:08:00,0.0679093924824426,0.1433680754385708,0.8566319245614291,0.4314844373503591,0.9704708699122108,0.9154030327214684,0.0,0.0131419646929971,0.08109101561563752,1.0,0.1,0.6109761212283017,0.8761750973831607,0.49544674187305854,0.49544674187305854,0.6238127189344398,0.6091996093767689,1
WF-000569,0,Pass,2008-08-30 07:50:00,0.0356034542418969,0.2158901968016724,0.7841098031983276,0.6090183559457303,0.7055067837190743,0.5762170790103751,0.0,0.000655928523801,0.3879771623778293,4.0,0.4,0.3714040353125582,0.7748818473700492,0.20521544722796123,0.36024070929060364,0.378846252660528,0.24798508387147836,0
WF-001501,0,Pass,2008-10-14 13:16:00,0.0484080316886497,0.2159215357490085,0.7840784642509915,0.6594010818480093,0.7837190742218675,0.2083000798084597,0.0355555555555555,0.0145739474876627,0.0,0.0,0.0,0.6215687505208953,0.8147374160321176,0.47753043807110823,0.0,0.6215687505208953,0.3060823604609627,1
WF-000007,0,Pass,2008-07-19 19:44:00,0.1394911797904508,0.2287966389422036,0.7712033610577964,0.7207338831249446,0.5395051875498803,0.3048683160415004,0.0355555555555555,0.0646643258591856,0.0,0.0,0.0,0.23354467309187457,0.43449364916113653,0.15939260143729517,0.0,0.23354467309187457,0.6598941793925749,1
WF-001084,0,Pass,2008-09-25 15:12:00,0.0315448867026386,0.2534373981585469,0.7465626018414531,0.6959216103573646,0.7230646448523543,0.1755786113328012,0.0177777777777777,0.0037555579319144,0.08778733659078239,1.0,0.1,0.22574261712554952,0.35605914873290423,0.13295029066124994,0.19817343112484734,0.22880586001451647,0.33707051035648583,1
WF-000496,1,Fail,2008-08-28 20:39:00,0.0554006591174362,0.2796528528062641,0.7203471471937359,0.8917756495521859,0.1907422186751795,0.1516360734237829,0.0088888888888888,0.0221746294754741,0.09105940097700614,1.0,0.1,0.5305552909738107,0.9678639875004839,0.39958662590068755,0.4831204698125639,0.5358258266583937,0.47832376782945807,1
WF-000135,0,Pass,2008-08-06 12:33:00,0.0927386871102538,0.2108113205388334,0.7891886794611666,0.6583236676421034,0.3655227454110136,0.7980845969672785,0.0355555555555555,0.0138463990328846,0.0,0.0,0.0,0.08130263798592682,0.6997043717657719,0.0009912821210878334,0.0,0.08130263798592682,0.6260482302244219,1
WF-001276,0,Pass,2008-10-03 19:23:00,0.0303278507117543,0.2497077029695392,0.7502922970304607,0.7034675888977565,0.5434956105347167,0.4110135674381484,0.0088888888888888,0.0050784231393974,0.0,0.0,0.0,0.42896216295660067,0.8532593716622534,0.22116340007336183,0.0,0.42896216295660067,0.2112697079824261,0
WF-000743,0,Pass,2008-09-07 13:02:00,0.0340343072359023,0.2799792937704971,0.720020706229503,0.7914564157133991,0.2681564245810056,0.4445331205107741,0.0088888888888888,0.0010496660479322,0.23858506569947258,2.0,0.2,0.4255019063548513,0.7003542753978668,0.19912207623519868,0.5075920014146151,0.40497938258991034,0.23595443315539388,0
WF-000355,0,Pass,2008-08-21 12:31:00,0.1427043529604811,0.2286715805015115,0.7713284194984885,0.7281601489757914,0.2075019952114924,0.7541899441340782,0.0266666666666666,0.0681569053918273,0.29761121967992826,3.0,0.3,0.6378811728306102,0.8775199967847678,0.520825583684428,0.63280197952327,0.6400579699623272,0.5587479293954122,1
WF-001366,1,Fail,2008-10-06 15:00:00,0.0804087834425679,0.1872113613070322,0.8127886386929678,0.5599719783630399,0.7334397446129289,0.7190742218675179,0.0088888888888888,0.0004443298288781,0.2243235479736956,2.0,0.2,0.6094139409105492,0.8197820569191695,0.4669206033797796,0.6835294870484325,0.5908850543760784,0.5346713533665015,1
WF-000020,0,Pass,2008-07-22 14:00:00,0.2090498356449385,0.1951516399286071,0.8048483600713929,0.5772464307883303,0.684756584197925,0.7039106145251397,0.0177777777777777,0.1402715604836288,0.02510146263995719,1.0,0.1,0.09867706344731038,0.20554995246849947,0.024769386215433467,0.024769386215433467,0.10688902758418559,0.8191005527154167,1
WF-000104,0,Pass,2008-08-05 02:36:00,0.0658473995884496,0.2077559118700616,0.7922440881299384,0.655330850403476,0.7645650438946529,0.2513966480446927,0.0355555555555555,0.0153832613169024,0.0946513492068843,1.0,0.1,0.288600664048443,0.5330152277118683,0.1980958876496018,0.27316442234187877,0.290315802015839,0.40384587298428454,1
WF-000593,0,Pass,2008-08-30 17:05:00,0.0384472110847202,0.1974517437776035,0.8025482562223964,0.5107578256628535,0.879489225857941,0.6687948922585794,0.0355555555555555,0.003746968570348,0.0,0.0,0.0,0.4468705901522177,0.6734380679191252,0.28148430558316945,0.0,0.4468705901522177,0.21543281598932457,0
WF-000643,0,Pass,2008-09-01 23:45:00,0.0650603759710197,0.2836350735470836,0.7163649264529164,0.8495846413053116,0.2825219473264166,0.149241819632881,0.0355555555555555,0.0162387217706307,0.0,0.0,0.0,0.6413349877611075,0.937006239094494,0.336188835766688,0.0,0.6413349877611075,0.2651083287650048,0
WF-000152,0,Pass,2008-08-07 08:55:00,0.0850737364262122,0.2590982960661761,0.7409017039338239,0.8240736011350538,0.2354349561053471,0.2745411013567438,0.0622222222222222,0.0055149308980568,0.0,0.0,0.0,0.003693776526803369,0.009575265399099713,0.00044437436030820405,0.0,0.003693776526803369,0.41327358049949,1
WF-000468,0,Pass,2008-08-28 06:15:00,0.0575517877403554,0.2588944349779004,0.7411055650220996,0.7964485235434957,0.1620111731843575,0.587390263367917,0.0,0.0244002307170049,0.0,0.0,0.0,0.4143689172005903,0.54752917982523,0.3153661728374319,0.0,0.4143689172005903,0.46567161680311575,1
WF-000399,0,Pass,2008-08-22 02:52:00,0.0425296309223123,0.2498276083945235,0.7501723916054766,0.7236632083000798,0.203511572226656,0.8204309656823623,0.0,0.008184381437296,0.0,0.0,0.0,0.36156182795062264,0.6309148040811061,0.26584234772324855,0.0,0.36156182795062264,0.4298254746581049,1
WF-000156,0,Pass,2008-08-08 04:55:00,0.1796109741666323,0.2277001907838161,0.7722998092161839,0.7048642369424493,0.3000798084596967,0.7462090981644054,0.0088888888888888,0.108272798007209,0.0,0.0,0.0,0.05423855418048178,0.26947944773564103,1.9957678981248482e-05,0.0,0.05423855418048178,0.807572469182707,1
WF-001505,0,Pass,2008-10-14 17:36:00,0.0116284609669181,0.3433654617098884,0.6566345382901115,0.8201353196772191,0.3575418994413408,0.1620111731843575,0.0355555555555555,0.0254038467750889,0.0,0.0,0.0,0.032050745316313065,0.08539453175078345,0.0072829725263799,0.0,0.032050745316313065,0.054681176293824234,0
WF-000215,0,Pass,2008-08-16 06:52:00,0.1438621480145828,0.2748532716838897,0.7251467283161104,0.8686230380420326,0.0638467677573822,0.3934557063048683,0.0266666666666666,0.0694153782767204,0.15417519773267183,2.0,0.2,0.21076130889441816,0.4648728478811039,0.10838606979094652,0.1624708323659682,0.22283392802653063,0.6487335858178263,1
WF-001359,0,Pass,2008-10-06 10:07:00,0.0409046899009472,0.1984087876489283,0.8015912123510717,0.5507141970382194,0.8100558659217877,0.6488427773343974,0.0088888888888888,0.0064181411966817,0.0,0.0,0.0,0.43237860060054495,0.8520943435231713,0.29562421604325334,0.0,0.43237860060054495,0.3191909570880217,1
WF-001195,0,Pass,2008-09-30 13:29:00,0.0251744814705947,0.2711426416199508,0.7288573583800492,0.7242177884189058,0.5035913806863528,0.383878691141261,0.0088888888888888,0.0106799114450057,0.0,0.0,0.0,0.33414632775278486,0.5458514430040065,0.17128676447000699,0.0,0.33414632775278486,0.1632386335671585,0
WF-000892,0,Pass,2008-09-18 23:00:00,0.0318033736848041,0.253734114125697,0.746265885874303,0.7093473441518134,0.5411013567438149,0.3695131683958499,0.0222222222222222,0.003474593820865,0.0,0.0,0.0,0.30861216603968317,0.651582774980714,0.12448147496734886,0.0,0.30861216603968317,0.2542752791577097,0
WF-000983,0,Pass,2008-09-21 10:07:00,0.0178150411386442,0.2579578248244428,0.7420421751755573,0.6224978274363748,0.790901835594573,0.3743016759776536,0.0177777777777777,0.0186793031101692,0.11182790787599815,1.0,0.1,0.6394201903176585,0.7768618611604824,0.5225414843929167,0.7150502213689632,0.6310168535341802,0.15797641551747338,0
WF-001536,0,Pass,2008-10-15 16:24:00,0.0362818309550841,0.2177074673736323,0.7822925326263677,0.6218634388578522,0.5993615323224262,0.659217877094972,0.0088888888888888,0.0013932945163957,0.0,0.0,0.0,2.3820919374683853e-07,9.96384200401066e-07,9.785700254958877e-09,0.0,2.3820919374683853e-07,0.2698273355586673,0
WF-000686,0,Pass,2008-09-02 13:05:00,0.0426823961417146,0.2992753197274433,0.7007246802725566,0.8887347698856078,0.2138866719872306,0.1029529130087789,0.0266666666666666,0.0083504305888202,0.09374528217691096,1.0,0.1,0.17148815183753185,0.25317143195883796,0.112772678325956,0.16076205184006376,0.1726799407261394,0.3156910318758314,1
WF-000288,0,Pass,2008-08-19 05:40:00,0.0941322810388678,0.1950802121841799,0.8049197878158201,0.6359138068635275,0.5363128491620112,0.7055067837190743,0.0,0.0153611750422476,0.0,0.0,0.0,0.5030249490690404,0.8195545246764142,0.38777885613683616,0.0,0.5030249490690404,0.6860044278140899,1
WF-000385,0,Pass,2008-08-21 22:41:00,0.1239710661027695,0.1436185851538013,0.8563814148461986,0.4530123259732199,0.9066241021548284,0.8475658419792498,0.0444444444444444,0.0477946370682277,0.0,0.0,0.0,0.48390004653828644,0.6115760209145423,0.35587772210444263,0.0,0.48390004653828644,0.5523204833800675,1
WF-000971,0,Pass,2008-09-21 01:06:00,0.1085157953133797,0.227853002515186,0.772146997484814,0.734317637669593,0.3703112529928172,0.5442936951316839,0.0,0.0309954296884562,0.0,0.0,0.0,0.13939374235510074,0.26962268500073533,0.07377814280608952,0.0,0.13939374235510074,0.6540863545599057,1
WF-001166,0,Pass,2008-09-28 23:54:00,0.0601786885322395,0.2195476437502115,0.7804523562497885,0.6536630309479471,0.816440542697526,0.2138866719872306,0.0177777777777777,0.0215449037693048,0.0,0.0,0.0,0.6385760883948631,0.8537591806089098,0.46538129172095216,0.0,0.6385760883948631,0.30090793536124744,1
WF-001388,0,Pass,2008-10-07 07:41:00,0.0169914413170156,0.2592992766595847,0.7407007233404153,0.594764387691762,0.8866719872306464,0.3511572226656025,0.0177777777777777,0.0195745203075916,0.09159980616872587,1.0,0.1,0.506068843519817,0.6646849545343901,0.3986672840416178,0.463558079744465,0.5107922617170783,0.12362562213739316,0
WF-000797,0,Pass,2008-09-11 23:10:00,0.0606673537239428,0.2420793267741605,0.7579206732258394,0.7395809169105259,0.3280127693535515,0.5682362330407024,0.0088888888888888,0.021013745952236,0.0,0.0,0.0,0.5157140169295935,0.6727276782701298,0.41944198561448287,0.0,0.5157140169295935,0.4665578867269327,1
WF-001047,0,Pass,2008-09-24 02:19:00,0.0361807096397845,0.2739204038132156,0.7260795961867843,0.7833517779551299,0.5171588188347965,0.1141260973663208,0.0177777777777777,0.0012833800432441,0.0645864580626147,1.0,0.1,0.28942762206071604,0.6462172659120886,0.14248816342856846,0.18693104974386734,0.30081613009592145,0.3283112974972314,1
WF-000447,0,Pass,2008-08-24 10:09:00,0.1223938944324421,0.191871815349257,0.8081281846507429,0.6160374212999911,0.641660015961692,0.6233040702314445,0.0088888888888888,0.0460803200352631,0.0,0.0,0.0,0.5615902835509373,0.752675498221838,0.3745758186859746,0.0,0.5615902835509373,0.6889374863547028,1
WF-001116,0,Pass,2008-09-26 20:31:00,0.0684603437089365,0.2768539746953245,0.7231460253046755,0.8754149153143567,0.1229050279329608,0.3120510774142059,0.0088888888888888,0.0125431046641993,0.1890679301336875,2.0,0.2,0.4669918791725382,0.6996455843409959,0.34383928991994356,0.4414659399219645,0.47337336398518176,0.479504321485677,1
WF-000205,0,Pass,2008-08-15 09:38:00,0.0674438228402252,0.2564403096600436,0.7435596903399564,0.8068073069078655,0.1436552274541101,0.5147645650438947,0.0355555555555555,0.013648018651929,0.0,0.0,0.0,0.5802377787521157,0.8354333944790052,0.3896573636422977,0.0,0.5802377787521157,0.4691586703622545,1
WF-000576,0,Pass,2008-08-30 09:37:00,0.0372189291287947,0.3237171093415168,0.6762828906584832,0.9578488959829742,0.0654429369513168,0.0343176376695929,0.0266666666666666,0.0024118794878203,0.037004497133908534,1.0,0.1,0.15871704758740643,0.3713931826504473,0.04707476649977732,0.05873244532550606,0.1698264478387287,0.15585152727936075,0
WF-000705,0,Pass,2008-09-02 20:58:00,0.0436662783690172,0.2358212894713289,0.764178710528671,0.7074221867517957,0.3080606544293695,0.7390263367916999,0.0,0.00941986779241,0.0,0.0,0.0,0.601757684198092,0.8680150268389121,0.39024695132841347,0.0,0.601757684198092,0.4056374304296429,1
WF-000186,0,Pass,2008-08-10 12:22:00,0.0320404594973782,0.1851626597948959,0.814837340205104,0.5011050811386006,0.7541899441340782,0.897047086991221,0.0266666666666666,0.0032168918506758,0.0,0.0,0.0,0.29702360039533493,0.5587291096970323,0.17974839161893483,0.0,0.29702360039533493,0.2517726230475192,0
WF-000671,0,Pass,2008-09-02 09:36:00,0.0896751513732296,0.1757293724342145,0.8242706275657855,0.5805063403387425,0.5554668794892259,0.8292098962490024,0.0444444444444444,0.0105164688839452,0.05647426587071054,1.0,0.1,0.37975847493482984,0.5926383103871543,0.136583188770019,0.21446581080125146,0.3981243265052275,0.5437611383336168,1
WF-000660,0,Pass,2008-09-02 04:19:00,0.0378074617201566,0.2655181081272318,0.7344818918727682,0.7651790369779197,0.1795690343176376,0.6025538707102953,0.0533333333333333,0.0030515888262572,0.16022481973648722,1.0,0.1,0.5178166210533875,0.8829206142984956,0.13857320683939076,0.8296707476483594,0.4831661625428352,0.10417207095399768,0
WF-000401,0,Pass,2008-08-22 03:58:00,0.0487674564941988,0.3114991277212138,0.6885008722787862,0.9551435665513878,0.0079808459696727,0.1540303272146847,0.0088888888888888,0.0149646266241291,0.12346405330019293,1.0,0.1,0.4661086914484803,0.7214670191368839,0.2596188399119254,0.5754766832467835,0.45395669235977976,0.3881083203072177,1
WF-000837,0,Pass,2008-09-14 16:34:00,0.0568794009123642,0.2773693387986899,0.72263066120131,0.8450877006296,0.286512370311253,0.2043096568236233,0.0088888888888888,0.0237819575134393,0.0,0.0,0.0,0.3363830959118775,0.45482107732997995,0.2404593988140896,0.0,0.3363830959118775,0.3029837149923217,1
WF-000159,1,Fail,2008-08-08 12:37:00,0.0365016717835896,0.2818591475964987,0.7181408524035012,0.8466040613638379,0.0758180367118914,0.4932162809257781,0.0088888888888888,0.0016322519386844,0.07516992004341692,1.0,0.1,0.5071005235153071,0.7386604787108859,0.3576817739755108,0.38118705806620495,0.5210909085652072,0.3535592189305203,1
WF-000979,0,Pass,2008-09-21 08:22:00,0.0391399562437946,0.3036843456039466,0.6963156543960534,0.9281243238449944,0.0470869912210694,0.1931364724660814,0.0177777777777777,0.0044999524389072,0.0,0.0,0.0,0.5977168145092053,0.9202864258089467,0.414472771773072,0.0,0.5977168145092053,0.3028593150222135,1
WF-001045,0,Pass,2008-09-23 21:26:00,0.0360462180538614,0.2366345220176366,0.7633654779823633,0.6709098164405427,0.5754189944134078,0.5107741420590582,0.0,0.0011371935368058,0.09825258464657846,1.0,0.1,0.5247273747065557,0.5620130915196034,0.4392708055002825,0.5155582079973277,0.5257461710075813,0.3531642435772496,1
WF-000883,0,Pass,2008-09-18 05:58:00,0.017187437220092,0.3451121345306685,0.6548878654693315,0.9070589695841093,0.071827613727055,0.2569832402234637,0.0088888888888888,0.0193614812825086,0.0,0.0,0.0,0.48991416975460933,0.6692190800217485,0.3595817353781202,0.0,0.48991416975460933,0.1138904300400106,0
WF-000652,0,Pass,2008-09-02 01:50:00,0.0359456015363051,0.3170971773908533,0.6829028226091467,0.9440379533563892,0.0622505985634477,0.0798084596967278,0.0355555555555555,0.0010278277568533,0.05650794324098565,1.0,0.1,0.09476220259805812,0.24235132724053085,0.0369651616612232,0.05354817165801851,0.09934153936917361,0.32797309635934396,1
WF-001090,0,Pass,2008-09-25 19:49:00,0.0439491875317753,0.2401546316635463,0.7598453683364537,0.6798801099583223,0.6999201915403033,0.2721468475658419,0.0177777777777777,0.0097273777519296,0.0,0.0,0.0,0.40225849358381965,0.6159508470962937,0.3317435048160247,0.0,0.40225849358381965,0.295217333107415,1
WF-001013,0,Pass,2008-09-22 14:24:00,0.0296713899709916,0.234017771734723,0.765982228265277,0.6217038219384589,0.6687948922585794,0.5626496408619314,0.0088888888888888,0.0057919674228351,0.27756164180480314,1.0,0.1,0.11668871767941587,0.3238831205919583,0.03964889671674377,0.3238831205919583,0.09366711735580002,0.16819277568206983,0
WF-000825,0,Pass,2008-09-13 10:55:00,0.0484185735395561,0.2515366079060753,0.7484633920939248,0.7306024651946441,0.2761372705506784,0.6767757382282522,0.0088888888888888,0.0145854060212566,0.0,0.0,0.0,0.17096496067538186,0.3880259679010473,0.06772501158113044,0.0,0.17096496067538186,0.3370290484311804,1
WF-000573,0,Pass,2008-08-30 08:42:00,0.0735783660579569,0.2768688926570538,0.7231311073429463,0.8802433271260088,0.2083000798084597,0.1731843575418994,0.0088888888888888,0.0069800368935251,0.0,0.0,0.0,0.24149581120861524,0.45925980762718227,0.1298567539030023,0.0,0.24149581120861524,0.4847696095749498,1
WF-000107,0,Pass,2008-08-05 03:36:00,0.076744950457366,0.2250499927251792,0.7749500072748208,0.7074580118825928,0.6951316839584996,0.1827613727055068,0.0088888888888888,0.0035380973289499,0.0,0.0,0.0,0.3298500654078971,0.5560542064727388,0.20402086399578223,0.0,0.3298500654078971,0.7120283037568581,1
WF-001506,0,Pass,2008-10-14 19:15:00,0.0355037880256001,0.2792836275452389,0.7207163724547612,0.8248041145694777,0.3527533918595371,0.1500399042298483,0.0355555555555555,0.0005475956800001,0.0,0.0,0.0,0.09939386963386834,0.6667555803547325,0.006815867330881468,0.0,0.09939386963386834,0.440657479531279,1
WF-001191,0,Pass,2008-09-30 04:01:00,0.1215678334293939,0.1901181960537709,0.809881803946229,0.604505098873814,0.6911412609736632,0.6001596169193935,0.0088888888888888,0.0451824276406455,0.10036064110558031,1.0,0.1,0.3331666983296557,0.49833438024876325,0.21816579394892088,0.33436823439393715,0.3330331943225133,0.6769741948244631,1
WF-000678,0,Pass,2008-09-02 11:22:00,0.0294765775457238,0.3400124737667264,0.6599875262332735,0.988096302208034,0.0023942537909018,0.0015961691939345,0.0266666666666666,0.0060037200589958,0.0,0.0,0.0,0.23706482420461014,0.7686962834878298,0.04329780575432417,0.0,0.23706482420461014,0.15617840873705902,0
WF-000180,0,Pass,2008-08-10 00:46:00,0.0914480464771433,0.1542654713056321,0.8457345286943678,0.4766120422098076,0.8946528332003192,0.8268156424581006,0.0088888888888888,0.0124435287795036,0.0,0.0,0.0,0.4465395663648283,0.6404809690466896,0.3373788751870713,0.0,0.4465395663648283,0.6743933905223141,1
WF-001235,0,Pass,2008-10-02 07:58:00,0.0652730737405199,0.1871331984557499,0.8128668015442501,0.582837811474683,0.6376695929768555,0.5554668794892259,0.1377777777777777,0.016007528542913,0.0,0.0,0.0,0.5245723528178304,0.70791226154563,0.38926725682105584,0.0,0.5245723528178304,0.2384102854496135,0
WF-000057,0,Pass,2008-07-30 12:02:00,0.0571188308581642,0.2625679242228595,0.7374320757771404,0.8014365522745411,0.1460494812450119,0.5897845171588189,0.0,0.0240422074545263,0.14425478865042857,1.0,0.1,0.3519536073869442,0.5077099324835955,0.22481907991437652,0.5077099324835955,0.33464734904287186,0.48419305880083024,1
WF-000911,0,Pass,2008-09-19 11:54:00,0.0420549623796622,0.2204774062041981,0.7795225937958019,0.6320748425999823,0.475658419792498,0.7773343974461293,0.0177777777777777,0.007668437369198,0.0,0.0,0.0,0.5377709912022302,0.6611380951725591,0.45344358988571554,0.0,0.5377709912022302,0.3486035219942902,1
WF-001133,0,Pass,2008-09-27 14:46:00,0.1246328784785357,0.2957475440190275,0.7042524559809725,0.9615681475569744,0.0534716679968076,0.0646448523543495,0.0088888888888888,0.0485139983462344,0.21164950399736615,2.0,0.2,0.4343623293066282,0.6319145455908081,0.29130733089761385,0.45966285776444243,0.42803719719217465,0.7523831758786208,1
WF-000728,0,Pass,2008-09-04 14:09:00,0.0486721135171638,0.3145319198520701,0.6854680801479299,0.9570988738139576,0.0103750997605746,0.1428571428571428,0.0088888888888888,0.0148609929534389,0.17807010357190511,1.0,0.1,0.35546248559554333,0.8602035249063316,0.13147977117097928,0.6329724162592523,0.3246280488551312,0.5515006683284538,1
WF-000565,0,Pass,2008-08-30 05:05:00,0.034763095677841,0.2920444498008199,0.7079555501991801,0.8728805533386539,0.1101356743814844,0.2689545091779728,0.0533333333333333,0.0002575046979989,0.0,0.0,0.0,0.011759212196745927,0.10313625871283826,9.805247843174287e-05,0.0,0.011759212196745927,0.29236315526152146,1
WF-001231,0,Pass,2008-10-02 04:23:00,0.0649807544547824,0.1665748332704962,0.8334251667295037,0.4746966391770861,0.9776536312849162,0.7182761372705507,0.0088888888888888,0.0163252668969755,0.03143919110738527,1.0,0.1,0.24863582600014392,0.6283040586886987,0.07816909249761117,0.07816909249761117,0.26757657416709196,0.4324693517212818,1
WF-000244,1,Fail,2008-08-18 01:23:00,0.2793655231002757,0.2110730690425578,0.7889269309574423,0.5831205107741421,0.4996009577015163,0.9680766161213088,0.0,0.2167016555437779,0.06059733690186639,1.0,0.1,0.028860818145198985,0.07252364685801951,0.006105135314080615,0.017488887204081215,0.03012436602754541,0.9184188653426065,1
WF-000752,0,Pass,2008-09-08 00:32:00,0.0950227666584111,0.2664139336706759,0.7335860663293241,0.8533315598120067,0.2553870710295291,0.1580207501995211,0.0444444444444444,0.0163290941939251,0.0948360245508997,1.0,0.1,0.6290914655771288,0.7932983753062458,0.5281355359382259,0.5966053367423406,0.6327010354476609,0.6449861556453813,1
WF-001555,0,Pass,2008-10-16 04:47:00,0.0242923322402394,0.318569828717451,0.681430171282549,0.8627562294936596,0.2218675179569034,0.0534716679968076,0.1155555555555555,0.0116387693040875,0.2130368617571026,2.0,0.2,0.34055586668201915,0.8501628612687393,0.16574230735268838,0.3627547654545379,0.33500614198888945,0.1192375491120525,0
WF-000962,0,Pass,2008-09-20 17:26:00,0.0197788782680719,0.2776929580152564,0.7223070419847436,0.7167915225680589,0.5722266560255387,0.3032721468475658,0.0177777777777777,0.0165446975347044,0.0,0.0,0.0,0.5904537442431091,0.8911729514563179,0.40997612523820437,0.0,0.5904537442431091,0.12644314054645017,0
WF-000050,1,Fail,2008-07-29 17:05:00,0.1099916298700292,0.2481077635420544,0.7518922364579456,0.8107260796311075,0.0359138068635275,0.6783719074221868,0.0177777777777777,0.0325995976848144,0.0,0.0,0.0,0.06398262006118369,0.34545676800428027,0.0009604120455014672,0.0,0.06398262006118369,0.7256520856133832,1
WF-000094,0,Pass,2008-08-04 18:24:00,0.1136060234671288,0.1263601151713405,0.8736398848286594,0.3884777866453844,0.980047885075818,0.9353551476456504,0.0866666666666666,0.0365282863773139,0.16201948484141956,1.0,0.1,0.40990094930038506,0.6641194064165723,0.2837041420433424,0.6641194064165723,0.3816544540652531,0.6659550786627966,1
WF-000765,0,Pass,2008-09-08 19:33:00,0.0438514728696616,0.3098692982595429,0.6901307017404571,0.9311049037864682,0.1181165203511572,0.0391061452513966,0.0444444444444444,0.0096211661626756,0.10546104310350389,1.0,0.1,0.584827114785127,0.8105060147438666,0.4039823428751188,0.6167647756045209,0.5812784858051943,0.3678208015629819,1
WF-000662,0,Pass,2008-09-02 05:46:00,0.0748146587384492,0.2849199644405723,0.7150800355594277,0.9281039283497384,0.0510774142059058,0.1165203511572226,0.0622222222222222,0.0056362405016856,0.3100542012922574,1.0,0.1,0.13397390751126076,0.41539172887406717,0.05285630325684168,0.41539172887406717,0.10270526069317115,0.5239523105354542,1
WF-001372,0,Pass,2008-10-06 17:26:00,0.0290400284254735,0.2768661646528477,0.7231338353471524,0.7986546067216459,0.2960893854748603,0.2913008778930566,0.0622222222222222,0.0064782299723113,0.34121339209484913,3.0,0.3,0.5429823878552866,0.924342807142966,0.39419894037401404,0.6175762080262112,0.5110136077820333,0.23997438697123374,0
WF-000060,0,Pass,2008-07-31 13:57:00,0.1284126971625042,0.2404581230829034,0.7595418769170966,0.7729286157666047,0.2968874700718276,0.435754189944134,0.0355555555555555,0.0526224969157655,0.0,0.0,0.0,0.4260817779760817,0.8564461585021812,0.21687323089805213,0.0,0.4260817779760817,0.7036164484456998,1
WF-001450,0,Pass,2008-10-10 15:33:00,0.0425010345701165,0.3029485877918392,0.6970514122081608,0.901787532145074,0.2426177174780526,0.0247406225059856,0.0177777777777777,0.0081532984457788,0.3000763561803815,2.0,0.2,0.3844575427677933,0.7842348420721512,0.18059472571028856,0.576833092699113,0.33636365528496337,0.32336367390981513,1
WF-001105,0,Pass,2008-09-26 14:51:00,0.0627434292736062,0.214721586061352,0.785278413938648,0.6293255298394964,0.8180367118914605,0.3232242617717478,0.0088888888888888,0.0187571420939062,0.07998717973401988,1.0,0.1,0.49662222660689703,0.8847213769195645,0.25671747673629547,0.39723411299515027,0.5076653503415356,0.2975077490435186,1
WF-001110,0,Pass,2008-09-26 17:59:00,0.0812430710305662,0.2695896924484381,0.7304103075515618,0.8979567260796311,0.2290502793296089,0.0590582601755786,0.0177777777777777,0.001351164163659,0.12391739551594676,1.0,0.1,0.2948057863691331,0.37282517998805126,0.20587292689425324,0.36531565229893576,0.28697135682137725,0.6122335775728109,1
WF-000334,0,Pass,2008-08-20 17:36:00,0.060604531501048,0.2496384642397326,0.7503615357602673,0.7839544205019064,0.1596169193934557,0.6264964086193137,0.0088888888888888,0.0210820309771216,0.0,0.0,0.0,0.37980753325711347,0.5081528042681257,0.2604741484904991,0.0,0.37980753325711347,0.47578778730765087,1
WF-000695,0,Pass,2008-09-02 16:50:00,0.0384119420524761,0.2196865169858964,0.7803134830141036,0.6267716591292011,0.4964086193136472,0.7837190742218675,0.0088888888888888,0.0037086326657349,0.0,0.0,0.0,0.23576298167186258,0.911348076928088,0.032535364899505405,0.0,0.23576298167186258,0.4231816291837723,1
WF-000633,0,Pass,2008-09-01 11:40:00,0.0418003497352385,0.2361169009948172,0.7638830990051828,0.6835553782034229,0.4173982442138866,0.6671987230646449,0.0088888888888888,0.0073916844948245,0.0,0.0,0.0,0.5157022420630036,0.789926381646246,0.36785071167307526,0.0,0.5157022420630036,0.3568149865449133,1
WF-001018,0,Pass,2008-09-22 21:31:00,0.0445785602112407,0.2890161276029364,0.7109838723970636,0.8965242529041413,0.057462090981644,0.3192338387869114,0.0088888888888888,0.010411478490479,0.10532930354375952,1.0,0.1,0.5038472073203507,0.7522494922864879,0.3872045751129044,0.5306987543952075,0.500863702089811,0.3773892085615891,1
WF-000194,0,Pass,2008-08-11 11:35:00,0.148946398133258,0.1944648563821476,0.8055351436178524,0.5713088587390264,0.7214684756584198,0.704708699122107,0.0,0.0749417371013674,0.08475469099841022,1.0,0.1,0.513160727886001,0.7393905528826186,0.32554998296233983,0.43492778924497283,0.5218532766238929,0.6942646381282738,1
WF-000624,0,Pass,2008-09-01 05:32:00,0.0227456138620479,0.2888855638491825,0.7111144361508175,0.757990600336969,0.4277733439744613,0.3335993615323224,0.0222222222222222,0.0133199849325565,0.0,0.0,0.0,0.35798889589133714,0.6172643850631522,0.24195414508071425,0.0,0.35798889589133714,0.09436127786064998,0
WF-001327,0,Pass,2008-10-05 16:15:00,0.2065687089525578,0.1811945740255167,0.8188054259744832,0.5349561053471669,0.7877094972067039,0.7573822825219473,0.0,0.1375746836440846,0.0,0.0,0.0,0.49592864618504484,0.8170100511400429,0.3857836207211395,0.0,0.49592864618504484,0.813338932014159,1
WF-000424,0,Pass,2008-08-22 15:54:00,0.1476058247804897,0.1716270231106967,0.8283729768893033,0.5237430167597765,0.6743814844373504,0.9608938547486032,0.0,0.0734845921527063,0.10582642094699578,1.0,0.1,0.29642402491506964,0.9770596753963536,0.06920252732732178,0.31369493639464924,0.2945050347506719,0.8423279719231074,1
WF-000092,0,Pass,2008-08-04 17:11:00,0.069321239416192,0.150676043985401,0.849323956014599,0.4507141970382194,0.9680766161213088,0.8276137270550679,0.0088888888888888,0.0116073484606607,0.0,0.0,0.0,0.4050729927690614,0.6829111056445473,0.2498970032088497,0.0,0.4050729927690614,0.49476333644549525,1
WF-000729,0,Pass,2008-09-04 14:11:00,0.036765125597699,0.2108051412003165,0.7891948587996835,0.6050116165646892,0.587390263367917,0.7007182761372706,0.0355555555555555,0.0019186147801076,0.0254672021394404,1.0,0.1,0.28460460548296956,0.7944531865532517,0.031462140390813985,0.07248083017650474,0.30817391385035453,0.210201031297482,0
WF-000782,0,Pass,2008-09-11 06:04:00,0.045666509614903,0.2678993551106763,0.7321006448893237,0.7884912654074665,0.1252992817238627,0.6137270550678372,0.0355555555555555,0.011594032190112,0.0,0.0,0.0,0.09944884894487752,0.3920368978234243,0.005755354398274007,0.0,0.09944884894487752,0.4050339103456719,1
WF-001036,0,Pass,2008-09-23 13:37:00,0.0277666874031037,0.3000616470469044,0.6999383529530956,0.8587707723685377,0.2657621707901037,0.1644054269752593,0.0177777777777777,0.0078622963009741,0.04411281188663683,1.0,0.1,0.377306177718827,0.747484144947563,0.15515453079515049,0.16644036441376578,0.40073571253050044,0.26107515406016846,0
WF-000160,0,Pass,2008-08-08 20:21:00,0.3345554087893495,0.2537454801015736,0.7462545198984263,0.6408619313647248,0.4748603351955307,0.7717478052673583,0.0,0.2766906617275537,0.0,0.0,0.0,0.23318067083062308,0.5297211319632811,0.11654110900689224,0.0,0.23318067083062308,0.9290895671932985,1
WF-000929,0,Pass,2008-09-19 21:14:00,0.0248693538021484,0.2639108111200839,0.7360891888799161,0.7144045402145961,0.4932162809257781,0.309656823623304,0.0888888888888888,0.0110115719541864,0.11525315435545477,1.0,0.1,0.5733748946284919,0.8090450014045564,0.4379622045386489,0.6608326523416019,0.5636573659937019,0.2360015288861573,0
WF-001385,0,Pass,2008-10-07 03:29:00,0.0281399760434782,0.1779560115896336,0.8220439884103664,0.4278091691052585,0.9377494014365524,0.9616919393455706,0.0088888888888888,0.0074565477788279,0.0,0.0,0.0,0.6518408204349763,0.9484330367852583,0.4776886892934123,0.0,0.6518408204349763,0.1605894200815214,0
WF-001029,0,Pass,2008-09-23 09:43:00,0.0517292485570852,0.2497731412782674,0.7502268587217326,0.7483557683781148,0.5698324022346368,0.1803671189146049,0.0177777777777777,0.0181839658229187,0.0,0.0,0.0,0.6915437585840152,0.8538708650529434,0.5619616150678427,0.0,0.6915437585840152,0.3890677124593813,1
WF-000991,0,Pass,2008-09-21 15:26:00,0.0425010345701165,0.210125207754705,0.789874792245295,0.6004747716591292,0.6256983240223464,0.707901037509976,0.0088888888888888,0.0081532984457788,0.23567406537790295,1.0,0.1,0.3471461061118307,0.8181333410748403,0.19051907000312943,0.8181333410748403,0.29481419111594076,0.5463779168997672,1
WF-000413,0,Pass,2008-08-22 10:01:00,0.1052809428952596,0.2288660144206311,0.7711339855793689,0.7408619313647247,0.1572226656025538,0.816440542697526,0.0,0.0274792857557169,0.0,0.0,0.0,0.10637550054529057,0.3438833694243359,0.031326732935235704,0.0,0.10637550054529057,0.6883026071960032,1
WF-001119,0,Pass,2008-09-27 01:29:00,0.0542278946677352,0.2867597915399866,0.7132402084600133,0.8765281546510597,0.2817238627294493,0.0710295291300878,0.0177777777777777,0.0208998855084079,0.13742011153209646,1.0,0.1,0.618445504895161,0.9490550154302276,0.3816463897165083,0.8498685025921674,0.5927318384843825,0.46448762104381475,1
WF-001265,0,Pass,2008-10-03 03:56:00,0.0421306328228219,0.2115045609882253,0.7884954390117747,0.6076575330318348,0.4461292897047087,0.9305666400638468,0.0088888888888888,0.0077506878508933,0.0,0.0,0.0,0.1800856557150406,0.42062875503802744,0.07852642853817007,0.0,0.1800856557150406,0.3943755384199493,1
WF-000809,0,Pass,2008-09-12 14:52:00,0.0678270505824624,0.2515853344083839,0.7484146655916162,0.8140462889066242,0.1955307262569832,0.470071827613727,0.0,0.0132314667581929,0.0,0.0,0.0,0.20990426246062074,0.4200866360852094,0.1132659116422192,0.0,0.20990426246062074,0.5970422520866555,1
WF-000074,0,Pass,2008-08-03 14:06:00,0.1386486721180049,0.2050052204488176,0.7949947795511824,0.6514764565043895,0.392657621707901,0.8443735035913806,0.0,0.0637485566500054,0.0,0.0,0.0,0.30716863554374635,0.4225775620266609,0.13794278337784602,0.0,0.30716863554374635,0.7486890391061918,1
WF-000857,0,Pass,2008-09-15 22:54:00,0.0446181264468064,0.1610450195242483,0.8389549804757517,0.4347801720315686,0.9848363926576216,0.825219473264166,0.0355555555555555,0.0104544852682678,0.0,0.0,0.0,0.4758188489725635,0.6312887875365112,0.35180946087895526,0.0,0.4758188489725635,0.29514549336136947,1
WF-001198,0,Pass,2008-09-30 15:16:00,0.020041276161981,0.2507497842757707,0.7492502157242292,0.6080386627649198,0.7174780526735834,0.5562649640861931,0.0044444444444444,0.0162594824326293,0.0,0.0,0.0,0.7026238451771561,0.9842657363072891,0.4816148807673689,0.0,0.7026238451771561,0.09856001362264931,0
WF-000163,0,Pass,2008-08-08 22:06:00,0.1136677264315619,0.2350284424592125,0.7649715575407875,0.7614924181963288,0.120510774142059,0.7853152434158021,0.0,0.0365953548169151,0.15113501356807618,3.0,0.3,0.017594190959688595,0.07631372290856547,0.00258349311061358,0.008863660964706198,0.021335846671823897,0.605996038120796,1
WF-000829,0,Pass,2008-09-13 14:07:00,0.045345001687217,0.2203547374002491,0.7796452625997509,0.6527094085306376,0.5602553870710295,0.5905826017557861,0.0088888888888888,0.0112445670513228,0.0,0.0,0.0,0.1970862855645809,0.2939351629496443,0.12923962703704558,0.0,0.1970862855645809,0.3343188999373414,1
WF-001318,0,Pass,2008-10-05 10:43:00,0.0346001190737391,0.3027003430111278,0.6972996569888721,0.896723774053383,0.0295291300877893,0.3575418994413408,0.0088888888888888,0.0004346531807183,0.0,0.0,0.0,0.2786717997005085,0.5930866433256093,0.15173198130688495,0.0,0.2786717997005085,0.2824683370919385,1
WF-000696,0,Pass,2008-09-02 16:54:00,0.0847791564970058,0.1741583648340226,0.8258416351659774,0.5332801276935355,0.7246608140462889,0.8523543495610535,0.0,0.0051947353228324,0.1093583905142961,1.0,0.1,0.08825282644520603,0.16310402811257932,0.0393117008364599,0.0965118705838524,0.08733515487424533,0.5168271352087046,1
WF-000434,0,Pass,2008-08-23 05:57:00,0.0545626276699214,0.2321698363198047,0.7678301636801952,0.6972343708433094,0.5905826017557861,0.3415802075019952,0.0266666666666666,0.0212637257281755,0.16685035631242334,1.0,0.1,0.17891033057388084,0.29877640525907045,0.10112724001288854,0.29851252404225465,0.16562119796628375,0.336198840332488,1
WF-000511,0,Pass,2008-08-29 05:16:00,0.0545510583962582,0.1524341139055695,0.8475658860944304,0.4101714995122816,0.9744612928970472,0.9808459696727854,0.0088888888888888,0.0212511504307154,0.0,0.0,0.0,0.48402653167370524,0.6437660906409979,0.4126535638759596,0.0,0.48402653167370524,0.3785424795944733,1
WF-001212,1,Fail,2008-10-01 05:56:00,0.0568196660692487,0.2559534941858047,0.7440465058141952,0.7869789837722798,0.1739824421388667,0.5658419792498005,0.0266666666666666,0.0237170283361399,0.06777298280983972,1.0,0.1,0.41637989714411106,0.8013937558606108,0.2535192988565444,0.2821930761151067,0.4312895439251115,0.3234815314880366,1
WF-000361,0,Pass,2008-08-21 13:29:00,0.1816103932270447,0.1945941217039799,0.8054058782960201,0.5790462002305578,0.6145251396648045,0.8092577813248204,0.0088888888888888,0.1104460795946138,0.005453562975670529,1.0,0.1,0.10780270625382729,0.6916003400313044,0.0026511625080971792,0.005879088475029583,0.11912755267369371,0.8879434498172938,1
WF-001170,0,Pass,2008-09-29 04:18:00,0.0340262759080019,0.2132196315035825,0.7867803684964174,0.6041459608051787,0.6887470071827614,0.6049481245011972,0.0088888888888888,0.0010583957521717,0.08918427805751124,1.0,0.1,0.3727690383774557,0.6160474343805166,0.29279863457753585,0.33245137569886085,0.37724877867507733,0.32256841480496484,1
WF-001073,0,Pass,2008-09-25 07:12:00,0.0194610740636849,0.277954141019902,0.722045858980098,0.6936071650261595,0.4189944134078212,0.6105347166799681,0.0177777777777777,0.0168901368872989,0.0,0.0,0.0,0.7248541442540353,0.941141251122544,0.5700847931144153,0.0,0.7248541442540353,0.12556886410498974,0
WF-001063,1,Fail,2008-09-24 15:05:00,0.0340021906327561,0.3012628854273399,0.6987371145726601,0.8846686175401259,0.2561851556264964,0.0742218675179569,0.0177777777777777,0.0010845753991781,0.0,0.0,0.0,0.14963899647577816,0.2826251511225887,0.06324415470513957,0.0,0.14963899647577816,0.15485066822732504,0
WF-001486,0,Pass,2008-10-13 19:36:00,0.0377900504247576,0.2070901196958661,0.7929098803041339,0.5675016405072271,0.8707102952913008,0.4541101356743814,0.0355555555555555,0.0030326635051713,0.0,0.0,0.0,0.24715444420293156,0.38070199825487483,0.1605708906296215,0.0,0.24715444420293156,0.302863198748523,1
WF-001527,0,Pass,2008-10-15 07:55:00,0.0397969696737534,0.2376383330427568,0.7623616669572432,0.6873422009399663,0.6671987230646449,0.2881085395051875,0.0177777777777777,0.0052140974714711,0.0,0.0,0.0,0.5797361834685744,0.8589573257428345,0.4454301287595608,0.0,0.5797361834685744,0.31502262680285414,1
WF-000552,0,Pass,2008-08-30 00:01:00,0.0449455868870337,0.3136595739050428,0.6863404260949572,0.9420069167331736,0.0742218675179569,0.0853950518754988,0.0266666666666666,0.0108104205293845,0.0,0.0,0.0,0.4602041935907642,0.8338572339511646,0.2574185466500151,0.0,0.4602041935907642,0.35684531242323,1
WF-000161,0,Pass,2008-08-08 21:22:00,0.1408231234401442,0.2093940681933577,0.7906059318066423,0.6649241819632881,0.4118116520351157,0.7637669592976856,0.0,0.0661120906958089,0.021258378934232155,1.0,0.1,0.03857848939075924,0.19066725285571165,0.00046864274982685053,0.00820116146179015,0.041953748049533585,0.7893421001072051,1
WF-001360,0,Pass,2008-10-06 11:51:00,0.0737539902034029,0.2525879489468071,0.747412051053193,0.8294810676598386,0.3671189146049481,0.1396648044692737,0.0177777777777777,0.0067891410832577,0.0,0.0,0.0,0.3868351406938551,0.676964119746823,0.23727921772913038,0.0,0.3868351406938551,0.5376514237179628,1
WF-000862,0,Pass,2008-09-16 08:52:00,0.0317195692849206,0.2348866216002676,0.7651133783997324,0.6128287665159173,0.8268156424581006,0.3200319233838787,0.0444444444444444,0.0035656855598688,0.0,0.0,0.0,0.020900631015558047,0.05634406100180979,0.0030548238462343954,0.0,0.020900631015558047,0.13802382562153803,0
WF-000187,1,Fail,2008-08-10 15:59:00,0.2455556292786897,0.1596612559641604,0.8403387440358395,0.4155227454110136,0.9864325618515564,0.9569034317637668,0.0,0.1799517709550975,0.019483381733369498,1.0,0.1,0.03586976523762734,0.08067057863981562,0.006089536174712062,0.006988643288110406,0.03907877878757367,0.7909044717978255,1
WF-001140,0,Pass,2008-09-27 20:46:00,0.049267719474711,0.2651210247632654,0.7348789752367346,0.7975096213531967,0.2545889864325618,0.3966480446927374,0.0355555555555555,0.0155083907333815,0.13662526211358844,1.0,0.1,0.34370757714239675,0.6461142464525709,0.21552786018857056,0.46959137817506375,0.32972048813876703,0.3283812025524719,1
WF-000989,0,Pass,2008-09-21 14:33:00,0.0284399386634318,0.3071201057236212,0.6928798942763787,0.8855904939256896,0.0071827613727055,0.4333599361532322,0.0088888888888888,0.0071305014527915,0.05600673843793761,1.0,0.1,0.33631075203564487,0.6395390950300789,0.18835668323126456,0.18835668323126456,0.35275009301390936,0.2855924632310665,1
WF-000226,0,Pass,2008-08-17 01:53:00,0.0883844005997602,0.2705649468169653,0.7294350531830347,0.8973264166001597,0.0351157222665602,0.3615323224261771,0.0,0.0091134789127829,0.0,0.0,0.0,0.5904937382112825,0.7897644400570791,0.4129018807620915,0.0,0.5904937382112825,0.6330227465790027,1
WF-000689,0,Pass,2008-09-02 13:40:00,0.0150730735435228,0.3347696604796389,0.6652303395203611,0.872701427684668,0.2458100558659217,0.1508379888268156,0.0088888888888888,0.0216597026700838,0.0753206361979502,1.0,0.1,0.5382846991207662,0.7151843438623158,0.38511288744635375,0.4054394599339831,0.553045281252631,0.11424918640919063,0
WF-000392,0,Pass,2008-08-22 00:47:00,0.0969687957200395,0.2269320436290899,0.7730679563709101,0.7400915137004523,0.329608938547486,0.5355147645650439,0.0266666666666666,0.018444343173956,0.06689670375375506,1.0,0.1,0.38486431568607093,0.9058142064164161,0.2039838275272394,0.25746154111842756,0.3990201795269202,0.7196388046841964,1
WF-000039,1,Fail,2008-07-28 06:45:00,0.177744387626923,0.1497130680463816,0.8502869319536184,0.4459216103573645,0.88268156424581,0.9521149241819632,0.0177777777777777,0.1062438995944816,0.19069157537965123,2.0,0.2,0.06744325033217943,0.17618556282840964,0.02204312661291416,0.0643042982728374,0.06822798834701493,0.6644242899946583,1
WF-000210,0,Pass,2008-08-15 20:00:00,0.2881149332895094,0.2515664061431647,0.7484335938568353,0.6854748603351956,0.3679169992019154,0.7430167597765364,0.0,0.2262118840103363,6.068168316859775e-06,2.0,0.2,1.1729533653353939e-06,1.1729394041577256e-05,2.865510269626197e-20,3.558839224341143e-11,1.4661828095711817e-06,0.8395714279318266,1
WF-001144,0,Pass,2008-09-28 03:55:00,0.0233551260573113,0.2423053535670228,0.7576946464329772,0.6296846679081316,0.5011971268954509,0.7653631284916201,0.0088888888888888,0.0126574716768355,0.0,0.0,0.0,0.3873948871070533,0.6588036785469163,0.25539639596550723,0.0,0.3873948871070533,0.17227656752143566,0
WF-001301,0,Pass,2008-10-04 20:39:00,0.0215227325425869,0.2741141617754558,0.7258858382245442,0.71899033430877,0.6656025538707103,0.1779728651237031,0.0088888888888888,0.0146492037580577,0.22678526242891076,2.0,0.2,0.528163999174074,0.6797297200606337,0.40194019869711056,0.5988990557909768,0.5104802350198481,0.17152220540578317,0
WF-001406,0,Pass,2008-10-07 17:28:00,0.0553304420940759,0.2157547952938908,0.7842452047061091,0.6639501640507227,0.4549082202713487,0.650438946528332,0.0355555555555555,0.0220983066239955,0.0,0.0,0.0,0.23444695315485747,0.49314354419562156,0.12203959669234575,0.0,0.23444695315485747,0.3452303910865774,1
WF-000242,1,Fail,2008-08-18 00:02:00,0.3857172543503454,0.2898733869922602,0.7101266130077398,0.6926136383790016,0.5123703112529928,0.4980047885075818,0.0088888888888888,0.3323013634242885,0.0,0.0,0.0,0.4164821532150877,0.7711533203148128,0.3091576907741895,0.0,0.4164821532150877,0.9000873770575516,1
WF-000427,0,Pass,2008-08-22 23:47:00,0.0326429715416682,0.1716252720010874,0.8283747279989125,0.4226093819278177,0.905027932960894,0.985634477254589,0.0355555555555555,0.0025619874547084,0.1,1.0,0.1,1.174770301074256e-14,1.174770301074256e-13,0.0,0.0,1.3053003345269511e-14,0.16022411806608047,0
WF-001259,0,Pass,2008-10-02 23:32:00,0.0395980775582643,0.2913166071962185,0.7086833928037815,0.8563406934468388,0.086193136472466,0.4397446129289705,0.0088888888888888,0.0049979103894177,0.0,0.0,0.0,0.33365080394168556,0.58262260738318,0.1643099675118744,0.0,0.33365080394168556,0.26713987953425644,0
WF-001379,0,Pass,2008-10-06 20:47:00,0.052063062188635,0.2243281600984534,0.7756718399015465,0.6652393367030239,0.6264964086193137,0.4477254588986432,0.0088888888888888,0.0185468067267772,0.0,0.0,0.0,0.1976960116264225,0.3001456223535885,0.1070563341685441,0.0,0.1976960116264225,0.4521390565454918,1
WF-000365,0,Pass,2008-08-21 15:06:00,0.1683518126554232,0.2042089480761622,0.7957910519238378,0.6264442670923117,0.5642458100558659,0.6616121308858739,0.0266666666666666,0.0960345789732861,0.0,0.0,0.0,0.5354601127685704,0.7895340499947912,0.3969572167780879,0.0,0.5354601127685704,0.7400249406370297,1
WF-000872,1,Fail,2008-09-17 04:23:00,0.0755283986304008,0.157175102149177,0.8428248978508229,0.4919393455706304,0.8387869114126097,0.8579409417398244,0.0,0.0048604362713034,0.09297701057010746,1.0,0.1,0.42355859300054,0.667677917522139,0.3088825411864076,0.39381211778471054,0.42686375691340994,0.6114485044721688,1
WF-001375,0,Pass,2008-10-06 18:55:00,0.0652996992203734,0.1837770185756091,0.8162229814243909,0.5387828323135586,0.6719872306464485,0.8898643256185156,0.0088888888888888,0.0159785878039418,0.0972090984807207,1.0,0.1,0.32896800475379145,0.5703303516132819,0.19239301546585605,0.31978683171117506,0.3299881350918599,0.44094861003775415,1
WF-001332,0,Pass,2008-10-05 19:45:00,0.0692933367349315,0.1757609356068812,0.8242390643931188,0.5231004699831516,0.7509976057462091,0.8419792498004789,0.0088888888888888,0.0116376774620309,0.0,0.0,0.0,0.5298771367205698,0.8109022457055366,0.3682160621134872,0.0,0.5298771367205698,0.5516145759551978,1
WF-000508,0,Pass,2008-08-29 03:46:00,0.0281886427133455,0.3303290963295328,0.6696709036704671,0.9499560166711004,0.0678371907422186,0.0909816440542697,0.0088888888888888,0.0074036492246244,0.0,0.0,0.0,0.641378984195878,0.9984556392426678,0.5027083973691956,0.0,0.641378984195878,0.20396297710596512,0
WF-000134,0,Pass,2008-08-06 09:57:00,0.0525107540340733,0.1576341032419733,0.8423658967580266,0.4399664804469274,0.8531524341580208,0.9497206703910616,0.06,0.0190334282979057,0.0,0.0,0.0,0.38519556662721927,0.6412172782617729,0.2574391953244229,0.0,0.38519556662721927,0.3569646640202313,1
WF-001075,0,Pass,2008-09-25 08:45:00,0.0490117702466291,0.2291268306081756,0.7708731693918244,0.6678689367739647,0.7382282521947326,0.266560255387071,0.0177777777777777,0.0152301850506838,0.0,0.0,0.0,0.549769279542003,0.7959265580902286,0.3881262238219247,0.0,0.549769279542003,0.27780834911319047,1
WF-000129,0,Pass,2008-08-06 00:04:00,0.1126019130265317,0.1817456436899296,0.8182543563100704,0.5881003813070852,0.5841979249800479,0.8012769353551477,0.0177777777777777,0.0354368619853606,0.0,0.0,0.0,0.20347749176514793,0.33623046899367465,0.1255215535611043,0.0,0.20347749176514793,0.676389327761585,1
WF-000712,0,Pass,2008-09-03 04:18:00,0.0249200135439436,0.3079224456483728,0.6920775543516271,0.8660814046288906,0.12609736632083,0.3591380686352753,0.0,0.0109565070174525,0.0,0.0,0.0,0.6445744433281627,0.8457622662639939,0.5421467556986428,0.0,0.6445744433281627,0.23940640698114474,0
WF-000871,0,Pass,2008-09-17 02:01:00,0.0599541916807913,0.1631431977571245,0.8368568022428755,0.4890621619224972,0.9018355945730248,0.7669592976855547,0.0088888888888888,0.0217889220860963,0.0,0.0,0.0,0.3244432546404188,0.7118058368128709,0.1522622999764215,0.0,0.3244432546404188,0.5140233381737168,1
WF-000151,0,Pass,2008-08-07 08:45:00,0.0663986933359071,0.1937656652002256,0.8062343347997744,0.5960853063758091,0.4501197126895451,0.971268954509178,0.0088888888888888,0.0147840289827096,0.10408053146813309,1.0,0.1,0.16880315178525246,0.6284688744928525,0.022987798182646457,0.17569121751305017,0.16803781114883054,0.5690409520469537,1
WF-000827,1,Fail,2008-09-13 11:56:00,0.0422348514527967,0.2787831343432861,0.7212168656567138,0.8162287842511307,0.1947326416600159,0.4197924980047885,0.0266666666666666,0.0078639689704312,0.0,0.0,0.0,0.4818549570325928,0.5801594633937116,0.40600505377354307,0.0,0.4818549570325928,0.30089180420861794,1
WF-001114,0,Pass,2008-09-26 19:55:00,0.0445785602112407,0.2465850008800276,0.7534149991199723,0.725099760574621,0.4525139664804469,0.4660814046288906,0.0,0.010411478490479,0.0,0.0,0.0,0.11679973206822543,0.3072563603082534,0.059517356922182074,0.0,0.11679973206822543,0.31629796276029326,1
WF-000604,0,Pass,2008-08-31 09:11:00,0.093336460670488,0.172082946598367,0.8279170534016329,0.5471146581537643,0.6033519553072626,0.9241819632881084,0.0266666666666666,0.0144961529027044,0.0,0.0,0.0,0.14377712508118373,0.39726388105714466,0.061358714368055,0.0,0.14377712508118373,0.592831495293683,1
WF-000088,0,Pass,2008-08-04 14:31:00,0.0994451882363525,0.2020591664842548,0.7979408335157452,0.6330366232153942,0.7350359138068635,0.4245810055865922,0.0088888888888888,0.0211360741699484,0.0,0.0,0.0,0.3357002801053664,0.7982453144185597,0.14580689770259592,0.0,0.3357002801053664,0.6212318024836443,1
WF-001543,0,Pass,2008-10-15 22:54:00,0.0549105967617222,0.2448451950891296,0.7551548049108703,0.7408170612751619,0.5945730247406225,0.0478850758180367,0.0977777777777777,0.021641953001872,0.0,0.0,0.0,0.35101423717409175,0.8749286750617928,0.08948300688245421,0.0,0.35101423717409175,0.3490180817418727,1
WF-000987,0,Pass,2008-09-21 14:30:00,0.0294981751746838,0.2790784879664258,0.7209215120335741,0.8092097188968697,0.470071827613727,0.0766161213088587,0.0177777777777777,0.0059802443753436,0.10665039475655406,1.0,0.1,0.3822363044153553,0.5087655147837562,0.2922519797174176,0.40765652756184007,0.37941183517685695,0.27767227092594726,1
WF-000089,0,Pass,2008-08-04 15:29:00,0.0719693553026479,0.1579675404763649,0.842032459523635,0.4600436286246342,0.9393455706304868,0.8020750199521149,0.0266666666666666,0.0087289616275565,0.10979310128050468,1.0,0.1,0.36839780690620455,0.6379482646522805,0.24055469021452194,0.40447537725168725,0.3643891879789287,0.47827746292563966,1
WF-000132,1,Fail,2008-08-06 05:40:00,0.1815513483564401,0.155363517369505,0.844636482630495,0.4529529130087789,0.8954509177972865,0.9345570630486832,0.0,0.1103819003874349,0.030176687561266027,1.0,0.1,0.19660057531536101,0.7005901898283301,0.04534631902634246,0.059327541356567995,0.21185313464411581,0.802934939491983,1
WF-000061,0,Pass,2008-07-31 15:36:00,0.315270725819342,0.2614086896125311,0.7385913103874688,0.7038707102952914,0.3216280925778133,0.7342378292098962,0.0,0.2557290498036326,0.0,0.0,0.0,0.38503092416433915,0.6682303476658655,0.23228342174378658,0.0,0.38503092416433915,0.9243812383140309,1
WF-000371,0,Pass,2008-08-21 17:25:00,0.0473213727223421,0.2856952454498067,0.7143047545501933,0.8829169105258492,0.0558659217877094,0.3758978451715882,0.0088888888888888,0.0133927964373284,0.234939528554229,2.0,0.2,0.5031309419027437,0.8803472718542353,0.26049100546697523,0.5910267314583788,0.48115699451383487,0.31287866684485977,1
WF-001146,0,Pass,2008-09-28 05:31:00,0.0420833264764579,0.1885073198433748,0.8114926801566252,0.5348323135585706,0.8212290502793296,0.6967278531524341,0.0088888888888888,0.0076992679091934,0.08540956081511525,1.0,0.1,0.4319195287964295,0.9312771265603442,0.23716151014417933,0.3689005726197456,0.4389216350382832,0.41991774640469326,1
WF-000994,0,Pass,2008-09-21 17:26:00,0.0507268632543964,0.1628640082148418,0.8371359917851582,0.4842296710117939,0.8028731045490822,0.9106145251396648,0.0177777777777777,0.0170944165808657,0.0,0.0,0.0,0.5816033749631477,0.7906065844853697,0.46294157242257983,0.0,0.5816033749631477,0.3053647976633784,1
WF-001083,0,Pass,2008-09-25 14:28:00,0.0980633635125597,0.2600457493783284,0.7399542506216716,0.8296406845792321,0.441340782122905,0.0351157222665602,0.0177777777777777,0.0196340907745215,0.0,0.0,0.0,0.3496375306872618,0.8707613050495928,0.18796321754962547,0.0,0.3496375306872618,0.6745597622327566,1
WF-001180,0,Pass,2008-09-29 14:08:00,0.0233068824556492,0.2998268049144869,0.700173195085513,0.8187069256007804,0.4788507581803671,0.0263367916999201,0.0177777777777777,0.0127099103742943,0.19401323013982166,2.0,0.2,0.4381634999898255,0.6004657609101751,0.2909871434837717,0.4250475798119788,0.4414424800342871,0.16107944776420727,0
WF-000491,0,Pass,2008-08-28 18:15:00,0.0532219443263944,0.1773653737685918,0.8226346262314082,0.5259295912033342,0.7988826815642458,0.7494014365522745,0.0177777777777777,0.0198064612243418,0.061571769648402275,1.0,0.1,0.2438740806617557,0.5109633021755512,0.15015758717721497,0.15015758717721497,0.2542870243822602,0.41524590278003964,1
WF-000390,0,Pass,2008-08-22 00:43:00,0.129229270514324,0.2565541518174045,0.7434458481825955,0.8116080517868227,0.1843575418994413,0.4812450119712689,0.0088888888888888,0.0535100766460044,0.27564160873402227,3.0,0.3,0.5510363119383825,0.6745941616799872,0.44816285669429773,0.5062951183118609,0.5702111092068918,0.62476400903228,1
WF-000067,0,Pass,2008-08-01 10:26:00,0.0814170741406723,0.1805178420346695,0.8194821579653304,0.5379049392568946,0.7725458898643256,0.7525937749401437,0.0088888888888888,0.0015402979789917,0.0,0.0,0.0,0.2589737826900851,0.6654949143158565,0.12810433904403132,0.0,0.2589737826900851,0.5955724131264509,1
WF-000195,0,Pass,2008-08-11 12:38:00,0.1076259437727458,0.2364255010799758,0.7635744989200242,0.7482043096568236,0.3711093375897845,0.4876296887470072,0.0,0.0300281997529846,0.09310895778769929,1.0,0.1,0.49868205602159776,0.6357303535822842,0.38196646871221335,0.4643176650359803,0.5025003216866665,0.7041240516910736,1
WF-000423,0,Pass,2008-08-22 15:39:00,0.0507487299160703,0.2140005475684786,0.7859994524315214,0.6324820430965682,0.3790901835594573,0.9393455706304868,0.0,0.0171181846913808,0.0,0.0,0.0,0.08740900207667494,0.46040688438184346,0.007526433815473275,0.0,0.08740900207667494,0.5124072416135129,1
WF-001348,0,Pass,2008-10-06 06:11:00,0.0546900160278389,0.1875972871549675,0.8124027128450324,0.5299200141881706,0.942537909018356,0.5323224261771747,0.0177777777777777,0.0214021913346075,0.0,0.0,0.0,0.37888867032122475,0.7217857544007553,0.22469540671761237,0.0,0.37888867032122475,0.3890761627523445,1
WF-001416,0,Pass,2008-10-08 07:10:00,0.0493318688183244,0.2409854166917934,0.7590145833082066,0.7185872129112353,0.6440542697525937,0.1955307262569832,0.0177777777777777,0.0155781182807874,0.13670076944678144,1.0,0.1,0.4223629586453869,0.5907209480468578,0.27901569231343337,0.5773734143264353,0.4051395746808261,0.3695084879191185,1
WF-000943,0,Pass,2008-09-20 08:14:00,0.0431239608396866,0.2088635356546767,0.7911364643453233,0.5676694156247228,0.9002394253790902,0.4405426975259378,0.0177777777777777,0.0088303922170506,0.0,0.0,0.0,0.6055046529604752,0.7303604444327368,0.5289922506942294,0.0,0.6055046529604752,0.22983665333502817,0
WF-000958,0,Pass,2008-09-20 15:37:00,0.0497827346064274,0.2644016534955627,0.7355983465044373,0.8028291212201827,0.3798882681564245,0.2426177174780526,0.0088888888888888,0.016068189789595,0.09193609151927801,1.0,0.1,0.4590730713796159,0.8312689611984011,0.19151651827100294,0.42205383904392413,0.46318631941691496,0.48080390539782364,1
WF-001339,0,Pass,2008-10-06 01:30:00,0.0229831951319101,0.2263449750849466,0.7736550249150533,0.5768913718187462,0.5802075019952115,0.8659217877094972,0.0088888888888888,0.0130617444218368,0.0,0.0,0.0,0.6012158521184061,0.7928688085906757,0.442407946758232,0.0,0.6012158521184061,0.19276606435033317,0
WF-000439,0,Pass,2008-08-23 12:58:00,0.0249897977883327,0.1892247094058487,0.8107752905941512,0.4595289527356566,0.8204309656823623,0.9848363926576216,0.0177777777777777,0.0108806545778992,1.2243956085860632e-287,1.0,0.1,8.760752959492772e-09,8.760752952108182e-08,1.0726627451510307e-294,1.0726627451510307e-294,9.734169954991969e-09,0.1663599350163107,0
WF-000165,0,Pass,2008-08-09 02:15:00,0.0748294740890206,0.260938589685136,0.7390614103148639,0.8262529041411724,0.1117318435754189,0.524341580207502,0.0088888888888888,0.0056201368597601,0.0,0.0,0.0,0.12142978925887878,0.5350642819957071,0.02080195439272899,0.0,0.12142978925887878,0.6096987994599709,1
WF-001039,0,Pass,2008-09-23 15:58:00,0.0320174569088645,0.2258962929745706,0.7741037070254294,0.6022484703378559,0.767757382282522,0.4948124501197127,0.0133333333333333,0.0032418946642776,0.0,0.0,0.0,0.32334764718177605,0.4751392755825078,0.19760444290811074,0.0,0.32334764718177605,0.25890701104062197,0
WF-001282,0,Pass,2008-10-03 21:52:00,0.0531992521431064,0.1955416421275365,0.8044583578724634,0.5736192249711802,0.7007182761372706,0.7102952913008779,0.0088888888888888,0.0197817958077243,0.10834640731403088,1.0,0.1,0.37872387438915095,0.6222501016482914,0.20466493553931447,0.41033371154114817,0.37521167026115126,0.4744276965900378,1
WF-000083,1,Fail,2008-08-04 00:39:00,0.1484647408487547,0.2113104794214312,0.7886895205785687,0.6558260175578611,0.3990422984836392,0.8180367118914605,0.0,0.0744181965747333,0.1592966587955654,2.0,0.2,0.4750604263103556,0.7974606902231387,0.3078738107500558,0.37837769318618275,0.49923110959139877,0.7433933199217956,1
WF-000419,0,Pass,2008-08-22 12:42:00,0.0270650993586223,0.2420366023320806,0.7579633976679193,0.666440542697526,0.3447725458898643,0.8515562649640862,0.0,0.0086248920014973,0.183048169703132,2.0,0.2,0.36724802843078536,0.7688649834699606,0.18946405846824368,0.3361203971566952,0.3750299362493079,0.25596657902492054,0
WF-001400,0,Pass,2008-10-07 12:40:00,0.0229831951319101,0.3100810334090765,0.6899189665909236,0.8478769176199343,0.2051077414205905,0.2928970470869912,0.0177777777777777,0.0130617444218368,0.11244268366535311,1.0,0.1,0.35316803613322895,0.8072526031500351,0.1716744303258127,0.3971116176764266,0.34828541596176255,0.2573016820061882,0
WF-000645,0,Pass,2008-09-02 00:26:00,0.04538509393543,0.2423076240586355,0.7576923759413644,0.7408578522656735,0.3870710295291301,0.4804469273743016,0.0088888888888888,0.0112881455819891,0.2851875852876363,1.0,0.1,0.2117117690802484,0.6037756820096971,0.049135777736173086,0.6037756820096971,0.16814911208808747,0.365339547103288,1
WF-000683,0,Pass,2008-09-02 12:26:00,0.0412108842179923,0.2909107589205797,0.7090892410794203,0.8716956637403565,0.2585794094173982,0.1085395051875498,0.0266666666666666,0.0067509611065134,0.07172294632448861,1.0,0.1,0.7270054299995228,0.9183017560140315,0.5214297143346753,0.5214297143346753,0.7498471761845058,0.344441565735881,1
WF-000136,0,Pass,2008-08-06 13:35:00,0.0548641011451695,0.2403707607266187,0.7596292392733812,0.7150275782566284,0.3950518754988029,0.529928172386273,0.0355555555555555,0.0215914142882277,0.06689393787297902,1.0,0.1,0.07171752819164903,0.22294109624977587,0.025977821756184936,0.047974678752557925,0.07435562257377028,0.3476532272091129,1
WF-000486,0,Pass,2008-08-28 17:21:00,0.0688619704954006,0.2374679561636591,0.7625320438363409,0.7459615145872128,0.0949720670391061,0.8547486033519553,0.0177777777777777,0.0121065538093471,0.0,0.0,0.0,0.6838397582655572,0.8657726315550173,0.553570373637903,0.0,0.6838397582655572,0.4126976330485389,1
WF-000455,0,Pass,2008-08-27 14:18:00,0.027274826410602,0.2774045069255845,0.7225954930744154,0.7536108894209453,0.3407821229050279,0.4373503591380686,0.0444444444444444,0.0083969278145629,0.11564825581810852,1.0,0.1,0.627749830562839,0.8155105103947738,0.4711170970575764,0.7259817299470548,0.616835175075704,0.1097130215239819,0
WF-001197,0,Pass,2008-09-30 14:36:00,0.0889600242905306,0.2759982038939854,0.7240017961060146,0.8652393367030239,0.2386272944932163,0.1907422186751795,0.0088888888888888,0.0097391568375332,0.0,0.0,0.0,0.05761704088902977,0.21160461164784644,0.012667824073784386,0.0,0.05761704088902977,0.5296420286104315,1
WF-000998,0,Pass,2008-09-21 20:35:00,0.0217792966681412,0.3450640483847237,0.6549359516152762,0.9474778753214508,0.1189146049481245,0.0151636073423782,0.0177777777777777,0.014370329708542,0.0967896278425713,1.0,0.1,0.4431618152861828,0.7573368649255033,0.2775451796321779,0.42893467175587957,0.4447426090117721,0.07591393538291329,0
WF-001496,0,Pass,2008-10-14 00:35:00,0.0157192156024591,0.2696220976527796,0.7303779023472203,0.6250036357187194,0.776536312849162,0.3559457302474062,0.0355555555555555,0.020957374345153,0.0,0.0,0.0,0.488389840096694,0.7317654144411565,0.37120064365717176,0.0,0.488389840096694,0.07968776051518314,0
WF-000952,0,Pass,2008-09-20 14:06:00,0.0602411652804644,0.2520542954770591,0.7479457045229408,0.8060613638379002,0.4293695131683958,0.160415003990423,0.0088888888888888,0.0214769942603647,0.16330616626707928,1.0,0.1,0.1500821769301364,0.28041003928670394,0.05266530855978084,0.24509344939478062,0.13952536887850925,0.5939880937191643,1
WF-001150,0,Pass,2008-09-28 08:40:00,0.0752303601887334,0.2797857646093459,0.720214235390654,0.9088546599272856,0.1396648044692737,0.154828411811652,0.0088888888888888,0.0051843910992027,0.0,0.0,0.0,0.6484859701192546,0.8376781429188006,0.4249532891109689,0.0,0.6484859701192546,0.5469279994637068,1
WF-001042,0,Pass,2008-09-23 18:56:00,0.0833505053876933,0.2952285871771085,0.7047714128228915,0.982274363749224,0.0183559457302474,0.0167597765363128,0.0177777777777777,0.0036418536822754,0.0,0.0,0.0,0.5183289055538418,0.6967241984349453,0.31459918995516284,0.0,0.5183289055538418,0.5349828956438675,1
WF-000031,0,Pass,2008-07-27 20:24:00,0.0977522561336028,0.1585607612259148,0.8414392387740852,0.5065361354970294,0.7773343974461293,0.8571428571428571,0.0177777777777777,0.019295930580003,0.0,0.0,0.0,0.6734684914211555,0.817545752780936,0.5186270004893755,0.0,0.6734684914211555,0.6505128516910484,1
WF-000248,0,Pass,2008-08-18 05:03:00,0.0966966586949408,0.2492968452358295,0.7507031547641705,0.7943213620643788,0.3998403830806065,0.2202713487629689,0.0266666666666666,0.0181485420597182,0.0,0.0,0.0,0.619963636179981,0.8806216194667488,0.5129385974471545,0.0,0.619963636179981,0.5799444954466758,1
WF-000935,0,Pass,2008-09-20 03:58:00,0.0336584007400352,0.3109536180224331,0.689046381977567,0.9291618338210518,0.1444533120510774,0.0526735833998403,0.0177777777777777,0.0014582600651791,0.0,0.0,0.0,0.4474588461853598,0.78271567608311,0.2814177047879751,0.0,0.4474588461853598,0.2144340754022912,0
WF-000200,0,Pass,2008-08-12 12:04:00,0.1804910131399626,0.1751928108073863,0.8248071891926136,0.5293613549702936,0.8603351955307262,0.6496408619313647,0.0177777777777777,0.109229362108655,0.06116340920393921,1.0,0.1,0.21934961261531355,0.804858301244562,0.05805074920180293,0.1341617011511597,0.22881493611133064,0.8356939084275099,1
WF-000295,1,Fail,2008-08-19 07:58:00,0.1152188407904321,0.2565258681713698,0.7434741318286302,0.8359455528952735,0.0111731843575419,0.6121308858739026,0.0177777777777777,0.0382813486852522,0.0,0.0,0.0,0.5100567399322697,0.78469611647297,0.31857934549917044,0.0,0.5100567399322697,0.7642663087495405,1
WF-000500,0,Pass,2008-08-28 23:40:00,0.133093494873252,0.2691087166122005,0.7308912833877994,0.8390140994945464,0.3200319233838787,0.1532322426177174,0.0266666666666666,0.0577103205144044,0.11662841826111915,1.0,0.1,0.377264930610895,0.7668845663373857,0.26020703744023277,0.43999812122539556,0.3702945760981728,0.709222342956764,1
WF-001515,0,Pass,2008-10-15 01:52:00,0.0128011362549768,0.2616903715470152,0.7383096284529849,0.576332712600869,0.8850758180367119,0.441340782122905,0.0088888888888888,0.0241291997228512,0.0,0.0,0.0,0.6185734847097918,0.8446821323672742,0.4751934663630685,0.0,0.6185734847097918,0.08052039342152897,0
WF-000730,0,Pass,2008-09-04 14:48:00,0.025328100794739,0.3292008040145879,0.670799195985412,0.9365481954420504,0.1021548284118116,0.0965682362330407,0.0088888888888888,0.0105129339187618,0.0,0.0,0.0,0.330161168334203,0.5343688093720804,0.13317170763233768,0.0,0.330161168334203,0.20573970277780373,0
WF-001390,0,Pass,2008-10-07 08:26:00,0.0317957481257084,0.3040233060173632,0.6959766939826367,0.8760493038928793,0.3264166001596169,0.0103750997605746,0.0177777777777777,0.003482882472056,0.11004661078516946,1.0,0.1,0.5542228350571226,0.7925226506410021,0.3601027426230985,0.6099034461778434,0.5480361004881537,0.3334150628232152,1
WF-000116,1,Fail,2008-08-05 07:12:00,0.211255270772322,0.1532657998115299,0.8467342001884701,0.4371426797907244,0.9265762170790104,0.9257781324820432,0.0177777777777777,0.1426687725786109,0.5664377262086863,2.0,0.2,0.05825958575772827,0.32838073984611216,0.0016235330185634905,0.16500213643233783,0.031573948089075876,0.5570089499150987,1
WF-000084,0,Pass,2008-08-04 03:45:00,0.0838516044945239,0.1863194488453489,0.813680551154651,0.5904987141970381,0.6775738228252195,0.6751795690343176,0.0088888888888888,0.0041865266244825,0.2745175660415778,2.0,0.2,0.04741329963457229,0.12965110731394414,0.0169323846969351,0.06507891806841407,0.04299689502611184,0.3962335117953467,1
WF-000260,0,Pass,2008-08-18 12:00:00,0.0533127885058793,0.2694893972865845,0.7305106027134154,0.82609736632083,0.1308858739026336,0.5123703112529928,0.0,0.0199052048976949,0.0,0.0,0.0,0.30293684945353444,0.51312169849969,0.20302303444730496,0.0,0.30293684945353444,0.48177146821630196,1
WF-000920,0,Pass,2008-09-19 19:29:00,0.0280774983571589,0.2407869437950642,0.7592130562049357,0.6457261683071739,0.7118914604948124,0.4062250598563448,0.0088888888888888,0.0075244583074359,0.0,0.0,0.0,0.45503684398243693,0.7602423994575203,0.29528373568603733,0.0,0.45503684398243693,0.1567912994328015,0
WF-000693,0,Pass,2008-09-02 15:29:00,0.0435690510376386,0.24444565270513,0.75555434729487,0.7233398953622419,0.372705506783719,0.5706304868316041,0.0088888888888888,0.0093141859104768,0.09634129484510522,1.0,0.1,0.30510755603777223,0.6175997383068741,0.22098703787943336,0.2939445701570448,0.3063478878022975,0.37332609196633815,1
WF-000310,0,Pass,2008-08-19 12:30:00,0.0416125169181232,0.219105168015002,0.780894831984998,0.6102431497738761,0.5546687948922586,0.7398244213886672,0.0266666666666666,0.0071875183892643,0.0,0.0,0.0,0.5361366702772072,0.8660392718677765,0.3303391752040596,0.0,0.5361366702772072,0.27312785880644175,0
WF-000563,0,Pass,2008-08-30 04:24:00,0.0288625422832661,0.2405173398610113,0.7594826601389887,0.6569791611244126,0.6472466081404629,0.4517158818834796,0.0088888888888888,0.006671149692102,0.0,0.0,0.0,0.644464900340789,0.9166696509243611,0.4916520555805727,0.0,0.644464900340789,0.1991198247237479,0
WF-000469,0,Pass,2008-08-28 06:39:00,0.0308087983181211,0.2887793903619705,0.7112206096380295,0.8221663563004344,0.1699920191540303,0.4022346368715084,0.0444444444444444,0.0045556540020422,0.0,0.0,0.0,0.3769543721982355,0.6104597360154175,0.2660943195079875,0.0,0.3769543721982355,0.24347835206141083,0
WF-000852,0,Pass,2008-09-15 16:59:00,0.0189811836268998,0.2592348731434363,0.7407651268565637,0.6184316750908929,0.6336791699920191,0.6249002394253791,0.0088888888888888,0.0174117569272827,0.0,0.0,0.0,0.20684559674830574,0.5913313257538524,0.026753379071096078,0.0,0.20684559674830574,0.13673030057665728,0
WF-000201,0,Pass,2008-08-13 02:48:00,0.181433302019163,0.2283923366525568,0.7716076633474431,0.7051354083532855,0.3958499600957701,0.5826017557861133,0.0266666666666666,0.1102535891512641,0.0,0.0,0.0,0.39970065222629503,0.6403426900298268,0.21683758114709753,0.0,0.39970065222629503,0.7833630378612687,1
WF-000750,0,Pass,2008-09-07 20:50:00,0.0183483758117997,0.3332861301521476,0.6667138698478523,0.8733398953622418,0.0438946528332003,0.4309656823623304,0.0088888888888888,0.0180995915089133,0.07379285666326132,1.0,0.1,0.46408192501057544,0.6139781285928295,0.34245930972315786,0.34245930972315786,0.4775955489313996,0.09385469535591873,0
WF-001229,0,Pass,2008-10-02 03:27:00,0.0591982624423382,0.2755040349562967,0.7244959650437033,0.8583318258402057,0.3479648842777334,0.0510774142059058,0.0177777777777777,0.0226105843018062,0.0,0.0,0.0,0.5466230310996887,0.7075636642876553,0.4129669433675651,0.0,0.5466230310996887,0.4751517833500145,1
WF-000655,0,Pass,2008-09-02 02:50:00,0.0247682674540149,0.3055976201254467,0.6944023798745533,0.8407780438059768,0.3974461292897047,0.0662410215482841,0.0088888888888888,0.0111214484195489,0.0,0.0,0.0,0.08795936397554095,0.2516060665788525,0.02693394976352276,0.0,0.08795936397554095,0.32173275258481876,1
WF-000416,0,Pass,2008-08-22 11:32:00,0.0979717807642863,0.2334891387191626,0.7665108612808373,0.7455706304868316,0.2697525937749401,0.6400638467677574,0.0,0.0195345443090069,0.0006457363202939981,2.0,0.2,0.007300296277466449,0.07261409404813841,3.5911193285048787e-06,2.3570332276335786e-05,0.009119477763763977,0.691428387811586,1
WF-001046,0,Pass,2008-09-23 22:25:00,0.015831868315119,0.3248223075042436,0.6751776924957564,0.8303671189146049,0.1340782122905028,0.4908220271348762,0.0,0.0208349257444358,0.0,0.0,0.0,0.36551605323310843,0.7580458665067038,0.1230459288630779,0.0,0.36551605323310843,0.16644722645318583,0
WF-000889,0,Pass,2008-09-18 18:56:00,0.0193559900622367,0.2647818505701867,0.7352181494298133,0.644090094883391,0.7741420590582602,0.3256185155626496,0.0088888888888888,0.0170043586280035,0.1203330632634011,1.0,0.1,0.5442575082770498,0.6797100127737126,0.46319009730458893,0.6549217317508328,0.5319614834466294,0.1796437943190943,0
WF-000860,0,Pass,2008-09-16 07:48:00,0.0216136944446172,0.2680017677980869,0.7319982322019132,0.6934393899086637,0.4972067039106145,0.4732641660015961,0.0355555555555555,0.014550332125416,0.0884356335682735,1.0,0.1,0.22032617445426386,0.681449286541041,0.056699155304003615,0.1948468482953678,0.22315721069414116,0.2089405861177027,0
WF-001058,0,Pass,2008-09-24 10:59:00,0.014182375395893,0.3770343088908243,0.6229656911091757,0.9792017380509,0.0191540303272146,0.0279329608938547,0.0177777777777777,0.022627852830551,0.22329676878411606,2.0,0.2,0.5074496556594138,0.8737541045192188,0.31311815620404354,0.5665593421467972,0.4926722340375679,0.11295822036407886,0
WF-000036,0,Pass,2008-07-28 03:48:00,0.1285032287101788,0.1945948280939682,0.8054051719060318,0.6205465992728564,0.5506783719074222,0.7326416600159616,0.0088888888888888,0.0527209007719334,0.0,0.0,0.0,0.5173202878897982,0.673814073315638,0.3624805331393932,0.0,0.5173202878897982,0.6464446859141911,1
WF-001169,0,Pass,2008-09-29 03:50:00,0.0408676951289024,0.2687257746305794,0.7312742253694207,0.7892217788418905,0.3902633679169992,0.2825219473264166,0.0088888888888888,0.0063779294879374,0.0,0.0,0.0,0.42937928491523414,0.6518867914258037,0.3276688895295451,0.0,0.42937928491523414,0.2731737594237366,0
WF-001233,0,Pass,2008-10-02 06:49:00,0.0696847769450289,0.1989444321462948,0.8010555678537052,0.6213487629688748,0.6480446927374302,0.6073423782920989,0.0,0.0112121989727946,0.0,0.0,0.0,0.5250991781353594,0.7843082456969271,0.3688353807889867,0.0,0.5250991781353594,0.5408766967030603,1
WF-001456,0,Pass,2008-10-11 02:55:00,0.028699984300837,0.2025199033163806,0.7974800966836193,0.4933319145162721,0.8930566640063847,0.762170790103751,0.0088888888888888,0.006847843151264,0.1937135512942109,1.0,0.1,0.4428909509212645,0.8579397893902821,0.27910271867738706,0.8579397893902821,0.39677441331359586,0.35026692934574283,1
WF-001349,0,Pass,2008-10-06 06:26:00,0.0295053770590452,0.3248701436452829,0.6751298563547171,0.9296805888090804,0.1213088587390263,0.0830007980845969,0.0177777777777777,0.0059724162401681,0.0,0.0,0.0,0.4282935423727669,0.7396118840195336,0.19798485070044683,0.0,0.4282935423727669,0.23283669774829766,0
WF-000124,0,Pass,2008-08-05 21:07:00,0.1203153989384461,0.1549602687723142,0.8450397312276857,0.4812808371020662,0.8459696727853152,0.8762968874700718,0.0088888888888888,0.0438210858026589,0.0,0.0,0.0,0.3590648550824738,0.8381146895029101,0.14801926943923768,0.0,0.3590648550824738,0.6984906690909642,1
WF-000213,0,Pass,2008-08-16 02:21:00,0.2104962632857364,0.2578862480925958,0.7421137519074041,0.7886989447548107,0.3040702314445331,0.3910614525139664,0.0177777777777777,0.1418437644410178,0.08966205052347954,1.0,0.1,0.6200644399864907,0.922758232754991,0.5070471384733853,0.5559624914588178,0.6271868787117877,0.8374749525866185,1
WF-001329,1,Fail,2008-10-05 16:49:00,0.1538814761295537,0.2144081588986137,0.7855918411013862,0.6654746829830629,0.6584197924980048,0.3878691141260973,0.0177777777777777,0.0803059523147323,0.08297600714640853,1.0,0.1,0.590138204194184,0.8766971568680244,0.48482955433878744,0.489673118485853,0.6013009914951096,0.7628007314126568,1
WF-000111,0,Pass,2008-08-05 05:11:00,0.1177984503957136,0.2049116631788611,0.7950883368211388,0.6613328012769354,0.4038308060654429,0.7893056664006385,0.0,0.0410852721692539,0.0,0.0,0.0,0.21808849549106507,0.498765645057628,0.10846557734158559,0.0,0.21808849549106507,0.7260989359142808,1
WF-001344,1,Fail,2008-10-06 03:57:00,0.0669128724802095,0.2053266152679538,0.7946733847320462,0.6223781147468299,0.8659217877094972,0.2697525937749401,0.0177777777777777,0.0142251386084678,0.0,0.0,0.0,0.30048794999594686,0.6434344645379637,0.1847180893678834,0.0,0.30048794999594686,0.40390872239258885,1
WF-001178,0,Pass,2008-09-29 14:03:00,0.0683636751133987,0.1423943167477558,0.8576056832522442,0.4073382991930478,0.9808459696727854,0.9832402234636872,0.0088888888888888,0.0126481792245665,0.07755115161954228,1.0,0.1,0.07066781011711339,0.3460748457308262,0.012473282070046708,0.05480370057013284,0.07243048895566678,0.5333208575027067,1
WF-000261,0,Pass,2008-08-18 12:06:00,0.0351154880298889,0.2842643486905931,0.7157356513094069,0.8314363749224084,0.0582601755786113,0.5642458100558659,0.0177777777777777,0.0001255304672706,0.0,0.0,0.0,0.4273449262893821,0.7373759150326629,0.2498753099445534,0.0,0.4273449262893821,0.27310971908834775,0
WF-000625,0,Pass,2008-09-01 06:12:00,0.0181526292378197,0.3250887696089762,0.6749112303910237,0.8514682983062871,0.1851556264964086,0.3064644852354349,0.0177777777777777,0.0183123595241089,0.0,0.0,0.0,0.6975591486638744,0.8490628922690561,0.45352440248279235,0.0,0.6975591486638744,0.11133430693088069,0
WF-000614,0,Pass,2008-08-31 21:46:00,0.0249326906368307,0.3384867008726311,0.6615132991273689,0.9482278974904672,0.0263367916999201,0.1133280127693535,0.0355555555555555,0.0109427275686622,0.004917383100488817,1.0,0.1,0.05390254434597488,0.3353738879134561,0.0010005329069064904,0.002650594606402459,0.059597205428149586,0.21876140290474588,0
WF-000143,0,Pass,2008-08-06 20:17:00,0.0707276524339972,0.2338852536309224,0.7661147463690776,0.7415638911057906,0.4110135674381484,0.4014365522745411,0.0355555555555555,0.0100786386586986,0.08129643897437921,1.0,0.1,0.5758421993463341,0.7590610394646304,0.44689613081325247,0.4681392021803155,0.5878091990314471,0.4549861381747679,1
WF-000076,0,Pass,2008-08-03 15:03:00,0.0588906169823839,0.1936890304377243,0.8063109695622757,0.5715881883479649,0.6767757382282522,0.7661612130885874,0.0,0.0229449815408869,0.20821628171547454,2.0,0.2,0.4327663555249024,0.7560374294668905,0.13945378485956617,0.45054500699476147,0.42832169265743764,0.3249659324963039,1
WF-000514,0,Pass,2008-08-29 05:57:00,0.046764668282202,0.2747310493069573,0.7252689506930426,0.8238105879223199,0.3503591380686353,0.1715881883479648,0.0266666666666666,0.0127876829154369,0.0,0.0,0.0,0.1845268794294827,0.7699271243190192,0.0014335185465421047,0.0,0.1845268794294827,0.44218083582100765,1
WF-000373,0,Pass,2008-08-21 18:04:00,0.0702610846414591,0.220933379046254,0.779066620953746,0.7105542254145607,0.1388667198723064,0.8922585794094174,0.0444444444444444,0.0105857775636314,0.0,0.0,0.0,0.017473035593042033,0.07338872546451125,0.00015736089058857278,0.0,0.017473035593042033,0.5224770974846424,1
WF-001201,0,Pass,2008-09-30 16:50:00,0.0442925170228172,0.2487998895016544,0.7512001104983456,0.7314844373503591,0.2490023942537909,0.7254588986432562,0.0,0.010100561981323,0.07540906045476123,1.0,0.1,0.2728148404495113,0.64691320643053,0.13015270567692597,0.20572710796413235,0.2802690329478868,0.327916594335867,1
WF-000351,0,Pass,2008-08-21 05:15:00,0.1000766280333483,0.1737160256177673,0.8262839743822327,0.5537070142768468,0.7102952913008779,0.776536312849162,0.0088888888888888,0.0218224217753786,0.0,0.0,0.0,0.6121397963733737,0.9205160222458394,0.4421807530193465,0.0,0.6121397963733737,0.56395380399754,1
WF-001193,0,Pass,2008-09-30 08:44:00,0.086028413973976,0.2407992366803875,0.7592007633196124,0.753950518754988,0.2936951316839585,0.573024740622506,0.0,0.0065526238847566,0.0,0.0,0.0,0.665644705178039,0.9149576527879243,0.5263162832042738,0.0,0.665644705178039,0.517473820012188,1
WF-000539,0,Pass,2008-08-29 14:30:00,0.1572936044324125,0.1982476580327543,0.8017523419672457,0.6144689190387514,0.6983240223463687,0.5075818036711891,0.0355555555555555,0.0840147874265354,0.0,0.0,0.0,0.44568328392553713,0.6643290848831774,0.3055109134692793,0.0,0.44568328392553713,0.7033402351786687,1
WF-000692,0,Pass,2008-09-02 14:34:00,0.0436857439686564,0.2459315530824456,0.7540684469175544,0.7497923206526559,0.5594573024740622,0.189146049481245,0.0177777777777777,0.0094410260528873,0.0,0.0,0.0,0.6259766882684616,0.7714327358852402,0.5026727044249935,0.0,0.6259766882684616,0.2787358365439768,1
WF-001252,0,Pass,2008-10-02 19:21:00,0.0343972225439796,0.2406730415614586,0.7593269584385414,0.6869472377405339,0.4054269752593775,0.6703910614525139,0.0088888888888888,0.0006551928869786,0.0,0.0,0.0,0.4384210202328614,0.7336208580258824,0.260854572806104,0.0,0.4384210202328614,0.23264267109152828,0
WF-001309,0,Pass,2008-10-05 04:48:00,0.0287423234843815,0.2047215679538561,0.7952784320461438,0.5367835417220892,0.913806863527534,0.5450917797286512,0.0177777777777777,0.0068018222995852,0.0,0.0,0.0,0.1566555969741883,0.43177758266236005,0.022383785488042943,0.0,0.1566555969741883,0.27903990081194185,1
WF-001535,0,Pass,2008-10-15 15:11:00,0.0176284301775099,0.3101352800580109,0.6898647199419892,0.7975894298128936,0.4094173982442138,0.1795690343176376,0.0355555555555555,0.0188821411114022,0.1057673721528251,1.0,0.1,0.23856253463713412,0.4526341295242896,0.1470743618836317,0.2523213238268699,0.23703378028271901,0.1071331438634896,0
WF-000404,0,Pass,2008-08-22 05:21:00,0.0617941394324924,0.2158446436357006,0.7841553563642993,0.6448002128225593,0.5323224261771747,0.6328810853950518,0.0266666666666666,0.0197889788777256,0.08602575740734784,1.0,0.1,0.3435730958458988,0.7089143031516109,0.2124785064019176,0.2955613579493076,0.3489077333899645,0.47389437253760514,1
WF-001533,0,Pass,2008-10-15 13:16:00,0.0293472442744503,0.2574684921276742,0.7425315078723258,0.6814762791522568,0.7996807661612131,0.12609736632083,0.0177777777777777,0.0061442997016844,0.0,0.0,0.0,0.5991141806305598,0.9103796662486381,0.44514836255768414,0.0,0.5991141806305598,0.2604275593090842,0
WF-000839,0,Pass,2008-09-14 18:27:00,0.0573831121390971,0.3054726590295132,0.6945273409704869,0.9685391504832844,0.00877893056664,0.0566640063846767,0.0355555555555555,0.0243294697164099,0.09113770003374516,1.0,0.1,0.5129605958524608,0.6244541922708757,0.43457568393421225,0.46750048913932757,0.5180117188205867,0.4659114728653408,1
WF-000880,0,Pass,2008-09-18 03:58:00,0.0461520821203975,0.2262902226922626,0.7737097773077374,0.6492255032366764,0.7238627294493216,0.3328012769353551,0.0355555555555555,0.0121218283917364,0.1124798165435356,1.0,0.1,0.48575417254089687,0.9174846592964633,0.22011261062469528,0.5463754021265702,0.479018480364711,0.4123626815702693,1
WF-001070,0,Pass,2008-09-25 01:05:00,0.0248314100183494,0.2097539908433758,0.7902460091566242,0.490933581626319,0.9353551476456504,0.6983240223463687,0.0177777777777777,0.0110528151974462,0.0919547219889058,1.0,0.1,0.46188493343174947,0.8176229453341093,0.33851931557022497,0.4247250064458078,0.4660138142079653,0.12605009628531458,0
WF-000158,1,Fail,2008-08-08 08:44:00,0.0788221233596121,0.1783386733985077,0.8216613266014923,0.5693893766072537,0.8786911412609737,0.4780526735833998,0.0088888888888888,0.0012803006960737,0.0,0.0,0.0,3.739891002523786e-19,3.0876911769330373e-18,4.524185885846322e-23,0.0,3.739891002523786e-19,0.5304782140179731,1
WF-000561,0,Pass,2008-08-30 03:10:00,0.0143413678708198,0.3416226601451987,0.6583773398548012,0.8616797020484172,0.2928970470869912,0.1005586592178771,0.0266666666666666,0.0224550349230218,0.08732062359027305,1.0,0.1,0.5888601653600307,0.8843425873907472,0.42938175710130544,0.5141963684670919,0.5971561427925794,0.13797884717727804,0
WF-001268,0,Pass,2008-10-03 05:45:00,0.1392982579925798,0.1629645852396809,0.8370354147603191,0.4878650350270462,0.8938547486033519,0.7829209896249002,0.0088888888888888,0.0644546282528041,0.07635121385515067,1.0,0.1,0.2413139584021923,0.7541544473458751,0.07220723742436831,0.18424613644198717,0.2476548275088818,0.7361227396698382,1
WF-000280,0,Pass,2008-08-18 23:03:00,0.1225901803195503,0.2087437319052183,0.7912562680947817,0.6726656025538706,0.3423782920989625,0.8300079808459697,0.0,0.0462936742603808,0.17223088469690234,2.0,0.2,0.1737094621214655,0.5246950779568791,0.022629925439964452,0.14959067170701526,0.17973915972507812,0.7864713909046901,1
WF-001424,0,Pass,2008-10-08 13:38:00,0.0310626751192455,0.2884393127859006,0.7115606872140994,0.8289224084419615,0.4285714285714285,0.0558659217877094,0.0177777777777777,0.0042797009573417,0.23716896288743797,3.0,0.3,0.39748786953602494,0.7373222387727464,0.16245939708452425,0.3142392859273209,0.4331658339397552,0.18438872559245179,0
WF-000816,0,Pass,2008-09-12 21:12:00,0.0577208503861615,0.2574308999974912,0.7425691000025088,0.7747764476367829,0.3272146847565842,0.4285714285714285,0.0088888888888888,0.0242164669715635,0.07124963623163998,1.0,0.1,0.5243896698881352,0.8097380724145551,0.373625732231594,0.373625732231594,0.5411412185166397,0.45475238973645765,1
WF-001010,0,Pass,2008-09-22 12:11:00,0.0221655310820734,0.203772277227339,0.796227722772661,0.4795250509887382,0.9233838786911412,0.7749401436552275,0.0088888888888888,0.0139505096933984,0.14184841528332176,2.0,0.2,0.4126088767263726,0.7568555963318906,0.1900652883239764,0.29263957647733707,0.4426012017886315,0.15082823169398946,0
WF-001208,0,Pass,2008-09-30 23:58:00,0.0409417105189921,0.215835224860889,0.784164775139111,0.5999161124412521,0.5235434956105347,0.8531524341580208,0.0088888888888888,0.0064583809989044,0.09570664795772052,1.0,0.1,0.20617416116244341,0.39417762884435636,0.10765362892939367,0.19732237860352309,0.20715769255787897,0.2630923965452482,0
WF-000798,1,Fail,2008-09-11 23:48:00,0.0259235442614897,0.266774045914896,0.7332259540851039,0.7185473086813869,0.6225059856344772,0.2258579409417398,0.0177777777777777,0.0098657127592502,0.0,0.0,0.0,0.19137709342763745,0.49816647593007035,0.09740730370574928,0.0,0.19137709342763745,0.11744026187040278,0
WF-000287,0,Pass,2008-08-19 05:11:00,0.0533810009122841,0.2158912718788718,0.7841087281211281,0.6149160237651857,0.5674381484437351,0.7174780526735834,0.0177777777777777,0.0199793488177001,0.16509499658435955,2.0,0.2,0.6742933661768309,0.8476168621515867,0.4797678323052055,0.556612304929101,0.7037136314887634,0.21536500969537403,0
WF-000956,0,Pass,2008-09-20 15:02:00,0.0319408726891412,0.2599034176613877,0.7400965823386123,0.7335195530726257,0.4221867517956903,0.4748603351955307,0.0,0.0033251383813682,0.03044334656387226,1.0,0.1,0.3033250801907255,0.6490918048656849,0.09234230537760602,0.09234230537760602,0.3267676107255166,0.2732543371122375,0
WF-000098,0,Pass,2008-08-04 21:43:00,0.0710258225220497,0.2038864292494288,0.7961135707505712,0.6170268688480979,0.5985634477254589,0.6512370311252993,0.0266666666666666,0.0097545407369024,0.26231717292767753,1.0,0.1,0.07218438584059382,0.4085866285482557,0.0034646100593383102,0.18935204023225247,0.05916575757485397,0.4766881990364583,1
WF-001064,0,Pass,2008-09-24 15:39:00,0.0409694929521863,0.3140292716845179,0.6859707283154821,0.9471187372528156,0.1045490822027134,0.0367118914604948,0.0177777777777777,0.0064885792958546,0.0,0.0,0.0,0.6197045987836078,0.9470724280389333,0.4337809299050515,0.0,0.6197045987836078,0.3242394181714568,1
WF-000788,0,Pass,2008-09-11 13:36:00,0.032510923142101,0.2816303440359581,0.7183696559640418,0.8113686264077327,0.174780526735834,0.49561053471668,0.0088888888888888,0.0027055183238032,0.0,0.0,0.0,0.5084402714618521,0.8757260197782039,0.35639852174941883,0.0,0.5084402714618521,0.29643366730957066,1
WF-000316,0,Pass,2008-08-19 19:38:00,0.127915660627632,0.2013788398282363,0.7986211601717637,0.6226656025538708,0.5969672785315243,0.6735833998403831,0.0,0.0520822398126435,0.0,0.0,0.0,0.13151194874924774,0.43379017744450316,0.03355464314785103,0.0,0.13151194874924774,0.7040143955472089,1
WF-000481,0,Pass,2008-08-28 14:48:00,0.0383502811902061,0.2199672661630339,0.7800327338369661,0.5826815642458101,0.7733439744612929,0.5865921787709497,0.0,0.0036416099893545,0.0,0.0,0.0,0.655567866201556,0.8721704768321055,0.49024964719622305,0.0,0.655567866201556,0.19551711997835408,0
WF-000262,0,Pass,2008-08-18 12:22:00,0.184880192595508,0.2127648462559831,0.7872351537440169,0.6402153054890485,0.4421388667198723,0.7916999201915403,0.0177777777777777,0.1140002093429435,0.0,0.0,0.0,0.4396416211889971,0.6322464641022719,0.33917039528864895,0.0,0.4396416211889971,0.7714929155160607,1
WF-000558,0,Pass,2008-08-30 02:32:00,0.0577329411175116,0.1712912967451498,0.8287087032548501,0.5002670923117851,0.8962490023942538,0.7015163607342378,0.0266666666666666,0.0242033248722699,0.0175097463277025,1.0,0.1,0.26568438595010485,0.8596598918516822,0.046520662012177416,0.046520662012177416,0.2900359108320968,0.3928149409791565,1
WF-001027,0,Pass,2008-09-23 07:58:00,0.0446676224870207,0.2829671452158389,0.7170328547841611,0.8586111554491442,0.2314445331205107,0.2130885873902633,0.0177777777777777,0.010508285311979,0.0,0.0,0.0,0.42453302034962376,0.9299147315609658,0.2098206664913369,0.0,0.42453302034962376,0.41263922724472607,1
WF-001343,1,Fail,2008-10-06 03:50:00,0.0386327827969154,0.3003579421368178,0.6996420578631821,0.9048202536135496,0.1803671189146049,0.0997605746209098,0.0177777777777777,0.0039486769531689,0.0,0.0,0.0,0.6660114862445251,0.9612434393411898,0.5572970918095028,0.0,0.6660114862445251,0.3112622270011335,1
WF-000352,1,Fail,2008-08-21 06:10:00,0.1416025886942707,0.1685088056356525,0.8314911943643475,0.5195929768555467,0.8036711891460495,0.7964884277733439,0.0,0.0669593355372508,0.02658518430752649,1.0,0.1,0.23409051219560534,0.6463437103586174,0.06223339411363446,0.06223339411363446,0.25318574753804657,0.735361921259232,1
WF-001528,0,Pass,2008-10-15 08:21:00,0.0344620499606245,0.2366564170323035,0.7633435829676964,0.6344210339629334,0.8379888268156425,0.232242617717478,0.0355555555555555,0.000584728303669,0.09849503916861874,1.0,0.1,0.5483797042677152,0.7003799248397243,0.4006112184549816,0.5401268045112416,0.5492966931295455,0.20622941721562366,0
WF-000601,0,Pass,2008-08-31 02:57:00,0.0332698906192915,0.2235482869595514,0.7764517130404485,0.5951910969229405,0.4884277733439744,0.8643256185155627,0.0444444444444444,0.0018805536746831,0.08634052161009384,1.0,0.1,0.5439415956390217,0.7188218727972784,0.39309450038377053,0.46964201092899877,0.5521971050512464,0.1806126851058044,0
WF-000044,0,Pass,2008-07-29 05:16:00,0.1741124482331574,0.1593922527777582,0.8406077472222417,0.4801594395672608,0.8156424581005587,0.9090183559457302,0.0177777777777777,0.1022961393838668,0.0,0.0,0.0,0.4301187375356997,0.6257737397981935,0.31558649990591686,0.0,0.4301187375356997,0.7893872890004273,1
WF-001435,0,Pass,2008-10-08 22:08:00,0.0260019836907103,0.3053440416638065,0.6946559583361935,0.8574539327835418,0.2370311252992817,0.2098962490023942,0.0177777777777777,0.0097804525100974,0.0,0.0,0.0,0.6127982801806188,0.7539408336436283,0.4405263625755412,0.0,0.6127982801806188,0.15059978766089913,0
WF-000112,0,Pass,2008-08-05 06:10:00,0.0655397116761156,0.1722226686568313,0.8277773313431687,0.5233358162631906,0.8547486033519553,0.6815642458100558,0.0177777777777777,0.0157177046998743,0.0,0.0,0.0,0.18579101719425434,0.7021048446402187,0.048078624869307855,0.0,0.18579101719425434,0.5401245107029659,1
WF-001118,0,Pass,2008-09-27 00:17:00,0.0489798494071216,0.2801849668284498,0.7198150331715502,0.8564164228074843,0.2234636871508379,0.2330407023144453,0.0177777777777777,0.0151954884860017,0.0,0.0,0.0,0.5068660407732015,0.8679535769693953,0.28727755026514795,0.0,0.5068660407732015,0.3407943762757495,1
WF-000266,0,Pass,2008-08-18 14:04:00,0.0667230762824227,0.218619671447443,0.7813803285525569,0.7022142413762525,0.2601755786113328,0.7557861133280128,0.0444444444444444,0.0144314388234535,0.02220647086196238,1.0,0.1,0.29349975020997193,0.8803268312734707,0.06517593651030978,0.06517593651030978,0.3188690628432677,0.34266802852176326,1
WF-000006,0,Pass,2008-07-19 17:53:00,0.124721327795245,0.2025761463497015,0.7974238536502984,0.6244971180278444,0.8124501197126895,0.3503591380686353,0.0088888888888888,0.048610138907875,0.3400983792715928,1.0,0.1,0.09253231950735086,0.31470091894691216,0.007465213024993938,0.31470091894691216,0.06784691956962181,0.5793217052836864,1
WF-000294,0,Pass,2008-08-19 07:43:00,0.0983752477180693,0.2336848993237255,0.7663151006762744,0.7482841181165204,0.2625698324022346,0.6392657621707901,0.0,0.0199730953457275,0.18681737055799127,2.0,0.2,0.6189422415629698,0.7716192505014252,0.5291167762229727,0.5781458104803154,0.6291413493336334,0.6536992802771755,1
WF-000133,0,Pass,2008-08-06 09:56:00,0.1234435916713478,0.2004676165262375,0.7995323834737624,0.6280046111554491,0.6520351157222666,0.5466879489225858,0.0177777777777777,0.0472212952949433,0.0,0.0,0.0,0.5176557150592893,0.8625953861632097,0.3196662341722664,0.0,0.5176557150592893,0.6920001955816653,1
WF-000023,0,Pass,2008-07-23 19:22:00,0.0892489385883407,0.1851673942185935,0.8148326057814065,0.6077373414915315,0.5889864325618516,0.7302474062250599,0.0088888888888888,0.0100531941177617,0.0,0.0,0.0,0.1520731039406664,0.4260227409375012,0.04911555355248392,0.0,0.1520731039406664,0.6594941488906423,1
WF-001136,0,Pass,2008-09-27 16:13:00,0.0471042688336039,0.2912497575232183,0.7087502424767818,0.8863445951937572,0.2154828411811652,0.1245011971268954,0.0177777777777777,0.0131568139495695,0.0,0.0,0.0,0.3132611537919582,0.465776283576017,0.18358024954523136,0.0,0.3132611537919582,0.37478340260949694,1
WF-000760,0,Pass,2008-09-08 07:41:00,0.0351319447677028,0.2064625160739035,0.7935374839260965,0.5299200141881706,0.9664804469273744,0.498802873104549,0.0177777777777777,0.0001434182257639,0.091262836122336,1.0,0.1,0.7600241178174526,0.9057255210865339,0.6271357907897432,0.6936195651339717,0.7674024014489507,0.2713927423158459,0
WF-001444,1,Fail,2008-10-09 15:55:00,0.0679780705884432,0.2338719210977961,0.7661280789022039,0.7359772989270196,0.5027932960893855,0.295291300877893,0.0355555555555555,0.013067314577779,0.20568240125852086,2.0,0.2,0.5210628300862703,0.7509003027400601,0.39358395726142487,0.5358672704935236,0.5173617199844569,0.39078117374887616,1
WF-001211,0,Pass,2008-10-01 02:53:00,0.0821797903831864,0.2406774011380107,0.7593225988619893,0.8010733351068546,0.1899441340782122,0.515562649640862,0.0088888888888888,0.0023693373730287,0.07888108455147898,1.0,0.1,0.34050772876166086,0.6627701106743522,0.22007818337629367,0.2685961894288064,0.34849789979864465,0.6936640135033004,1
WF-000661,0,Pass,2008-09-02 04:22:00,0.058400984827081,0.3094686404776258,0.6905313595223741,0.9708658331116432,0.0462889066241021,0.037509976057462,0.0088888888888888,0.0234771904053467,0.0,0.0,0.0,0.08948135518793879,0.4181175679664441,0.003475477692041989,0.0,0.08948135518793879,0.5388445476197253,1
WF-000919,0,Pass,2008-09-19 19:18:00,0.0233370259140794,0.289595317446892,0.710404682553108,0.7547005409240046,0.4924181963288108,0.2633679169992019,0.0177777777777777,0.0126771457455658,0.09286583209211163,1.0,0.1,0.40099717940968993,0.5003570716374033,0.30759571394175494,0.3723893673247063,0.4041758251969104,0.1413459192449137,0
WF-001547,0,Pass,2008-10-16 02:16:00,0.0163438769331807,0.3436758006772882,0.6563241993227118,0.9007931187372528,0.1500399042298483,0.0303272146847565,0.0977777777777777,0.020278394637847,0.026880911668344554,1.0,0.1,0.2802513313527626,0.6095406678082198,0.07533411283029572,0.07533411283029572,0.3030199111885923,0.03786923551445369,0
WF-000363,0,Pass,2008-08-21 14:47:00,0.1207245645646261,0.1410124737527801,0.8589875262472199,0.4479086636516804,0.8715083798882681,0.931364724660814,0.0355555555555555,0.0442658310485067,0.0,0.0,0.0,0.42907152951366123,0.89797525655536,0.17832408484285725,0.0,0.42907152951366123,0.7438790001705848,1
WF-000703,0,Pass,2008-09-02 20:18:00,0.0440960754815834,0.2254918709435258,0.7745081290564741,0.6501074753923916,0.6807661612130886,0.4038308060654429,0.0266666666666666,0.0098870385669385,0.11489600565557734,1.0,0.1,0.41916430156776635,0.5186527465256621,0.3119069505709845,0.4816030396354621,0.41222666400468905,0.2951571478528637,1
WF-000884,0,Pass,2008-09-18 08:04:00,0.0386150796451661,0.2551885986144793,0.7448114013855207,0.7355546687948922,0.2362330407023144,0.7270550678371908,0.0,0.0039294343969196,0.0,0.0,0.0,0.3308879098452363,0.8248737869580504,0.19341532815389292,0.0,0.3308879098452363,0.43558037578953696,1
WF-001085,0,Pass,2008-09-25 15:40:00,0.0687925930033678,0.2328023494038914,0.7671976505961086,0.7230743992196507,0.3559457302474062,0.5738228252194733,0.0222222222222222,0.012181964126774,0.21415022548147072,2.0,0.2,0.4019907886276175,0.8365854078130118,0.19342487332792177,0.43043209013039263,0.39488046325192366,0.5375300708657971,1
WF-000285,0,Pass,2008-08-19 05:09:00,0.1148036014585213,0.2156073015147377,0.7843926984852623,0.6997760042564511,0.4365522745411013,0.5043894652833201,0.0533333333333333,0.0378300015853492,0.0,0.0,0.0,0.43657285162528786,0.5332813005479736,0.34877783221563957,0.0,0.43657285162528786,0.6354703516878072,1
WF-000664,0,Pass,2008-09-02 06:19:00,0.012905833683203,0.3788334932728986,0.6211665067271014,0.9602708167065708,0.0422984836392657,0.014365522745411,0.0533333333333333,0.0240153981704314,0.06691323763214618,1.0,0.1,0.437198281088627,0.9378495547021461,0.29254352474849143,0.29254352474849143,0.4532710317930866,0.15104342898254863,0
WF-000414,0,Pass,2008-08-22 10:18:00,0.0254309062298283,0.2324430272121917,0.7675569727878083,0.5923261505719606,0.5163607342378292,0.86512370311253,0.0266666666666666,0.0104011888806214,0.0,0.0,0.0,0.49786227719297554,0.8405439181237533,0.36718725839853156,0.0,0.49786227719297554,0.18400051645883803,0
WF-000876,0,Pass,2008-09-18 00:57:00,0.0245795662402688,0.2827635919211992,0.7172364080788007,0.7659616919393456,0.3391859537110934,0.461292897047087,0.0,0.0113265584344903,0.0,0.0,0.0,0.5693315089844108,0.7625056729335853,0.4158780040129282,0.0,0.5693315089844108,0.1545461268299213,0
WF-000224,0,Pass,2008-08-16 23:48:00,0.165526448761421,0.2412950576708589,0.758704942329141,0.7451634299902457,0.246608140462889,0.6456504389465283,0.0177777777777777,0.0929635312624142,0.11164423009302711,1.0,0.1,0.18888999549963073,0.4914684352335733,0.01751044740703151,0.21088478119831627,0.186446130421999,0.7797339656493515,1
WF-000489,0,Pass,2008-08-28 18:05:00,0.026562748144463,0.2205177195012839,0.779482280498716,0.583878691141261,0.6456504389465283,0.7605746209098164,0.0,0.0091709259299314,0.0940226424468761,2.0,0.2,0.15309298190242274,0.41427178819149385,0.056289114267752835,0.07197103349268782,0.17337346900485645,0.19145798605244213,0
WF-000688,0,Pass,2008-09-02 13:27:00,0.0322480513035028,0.2970830892426667,0.7029169107573333,0.8549676332357896,0.0933758978451715,0.37829209896249,0.0444444444444444,0.0029912485831491,0.19503556496849664,2.0,0.2,0.5450936592554694,0.6849622423824457,0.4287536075863313,0.5315632489681783,0.548476261827292,0.15226091742101547,0
WF-000081,0,Pass,2008-08-03 20:23:00,0.1228960019114634,0.1633827030146522,0.8366172969853478,0.5118914604948125,0.7629688747007183,0.8842777334397446,0.0,0.0466260890341993,0.0,0.0,0.0,0.20266202537740022,0.5197228961446769,0.07220622017246492,0.0,0.20266202537740022,0.7833003289268121,1
WF-001122,0,Pass,2008-09-27 10:13:00,0.0377987553011135,0.2374582018718659,0.762541798128134,0.673699033430877,0.6855546687948922,0.3312051077414206,0.0088888888888888,0.0030421253272973,0.09532340392617304,1.0,0.1,0.5379041378107019,0.9360234674600193,0.24277479715744277,0.5127485340208939,0.5406992048984584,0.30058738863136836,1
WF-001311,0,Pass,2008-10-05 05:53:00,0.0199499477741767,0.254651734425057,0.745348265574943,0.6249718896869735,0.7781324820430966,0.3822825219473264,0.0177777777777777,0.016358752419373,0.0,0.0,0.0,0.12140555030752512,0.48504486910973016,0.027771779164812035,0.0,0.12140555030752512,0.13423222481579025,0
WF-000815,0,Pass,2008-09-12 20:28:00,0.0258974375851061,0.2941648207390412,0.7058351792609587,0.7835878336436995,0.2689545091779728,0.2402234636871508,0.1555555555555555,0.0098940895814063,0.08177378244574889,1.0,0.1,0.46548603878223843,0.5533117266642917,0.38064554066912193,0.38064554066912193,0.4749127607948069,0.02856926182590743,0
WF-001203,0,Pass,2008-09-30 19:17:00,0.0364000800180257,0.2537406847490673,0.7462593152509327,0.7325577724572138,0.3543495610534716,0.5594573024740622,0.0088888888888888,0.0015218261065497,0.0,0.0,0.0,0.49202530601319044,0.7604335737033735,0.366678208692044,0.0,0.49202530601319044,0.3155923342993451,1
WF-001407,0,Pass,2008-10-07 18:39:00,0.0388990809627154,0.2466341106526392,0.7533658893473607,0.721065354260885,0.4213886671987231,0.5115722266560255,0.0088888888888888,0.0042381314812124,0.05686273837067271,1.0,0.1,0.16757365354547937,0.4344423051585155,0.04461336111858125,0.09528696819374345,0.17560550747345002,0.2658539979898936,0
WF-001171,0,Pass,2008-09-29 04:47:00,0.0771538690770638,0.2533071542897552,0.7466928457102449,0.8118075729360645,0.4437350359138068,0.1173184357541899,0.0088888888888888,0.0030936205684088,0.12507836157547034,1.0,0.1,0.6274671161961016,0.8853233082130587,0.4224023773182465,0.7848255883629366,0.6099828415108977,0.6046153219417362,1
WF-000452,0,Pass,2008-08-27 11:38:00,0.0460505925773804,0.2618074992592707,0.7381925007407293,0.7825219473264166,0.2274541101356743,0.5514764565043895,0.0,0.0120115136710656,0.0,0.0,0.0,0.6009967498393803,0.7831550022385017,0.4613940295312758,0.0,0.6009967498393803,0.3883334572275108,1
WF-000198,0,Pass,2008-08-12 10:54:00,0.0791932223747301,0.2029795833712161,0.7970204166287839,0.6589344683869823,0.4301675977653631,0.74780526735834,0.0088888888888888,0.0008769322013802,0.0,0.0,0.0,0.4281207803347914,0.6578499406263059,0.16402468311707677,0.0,0.4281207803347914,0.5855576207442474,1
WF-000422,0,Pass,2008-08-22 15:25:00,0.1053196950607065,0.170229730217856,0.829770269782144,0.5255622949365967,0.8611332801276935,0.6352753391859537,0.0355555555555555,0.027521407674681,0.0,0.0,0.0,0.032733813184390934,0.05034327607337601,0.009998162824594325,0.0,0.032733813184390934,0.5474191254840307,1
WF-001026,0,Pass,2008-09-23 06:52:00,0.0536773744919238,0.2490631616807656,0.7509368383192344,0.7432920102864238,0.4205905826017558,0.4237829209896249,0.0088888888888888,0.0203014940129607,0.22618209687920815,2.0,0.2,0.4983182046149319,0.6749451866476109,0.30412453851320276,0.563553282164438,0.48200943522755546,0.3250042363617321,1
WF-000428,0,Pass,2008-08-22 23:49:00,0.0638740458980023,0.1823764579524799,0.8176235420475201,0.5354145606100913,0.6233040702314445,0.9146049481245012,0.0444444444444444,0.0175282109804322,0.24609440168389654,4.0,0.4,2.42060454409634e-05,0.00017256527843425423,1.005765828969512e-10,1.4892430674817751e-05,3.0415121951727162e-05,0.39483541765533603,1
WF-000480,0,Pass,2008-08-28 12:44:00,0.0656065043158974,0.1860573037732576,0.8139426962267423,0.5642059058260176,0.8084596967278531,0.6113328012769353,0.0,0.0156451040044592,0.0,0.0,0.0,0.4802510644869459,0.68838166425712,0.3630204739333012,0.0,0.4802510644869459,0.48431975156542906,1
WF-000323,0,Pass,2008-08-20 03:00:00,0.0867249719932004,0.1626281506725195,0.8373718493274804,0.5052868670745766,0.7669592976855547,0.833998403830806,0.0444444444444444,0.0073097521665222,0.34517677789447354,2.0,0.2,0.22911875359228145,0.7089279341023937,0.0757613878676804,0.3954323656009077,0.1875403505901249,0.6055146861429822,1
WF-001022,0,Pass,2008-09-22 23:10:00,0.033626556117931,0.2973956339370087,0.7026043660629913,0.8539423605568858,0.2282521947326416,0.2362330407023144,0.0177777777777777,0.0014928737848575,0.1386324614119119,1.0,0.1,0.5294632866938929,0.8210163744371297,0.3527216029686903,0.7340079866161515,0.5067360978136419,0.29099363867195,1
WF-000804,0,Pass,2008-09-12 07:21:00,0.0226983198845595,0.3120876335626587,0.6879123664373413,0.8548959829741953,0.0415003990422984,0.4796488427773344,0.0266666666666666,0.0133713914298265,0.15747229298616944,1.0,0.1,0.4687652890679777,0.7381754494185899,0.34210021782744376,0.7381754494185899,0.4388308268067987,0.13286350197255964,0
WF-000096,0,Pass,2008-08-04 20:32:00,0.2015121286952319,0.1387355865700648,0.8612644134299352,0.3947826549614259,0.9608938547486032,0.936951316839585,0.0866666666666666,0.1320784007556869,0.0,0.0,0.0,0.005310882688872179,0.04950816736892142,1.1509606382430072e-06,0.0,0.005310882688872179,0.6503109624304136,1
WF-001210,0,Pass,2008-10-01 01:11:00,0.0621391899970673,0.238815843707197,0.761184156292803,0.7114525139664805,0.4892258579409417,0.4692737430167598,0.0,0.0194139239162311,0.08981101965864975,1.0,0.1,0.5694300282210276,0.8735431052125769,0.42853054923873674,0.5114109145878419,0.5758765964024926,0.49381623188588686,1
WF-001459,0,Pass,2008-10-11 07:39:00,0.1338396062314784,0.1363190071117925,0.8636809928882074,0.396723774053383,0.9992019154030328,1.0,0.0088888888888888,0.0585213111211722,0.2,2.0,0.2,0.0,0.0,0.0,0.0,0.0,0.5827593994621786,1
WF-000162,0,Pass,2008-08-08 21:53:00,0.3069694230526384,0.3014055634596127,0.6985944365403873,0.8345969672785316,0.1237031125299281,0.4884277733439744,0.0,0.2467058946224331,0.0806098885841849,1.0,0.1,0.16103083344157415,0.5378879606158125,0.059934318663895925,0.1298067754234373,0.16450017322136715,0.9306357714735715,1
WF-000333,0,Pass,2008-08-20 17:35:00,0.061323729525895,0.181658958493193,0.818341041506807,0.5176775738228252,0.7270550678371908,0.911412609736632,0.0,0.0203002939935923,0.0,0.0,0.0,0.37553119889454495,0.72187999326566,0.16841829431240787,0.0,0.37553119889454495,0.34667584403259427,1
WF-000596,0,Pass,2008-08-30 19:27:00,0.0422633092673206,0.2205263338032165,0.7794736661967835,0.63630877006296,0.6344772545889864,0.5522745411013568,0.0088888888888888,0.0078949013775224,0.09297819139773153,1.0,0.1,0.32226081498932646,0.4188581456207511,0.25228568136526747,0.29963227736066544,0.32477509694806656,0.3791726108296031,1
WF-000222,0,Pass,2008-08-16 15:16:00,0.1344716602641771,0.2222150065764716,0.7777849934235284,0.7034276846679082,0.5139664804469274,0.4525139664804469,0.0088888888888888,0.0592083263741055,0.0,0.0,0.0,0.25186084552739146,0.3448584021795133,0.16558278896621517,0.0,0.25186084552739146,0.6639607710149714,1
WF-000369,1,Fail,2008-08-21 16:19:00,0.1265229761024864,0.1604232810145441,0.8395767189854558,0.4960893854748603,0.7932960893854749,0.905027932960894,0.0,0.0505684522853113,0.0,0.0,0.0,0.26060019659536937,0.39067317903268745,0.16311880269801765,0.0,0.26060019659536937,0.6894817484088325,1
WF-000144,0,Pass,2008-08-06 21:15:00,0.1697220777729333,0.1467478915766713,0.8532521084233287,0.4154429369513168,0.99122106943336,0.9505187549880288,0.0,0.0975239975792753,0.0,0.0,0.0,0.060267523241711675,0.15335774371015926,0.015516815197075005,0.0,0.060267523241711675,0.7296215128285916,1
WF-000218,0,Pass,2008-08-16 08:41:00,0.0576121227907969,0.2142957634418542,0.7857042365581458,0.6592537022257692,0.5865921787709497,0.5275339185953711,0.0088888888888888,0.024334649140438,0.0,0.0,0.0,0.4450109566513851,0.7601324666846087,0.30235436295334905,0.0,0.4450109566513851,0.4531887198987823,1
WF-000485,0,Pass,2008-08-28 16:52:00,0.0821797903831865,0.1815234881177391,0.8184765118822608,0.557932783541722,0.6943335993615323,0.767757382282522,0.0177777777777777,0.0023693373730288,0.0,0.0,0.0,0.008562927622016814,0.028587677774709008,0.0017126239916155095,0.0,0.008562927622016814,0.5164969163473981,1
WF-000470,0,Pass,2008-08-28 06:56:00,0.0479354905463242,0.2474595808024075,0.7525404191975924,0.7311130619845704,0.2019154030327214,0.7501995211492418,0.0266666666666666,0.0140603158112219,0.07519114235201722,1.0,0.1,0.01717830396612943,0.1473867269979325,0.00023265874450782237,0.012916562988834599,0.01765183074138441,0.3698872145742242,1
WF-001394,0,Pass,2008-10-07 10:04:00,0.0222643425463438,0.3268055425323277,0.6731944574676723,0.8977572049303892,0.037509976057462,0.3280127693535515,0.0177777777777777,0.0138431059278871,0.0,0.0,0.0,0.5939758394850775,0.8266697299315744,0.43944160787748326,0.0,0.5939758394850775,0.21366650497036602,0
WF-001563,0,Pass,2008-10-16 15:13:00,0.0128592246995873,0.3085215695526822,0.6914784304473178,0.7064196151458721,0.6791699920191541,0.0670391061452514,0.0977777777777777,0.0240660601091442,0.0,0.0,0.0,0.566113765940986,0.7977724802187054,0.39721641666272867,0.0,0.566113765940986,0.05134753057006805,0
WF-000473,0,Pass,2008-08-28 08:41:00,0.0466211706612762,0.2510152447256962,0.7489847552743037,0.7167915225680589,0.4046288906624102,0.5379090183559457,0.0177777777777777,0.0126317072405176,0.09441792677249224,1.0,0.1,0.2714646103769506,0.33572135319757634,0.2115881089489461,0.25631125703894053,0.2731483163033961,0.3039747004089443,1
WF-000011,1,Fail,2008-07-19 21:57:00,0.1546376709700198,0.1368379803765009,0.863162019623499,0.4155626496408619,0.9880287310454908,0.9545091779728652,0.0,0.0811279032282824,0.0,0.0,0.0,0.05938798003934178,0.13642560095679646,0.011579577317914314,0.0,0.05938798003934178,0.7179307154366035,1
WF-000016,0,Pass,2008-07-22 00:03:00,0.2265115109970489,0.1545523350017228,0.8454476649982772,0.410007803493837,0.9824421388667198,0.9561053471667996,0.0177777777777777,0.1592516423880967,0.5027799172045334,4.0,0.4,0.4320325672234836,0.7240358024664821,0.22185636841260192,0.5430432459457127,0.35802544807533104,0.7147703265743031,1
WF-001481,0,Pass,2008-10-13 14:55:00,0.0134627726353735,0.3515967897906458,0.6484032102093542,0.8902552097188969,0.2202713487629689,0.1021548284118116,0.0177777777777777,0.0234100297441592,0.0,0.0,0.0,0.6273846606581832,0.8496440183484484,0.5374004927135156,0.0,0.6273846606581832,0.08550774435678436,0
WF-000567,0,Pass,2008-08-30 05:38:00,0.0414159948603233,0.2802826627026784,0.7197173372973216,0.8442732996364282,0.0925778132482043,0.4221867517956903,0.0444444444444444,0.0069739074568731,0.09770092801948213,1.0,0.1,0.5268008220863127,0.7388278012128069,0.39767147715489143,0.5146892919925885,0.5281465476522821,0.4273318064765829,1
WF-000691,0,Pass,2008-09-02 14:21:00,0.0535974557492296,0.237619799482808,0.7623802005171919,0.742976855546688,0.3774940143655227,0.4996009577015163,0.0,0.02021462581438,0.07668862792971837,1.0,0.1,0.4287633254600073,0.7184195112485213,0.27936909117071884,0.3288127113611124,0.43986894924877334,0.4707051466369169,1
WF-000663,0,Pass,2008-09-02 06:03:00,0.0275609350135955,0.3071703932054226,0.6928296067945774,0.8564880730690787,0.2833200319233839,0.120510774142059,0.0355555555555555,0.0080859402026135,0.0,0.0,0.0,0.6993087735299077,0.8325028471709116,0.5777296386555641,0.0,0.6993087735299077,0.152123649994719,0
WF-000221,0,Pass,2008-08-16 14:30:00,0.1101521163541569,0.247931147225944,0.752068852774056,0.7957261683071739,0.2753391859537111,0.4173982442138866,0.0088888888888888,0.0327740395153879,0.15652021826777007,2.0,0.2,0.5489104181640865,0.8142211896708735,0.37391117709210564,0.4295778923024788,0.5787435496294884,0.6611916855116077,1
WF-000718,0,Pass,2008-09-03 18:16:00,0.0365186248990607,0.3167164975998536,0.6832835024001465,0.9780363571871952,0.0175578611332801,0.0063846767757382,0.0355555555555555,0.0016506792381094,0.0,0.0,0.0,0.3192173000691204,0.4920679830463805,0.15046594215621018,0.0,0.3192173000691204,0.17583715723875615,0
WF-000959,0,Pass,2008-09-20 15:46:00,0.035016871715543,0.280053793202929,0.719946206797071,0.8470869912210695,0.1005586592178771,0.4708699122106943,0.0,1.833882124249097e-05,0.18860696846576377,2.0,0.2,0.6970629388125397,0.943806240032017,0.5560680625053814,0.6573546385963465,0.7069900138665879,0.4416702449728409,1
WF-001550,0,Pass,2008-10-16 02:55:00,0.03826232646464,0.2791777846856083,0.7208222153143917,0.8282472288729272,0.2529928172386273,0.1763766959297685,0.0977777777777777,0.0035460070267827,0.09629518172238472,1.0,0.1,0.6225653147791395,0.8984803353296615,0.46489689360627406,0.5995004012071088,0.6251280829538096,0.34751738132607324,1
WF-000685,0,Pass,2008-09-02 12:44:00,0.0434138358601942,0.3173196663717753,0.6826803336282248,0.9629566374035649,0.0383080606544293,0.0518754988028731,0.0266666666666666,0.0091454737610807,0.0,0.0,0.0,0.1355993487966301,0.7021849755003595,0.01497979670553469,0.0,0.1355993487966301,0.4513222752643683,1
WF-001089,0,Pass,2008-09-25 17:29:00,0.0578055270601435,0.2395436159762282,0.7604563840237717,0.7111292010286424,0.3431763766959297,0.6608140462889066,0.0088888888888888,0.0241244271085395,0.11318357031804298,1.0,0.1,0.4150853520545235,0.5923070569213418,0.3125635629566491,0.46980842132252787,0.4090050110247452,0.4666844169077858,1
WF-001303,1,Fail,2008-10-04 23:18:00,0.0795190587134036,0.2620136231252008,0.7379863768747992,0.8492336614347786,0.3551476456504389,0.077414205905826,0.0177777777777777,0.0005227622680394,0.0,0.0,0.0,0.41340611328204835,0.7124928185302845,0.2426419454467757,0.0,0.41340611328204835,0.5488936335109549,1
WF-001111,0,Pass,2008-09-26 18:54:00,0.0576000518298105,0.225220050387452,0.774779949612548,0.6682362330407023,0.636073423782921,0.4365522745411013,0.0,0.0243477697502059,0.06536107887633429,1.0,0.1,0.33204236318644503,0.797034328904497,0.15049413041542614,0.21702647090513671,0.3448219067732571,0.5005265719457431,1
WF-001187,0,Pass,2008-09-29 22:13:00,0.0507924852433974,0.2403337695999227,0.7596662304000772,0.7132840294404541,0.6528332003192339,0.2186751795690343,0.0088888888888888,0.0171657448297798,0.0,0.0,0.0,0.5328383040085322,0.7954435599223304,0.4107082038949619,0.0,0.5328383040085322,0.30876295515518,1
WF-000408,0,Pass,2008-08-22 07:04:00,0.0262054496808465,0.2329523643113336,0.7670476356886664,0.5987507315775472,0.5418994413407822,0.8036711891460495,0.0266666666666666,0.0095592938251668,0.19334129369446654,2.0,0.2,0.29631949799785773,0.7622317774478815,0.11445099199668274,0.2864539754490035,0.2987858786350713,0.19056653269699797,0
WF-001031,0,Pass,2008-09-23 11:42:00,0.0637302201218083,0.2981541295966421,0.7018458704033579,0.9468793118737252,0.1149241819632881,0.023144453312051,0.0177777777777777,0.0176845433458604,0.0,0.0,0.0,0.599090682437559,0.7474944903480274,0.4992046580616782,0.0,0.599090682437559,0.4134464728223972,1
WF-000463,0,Pass,2008-08-28 03:45:00,0.0505849085920839,0.2964405160777211,0.703559483922279,0.9091339895362242,0.1667996807661612,0.1157222665602553,0.0088888888888888,0.0169401180348738,0.0,0.0,0.0,0.2917521051500088,0.462876089031237,0.20148387943264673,0.0,0.2917521051500088,0.42421753944521057,1
WF-001242,1,Fail,2008-10-02 14:07:00,0.0259758173030363,0.3438463712504964,0.6561536287495036,0.9416518577635896,0.1173184357541899,0.0407023144453312,0.0177777777777777,0.00980889423583,0.11256397412043227,1.0,0.1,0.5627976468670158,0.8137233453251083,0.4152066950832057,0.6335073975697895,0.5549410079000409,0.08853101925763177,0
WF-001384,0,Pass,2008-10-07 01:46:00,0.0262911315711002,0.240765171256706,0.759234828743294,0.6238146670213709,0.8515562649640862,0.2841181165203512,0.0177777777777777,0.0094661613357605,0.0,0.0,0.0,0.22538374737829114,0.39610790284174996,0.1452241056406122,0.0,0.22538374737829114,0.1813789996152055,0
WF-001057,0,Pass,2008-09-24 10:53:00,0.0400148204734511,0.1633630415866634,0.8366369584133366,0.4551435665513877,0.9297685554668796,0.8635275339185954,0.0088888888888888,0.0054508918189686,0.07368311945702473,1.0,0.1,0.4131825704263852,0.591217176244297,0.25256294515045474,0.3044458069428787,0.42526443303566375,0.3363656850951249,1
WF-000254,0,Pass,2008-08-18 07:23:00,0.0809274504336162,0.1641871164100164,0.8358128835899836,0.5112130885873902,0.7039106145251397,0.9696727853152434,0.0,0.0010080982974089,0.03475591615880432,1.0,0.1,0.11550427430048538,0.2950216545999487,0.040144568735712066,0.040144568735712066,0.12387757491879353,0.6688075478669834,1
WF-000425,1,Fail,2008-08-22 19:14:00,0.0956680027734964,0.2332053416159961,0.766794658384004,0.7590940853063759,0.1787709497206704,0.699122106943336,0.0088888888888888,0.0170304377972787,0.14179054336254154,1.0,0.1,0.4816543647336543,0.6829403408852461,0.3711276622213881,0.6829403408852461,0.4592892562723663,0.7652960599238264,1
WF-000621,0,Pass,2008-09-01 00:45:00,0.0212290853028037,0.2404327607541764,0.7595672392458235,0.6119191274275073,0.4261771747805267,0.9130087789305666,0.0266666666666666,0.0149683855404307,0.12717742190674006,1.0,0.1,0.3916311961721107,0.6571567994654313,0.2726762891401904,0.498066458674218,0.3798050558940987,0.20616031045442007,0
WF-000626,0,Pass,2008-09-01 06:21:00,0.0665607299222703,0.2520728007121408,0.7479271992878592,0.7800837102066152,0.2482043096568236,0.5179569034317638,0.0088888888888888,0.0146079022584018,0.06191126685701513,1.0,0.1,0.2628561598939808,0.5569108059554886,0.130702221854008,0.16273757860206484,0.2739804467041937,0.479166666993873,1
WF-000840,0,Pass,2008-09-14 18:27:00,0.0364254575704652,0.2149870660942894,0.7850129339057106,0.6044651946439656,0.6576217079010375,0.6472466081404629,0.0088888888888888,0.0015494104026795,0.06640068465323161,1.0,0.1,0.3834922322300427,0.7319522258074395,0.17978425236943385,0.2546414677927093,0.3978089838341909,0.3328084592138373,1
WF-000721,0,Pass,2008-09-03 20:10:00,0.031567629646218,0.2691393162999194,0.7308606837000806,0.7478288551919836,0.4541101356743814,0.3160415003990423,0.0355555555555555,0.0037308373410673,0.0,0.0,0.0,0.4124847864705271,0.5083400581366709,0.3195219680785614,0.0,0.4124847864705271,0.19700147528507572,0
WF-001401,1,Fail,2008-10-07 13:10:00,0.1327913115931527,0.230862417717669,0.769137582282331,0.7216598386095592,0.4078212290502793,0.5139664804469274,0.0177777777777777,0.0573818604273399,0.09687861567062012,1.0,0.1,0.3878825837402793,0.6961342446478734,0.20034480824357292,0.3757752775550164,0.3892278399830863,0.6799617050282147,1
WF-001040,0,Pass,2008-09-23 18:10:00,0.036654467705644,0.2885842650763851,0.7114157349236149,0.8566957524164228,0.3184357541899441,0.0989624900239425,0.0177777777777777,0.0017983344626565,0.058750159162192575,1.0,0.1,0.37008256414229784,0.5876328157830287,0.20271942112601427,0.2174240954651234,0.38704461621753944,0.16790830658586572,0
WF-000504,0,Pass,2008-08-29 02:38:00,0.0331044407781052,0.245752780781213,0.754247219218787,0.6706622328633501,0.4469273743016759,0.6632083000798085,0.0177777777777777,0.0020603904585812,0.04656601920280367,1.0,0.1,0.17444299823096115,0.3365752637739768,0.06240734990567116,0.08123116005417583,0.18479986913949284,0.17350595123089224,0
WF-000925,1,Fail,2008-09-19 20:19:00,0.0710542710308547,0.1969806824359432,0.8030193175640568,0.5864602287842512,0.7964884277733439,0.4964086193136472,0.0266666666666666,0.0097236184447231,0.0,0.0,0.0,0.22525997393753258,0.8616942763995326,0.03810426042616872,0.0,0.22525997393753258,0.5235116898285151,1
WF-001065,0,Pass,2008-09-24 15:42:00,0.0437052162835111,0.1956780895215255,0.8043219104784745,0.5570988738139576,0.7063048683160414,0.7685554668794893,0.0088888888888888,0.0094621916125121,0.07357697950943985,1.0,0.1,0.5241747764253983,0.7321245373905177,0.3819969172883205,0.3856719678441675,0.5395639773788684,0.32441037621209107,1
WF-001094,0,Pass,2008-09-26 00:19:00,0.029838112771731,0.2672546356229802,0.7327453643770199,0.7465999822647867,0.6073423782920989,0.13487629688747,0.0177777777777777,0.0056107469872489,0.0,0.0,0.0,0.35720366695055683,0.6240754327876207,0.26770365607958685,0.0,0.35720366695055683,0.2458878214406679,0
WF-001561,0,Pass,2008-10-16 05:58:00,0.007831982153742,0.2768159985880005,0.7231840014119995,0.5365391504832846,0.6288906624102155,0.7885075818036712,0.1155555555555555,0.0295304541807151,0.0,0.0,0.0,0.25330262584883634,0.40161383761480857,0.14842477525956174,0.0,0.25330262584883634,0.048535886788691245,0
WF-000814,0,Pass,2008-09-12 19:36:00,0.0315524662938667,0.2497388145545738,0.7502611854454262,0.6727290946173627,0.7182761372705507,0.246608140462889,0.0355555555555555,0.003747319245797,0.0,0.0,0.0,0.48159262547628356,0.7069504581870322,0.33412970813727005,0.0,0.48159262547628356,0.18829422001014742,0
WF-001402,0,Pass,2008-10-07 13:48:00,0.0503236505962027,0.2677553580101287,0.7322446419898714,0.8005822470515208,0.5051875498802874,0.0335195530726257,0.0355555555555555,0.0166561419523942,0.0,0.0,0.0,0.20483628165232784,0.70803642119368,0.06897033575056744,0.0,0.20483628165232784,0.2559327878163568,0
WF-001183,0,Pass,2008-09-29 16:27:00,0.0231986083800492,0.2924874367777436,0.7075125632222564,0.7799240932872218,0.1859537110933758,0.6057462090981645,0.0088888888888888,0.0128275995869029,0.22855977809980393,2.0,0.2,0.5076222472427483,0.7086750771276596,0.33912587607241657,0.5801101409416318,0.4895002738180274,0.1950528629447738,0
WF-000753,0,Pass,2008-09-08 00:40:00,0.0755134747230877,0.2788299928928855,0.7211700071071144,0.9012279861665335,0.0941739824421388,0.0925778132482043,0.1066666666666666,0.0048766579096872,0.07229693268324136,1.0,0.1,0.4005543261713231,0.6683399923253879,0.21811585244967333,0.2895884915518925,0.41288386335125976,0.5402853851698086,1
WF-001051,0,Pass,2008-09-24 05:13:00,0.0286295243181707,0.2593597312549835,0.7406402687450164,0.7099678992639886,0.6185155626496409,0.2657621707901037,0.0177777777777777,0.0069244300889448,0.026108295939951665,1.0,0.1,0.14793123900099242,0.49972743588584917,0.02469656837365681,0.0386223256660163,0.16007667381598975,0.2832407806907215,1
WF-001158,0,Pass,2008-09-28 18:43:00,0.02707184561171,0.2402990723327842,0.7597009276672158,0.6343135585705418,0.7901037509976058,0.3423782920989625,0.0088888888888888,0.0086175591177064,0.0,0.0,0.0,0.6686271531060942,0.9103978528064595,0.5143319803841052,0.0,0.6686271531060942,0.18863916612451076,0
WF-000140,0,Pass,2008-08-06 19:13:00,0.0745927047327637,0.2895018573523338,0.7104981426476662,0.9338347078123614,0.0853950518754988,0.1308858739026336,0.0088888888888888,0.0058774948556915,0.0,0.0,0.0,0.353325582614732,0.6377689167180153,0.2159292069558889,0.0,0.353325582614732,0.5611593673218109,1
WF-001336,0,Pass,2008-10-06 00:41:00,0.0287635108651562,0.2473573663644663,0.7526426336355336,0.6666319056486655,0.7286512370311253,0.2849162011173184,0.0177777777777777,0.0067787925378736,0.07886761579659352,1.0,0.1,0.5475092597447409,0.8900376878292439,0.39211964638437324,0.4318074994262555,0.5603650108912392,0.27530182273462583,1
WF-000582,0,Pass,2008-08-30 11:18:00,0.0453249658596749,0.2821313726082782,0.7178686273917219,0.8746444976500842,0.1755786113328012,0.1987230646448523,0.0355555555555555,0.0112227889779075,0.0,0.0,0.0,0.5201182547020013,0.6131976549050373,0.40616870838982166,0.0,0.5201182547020013,0.34242130972012064,1
WF-000381,0,Pass,2008-08-21 20:21:00,0.1437880300549282,0.1657643244564778,0.8342356755435222,0.4860335195530726,0.8858739026336792,0.8156424581005587,0.0,0.0693348152770959,0.20487688980691313,2.0,0.2,0.30129759862956396,0.6978669047499934,0.06702167113176649,0.3086445745675836,0.29946085464505906,0.7035592497955544,1
WF-001428,0,Pass,2008-10-08 17:14:00,0.1536733714217992,0.1548387251686334,0.8451612748313666,0.4760892081227277,0.920191540303272,0.7789305666400639,0.0177777777777777,0.0800797515454339,0.04866544711207262,1.0,0.1,0.07148422696368814,0.28635949417755724,0.030297033896680797,0.03478811866648761,0.07556157233004375,0.7716890783449907,1
WF-001293,0,Pass,2008-10-04 15:16:00,0.1467507451536577,0.2079757982739656,0.7920242017260344,0.6569750820253614,0.7414205905826018,0.3056664006384677,0.0177777777777777,0.0725551577757149,0.0,0.0,0.0,0.697194813068369,0.8801504124882531,0.5899065446218182,0.0,0.697194813068369,0.6618880132864947,1
WF-000717,0,Pass,2008-09-03 17:22:00,0.0605794168642667,0.172070895401541,0.827929104598459,0.5020750199521149,0.7893056664006385,0.8866719872306464,0.0,0.0211093294953622,0.3388150074816884,1.0,0.1,0.013445931709726027,0.07550598997965989,0.0001295472256671643,0.04555683452829096,0.00987805361877437,0.20180223884864787,0
WF-000479,0,Pass,2008-08-28 11:19:00,0.0406554760788456,0.2104018810130797,0.7895981189869202,0.5843123171056133,0.7294493216280926,0.5881883479648843,0.0333333333333333,0.0061472566074409,0.0,0.0,0.0,0.03022945156868078,0.13372483056781714,0.005812149065932245,0.0,0.03022945156868078,0.30210044626738736,1
WF-000961,0,Pass,2008-09-20 16:44:00,0.019826880527029,0.2490888675881026,0.7509111324118973,0.619628801986344,0.9010375099760576,0.2458100558659217,0.0088888888888888,0.0164925211662727,0.0,0.0,0.0,0.2876606180215743,0.5124538815057204,0.19177866038243893,0.0,0.2876606180215743,0.14683819162259776,0
WF-000120,0,Pass,2008-08-05 14:17:00,0.1003188907854213,0.1463173981864481,0.8536826018135519,0.4543495610534717,0.9433359936153232,0.8619313647246608,0.0,0.0220857508537188,0.0,0.0,0.0,0.4121434102400284,0.6721546904209046,0.25500641391147283,0.0,0.4121434102400284,0.7065279953399654,1
WF-000022,0,Pass,2008-07-23 05:15:00,0.0770628507291802,0.1880160979146319,0.8119839020853681,0.5958817061275162,0.6799680766161214,0.636073423782921,0.0177777777777777,0.0031925535552388,0.08873005593231435,1.0,0.1,0.5868523945088941,0.7571175169380805,0.5009891114631903,0.5207144578878679,0.5942010541334526,0.617629684201007,1
WF-000193,0,Pass,2008-08-11 05:15:00,0.2382671396886556,0.2624397706806068,0.7375602293193931,0.7881402855369335,0.2298483639265762,0.4972067039106145,0.0177777777777777,0.1720294996615822,0.06851000456640648,1.0,0.1,0.4029415467859673,0.556696384255041,0.26729162345254187,0.27605527210301506,0.41704002175073973,0.8596821598570908,1
WF-000330,0,Pass,2008-08-20 16:08:00,0.0431335991490256,0.2291093980960745,0.7708906019039254,0.6629843043362597,0.6408619313647247,0.3655227454110136,0.0533333333333333,0.0088408686402452,0.14716117356527922,1.0,0.1,0.21046249328922176,0.7720567013284985,0.08554693136644083,0.30971907503916574,0.19943398420589467,0.3407601062119341,1
WF-000488,0,Pass,2008-08-28 17:32:00,0.0476016467646207,0.2230406474464762,0.7769593525535238,0.6588465017291834,0.659217877094972,0.3990422984836392,0.0266666666666666,0.0136974421354572,0.08937318828582441,1.0,0.1,0.30166318680378623,0.4919395495256214,0.2169586411669764,0.26960600793116607,0.3052250955674107,0.4049487265465697,1
WF-001305,0,Pass,2008-10-05 00:33:00,0.0730243878116385,0.1478032556134384,0.8521967443865616,0.4556142591114658,0.8140462889066241,0.9952114924181964,0.0266666666666666,0.0075821871612624,0.0,1.0,0.1,0.0012990073130212825,0.012990073130212826,0.0,0.0,0.0014433414589125363,0.4692787677238137,1
WF-001241,0,Pass,2008-10-02 10:03:00,0.0639526033874899,0.2634908726280066,0.7365091273719934,0.81021140374213,0.4517158818834796,0.1125299281723862,0.0088888888888888,0.0174428224049022,0.09714050465774407,1.0,0.1,0.5117691778308711,0.7743392519250514,0.3749296643894817,0.4971351620276958,0.5133951795867795,0.5448374284145994,1
WF-000535,0,Pass,2008-08-29 13:27:00,0.0974419242092514,0.2773256754702877,0.7226743245297123,0.9149396115988296,0.028731045490822,0.2146847565841979,0.0533333333333333,0.0189586132709255,0.0,0.0,0.0,0.5786441391246829,0.8533503031009835,0.41955140588386636,0.0,0.5786441391246829,0.6058216863164362,1
WF-001537,0,Pass,2008-10-15 17:19:00,0.0178495759894315,0.2420378115080378,0.7579621884919622,0.5699439567260797,0.7557861133280128,0.6336791699920191,0.0177777777777777,0.0186417652288787,0.0,0.0,0.0,0.49987101213335106,0.6106981353529245,0.43959670987289523,0.0,0.49987101213335106,0.11672517472667372,0
WF-000537,0,Pass,2008-08-29 14:11:00,0.0443121983816306,0.2429153556907161,0.7570846443092839,0.6914165114835507,0.7398244213886672,0.1843575418994413,0.0088888888888888,0.010121954762642,0.0,0.0,0.0,0.034981033651227435,0.2667564771287018,0.0007000385531157438,0.0,0.034981033651227435,0.3613586055357094,1
WF-000976,0,Pass,2008-09-21 04:49:00,0.0122869079857792,0.3175406008156606,0.6824593991843394,0.7386272944932162,0.407023144453312,0.475658419792498,0.0,0.0246881434937182,0.0,0.0,0.0,0.538851636441571,0.624464547407745,0.4419702783473132,0.0,0.538851636441571,0.06579550572619404,0
WF-000697,0,Pass,2008-09-02 16:58:00,0.0557527879298124,0.2046560109714087,0.7953439890285913,0.5833395406579764,0.573024740622506,0.7932960893854749,0.0444444444444444,0.0225573781845787,0.0,0.0,0.0,0.41167578889437373,0.5419848915981148,0.29368765367589417,0.0,0.41167578889437373,0.3395199833304616,1
WF-001225,0,Pass,2008-10-01 23:34:00,0.0427972482313291,0.2700807525963121,0.7299192474036879,0.7972026248115633,0.1029529130087789,0.6528332003192339,0.0088888888888888,0.0084752698166621,0.14045458695466542,1.0,0.1,0.5704120122823857,0.8011698357910202,0.4631868963285373,0.8011698357910202,0.5447722541147596,0.3891752962793773,1
WF-000823,0,Pass,2008-09-13 03:14:00,0.021172960361363,0.3005680973203778,0.6994319026796221,0.8208699122106944,0.0335195530726257,0.6695929768555466,0.0,0.0150293909115619,0.0,0.0,0.0,0.4587395905738759,0.7639433279969106,0.3286396699565796,0.0,0.4587395905738759,0.2051923332142408,0
WF-000687,0,Pass,2008-09-02 13:08:00,0.0732135369057452,0.2460780420432426,0.7539219579567573,0.8026450297064822,0.2920989624900239,0.280925778132482,0.0622222222222222,0.0073765903198421,0.08402063624655932,1.0,0.1,0.3198629830927626,0.6291237122080798,0.19390238307570967,0.2687509135117636,0.32554210193509586,0.588141352761261,1
WF-001277,0,Pass,2008-10-03 20:11:00,0.0437344373506627,0.2514683132840423,0.7485316867159577,0.7554628003901747,0.4086193136472466,0.3918595371109337,0.0088888888888888,0.0094939536420247,0.0,0.0,0.0,0.4493136534922379,0.8280716376020626,0.15338551794065106,0.0,0.4493136534922379,0.37026215030594384,1
WF-000996,0,Pass,2008-09-21 18:12:00,0.0330101810210768,0.3075005926959474,0.6924994073040526,0.9016163873370576,0.023144453312051,0.0837988826815642,0.1733333333333333,0.0021628467162208,0.0,0.0,0.0,0.51616845746975,0.6873960989622588,0.37728209345828645,0.0,0.51616845746975,0.05401732014328095,0
WF-000761,0,Pass,2008-09-08 18:46:00,0.0290257990829401,0.3261500695189244,0.6738499304810756,0.945402855369336,0.0798084596967278,0.0782122905027933,0.0177777777777777,0.006493696648978,0.12335774491884878,1.0,0.1,0.5612538711028144,0.8519649719767254,0.4202104147799192,0.6923501186621742,0.5466876213739966,0.3834190225463981,1
WF-000512,0,Pass,2008-08-29 05:54:00,0.0648747112034918,0.2581314174515309,0.741868582548469,0.8479395229227631,0.0478850758180367,0.3136472466081405,0.1422222222222222,0.0164405313005523,0.1211957733916194,1.0,0.1,0.720902679209076,0.8737035774683446,0.5956564679602779,0.8737035774683446,0.7039248016247127,0.6047888787718834,1
WF-000556,0,Pass,2008-08-30 02:08:00,0.0854513139894072,0.1352817783008727,0.8647182216991273,0.4395328544825752,0.9409417398244214,0.8818834796488427,0.0266666666666666,0.0059253412928339,0.0,0.0,0.0,0.14044186730057975,0.47021022615722796,0.009461552844883219,0.0,0.14044186730057975,0.6372393644588599,1
WF-001558,0,Pass,2008-10-16 05:08:00,0.0553538400483676,0.2510103296259502,0.7489896703740497,0.7715433182584022,0.4708699122106943,0.0981644054269752,0.0977777777777777,0.0221237391830083,0.0,0.0,0.0,0.631810489925823,0.9316093572841118,0.47425745493435184,0.0,0.631810489925823,0.20699464393910608,0
WF-001007,0,Pass,2008-09-22 07:12:00,0.0145058997888445,0.2955088405524618,0.7044911594475382,0.7091698146670213,0.538707102952913,0.3806863527533918,0.0177777777777777,0.0222761958816907,0.036578952387304256,1.0,0.1,0.2532166403235264,0.546680471236783,0.0926239943006742,0.0926239943006742,0.27106026765939883,0.09121289194305078,0
WF-001023,0,Pass,2008-09-23 00:57:00,0.0435399155335624,0.1926254847983021,0.8073745152016979,0.5639982264786734,0.5977653631284916,0.8786911412609737,0.0177777777777777,0.0092825168843069,0.0,0.0,0.0,0.6794628508192716,0.7936091958069471,0.5903374101153935,0.0,0.6794628508192716,0.26390577424780026,0
WF-001134,0,Pass,2008-09-27 15:09:00,0.0479250304864577,0.2461496234735111,0.7538503765264889,0.7345570630486832,0.2162809257781325,0.7589784517158819,0.0,0.0140489461809323,0.0,0.0,0.0,0.5348568320030622,0.6548089164420072,0.41789021367117285,0.0,0.5348568320030622,0.42524089208712634,1
WF-001078,0,Pass,2008-09-25 11:08:00,0.0332146705515778,0.3045439390292574,0.6954560609707425,0.8713406047707724,0.3056664006384677,0.0582601755786113,0.0177777777777777,0.0019405754874153,0.0,0.0,0.0,0.26937441954271485,0.8014284099947285,0.09829690598902764,0.0,0.26937441954271485,0.282568376351563,1
WF-000467,0,Pass,2008-08-28 05:00:00,0.1146585445429953,0.129610417698604,0.870389582301396,0.3917674913540835,0.9936153232242618,0.9992019154030328,0.0266666666666666,0.0376723310249949,0.1,1.0,0.1,0.0,0.0,0.0,0.0,0.0,0.6385866743803434,1
WF-000035,0,Pass,2008-07-28 03:31:00,0.1962660606458292,0.169934217477395,0.830065782522605,0.4919792498004789,0.8723064644852354,0.810853950518755,0.0,0.1263761528759013,0.10376529939959167,1.0,0.1,0.5483526518520353,0.6203367395785676,0.4375721435344835,0.568999770959865,0.5460585275067209,0.8078592149958044,1
WF-000038,0,Pass,2008-07-28 05:36:00,0.1085157953133797,0.1837275267437712,0.8162724732562288,0.596927374301676,0.644852354349561,0.7094972067039106,0.0,0.0309954296884562,0.2176688087713103,1.0,0.1,0.3799345359707561,0.8269989785583504,0.24852330731627664,0.8269989785583504,0.330260709016579,0.8022318989037716,1
WF-000276,0,Pass,2008-08-18 17:37:00,0.2488492205037255,0.1600201534715675,0.8399798465284325,0.3942456327037333,0.9984038308060654,0.9968076616121307,0.0177777777777777,0.1835317614170929,0.1,1.0,0.1,2.885595430987167e-98,2.885595430987167e-97,0.0,2.885595430987167e-97,0.0,0.8014044588895712,1
WF-000773,0,Pass,2008-09-10 07:26:00,0.0216649869055858,0.3465867801705332,0.6534132198294668,0.9771307971978364,0.0255387071029529,0.0415003990422984,0.0088888888888888,0.0144945794504502,0.24449334197072178,2.0,0.2,0.11324700040706595,0.19862782427930628,0.06800891642214306,0.13844068798841622,0.10694857851172837,0.07847687823046716,0
WF-000789,0,Pass,2008-09-11 14:20:00,0.0297582870682076,0.2168029566363424,0.7831970433636576,0.5822385386184269,0.5347166799680766,0.9082202713487628,0.0088888888888888,0.005697514056296,0.015633491034021955,1.0,0.1,0.10900012149026464,0.6168969099034967,0.004280151487798507,0.01704052422025356,0.11921785452026586,0.31268159099215187,1
WF-001519,0,Pass,2008-10-15 02:40:00,0.0352555589332799,0.2310781240227779,0.7689218759772221,0.6351873725281547,0.7916999201915403,0.3224261771747805,0.0177777777777777,0.0002777814492173,0.0,0.0,0.0,0.6970908413830763,0.86361587604912,0.5130470441916438,0.0,0.6970908413830763,0.16065557199806801,0
WF-001548,0,Pass,2008-10-16 02:17:00,0.0413506470666931,0.2704005411528582,0.7295994588471417,0.8328280571073867,0.3136472466081405,0.0446927374301676,0.1155555555555555,0.0069028772464055,0.0,0.0,0.0,0.5394027085513826,0.7876738951482011,0.4451289900865147,0.0,0.5394027085513826,0.16912044300475387,0
WF-000223,1,Fail,2008-08-16 15:19:00,0.1567121259777699,0.253941516659312,0.746058483340688,0.8047803493837014,0.0454908220271348,0.6887470071827614,0.0177777777777777,0.0833827456280108,0.07706713217497578,1.0,0.1,0.23349802737448214,0.5643844862109374,0.0599804071195311,0.17995023338265329,0.23944778226246313,0.665119758353732,1
WF-000711,0,Pass,2008-09-03 01:32:00,0.0637563513802975,0.2931760877311737,0.7068239122688262,0.9475576837811476,0.0662410215482841,0.0885873902633679,0.0177777777777777,0.0176561398040244,0.0,0.0,0.0,0.08737146933004794,0.18000292498289183,0.02591706523935322,0.0,0.08737146933004794,0.42937992381725093,1
WF-001445,0,Pass,2008-10-09 15:56:00,0.0202194510536559,0.2525603066838415,0.7474396933161584,0.5875018178593598,0.9193934557063048,0.3343974461292897,0.0177777777777777,0.0160658140721131,0.08966779135150889,1.0,0.1,0.24396429498988245,0.5639117665106298,0.1199500679243576,0.21875739500370744,0.24676506165501305,0.14750220151374013,0
WF-000907,0,Pass,2008-09-19 09:12:00,0.0292541056904818,0.1935982660776516,0.8064017339223484,0.484756584197925,0.9106145251396648,0.7861133280127693,0.0,0.0062455372929545,0.0,0.0,0.0,0.2958058214343703,0.41622806343163754,0.21472946202455773,0.0,0.2958058214343703,0.24733066934085782,0
WF-001060,0,Pass,2008-09-24 12:04:00,0.0674301676033938,0.2696076718925081,0.7303923281074918,0.855702225769265,0.140462889066241,0.3663208300079808,0.0088888888888888,0.0136628613006588,0.0,0.0,0.0,0.5410918084830418,0.6926929815513122,0.419800100111889,0.0,0.5410918084830418,0.5124754051087286,1
WF-001554,0,Pass,2008-10-16 04:04:00,0.0253666159789067,0.2492484350586483,0.7507515649413516,0.6504339806686176,0.7302474062250599,0.2194732641660016,0.0977777777777777,0.0104710695881448,0.0,0.0,0.0,0.2213007009980577,0.7639301681483999,0.03773953626017398,0.0,0.2213007009980577,0.16466526535278284,0
WF-001113,0,Pass,2008-09-26 19:45:00,0.0181176600780327,0.2374877594745397,0.7625122405254603,0.5475617628801986,0.8834796488427773,0.5586592178770949,0.0088888888888888,0.0183503694803991,0.0,0.0,0.0,0.32289128674189105,0.6396218171976616,0.1889629630763048,0.0,0.32289128674189105,0.07317065587104286,0
WF-001003,0,Pass,2008-09-22 00:47:00,0.0262845331424797,0.2532114748583847,0.7467885251416153,0.6869472377405339,0.6368715083798883,0.3463687150837989,0.0088888888888888,0.0094733335407829,0.07105946082818085,1.0,0.1,0.34679876633016404,0.4876863841767593,0.24643333351299734,0.24643333351299734,0.357950481087627,0.2253974771920641,0
WF-000649,0,Pass,2008-09-02 01:10:00,0.0592476020701866,0.2329880097525136,0.7670119902474863,0.6950877006296001,0.7031125299281724,0.2210694333599361,0.0088888888888888,0.0225569542715362,0.0,0.0,0.0,0.3076000038569729,0.4864440240206132,0.1851286234868669,0.0,0.3076000038569729,0.3467676616185531,1
WF-000405,0,Pass,2008-08-22 05:31:00,0.0607428076167443,0.1801207256904201,0.81987927430958,0.52094564157134,0.8443735035913806,0.7198723064644852,0.0088888888888888,0.0209317308513647,0.05755663136949572,1.0,0.1,0.21158234131976,0.3236076542575359,0.12177966823636249,0.12177966823636249,0.2215604161068042,0.4412621816806659,1
WF-000891,0,Pass,2008-09-18 21:56:00,0.0346163903267004,0.202835255260084,0.7971647447399159,0.5520351157222666,0.8363926576217079,0.6209098164405427,0.0,0.0004169670361951,0.0,0.0,0.0,0.542335409665574,0.6820439245393376,0.40538978788249863,0.0,0.542335409665574,0.20460748836008455,0
WF-000946,0,Pass,2008-09-20 12:20:00,0.0209662630290186,0.2659496538060801,0.7340503461939198,0.6719033430877006,0.5778132482043097,0.4892258579409417,0.0088888888888888,0.0152540619249797,0.10397829085269679,1.0,0.1,0.5872185191906101,0.7579875757654791,0.4990385038896859,0.6105797798249116,0.5846228235645766,0.2214897329896574,0
WF-001263,0,Pass,2008-10-03 02:41:00,0.0719980999527751,0.205105434265886,0.794894565734114,0.6271707014276847,0.5442936951316839,0.7150837988826816,0.0088888888888888,0.0086977174426357,0.12490026311626351,1.0,0.1,0.5846519917640497,0.7302318760277733,0.473778975141349,0.7302318760277733,0.5684764490680805,0.5546668001836459,1
WF-000620,0,Pass,2008-09-01 00:39:00,0.0539750292173288,0.2622239226963163,0.7377760773036837,0.8061688392302917,0.3934557063048683,0.1675977653631284,0.0355555555555555,0.0206250317579661,0.07986346747244091,1.0,0.1,0.15417146333946888,0.21668404249390644,0.10061281415481635,0.12312667647590289,0.1576208841020873,0.4364526532658335,1
WF-000820,0,Pass,2008-09-12 23:40:00,0.0332225548366456,0.3094186654830951,0.690581334516905,0.9021906535426087,0.1683958499600957,0.1412609736632083,0.0088888888888888,0.0019320056123416,0.0,0.0,0.0,0.43092183414791607,0.6111955051682049,0.2792615088857306,0.0,0.43092183414791607,0.2568432146272501,0
WF-001426,0,Pass,2008-10-08 15:37:00,0.0522641540688575,0.2125532317095416,0.7874467682904583,0.6149559279950342,0.7605746209098164,0.4469273743016759,0.0177777777777777,0.0187653848574538,0.0,0.0,0.0,0.45762119201844537,0.7135319343838045,0.36878302704397625,0.0,0.45762119201844537,0.3428795527012256,1
WF-001461,0,Pass,2008-10-11 08:27:00,0.0490330597872556,0.2268421478471499,0.77315785215285,0.6911607697082557,0.2170790103750997,0.8603351955307262,0.0444444444444444,0.0152533258557126,0.0,0.0,0.0,0.31975605614351255,0.47151518003089893,0.25340558997711327,0.0,0.31975605614351255,0.4122493101234616,1
WF-001062,0,Pass,2008-09-24 13:01:00,0.0334756089566671,0.2785207653624565,0.7214792346375434,0.8210295291300878,0.1157222665602553,0.5538707102952913,0.0,0.0016569467862313,0.06699351674627202,1.0,0.1,0.4075558507229979,0.5823252500844857,0.2578267375493761,0.273035997104523,0.4225025011250506,0.35583460778124626,1
WF-001086,0,Pass,2008-09-25 15:55:00,0.0505194953976404,0.2693655393270857,0.7306344606729143,0.8372224882504212,0.3455706304868316,0.1388667198723064,0.0177777777777777,0.0168690167365657,0.08032061519904254,1.0,0.1,0.6200844073532996,0.8122693957766507,0.48837646922162736,0.4980556107395072,0.6336431625326099,0.4248046863227134,1
WF-001341,0,Pass,2008-10-06 02:49:00,0.0493425666853407,0.2805115006527446,0.7194884993472553,0.8516718985545801,0.2067039106145251,0.2897047086991221,0.0088888888888888,0.0155897463971094,0.08145066819685749,1.0,0.1,0.3756202128870091,0.607164967642374,0.3059451732789275,0.3059451732789275,0.38336188395457366,0.3511200080882181,1
WF-000882,0,Pass,2008-09-18 05:44:00,0.032379283379784,0.2917643426092579,0.708235657390742,0.8447684667908133,0.2418196328810854,0.2681564245810056,0.0088888888888888,0.0028486050219738,0.0,0.0,0.0,0.3671821224989763,0.5989716208646928,0.25632671992060874,0.0,0.3671821224989763,0.21444985537350558,0
WF-001048,0,Pass,2008-09-24 02:44:00,0.0489585778257247,0.2872647490277277,0.7127352509722722,0.8794411634299903,0.2745411013567438,0.0694333599361532,0.0177777777777777,0.0151723672018747,0.1072583289495763,1.0,0.1,0.4679922133198975,0.7380991294772794,0.33613495848378955,0.5019606276210585,0.46421794506421293,0.27501052640569823,1
WF-000533,0,Pass,2008-08-29 13:04:00,0.0559531014328745,0.291686373191764,0.708313626808236,0.9038185687682896,0.1827613727055068,0.086193136472466,0.0266666666666666,0.0227751102531245,0.08422139549976018,1.0,0.1,0.6099743384702634,0.8787819025695727,0.4442153825489999,0.5137289000500863,0.6206682760725052,0.44705505930260275,1
WF-000429,0,Pass,2008-08-22 23:56:00,0.0316663270576216,0.2872698723991364,0.7127301276008635,0.8309974283940764,0.0726256983240223,0.5458898643256185,0.0177777777777777,0.0036235575460634,0.0,0.0,0.0,0.030063874446022744,0.2101945022264808,0.0005711864451518877,0.0,0.030063874446022744,0.2836250674974194,1
WF-001405,0,Pass,2008-10-07 17:06:00,0.030401467688171,0.2016555128366537,0.7983444871633463,0.5041060565753304,0.8292098962490024,0.8084596967278531,0.0088888888888888,0.0049984046867705,0.08382249269431959,1.0,0.1,0.6154911402450362,0.9313035925650254,0.5122594491000817,0.5159200160660797,0.6265545984871425,0.31687008818173157,1
WF-000658,0,Pass,2008-09-02 03:35:00,0.0719118930228983,0.2261586495280631,0.7738413504719369,0.6951675090892968,0.498802873104549,0.5067837190742218,0.0088888888888888,0.0087914206272844,0.0456994159730792,1.0,0.1,0.12686192359720871,0.4848801271914571,0.05154087826985631,0.05797515817613833,0.13451600864399432,0.5038194268247204,1
WF-000606,1,Fail,2008-08-31 10:59:00,0.0818931167771516,0.1648896444329898,0.8351103555670101,0.5335073157754723,0.8092577813248204,0.690343176376696,0.0266666666666666,0.0020577356273387,0.08051333575031781,1.0,0.1,0.5939623779690931,0.8680879875994539,0.47581341602223365,0.47821892360482765,0.606822761787345,0.6349349965112082,1
WF-001194,0,Pass,2008-09-30 12:31:00,0.0346163903267004,0.203178351102145,0.7968216488978549,0.5534097721025095,0.6312849162011173,0.8954509177972865,0.0044444444444444,0.0004169670361951,0.0,0.0,0.0,0.4437249109069695,0.7246744864801856,0.3545744868837413,0.0,0.4437249109069695,0.2762431891324777,1
WF-000723,0,Pass,2008-09-04 08:22:00,0.0173125914015474,0.3360425883726201,0.6639574116273799,0.8675537820342291,0.183559457302474,0.2585794094173982,0.0088888888888888,0.0192254441287527,0.06942341436546454,1.0,0.1,0.3035028920708608,0.7489688278926033,0.16245405836803758,0.21070207037352226,0.31381409448167613,0.15135378901400795,0
WF-000189,1,Fail,2008-08-10 20:07:00,0.2482177141808361,0.239086502323187,0.760913497676813,0.6697802607076351,0.5219473264166001,0.547486033519553,0.0266666666666666,0.1828453415009088,0.0,0.0,0.0,0.4530299148841769,0.5750155072652412,0.34706463981426033,0.0,0.4530299148841769,0.8277298843428419,1
WF-001257,0,Pass,2008-10-02 22:23:00,0.0565455163975462,0.2602269620719611,0.739773037928039,0.8054668794892258,0.3032721468475658,0.3535514764565043,0.0,0.0234190395625502,0.06392683929892318,1.0,0.1,0.3305145879859474,0.7299053548984495,0.13904971497377633,0.21128752952127466,0.3437620389264666,0.45239066097164554,1
WF-000654,0,Pass,2008-09-02 02:11:00,0.0426919580354877,0.2014958704418495,0.7985041295581505,0.5670749312760486,0.9257781324820432,0.4213886671987231,0.0088888888888888,0.008360823951617,0.0,0.0,0.0,0.6593936864855864,0.8483548522132224,0.560987361898456,0.0,0.6593936864855864,0.2824477580086569,1
WF-001497,0,Pass,2008-10-14 03:21:00,0.0221133525092476,0.2962289692094556,0.7037710307905444,0.7782082114037421,0.3567438148443735,0.3735035913806863,0.0088888888888888,0.0140072255334264,0.0,0.0,0.0,0.5764277166529644,0.7733844285442206,0.4506770916928739,0.0,0.5764277166529644,0.13688524227821175,0
WF-000673,0,Pass,2008-09-02 10:13:00,0.0422064084513807,0.1655244767154177,0.8344755232845823,0.4499161124412522,0.888268156424581,0.942537909018356,0.0088888888888888,0.0078330526645442,0.08254501707492068,1.0,0.1,0.26409084351102086,0.5019174175202401,0.11897952457680547,0.21799383186947419,0.2692127336934149,0.34941215888941096,1
WF-001286,0,Pass,2008-10-04 00:58:00,0.0525669256682689,0.2624062733392122,0.7375937266607877,0.7827931187372529,0.4948124501197127,0.1476456504389465,0.0177777777777777,0.0190944844220314,0.0,0.0,0.0,0.035327285973453075,0.23555657305608407,0.00027909813117917226,0.0,0.035327285973453075,0.5599052867995801,1
WF-001470,0,Pass,2008-10-12 03:21:00,0.0725315033037899,0.1546762643351274,0.8453237356648726,0.4781080074487897,0.7597765363128491,0.9385474860335196,0.0533333333333333,0.0081179311915326,0.11879267557519442,1.0,0.1,0.2927556794176571,0.43840612847651145,0.1867206913698037,0.34777230447857366,0.2866427210775553,0.5329071562509954,1
WF-000846,0,Pass,2008-09-14 23:00:00,0.0942565528327981,0.1958527050379835,0.8041472949620165,0.6254906446750023,0.7749401436552275,0.3846767757382282,0.0177777777777777,0.0154962530791284,0.10613799022583656,1.0,0.1,0.7455783241952327,0.9259128453031682,0.6474318647028269,0.7913418488602921,0.7404934881213373,0.7188038519473737,1
WF-000252,0,Pass,2008-08-18 06:26:00,0.1081789542751827,0.2095312550177678,0.7904687449822321,0.658722709940587,0.461292897047087,0.6624102154828412,0.0355555555555555,0.0306292981251986,0.15030365069185875,1.0,0.1,0.577408179566059,0.86786557328119,0.48688715100277125,0.86786557328119,0.5451351358199336,0.7711317535044553,1
WF-000977,0,Pass,2008-09-21 07:30:00,0.0212066219811938,0.2670411322434438,0.7329588677565562,0.6788825042121132,0.4724660814046288,0.5945730247406225,0.0177777777777777,0.0149928021943544,0.0,0.0,0.0,0.5313076641987399,0.9359735938661665,0.35815106093773214,0.0,0.5313076641987399,0.15371141097924157,0
WF-000541,0,Pass,2008-08-29 15:43:00,0.1036251471905009,0.1942818538292342,0.8057181461707658,0.6079604504744169,0.4166001596169194,0.913806863527534,0.0444444444444444,0.0256795078157619,0.0159714059024285,1.0,0.1,0.17342646083443078,0.594326379587793,0.027463473369730085,0.02769864400208313,0.1896184404824694,0.48719221514255184,1
WF-001228,1,Fail,2008-10-02 03:17:00,0.0606422187253806,0.2118149580605723,0.7881850419394276,0.6377494014365523,0.6496408619313647,0.5395051875498803,0.0,0.0210410666028471,0.08715370641277521,1.0,0.1,0.6130730360366473,0.8379747460690959,0.5016143060638728,0.5343158739232672,0.6218238318270229,0.4903302184706698,1
WF-000349,0,Pass,2008-08-21 04:29:00,0.0565098340247113,0.163789701136702,0.836210298863298,0.4826774851467589,0.8778930566640064,0.8260175578611333,0.0088888888888888,0.0233802543746862,0.0,0.0,0.0,0.15985623102431074,0.345360638387574,0.07775607974609883,0.0,0.15985623102431074,0.47348561970360475,1
WF-000430,0,Pass,2008-08-23 02:04:00,0.0659681068550846,0.1557310326897169,0.844268967310283,0.4519952114924183,0.9329608938547486,0.8858739026336792,0.0,0.0152520577662123,0.0,0.0,0.0,0.05031807313231364,0.2834024348715445,0.005356110386474373,0.0,0.05031807313231364,0.5077956579860119,1
WF-000710,1,Fail,2008-09-03 01:15:00,0.1079219231902199,0.1280350446374252,0.8719649553625748,0.3917951582867784,0.9784517158818836,0.9776536312849162,0.0533333333333333,0.0303499165111086,1.2031907585832918e-12,1.0,0.1,0.00028839062127079216,0.0028839062126950524,7.888440572689678e-25,3.469889303751112e-15,0.00032043402363382794,0.5938449314624932,1
WF-000742,0,Pass,2008-09-07 12:20:00,0.0288554600299297,0.3331103699802181,0.6668896300197819,0.9628410038130708,0.0710295291300878,0.0207501995211492,0.0177777777777777,0.0066788477935546,0.0,0.0,0.0,0.3769004034110558,0.7576069227572122,0.1478078274842452,0.0,0.3769004034110558,0.23255339428183802,0
WF-001102,0,Pass,2008-09-26 13:36:00,0.039166790933053,0.3259632445373257,0.6740367554626743,0.9800039017469184,0.0167597765363128,0.0422984836392657,0.0088888888888888,0.0045291205794054,0.0,0.0,0.0,0.6546712440897658,0.8634198102234532,0.5572212463982469,0.0,0.6546712440897658,0.2872776886837845,1
WF-000178,0,Pass,2008-08-09 23:34:00,0.0859292656695947,0.1994959893296071,0.8005040106703929,0.6474737962223995,0.5634477254588987,0.578611332801277,0.0266666666666666,0.0064448539886899,0.0,0.0,0.0,0.3047084260807059,0.5692588394685496,0.18911407244323525,0.0,0.3047084260807059,0.5862280096529404,1
WF-001417,0,Pass,2008-10-08 07:13:00,0.0268431865381678,0.2169946631520114,0.7830053368479886,0.5507940054979161,0.8451715881883479,0.5993615323224262,0.0088888888888888,0.0088661015889479,0.0,0.0,0.0,0.5690812506287923,0.7661277447801977,0.43854099524230084,0.0,0.5690812506287923,0.1529653938853486,0
WF-001504,0,Pass,2008-10-14 14:43:00,0.0255082169032071,0.2163682282193209,0.783631771780679,0.5489144275959918,0.9640861931364724,0.4261771747805267,0.0177777777777777,0.0103171555399921,0.1559362756426397,1.0,0.1,0.5880993203300137,0.9170601772023007,0.4337163317320221,0.9170601772023007,0.5515481140108707,0.3502926910354566,1
WF-000432,0,Pass,2008-08-23 04:50:00,0.1150733736408975,0.1954833691104884,0.8045166308895115,0.6325496142591115,0.4732641660015961,0.7645650438946529,0.0266666666666666,0.0381232322183669,0.07106341080183831,1.0,0.1,0.23554117487423526,0.5793363996330517,0.1022902356106633,0.16738359270835418,0.24311423955933315,0.7423585039995306,1
WF-000448,0,Pass,2008-08-24 10:14:00,0.1711854937033409,0.2228440556070152,0.7771559443929847,0.6932561851556266,0.2801276935355147,0.8347964884277733,0.0,0.0991146670688488,0.0,0.0,0.0,0.30367733031057836,0.622023529932416,0.16758227034968248,0.0,0.30367733031057836,0.8752172242232619,1
WF-000192,0,Pass,2008-08-11 04:09:00,0.1213295243891199,0.173631285698624,0.826368714301376,0.5286870621619226,0.7869114126097366,0.7693535514764565,0.0088888888888888,0.0449233960751303,0.0815917275926562,1.0,0.1,0.41260974434467873,0.8464963061723146,0.2851230306247718,0.3366554186264655,0.42104911386892463,0.724245335812687,1
WF-001326,1,Fail,2008-10-05 15:35:00,0.1104334089239568,0.2410535076365152,0.7589464923634848,0.7822344595193758,0.4684756584197925,0.1867517956903431,0.0177777777777777,0.0330797923086487,0.19787585293842597,2.0,0.2,0.4016450260970018,0.5201059303320357,0.31892297795611,0.39737926058710293,0.40271146747447645,0.5616387694299713,1
WF-001389,0,Pass,2008-10-07 08:25:00,0.03455946658621,0.2934750841473937,0.7065249158526062,0.8709814667021372,0.1356743814844373,0.2976855546687948,0.0177777777777777,0.000478840667163,0.0,0.0,0.0,0.08017714961851241,0.31666547090639174,0.016572480106589214,0.0,0.08017714961851241,0.37863370624476345,1
WF-000864,0,Pass,2008-09-16 17:07:00,0.0448362272473257,0.3103464347700088,0.6896535652299912,0.959804203245544,0.0279329608938547,0.0790103750997605,0.0266666666666666,0.0106915513557888,0.0,0.0,0.0,0.5767099753707017,0.6848099582813474,0.5106480272440733,0.0,0.5767099753707017,0.37795335867149565,1
WF-000402,0,Pass,2008-08-22 04:40:00,0.041043650598672,0.2909546378746657,0.7090453621253343,0.8986310188880021,0.043096568236233,0.3024740622505986,0.0266666666666666,0.0065691854333391,0.0,0.0,0.0,0.16207850325875645,0.850029881158536,0.04616803956826735,0.0,0.16207850325875645,0.5347274929335059,1
WF-000775,0,Pass,2008-09-10 20:52:00,0.0560357465387914,0.2714211673695376,0.7285788326304624,0.8586510596789927,0.3248204309656823,0.0822027134876296,0.0177777777777777,0.0228649418899906,0.20808992424692987,1.0,0.1,0.14526074177679796,0.3893545973764102,0.03489658218979654,0.3022729675238673,0.12781493891601248,0.5380285291729566,1
WF-000595,0,Pass,2008-08-30 19:21:00,0.0457774351048466,0.2297501554767994,0.7702498445232006,0.658080163163962,0.5259377494014366,0.5602553870710295,0.0444444444444444,0.0117146033748332,0.0,0.0,0.0,0.7154869442337702,0.9134648163348653,0.603851286249006,0.0,0.7154869442337702,0.19462132847750319,0
WF-000647,0,Pass,2008-09-02 00:46:00,0.0154379508084051,0.2995660563636752,0.7004339436363247,0.7132677130442494,0.4908220271348762,0.3886671987230646,0.0444444444444444,0.0212630969473857,0.0,0.0,0.0,0.2544648949784723,0.6688941977764338,0.0232137248114074,0.0,0.2544648949784723,0.09807208118045688,0
WF-000394,0,Pass,2008-08-22 01:26:00,0.2212031742995696,0.1904548908976391,0.8095451091023609,0.5568635275339187,0.6065442936951316,0.9233838786911412,0.0,0.1534817111951844,0.0,0.0,0.0,0.37351785739945165,0.7699758909170514,0.19796816519054453,0.0,0.37351785739945165,0.9113958806604806,1
WF-000748,0,Pass,2008-09-07 19:31:00,0.0256180441342452,0.3062179656327687,0.6937820343672312,0.8704268865833111,0.154828411811652,0.2873104549082202,0.0088888888888888,0.0101977781149508,0.19403383362835497,2.0,0.2,0.4371580971238481,0.5599671363948132,0.35147885951183344,0.42411730743308496,0.440418294546539,0.2094953526771997,0
WF-000202,0,Pass,2008-08-15 03:26:00,0.0772297821826343,0.2119677484749425,0.7880322515250575,0.6574376163873372,0.5107741420590582,0.5698324022346368,0.0533333333333333,0.0030111063232234,0.0,0.0,0.0,0.5123036845627329,0.7019102056774471,0.4091099308276529,0.0,0.5123036845627329,0.46855014103057485,1
WF-000444,0,Pass,2008-08-24 04:00:00,0.0410714864168024,0.165789604538605,0.834210395461395,0.4557339718010109,0.8188347964884277,0.9880287310454908,0.0266666666666666,0.0065994417573939,0.1,1.0,0.1,7.498500109865535e-28,7.49850008644865e-27,8.926256969102632e-247,8.926256969102632e-247,8.331666788739483e-28,0.26185243108879036,0
WF-000421,0,Pass,2008-08-22 14:45:00,0.0517736604786911,0.2553001190595858,0.7446998809404142,0.7642734769885609,0.2913008778930566,0.4924181963288108,0.0266666666666666,0.0182322396507512,0.0,0.0,0.0,0.4380749015250093,0.9402086949137367,0.21131531163483214,0.0,0.4380749015250093,0.4637054459371574,1
WF-000306,0,Pass,2008-08-19 11:44:00,0.1367139880131214,0.201826202083463,0.798173797916537,0.6419311873725281,0.3830806065442937,0.8675179569034318,0.0177777777777777,0.0616456391446972,0.0,0.0,0.0,0.4250464592908165,0.8026687578633316,0.2497472047971876,0.0,0.4250464592908165,0.7437073752151288,1
WF-001087,0,Pass,2008-09-25 16:44:00,0.0250025016599129,0.2305651428242359,0.769434857175764,0.5918912831426798,0.8355945730247406,0.4341580207501995,0.0177777777777777,0.0108668460218337,0.0,0.0,0.0,0.7108522601387558,0.9322723127567019,0.522575467586425,0.0,0.7108522601387558,0.16702608200579688,0
WF-001186,1,Fail,2008-09-29 21:48:00,0.0373653969775839,0.2495047162580192,0.7504952837419807,0.731161124412521,0.2266560255387071,0.7438148443735035,0.0088888888888888,0.0025710836712869,0.0,0.0,0.0,0.3368634973227979,0.7063758089133694,0.14624990538685162,0.0,0.3368634973227979,0.3510824452614949,1
WF-001560,0,Pass,2008-10-16 05:44:00,0.013527061746115,0.3034878502796809,0.696512149720319,0.7162360556885696,0.592976855546688,0.1484437350359138,0.0977777777777777,0.0233401502759619,0.09909434480961614,1.0,0.1,0.5299545480012011,0.8839606934639306,0.350805726397556,0.525154987130553,0.5304878325423842,0.01591007943890289,0
WF-001512,0,Pass,2008-10-15 00:03:00,0.0191107066474773,0.2855877606605907,0.7144122393394092,0.7489144275959918,0.6201117318435754,0.1077414205905826,0.0177777777777777,0.0172709710353507,0.0,0.0,0.0,0.4241121873002056,0.7515776053734203,0.28942100617645766,0.0,0.4241121873002056,0.1989086676632922,0
WF-000861,0,Pass,2008-09-16 08:50:00,0.0165623378938252,0.3384115449089799,0.66158845509102,0.8797123348408264,0.2146847565841979,0.1237031125299281,0.0355555555555555,0.020040937071929,0.0,0.0,0.0,0.24703253119968088,0.49596978605903497,0.1350838310584454,0.0,0.24703253119968088,0.044390381396477045,0
WF-000930,1,Fail,2008-09-19 21:59:00,0.031040210279791,0.2770534907219791,0.722946509278021,0.7951276048594484,0.426975259377494,0.2075019952114924,0.0088888888888888,0.0043041192610967,0.0,0.0,0.0,0.29356059055304573,0.5879128666519872,0.16906742585130916,0.0,0.29356059055304573,0.2507569337637051,0
WF-001244,0,Pass,2008-10-02 14:54:00,0.0510776109697846,0.2772647274856261,0.7227352725143739,0.8743774053382992,0.1053471667996807,0.3407821229050279,0.0088888888888888,0.017475664097592,0.17768531702029303,1.0,0.1,0.2559576873720555,0.4547992282448473,0.14734542144064294,0.4547992282448473,0.2338641828306342,0.44568254906115284,1
WF-001347,0,Pass,2008-10-06 05:24:00,0.0480297108945331,0.2023773319003324,0.7976226680996675,0.5802392480269576,0.7206703910614525,0.641660015961692,0.0177777777777777,0.0141627292331881,0.0,0.0,0.0,0.24863329166455178,0.518315731854335,0.12492096464377006,0.0,0.24863329166455178,0.3269061869260345,1
WF-000858,0,Pass,2008-09-15 23:37:00,0.0261265463428608,0.2084236044036323,0.7915763955963677,0.5035873015873016,0.7446129289704708,0.9289704708699122,0.0088888888888888,0.0096450583229773,0.08454692770358493,1.0,0.1,0.6985359989747264,0.8650952483590292,0.5905907260366767,0.5905907260366767,0.7105299181900652,0.2801434857830228,1
WF-001097,0,Pass,2008-09-26 03:12:00,0.0284539492509464,0.3397166968039053,0.6602833031960946,0.9700237651857764,0.0590582601755786,0.00877893056664,0.0177777777777777,0.007115272553319,0.060278597757391354,1.0,0.1,0.22510720826503947,0.564568304650168,0.10660379046239139,0.13569146859297637,0.23504229045082425,0.23798688323809664,0
WF-001364,1,Fail,2008-10-06 13:38:00,0.0686540024778742,0.2599660436387689,0.740033956361231,0.8122864236942451,0.1875498802873104,0.4740622505985634,0.0088888888888888,0.0123326060023105,0.08244923025346672,1.0,0.1,0.6049938249517701,0.7788063785525939,0.4988127517537404,0.4988127517537404,0.6167917219737735,0.534118921541797,1
WF-001532,0,Pass,2008-10-15 13:14:00,0.039453910728185,0.2798110382179804,0.7201889617820196,0.8462009399663031,0.3535514764565043,0.091779728651237,0.0177777777777777,0.0048412073132446,0.0,0.0,0.0,0.07060788292931378,0.23898106307641273,0.023394820505273015,0.0,0.07060788292931378,0.36304966321205123,1
WF-001324,0,Pass,2008-10-05 14:34:00,0.0539406189232806,0.1964692731339234,0.8035307268660765,0.5746567349472378,0.6863527533918595,0.7262569832402235,0.0088888888888888,0.0205876292644355,0.12406202449612475,1.0,0.1,0.1327515968220458,0.3013402025618373,0.03445676836086307,0.1646943185683632,0.12920240551689938,0.33643515546190766,1
WF-000454,0,Pass,2008-08-27 13:35:00,0.0524882984775183,0.270410543076471,0.729589456923529,0.8250598563447726,0.1931364724660814,0.4293695131683958,0.0,0.019009020084259,0.0,0.0,0.0,0.28547076230365853,0.7887860013535465,0.1543542719297589,0.0,0.28547076230365853,0.488990549638834,1
WF-000406,0,Pass,2008-08-22 05:32:00,0.0563910197260622,0.1986535283216684,0.8013464716783316,0.5707737873547929,0.690343176376696,0.6935355147645651,0.0355555555555555,0.0232511083978937,0.0657076075881326,1.0,0.1,0.17959891301877962,0.7131480791017153,0.05383208332289545,0.1180101489989313,0.18644210902098501,0.4277759249140706,1
WF-000312,0,Pass,2008-08-19 18:12:00,0.039166790933053,0.1750630856552391,0.8249369143447609,0.463722975968786,0.9177972865123704,0.8459696727853152,0.0088888888888888,0.0045291205794054,0.0,0.0,0.0,0.3500473813786352,0.6392264492985652,0.17101880139850098,0.0,0.3500473813786352,0.2658772960710231,0
WF-000830,0,Pass,2008-09-13 16:04:00,0.0263043321879863,0.2986779033170328,0.7013220966829672,0.8295527179214329,0.3351955307262569,0.1556264964086193,0.0355555555555555,0.0094518128391453,0.29612161696689104,1.0,0.1,0.18328074720996246,0.5515819541700459,0.051631599178173476,0.5427339122271408,0.14334150665249817,0.21012382287100573,0
WF-000811,0,Pass,2008-09-12 16:23:00,0.0544816829256334,0.2077754122694707,0.7922245877305292,0.6014768112086548,0.6927374301675978,0.5211492418196328,0.0644444444444444,0.0211757423104711,0.0,0.0,0.0,0.2461452385707778,0.3297293254783864,0.12545528247627283,0.0,0.2461452385707778,0.2290699306117221,0
WF-000790,0,Pass,2008-09-11 14:24:00,0.0522865348979023,0.2320224689430663,0.7679775310569337,0.6902193845880997,0.5403032721468476,0.4684756584197925,0.0088888888888888,0.018789711845546,0.11867929292093475,1.0,0.1,0.38985768549276595,0.639954050685806,0.1956262151999788,0.46268034454073625,0.38176627893188037,0.390916823107437,1
WF-000965,0,Pass,2008-09-20 18:21:00,0.0197842075674953,0.2242028938610846,0.7757971061389153,0.4974461292897047,0.8675179569034318,0.7956903431763767,0.0,0.0165389048179398,0.0,0.0,0.0,0.6660397556459804,0.8509741870531721,0.5341084899171293,0.0,0.6660397556459804,0.14350015720508794,0
WF-001370,0,Pass,2008-10-06 16:50:00,0.0702751874842013,0.2624648957375755,0.7375351042624245,0.835666223286335,0.315243415802075,0.1875498802873104,0.0177777777777777,0.0105704483867376,0.15904417154031258,2.0,0.2,0.5793488544296186,0.9347874028613948,0.3852078002416531,0.46071029292793925,0.6090084948050384,0.5383486435442114,1
WF-000377,0,Pass,2008-08-21 19:12:00,0.0584498043703718,0.2541957719378597,0.7458042280621402,0.7744531346989447,0.0614525139664804,0.7877094972067039,0.0177777777777777,0.0234241256843784,0.0,0.0,0.0,0.24993029045167062,0.33651654025586664,0.18386762076977697,0.0,0.24993029045167062,0.48514859006530847,1
WF-000033,0,Pass,2008-07-27 22:28:00,0.1223721000332812,0.2047232103420836,0.7952767896579164,0.6545050988738139,0.6081404628890662,0.5163607342378292,0.0088888888888888,0.0460566304709579,0.07800424538311926,1.0,0.1,0.6452718213231767,0.8914404010851718,0.5033394148930537,0.5033394148930537,0.6610420887043015,0.7503215654205226,1
WF-000951,0,Pass,2008-09-20 14:00:00,0.0201167217542126,0.2663914881515429,0.7336085118484571,0.6987865567083444,0.5953711093375897,0.3144453312051077,0.0355555555555555,0.0161774763541166,2.934674485653391e-17,1.0,0.1,0.10190473133148292,0.9748872262524071,8.461033792898781e-36,2.9905721500586667e-17,0.11322747925720322,0.23590416041550122,0
WF-000747,0,Pass,2008-09-07 19:29:00,0.0770173731933556,0.182854238721221,0.817145761278779,0.5634835505896958,0.6105347166799681,0.8770949720670391,0.0088888888888888,0.0032419856593959,0.0,0.0,0.0,0.13005145281400027,0.561171970624069,0.03766412706408729,0.0,0.13005145281400027,0.6971905735810385,1
WF-000438,0,Pass,2008-08-23 09:24:00,0.0954525429430573,0.1895705136080237,0.8104294863919763,0.609652744524253,0.8491620111731844,0.3583399840383081,0.0088888888888888,0.0167962423294101,0.0,0.0,0.0,0.3667547422439395,0.5606153135006245,0.2622892077580666,0.0,0.3667547422439395,0.7655361874206971,1
WF-000518,0,Pass,2008-08-29 06:40:00,0.1047588820765727,0.2798563519483568,0.7201436480516432,0.8948922585794095,0.0095770151636073,0.407023144453312,0.0,0.0269118283441007,0.08442425252448711,1.0,0.1,0.3373000747290444,0.7635332746583356,0.18563217209184663,0.2847630668545322,0.3431375200484346,0.7362420673878908,1
WF-000623,0,Pass,2008-09-01 05:29:00,0.0186780997017001,0.2560658620502236,0.7439341379497764,0.5710612751618338,0.940143655227454,0.3711093375897845,0.0177777777777777,0.0177411959764128,0.16872699342635455,1.0,0.1,0.5574447805408725,0.9405598182187547,0.38626806773928746,0.9405598182187547,0.5148764430211078,0.047405052545725364,0
WF-000087,0,Pass,2008-08-04 14:04:00,0.1040275712917671,0.1462633059175792,0.8537366940824208,0.4630046998315155,0.86512370311253,0.922585794094174,0.0088888888888888,0.0261169253171382,0.0,0.0,0.0,0.009874830191868836,0.08640510756733223,0.00047777732829906906,0.0,0.009874830191868836,0.711544675842392,1
WF-000903,0,Pass,2008-09-19 07:14:00,0.0275267556863251,0.2838715942778027,0.7161284057221973,0.7794851467588898,0.4477254588986432,0.2410215482841181,0.0088888888888888,0.0081230916452987,0.0,0.0,0.0,0.24062806583919624,0.4536054647991205,0.13398321004325078,0.0,0.24062806583919624,0.21148248983341197,0
WF-000657,0,Pass,2008-09-02 03:33:00,0.0383766979354172,0.326222302888316,0.673777697111684,0.94599733971801,0.0901835594573024,0.0470869912210694,0.0266666666666666,0.0036703238428448,0.0658131731546249,1.0,0.1,0.745603527912123,0.9329448017142421,0.49070534087179746,0.49070534087179746,0.7739255486943813,0.19415394279305034,0
WF-000495,0,Pass,2008-08-28 20:20:00,0.0488948061570429,0.1947301464693623,0.8052698535306377,0.5797481599716237,0.4533120510774142,0.9752593774940144,0.0444444444444444,0.0151030501706988,0.11595471065927107,1.0,0.1,0.4287891946931614,0.7827514932748391,0.23693994911188482,0.49720127004467385,0.42118785298743777,0.5299521146208097,1
WF-000139,0,Pass,2008-08-06 18:34:00,0.1088136899129813,0.2133558783723222,0.7866441216276778,0.6955266471579321,0.5490822027134876,0.4349561053471668,0.0088888888888888,0.031319228166284,0.04844803953813497,1.0,0.1,0.22864833863094142,0.47665920328090383,0.08480615284213039,0.11077563750320725,0.24174530542291187,0.6733633054279884,1
WF-000980,0,Pass,2008-09-21 08:49:00,0.0383590852159225,0.2089083942303328,0.7910916057696672,0.6052592001418817,0.6919393455706305,0.581803671189146,0.0177777777777777,0.0036511795825245,0.06943088988769214,1.0,0.1,0.43511811447566434,0.7184332755329776,0.2708738696430831,0.30210637894300074,0.44989719620151597,0.3170140499087461,1
WF-000881,0,Pass,2008-09-18 03:58:00,0.0522194147960304,0.2076036127833804,0.7923963872166195,0.5851515473973575,0.9146049481245012,0.3647246608140463,0.0088888888888888,0.0187167552130765,0.0,0.0,0.0,0.3514010132422402,0.49828105487736457,0.20675855926923442,0.0,0.3514010132422402,0.21119839178055094,0
WF-000520,0,Pass,2008-08-29 06:54:00,0.0252704108420327,0.300116150087408,0.6998838499125919,0.8284875410126807,0.3367916999201915,0.2003192338387869,0.0088888888888888,0.0105756403890947,0.0,0.0,0.0,0.4081662978299866,0.6837792009573527,0.216571745124056,0.0,0.4081662978299866,0.17368550249594797,0
WF-001321,0,Pass,2008-10-05 12:03:00,0.0409694929521863,0.1582677552073267,0.8417322447926733,0.4154706038840117,0.928172386272945,0.9960095770151636,0.0266666666666666,0.0064885792958546,0.0,0.0,0.0,0.0007581926386462783,0.007581926386462783,0.0,0.0,0.0007581926386462783,0.2948842162821069,1
WF-001427,0,Pass,2008-10-08 16:26:00,0.0235731524961295,0.3353360083614705,0.6646639916385295,0.9433278354172208,0.1364724660814046,0.0071827613727055,0.0177777777777777,0.0124204864172505,0.09206045427848562,1.0,0.1,0.6686898526207555,0.9553679208653048,0.5522558547866745,0.6155989160368035,0.6745888455745279,0.27946061642363,1
WF-000849,0,Pass,2008-09-15 11:40:00,0.014182375395893,0.3412981403569944,0.6587018596430056,0.8721704353994857,0.2641660015961692,0.0845969672785315,0.0355555555555555,0.022627852830551,0.19542230525397714,2.0,0.2,0.49603185570270636,0.6019551174613929,0.41659774957999907,0.48467844360415513,0.4988702087273442,0.08865962191961402,0
WF-000865,0,Pass,2008-09-16 18:09:00,0.0209662630290186,0.2713298027682126,0.7286701972317873,0.7219074221867517,0.3966480446927374,0.5570630486831604,0.0,0.0152540619249797,0.15485548998829837,1.0,0.1,0.46033907362664817,0.7965055579188963,0.2634157964934234,0.7128603280721396,0.432281156466038,0.22905137930414105,0
WF-001551,0,Pass,2008-10-16 03:56:00,0.0151998313316508,0.2880815350330886,0.7119184649669115,0.672298306287133,0.7717478052673583,0.2019154030327214,0.0177777777777777,0.0215219224655968,0.22594127742597744,2.0,0.2,0.5072331236410262,0.7775048208784502,0.36854417820377217,0.5730244995411111,0.4907852796660048,0.03177132926280757,0
WF-001120,0,Pass,2008-09-27 03:53:00,0.0326429715416682,0.2914003969884499,0.7085996030115501,0.8137588010995832,0.2649640861931365,0.3455706304868316,0.0177777777777777,0.0025619874547084,0.09409525471279233,1.0,0.1,0.22057658970901572,0.35732246068426093,0.12487745054206235,0.20755210392348922,0.22202375479629646,0.13818593052375822,0
WF-001106,0,Pass,2008-09-26 15:06:00,0.0651932483328907,0.167010354439637,0.8329896455603629,0.5016360734237829,0.9154030327214684,0.7118914604948124,0.0,0.0160942952903361,0.07329693650386095,1.0,0.1,0.6264922661781273,0.8299721978472194,0.4591996385421815,0.4591996385421815,0.6450803359154546,0.49523763957679406,1
WF-000879,0,Pass,2008-09-18 02:01:00,0.0217163705174642,0.2095365978525268,0.7904634021474731,0.4794851467588898,0.9098164405426976,0.7940941739824421,0.0088888888888888,0.0144387276984084,0.06698475250655779,1.0,0.1,0.3294906915758769,0.4920178753791357,0.21600750813768196,0.22070852428424678,0.34157759905272467,0.0901918494433199,0
WF-000701,0,Pass,2008-09-02 18:52:00,0.0195507292070728,0.3274379391056162,0.6725620608943838,0.8717384056043274,0.2338387869114126,0.1181165203511572,0.0422222222222222,0.016792685644486,0.09780577557536306,1.0,0.1,0.5546876984501317,0.6949613154550228,0.4310110166857097,0.5425166054902824,0.556040042112337,0.16980811620968256,0
WF-001002,0,Pass,2008-09-22 00:28:00,0.0302763996875709,0.2802142476770058,0.7197857523229942,0.774896160326328,0.4197924980047885,0.2984836392657621,0.0088888888888888,0.0051343481656838,0.0,0.0,0.0,0.6473261784215043,0.894510363267922,0.4540425130597066,0.0,0.6473261784215043,0.17475216755502487,0
WF-000924,0,Pass,2008-09-19 20:17:00,0.0427302221758611,0.1460098567083085,0.8539901432916914,0.3906379356211759,0.9840383080606544,0.9744612928970472,0.0533333333333333,0.0084024154085447,0.11046108988108021,1.0,0.1,0.49498038464067307,0.7722908095089416,0.2901724609342498,0.5467607275716504,0.4892270132038978,0.38796958085106675,1
WF-000207,0,Pass,2008-08-15 11:42:00,0.1156769596596008,0.1761333233196294,0.8238666766803706,0.5589385474860336,0.6616121308858739,0.8379888268156425,0.0,0.038779303977827,0.16254603542911727,2.0,0.2,0.2615433253009854,0.31004676943665754,0.18684461119887125,0.21256415310311558,0.2737881183504528,0.6058782233342519,1
WF-000492,0,Pass,2008-08-28 18:25:00,0.030534321262077,0.2572640606672073,0.7427359393327927,0.7192175223907067,0.4349561053471668,0.4573024740622506,0.0355555555555555,0.004853998628177,0.0,0.0,0.0,0.395772257388621,0.6501496507904166,0.283954971020886,0.0,0.395772257388621,0.2484760359504801,0
WF-000515,0,Pass,2008-08-29 05:57:00,0.0750965445738651,0.2128690527672893,0.7871309472327106,0.6486432561851556,0.6703910614525139,0.4668794892258579,0.0,0.0053298428544944,0.0,0.0,0.0,0.508681002134177,0.8445467367814141,0.3065426256680049,0.0,0.508681002134177,0.5755089344842377,1
WF-000505,0,Pass,2008-08-29 02:39:00,0.0799239334015306,0.1535404601623178,0.8464595398376822,0.478611332801277,0.8483639265762171,0.8978451715881883,0.0,8.268108529279446e-05,0.0,0.0,0.0,0.6038521683165072,0.826908452021964,0.48914772723052785,0.0,0.6038521683165072,0.49720740432558985,1
WF-000603,0,Pass,2008-08-31 05:05:00,0.0820841450424482,0.2384823849890061,0.7615176150109938,0.7880205728473886,0.1612130885873902,0.5937749401436552,0.0177777777777777,0.0022653750461394,0.0,0.0,0.0,0.5808917016388672,0.7797203547606018,0.4761015733659511,0.0,0.5808917016388672,0.6069119119172031,1
WF-000854,0,Pass,2008-09-15 21:56:00,0.0790848436825033,0.233453776371288,0.7665462236287119,0.7546647157932074,0.5283320031923384,0.2274541101356743,0.0088888888888888,0.0009947351277137,0.0,0.0,0.0,0.4301200417038338,0.9072912783073823,0.18699520065792674,0.0,0.4301200417038338,0.5600709509767337,1
WF-001168,0,Pass,2008-09-29 03:07:00,0.0422917819007957,0.2044112158054913,0.7955887841945087,0.5906184268865833,0.9058260175578612,0.3551476456504389,0.0088888888888888,0.0079258498921693,0.0,0.0,0.0,0.4330523209317819,0.8855712702540182,0.27696318923413715,0.0,0.4330523209317819,0.3908471685056381,1
WF-000522,0,Pass,2008-08-29 07:22:00,0.0425391663446589,0.2836211755991057,0.7163788244008942,0.8123979781856876,0.1292897047086991,0.5267358339984038,0.0266666666666666,0.0081947460268031,0.12489602741163572,1.0,0.1,0.5809345912461131,0.7308975626493556,0.47015570742707213,0.7255642263264194,0.5648646317927457,0.22862463115541348,0
WF-000859,0,Pass,2008-09-16 07:39:00,0.032908298065688,0.2188690404504448,0.7811309595495551,0.6094051609470603,0.5690343176376695,0.7230646448523543,0.0266666666666666,0.0022735890590347,0.3391967646569988,2.0,0.2,0.00441030255547988,0.013262862622640986,0.0006547388402348065,0.007479801789886345,0.0036429277468782626,0.13931605674026343,0
WF-000732,0,Pass,2008-09-04 16:41:00,0.0212122361429025,0.3165296592753421,0.6834703407246578,0.8557421299991133,0.2976855546687948,0.1460494812450119,0.0088888888888888,0.0149866998446711,0.022100133999713636,1.0,0.1,0.12699297882927268,0.5960326780648193,0.023805937606724153,0.028065618491497232,0.1379849077556922,0.19927410296557105,0
WF-000204,0,Pass,2008-08-15 05:13:00,0.1027479134540101,0.2253471195205537,0.7746528804794462,0.7281243238449943,0.1915403032721468,0.790901835594573,0.0177777777777777,0.0247259928847936,0.0,0.0,0.0,0.021957496428812305,0.11049890554982779,0.0006867043055262973,0.0,0.021957496428812305,0.7235364081241944,1
WF-001410,0,Pass,2008-10-07 20:39:00,0.0180279690234379,0.2440032121144138,0.7559967878855861,0.5795649552185865,0.7789305666400639,0.5770151636073424,0.0088888888888888,0.0184478597571326,0.15218418388999588,1.0,0.1,0.588074112940109,0.9021429295419309,0.3876776172063467,0.8949557894462377,0.5539761488838726,0.2463476790755841,0
WF-000609,0,Pass,2008-08-31 15:09:00,0.0241434791542771,0.3241781957084481,0.6758218042915518,0.9183518666311964,0.0885873902633679,0.1883479648842777,0.0088888888888888,0.0118005661366552,0.203690719976683,2.0,0.2,0.3884571416750107,0.6392668505188026,0.2725750413152507,0.3956255743393364,0.3866650335089293,0.20714975269838523,0
WF-000682,0,Pass,2008-09-02 12:17:00,0.0375123076847981,0.3201220725500881,0.6798779274499118,0.990259288817948,0.0119712689545091,0.0079808459696727,0.0088888888888888,0.0027307692226066,0.09075551892585731,1.0,0.1,0.4809735444962794,0.9336792923783,0.3388433727323821,0.43651003620368756,0.4859139343065674,0.5128188517833457,1
WF-001369,0,Pass,2008-10-06 16:42:00,0.0368845825574104,0.2293110078668202,0.7706889921331798,0.6252153941651148,0.5937749401436552,0.6536312849162011,0.0088888888888888,0.002048459301533,0.0,0.0,0.0,0.5922829889563934,0.7448301375885084,0.4116062961746799,0.0,0.5922829889563934,0.23790358219220642,0
WF-000494,0,Pass,2008-08-28 18:57:00,0.061896219912037,0.2487133449532133,0.7512866550467866,0.7843770506340338,0.0550678371907422,0.7142857142857143,0.0444444444444444,0.0196780218347422,0.0175817434830492,1.0,0.1,0.007853520223791955,0.023657693092902797,0.0011228642295552543,0.001380785780136493,0.008572712939753672,0.42157813222499996,1
WF-000953,0,Pass,2008-09-20 14:42:00,0.0694748617380678,0.1594555377126267,0.8405444622873733,0.487829209896249,0.9217877094972068,0.7581803671189146,0.0,0.0114403676760131,0.09823987514151104,1.0,0.1,0.5092328456377313,0.7111530002342008,0.407138098375296,0.5002697117340709,0.5102287494048047,0.5282684345194377,1
WF-000123,0,Pass,2008-08-05 20:04:00,0.0774883256883466,0.2180309961197361,0.7819690038802639,0.7208699122106944,0.2593774940143655,0.753391859537111,0.0,0.0027300807735362,0.0,0.0,0.0,0.4757742454792998,0.6200078519594056,0.37682531838292854,0.0,0.4757742454792998,0.6159562994750064,1
WF-001072,0,Pass,2008-09-25 06:21:00,0.0260216215574728,0.2542613474502181,0.7457386525497819,0.6600558659217877,0.4565043894652833,0.7206703910614525,0.0,0.0097591070027469,0.0,0.0,0.0,0.37300672347216823,0.6493246956908946,0.2616486205687693,0.0,0.37300672347216823,0.24773933106792242,0
WF-001221,0,Pass,2008-10-01 19:57:00,0.0431625240758961,0.2669322487398498,0.7330677512601502,0.7850318347078125,0.3942537909018356,0.2936951316839585,0.0088888888888888,0.008872308778148,0.0,0.0,0.0,0.52111449740322,0.8809973997981578,0.3137580709808963,0.0,0.52111449740322,0.286848440794924,1
WF-000241,1,Fail,2008-08-17 23:55:00,0.1207461296470221,0.2066489320776701,0.7933510679223298,0.6547445242529042,0.4780526735833998,0.6975259377494014,0.0088888888888888,0.0442892713554588,0.0,0.0,0.0,0.5739186277364545,0.7042731602124899,0.3784293579246461,0.0,0.5739186277364545,0.5442009756736117,1
WF-000008,0,Pass,2008-07-19 19:45:00,0.1691897473918232,0.1657563360551348,0.8342436639448652,0.4675138778043806,0.953711093375898,0.7805267358339985,0.0088888888888888,0.0969453775998079,0.005125107419719534,1.0,0.1,0.035170835573874994,0.20457463829467168,0.0012584674939505609,0.0018025431035740243,0.038878423626130656,0.6811724346102932,1
WF-000389,0,Pass,2008-08-21 23:57:00,0.0441353097162485,0.2844056656418059,0.7155943343581941,0.8580402589341136,0.0127693535514764,0.4788507581803671,0.0444444444444444,0.0099296844741831,0.0,0.0,0.0,0.6341933899057752,0.8566613600065611,0.4766485779013371,0.0,0.6341933899057752,0.16902835609103087,0
WF-000735,0,Pass,2008-09-05 15:30:00,0.0322403444454066,0.217239571287497,0.782760428712503,0.5768514675888978,0.5267358339984038,0.9409417398244214,0.0088888888888888,0.0029996256028188,0.0,0.0,0.0,0.5967067723557256,0.7364825100941561,0.46745778371524443,0.0,0.5967067723557256,0.31486026649005233,1
WF-000005,0,Pass,2008-07-19 15:22:00,0.1004868806020335,0.1369108295673607,0.8630891704326393,0.4303108982885519,0.8978451715881883,0.9648842777334398,0.0355555555555555,0.0222683484804713,0.0,0.0,0.0,0.08820747455486071,0.3447446575552274,0.012228254562415143,0.0,0.08820747455486071,0.6189111843909604,1
WF-000364,0,Pass,2008-08-21 15:05:00,0.0836735249268322,0.2447960027611724,0.7552039972388276,0.7983240223463688,0.1532322426177174,0.5921787709497207,0.0,0.0039929618769916,0.21093406162283362,2.0,0.2,0.5897714789919771,0.7816438767382433,0.3844163041850169,0.6220144674654171,0.5817107318736172,0.5801703849284344,1
WF-000118,0,Pass,2008-08-05 08:50:00,0.0673073679852115,0.2281215277331109,0.7718784722668891,0.7082919216103574,0.4916201117318435,0.4501197126895451,0.0177777777777777,0.0137963391465091,0.0,0.0,0.0,0.37315979423591494,0.8278786255000119,0.16770206878813587,0.0,0.37315979423591494,0.5276895160017445,1
WF-001477,0,Pass,2008-10-13 12:18:00,0.0380343707757615,0.249673014074316,0.7503269859256839,0.710530637580917,0.6384676775738228,0.2498004788507581,0.0088888888888888,0.0032982291040886,0.14855368271766586,2.0,0.2,0.24966539527990173,0.37343268825864084,0.16016514521109373,0.18544356957995578,0.2657208517048882,0.15958669888675614,0
WF-000739,0,Pass,2008-09-07 00:49:00,0.0612223887106446,0.2318204227323912,0.7681795772676088,0.667992728562561,0.5371109337589784,0.5618515562649641,0.0088888888888888,0.020410447053647,9.301157620407653e-05,1.0,0.1,0.0017167608423621788,0.0082244701741052,1.596786319135444e-06,1.596786319135444e-06,0.0019073346263669614,0.30836086611399444,1
WF-001281,0,Pass,2008-10-03 21:15:00,0.139250059844669,0.2352501909202331,0.7647498090797669,0.7301993437971092,0.6097366320830008,0.1971268954509178,0.0177777777777777,0.0644022389615967,0.30702973430446784,3.0,0.3,0.5042822075895071,0.9038768441310789,0.3765206963394006,0.5160987740355897,0.4992179648269004,0.625458633984533,1
WF-001160,0,Pass,2008-09-28 19:29:00,0.0435593375270663,0.2313179439740618,0.7686820560259382,0.6735394165114836,0.5714285714285714,0.4916201117318435,0.0088888888888888,0.0093036277468112,0.24241700130846508,1.0,0.1,0.3117922977021844,0.7558375384003977,0.1932354351117417,0.7558375384003977,0.2624539376246051,0.349134598419239,1
WF-000972,0,Pass,2008-09-21 02:07:00,0.0278424211121191,0.2293781515690842,0.7706218484309157,0.6146366941562472,0.6121308858739026,0.656025538707103,0.0177777777777777,0.0077799770520443,0.0,0.0,0.0,0.4765757792234372,0.6264366883220159,0.3298720927630966,0.0,0.4765757792234372,0.21666505502426833,0
WF-001012,0,Pass,2008-09-22 13:03:00,0.0239276347273724,0.2530645344941757,0.7469354655058242,0.6406102686884809,0.4405426975259378,0.7781324820430966,0.0266666666666666,0.0120351796441604,0.0,0.0,0.0,0.318727897078221,0.7844007470671682,0.13129414017713423,0.0,0.318727897078221,0.1861252476318299,0
WF-001019,0,Pass,2008-09-22 22:15:00,0.0434429060618952,0.2118579193733602,0.7881420806266397,0.6230605657533033,0.7390263367916999,0.4588986432561852,0.0088888888888888,0.0091770718064078,0.10742827030801112,1.0,0.1,0.636120925230002,0.8994285425361715,0.5267668730601412,0.6833737070419078,0.6308706161397901,0.4323831696348251,1
WF-000600,0,Pass,2008-08-30 23:51:00,0.0848936199522782,0.1914296430926812,0.8085703569073188,0.6111210428305401,0.5578611332801277,0.7318435754189944,0.0266666666666666,0.0053191521220415,0.08858220315711254,1.0,0.1,0.40383967103913204,0.6521476435887364,0.2423815394455103,0.35773007782889893,0.40896295917360237,0.5353692850971077,1
WF-000028,0,Pass,2008-07-27 15:46:00,0.1509876463247476,0.146238877239613,0.853761122760387,0.4488826815642458,0.9361532322426176,0.8938547486033519,0.0,0.0771604851355952,0.0,0.0,0.0,0.02562299025837862,0.04932750573895481,0.011320187780951167,0.0,0.02562299025837862,0.7178159914683763,1
WF-000581,0,Pass,2008-08-30 11:14:00,0.0800644590285265,0.2538232984388893,0.7461767015611107,0.8216915846413053,0.0207501995211492,0.627294493216281,0.0355555555555555,7.006416144194205e-05,0.0,0.0,0.0,0.06335673798827761,0.4049319678264524,0.00021681322966812114,0.0,0.06335673798827761,0.5773085966363208,1
WF-000918,0,Pass,2008-09-19 18:33:00,0.0373395175589098,0.2603903487520986,0.7396096512479013,0.7487947149064468,0.5195530726256983,0.2490023942537909,0.0177777777777777,0.0025429538683802,0.1354033594606007,1.0,0.1,0.42157368306492043,0.8910180751712118,0.24845599947412206,0.5708249294716877,0.40499021124194634,0.4188707948000894,1
WF-001230,0,Pass,2008-10-02 04:11:00,0.0358452007774611,0.2615321711333468,0.7384678288666531,0.7361849782743638,0.6695929768555466,0.0893854748603352,0.0177777777777777,0.0009186964972403,0.0,0.0,0.0,0.4795617630188781,0.6218972160476943,0.3705290136785972,0.0,0.4795617630188781,0.3548955285194349,1
WF-001128,0,Pass,2008-09-27 12:36:00,0.0365695205429782,0.2749673427789165,0.7250326572210835,0.8080305045668174,0.4820430965682362,0.057462090981644,0.0222222222222222,0.0017060005901937,0.0716232214783816,1.0,0.1,0.3612858943733531,0.60768888331309,0.24191431108572517,0.2587645962971785,0.3726771497151502,0.3332309362621685,1
WF-000085,0,Pass,2008-08-04 03:49:00,0.1095912147829463,0.1419978040114795,0.8580021959885205,0.4229766781945553,0.994413407821229,0.8874700718276137,0.0177777777777777,0.0321643638945068,0.07625706549680522,1.0,0.1,0.367568106126112,0.724477814951418,0.2312325751425772,0.28029665143395577,0.3772649344252405,0.6477419423963027,1
WF-000225,0,Pass,2008-08-17 00:52:00,0.0869914900927058,0.2407807787943059,0.7592192212056941,0.7988028731045491,0.0486831604150039,0.7366320830007981,0.0,0.0075994457529411,0.0,0.0,0.0,0.40902687777469604,0.7619117525856761,0.24999964462459354,0.0,0.40902687777469604,0.792891168966074,1
WF-001419,0,Pass,2008-10-08 09:01:00,0.0167876665710085,0.2058401765207481,0.7941598234792518,0.4114883390972776,0.9832402234636872,0.9632881085395052,0.0088888888888888,0.0197960145967298,0.0,0.0,0.0,0.6042858800369695,0.8142040722967007,0.47880416326512315,0.0,0.6042858800369695,0.08131262097083672,0
WF-000046,1,Fail,2008-07-29 08:23:00,0.1417246810046467,0.1971742279634817,0.8028257720365183,0.59122106943336,0.524341580207502,0.9010375099760576,0.0,0.0670920445702681,0.07532647324223184,2.0,0.2,0.05137686501778519,0.30944265912899915,0.0005717908182835242,0.019350190240159763,0.059383533712191544,0.6346596562206074,1
WF-001011,0,Pass,2008-09-22 12:45:00,0.0786679025855631,0.2512604047195133,0.7487395952804867,0.8102912122018268,0.1675977653631284,0.509976057462091,0.0088888888888888,0.0014479319722139,0.0,0.0,0.0,0.3350387895976511,0.6657938129952009,0.16834995332944233,0.0,0.3350387895976511,0.595074481739092,1
WF-001172,0,Pass,2008-09-29 05:32:00,0.1102123460425814,0.2736318052084011,0.7263681947915989,0.8956862640773254,0.2394253790901835,0.0678371907422186,0.0088888888888888,0.0328395065680233,0.24134530805421545,2.0,0.2,0.38915715618288454,0.9559179706440692,0.14237956250924702,0.46960626870230354,0.36904487805302977,0.6809065417873107,1
WF-001068,0,Pass,2008-09-24 17:54:00,0.0355535943346318,0.2577717607433072,0.7422282392566928,0.7557820342289616,0.257781324820431,0.601755786113328,0.0088888888888888,0.0006017329724259,0.05786770569812973,1.0,0.1,0.2957067761272576,0.5076636270411385,0.17111872693874877,0.17111872693874877,0.3095498927037586,0.2806822924345365,1
WF-000304,0,Pass,2008-08-19 11:13:00,0.0989644360650508,0.2004891930012272,0.7995108069987729,0.65453684490556,0.3631284916201117,0.830806065442937,0.0266666666666666,0.0206135174620117,0.06637165100973005,1.0,0.1,0.29625263024147197,0.5623866440084256,0.19662776185101577,0.19662776185101577,0.3073220600626338,0.5833870344543655,1
WF-001371,0,Pass,2008-10-06 17:26:00,0.0352555589332799,0.246508076140842,0.753491923859158,0.6847484259998227,0.6831604150039904,0.2761372705506784,0.0177777777777777,0.0002777814492173,0.0,0.0,0.0,0.4451079220791147,0.5205426001855887,0.37642754631742936,0.0,0.4451079220791147,0.220742820943499,0
WF-000560,0,Pass,2008-08-30 02:50:00,0.0390327591193036,0.3162145600679322,0.6837854399320678,0.9342337501108452,0.1652035115722266,0.0175578611332801,0.0088888888888888,0.0043834338253299,0.24159857797516457,2.0,0.2,0.5496633859914175,0.7940811051101014,0.3912695621138612,0.6639894621027023,0.5210818669635962,0.2909994147285455,1
WF-001132,0,Pass,2008-09-27 14:05:00,0.0535176297890241,0.2338305141177562,0.7661694858822438,0.6697444355768378,0.7693535514764565,0.2154828411811652,0.0177777777777777,0.0201278584663305,0.0,0.0,0.0,0.6129083088134735,0.8213092779119201,0.4320503488659688,0.0,0.6129083088134735,0.27285468488310616,0
WF-001258,0,Pass,2008-10-02 22:33:00,0.0693351940612921,0.1617510241536407,0.8382489758463593,0.4722225769264875,0.9584996009577016,0.7549880287310455,0.0088888888888888,0.0115921803681606,0.07945157998716489,2.0,0.2,0.11224615796678068,0.2844819579074424,0.028344700415231298,0.0445906729897481,0.12916002921103883,0.3714696369097463,1
WF-000532,0,Pass,2008-08-29 12:37:00,0.0362818309550841,0.3138014554803092,0.6861985445196908,0.9318712423516892,0.1197126895450917,0.0622505985634477,0.0266666666666666,0.0013932945163957,0.06885868831242963,1.0,0.1,0.17712858382195615,0.4490725303710872,0.10532145091800252,0.12196841944618143,0.18325749097482003,0.2687196141485863,0
WF-000077,0,Pass,2008-08-03 15:27:00,0.0858302071836192,0.1442374885480265,0.8557625114519735,0.4633638379001508,0.931364724660814,0.8284118116520351,0.0088888888888888,0.0063371817213252,0.1742913099202693,2.0,0.2,0.43560026241772193,0.6656642798780669,0.3282769904516321,0.37960670169198907,0.4495986525991551,0.5930931675781942,1
WF-001521,0,Pass,2008-10-15 03:24:00,0.0571188308581642,0.2085370032751379,0.7914629967248621,0.6022264786734061,0.8539505187549881,0.3671189146049481,0.0177777777777777,0.0240422074545263,0.08029999530968518,1.0,0.1,0.6541304845834504,0.8788851129877286,0.4765220524435215,0.5252667484397316,0.668448677488308,0.4086294213314082,1
WF-000106,0,Pass,2008-08-05 03:17:00,0.0984671264054235,0.2212538227510864,0.7787461772489136,0.7135991841801896,0.5682362330407024,0.3216280925778133,0.0177777777777777,0.020072963484156,0.0,0.0,0.0,0.535026992918344,0.7084029808885717,0.4352172098660146,0.0,0.535026992918344,0.596093051292182,1
WF-000801,0,Pass,2008-09-12 06:38:00,0.061146469122431,0.1468493975559322,0.8531506024440677,0.4152311785049215,0.962490023942538,0.9489225857940942,0.0266666666666666,0.0204929683451835,0.11357516322619425,1.0,0.1,0.5680900954080677,0.8913633219537119,0.42405496163021655,0.6452092531315554,0.5595213001054579,0.45760191942924616,1
WF-000856,0,Pass,2008-09-15 22:45:00,0.0374258359307773,0.260686926828564,0.739313073171436,0.7661489757914339,0.2505985634477254,0.5418994413407822,0.0266666666666666,0.0026367781856275,0.0,0.0,0.0,0.36095923784360173,0.5381479264348827,0.22621670706635238,0.0,0.36095923784360173,0.3169692149072387,1
WF-000313,0,Pass,2008-08-19 18:12:00,0.1952353916778779,0.2227847023741485,0.7772152976258515,0.6464884277733439,0.5003990422984836,0.713487629688747,0.0,0.1252558605194325,0.08051511115709485,1.0,0.1,0.46784661815573214,0.7325431721030939,0.24341893624340358,0.3766872246527968,0.4779754396560583,0.8152446473449317,1
WF-001049,0,Pass,2008-09-24 03:32:00,0.0158770956207685,0.2960978657036333,0.7039021342963667,0.7111251219295912,0.3695131683958499,0.6097366320830008,0.0177777777777777,0.0207857656295994,0.0,0.0,0.0,0.2942490487830898,0.4773426498308802,0.18379154955682964,0.0,0.2942490487830898,0.12098057919482993,0
WF-001165,0,Pass,2008-09-28 22:44:00,0.0325652464693025,0.2630370560407933,0.7369629439592067,0.7529447548106766,0.5179569034317638,0.2346368715083799,0.0177777777777777,0.0026464712290189,0.07970204766838139,1.0,0.1,0.7597439886518542,0.939068724925486,0.605531515992963,0.605531515992963,0.7768787078361754,0.17564092398356224,0
WF-000635,1,Fail,2008-09-01 19:54:00,0.1275326137210739,0.1300968351660062,0.8699031648339937,0.3834592533475215,0.997605746209098,0.9984038308060654,0.0444444444444444,0.0516658844794281,0.0,0.0,0.0,2.7555569221129935e-219,2.7555569221129937e-218,0.0,0.0,2.7555569221129935e-219,0.6105057876224002,1
WF-001331,0,Pass,2008-10-05 18:59:00,0.0288554600299297,0.3016486667540773,0.6983513332459227,0.8839145162720582,0.0319233838786911,0.4054269752593775,0.0088888888888888,0.0066788477935546,0.11432728443632566,1.0,0.1,0.4544207697778738,0.7390740163234027,0.32226653566542085,0.5195269260016904,0.447186752419672,0.3701360397509376,1
WF-001177,0,Pass,2008-09-29 12:25:00,0.0388546000455638,0.2943188480141001,0.7056811519858999,0.8814005497916113,0.2705506783719074,0.0814046288906624,0.0088888888888888,0.0041897826582216,0.19986813133283032,2.0,0.2,0.3556039194744931,0.5839001557997558,0.215993712066682,0.355369454399986,0.3556625357431198,0.3061118195110714,1
WF-001462,0,Pass,2008-10-11 14:43:00,0.0504323801992873,0.1539631299365121,0.8460368700634879,0.4358934113682717,0.8842777334397446,0.9473264166001596,0.0444444444444444,0.0167743263035732,0.0,0.0,0.0,0.10051732463110515,0.24790724516704576,0.04772391749261594,0.0,0.10051732463110515,0.34093555150834687,1
WF-000240,0,Pass,2008-08-17 23:20:00,0.0805813813639443,0.2014032611808665,0.7985967388191334,0.6431763766959298,0.4397446129289705,0.8116520351157223,0.0,0.0006319362651568,0.0,0.0,0.0,0.6319904625685948,0.8555954741597638,0.46315811918980737,0.0,0.6319904625685948,0.5143256454038461,1
WF-001030,1,Fail,2008-09-23 11:14:00,0.0670215172984699,0.1625561513514038,0.8374438486485961,0.4886631196240135,0.8300079808459697,0.8691141260973663,0.0088888888888888,0.0141070464147065,0.0,0.0,0.0,0.0446499661125427,0.37318443482291525,6.938103969698323e-05,0.0,0.0446499661125427,0.5378900720994753,1
WF-000446,0,Pass,2008-08-24 07:14:00,0.0797991844803337,0.1438574951378592,0.8561425048621408,0.4525538707102953,0.8914604948124502,0.9417398244213888,0.0,0.0002182777387677,0.009226132819626191,1.0,0.1,0.06299535029229772,0.3383237490739995,0.0023145626877009847,0.005812034688156164,0.06934905202609123,0.5659069104096603,1
WF-000375,0,Pass,2008-08-21 18:39:00,0.0675668175583769,0.2405143830110726,0.7594856169889274,0.7587626141704354,0.2609736632083,0.5426975259377494,0.0355555555555555,0.0135143287408945,0.19625438234426398,1.0,0.1,0.16026076940590295,0.31451878313772,0.08002715565960829,0.31451878313772,0.1431209901023677,0.48133402062978725,1
WF-001297,0,Pass,2008-10-04 18:59:00,0.0525781656100488,0.256038314689238,0.743961685310762,0.7884236942449233,0.3064644852354349,0.4030327214684757,0.0088888888888888,0.0191067017500531,0.18191770251052114,1.0,0.1,0.28344806775996495,0.5156422126793934,0.14527123607247866,0.5156422126793934,0.25764871832447284,0.40188093926988677,1
WF-000746,0,Pass,2008-09-07 18:49:00,0.0675394702138324,0.234298439401575,0.765701560598425,0.715478762082114,0.4333599361532322,0.5171588188347965,0.0088888888888888,0.0135440541153995,0.0,0.0,0.0,0.21008539911574395,0.5851431838258471,0.1013266111702824,0.0,0.21008539911574395,0.5285816304665257,1
WF-001274,0,Pass,2008-10-03 18:45:00,0.0346163903267004,0.2832166739514273,0.7167833260485726,0.8293255298394964,0.1069433359936153,0.518754988028731,0.0088888888888888,0.0004169670361951,0.1319598659364035,1.0,0.1,0.41497200983349014,0.8804229645534314,0.18567962966712379,0.5475965078498727,0.40023595449833654,0.37332378043733894,1
WF-000759,0,Pass,2008-09-08 07:14:00,0.0367310497116653,0.2909841710401635,0.7090158289598365,0.8446886583311164,0.3104549082202713,0.1723862729449321,0.0088888888888888,0.0018815757735493,0.4345561595896053,4.0,0.4,0.39778058447394915,0.7568429404630903,0.2822031332979417,0.4321450078707698,0.37487096887606874,0.18257208467191793,0
WF-000167,0,Pass,2008-08-09 06:05:00,0.1441094210792292,0.2381422965016253,0.7618577034983747,0.7551476456504389,0.1300877893056664,0.7972865123703112,0.0,0.0696841533469883,0.0,0.0,0.0,0.04239622093754296,0.3899973355407043,4.4924610989579255e-05,0.0,0.04239622093754296,0.8245945295789489,1
WF-001396,0,Pass,2008-10-07 10:51:00,0.0528484864152542,0.2739857520522764,0.7260142479477236,0.8280445153852974,0.1819632881085395,0.4046288906624102,0.0177777777777777,0.0194005287122328,0.0800269727061533,1.0,0.1,0.24088404522556567,0.36434728800655647,0.17089823117070738,0.1927722091261414,0.24622980479216836,0.3622323344135688,1
WF-000670,0,Pass,2008-09-02 08:54:00,0.0455055355534557,0.2569937281123924,0.7430062718876076,0.759772457213798,0.2258579409417398,0.6304868316041501,0.0088888888888888,0.011419060384191,0.08154621131006691,1.0,0.1,0.18982714753105484,0.6275054201402123,0.07924706338608706,0.15479684684954645,0.19371940316233358,0.40719180481091355,1
WF-000542,0,Pass,2008-08-29 16:26:00,0.0846811415237715,0.2204920636290729,0.7795079363709271,0.7127489580562206,0.2944932162809258,0.6656025538707103,0.0444444444444444,0.0050881973084473,0.07398284938455808,1.0,0.1,0.5227714401197423,0.7457980449390395,0.38676120716927426,0.38676120716927426,0.5378836882253499,0.6768977197092777,1
WF-001129,0,Pass,2008-09-27 13:14:00,0.0123207135472318,0.3506077420569254,0.6493922579430746,0.8682720581714996,0.2841181165203512,0.1149241819632881,0.0088888888888888,0.0246513983182262,0.20939149265693208,2.0,0.2,0.5171998044826907,0.7679710300988626,0.4106642401305309,0.5414861953125202,0.5111282067752333,0.08595020332198587,0
WF-001234,0,Pass,2008-10-02 07:35:00,0.0880976884992858,0.2298634616166668,0.7701365383833332,0.7270289970736898,0.3918595371109337,0.5219473264166001,0.0133333333333333,0.0088018353253107,0.0,0.0,0.0,0.5576136617757451,0.8254076941877607,0.43658479023533714,0.0,0.5576136617757451,0.5642446566253115,1
WF-001330,1,Fail,2008-10-05 18:46:00,0.0754985531316046,0.2660943681507955,0.7339056318492045,0.8559774762791522,0.2897047086991221,0.1420590582601756,0.0177777777777777,0.0048928770308644,0.07427044260411914,2.0,0.2,0.12827106989968193,0.45260478662348186,0.01814858504737103,0.0476337456737664,0.14843040095616084,0.4592397913657317,1
WF-000844,0,Pass,2008-09-14 20:45:00,0.0169201504777818,0.3053702481493476,0.6946297518506523,0.7517557861133279,0.1939345570630486,0.7214684756584198,0.0,0.0196520103502371,0.0,0.0,0.0,0.3463389963275299,0.5478376203062576,0.22270985776717694,0.0,0.3463389963275299,0.15955348113762405,0
WF-000890,0,Pass,2008-09-18 21:12:00,0.0506722286744069,0.1876684836857605,0.8123315163142395,0.5345749756140818,0.8994413407821229,0.5953711093375897,0.0044444444444444,0.0170350311678336,0.08267981959955258,1.0,0.1,0.5575585394582196,0.8014142443070668,0.4392094891295528,0.46098839458595614,0.5682885555551378,0.3439643582446199,1
WF-000071,0,Pass,2008-08-01 15:10:00,0.0743860144503243,0.1643251653417944,0.8356748346582055,0.5027932960893855,0.8499600957701516,0.7988826815642458,0.0,0.0061021582061692,0.07712458515585499,1.0,0.1,0.21437809100917313,0.680527842848312,0.07109485647108073,0.16533821335586604,0.21982696630398502,0.6353179502576519,1
WF-000768,0,Pass,2008-09-08 21:53:00,0.0516294301878936,0.1688726278168104,0.8311273721831896,0.4739783630398155,0.9169992019154032,0.8060654429369514,0.0088888888888888,0.0180754675955365,0.08533421096133686,1.0,0.1,0.4221904785741472,0.6197346399518696,0.3401412645412427,0.3602729136451405,0.4290702080107036,0.3868597455999884,1
WF-001545,0,Pass,2008-10-15 23:45:00,0.0401240901577123,0.2267548302486275,0.7732451697513725,0.637105967899264,0.7797286512370312,0.203511572226656,0.0977777777777777,0.0055696632149046,0.0,0.0,0.0,0.3059945725885987,0.9185018078923738,0.09483473458918834,0.0,0.3059945725885987,0.2665195671902069,0
WF-000802,0,Pass,2008-09-12 06:41:00,0.0356200861292215,0.3051031653726924,0.6948968346273077,0.8921942005852621,0.0367118914604948,0.2944932162809258,0.0533333333333333,0.0006740066621973,0.05271540506765928,1.0,0.1,0.1660452371736487,0.7574036551489935,0.04445054355748506,0.08753141937164448,0.17476899470720472,0.2486350672164579,0
WF-001127,0,Pass,2008-09-27 12:28:00,0.0326274151952742,0.3312265552442466,0.6687734447557534,0.9602073246430788,0.077414205905826,0.0223463687150838,0.0177777777777777,0.0025788965268758,0.0,0.0,0.0,0.5925367509042275,0.8373718428124574,0.4805781884323279,0.0,0.5925367509042275,0.25138019426250946,0
WF-000806,0,Pass,2008-09-12 07:38:00,0.059038130435647,0.232911444169914,0.767088555830086,0.7125657533031835,0.4245810055865922,0.5411013567438149,0.0088888888888888,0.0227846408308184,0.0,0.0,0.0,0.5307553649231479,0.8213896501100879,0.3626599389091929,0.0,0.5307553649231479,0.3854267294125492,1
WF-000231,0,Pass,2008-08-17 05:21:00,0.1820536911147945,0.2504502658891469,0.749549734110853,0.7768074842599982,0.0199521149241819,0.8363926576217079,0.0177777777777777,0.1109279251247766,0.01787345662448674,3.0,0.3,0.012976951651824432,0.09255558486696913,2.823571549433945e-06,0.0007731432748898184,0.01820715524193927,0.8509707219535995,1
WF-001121,0,Pass,2008-09-27 10:10:00,0.020788718288314,0.3191203451791354,0.6808796548208647,0.8293255298394963,0.4341580207501995,0.0606544293695131,0.0088888888888888,0.015447045338789,0.0,0.0,0.0,0.5135984836947877,0.6461000928366896,0.4518833481242569,0.0,0.5135984836947877,0.13141706560726404,0
WF-001549,0,Pass,2008-10-16 02:22:00,0.0199606761395689,0.2889682482000741,0.7110317517999258,0.7686303094794715,0.37829209896249,0.2394253790901835,0.0977777777777777,0.0163470911526424,0.0,0.0,0.0,0.3075199470645383,0.8466161379302442,0.1054981599695158,0.0,0.3075199470645383,0.17992680437665962,0
WF-000608,0,Pass,2008-08-31 11:03:00,0.1096312048346376,0.181967983670874,0.818032016329126,0.5823061097809701,0.8324022346368715,0.4485235434956105,0.0355555555555555,0.0322078313419974,0.12972427819733556,1.0,0.1,0.3547955012462171,0.5817787452190861,0.16968269597852148,0.46025590306827385,0.34307767882154416,0.6693883220546114,1
WF-000741,0,Pass,2008-09-07 12:04:00,0.0146675413278123,0.314628524038273,0.685371475961727,0.7582560964795603,0.2210694333599361,0.6432561851556265,0.0088888888888888,0.0221004985567257,0.08835038825269895,1.0,0.1,0.37283560131302523,0.5007121956652437,0.2969992292893572,0.32940170130434254,0.37766159020287887,0.06392301654512547,0
WF-001531,0,Pass,2008-10-15 12:53:00,0.0528710619285292,0.2338328183561841,0.7661671816438159,0.7050116165646892,0.6209098164405427,0.2537909018355945,0.0355555555555555,0.0194250673136187,0.2213983375383677,2.0,0.2,0.5057503944171137,0.7606642144199838,0.35792747533483293,0.5598614826666136,0.4922226223547387,0.36998104542275984,1
WF-001245,0,Pass,2008-10-02 15:10:00,0.055835202060364,0.1958516588610195,0.8041483411389805,0.5679129201028643,0.596169193934557,0.879489225857941,0.0088888888888888,0.0226469587612652,0.0,0.0,0.0,0.7442703440207061,0.9366085580047802,0.5798216532791767,0.0,0.7442703440207061,0.40035070609813006,1
WF-001556,0,Pass,2008-10-16 04:50:00,0.0274994353740009,0.1943711716344527,0.8056288283655473,0.4800746652478496,0.8004788507581804,0.7741420590582602,0.1155555555555555,0.0081527876369555,0.0,0.0,0.0,0.1225524401795991,0.5969479006098763,0.014805408838646427,0.0,0.1225524401795991,0.07047013756388117,0
WF-000125,0,Pass,2008-08-05 21:22:00,0.0794258553448257,0.1872033697750658,0.8127966302249342,0.6005545801188259,0.6967278531524341,0.6081404628890662,0.0088888888888888,0.0006240702773633,0.0,0.0,0.0,0.003203343653201178,0.017060709221833236,5.472616243188825e-06,0.0,0.003203343653201178,0.5101519378563253,1
WF-000379,0,Pass,2008-08-21 19:46:00,0.0608309299157093,0.1879601333928044,0.8120398666071955,0.5572902367650971,0.8587390263367917,0.5259377494014366,0.0266666666666666,0.0208359457437941,0.26070439601681095,3.0,0.3,0.32309609020714586,0.46506188724964503,0.23767908646830707,0.2807752368428234,0.3412335987918554,0.34857279626677434,1
WF-000922,0,Pass,2008-09-19 20:07:00,0.0213529521207414,0.3030362760207006,0.6969637239792994,0.7877811474682983,0.4389465283320032,0.2059058260175578,0.0177777777777777,0.0148337476948462,0.0,0.0,0.0,0.4753757708040268,0.721132995572389,0.34047566275602426,0.0,0.4753757708040268,0.14011092571253136,0
WF-001534,0,Pass,2008-10-15 14:08:00,0.0355037880256001,0.173350482472175,0.826649517527825,0.4213845880996719,0.9521149241819632,0.9672785315243416,0.0088888888888888,0.0005475956800001,0.0,0.0,0.0,0.012407002540603746,0.04206182850249326,0.002301271159126765,0.0,0.012407002540603746,0.28542436066945015,1
WF-000995,0,Pass,2008-09-21 17:30:00,0.028321060087373,0.2189772590463027,0.7810227409536973,0.5981163429990246,0.8691141260973663,0.3623304070231444,0.0177777777777777,0.0072597172963336,0.0,0.0,0.0,0.13762358834772925,0.22934140035444922,0.08034979949203781,0.0,0.13762358834772925,0.12917305532608428,0
WF-000627,0,Pass,2008-09-01 06:52:00,0.0231086692537792,0.2162701398650326,0.7837298601349674,0.5147922319765895,0.8507581803671189,0.7071029529130087,0.0266666666666666,0.0129253595067617,0.0,0.0,0.0,0.5015713813626468,0.6633909254258721,0.3243332595208381,0.0,0.5015713813626468,0.10900137237960222,0
WF-001414,0,Pass,2008-10-08 05:38:00,0.0266359808572843,0.2746723965849664,0.7253276034150336,0.7598522656734947,0.4764565043894653,0.2793296089385474,0.0088888888888888,0.0090913251551257,0.08002224821946921,1.0,0.1,0.5660047949788414,0.8302774940767254,0.406359966014998,0.45292976197206625,0.5785686875351499,0.2492407197626167,0
WF-001069,0,Pass,2008-09-24 18:05:00,0.0350415058573803,0.2973661652521723,0.7026338347478276,0.8666677307794626,0.0135674381484437,0.4716679968076616,0.0266666666666666,4.511506236989443e-05,0.13573723284838057,1.0,0.1,0.1432499035820316,0.3187913024263954,0.03773262606998848,0.19444345518022288,0.13756173118223258,0.19587224485877686,0
WF-001196,0,Pass,2008-09-30 14:20:00,0.0427015215855716,0.1907881704418553,0.8092118295581447,0.5306423694244924,0.7972865123703112,0.7470071827613727,0.0088888888888888,0.0083712191147517,0.1312204488949672,2.0,0.2,0.3350476763956835,0.505712917865486,0.19023896412504082,0.21982553248928646,0.36385321237228274,0.27600691695295576,1
WF-001285,0,Pass,2008-10-03 23:46:00,0.0976426387430434,0.2630683213728138,0.7369316786271862,0.8434475481067659,0.3591380686352753,0.0949720670391061,0.0177777777777777,0.0191767812424385,0.0,0.0,0.0,0.5796749158436411,0.791389197508428,0.4364574518105946,0.0,0.5796749158436411,0.556592006435323,1
WF-001356,0,Pass,2008-10-06 08:57:00,0.0210498764149834,0.2832156965782518,0.7167843034217481,0.7150194200585263,0.3758978451715882,0.5283320031923384,0.0533333333333333,0.0151631778098005,0.0,0.0,0.0,0.36071919948840075,0.5842038624184542,0.15685572065820977,0.0,0.36071919948840075,0.05063776705571055,0
WF-001294,0,Pass,2008-10-04 16:58:00,0.0477057783740975,0.2505780802680658,0.7494219197319343,0.755618338210517,0.5570630486831604,0.169193934557063,0.0177777777777777,0.0138106286674972,0.0,0.0,0.0,0.6136281517513609,0.899083706370774,0.47794505927001696,0.0,0.6136281517513609,0.4230991521227031,1
WF-001141,0,Pass,2008-09-27 21:45:00,0.0429699743331081,0.2502086129263578,0.7497913870736421,0.7610289970736899,0.2011173184357542,0.5889864325618516,0.0533333333333333,0.0086630155794653,0.16911537594649842,2.0,0.2,0.4633679866857485,0.6389379543622403,0.2846120028217605,0.3918132563496622,0.4812566692697701,0.3081167092666484,1
WF-001476,0,Pass,2008-10-13 11:27:00,0.0129097233193266,0.2983593687187889,0.7016406312812111,0.6862647867340606,0.6759776536312849,0.2801276935355147,0.0177777777777777,0.0240111703050797,0.1012638312549523,1.0,0.1,0.45930818288466035,0.5717551678047788,0.3651315257852764,0.46511306325651014,0.45866319617667695,0.09748091719485276,0
WF-000099,0,Pass,2008-08-04 22:51:00,0.0685432877947844,0.2085622533197818,0.7914377466802182,0.6266714551742485,0.7486033519553073,0.3599361532322426,0.0533333333333333,0.0124529480491472,0.2801423137023556,2.0,0.2,0.19425401500929498,0.6062600135183339,0.020725063831106172,0.27209384605338005,0.17479405724827368,0.342486767875464,1
WF-000923,0,Pass,2008-09-19 20:10:00,0.0292612622047316,0.2326075539067761,0.7673924460932239,0.6134835505896958,0.8667198723064645,0.3184357541899441,0.0088888888888888,0.0062377584731177,0.0,0.0,0.0,0.3203592344214848,0.4863374040826862,0.21972853592799252,0.0,0.3203592344214848,0.12312526571665398,0
WF-001061,0,Pass,2008-09-24 12:35:00,0.0507706039117829,0.2731191731940326,0.7268808268059674,0.8078529750820254,0.435754189944134,0.1300877893056664,0.0177777777777777,0.017141960773677,0.0,0.0,0.0,0.48680450270654374,0.6085336764416347,0.38875691905515286,0.0,0.48680450270654374,0.39860592231534275,1
WF-000070,0,Pass,2008-08-01 14:07:00,0.1139148005368379,0.1848895233437918,0.8151104766562081,0.5760574620909817,0.5083798882681564,0.9840383080606544,0.0,0.0368639136269978,4.2596808751041205e-12,1.0,0.1,5.919072791979846e-10,5.919071286532198e-09,7.789736759280634e-30,2.5213361170345697e-20,6.576747546616258e-10,0.7453245265552665,1
WF-000249,0,Pass,2008-08-18 05:25:00,0.1226993340901774,0.1452603034459529,0.854739696554047,0.4220108184800922,0.936951316839585,0.9433359936153232,0.0355555555555555,0.0464123196632363,0.0,0.0,0.0,0.629874371719007,0.8330710102553978,0.47683678781158506,0.0,0.629874371719007,0.5560850241938193,1
WF-001021,0,Pass,2008-09-22 23:01:00,0.0356950034227839,0.2874686139764132,0.7125313860235867,0.8485593686264079,0.0822027134876296,0.4764565043894653,0.0088888888888888,0.000755438503026,0.1763781713155218,2.0,0.2,0.46219914614977553,0.7369137548957818,0.299455876816508,0.407609200907465,0.4758466324603531,0.35012484419844586,1
WF-000618,0,Pass,2008-08-31 22:57:00,0.0658205992720359,0.2807067496156438,0.7192932503843562,0.9066517690875232,0.1245011971268954,0.1564245810055866,0.0266666666666666,0.015412392095613,0.0,0.0,0.0,0.602231602823132,0.7450581990716455,0.4919526677878027,0.0,0.602231602823132,0.5088421113271264,1
WF-000474,0,Pass,2008-08-28 09:46:00,0.0230428806770209,0.2529296830889134,0.7470703169110866,0.6569791611244126,0.6113328012769353,0.5019952114924182,0.0088888888888888,0.012996868829325,0.0,0.0,0.0,0.5949532187718788,0.9388841368222614,0.4679686906394062,0.0,0.5949532187718788,0.17363676073680162,0
WF-000674,0,Pass,2008-09-02 10:21:00,0.0399421016202642,0.2673787469278743,0.7326212530721257,0.7694691850669505,0.509976057462091,0.1939345570630486,0.0088888888888888,0.0053718495872437,0.017405980239257556,1.0,0.1,0.2252270380903875,0.6549643174205335,0.039202973743477934,0.039202973743477934,0.24589637857337746,0.2675385798394632,0
WF-001413,0,Pass,2008-10-08 05:35:00,0.0342759230202749,0.2866726121460761,0.7133273878539239,0.840494635097987,0.2889066241021548,0.2051077414205905,0.0177777777777777,0.0007870401953532,0.0,0.0,0.0,0.4518267033496408,0.6875541760842622,0.29383954622258474,0.0,0.4518267033496408,0.25189894182692574,0
WF-000745,0,Pass,2008-09-07 18:24:00,0.0215000369432949,0.349595909256202,0.650404090743798,0.9760533829919305,0.014365522745411,0.0614525139664804,0.0088888888888888,0.0146738728877228,0.10277225257654159,1.0,0.1,0.4341714974827928,0.5830967937868595,0.3449816491200162,0.4462078280083687,0.43283412742439553,0.2172331595124655,0
WF-000828,0,Pass,2008-09-13 12:48:00,0.0344458343369954,0.2799343138863749,0.7200656861136251,0.8289541544737075,0.1556264964086193,0.4094173982442138,0.0355555555555555,0.0006023539815267,0.23635045751151057,2.0,0.2,0.3178296483488092,0.52362603832668,0.1821362644365255,0.3755959139898179,0.30338808193855704,0.26690052904227385,0
WF-000091,0,Pass,2008-08-04 16:31:00,0.0959018484184823,0.2128496777679477,0.7871503222320523,0.6899799592090095,0.578611332801277,0.4158020750199521,0.0088888888888888,0.0172846178461764,0.18477422225832515,1.0,0.1,0.3151268511462574,0.5822731883326471,0.23172459693920966,0.5822731883326471,0.28544392479221403,0.6594604965901734,1
WF-000585,0,Pass,2008-08-30 14:23:00,0.0539750292173288,0.2154321716956261,0.7845678283043739,0.6367354792941385,0.8228252194732641,0.2442138866719872,0.0355555555555555,0.0206250317579661,0.08455745487595902,1.0,0.1,0.07066197599870261,0.23103523406937593,0.017217464972708763,0.05974996846956395,0.07187442127971805,0.48016876156128996,1
WF-000898,0,Pass,2008-09-19 04:42:00,0.0629243014861669,0.2823169653190248,0.7176830346809753,0.904652478496054,0.0989624900239425,0.1859537110933758,0.0355555555555555,0.0185605418628619,0.07294353609351509,1.0,0.1,0.5956873872433646,0.9593682376237191,0.43451544431838063,0.43451544431838063,0.6135953809016961,0.43944985547537896,1
WF-001363,0,Pass,2008-10-06 13:08:00,0.0382447541701624,0.2135164277210484,0.7864835722789516,0.6352191185599007,0.7861133280127693,0.3016759776536313,0.0355555555555555,0.0035269067066982,0.05920341529346513,1.0,0.1,0.3206118531273168,0.6609805391140123,0.18981316688703984,0.18981316688703984,0.3351450404873476,0.40104559374200477,1
WF-000272,0,Pass,2008-08-18 15:41:00,0.0508691277011832,0.1961360217740169,0.8038639782259831,0.5469990245632704,0.8754988028731046,0.5578611332801277,0.0177777777777777,0.0172490518491122,0.0654931522165137,1.0,0.1,0.3026129840624311,0.5848492437150786,0.19713997724598317,0.19819078227894232,0.3142154509272632,0.27589498961225145,1
WF-000082,0,Pass,2008-08-03 22:52:00,0.1863208037575485,0.1680591289802545,0.8319408710197455,0.4697924980047885,0.9545091779728652,0.7845171588188348,0.0,0.1155660910408136,0.0,0.0,0.0,0.3856929953622166,0.7877698805473485,0.22218446679422266,0.0,0.3856929953622166,0.7971283645598229,1
WF-000885,0,Pass,2008-09-18 10:48:00,0.0561184868942697,0.2544438153496168,0.7455561846503832,0.7581681298217612,0.3343974461292897,0.4565043894652833,0.0266666666666666,0.0229548770589888,0.2632940130444553,1.0,0.1,0.2171330817898079,0.5716984046914846,0.03880505959558807,0.5716984046914846,0.17773693480073272,0.41962428506968796,1
WF-000431,0,Pass,2008-08-23 03:26:00,0.0508910420674219,0.2848887687361767,0.7151112312638233,0.8921706127516182,0.0015961691939345,0.4006384676775738,0.0177777777777777,0.0172728718124151,0.17107679313131388,2.0,0.2,0.35451347137741407,0.5136065243989962,0.17356301261323134,0.30324513902548916,0.3673305544653953,0.4064963682305705,1
WF-001125,0,Pass,2008-09-27 11:54:00,0.0834150307682541,0.1361373210849717,0.8638626789150282,0.4045010197747628,0.9816440542697524,0.9792498004788508,0.0177777777777777,0.0037119899654936,0.0,0.0,0.0,0.32716079942260173,0.5374598218018332,0.2323737401291877,0.0,0.32716079942260173,0.5117673544442427,1
WF-000318,0,Pass,2008-08-20 00:05:00,0.0856653091427425,0.2348124838846815,0.7651875161153184,0.7447163252638114,0.4134078212290503,0.3854748603351955,0.0355555555555555,0.0061579447203722,0.10549331337411193,1.0,0.1,0.5510661170513952,0.6653316388375601,0.4366343759496722,0.5813379057595788,0.5477025849727082,0.59956716126041,1
WF-000301,0,Pass,2008-08-19 10:46:00,0.2600646877010514,0.1862722912781317,0.8137277087218683,0.4793572758712424,0.762170790103751,0.9728651237031124,0.0266666666666666,0.1957224866315776,0.08026586948425381,1.0,0.1,0.014864657810273182,0.051747822940422086,0.001723980494039867,0.011931246837274813,0.015190592362828555,0.8441990146495378,1
WF-000449,1,Fail,2008-08-24 13:03:00,0.1678505700223897,0.2641027655097691,0.7358972344902308,0.8325976766870622,0.3415802075019952,0.1771747805267358,0.0088888888888888,0.0954897500243366,0.0,0.0,0.0,0.7072592605907492,0.8709925942586126,0.5302414386601457,0.0,0.7072592605907492,0.6781078961761413,1
WF-000368,0,Pass,2008-08-21 15:50:00,0.1228522767173854,0.1464884556917151,0.8535115443082848,0.4245810055865922,0.985634477254589,0.9217877094972068,0.0,0.0465785616493319,0.0,0.0,0.0,0.5170282283182476,0.7567626042140538,0.35912212992816683,0.0,0.5170282283182476,0.6369093976743007,1
WF-001295,0,Pass,2008-10-04 18:15:00,0.1100919124464182,0.2208164216547653,0.7791835783452347,0.7019072448346191,0.7150837988826816,0.1628092577813248,0.0177777777777777,0.0327086004852371,0.0,0.0,0.0,0.4122389509578707,0.8385280263302036,0.2149884328440745,0.0,0.4122389509578707,0.7630735074262461,1
WF-000779,0,Pass,2008-09-10 23:43:00,0.060679924278672,0.2253745973265426,0.7746254026734574,0.6867037332623925,0.7613727055067837,0.1588188347964884,0.0177777777777777,0.0210000823057912,0.06682700433175713,2.0,0.2,0.2135987464586046,0.9341355192678819,0.044762929966863846,0.07137082177423532,0.24915572762969695,0.6316301601023853,1
WF-000549,0,Pass,2008-08-29 22:45:00,0.047820527349126,0.2325472976686876,0.7674527023313124,0.6930924891371819,0.6711891460494812,0.2737430167597765,0.0088888888888888,0.0139353558142674,0.0,0.0,0.0,0.37006665217299306,0.759199823156056,0.12074441205810724,0.0,0.37006665217299306,0.30813581262614065,1
WF-000418,0,Pass,2008-08-22 12:37:00,0.1258310775114572,0.2517138282942903,0.7482861717057097,0.8092056397978187,0.320830007980846,0.2713487629688747,0.0266666666666666,0.04981638859941,0.19900647722928927,2.0,0.2,0.14654802944769105,0.36177331732670803,0.02623242503986849,0.1458200354263957,0.1467300279530149,0.5767431295116614,1
WF-001540,0,Pass,2008-10-15 19:24:00,0.0272544765965585,0.2088227395453417,0.7911772604546582,0.5085313469894476,0.9728651237031124,0.5754189944134078,0.0177777777777777,0.0084190471776537,0.06043412388635903,1.0,0.1,0.4447641953785248,0.7994825649667074,0.2531862465963764,0.2687893448372256,0.4643169565497803,0.10961297178326714,0
WF-001358,0,Pass,2008-10-06 09:57:00,0.0529275335868348,0.26177013007364,0.73822986992636,0.8146806774851468,0.2434158020750199,0.3862729449321628,0.0088888888888888,0.0194864495509074,0.10488215016083656,1.0,0.1,0.7025400348591054,0.8966335948272155,0.5477785320377514,0.7368390943009204,0.6987290282544592,0.394321041011442,1
WF-000932,0,Pass,2008-09-19 23:33:00,0.0531879088793954,0.1457504358894254,0.8542495641105745,0.4156383790015076,0.9696727853152434,0.965682362330407,0.0088888888888888,0.0197694661732559,0.12815334964629788,2.0,0.2,0.15510820103741296,0.43332283352391693,0.08853852048680878,0.09938817760277924,0.1690382068960714,0.40340188884473227,1
WF-000296,0,Pass,2008-08-19 08:01:00,0.1096912113420783,0.1354213790546933,0.8645786209453067,0.4347085217699743,0.9249800478850758,0.9377494014365524,0.0177777777777777,0.0322730558066069,0.0730196442261369,1.0,0.1,0.2478924634463262,0.4888184028996164,0.1277648913743087,0.18101019487191386,0.25532382662126085,0.6663428760415636,1
WF-000524,0,Pass,2008-08-29 07:33:00,0.0395079257929438,0.2198378656881813,0.7801621343118186,0.5997841624545535,0.8371907422186752,0.3719074221867517,0.0355555555555555,0.0048999193401563,0.0,0.0,0.0,0.6198266894878217,0.7465675181540122,0.4735815619404891,0.0,0.6198266894878217,0.21853480550101098,0
WF-000356,0,Pass,2008-08-21 12:33:00,0.0625243461668124,0.1960695767740306,0.8039304232259694,0.6174739735745323,0.4876296887470072,0.8332003192338387,0.0088888888888888,0.0189952759056385,0.038652079914676875,1.0,0.1,0.19350559361236996,0.6236202002402302,0.06116237421583865,0.07479393668242311,0.2066957777156974,0.5616611047086895,1
WF-001217,0,Pass,2008-10-01 09:16:00,0.0969687957200395,0.2826492660351208,0.7173507339648791,0.908252017380509,0.1660015961691939,0.106145251396648,0.0177777777777777,0.018444343173956,0.0,0.0,0.0,0.5783771921901766,0.9572123715401284,0.38893084000262473,0.0,0.5783771921901766,0.6263242389586628,1
WF-001482,0,Pass,2008-10-13 15:42:00,0.043452599475487,0.2151815740232738,0.7848184259767261,0.6479608051786823,0.6177174780526736,0.5291300877893057,0.0088888888888888,0.0091876081255293,0.0,0.0,0.0,0.529964699148526,0.6435753030696203,0.45256941460546307,0.0,0.529964699148526,0.3645844120392243,1
WF-000672,0,Pass,2008-09-02 09:37:00,0.0291255158847636,0.3347771671560319,0.6652228328439681,0.9651513700452248,0.0343176376695929,0.0486831604150039,0.0266666666666666,0.006385308820909,0.05991132930762016,1.0,0.1,0.39374579281135186,0.8040213597545292,0.22495987061525774,0.23589833856610878,0.41128439883860113,0.23780865802253198,0
WF-000001,0,Pass,2008-07-19 11:55:00,0.0885195773921519,0.1977714168936928,0.8022285831063072,0.6008175933315598,0.8172386272944933,0.3814844373503591,0.0444444444444444,0.0092604102088607,0.0,0.0,0.0,0.20192523983920144,0.46732148047765526,0.07352140654665763,0.0,0.20192523983920144,0.4301755179508325,1
WF-001067,0,Pass,2008-09-24 16:26:00,0.05057400181932,0.2805943388952495,0.7194056611047506,0.8371109337589784,0.0526735833998403,0.5778132482043097,0.0,0.0169282628470869,0.11815318860372727,1.0,0.1,0.5776785384293851,0.8690713650504629,0.41437192324899086,0.6825456130337265,0.5660266412511249,0.5407684934602373,1
WF-001465,0,Pass,2008-10-11 23:16:00,0.026769522747145,0.2764131315623229,0.723586868437677,0.7408936773964707,0.5826017557861133,0.1923383878691141,0.0177777777777777,0.0089461709270162,0.0,0.0,0.0,0.2443660977745425,0.3987146620820494,0.06750255733170826,0.0,0.2443660977745425,0.20998414033846552,0
WF-000457,0,Pass,2008-08-27 22:48:00,0.0457774351048466,0.218726151866925,0.781273848133075,0.6244490555998936,0.6001596169193935,0.6193136472466081,0.0266666666666666,0.0117146033748332,0.0,0.0,0.0,0.4024244912107406,0.5377243427303859,0.2854389058697587,0.0,0.4024244912107406,0.2616201792044995,0
WF-000237,1,Fail,2008-08-17 22:03:00,0.2631448504959394,0.280270691632988,0.719729308367012,0.8075777245721381,0.4102154828411811,0.1811652035115722,0.0088888888888888,0.1990704896694994,0.20896643071155407,2.0,0.2,0.6260461028205682,0.9486339222052104,0.46753286455537807,0.6541130978364635,0.6190293540665943,0.8787236880046746,1
WF-000836,0,Pass,2008-09-14 15:46:00,0.0550153242861924,0.2673694537226349,0.732630546277365,0.8041459608051786,0.432561851556265,0.1636073423782921,0.0088888888888888,0.0217557872676005,0.0,0.0,0.0,0.4998079402913316,0.6651921032557112,0.40457476350670785,0.0,0.4998079402913316,0.4651565426236456,1
WF-000498,0,Pass,2008-08-28 21:52:00,0.0723004631374275,0.1332686579762164,0.8667313420237835,0.3927968431320386,0.9760574620909817,0.99122106943336,0.0444444444444444,0.0083690618071439,0.07739628811248055,1.0,0.1,0.4198253220309976,0.7268780062043775,0.3249292158082602,0.3249292158082602,0.430369333833524,0.5175783494127109,1
WF-000090,0,Pass,2008-08-04 16:15:00,0.0432397305775696,0.1693803012842167,0.8306196987157832,0.4761376252549437,0.7470071827613727,0.9465283320031924,0.0644444444444444,0.0089562288886626,0.0,0.0,0.0,0.3101221009142534,0.45358172581125356,0.1816322954515937,0.0,0.3101221009142534,0.23968273210080865,0
WF-001308,0,Pass,2008-10-05 04:20:00,0.0642150083245741,0.157488348449939,0.842511651550061,0.450674292808371,0.922585794094174,0.8914604948124502,0.0088888888888888,0.017157599647202,0.0,0.0,0.0,0.4738458002205285,0.6455430814999125,0.4054360188134906,0.0,0.4738458002205285,0.4343916229164955,1
WF-001421,0,Pass,2008-10-08 10:37:00,0.0401058625805948,0.2582408232533412,0.7417591767466588,0.7806700363571872,0.3511572226656025,0.3288108539505187,0.0355555555555555,0.0055498506310813,0.3562289626326584,3.0,0.3,0.5079526651921284,0.7183171638924857,0.378625419002652,0.6031581699596199,0.4671503060060607,0.28253302265655916,1
WF-000476,0,Pass,2008-08-28 10:15:00,0.0548757221690235,0.2165927672419016,0.7834072327580983,0.6600037243947858,0.2984836392657621,0.8994413407821229,0.0266666666666666,0.0216040458358951,0.0,0.0,0.0,0.6283560724424142,0.9339245485570411,0.48498621145893095,0.0,0.6283560724424142,0.530266453374241,1
WF-001415,0,Pass,2008-10-08 06:25:00,0.0229176753036387,0.338055431354773,0.661944568645227,0.93554651059679,0.1125299281723862,0.071827613727055,0.0177777777777777,0.0131329616264796,0.23153497008034873,2.0,0.2,0.5869225910130748,0.7917750733162553,0.5040847164465435,0.6794655227484652,0.5637868580792272,0.1900398519026957,0
WF-000945,0,Pass,2008-09-20 11:18:00,0.0346326674437354,0.2082374300953657,0.7917625699046342,0.5721069433359935,0.713487629688747,0.7126895450917797,0.0,0.0003992745176789,0.0,0.0,0.0,0.5709516609632663,0.7813073871661483,0.4460712792753008,0.0,0.5709516609632663,0.23078159726968495,0
WF-000328,1,Fail,2008-08-20 09:17:00,0.0934952003491592,0.2329173494223154,0.7670826505776845,0.7417593331559812,0.2537909018355945,0.6065442936951316,0.0444444444444444,0.0146686960316947,0.0,0.0,0.0,0.13878164344965888,0.5813607534862104,0.055044111490173325,0.0,0.13878164344965888,0.6330529989557084,1
WF-001159,0,Pass,2008-09-28 19:18:00,0.0302543696145301,0.2769512141678223,0.7230487858321777,0.7914165114835506,0.3743016759776536,0.2960893854748603,0.0088888888888888,0.0051582938972498,0.0,0.0,0.0,0.6374347107450412,0.895661524974257,0.5100263514677225,0.0,0.6374347107450412,0.2721195155074878,0
WF-001468,0,Pass,2008-10-12 01:50:00,0.0250915652923812,0.2149871257164564,0.7850128742835435,0.5403227808814401,0.6600159616919393,0.8435754189944135,0.0444444444444444,0.0107700377256725,0.0,0.0,0.0,0.05381731268580314,0.09628064230622353,0.03162618532773685,0.0,0.05381731268580314,0.11194510825389636,0
WF-000639,0,Pass,2008-09-01 23:19:00,0.0616921907447906,0.1635976425762354,0.8364023574237646,0.4994331825840206,0.7885075818036712,0.8699122106943336,0.0177777777777777,0.0198997926687058,0.0,0.0,0.0,0.5618655197218066,0.980763862944587,0.41526120831453706,0.0,0.5618655197218066,0.4021575635066639,1
WF-001182,0,Pass,2008-09-29 15:16:00,0.0341468983489985,0.2347763009735093,0.7652236990264907,0.6741021548284118,0.6153232242617718,0.4421388667198723,0.0,0.0009272844032624,0.0,0.0,0.0,0.5397850669495937,0.7527963380157566,0.4282446235684009,0.0,0.5397850669495937,0.2980894440962037,1
WF-001080,0,Pass,2008-09-25 11:55:00,0.0433267155555486,0.2999425742637726,0.7000574257362274,0.9075117495787888,0.1995211492418196,0.0550678371907422,0.0222222222222222,0.0090507777777702,0.1435518011242397,2.0,0.2,0.489870723355254,0.7014847726691759,0.3217113843532562,0.3516091232784043,0.5244361233744663,0.3246748623496175,1
WF-000886,0,Pass,2008-09-18 13:48:00,0.0234397330484836,0.2962212472776855,0.7037787527223145,0.8180684579232065,0.3375897845171588,0.2266560255387071,0.0177777777777777,0.012565507555996,0.0,0.0,0.0,0.3324425868405447,0.7355278606791701,0.16949714698715393,0.0,0.3324425868405447,0.12693758628004825,0
WF-000037,0,Pass,2008-07-28 04:37:00,0.1427289116608374,0.1360912512387639,0.863908748761236,0.4054587212911235,0.9960095770151636,0.9553072625698324,0.0177777777777777,0.068183599631345,0.25545915287227683,1.0,0.1,0.2038963300719013,0.5208718375393405,0.06967687399210619,0.5208718375393405,0.1686768292421858,0.7040423025856551,1
WF-001559,0,Pass,2008-10-16 05:13:00,0.0231566041013922,0.2751508724303127,0.7248491275696873,0.7447276758003015,0.2122905027932961,0.5674381484437351,0.0977777777777777,0.0128732564115301,0.0713245700702775,1.0,0.1,0.5467190901994977,0.7490606894290357,0.38994504057692436,0.38994504057692436,0.5641384290464503,0.22778079591972794,0
WF-000763,0,Pass,2008-09-08 19:15:00,0.0435690510376386,0.2682178778011023,0.7317821221988977,0.806057284738849,0.3599361532322426,0.2434158020750199,0.0177777777777777,0.0093141859104768,0.2427828948731489,2.0,0.2,0.6032629033526477,0.9749205883441283,0.4713917251686354,0.7323095702276823,0.5710012366338891,0.3191672810588875,1
WF-001522,0,Pass,2008-10-15 04:08:00,0.0112719736915218,0.3347689839587258,0.6652310160412742,0.7855864148266383,0.5466879489225858,0.0638467677573822,0.0177777777777777,0.0257913329439979,0.0,0.0,0.0,0.6188664321871944,0.7058121714504814,0.5222338423975089,0.0,0.6188664321871944,0.05832699854160151,0
WF-000579,0,Pass,2008-08-30 10:16:00,0.0542854926942522,0.2651659840406694,0.7348340159593305,0.7972221335461559,0.2003192338387869,0.4453312051077414,0.0533333333333333,0.0209624920589698,0.0,0.0,0.0,0.4007664296880315,0.7911781267459821,0.23449297961725904,0.0,0.4007664296880315,0.3125420655848403,1
WF-000725,0,Pass,2008-09-04 08:41:00,0.0165110165434085,0.33528805538261,0.6647119446173899,0.8805625609647956,0.2769353551476456,0.0758180367118914,0.0088888888888888,0.0200967211484689,0.0,0.0,0.0,0.5731763549797205,0.833285422112468,0.46054993513975034,0.0,0.5731763549797205,0.12926190737254512,0
WF-001256,0,Pass,2008-10-02 21:33:00,0.0571428170713535,0.233370685340785,0.7666293146592149,0.7070589695841093,0.5355147645650439,0.4078212290502793,0.0088888888888888,0.0240682794253843,0.03886371006372075,1.0,0.1,0.1999250555661009,0.6547700778128501,0.07769829393994206,0.07769829393994206,0.21350580685789636,0.41200091027046876,1
WF-000927,1,Fail,2008-09-19 21:09:00,0.0608813303958494,0.232403450732286,0.767596549267714,0.7368152877538352,0.484437350359138,0.3176376695929768,0.0355555555555555,0.020781162613207,0.06428318289113256,1.0,0.1,0.31357514778134205,0.8471486201757147,0.16161327198572675,0.20157608574941932,0.3260194880071112,0.4483104026668446,1
WF-000299,0,Pass,2008-08-19 09:04:00,0.0689314028501293,0.1747981921701836,0.8252018078298164,0.5355066063669416,0.810853950518755,0.6943335993615323,0.0177777777777777,0.012031083858555,0.0,0.0,0.0,0.25843365084875713,0.37596284300830607,0.20965927153398317,0.0,0.25843365084875713,0.48823486614027845,1
WF-001498,0,Pass,2008-10-14 03:28:00,0.0279805201793929,0.2521841378889839,0.747815862111016,0.6529846590405249,0.7853152434158021,0.2601755786113328,0.0177777777777777,0.007629869370225,0.0,0.0,0.0,0.12181510482703058,0.6425493684021949,0.00433664372478947,0.0,0.12181510482703058,0.27257429862385374,0
WF-001066,0,Pass,2008-09-24 15:43:00,0.1061750760085479,0.2067693680146932,0.7932306319853067,0.6438946528332004,0.6241021548284118,0.5506783719074222,0.0,0.0284511695745086,0.0,0.0,0.0,0.6119592430935175,0.8776200864090622,0.47568547719169735,0.0,0.6119592430935175,0.575098652153901,1
WF-000666,0,Pass,2008-09-02 06:48:00,0.0162792168929746,0.3222058684462546,0.6777941315537453,0.8374207679347344,0.2737430167597765,0.1995211492418196,0.0422222222222222,0.0203486772902449,0.0005002653840150896,1.0,0.1,0.00016451692965748947,0.0004119609327326591,6.717033045591051e-07,8.230212499208745e-07,0.00018270514170277486,0.12148164243129325,0
WF-000442,1,Fail,2008-08-23 15:29:00,0.0264366143626264,0.2389692733366254,0.7610307266633746,0.6378487186308415,0.4628890662410215,0.7294493216280926,0.0444444444444444,0.0093080278667104,0.0,0.0,0.0,0.30565015439540055,0.8444307107596547,0.07450478377623682,0.0,0.30565015439540055,0.11022450748880468,0
WF-000258,0,Pass,2008-08-18 10:13:00,0.1205306140873069,0.2180411333822385,0.7819588666177615,0.7047762702846502,0.3814844373503591,0.6041500399042299,0.0266666666666666,0.0440550153122902,0.0,0.0,0.0,0.3444955704990864,0.4739883916968998,0.22116890037860917,0.0,0.3444955704990864,0.6895163417782477,1
WF-000103,0,Pass,2008-08-05 02:15:00,0.1061945795770277,0.140229018112966,0.8597709818870339,0.4472783541722089,0.9569034317637668,0.8427773343974462,0.0177777777777777,0.0284723691054649,0.0,0.0,0.0,0.5095872688253273,0.8511299694616901,0.2983605237670415,0.0,0.5095872688253273,0.5676332578681412,1
WF-000199,0,Pass,2008-08-12 11:29:00,0.0696847769450289,0.2342511069325495,0.7657488930674505,0.6867672253258846,0.5067837190742218,0.4581005586592179,0.0533333333333333,0.0112121989727946,0.0,0.0,0.0,0.019774409346287963,0.1468182647496279,0.000558973538493656,0.0,0.019774409346287963,0.30794162681566073,1
WF-001325,1,Fail,2008-10-05 15:30:00,0.0738419255987068,0.1868350244354062,0.8131649755645938,0.5723821938458811,0.9185953711093376,0.4102154828411811,0.0088888888888888,0.0066935591318403,0.0,0.0,0.0,0.2433240623848692,0.646677554896288,0.08079838798112816,0.0,0.2433240623848692,0.4816131505883176,1
WF-001108,0,Pass,2008-09-26 15:49:00,0.0750222833716012,0.2986631946614057,0.7013368053385942,0.9654347787532144,0.063048683160415,0.0215482841181165,0.0177777777777777,0.0054105615526073,0.0,0.0,0.0,0.3269428435758757,0.8641298341785333,0.11957012556462308,0.0,0.3269428435758757,0.6034702843139216,1
WF-001154,0,Pass,2008-09-28 17:06:00,0.0803460926295856,0.262053170548034,0.737946829451966,0.8553031834707812,0.2442138866719872,0.2226656025538707,0.0088888888888888,0.0003761876408539,0.21574620953631315,2.0,0.2,0.41442401848448734,0.6162214627288484,0.24686585798057786,0.4470520556441756,0.4062670091945652,0.6412589070170629,1
WF-000344,0,Pass,2008-08-20 23:18:00,0.083060626379676,0.2382709368438813,0.7617290631561187,0.7794452425290413,0.1428571428571428,0.6679968076616122,0.0088888888888888,0.0033267678039956,0.0,0.0,0.0,0.5735487104797974,0.680208522674143,0.49195808830612636,0.0,0.5735487104797974,0.731635891819061,1
WF-001292,0,Pass,2008-10-04 09:29:00,0.0229831951319101,0.2279982753970512,0.7720017246029488,0.5748122727675801,0.8467677573822825,0.4868316041500399,0.0177777777777777,0.0130617444218368,0.0,0.0,0.0,0.33637892446013035,0.7019157906747635,0.2127889082647831,0.0,0.33637892446013035,0.17965000464706335,0
WF-000182,0,Pass,2008-08-10 06:41:00,0.0531538903971499,0.2006295269425092,0.7993704730574908,0.5857102066152345,0.5019952114924182,0.940143655227454,0.0088888888888888,0.0197324895621194,0.11898339605317412,2.0,0.2,0.31308074009098513,0.5140486078722667,0.17695520641105786,0.18625704847433278,0.3447866629951482,0.2594937262326327,0
WF-001202,0,Pass,2008-09-30 17:27:00,0.0509020020052329,0.2369085315860783,0.7630914684139216,0.7065841979249801,0.266560255387071,0.8004788507581804,0.0,0.0172847847882966,0.0,0.0,0.0,0.6628749799511813,0.8643892767338471,0.4533306137236013,0.0,0.6628749799511813,0.4099180140132679,1
WF-000584,1,Fail,2008-08-30 14:10:00,0.0653263332089459,0.2575026125549901,0.7424973874450099,0.7936153232242619,0.0646448523543495,0.7350359138068635,0.0,0.015949637816363,0.0,0.0,0.0,0.46662421195708187,0.8779796071350988,0.30964781259479157,0.0,0.46662421195708187,0.4005795230614549,1
WF-000562,0,Pass,2008-08-30 04:20:00,0.0427110867921835,0.2146932706764232,0.7853067293235767,0.6240581714995124,0.830806065442937,0.3264166001596169,0.0088888888888888,0.0083816160784603,0.05782653309297007,1.0,0.1,0.307970679124884,0.43870857775461447,0.17040789591357874,0.1780887666807957,0.3224020027297827,0.4305673845516619,1
WF-000893,0,Pass,2008-09-18 23:05:00,0.0318338898853595,0.3102947494131348,0.6897052505868653,0.9175896071650262,0.1484437350359138,0.0933758978451715,0.0177777777777777,0.0034414240376527,0.0,0.0,0.0,0.28913187467037377,0.5068437292422309,0.20357249494673163,0.0,0.28913187467037377,0.2897630786776105,1
WF-000510,0,Pass,2008-08-29 04:56:00,0.0438417106610289,0.1725567462921269,0.8274432537078731,0.4532721468475658,0.9162011173184358,0.9042298483639266,0.0,0.0096105550663357,0.092270627878073,1.0,0.1,0.13576586282337444,0.44430018583915004,0.030332154652596217,0.12527201407121089,0.13693184601805927,0.3223020719956889,1
WF-000245,1,Fail,2008-08-18 04:01:00,0.0861607515329686,0.1945554733447523,0.8054445266552477,0.6285714285714287,0.5339185953711093,0.7382282521947326,0.0,0.0066964690575746,0.10554138175498455,1.0,0.1,0.19144503050800343,0.5684227459365222,0.02625222294716183,0.20205373049939854,0.1902662860645151,0.6885697709622705,1
WF-001262,0,Pass,2008-10-03 00:55:00,0.0873924735986953,0.2255007955329024,0.7744992044670975,0.7135633590493926,0.6400638467677574,0.2354349561053471,0.0088888888888888,0.0080352973898862,0.085007582676521,1.0,0.1,0.6347827962731524,0.8478090730809924,0.5396135103582319,0.5396135103582319,0.6453571613748101,0.6383635674938621,1
WF-000586,0,Pass,2008-08-30 14:37:00,0.0381482175634127,0.2177224369503773,0.7822775630496226,0.614105701871065,0.8060654429369514,0.343974461292897,0.0444444444444444,0.0034219756124051,0.0,0.0,0.0,0.71688900054275,0.8755225599906242,0.5355557780306366,0.0,0.71688900054275,0.20317055654504693,0
WF-001153,0,Pass,2008-09-28 17:05:00,0.0537917052352995,0.290604380427329,0.7093956195726709,0.9132583133812184,0.1316839584996009,0.0239425379090183,0.0866666666666666,0.0204257665601082,0.0,0.0,0.0,0.42227811126192005,0.6989674433048106,0.31230514005810195,0.0,0.42227811126192005,0.27028906642465494,0
WF-001236,0,Pass,2008-10-02 08:24:00,0.1048554065206428,0.2084260155240942,0.7915739844759058,0.681245011971269,0.581803671189146,0.4604948124501197,0.0,0.0270167462180901,0.33459459093884714,3.0,0.3,0.7067227913341815,0.9813313451718176,0.5677066309075354,0.7882187442454023,0.6717959543722296,0.6768580356265257,1
WF-000895,0,Pass,2008-09-19 00:30:00,0.0226747006111974,0.3446122765879522,0.6553877234120478,0.9691898554580118,0.0031923383878691,0.1045490822027134,0.0088888888888888,0.0133970645530462,0.1597920651396295,2.0,0.2,0.45690408292135637,0.8530658875234848,0.31649743506280775,0.36504823490366034,0.47986804492578033,0.21002442247333183,0
WF-000157,0,Pass,2008-08-08 07:26:00,0.131980389977612,0.2188210066532717,0.7811789933467282,0.7011531435665515,0.3232242617717478,0.7286512370311253,0.0088888888888888,0.0565004238887087,0.0,0.0,0.0,0.7018168637170095,0.878037448837676,0.5437521114802364,0.0,0.7018168637170095,0.5987362727746028,1
WF-000997,0,Pass,2008-09-21 19:19:00,0.0226216247343946,0.2731779469183327,0.7268220530816673,0.7202631905648665,0.6432561851556265,0.1899441340782122,0.0177777777777777,0.013454755723484,0.16711370364937894,2.0,0.2,0.3034436223152528,0.48175752033494185,0.2108335524918628,0.25354793786942614,0.3159175434267094,0.11000915585849347,0
WF-001079,0,Pass,2008-09-25 11:09:00,0.021392477522023,0.2651219621586587,0.7348780378413413,0.6809616032632793,0.6009577015163607,0.4205905826017558,0.0088888888888888,0.0147907853021488,0.020345407704126003,1.0,0.1,0.03960690456697727,0.18887188838979646,0.008058186213135627,0.008058186213135627,0.04311231771740412,0.2077066927392272,0
WF-001307,0,Pass,2008-10-05 04:01:00,0.0356616919339521,0.2470013733652029,0.7529986266347971,0.706380597676687,0.3886671987230646,0.6161213088587391,0.0088888888888888,0.0007192303629914,0.0,0.0,0.0,0.3342800414876463,0.5049916117302257,0.19711553214029306,0.0,0.3342800414876463,0.25004062051204673,0
WF-000065,1,Fail,2008-08-01 05:52:00,0.1082977456638923,0.1497570991029002,0.8502429008970998,0.4296846679081316,0.9449321628092576,0.9441340782122905,0.0088888888888888,0.0307584191998829,0.0,0.0,0.0,0.2263546281115875,0.4399743915872975,0.1339114053204905,0.0,0.2263546281115875,0.5632598848652498,1
WF-001000,0,Pass,2008-09-21 22:02:00,0.035230809452932,0.209307348468873,0.790692651531127,0.589584996009577,0.6783719074221868,0.6919393455706305,0.0,0.0002508798401435,0.0,0.0,0.0,0.2625466242797051,0.607762670427214,0.0633931093842724,0.0,0.2625466242797051,0.2740238728163637,0
WF-001082,0,Pass,2008-09-25 14:08:00,0.031378486953683,0.2370200982587591,0.7629799017412409,0.6553430877006295,0.3583399840383081,0.8627294493216281,0.0088888888888888,0.0039364272242575,0.07356443110036294,1.0,0.1,0.5065996191842344,0.8684225509920461,0.3726771278094871,0.3726771278094871,0.5214798960036506,0.32447592126558666,1
WF-000786,0,Pass,2008-09-11 09:24:00,0.0189192451817592,0.3488025553183294,0.6511974446816706,0.9197761816085838,0.1771747805267358,0.0159616919393455,0.0355555555555555,0.0174790813241746,0.0,0.0,0.0,0.5372095656726684,0.7197024702723619,0.4166637567350182,0.0,0.5372095656726684,0.10759126242130809,0
WF-000407,1,Fail,2008-08-22 06:00:00,0.1736553038038231,0.278574275955037,0.721425724044963,0.877681298217611,0.1588188347964884,0.2242617717478052,0.0266666666666666,0.1017992432650251,0.0,0.0,0.0,0.5022724204568239,0.7050793142710853,0.38611894418609205,0.0,0.5022724204568239,0.7588677682433274,1
WF-000650,0,Pass,2008-09-02 01:10:00,0.0783140943259468,0.250397465271793,0.7496025347282069,0.8233634831958854,0.0303272146847565,0.592976855546688,0.0444444444444444,0.001832506167449,0.07998445552901198,1.0,0.1,0.5353257331505283,0.7549855432277184,0.42758547321347873,0.4281773729671417,0.547231106504238,0.7032684657103869,1
WF-000547,0,Pass,2008-08-29 21:54:00,0.0623829059117478,0.2916648801187332,0.7083351198812669,0.9260134787620822,0.0598563447725458,0.197924980047885,0.0088888888888888,0.0191490153133175,0.0,0.0,0.0,0.1983782256248529,0.46502374671093694,0.08405996265498267,0.0,0.1983782256248529,0.4774322093638798,1
WF-000079,0,Pass,2008-08-03 17:00:00,0.1659672360663107,0.1843420464124994,0.8156579535875006,0.5638467677573823,0.6424581005586593,0.8451715881883479,0.0,0.0934426478981638,0.0,0.0,0.0,0.4282512874261223,0.7177523003235495,0.29565574048504567,0.0,0.4282512874261223,0.8064852805912791,1
WF-000916,0,Pass,2008-09-19 17:47:00,0.0199767767583481,0.3381619450503143,0.6618380549496856,0.9279248026957524,0.0830007980845969,0.1436552274541101,0.0177777777777777,0.0163295904800563,0.11589054947656804,1.0,0.1,0.34011581498490645,0.5331391108604029,0.233957717413941,0.39416208684271564,0.33411067366737207,0.1700393324890473,0
WF-000164,0,Pass,2008-08-08 22:25:00,0.1794353556688653,0.1479892776663741,0.8520107223336258,0.4016637403564778,0.9904229848363928,0.9640861931364724,0.0266666666666666,0.1080819083357231,0.0,0.0,0.0,0.6547495397520333,0.8128008677130124,0.5135300981647695,0.0,0.6547495397520333,0.7840452672300194,1
WF-000257,0,Pass,2008-08-18 08:31:00,0.1229834887148434,0.2018607903090162,0.7981392096909837,0.6294810676598386,0.4596967278531524,0.8100558659217877,0.0177777777777777,0.0467211833856993,0.11702214693671192,1.0,0.1,0.5459906424513349,0.7867493151013306,0.3847344403768006,0.6389299718700986,0.5356640502936945,0.7789056414139258,1
WF-001351,0,Pass,2008-10-06 07:12:00,0.0639264091552589,0.2592497322564677,0.7407502677435323,0.799473086813869,0.3120510774142059,0.3367916999201915,0.0177777777777777,0.0174712943964576,0.0,0.0,0.0,0.4994462703815511,0.7270690859013968,0.41416393789424766,0.0,0.4994462703815511,0.42490657353457895,1
WF-000315,0,Pass,2008-08-19 18:30:00,0.1200360679011425,0.1788899501735137,0.8211100498264863,0.5745411013567439,0.5833998403830806,0.8850758180367119,0.0,0.0435174651099375,0.0,0.0,0.0,0.19784151434748945,0.4060770888424431,0.08138280915017569,0.0,0.19784151434748945,0.7128476515554634,1
WF-001546,0,Pass,2008-10-16 02:16:00,0.0233309948781458,0.2776977562841708,0.7223022437158291,0.7454060477077237,0.5706304868316041,0.063048683160415,0.0977777777777777,0.0126837012194066,0.0642753832909679,1.0,0.1,0.0535466186211209,0.17488247078211422,0.027250903880338132,0.03441729435807825,0.0556720990947923,0.0382511476823996,0
WF-001071,0,Pass,2008-09-25 02:03:00,0.0389970770602449,0.3161971041132437,0.6838028958867562,0.9676694156247228,0.0446927374301676,0.0383080606544293,0.0177777777777777,0.0043446489785271,0.0,0.0,0.0,0.5823347430764134,0.7571315346296993,0.48097342392398457,0.0,0.5823347430764134,0.35359685184985934,1
WF-000982,0,Pass,2008-09-21 09:31:00,0.0398876293949364,0.1789927766072546,0.8210072233927453,0.4757919659483905,0.9529130087789306,0.7414205905826018,0.0133333333333333,0.00531264064667,0.07566892379297212,1.0,0.1,0.44380888162471194,0.8402285240210153,0.26036998302367315,0.3358254044230451,0.45580704575823044,0.350846594601283,1
WF-000999,0,Pass,2008-09-21 21:54:00,0.0405726657698752,0.2005791610534304,0.7994208389465696,0.5765721379799592,0.8747007182761373,0.4549082202713487,0.0088888888888888,0.0060572454020382,0.07608550500723463,1.0,0.1,0.6153761040411635,0.9706501608522109,0.4634681114220331,0.4682120164535648,0.6317276693286744,0.36931199714737767,1
WF-000736,0,Pass,2008-09-05 21:48:00,0.0418285810565968,0.3218253895101615,0.6781746104898385,0.9383703112529928,0.0869912210694333,0.028731045490822,0.06,0.0074223707136922,0.0,0.0,0.0,0.1695872527900316,0.3809615346172583,0.07279632240097841,0.0,0.1695872527900316,0.25419880591498684,0
WF-001429,0,Pass,2008-10-08 17:31:00,0.0403799478731859,0.2562470030147954,0.7437529969852046,0.7438465904052496,0.5610534716679968,0.2106943335993615,0.0177777777777777,0.0058477694273759,0.05427331740686444,1.0,0.1,0.3537473986462455,0.5802051998598713,0.19199044848580288,0.19199044848580288,0.3717203931085169,0.25263566180512426,0
WF-001382,0,Pass,2008-10-06 22:37:00,0.0232827887790707,0.2882223061101274,0.7117776938898726,0.795406934468387,0.3144453312051077,0.363926576217079,0.0088888888888888,0.0127360991531839,0.0,0.0,0.0,0.5998125594937388,0.8129391174195528,0.4588807134462471,0.0,0.5998125594937388,0.16728457058377633,0
WF-000041,1,Fail,2008-07-28 15:11:00,0.1838946398162063,0.1522146826342482,0.8477853173657518,0.4509177972865124,0.9417398244213888,0.8778930566640064,0.0,0.1129289563219634,0.04366124770674049,1.0,0.1,0.21304070900178904,0.3456740078495807,0.07380299086886329,0.0930162316734673,0.2263767620382692,0.7574109281534295,1
WF-001420,0,Pass,2008-10-08 09:06:00,0.0330808565638494,0.2491426246499036,0.7508573753500964,0.7121943779373947,0.6089385474860335,0.2418196328810854,0.0355555555555555,0.0020860254740767,0.0,0.0,0.0,0.3941293525379927,0.5771940199568067,0.28937400008997854,0.0,0.3941293525379927,0.2549098142613713,0
WF-000093,0,Pass,2008-08-04 17:46:00,0.092475921568448,0.1846862780020018,0.8153137219979981,0.5918155537820342,0.7980845969672785,0.5011971268954509,0.0088888888888888,0.0135607843135304,0.3909039735000402,1.0,0.1,0.22118339682236274,0.8646146869009776,0.09760014486481719,0.8646146869009776,0.1496910312580722,0.7218823278248375,1
WF-001239,1,Fail,2008-10-02 09:10:00,0.054354673286782,0.1928411177292127,0.8071588822707872,0.5525098873813958,0.7821229050279329,0.6807661612130886,0.0088888888888888,0.0210376883551978,0.0,0.0,0.0,0.3425878061859956,0.6108795239797815,0.1576855297346601,0.0,0.3425878061859956,0.3033248604610653,1
WF-001076,0,Pass,2008-09-25 09:31:00,0.0298671806742477,0.2311047774498414,0.7688952225501585,0.5972701959741066,0.8244213886671987,0.3998403830806065,0.0355555555555555,0.0055791514410351,0.0,0.0,0.0,0.5111365600137312,0.7015311458823942,0.3920492745545999,0.0,0.5111365600137312,0.1760808856554652,0
WF-000926,0,Pass,2008-09-19 21:08:00,0.0395349546921264,0.200224084728479,0.7997759152715209,0.5760134787620821,0.6488427773343974,0.7733439744612929,0.0088888888888888,0.0049292985783983,0.0,0.0,0.0,0.39027763285681794,0.5413909642606192,0.28752258465667335,0.0,0.39027763285681794,0.33408964740825003,1
WF-000868,0,Pass,2008-09-16 19:45:00,0.0392742714924776,0.2063519280401096,0.7936480719598904,0.5810015074931276,0.9082202713487628,0.3902633679169992,0.0088888888888888,0.0046459472744321,0.06571306041481002,1.0,0.1,0.3162711447885941,0.8335289235690102,0.18342923797078609,0.20783144844954013,0.32831999993737787,0.48581282788866686,1
WF-000598,0,Pass,2008-08-30 20:53:00,0.0446874328074674,0.1894439819670356,0.8105560180329643,0.5488981111997873,0.7581803671189146,0.6576217079010375,0.0533333333333333,0.0105298182689863,0.09538630018238273,1.0,0.1,0.5879362047335117,0.9806966867113669,0.3997888502261976,0.5608105931280158,0.5909501615785668,0.2824212036484954,1
WF-001387,0,Pass,2008-10-07 07:32:00,0.0224161048117714,0.2761349401425988,0.7238650598574012,0.7374260884987143,0.3176376695929768,0.5913806863527534,0.0088888888888888,0.0136781469437266,0.15132213822273302,2.0,0.2,0.5810436513256638,0.7808035992319626,0.4223407527200857,0.43962383859671794,0.6163986045079003,0.20905278644243755,0
WF-001455,0,Pass,2008-10-10 21:16:00,0.0194610740636849,0.2079159838503141,0.7920840161496858,0.4825577724572139,0.8571428571428571,0.8555466879489226,0.0088888888888888,0.0168901368872989,0.1305467888761915,1.0,0.1,0.10754688398599554,0.29227192153473,0.025853681975511994,0.14039900358012022,0.10389664847553728,0.09501992118961651,0
WF-001448,0,Pass,2008-10-10 10:53:00,0.0506176398914178,0.3012057226309599,0.6987942773690401,0.9492336614347788,0.1013567438148443,0.0327214684756584,0.0177777777777777,0.0169756955341498,0.07757639473000164,1.0,0.1,0.42709620024305134,0.7687942028600405,0.2663424891133242,0.3313258341773877,0.4377373520281252,0.46294346322530044,1
WF-000068,0,Pass,2008-08-01 11:28:00,0.1555541163015251,0.1958501302603071,0.8041498697396929,0.6117717478052673,0.4644852354349561,0.902633679169992,0.0,0.0821240394581795,0.04743442885134754,3.0,0.3,0.016596218758642325,0.14093427004709494,3.98943022648737e-08,0.0026241071930273962,0.02258426657247729,0.8366456216120836,1
WF-000329,0,Pass,2008-08-20 10:26:00,0.0402701409276491,0.2042969545616662,0.7957030454383338,0.5898121840915137,0.6512370311252993,0.6863527533918595,0.0266666666666666,0.0057284140517924,0.0,0.0,0.0,0.11090144057262663,0.17335354254334015,0.05355941254681359,0.0,0.11090144057262663,0.29115939685432235,1
WF-001149,0,Pass,2008-09-28 07:52:00,0.0356783446946442,0.2883177845661516,0.7116822154338485,0.83578593597588,0.3399840383080607,0.1524341580207502,0.0177777777777777,0.0007373311898306,0.0,0.0,0.0,0.3929176627105814,0.738132502257848,0.22702416493713812,0.0,0.3929176627105814,0.2806056796479351,1
WF-000764,0,Pass,2008-09-08 19:25:00,0.0546320835050366,0.2363409460393025,0.7636590539606974,0.7360253613549702,0.5514764565043895,0.2553870710295291,0.0177777777777777,0.0213392212011267,0.0,0.0,0.0,0.0002812969867872125,0.002011131323153403,2.8192534561450912e-06,0.0,0.0002812969867872125,0.2885584495889111,1
WF-000108,0,Pass,2008-08-05 03:54:00,0.0640837006656665,0.2042450517026709,0.7957549482973291,0.596839407643877,0.8260175578611333,0.4277733439744613,0.0177777777777777,0.0173003253634059,0.0,0.0,0.0,0.3331387519497673,0.6695938231487543,0.20242453600029872,0.0,0.3331387519497673,0.39360593202044264,1
WF-000909,0,Pass,2008-09-19 10:45:00,0.0191731108610752,0.2201655413541525,0.7798344586458474,0.5299680766161213,0.8635275339185954,0.6711891460494812,0.0,0.0172031403683965,0.0,0.0,0.0,0.3004296428110711,0.6525899596384284,0.1677976480448822,0.0,0.3004296428110711,0.1880625329587916,0
WF-000988,0,Pass,2008-09-21 14:31:00,0.0340503742471162,0.2035653314993037,0.7964346685006963,0.5483240223463688,0.859537110933759,0.6033519553072626,0.0,0.0010322019053084,0.042381743361546674,1.0,0.1,0.07470248509239492,0.15441866863467377,0.03119307905005882,0.03166021551655648,0.0794849594897103,0.23727359365815004,0
WF-001025,0,Pass,2008-09-23 06:44:00,0.0743712680847617,0.2344760039054433,0.7655239960945567,0.7434874523366144,0.295291300877893,0.5841979249800479,0.0177777777777777,0.0061181868643893,0.2418528754557288,1.0,0.1,0.19523995154594181,0.472193436852232,0.11479038450794267,0.472193436852232,0.16446734206746513,0.5952142733899422,1
WF-000555,0,Pass,2008-08-30 01:29:00,0.0383150806426963,0.2984692001664953,0.7015307998335047,0.8933237563181697,0.197924980047885,0.1069433359936153,0.0266666666666666,0.0036033485246699,0.07706823950127159,1.0,0.1,0.16180975221198401,0.42908263235375144,0.07300613481432197,0.12470392737114594,0.1659326216387438,0.2764661364134284,1
WF-000347,0,Pass,2008-08-21 02:46:00,0.0337780237280828,0.2894320921106019,0.710567907889398,0.8639420058526204,0.1476456504389465,0.25219473264166,0.0533333333333333,0.0013282350781708,0.0,0.0,0.0,0.2363169122348828,0.42444621900577667,0.10713751502615051,0.0,0.2363169122348828,0.2732832919993357,0
WF-000530,0,Pass,2008-08-29 12:21:00,0.0953808077535214,0.1809508656749782,0.8190491343250218,0.5736192249711802,0.5849960095770151,0.8723064644852354,0.0088888888888888,0.0167182692973058,0.11291695442369319,1.0,0.1,0.5131418547234186,0.8547147224920222,0.26435422169724554,0.5794241542269364,0.5057771547785832,0.7344761688269578,1
WF-001552,0,Pass,2008-10-16 04:02:00,0.0176724958797708,0.3376788687471725,0.6623211312528274,0.9119980491265408,0.0965682362330407,0.0319233838786911,0.1155555555555555,0.0188342436089446,0.0,0.0,0.0,0.12525150612005448,0.7926155027199573,0.0030545170538242078,0.0,0.12525150612005448,0.06937149084041337,0
WF-001289,0,Pass,2008-10-04 03:53:00,0.0127124392248786,0.3555067487832865,0.6444932512167135,0.8997963997517071,0.0047885075818036,0.3798882681564245,0.0088888888888888,0.0242256095381753,0.0,0.0,0.0,0.29502802639100006,0.6470776883597789,0.1527630096966109,0.0,0.29502802639100006,0.07334382546630729,0
WF-000874,0,Pass,2008-09-17 07:28:00,0.0448163658450634,0.2379694277429226,0.7620305722570774,0.7042575152966215,0.3687150837988827,0.6241021548284118,0.0266666666666666,0.0106699628750689,0.22840057419748733,1.0,0.1,0.22590647092378244,0.5159716767391989,0.0806993930369256,0.5159716767391989,0.1936770036109584,0.28306508058093677,1
WF-001224,0,Pass,2008-10-01 22:47:00,0.1117264891273575,0.1473118265963208,0.8526881734036792,0.4699480358251309,0.7956903431763767,0.9920191540303273,0.0088888888888888,0.0344853142688668,0.0,0.0,0.0,0.35117324663872335,0.5434749745631943,0.1653958810492737,0.0,0.35117324663872335,0.6480231931262762,1
WF-001489,0,Pass,2008-10-13 20:30:00,0.0184493647110867,0.2316008937645021,0.7683991062354979,0.5100876119535338,0.971268954509178,0.5714285714285714,0.0177777777777777,0.01798982096621,0.0,0.0,0.0,0.6690003661090731,0.8011234758932353,0.5187869172058589,0.0,0.6690003661090731,0.08405454421752358,0
WF-000969,0,Pass,2008-09-20 23:34:00,0.0365016717835896,0.2677612321494484,0.7322387678505515,0.79973858295646,0.0814046288906624,0.6799680766161214,0.0044444444444444,0.0016322519386844,0.09154674602748375,1.0,0.1,0.4244701481131699,0.5753001491217207,0.27618295928292036,0.38858860845564774,0.42845698585289455,0.41105151244926275,1
WF-000642,0,Pass,2008-09-01 23:39:00,0.0661696709144127,0.2234329621789699,0.7765670378210301,0.7076493748337324,0.3487629688747007,0.6384676775738228,0.0266666666666666,0.0150329663973774,0.0,0.0,0.0,0.19998027473608054,0.781868334567,0.04937366344103595,0.0,0.19998027473608054,0.6100770152393572,1
WF-001001,0,Pass,2008-09-22 00:12:00,0.0106808127302685,0.3852186286911399,0.6147813713088601,0.955937572049304,0.0702314445331205,0.0494812450119712,0.0177777777777777,0.0264338992062298,0.0,0.0,0.0,0.541108845571857,0.7533567929682324,0.38149597773967303,0.0,0.541108845571857,0.06732618690449395,0
WF-000238,0,Pass,2008-08-17 22:21:00,0.2474021488765213,0.2779869691430421,0.7220130308569579,0.8044651946439656,0.3854748603351955,0.2282521947326416,0.0088888888888888,0.1819588574744797,0.0,0.0,0.0,0.1794595072385361,0.3895670684886368,0.10179993412253194,0.0,0.1794595072385361,0.8627100015931698,1
WF-001131,0,Pass,2008-09-27 14:01:00,0.0541588399519569,0.3115945954951101,0.68840540450489,0.9760892081227276,0.0223463687150838,0.0359138068635275,0.0177777777777777,0.0208248260347358,0.0,0.0,0.0,0.4739664601145657,0.8164478985228907,0.3851126188680605,0.0,0.4739664601145657,0.4448843593085081,1
WF-001322,0,Pass,2008-10-05 12:17:00,0.0889091157941847,0.2631510106161839,0.736848989383816,0.8538707102952913,0.1644054269752593,0.3543495610534716,0.0,0.0096838215154181,0.0,0.0,0.0,0.5152479742750922,0.760759074585933,0.30446777334151465,0.0,0.5152479742750922,0.6401894822756458,1
WF-001126,0,Pass,2008-09-27 12:26:00,0.0306083197019684,0.3188581388215626,0.6811418611784373,0.9376215305489048,0.0957701516360734,0.0869912210694333,0.0177777777777777,0.0047735655413386,0.0,0.0,0.0,0.40989841657867104,0.5926475627602766,0.2767583002496166,0.0,0.40989841657867104,0.27282849085223077,0
WF-000507,0,Pass,2008-08-29 03:33:00,0.1493529372942348,0.2084554168714354,0.7915445831285646,0.6479925512104283,0.6679968076616122,0.4301675977653631,0.0266666666666666,0.0753836274937335,0.0,0.0,0.0,0.36543361579769046,0.8080373730796723,0.15444045058411188,0.0,0.36543361579769046,0.7192085316439318,1
WF-000383,0,Pass,2008-08-21 21:32:00,0.0579751715293974,0.2366513142729087,0.7633486857270912,0.6960771481777069,0.3846767757382282,0.6344772545889864,0.0266666666666666,0.0239400309463071,0.06186305813697399,2.0,0.2,0.14713225706054217,0.8672938231534272,0.012257196442317826,0.045510256861802614,0.17253775711022706,0.48379356665179724,1
WF-000366,0,Pass,2008-08-21 15:32:00,0.0394719094208308,0.2804532560851806,0.7195467439148193,0.831125299281724,0.0566640063846767,0.596169193934557,0.0,0.0048607711095987,0.04200404556318481,1.0,0.1,0.2559713063129595,0.6299089147039669,0.10751830413237486,0.10751830413237486,0.27246608433302444,0.41721984359497355,1
WF-000335,0,Pass,2008-08-20 18:29:00,0.0810062651029916,0.1530035421820291,0.8469964578179708,0.4921388667198723,0.8068635275339185,0.9018355945730248,0.0,0.0010937664162952,0.1461763359211416,3.0,0.3,0.19733479553804306,0.5687487215359248,0.07072976842414515,0.0961522578716626,0.24069874025220608,0.5497470407572299,1
WF-000137,0,Pass,2008-08-06 17:35:00,0.0982467306425977,0.2364853589277989,0.763514641072201,0.7783678283231356,0.3750997605746209,0.3471667996807661,0.0088888888888888,0.0198334028723888,0.07254048990538828,1.0,0.1,0.5737939775920277,0.7411656407637003,0.41623296239287066,0.41623296239287066,0.5913007570586006,0.6855913157937757,1
WF-001088,0,Pass,2008-09-25 17:28:00,0.0586086881749578,0.2921317572766129,0.7078682427233871,0.9215800301498626,0.1723862729449321,0.0438946528332003,0.0177777777777777,0.0232514258967849,0.07187918800025626,1.0,0.1,0.3985941205202604,0.7588100219540842,0.20255273424451914,0.286506217246726,0.41104833199509755,0.32292514787875337,1
WF-000253,0,Pass,2008-08-18 07:11:00,0.0739152679536828,0.2473108802882301,0.7526891197117699,0.796348319588543,0.0151636073423782,0.722266560255387,0.0444444444444444,0.0066138391807795,0.0,0.0,0.0,0.3972135599020076,0.800332858400695,0.27963022358718964,0.0,0.3972135599020076,0.5918294409673956,1
WF-000281,0,Pass,2008-08-18 23:47:00,0.0987615909903444,0.1658863200025253,0.8341136799974747,0.5122823445951937,0.727853152434158,0.9034317637669592,0.0177777777777777,0.020393033685157,0.09029010459879219,1.0,0.1,0.44407611100220856,0.6152630607834462,0.3482488340458598,0.40095678512214267,0.4488671472111048,0.6836918472843307,1
WF-001373,0,Pass,2008-10-06 17:35:00,0.0200358952842296,0.2888261730775421,0.7111738269224579,0.7359813780260709,0.4604948124501197,0.3687150837988827,0.0266666666666666,0.0162653312127938,0.0,0.0,0.0,0.49393949084742517,0.6932809428380764,0.27977637707816405,0.0,0.49393949084742517,0.053906084117384664,0
WF-000599,0,Pass,2008-08-30 21:53:00,0.045495489299952,0.296029290434176,0.703970709565824,0.8743375011084509,0.2793296089385474,0.0973663208300079,0.0088888888888888,0.0114081405434261,0.23075698618880383,2.0,0.2,0.08519698439733328,0.24757798657592092,0.015444511866001976,0.09829899675951585,0.08192148130678763,0.23408743565325263,0
WF-000617,0,Pass,2008-08-31 22:48:00,0.0621135791063016,0.2289940772936738,0.7710059227063262,0.6932398687594218,0.6608140462889066,0.2450119712689545,0.0355555555555555,0.0194417618409764,0.0,0.0,0.0,0.7008752519038365,0.8488562835133256,0.6575224716978489,0.0,0.7008752519038365,0.3835708174048663,1
WF-001460,0,Pass,2008-10-11 07:42:00,0.043958968260402,0.1742322641420546,0.8257677358579454,0.4972661168750554,0.7374301675977654,0.9074221867517956,0.0444444444444444,0.0097380089786978,0.04396885927966209,1.0,0.1,0.18517248883350507,0.4436619729262167,0.034330634826833455,0.08141823103985184,0.19670073969946655,0.3351564727843965,1
WF-000174,0,Pass,2008-08-09 21:07:00,0.0862766780788895,0.1707339382605844,0.8292660617394156,0.4841816085838432,0.965682362330407,0.6544293695131684,0.0355555555555555,0.006822476172706,0.0,0.0,0.0,0.08078962881206914,0.2643878578746023,0.032921440342943094,0.0,0.08078962881206914,0.4579824914750162,1
WF-000824,0,Pass,2008-09-13 09:19:00,0.0264034967349022,0.2674648589057007,0.7325351410942993,0.7393455706304868,0.2043096568236233,0.75658419792498,0.0,0.0093440252881497,0.17881025477543003,2.0,0.2,0.21538415580591247,0.28397035754085437,0.15219656927364894,0.19256447887123063,0.22108907503958286,0.19669452672660862,0
WF-000810,0,Pass,2008-09-12 15:40:00,0.0863927271596703,0.1727806708700172,0.8272193291299828,0.5433636605480181,0.75658419792498,0.7246608140462889,0.0266666666666666,0.0069486164779025,0.18819986924215584,2.0,0.2,0.4141524326047955,0.8753166895891904,0.2512482840051914,0.3897171683127164,0.42026124867781534,0.5652533130041962,1
WF-001017,0,Pass,2008-09-22 21:30:00,0.0191107066474773,0.2680422275417775,0.7319577724582225,0.6531263633945198,0.5043894652833201,0.6600159616919393,0.0133333333333333,0.0172709710353507,0.0,0.0,0.0,0.5264665011582934,0.7574016919163287,0.4114216229620797,0.0,0.5264665011582934,0.16304429483977453,0
WF-001565,0,Pass,2008-10-17 05:26:00,0.0212965821415121,0.3204335551667457,0.6795664448332542,0.9040109958322248,0.0007980845969672,0.0023942537909018,0.2377777777777777,0.0148950194113998,0.0,0.0,0.0,0.3664461981013679,0.7191538657528881,0.2128361116065458,0.0,0.3664461981013679,0.1590413646721198,0
WF-000168,1,Fail,2008-08-09 09:16:00,0.3099794577753021,0.2445488688312443,0.7554511311687556,0.6519154030327216,0.4620909816440542,0.7454110135674381,0.0,0.2499776714948936,0.0,0.0,0.0,0.2512981739799324,0.6846508891485271,0.08884965772595621,0.0,0.2512981739799324,0.910728334686037,1
WF-000357,0,Pass,2008-08-21 12:43:00,0.0811640753676345,0.1419585629632904,0.8580414370367095,0.4622066152345482,0.8332003192338387,0.9704708699122108,0.0088888888888888,0.0012652993126462,0.2206803220609391,2.0,0.2,0.4172847419989725,0.6427093721828981,0.27991622618287654,0.4604326562772456,0.40649776342940414,0.5764830264154466,1
WF-000263,0,Pass,2008-08-18 12:49:00,0.2035622267819501,0.2408062972260784,0.7591937027739215,0.7355342732996364,0.1284916201117318,0.8068635275339185,0.0444444444444444,0.1343067682412501,0.0,0.0,0.0,0.35797118232127606,0.6933140560172482,0.1366097831269881,0.0,0.35797118232127606,0.835125845986441,1
WF-001008,0,Pass,2008-09-22 10:43:00,0.0480926043241037,0.1695176216224566,0.8304823783775434,0.479552717921433,0.7845171588188348,0.9265762170790104,0.0355555555555555,0.0142310916566344,0.38087162684614806,2.0,0.2,0.10057596687695773,0.37831201086410765,0.013950248000432219,0.19153266063025598,0.07783679343863319,0.28518302977652477,1
WF-000250,0,Pass,2008-08-18 06:07:00,0.0895215309428954,0.1366085027068495,0.8633914972931505,0.4373022967101179,0.897047086991221,0.9664804469273744,0.0177777777777777,0.0103494901553211,0.11748209832244377,1.0,0.1,0.5381461905521178,0.6780413662538146,0.46291216530452073,0.6322254367029246,0.5276929409798058,0.6902712450906116,1
WF-000591,0,Pass,2008-08-30 15:57:00,0.057708761632947,0.2820553349840968,0.7179446650159031,0.8761608583843221,0.1165203511572226,0.2753391859537111,0.0355555555555555,0.0242296069207097,0.19591414765543178,2.0,0.2,0.6019577048410757,0.9462856884323377,0.44710819766377036,0.5896601533427966,0.6050320927156454,0.334308694653269,1
WF-000634,0,Pass,2008-09-01 16:20:00,0.0367906984509092,0.2019014843448646,0.7980985156551353,0.5469949454642192,0.8220271348762969,0.6185155626496409,0.0266666666666666,0.0019464113596839,0.17604467819750777,2.0,0.2,0.22424496479137726,0.46626350331443067,0.10625489375629124,0.19738566332054736,0.23095979015908474,0.24826332854523114,0
WF-001452,0,Pass,2008-10-10 20:02:00,0.0232587138376644,0.2543573120482147,0.7456426879517852,0.6527452336614348,0.7318435754189944,0.3359936153232242,0.0177777777777777,0.012762267567756,0.07972325548427257,1.0,0.1,0.6157612056375835,0.9277325239656204,0.4730797153231029,0.4909048791434877,0.6296341308035941,0.10266524822930888,0
WF-000128,0,Pass,2008-08-05 23:38:00,0.1659672360663107,0.2458023293850136,0.7541976706149863,0.7687110046998316,0.455706304868316,0.2729449321628092,0.0088888888888888,0.0934426478981638,0.00011877169471716963,2.0,0.2,0.009110353148988276,0.09074469368480918,3.7216802369402593e-06,5.410260414886203e-06,0.011386588871131625,0.7359599267160157,1
WF-001253,0,Pass,2008-10-02 19:25:00,0.1278479991180411,0.1525187818270728,0.8474812181729271,0.4768954509177973,0.8475658419792498,0.9058260175578612,0.0,0.052008694693523,0.2140941695978128,2.0,0.2,0.5035435691080277,0.8517351683079468,0.33015002155797374,0.5390287114225103,0.4946722835294072,0.7885165844403392,1
WF-001392,0,Pass,2008-10-07 09:20:00,0.0232286464908792,0.3455220647481641,0.6544779352518358,0.951500044338033,0.0893854748603352,0.0119712689545091,0.0355555555555555,0.0127949494664355,0.0,0.0,0.0,0.5625393575509307,0.630991971690905,0.48779657460793197,0.0,0.5625393575509307,0.13335223343118824,0
WF-001469,0,Pass,2008-10-12 02:59:00,0.0124566131005417,0.2782526323353797,0.7217473676646202,0.5924499423605569,0.518754988028731,0.8754988028731046,0.0177777777777777,0.0245036814124545,0.15326447756343867,2.0,0.2,0.24780273066962416,0.4287720301086822,0.15513408915380889,0.18989678027436724,0.26227921826843836,0.07479415087729852,0
WF-000553,0,Pass,2008-08-30 00:05:00,0.0675668175583769,0.2108933302353936,0.7891066697646063,0.6279166444976501,0.7813248204309656,0.3375897845171588,0.0355555555555555,0.0135143287408945,0.16012109148150125,1.0,0.1,0.3569466367828519,0.8725971088391713,0.1688898054495104,0.5715468508232122,0.3331021685561451,0.5457838363645131,1
WF-000412,0,Pass,2008-08-22 09:29:00,0.0754836338556857,0.207989098031978,0.7920109019680219,0.6500798084596968,0.3647246608140463,0.8890662410215483,0.0,0.0049090936351241,0.1742007229171386,3.0,0.3,0.28024343320197487,0.670648291879514,0.12232955947935856,0.16272869552188285,0.33060689220772854,0.46162453985245816,1
WF-000568,0,Pass,2008-08-30 05:51:00,0.1174603615462096,0.2524008839243295,0.7475991160756705,0.8209773876030859,0.149241819632881,0.4644852354349561,0.0266666666666666,0.0407177842893583,0.0,0.0,0.0,0.5804060681879856,0.8386985049240127,0.3995932539359841,0.0,0.5804060681879856,0.6680791036624453,1
WF-001147,0,Pass,2008-09-28 06:22:00,0.0808486960277746,0.2098258022432552,0.7901741977567447,0.6662410215482841,0.6280925778132482,0.455706304868316,0.0,0.0009224956823637,0.0,0.0,0.0,0.44068551684070156,0.7837610511815748,0.2686147649073166,0.0,0.44068551684070156,0.6799804311408162,1
WF-000302,0,Pass,2008-08-19 11:11:00,0.1259424742110139,0.2051123286963115,0.7948876713036885,0.6587390263367917,0.3320031923383879,0.9002394253790902,0.0,0.0499374719684934,0.0,0.0,0.0,0.09749870133591604,0.2080344401743781,0.027127075576194835,0.0,0.09749870133591604,0.7252124470667294,1
WF-000557,0,Pass,2008-08-30 02:22:00,0.0280705628970185,0.3145686134036465,0.6854313865963535,0.9090337855812716,0.0837988826815642,0.1612130885873902,0.0533333333333333,0.0075319968510668,0.0,0.0,0.0,0.6161078128795954,0.8226938512418173,0.5184778305253961,0.0,0.6161078128795954,0.14912476578916295,0
WF-001471,0,Pass,2008-10-12 03:28:00,0.0504214990223722,0.3042956303151579,0.6957043696848422,0.9479567260796312,0.106145251396648,0.0311252992817238,0.0177777777777777,0.0167624989373611,0.0869550647365623,1.0,0.1,0.5989081784888861,0.820133648134403,0.4327926981266214,0.520780994317577,0.6075889767301428,0.4334250497837426,1
WF-000066,0,Pass,2008-08-01 10:20:00,0.0915695262216423,0.246471031710063,0.753528968289937,0.7780404362862464,0.2114924181963288,0.5490822027134876,0.0266666666666666,0.012575571980046,0.0,0.0,0.0,0.041847024848551115,0.15370220670468218,0.013089046517343444,0.0,0.041847024848551115,0.6297723295145442,1
WF-000850,0,Pass,2008-09-15 12:27:00,0.0319561783294603,0.3272959953686751,0.6727040046313248,0.9556623215394164,0.0806065442936951,0.0502793296089385,0.0088888888888888,0.003308501815804,0.0,0.0,0.0,0.6724959880633401,0.7677432777808815,0.5710978769749159,0.0,0.6724959880633401,0.2467848941226218,0
WF-001342,0,Pass,2008-10-06 03:31:00,0.0244731179605309,0.3155004809770877,0.6844995190229123,0.8704627117141084,0.3463687150837989,0.0047885075818036,0.0177777777777777,0.0114422630863794,0.0,0.0,0.0,0.5212839440240182,0.6479819732581186,0.38415897046339176,0.0,0.5212839440240182,0.1461904023733744,0
WF-001043,0,Pass,2008-09-23 20:18:00,0.0367821726481274,0.2571722027164092,0.7428277972835908,0.7459615145872129,0.5618515562649641,0.2011173184357542,0.0177777777777777,0.0019371441827471,0.1491676397886048,1.0,0.1,0.557948384161347,0.832278435892139,0.41557557246921045,0.832278435892139,0.52746726730237,0.39766034422673413,1
WF-000040,0,Pass,2008-07-28 08:36:00,0.0326507518406677,0.2283966485998345,0.7716033514001654,0.6512288729271969,0.3519553072625698,0.87390263367917,0.0177777777777777,0.0025535306079698,0.0,0.0,0.0,0.6593753830195872,0.8509881775633562,0.527014646199384,0.0,0.6593753830195872,0.38682795038614404,1
WF-001041,0,Pass,2008-09-23 18:36:00,0.0397788568124618,0.290955796209524,0.7090442037904761,0.8715800301498626,0.2673583399840383,0.1109337589784517,0.0177777777777777,0.0051944095787628,0.07938778603544303,1.0,0.1,0.38994358079146924,0.5479467651304113,0.2916764146411039,0.3095675755776765,0.3988742480374462,0.3469692809531985,1
WF-000566,0,Pass,2008-08-30 05:05:00,0.0627563352034129,0.2291017564797591,0.7708982435202408,0.7022484703378558,0.5658419792498005,0.3774940143655227,0.0133333333333333,0.0187431139093337,0.29962625185951547,2.0,0.2,0.40695090605121476,0.9525136351600334,0.2299215995793329,0.6096658733547964,0.3562721642253194,0.4581465500602496,1
WF-000833,0,Pass,2008-09-14 02:50:00,0.0589766314401911,0.221487537966413,0.778512462033587,0.6442098075729361,0.4796488427773344,0.7374301675977654,0.0088888888888888,0.0228514875650096,0.0,0.0,0.0,0.26593902509723366,0.4854504620950715,0.16219829808948721,0.0,0.26593902509723366,0.4022041909000254,1
WF-000834,0,Pass,2008-09-14 02:59:00,0.0446676224870207,0.2570269869308506,0.7429730130691494,0.7671588188347965,0.3192338387869114,0.484437350359138,0.0,0.010508285311979,0.0,0.0,0.0,0.40787110184464803,0.5021665557767523,0.35426990291407806,0.0,0.40787110184464803,0.3942528463437748,1
WF-000905,0,Pass,2008-09-19 08:08:00,0.0756628180524629,0.2615431890795694,0.7384568109204306,0.8516718985545801,0.1987230646448523,0.300877893056664,0.0088888888888888,0.0047143282038446,0.0,0.0,0.0,0.32157127863703383,0.5086851050479553,0.21709769458327166,0.0,0.32157127863703383,0.65362741157124,1
WF-001216,0,Pass,2008-10-01 09:15:00,0.0509787730125816,0.2465105279861202,0.7534894720138798,0.7410532943158641,0.5650438946528332,0.2162809257781325,0.0177777777777777,0.0173682315354148,0.07507987531497089,1.0,0.1,0.3769279595370411,0.9159384123612703,0.15922685393448324,0.2829970420476744,0.38736472814697076,0.46310354313803326,1
WF-001016,0,Pass,2008-09-22 16:25:00,0.0354954921819812,0.2535770104129528,0.7464229895870472,0.7503469007714818,0.1811652035115722,0.7023144453312051,0.0266666666666666,0.0005385784586753,0.10905596450952279,1.0,0.1,0.6135214212383889,0.6905287544808473,0.4876626065388999,0.6690817034040573,0.6073480565533148,0.3347122920030079,1
WF-000826,0,Pass,2008-09-13 11:42:00,0.0684879829867901,0.2104164571250841,0.7895835428749158,0.6629248913718189,0.3663208300079808,0.8212290502793296,0.0088888888888888,0.0125130619708802,0.15732095602187043,1.0,0.1,0.4771246328522543,0.7506170338190058,0.30875012345049296,0.7506170338190058,0.446736588300393,0.5652949599312566,1
WF-001261,0,Pass,2008-10-03 00:24:00,0.0403433199243629,0.1844791223479389,0.815520877652061,0.5094532233750111,0.8236233040702314,0.7948922585794094,0.0088888888888888,0.0058079564395249,0.0970173275395357,1.0,0.1,0.06844105886943885,0.15581079043091312,0.029841851101169208,0.06639968625488994,0.06866787804883318,0.2838429647545022,1
WF-000179,0,Pass,2008-08-10 00:09:00,0.0811167069472502,0.2140063007691886,0.7859936992308114,0.6806024651946441,0.5307262569832403,0.5203511572226656,0.0088888888888888,0.001213811899185,0.12264062520275815,2.0,0.2,0.5107735289671649,0.8417016352845547,0.2578735746283847,0.313207924647761,0.5601649300470157,0.5649791999958746,1
WF-000212,0,Pass,2008-08-15 23:31:00,0.0777628181620854,0.2209915558902897,0.7790084441097103,0.7179927285625609,0.2186751795690343,0.8076616121308858,0.0088888888888888,0.0024317193890375,0.04930451530139551,1.0,0.1,0.2600304144082807,0.730879464916778,0.1282067354602129,0.1282067354602129,0.2746774898469549,0.6496136522897502,1
WF-000540,0,Pass,2008-08-29 15:01:00,0.0489054302827971,0.1499980625621747,0.8500019374378253,0.4055344506517691,0.9577015163607342,0.994413407821229,0.0266666666666666,0.0151145981334751,0.0,0.0,0.0,0.007661112361107709,0.05537606417221449,6.556055424861173e-06,0.0,0.007661112361107709,0.3430678037294942,1
WF-000484,0,Pass,2008-08-28 16:43:00,0.1063507092511169,0.2267602891996641,0.7732397108003359,0.7249954775206172,0.5075818036711891,0.3040702314445331,0.0533333333333333,0.0286420752729532,0.0,0.0,0.0,0.16819290943452878,0.32552164923519017,0.10390859522777685,0.0,0.16819290943452878,0.5702494000828758,1
WF-000744,0,Pass,2008-09-07 18:02:00,0.0230189924973528,0.3138416076209687,0.6861583923790313,0.8820267801720316,0.0159616919393455,0.392657621707901,0.0355555555555555,0.0130228342420077,0.04792358844318461,1.0,0.1,0.34687207198959613,0.5379550652978089,0.1564650314242392,0.1662335442046411,0.3669430195212578,0.18416909012319213,0
WF-000478,0,Pass,2008-08-28 10:32:00,0.039860414774352,0.2346696151550398,0.7653303848449602,0.6909694067571163,0.627294493216281,0.315243415802075,0.0266666666666666,0.0052830595373391,0.08621766794931827,1.0,0.1,0.4002371911371407,0.7166773356558834,0.19984721937657468,0.34507517246429825,0.4063663043230121,0.3319147056752863,1
WF-000219,1,Fail,2008-08-16 09:44:00,0.1729712942091719,0.2282738014351224,0.7717261985648776,0.704708699122107,0.4509177972865124,0.5498802873104549,0.0,0.1010557545751869,0.2676184547246166,1.0,0.1,0.23571860899749267,0.6308264988974509,0.13264195919857674,0.6308264988974509,0.19181773234194177,0.8267788273306514,1
WF-000964,0,Pass,2008-09-20 18:03:00,0.0266026743390923,0.247523650621531,0.752476349378469,0.6406225059856345,0.7326416600159616,0.4118116520351157,0.0,0.0091275278922909,0.09870313643581245,1.0,0.1,0.09486365056360135,0.32620019395782895,0.01388096697059619,0.09363339844378381,0.09500034524358109,0.14793933931411238,0
WF-000054,0,Pass,2008-07-29 23:19:00,0.0645573946381283,0.2440689178156823,0.7559310821843177,0.7530343176376696,0.3024740622505986,0.5003990422984836,0.04,0.01678544061073,0.15654410685445957,1.0,0.1,0.5064986002207247,0.7928937099458733,0.39024814765441895,0.7928937099458733,0.4746769213623749,0.6276458841914858,1
WF-000471,0,Pass,2008-08-28 07:40:00,0.1132773834571073,0.1670167752089589,0.832983224791041,0.5308777157045313,0.6536312849162011,0.9329608938547486,0.0177777777777777,0.0361710689751166,0.12866360577628774,1.0,0.1,0.2640932948626114,0.6628882243020555,0.053641284618073534,0.33979195578363947,0.2556823325380527,0.6669194804533924,1
WF-000842,0,Pass,2008-09-14 20:00:00,0.0439785347727408,0.2016415178744826,0.7983584821255174,0.5903309390795425,0.6959297685554668,0.62170790103751,0.0266666666666666,0.0097592769268922,0.05713375819084006,1.0,0.1,0.4675250252996217,0.7158836846396022,0.2671146174363497,0.2671146174363497,0.4897928483955408,0.31349211243294733,1
WF-000358,0,Pass,2008-08-21 12:52:00,0.1201864139304842,0.2194359847943785,0.7805640152056215,0.7096128402944045,0.4581005586592179,0.5059856344772546,0.0088888888888888,0.0436808847070481,0.0,0.0,0.0,0.3844181420071691,0.735228197938966,0.24998697696895375,0.0,0.3844181420071691,0.747598639499117,1
WF-000359,0,Pass,2008-08-21 13:11:00,0.0824672519413591,0.178639169436879,0.8213608305631209,0.5625934202358783,0.5746209098164405,0.888268156424581,0.0355555555555555,0.0026817955884338,0.010399309884162272,1.0,0.1,0.10799446681044449,0.3436827855939763,0.005385308411437064,0.011230679261366897,0.11874599876034202,0.5124564405336516,1
WF-000807,0,Pass,2008-09-12 11:57:00,0.0346326674437354,0.2341997273303213,0.7658002726696786,0.6446088498714198,0.5115722266560255,0.6911412609736632,0.0088888888888888,0.0003992745176788,0.0,0.0,0.0,0.30811383337930137,0.7932680702468974,0.1689228624108033,0.0,0.30811383337930137,0.28810578595407604,1
WF-000490,0,Pass,2008-08-28 18:10:00,0.0344053208566957,0.1954504795575828,0.8045495204424171,0.5421388667198723,0.7198723064644852,0.8236233040702314,0.0,0.0006463903731568,0.0,0.0,0.0,0.7145385403676858,0.8386787260253378,0.5803571162304852,0.0,0.7145385403676858,0.32989256199969436,1
WF-000740,0,Pass,2008-09-07 10:52:00,0.0317424082902239,0.2462108833590408,0.7537891166409592,0.6950078921699033,0.6161213088587391,0.3431763766959297,0.0088888888888888,0.0035408605541044,0.424927905207454,4.0,0.4,0.4094516274133427,0.563122554860913,0.33397642482105494,0.4349685558013366,0.39244034182134685,0.2525962428003686,0
WF-000102,0,Pass,2008-08-05 01:12:00,0.0804401432576997,0.1948248225774835,0.8051751774225164,0.6114361975702758,0.8683160415003991,0.2817238627294493,0.0355555555555555,0.0004784165844562,0.0699688258765427,1.0,0.1,0.4080971610550469,0.6831911589123172,0.26071723308437234,0.28554079202571975,0.4217145353916387,0.4869497076675941,1
WF-001333,0,Pass,2008-10-05 20:12:00,0.031635933572963,0.2971171808556247,0.7028828191443752,0.830043805976767,0.2633679169992019,0.2968874700718276,0.0088888888888888,0.0036565939424315,0.0,0.0,0.0,0.37496915382138934,0.5840749533608228,0.19700929256035393,0.0,0.37496915382138934,0.13978737845959283,0
WF-001510,0,Pass,2008-10-14 21:36:00,0.0320634747055615,0.2340692084543315,0.7659307915456685,0.6092895273565664,0.825219473264166,0.3790901835594573,0.0177777777777777,0.0031918753200418,0.12957092419197438,1.0,0.1,0.5097509473840651,0.6955749586361887,0.31689207597062097,0.6604890136028781,0.49300227335975244,0.26075002088124966,0
WF-001488,0,Pass,2008-10-13 20:10:00,0.0311826971027681,0.2538929242951949,0.7461070757048052,0.6953946971712335,0.7110933758978452,0.1660015961691939,0.0355555555555555,0.0041492422795998,0.0,0.0,0.0,0.5121719729336162,0.8061461915728412,0.31828272131734936,0.0,0.5121719729336162,0.10895336342033375,0
WF-000426,0,Pass,2008-08-22 23:46:00,0.0427206536555409,0.2228197790083372,0.7771802209916627,0.6143133812184092,0.6057462090981645,0.6520351157222666,0.0266666666666666,0.0083920148429792,0.09622427417476685,1.0,0.1,0.42627847039366545,0.7653587361287468,0.2875166597232539,0.410183364099603,0.42806681553745024,0.34775781032631947,1
WF-000053,0,Pass,2008-07-29 23:14:00,0.135979117353368,0.1675345206134457,0.8324654793865542,0.4895369335816263,0.8076616121308858,0.88268156424581,0.0177777777777777,0.0608468666884435,0.0,0.0,0.0,0.0003626991636081355,0.0033692576960618857,4.029647993929874e-07,0.0,0.0003626991636081355,0.7155274940050934,1
WF-000268,0,Pass,2008-08-18 15:00:00,0.1847306117422351,0.2291418118417322,0.7708581881582677,0.7034716679968076,0.2617717478052673,0.819632881085395,0.0,0.1138376214589512,0.14923754590335672,1.0,0.1,0.5404051367059866,0.8649984597442217,0.35069278170047274,0.8064873639556943,0.5108404447893523,0.7635042008896291,1
WF-001204,0,Pass,2008-09-30 19:17:00,0.074799845691223,0.1493392183255897,0.8506607816744103,0.4566241021548284,0.8427773343974462,0.9936153232242618,0.0,0.0056523416399749,0.017805616567214765,1.0,0.1,0.07151675031532635,0.2984123024872588,0.008767911761704375,0.012733998342479366,0.07804816720119823,0.6423508506990694,1
WF-000086,0,Pass,2008-08-04 13:19:00,0.1003748628820918,0.1372961944990214,0.8627038055009786,0.4247283852088321,0.9553072625698324,0.9209896249002394,0.0266666666666666,0.0221465900892302,0.06484204576928823,2.0,0.2,0.02279206959886406,0.14175544771418963,0.0033027459914036056,0.00738942210053173,0.026642731473447142,0.66559413411129,1
WF-001514,0,Pass,2008-10-15 00:47:00,0.0360630084745456,0.2749684532466733,0.7250315467533266,0.7910451361177618,0.4588986432561852,0.1364724660814046,0.0355555555555555,0.0011554439940713,0.0,0.0,0.0,0.7067069730590964,0.8525166909546882,0.5220318062345143,0.0,0.7067069730590964,0.14286186476659885,0
WF-000173,0,Pass,2008-08-09 20:04:00,0.2343604890514969,0.1609948222464321,0.8390051777535679,0.450438946528332,0.9465283320031924,0.8731045490822027,0.0,0.1677831402733663,0.06128173026355321,1.0,0.1,0.33890234290256666,0.6296179316405102,0.1868336142774085,0.20768521963441305,0.3534820232656949,0.8847890792840575,1
WF-000875,0,Pass,2008-09-17 21:52:00,0.0531538903971499,0.1802376656204474,0.8197623343795526,0.494090094883391,0.9273743016759776,0.7110933758978452,0.0088888888888888,0.0197324895621194,0.058818485893058436,1.0,0.1,0.28931986102991913,0.5927727905295833,0.06001054714847866,0.17017356164569925,0.30255833873927684,0.3519406767918453,1
WF-000043,0,Pass,2008-07-29 04:08:00,0.0729807925477947,0.1970010390373679,0.802998960962632,0.6365880996718987,0.62170790103751,0.5690343176376695,0.0088888888888888,0.0076295733176144,0.0,0.0,0.0,0.4815970816950813,0.6092989965294834,0.4011909110931517,0.0,0.4815970816950813,0.5410176032326067,1
WF-000984,0,Pass,2008-09-21 10:49:00,0.0236278975516373,0.2965424087359577,0.7034575912640423,0.8020709408530639,0.4573024740622506,0.1372705506783719,0.0088888888888888,0.0123609809221332,0.052678440913733554,1.0,0.1,0.4675909955736735,0.8377630962077883,0.23137408026359188,0.24631964632121606,0.4921767010461688,0.1741371888066661,0
WF-001247,0,Pass,2008-10-02 15:58:00,0.0709121178496341,0.1973488247789161,0.8026511752210839,0.5978451715881883,0.7094972067039106,0.6153232242617718,0.0,0.0098781327721368,0.0,0.0,0.0,0.6287325225385458,0.8642979157043433,0.4641960638220024,0.0,0.6287325225385458,0.49886313264463833,1
WF-000487,0,Pass,2008-08-28 17:27:00,0.0531652280066543,0.2699870753401557,0.7300129246598444,0.8352549436906979,0.0391061452513966,0.533120510774142,0.0444444444444444,0.0197448130507112,0.4111752122021353,1.0,0.1,0.09430490002601041,0.3877583727989599,0.016150391821099605,0.3877583727989599,0.0616989586067938,0.25697565307401266,0
WF-001014,0,Pass,2008-09-22 14:27:00,0.0229236258446138,0.3079958094789489,0.6920041905210511,0.8542615943956726,0.1971268954509178,0.2785315243415802,0.0177777777777777,0.0131264936471588,0.0,0.0,0.0,0.014189033121262944,0.10743213033949321,9.414917716400209e-05,0.0,0.014189033121262944,0.21834469614762347,0
WF-000778,0,Pass,2008-09-10 23:30:00,0.0319868064124584,0.2900523232280644,0.7099476767719356,0.835346989447548,0.3982442138866719,0.0726256983240223,0.0177777777777777,0.0032752104212408,0.06349723274440018,1.0,0.1,0.1837872936424611,0.6318666702623982,0.10545146285599288,0.11669984559878772,0.1912414545362026,0.25048650195794225,0
WF-000004,0,Pass,2008-07-19 14:43:00,0.0724736890131204,0.1395404283124976,0.8604595716875023,0.4243016759776536,0.9505187549880288,0.9720670391061452,0.0,0.0081807728118256,0.0,0.0,0.0,0.2141540101394937,0.542469901159465,0.10030699326716475,0.0,0.2141540101394937,0.518995756859934,1
WF-000374,1,Fail,2008-08-21 18:05:00,0.0538260414499984,0.2301403023446155,0.7698596976553845,0.6863364369956548,0.2330407023144453,0.8715083798882681,0.0355555555555555,0.0204630885326069,0.09531195835864563,1.0,0.1,0.6250620907556961,0.7660708755297037,0.5490049819612115,0.5957589196567488,0.6283179986555791,0.2284699809858488,0
WF-001557,0,Pass,2008-10-16 04:54:00,0.0348121032156814,0.2763506310118684,0.7236493689881316,0.8164673228695575,0.349561053471668,0.0598563447725458,0.1155555555555555,0.0002042356351288,0.0,0.0,0.0,0.5170563036261389,0.7490242412543376,0.3623619698501009,0.0,0.5170563036261389,0.23438648424559205,0
WF-000523,0,Pass,2008-08-29 07:24:00,0.0889260827487216,0.225954967959359,0.774045032040641,0.7170985191096924,0.3128491620111732,0.6225059856344772,0.0444444444444444,0.0097022638573061,0.0,0.0,0.0,0.5424790645438042,0.6277077629678807,0.43977910593729386,0.0,0.5424790645438042,0.5014901381415143,1
WF-001393,0,Pass,2008-10-07 09:59:00,0.0102795713740403,0.3398292259450124,0.6601707740549876,0.7718112973308504,0.4836392657621708,0.1787709497206704,0.0355555555555555,0.0268700311151735,0.0,0.0,0.0,0.6793912761101777,0.936876263665466,0.4332464493487344,0.0,0.6793912761101777,0.026017508022958543,0
WF-000130,0,Pass,2008-08-06 02:20:00,0.1114021135719119,0.1727225725773442,0.8272774274226558,0.5515562649640863,0.6815642458100558,0.839584996009577,0.0,0.0341327321433825,0.0,0.0,0.0,0.44523989569617006,0.6086405920331098,0.35954121759138313,0.0,0.44523989569617006,0.6987802031446415,1
WF-001328,1,Fail,2008-10-05 16:37:00,0.0851393077283715,0.2618040728681061,0.7381959271318939,0.8345489048505808,0.3224261771747805,0.1819632881085395,0.0177777777777777,0.0055862040525777,0.0,0.0,0.0,0.6077273469239475,0.8812574753103928,0.48962854270982115,0.0,0.6077273469239475,0.5428224666263022,1
WF-000942,0,Pass,2008-09-20 07:21:00,0.0700779496560263,0.1997559328044406,0.8002440671955594,0.6450078921699033,0.383878691141261,0.8683160415003991,0.0088888888888888,0.0107848373304061,0.09366676619357123,1.0,0.1,0.6018312732429075,0.8140747658204125,0.4861412200575986,0.563715891588227,0.6060663156489832,0.5823286145212915,1
WF-000527,0,Pass,2008-08-29 08:20:00,0.0754239799023328,0.1607000443187618,0.8392999556812382,0.4871703467234194,0.8523543495610535,0.7869114126097366,0.0444444444444444,0.0049739348887686,0.0,0.0,0.0,0.027498354847156032,0.07721884536766022,0.002896099351144864,0.0,0.027498354847156032,0.45439557591198804,1
WF-000348,0,Pass,2008-08-21 04:22:00,0.1279833500094621,0.1419528160372511,0.8580471839627488,0.4185554668794892,0.9561053471667996,0.9872306464485237,0.0,0.0521558152276762,1.157044561784033e-68,1.0,0.1,0.0006792065244935128,0.006755713314243533,2.2836658207416687e-126,7.858722154934526e-71,0.0007546739161039031,0.607990296563157,1
WF-001115,0,Pass,2008-09-26 20:23:00,0.0666824606268603,0.1852659300663596,0.8147340699336404,0.5718634388578523,0.7501995211492418,0.6480446927374302,0.0088888888888888,0.0144755862751518,0.0,0.0,0.0,0.26949635542391187,0.6810239667757503,0.12219199053441837,0.0,0.26949635542391187,0.5679672240814017,1
WF-000587,0,Pass,2008-08-30 15:06:00,0.0152261546635725,0.3579220627207351,0.6420779372792649,0.925805799414738,0.1324820430965682,0.0686352753391859,0.0266666666666666,0.0214933101482907,0.0,0.0,0.0,0.5354499006365339,0.6791991623781775,0.4068613305562474,0.0,0.5354499006365339,0.07570691004702387,0
WF-001507,0,Pass,2008-10-14 20:01:00,0.03638316919645,0.2526127533902484,0.7473872466097515,0.7011091602376518,0.7549880287310455,0.1101356743814844,0.0177777777777777,0.00150344477875,0.1121835030317603,1.0,0.1,0.6808945405123252,0.8456491927197471,0.5133680363495781,0.7638513474987348,0.6716771175138354,0.34233296222622345,1
WF-001218,0,Pass,2008-10-01 14:22:00,0.1399501982592459,0.2092864335127507,0.7907135664872492,0.665039815553782,0.7262569832402235,0.3088587390263368,0.0088888888888888,0.0651632589774413,0.103202561567739,1.0,0.1,0.26578468885055,0.4830997541242693,0.14949013991437082,0.2742966071486124,0.26483892015076527,0.7194693629982277,1
WF-000181,1,Fail,2008-08-10 06:00:00,0.182705335209923,0.190813920925609,0.809186079074391,0.5600159616919393,0.7525937749401437,0.7063048683160414,0.0,0.1116362339238293,0.11852613546979611,1.0,0.1,0.3759064396217607,0.5229415698732793,0.23418659840294512,0.44554737586577536,0.3681685578168701,0.7904536526488666,1
WF-000781,0,Pass,2008-09-11 05:20:00,0.0396522446860148,0.2277460428425952,0.7722539571574047,0.6436869734858562,0.5091779728651237,0.6839584996009577,0.0177777777777777,0.00505678770219,0.09631740708684514,1.0,0.1,0.3838338622229892,0.5524500074490462,0.21775235013963162,0.3696988236144768,0.3854044220683795,0.2824179578223307,1
WF-000665,0,Pass,2008-09-02 06:32:00,0.0303940998706041,0.2920509756675685,0.7079490243324315,0.826971180278443,0.343974461292897,0.1963288108539505,0.0088888888888888,0.0050064131841258,0.0,0.0,0.0,0.14729565651616877,0.3305821561516009,0.09215709850056607,0.0,0.14729565651616877,0.2624570687536843,0
WF-000676,0,Pass,2008-09-02 10:33:00,0.0171155383407273,0.2569703671279264,0.7430296328720736,0.5905662853595814,0.9074221867517956,0.3104549082202713,0.0355555555555555,0.0194396322383398,0.18246923799784337,2.0,0.2,0.5364868991446227,0.7609280508130316,0.3755286345936837,0.48946177841372573,0.548243179327347,0.08473563781785051,0
WF-001320,0,Pass,2008-10-05 11:30:00,0.0587311360002733,0.1863459256219195,0.8136540743780805,0.5372664715793207,0.7310454908220272,0.8132482043096568,0.0088888888888888,0.0231183304344855,0.0,0.0,0.0,0.47339373648492183,0.8401199874640634,0.3221019734573235,0.0,0.47339373648492183,0.4570264347089916,1
WF-001287,0,Pass,2008-10-04 01:49:00,0.0424819785955193,0.2400934686349306,0.7599065313650694,0.7235394165114836,0.4485235434956105,0.4636871508379888,0.0088888888888888,0.0081325854299123,0.0,0.0,0.0,0.3060124949744454,0.4641247519415645,0.21912739289982208,0.0,0.3060124949744454,0.32501352840278275,1
WF-000209,0,Pass,2008-08-15 19:19:00,0.1517071464029085,0.238181939334412,0.761818060665588,0.7170749312760486,0.4852354349561053,0.4381484437350359,0.0088888888888888,0.077942550437944,0.10421094448738194,1.0,0.1,0.481045567642548,0.8747373924839259,0.28949706250826973,0.5013021294549871,0.478794838552277,0.764984949467598,1
WF-000928,0,Pass,2008-09-19 21:13:00,0.0108273039688577,0.3930872796390192,0.6069127203609808,0.971504300789217,0.0518754988028731,0.0271348762968874,0.0088888888888888,0.0262746695990677,0.0,0.0,0.0,0.5554010672695895,0.8590386786408029,0.43045264938182304,0.0,0.5554010672695895,0.08260849632878638,0
WF-000017,0,Pass,2008-07-22 02:59:00,0.0496320915347255,0.2266140308145984,0.7733859691854016,0.6615681475569744,0.5275339185953711,0.6009577015163607,0.0088888888888888,0.0159044473203538,0.0,0.0,0.0,0.021027182386938337,0.048772194272899035,0.002690217072459087,0.0,0.021027182386938337,0.29216152025220715,1
WF-000126,0,Pass,2008-08-05 23:02:00,0.2127128803102913,0.1719765374789136,0.8280234625210864,0.4735434956105347,0.9289704708699122,0.8052673583399841,0.0,0.1442531307720558,0.032328342587178614,1.0,0.1,0.3091974499279367,0.9397771904630003,0.07217955074729387,0.09995841088352342,0.3324462320439826,0.8266453966976256,1
WF-000015,1,Fail,2008-07-21 11:53:00,0.1592616302863576,0.1342853690958981,0.8657146309041018,0.4045409240046111,0.9952114924181964,0.960095770151636,0.0177777777777777,0.0861539459634321,0.0,0.0,0.0,0.4449913707298199,0.9843358139340029,0.27240354715449033,0.0,0.4449913707298199,0.7642441812723193,1
WF-001267,0,Pass,2008-10-03 05:01:00,0.0444797635110448,0.275550198908839,0.7244498010911611,0.8250117939168218,0.3878691141260973,0.1284916201117318,0.0177777777777777,0.0103040907728748,0.1073602926928078,1.0,0.1,0.24063894123248258,0.4605686096283224,0.13337778235312556,0.25835067164006703,0.23867097118719544,0.28671849254935244,1
WF-000110,0,Pass,2008-08-05 04:35:00,0.1064483816345038,0.1429061082245876,0.8570938917754124,0.4246485767491353,0.9042298483639266,0.9928172386272944,0.0266666666666666,0.0287482409070694,0.9917523564079125,2.0,0.2,7.371802162791252e-08,7.311001645711847e-07,5.2020932265307413e-14,3.655501082960585e-07,7.599999608760159e-10,0.28872980147157995,1
WF-001377,0,Pass,2008-10-06 20:02:00,0.0473420897194194,0.2689175311254019,0.731082468874598,0.8035873015873016,0.2346368715083799,0.4429369513168396,0.0088888888888888,0.0134153149124124,0.0,0.0,0.0,0.42444221070655785,0.8404952630202788,0.21059184648357163,0.0,0.42444221070655785,0.3361313595415354,1
WF-000640,0,Pass,2008-09-01 23:24:00,0.0421400990217954,0.2687628958325776,0.7312371041674224,0.8150357364547308,0.3240223463687151,0.257781324820431,0.0177777777777777,0.0077609771976036,0.0,0.0,0.0,0.4483209174773064,0.6706667198907137,0.3319248943983639,0.0,0.4483209174773064,0.31763615167197795,1
WF-001199,0,Pass,2008-09-30 15:26:00,0.0256309884341193,0.2999334037811194,0.7000665962188806,0.8244971180278443,0.1412609736632083,0.490023942537909,0.0088888888888888,0.0101837082237833,0.12427419569600075,1.0,0.1,0.5709863016441546,0.8065311196281104,0.41844598601673144,0.7095886339026138,0.5555860425043258,0.17333363151323178,0
WF-000340,0,Pass,2008-08-20 21:41:00,0.0243172081625421,0.2283269104982938,0.7716730895017062,0.5977572049303892,0.547486033519553,0.8140462889066241,0.0177777777777777,0.0116117302581063,0.0,0.0,0.0,0.17114492911695953,0.331903076136286,0.08062854308175876,0.0,0.17114492911695953,0.15744005150204382,0
WF-000073,0,Pass,2008-08-03 13:09:00,0.1286844408185156,0.1458223395474477,0.8541776604525523,0.4320748425999823,0.9632881085395052,0.8946528332003192,0.0177777777777777,0.0529178704549082,0.16648499462759173,2.0,0.2,0.4238269906177751,0.8871514014998786,0.1818334136402052,0.3528041712801433,0.4415826954521831,0.6356903781298382,1
WF-001044,0,Pass,2008-09-23 20:59:00,0.0379906532468923,0.2406698237198077,0.7593301762801923,0.6924499423605569,0.4006384676775738,0.6408619313647247,0.0177777777777777,0.0032507100509698,0.0,0.0,0.0,0.13129493494106573,0.34090414387570134,0.04886622721240097,0.0,0.13129493494106573,0.338959807451501,1
WF-000978,0,Pass,2008-09-21 07:55:00,0.0273971672640493,0.3210348239296883,0.6789651760703117,0.9269312760485946,0.0766161213088587,0.1707901037509976,0.0088888888888888,0.0082639486260333,0.0,0.0,0.0,0.6190692611287046,0.7241316428701302,0.5584444783455618,0.0,0.6190692611287046,0.2061843128957649,0
WF-000290,0,Pass,2008-08-19 05:53:00,0.0982100356993352,0.2110177107200892,0.7889822892799108,0.6934956105347168,0.309656823623304,0.7924980047885076,0.0,0.0197935170644948,0.0,0.0,0.0,0.019603568934097607,0.11852479073237805,0.0026744752196066926,0.0,0.019603568934097607,0.7592942117427384,1
WF-000127,0,Pass,2008-08-05 23:06:00,0.1074486617029233,0.16500344385276,0.83499655614724,0.5323224261771748,0.8619313647246608,0.6640063846767758,0.0,0.0298355018510036,0.0,0.0,0.0,0.19804180393683832,0.26357980243103657,0.13035738421993953,0.0,0.19804180393683832,0.6050012600007892,1
WF-000632,0,Pass,2008-09-01 10:57:00,0.0255598558991255,0.2918670198045975,0.7081329801954024,0.799796399751707,0.4142059058260176,0.2067039106145251,0.0088888888888888,0.0102610261966026,0.0,0.0,0.0,0.38146166110779256,0.8618345635406068,0.1317290672247087,0.0,0.38146166110779256,0.2170326453500377,0
WF-000339,0,Pass,2008-08-20 21:33:00,0.0340102176066264,0.2299529381591601,0.7700470618408398,0.6490740445153853,0.4453312051077414,0.7517956903431764,0.0177777777777777,0.0010758504275799,0.11179092396285077,1.0,0.1,0.5068592673841285,0.6720638498165116,0.3846187722124422,0.5666226582000535,0.5002188906268035,0.3800273190463699,1
WF-000319,0,Pass,2008-08-20 01:33:00,0.0735929888510123,0.1493119673987177,0.8506880326012822,0.4348762968874701,0.9305666400638468,0.9577015163607342,0.0,0.0069641425532473,0.09033200277544179,1.0,0.1,0.2330928016156736,0.7836714332857719,0.11291846123797285,0.2105573960248253,0.2355967355702123,0.6072204112652237,1
WF-001081,0,Pass,2008-09-25 13:42:00,0.0522641540688575,0.2337503603215769,0.7662496396784231,0.694125920014188,0.6552274541101357,0.2777334397446129,0.0177777777777777,0.0187653848574538,0.0,0.0,0.0,0.6820679468945545,0.9353317196466865,0.5245558635721289,0.0,0.6820679468945545,0.37329989794404095,1
WF-001279,0,Pass,2008-10-03 20:35:00,0.0573349901062895,0.2781025939369411,0.7218974060630589,0.8594133191451628,0.0694333599361532,0.4509177972865124,0.0088888888888888,0.0242771631590103,0.22359387023790706,2.0,0.2,0.5299847428844655,0.6329665562626631,0.4142954534058978,0.5925066991428987,0.5143542538198573,0.4402871536163796,1
WF-000651,0,Pass,2008-09-02 01:36:00,0.0695867546934865,0.201588969832073,0.7984110301679269,0.6446129289704708,0.3735035913806863,0.8986432561851556,0.0,0.0113187448983841,0.315323735094423,3.0,0.3,0.26003620622423557,0.5270830489187326,0.10605923017985086,0.2733186260213654,0.2543437405968942,0.4010314090411914,1
WF-000396,0,Pass,2008-08-22 01:54:00,0.0523985510448212,0.1844460800801858,0.8155539199198142,0.5375498802873104,0.707901037509976,0.8587390263367917,0.0,0.0189114685269795,0.0,0.0,0.0,0.3461623273287587,0.4310584044418795,0.2608904862880289,0.0,0.3461623273287587,0.37111902148479037,1
WF-000072,0,Pass,2008-08-02 03:39:00,0.0794413832764523,0.2252367812631877,0.7747632187368123,0.7262170790103751,0.2857142857142857,0.6951316839584996,0.0,0.0006071920908126,0.0,0.0,0.0,0.0037663818452786076,0.020907282683370026,0.00025541396349378607,0.0,0.0037663818452786076,0.6909684709615164,1
WF-000170,1,Fail,2008-08-09 11:42:00,0.2655103642182841,0.1742032277247349,0.825796772275265,0.4295608761195353,0.902633679169992,0.9896249002394254,0.0177777777777777,0.2016417002372654,0.1,1.0,0.1,1.415670109681677e-18,1.4156701096816713e-17,4.824577091361617e-181,4.824577091361617e-181,1.5729667885351964e-18,0.758685620835157,1
WF-000230,0,Pass,2008-08-17 04:19:00,0.2273470112759027,0.2585220614194066,0.7414779385805934,0.7625616742041323,0.1763766959297685,0.6743814844373504,0.0177777777777777,0.1601597948651116,0.0,0.0,0.0,0.28142288389216613,0.6700561503369107,0.07758663656689475,0.0,0.28142288389216613,0.8645268317994631,1
WF-000417,0,Pass,2008-08-22 12:13:00,0.0561776455101788,0.2427039214922919,0.7572960785077081,0.7472824332712601,0.2729449321628092,0.6145251396648045,0.0088888888888888,0.0230191799023683,0.22066045909060905,2.0,0.2,0.3145414076629192,0.5121439545448737,0.1908272762165492,0.34703425708953084,0.30641819530626624,0.3889133924417463,1
WF-000466,0,Pass,2008-08-28 04:54:00,0.0477996479741139,0.2769725073396565,0.7230274926603435,0.8450274009044959,0.2450119712689545,0.1915403032721468,0.0533333333333333,0.0139126608414281,0.06067820012906437,1.0,0.1,0.3290497375048738,0.5268710424378684,0.1996614582473683,0.1996614582473683,0.34342621297792997,0.3632882965459271,1
WF-000415,0,Pass,2008-08-22 10:47:00,0.0538031487423167,0.179768035899283,0.820231964100717,0.528643078833023,0.6640063846767758,0.9273743016759776,0.0177777777777777,0.020438205154692,0.193994097737291,2.0,0.2,0.06481509961473338,0.4385462658270039,0.0007036047380661306,0.0628687338475642,0.06530169105652568,0.3511549095670041,1
WF-001508,0,Pass,2008-10-14 20:30:00,0.0534720565806856,0.2812020391208394,0.7187979608791606,0.8646285359581449,0.2777334397446129,0.0957701516360734,0.0355555555555555,0.0200783223703105,0.0,0.0,0.0,0.7590817432705016,0.9044824562043373,0.5478764401776869,0.0,0.7590817432705016,0.3528619276273707,1
WF-000062,0,Pass,2008-07-31 17:07:00,0.1515270246183113,0.14378620091841,0.85621379908159,0.4246608140462888,0.988826815642458,0.9169992019154032,0.0,0.0777467658894688,0.0,0.0,0.0,0.33618768554832945,0.5557069194383083,0.22383742673892823,0.0,0.33618768554832945,0.7307797731805794,1
WF-000286,0,Pass,2008-08-19 05:11:00,0.085237739141581,0.2013953119707358,0.7986046880292642,0.6333118737252815,0.5211492418196328,0.7086991221069433,0.0177777777777777,0.0056931947191098,0.08743738733725794,1.0,0.1,0.5233621710064307,0.7098012830674401,0.4576142086395751,0.4576142086395751,0.5306675001583036,0.6721420343892829,1
WF-000305,0,Pass,2008-08-19 11:28:00,0.1831209312913768,0.209060237834184,0.790939762165816,0.6207461204220981,0.7023144453312051,0.5195530726256983,0.0088888888888888,0.1120879687949748,0.0,0.0,0.0,0.07714591716253164,0.15773562677965902,0.041459955723609464,0.0,0.07714591716253164,0.7552663228006717,1
WF-000738,0,Pass,2008-09-07 00:12:00,0.0658339983615497,0.2119282349553923,0.7880717650446076,0.6548519996452957,0.490023942537909,0.6376695929768555,0.0355555555555555,0.0153978278678806,0.0,0.0,0.0,0.074456614651642,0.2598806652200334,0.017969357951007483,0.0,0.074456614651642,0.4768501056237559,1
WF-000206,0,Pass,2008-08-15 10:14:00,0.0734322635448586,0.2477519750488107,0.7522480249511893,0.7910573734149153,0.2402234636871508,0.4852354349561053,0.0088888888888888,0.0071388439729796,0.0,0.0,0.0,0.5695615156369033,0.6889404633714498,0.41460047282900564,0.0,0.5695615156369033,0.5117789952065154,1
WF-001518,0,Pass,2008-10-15 02:40:00,0.0273359449576589,0.2487535186849843,0.7512464813150157,0.6178331116431676,0.8731045490822027,0.2920989624900239,0.0088888888888888,0.0083304946112402,0.2257623993528078,2.0,0.2,0.5469210122947755,0.8655196397498484,0.2555977565029686,0.6173709999606751,0.5293085153783007,0.14948235653386144,0
WF-001148,0,Pass,2008-09-28 07:38:00,0.1023114869331038,0.1848521880568342,0.8151478119431658,0.5689903343087701,0.7948922585794094,0.5969672785315243,0.0088888888888888,0.0242516162316346,0.0,0.0,0.0,0.07955501620551891,0.1819117766643791,0.010912743070397553,0.0,0.07955501620551891,0.5703688705846555,1
WF-000805,0,Pass,2008-09-12 07:29:00,0.0302617116150479,0.2877792075798175,0.7122207924201824,0.8017435488161745,0.1540303272146847,0.5347166799680766,0.0266666666666666,0.0051503134619044,0.049429697993581254,1.0,0.1,0.20591368663407353,0.4401111751536498,0.10178251343067184,0.10178251343067184,0.21748381699000705,0.16591226524524966,0
WF-000813,0,Pass,2008-09-12 18:52:00,0.0277804455301808,0.2044972977206001,0.7955027022793999,0.5515000443380332,0.5738228252194733,0.9337589784517158,0.0355555555555555,0.0078473418150208,0.2779383566873436,2.0,0.2,0.2872657985778287,0.5517189770030133,0.16783559181560423,0.3992109199459958,0.25927951823578693,0.20021328829219698,0
WF-001423,0,Pass,2008-10-08 13:35:00,0.0200574252662663,0.2130873391768987,0.7869126608231013,0.488738848984659,0.8116520351157223,0.8802873104549083,0.0177777777777777,0.0162419290584061,0.0,0.0,0.0,0.6999545387695574,0.8908601241693597,0.6197274172497879,0.0,0.6999545387695574,0.11637342738999214,0
WF-000395,0,Pass,2008-08-22 01:27:00,0.0601661992656805,0.263329700582317,0.736670299417683,0.8250557772457214,0.1037509976057462,0.5403032721468476,0.0088888888888888,0.0215584790590428,0.0,0.0,0.0,0.43186480394589727,0.8351191537345477,0.2787400670643647,0.0,0.43186480394589727,0.5662018013511644,1
WF-000897,0,Pass,2008-09-19 02:44:00,0.0393191220806022,0.3043143954387465,0.6956856045612534,0.9136032632792408,0.1420590582601756,0.1324820430965682,0.0088888888888888,0.004694697913698,0.08433901792831107,1.0,0.1,0.39640179468197784,0.8530704369086326,0.284428507857215,0.33432138068498013,0.403299618459422,0.44633023961541063,1
WF-000776,0,Pass,2008-09-10 20:53:00,0.0598297545068957,0.2968783570858134,0.7031216429141867,0.9422944045402144,0.0407023144453312,0.1596169193934557,0.0088888888888888,0.0219241798838089,0.0,0.0,0.0,0.6127259503045248,0.7986517931126818,0.39117822822804943,0.0,0.6127259503045248,0.3890322375343519,1
WF-001189,0,Pass,2008-09-30 01:36:00,0.0678682117409272,0.1562026486297929,0.8437973513702071,0.4455665513877804,0.87390263367917,0.980047885075818,0.0088888888888888,0.0131867263685573,0.11408142527771337,1.0,0.1,0.2245560238590419,0.4472916259947212,0.10797976573343519,0.25617671256535707,0.22104261400278466,0.470683537013257,1
WF-000499,0,Pass,2008-08-28 22:57:00,0.0596806965731191,0.2286725492652624,0.7713274507347376,0.6892934291034849,0.5881883479648843,0.3766959297685555,0.0266666666666666,0.0220861993770443,0.0,0.0,0.0,0.645392361429457,0.8025879770709499,0.4935082741183001,0.0,0.645392361429457,0.3453209348133903,1
WF-000300,0,Pass,2008-08-19 09:05:00,0.0647952677715738,0.2214209765709561,0.778579023429044,0.6559281723862729,0.4652833200319234,0.6288906624102155,0.06,0.0165268828569849,0.1824280670534527,1.0,0.1,0.1260249649989394,0.22990490765235544,0.06923077371985438,0.22990490765235544,0.11448274914855985,0.28142066512078695,1
WF-000380,0,Pass,2008-08-21 20:19:00,0.1532578107864941,0.2504393598741722,0.7495606401258278,0.7935672607963111,0.1516360734237829,0.5849960095770151,0.0177777777777777,0.079628055202711,0.0,0.0,0.0,0.4544243982028003,0.72805634892129,0.306153715121063,0.0,0.4544243982028003,0.676033024354967,1
WF-000277,0,Pass,2008-08-18 19:24:00,0.0806756482959411,0.2478043445246603,0.7521956554753396,0.7913367030238538,0.2194732641660016,0.5131683958499601,0.0088888888888888,0.0007344003216751,0.0,0.0,0.0,0.28722787767608565,0.525027385414747,0.1514629172048034,0.0,0.28722787767608565,0.6171933188774743,1
WF-000758,0,Pass,2008-09-08 06:37:00,0.046345390107592,0.2875689855213901,0.7124310144786099,0.863603263279241,0.280925778132482,0.1380686352753392,0.0088888888888888,0.0123319457691217,0.0,0.0,0.0,0.6568108461910583,0.8938084247433262,0.5467009989002677,0.0,0.6568108461910583,0.35021706291771654,1
WF-000906,0,Pass,2008-09-19 08:52:00,0.0340744856554347,0.2831938963341682,0.7168061036658318,0.849676687062162,0.1707901037509976,0.3479648842777334,0.0088888888888888,0.0010059938527883,0.0770129899979071,1.0,0.1,0.6517619998469065,0.9105673713359206,0.5019414037522574,0.5019414037522574,0.668408732746312,0.3182321699771886,1
WF-000320,0,Pass,2008-08-20 01:42:00,0.0486403647337295,0.2743309345369222,0.7256690654630777,0.8365481954420502,0.1923383878691141,0.3703112529928172,0.0088888888888888,0.0148264834062278,0.0,0.0,0.0,0.5719542852625998,0.7796473769045834,0.4420464902502021,0.0,0.5719542852625998,0.31936146076806987,1
WF-000403,0,Pass,2008-08-22 04:57:00,0.0995007773864159,0.2404957753412948,0.7595042246587052,0.7810015074931276,0.1133280127693535,0.7031125299281724,0.0088888888888888,0.0211964971591478,0.037312209211428665,1.0,0.1,0.2684801847859924,0.4375371556465802,0.10017588823857974,0.10017588823857974,0.28718066218014937,0.6775528722353182,1
WF-001403,0,Pass,2008-10-07 14:35:00,0.0516959590869848,0.2337537421796634,0.7662462578203366,0.700350979870533,0.704708699122107,0.183559457302474,0.0177777777777777,0.0181477816162878,0.0,0.0,0.0,0.02411402894129238,0.07263394967718394,0.005831633697777404,0.0,0.02411402894129238,0.38866112813324716,1
WF-000963,0,Pass,2008-09-20 17:29:00,0.0227811328889495,0.3044722606298066,0.6955277393701933,0.8007541012680678,0.5203511572226656,0.0542697525937749,0.0088888888888888,0.01328137729462,0.06655395539083005,1.0,0.1,0.45260584750250166,0.7818177300273929,0.22862494340271675,0.3012270938431032,0.4694257090202125,0.1889619245071778,0
WF-001408,0,Pass,2008-10-07 19:24:00,0.0264432416586168,0.275700073891272,0.724299926108728,0.7433718187461205,0.363926576217079,0.5027932960893855,0.0088888888888888,0.0093008242841121,0.0,0.0,0.0,0.4434461151372062,0.8038320493148797,0.25191750868452284,0.0,0.4434461151372062,0.24872893643775143,0
WF-001103,0,Pass,2008-09-26 13:45:00,0.0403982714661592,0.264869443604208,0.735130556395792,0.7789264875410127,0.3894652833200319,0.3248204309656823,0.0088888888888888,0.00586768637626,0.0,0.0,0.0,0.35793824476041347,0.6259440030716872,0.26810012990334775,0.0,0.35793824476041347,0.3287974885661049,1
WF-000350,0,Pass,2008-08-21 05:06:00,0.1183070088644033,0.1516733166129897,0.8483266833870102,0.4776495521858651,0.8762968874700718,0.8483639265762171,0.0088888888888888,0.0416380531134819,0.0,0.0,0.0,0.6157633445271983,0.8169135741047051,0.4328820920463247,0.0,0.6157633445271983,0.7379893798525176,1
WF-000341,0,Pass,2008-08-20 21:58:00,0.0505521937629178,0.2074329156627172,0.7925670843372827,0.6055027046200231,0.5913806863527534,0.7358339984038308,0.0088888888888888,0.0169045584379541,0.2698891707561812,2.0,0.2,0.5490037407554021,0.8360303570993421,0.36369475054977646,0.7408508216725848,0.5010419705261064,0.43408302273519106,1
WF-000203,0,Pass,2008-08-15 04:14:00,0.2199073425059237,0.2024660246102151,0.7975339753897849,0.554301498625521,0.7924980047885076,0.644852354349561,0.0177777777777777,0.152073198376004,0.0,0.0,0.0,0.5540194301344827,0.9449208950298951,0.4286587905886569,0.0,0.5540194301344827,0.8583001725525188,1
WF-000794,0,Pass,2008-09-11 16:28:00,0.0524770735048234,0.2613262425369175,0.7386737574630825,0.7874578345304603,0.1731843575418994,0.5650438946528332,0.0266666666666666,0.018996819026982,0.08221903658016183,1.0,0.1,0.2430115626272888,0.8072588453418524,0.0800348430761492,0.19980176557055346,0.24781265118914828,0.4218154080405495,1
WF-000030,0,Pass,2008-07-27 16:49:00,0.1285938099229821,0.2074121296497315,0.7925878703502685,0.6649640861931365,0.4692737430167598,0.6831604150039904,0.0,0.0528193586119371,0.0,0.0,0.0,0.41785896570153663,0.6938168573117286,0.2763376293902435,0.0,0.41785896570153663,0.7516458030331132,1
WF-000317,0,Pass,2008-08-19 20:53:00,0.1023114869331039,0.1700846698090468,0.8299153301909531,0.5548230912476723,0.7430167597765364,0.6871508379888268,0.0333333333333333,0.0242516162316347,0.16081543066501383,2.0,0.2,0.24427266820660973,0.5198516732389744,0.0929874997119365,0.1964140716866899,0.25623731733658967,0.619668771351031,1
WF-000064,0,Pass,2008-08-01 02:02:00,0.0961000682171595,0.16890129159826,0.83109870840174,0.5372306464485236,0.8347964884277733,0.6823623304070231,0.0,0.0175000741490864,0.05952786134362163,1.0,0.1,0.4688629070695475,0.7619425439256917,0.2774840987345624,0.2791040612120338,0.48994722327593787,0.6367745740289638,1
WF-000575,0,Pass,2008-08-30 09:13:00,0.0584742260980045,0.2361689660820931,0.7638310339179069,0.6842215128136916,0.5794094173982443,0.3950518754988029,0.0355555555555555,0.0233975803282558,0.09052100631285487,1.0,0.1,0.5535148025274392,0.7312524697138986,0.46531346216403735,0.5010471693384494,0.5593445395484379,0.4057633668183804,1
WF-001092,0,Pass,2008-09-25 23:04:00,0.0515408287036717,0.2256880690596158,0.7743119309403842,0.7096926487541013,0.6169193934557063,0.2833200319233839,0.0088888888888888,0.0179791616344257,0.0,0.0,0.0,0.5284199798221326,0.7409965250661371,0.3922115054126161,0.0,0.5284199798221326,0.4966686621208965,1
WF-000264,0,Pass,2008-08-18 13:07:00,0.0441156892219616,0.1575563762784265,0.8424436237215734,0.4438148443735036,0.9489225857940942,0.8962490023942538,0.0,0.0099083578499583,0.21215741702626736,1.0,0.1,0.22377781683260195,0.47476123606982,0.06905212259047282,0.47476123606982,0.19589077025068882,0.37210470336008833,1
WF-000214,0,Pass,2008-08-16 05:47:00,0.2188543157051456,0.2209312925470986,0.7790687074529014,0.6145967899263989,0.4868316041500399,0.8316041500399042,0.0177777777777777,0.1509286040273322,0.06448577680114607,1.0,0.1,0.33971701719958375,0.9500805926973119,0.15909424731471467,0.2190691574668346,0.35312233494766704,0.7489113880038185,1
WF-000966,0,Pass,2008-09-20 18:56:00,0.0203008293984279,0.2351465889616223,0.7648534110383776,0.5561851556264965,0.770949720670391,0.6959297685554668,0.0,0.0159773593495348,0.10791488023001872,1.0,0.1,0.45743801002006707,0.6435699822463078,0.32677962205870537,0.49364368063973635,0.4534151577289927,0.09096806269463902,0
WF-000607,0,Pass,2008-08-31 10:59:00,0.0333172779848717,0.2558777415424423,0.7441222584575578,0.740019863438858,0.237829209896249,0.6927374301675978,0.0088888888888888,0.0018290456686176,0.14978512461874302,1.0,0.1,0.4396970020740235,0.6586007025014532,0.3462102662516642,0.6586007025014532,0.4153743686931979,0.44503943055910394,1
WF-000190,1,Fail,2008-08-10 22:26:00,0.1045467735635008,0.2032287036724206,0.7967712963275794,0.6522305577724573,0.664804469273743,0.4461292897047087,0.0088888888888888,0.0266812756125008,0.0721080630508208,1.0,0.1,0.4963773065671216,0.7575364285829894,0.3579280611893861,0.3579280611893861,0.5117605560535367,0.6642525010283494,1
WF-000279,0,Pass,2008-08-18 23:00:00,0.1003935256931306,0.2183421870269415,0.7816578129730585,0.6871109337589785,0.4014365522745411,0.6895450917797287,0.0,0.0221668757534028,0.0,0.0,0.0,0.3248750528894221,0.7541239141165074,0.13575431407875288,0.0,0.3248750528894221,0.6486113907145272,1
WF-000613,0,Pass,2008-08-31 21:04:00,0.025251202925287,0.2641422918521994,0.7358577081478006,0.7195888977564956,0.6137270550678372,0.2482043096568236,0.0088888888888888,0.0105965185594706,0.0,0.0,0.0,0.21733780358206306,0.38498578017578855,0.11460437786618714,0.0,0.21733780358206306,0.21600404040540885,0
WF-000382,0,Pass,2008-08-21 20:37:00,0.0615903737208584,0.1895844865059369,0.8104155134940632,0.5860335195530726,0.6320830007980845,0.770949720670391,0.0,0.0200104633468929,0.0,0.0,0.0,0.3573281811226659,0.7217239281168982,0.1436731112099955,0.0,0.3573281811226659,0.5420782948146726,1
WF-001009,0,Pass,2008-09-22 11:50:00,0.0343729363689453,0.2049391309644515,0.7950608690355484,0.537186663119624,0.74780526735834,0.7901037509976058,0.0088888888888888,0.0006815909033202,0.08663335591738351,1.0,0.1,0.401381508133027,0.956717064367191,0.275274552713638,0.3477302705274469,0.40734275675586923,0.3819845861395359,1
WF-000792,0,Pass,2008-09-11 15:05:00,0.0549338560935342,0.1818950966336766,0.8181049033663234,0.5151912742750732,0.7071029529130087,0.9066241021548284,0.0266666666666666,0.0216672348842763,0.17556641453628719,2.0,0.2,0.33724028228579517,0.5315847347983731,0.202368170792401,0.29604033599061214,0.3475402688595909,0.3202417786724366,1
WF-001020,0,Pass,2008-09-22 22:17:00,0.0268565964304768,0.3300411530990136,0.6699588469009864,0.9638027844284828,0.0909816440542697,0.0031923383878691,0.0088888888888888,0.0088515256190468,0.0,0.0,0.0,0.2325379792981815,0.5698370107206479,0.13565771272949603,0.0,0.2325379792981815,0.29003298641341546,1
WF-000509,1,Fail,2008-08-29 04:55:00,0.053529027820155,0.2210136354637207,0.7789863645362793,0.6683958499600957,0.6025538707102953,0.4828411811652035,0.0,0.0201402476306033,0.0,0.0,0.0,0.20906360946426722,0.40542972636696867,0.1374314601325648,0.0,0.20906360946426722,0.38680485343395776,1
WF-000464,0,Pass,2008-08-28 04:10:00,0.0560239342654169,0.2987589787238868,0.7012410212761132,0.9218512015606988,0.1085395051875498,0.1037509976057462,0.0355555555555555,0.0228521024624097,0.0,0.0,0.0,0.31707201862485823,0.6689696415845746,0.12269988792220961,0.0,0.31707201862485823,0.3777595250988685,1
WF-000853,0,Pass,2008-09-15 19:54:00,0.0384031286879328,0.1974638648070861,0.8025361351929139,0.5375897845171589,0.8012769353551477,0.727853152434158,0.0,0.0036990529216661,0.024289992700486877,1.0,0.1,0.13785090139820438,0.4667633763612563,0.033483973887179205,0.033483973887179205,0.14944722667720717,0.29368094319958016,1
WF-001302,0,Pass,2008-10-04 22:06:00,0.0294693810101592,0.3342059602092656,0.6657940397907345,0.9829527356566464,0.0215482841181165,0.0095770151636073,0.0177777777777777,0.0060115423802617,0.055693619536197135,1.0,0.1,0.4095029334995027,0.7559824055932411,0.1525941341769276,0.22806700577277939,0.4296624810246941,0.2851094977707592,1
WF-000483,0,Pass,2008-08-28 16:01:00,0.0599791033825022,0.2608828802713738,0.7391171197286261,0.8055702757825662,0.4253790901835594,0.1252992817238627,0.0355555555555555,0.0217618441494541,0.0,0.0,0.0,0.5488401363637796,0.8037124681246708,0.4037131578540825,0.0,0.5488401363637796,0.3822444835837868,1
WF-001200,0,Pass,2008-09-30 16:13:00,0.0338339590464762,0.2522610750900625,0.7477389249099374,0.6958100558659217,0.4940143655227454,0.5251396648044693,0.0,0.0012674358190475,0.04907074178219503,1.0,0.1,0.3204736912402348,0.5604689607376399,0.1572588175083646,0.1572588175083646,0.3386086772104426,0.258294685808614,0
WF-001562,0,Pass,2008-10-16 15:02:00,0.0294334183796417,0.2990129968595178,0.7009870031404821,0.8643185244302563,0.1332801276935355,0.0183559457302474,0.2111111111111111,0.0060506321960415,0.06607585138736935,1.0,0.1,0.46231124591224343,0.7394464039841746,0.2847838976037948,0.3054760917960696,0.47973737414737383,0.22151725673122727,0
WF-001004,0,Pass,2008-09-22 01:43:00,0.0207389870333979,0.280588772931814,0.7194112270681859,0.7357061275161834,0.6823623304070231,0.0734237829209896,0.0177777777777777,0.0155011010506544,0.0,0.0,0.0,0.6031911646340566,0.8336412172912971,0.5239596904384097,0.0,0.6031911646340566,0.15048546958893266,0
WF-001142,0,Pass,2008-09-28 00:51:00,0.0654863159376688,0.1788411125879998,0.8211588874120002,0.5351515473973575,0.8419792498004789,0.6664006384676776,0.0088888888888888,0.0157757435460121,0.04063193943618983,1.0,0.1,0.36859038614506723,0.8858717831480609,0.09999630188532192,0.14976542246608196,0.3929042709982878,0.4660003188779662,1
WF-001525,0,Pass,2008-10-15 06:49:00,0.015737200205455,0.2703287230791919,0.729671276920808,0.6363046909639088,0.8044692737430168,0.3000798084596967,0.0177777777777777,0.0209378258636357,0.0,0.0,0.0,0.6384044467468146,0.7595084304366438,0.5471090386559352,0.0,0.6384044467468146,0.04760904305000248,0
WF-001451,0,Pass,2008-10-10 15:50:00,0.036620470667375,0.292543570895357,0.707456429104643,0.8681718542165469,0.2250598563447725,0.1268954509177972,0.0533333333333333,0.0017613811601902,0.0,0.0,0.0,0.5210553901718674,0.8848823836774488,0.3714310174277392,0.0,0.5210553901718674,0.2983571735330263,1
WF-000324,1,Fail,2008-08-20 03:12:00,0.0625243461668124,0.2032231012832432,0.7967768987167567,0.6237747627915227,0.4668794892258579,0.8228252194732641,0.0177777777777777,0.0189952759056385,0.0,0.0,0.0,0.6494477547054591,0.7592586112044029,0.5069372444849803,0.0,0.6494477547054591,0.29131994351369483,1
WF-001319,0,Pass,2008-10-05 11:05:00,0.0288342211941678,0.279466442521977,0.720533557478023,0.8072544116342999,0.3719074221867517,0.2218675179569034,0.0177777777777777,0.0067019334846001,0.0,0.0,0.0,0.3533896091438604,0.5887711790391629,0.1564534397630787,0.0,0.3533896091438604,0.1365608323429768,0
WF-000409,0,Pass,2008-08-22 07:17:00,0.0932835945192561,0.1531409760619314,0.8468590239380686,0.4935754189944134,0.7406225059856345,0.988826815642458,0.0,0.0144386896948437,4.021245581319222e-20,2.0,0.2,0.000564292267722982,0.004770718935218878,4.011364499102387e-24,1.1345788940768224e-22,0.0007053653346537275,0.7144172558690587,1
WF-000267,0,Pass,2008-08-18 14:45:00,0.0918302668887925,0.2204499577678324,0.7795500422321676,0.7107260796311077,0.3256185155626496,0.6727853152434158,0.0177777777777777,0.0128589857486875,0.0,0.0,0.0,0.3868128609231928,0.5765376324358055,0.2922497711337569,0.0,0.3868128609231928,0.5915735555792406,1
WF-000275,0,Pass,2008-08-18 17:16:00,0.1730282168324571,0.2436248933171926,0.7563751066828074,0.7615241642280748,0.0790103750997605,0.8148443735035914,0.0177777777777777,0.1011176269918012,0.22699562841257093,1.0,0.1,0.07049132161439232,0.16001221847491628,0.01235888899447059,0.16001221847491628,0.06054455529655632,0.7311970184273047,1
WF-000681,0,Pass,2008-09-02 12:01:00,0.0925809575024429,0.2603460996819564,0.7396539003180436,0.8449036091158997,0.2226656025538707,0.2090981644054269,0.0622222222222222,0.0136749538070032,0.0,0.0,0.0,0.23590906241380996,0.9735626690941956,0.03042625277765282,0.0,0.23590906241380996,0.7064223917850684,1
WF-001156,0,Pass,2008-09-28 17:55:00,0.0437149549596929,0.2380000868327532,0.7619999131672468,0.693886494635098,0.6735833998403831,0.2529928172386273,0.0177777777777777,0.009472777130101,0.06112505204337966,1.0,0.1,0.21461935995959475,0.5166715388636878,0.07038024170909898,0.1311861954704706,0.22388971156949738,0.26454066029101386,0
WF-001485,0,Pass,2008-10-13 19:17:00,0.0086447424046953,0.3830955285086579,0.6169044714913421,0.9092015606987672,0.2090981644054269,0.0135674381484437,0.0355555555555555,0.0286470191253311,0.0,0.0,0.0,0.5063709859368065,0.7960905728855889,0.3215325265800359,0.0,0.5063709859368065,0.03347784971371338,0
WF-000780,0,Pass,2008-09-11 00:17:00,0.0179435638149948,0.3675481075113716,0.6324518924886284,0.9685350713842332,0.0311252992817238,0.0111731843575419,0.0444444444444444,0.0185396045489186,0.2024760840439566,2.0,0.2,0.2906408558095188,0.43438111984935857,0.15614089888363852,0.294239111737478,0.28974129182752906,0.0672372325230875,0
WF-000153,0,Pass,2008-08-07 10:12:00,0.0767600651691049,0.2684717828646853,0.7315282171353147,0.849592799503414,0.1580207501995211,0.3519553072625698,0.0177777777777777,0.0035216682944511,0.12707800484404208,1.0,0.1,0.1782994563181473,0.3929477552716692,0.1036677643281941,0.2265793917368759,0.17293501904939967,0.5264285869718215,1
WF-000517,0,Pass,2008-08-29 06:37:00,0.0503779925777082,0.3062022750426543,0.6937977249573457,0.959094085306376,0.0782122905027933,0.0399042298483639,0.0088888888888888,0.0167152093235958,0.0,0.0,0.0,0.2619905540639512,0.6193174274218334,0.1369964527802234,0.0,0.2619905540639512,0.35689396882480623,1
WF-000048,0,Pass,2008-07-29 15:41:00,0.1702838002912012,0.1440635708407975,0.8559364291592024,0.4246127516183382,0.9720670391061452,0.9122106943335994,0.0177777777777777,0.0981345655339143,0.0,0.0,0.0,0.35899091050004756,0.5348897831212094,0.21018701915520765,0.0,0.35899091050004756,0.7480943216752128,1
WF-000896,0,Pass,2008-09-19 01:57:00,0.0281816864231053,0.2774718242180771,0.7225281757819229,0.7449956548727499,0.3048683160415004,0.5363128491620112,0.0355555555555555,0.0074112104096681,0.0,0.0,0.0,0.32947204040065026,0.8418285164818802,0.19199522011365425,0.0,0.32947204040065026,0.18714093617889874,0
WF-000774,0,Pass,2008-09-10 09:21:00,0.0262647453737855,0.2795627734167182,0.7204372265832817,0.7571029529130088,0.232242617717478,0.6464485235434956,0.0,0.0094948419850156,0.04697662136933568,1.0,0.1,0.023403138506868357,0.08572507180863415,0.0007197018608135849,0.010994003764912748,0.024781931255974537,0.22724643923650942,0
WF-001474,0,Pass,2008-10-13 03:34:00,0.0203334491232149,0.2528440350810487,0.7471559649189512,0.6244971180278444,0.8563447725458898,0.2889066241021548,0.0088888888888888,0.0159419031269402,0.0,0.0,0.0,0.201216841244928,0.3889668015377054,0.0908587751727138,0.0,0.201216841244928,0.13797424828993593,0
WF-000372,0,Pass,2008-08-21 17:44:00,0.1256085144222708,0.1689567336905249,0.8310432663094751,0.5134876296887471,0.9385474860335196,0.6320830007980845,0.0,0.0495744721981205,0.0,0.0,0.0,0.4851943124487357,0.8282880811448615,0.19917146937080127,0.0,0.4851943124487357,0.631354240512015,1
WF-001350,0,Pass,2008-10-06 06:49:00,0.0273427423098309,0.2607166441790824,0.7392833558209175,0.7025856167420413,0.650438946528332,0.2505985634477254,0.0177777777777777,0.0083231061849663,0.0,0.0,0.0,0.6234343315962059,0.93537668643402,0.4994961304005659,0.0,0.6234343315962059,0.20520871788859787,0
WF-001436,0,Pass,2008-10-08 23:13:00,0.0966423033303561,0.1977177768111368,0.8022822231888631,0.6327971978363041,0.7653631284916201,0.3830806065442937,0.0088888888888888,0.0180894601416914,0.28133927726734603,1.0,0.1,0.1477466404657291,0.41566933047306653,0.034345810294232434,0.41566933047306653,0.11797745268713607,0.5492554386535625,1
WF-000411,0,Pass,2008-08-22 09:29:00,0.0815438056754931,0.1531445736712296,0.8468554263287704,0.4947244834619136,0.7358339984038308,0.962490023942538,0.0177777777777777,0.0016780496472751,0.0,0.0,0.0,0.52470210269283,0.8000902922603588,0.3882621177289026,0.0,0.52470210269283,0.6705728485016984,1
WF-001365,1,Fail,2008-10-06 13:55:00,0.1340032501492534,0.2777848724211621,0.7222151275788379,0.8965999822647868,0.1508379888268156,0.1739824421388667,0.0177777777777777,0.0586991849448407,0.0,0.0,0.0,0.27493542024280365,0.5471809104991865,0.17906254595099544,0.0,0.27493542024280365,0.7288542764036781,1
WF-000668,0,Pass,2008-09-02 07:32:00,0.0361722926443153,0.1833471508012644,0.8166528491987355,0.4751714108362153,0.9473264166001596,0.7446129289704708,0.0177777777777777,0.0012742311351253,0.0,0.0,0.0,0.03411255527059764,0.1286287705192344,0.007691131657374722,0.0,0.03411255527059764,0.22876174487331538,0
WF-000291,0,Pass,2008-08-19 05:54:00,0.0908252920467283,0.2067922023762855,0.7932077976237144,0.6523860955927995,0.4381484437350359,0.7486033519553073,0.0177777777777777,0.0117666217899221,0.0,0.0,0.0,0.2729841692074374,0.7801170850681813,0.06410816692250301,0.0,0.2729841692074374,0.6208479169051406,1
WF-000648,0,Pass,2008-09-02 01:09:00,0.0578660697892042,0.252722605802028,0.747277394197972,0.7423578966037067,0.4812450119712689,0.2857142857142857,0.0444444444444444,0.0240586197943431,0.0,0.0,0.0,0.562921636446714,0.788698464965352,0.440646014989994,0.0,0.562921636446714,0.26282076769815904,0
WF-001249,0,Pass,2008-10-02 16:58:00,0.119179762691518,0.2786586009683193,0.7213413990316807,0.8996367828323135,0.0502793296089385,0.3168395849960095,0.0088888888888888,0.0425866985777369,0.07519989677486627,1.0,0.1,0.5012995422423789,0.7152753286185232,0.3716069137882125,0.3769767382991461,0.5151131871249603,0.7280538884956341,1
WF-000325,0,Pass,2008-08-20 06:36:00,0.1086348763792716,0.2064779344201314,0.7935220655798685,0.6726973485856167,0.3607342378292099,0.7757382282521947,0.0177777777777777,0.0311248656296431,0.1567078925855096,1.0,0.1,0.07035663219286561,0.4758472297087049,0.0026917646857196656,0.11025439560357793,0.06592354736945313,0.7893730480556884,1
WF-001374,0,Pass,2008-10-06 18:54:00,0.0240878368019797,0.3307314481339872,0.6692685518660128,0.9235353374124324,0.1109337589784517,0.1221069433359936,0.0177777777777777,0.0118610469543698,0.2047585657979027,2.0,0.2,0.5206590550401919,0.7361986524092909,0.408807130756735,0.5330470068986048,0.5175620670755887,0.20826209381235253,0
WF-000184,0,Pass,2008-08-10 11:16:00,0.1819058346683877,0.143297409898495,0.856702590101505,0.4078269043185245,0.9768555466879488,0.951316839584996,0.0311111111111111,0.1107672115960736,0.0,0.0,0.0,0.28799456308311305,0.4720981791856315,0.11123373981809975,0.0,0.28799456308311305,0.6573026677421429,1
WF-001338,0,Pass,2008-10-06 01:27:00,0.0333647169756714,0.2100775061400673,0.7899224938599326,0.5628410038130709,0.8986432561851556,0.4620909816440542,0.0177777777777777,0.0017774815481831,0.0,0.0,0.0,0.34554666129981254,0.5186539757875462,0.23983821730828106,0.0,0.34554666129981254,0.3064390032263203,1
WF-001411,0,Pass,2008-10-07 20:48:00,0.0803931071375673,0.1843043117851368,0.8156956882148632,0.5902991930477964,0.7454110135674381,0.5810055865921788,0.0088888888888888,0.000427290366921,0.08018676137841961,1.0,0.1,0.1765565991986141,0.582288473507357,0.11662398581541321,0.1415750188972454,0.18044344145432176,0.7539498924462319,1
WF-000014,0,Pass,2008-07-21 08:21:00,0.0357200027074866,0.1692706899409633,0.8307293100590366,0.4477971091602377,0.9497206703910616,0.8507581803671189,0.0177777777777777,0.0007826116385724,0.06935372509331844,1.0,0.1,0.5995202112718159,0.8441136490439116,0.41578959920433717,0.41578959920433717,0.619934723723758,0.24421912293958956,0
WF-001464,0,Pass,2008-10-11 16:25:00,0.0166982047504959,0.335413335306002,0.664586664693998,0.8488264609381927,0.2721468475658419,0.1667996807661612,0.0355555555555555,0.0198932557059826,0.07403272030681607,1.0,0.1,0.516479497679884,0.8468767744104312,0.3823638219593971,0.3823638219593971,0.5313812394266048,0.08641503607204604,0
WF-000981,0,Pass,2008-09-21 09:16:00,0.0378946108038462,0.310355171488699,0.6896448285113009,0.9152352576039726,0.217877094972067,0.0055865921787709,0.0177777777777777,0.0031463160911372,0.10812920300186403,1.0,0.1,0.5568479704951725,0.7181193752510182,0.46334650028950763,0.6021152724284851,0.5518182702803601,0.39896389157783924,1
WF-000100,0,Pass,2008-08-04 23:33:00,0.1743986263198752,0.1483058570983619,0.851694142901638,0.4031043717300701,0.9896249002394254,0.9736632083000798,0.0177777777777777,0.1026072025216035,0.0186159410918835,1.0,0.1,0.14230105119217473,0.7259251429494114,0.02409316284074108,0.026490679863066233,0.15516887022874234,0.8355395676725234,1
WF-000938,0,Pass,2008-09-20 05:22:00,0.0408676951289024,0.2094824262870472,0.7905175737129527,0.6087349472377406,0.6328810853950518,0.664804469273743,0.0088888888888888,0.0063779294879374,0.07900308794154463,1.0,0.1,0.2945873621100056,0.5208705951168522,0.18804646242440107,0.2327331127524442,0.30146005648306795,0.34771936198518494,1
WF-000783,0,Pass,2008-09-11 07:43:00,0.0533923762568206,0.3094660591437393,0.6905339408562606,0.9371027755608762,0.1268954509177972,0.0454908220271348,0.0177777777777777,0.0199917133226311,0.07970872256424595,1.0,0.1,0.7534755829935735,0.9255495766660191,0.5936650336829393,0.6005857620376822,0.7704633408775614,0.379028507505275,1
WF-000870,0,Pass,2008-09-16 22:45:00,0.0498797641722599,0.1859635501656758,0.8140364498343242,0.5377054181076528,0.8403830806065443,0.6584197924980048,0.0088888888888888,0.0161736567089781,0.0,0.0,0.0,0.4567146105371075,0.6316157315270395,0.32991175672971734,0.0,0.4567146105371075,0.34791317089127605,1
WF-001112,0,Pass,2008-09-26 19:38:00,0.0298599116786131,0.2544460772509307,0.7455539227490693,0.7025937749401436,0.4860335195530726,0.5091779728651237,0.0,0.0055870525232465,0.25971231956472235,3.0,0.3,0.6897189451243615,0.8774477296054548,0.5278932427516014,0.5970950236199379,0.7294149114834001,0.2176025383204588,0
WF-000855,0,Pass,2008-09-15 22:13:00,0.0393011771112598,0.2512189349318294,0.7487810650681705,0.7616357187195175,0.160415003990423,0.6719872306464485,0.0355555555555555,0.0046751925122389,0.14681443714147685,2.0,0.2,0.25621213657433395,0.4761972431664833,0.1163852713994603,0.18807820309988016,0.2732456199429474,0.34944492856393183,1
WF-000941,0,Pass,2008-09-20 06:08:00,0.0278975985293882,0.2383736869608826,0.7616263130391173,0.6359056486654252,0.7805267358339985,0.3351955307262569,0.0177777777777777,0.007720001598491,0.0,0.0,0.0,0.5526780253228492,0.8226916386124333,0.41415974159670477,0.0,0.5526780253228492,0.23635178337672183,0
WF-000669,0,Pass,2008-09-02 08:15:00,0.052566925668269,0.290290735136141,0.709709264863859,0.8816798794005498,0.2098962490023942,0.1652035115722266,0.0088888888888888,0.0190944844220315,0.0,0.0,0.0,0.2064903768393816,0.7224185942826022,0.07447147350849632,0.0,0.2064903768393816,0.38143970189063353,1
WF-001226,0,Pass,2008-10-02 00:21:00,0.1516814046404234,0.1972179117961827,0.8027820882038172,0.6184357541899442,0.5315243415802074,0.7821229050279329,0.0,0.0779145702613298,0.16139644477316878,1.0,0.1,0.5745459839998639,0.9272967917627994,0.4037798748525768,0.9272967917627994,0.5353514498039823,0.8812266073474129,1
WF-000056,0,Pass,2008-07-30 07:08:00,0.2779182245662261,0.2502141955510243,0.7497858044489756,0.6779647069256007,0.3160415003990423,0.8172386272944933,0.0177777777777777,0.2151285049632892,0.0,0.0,0.0,0.38390593796082756,0.5758430563588112,0.22329428521908726,0.0,0.38390593796082756,0.8882789444530567,1
WF-000308,0,Pass,2008-08-19 11:57:00,0.0613110547516031,0.2333750294826467,0.7666249705173532,0.6995805622062605,0.2785315243415802,0.7406225059856345,0.0444444444444444,0.0203140709221704,0.07908757601741798,1.0,0.1,0.4204602774052583,0.6555210081195962,0.30261936127998573,0.3325318415159302,0.43023010361518366,0.5017670186832411,1
WF-000900,0,Pass,2008-09-19 05:57:00,0.0722572074895509,0.2215898219901329,0.7784101780098671,0.7018990866365168,0.4804469273743016,0.4628890662410215,0.0355555555555555,0.0084160788157055,0.0,0.0,0.0,0.16622949796869751,0.4408941243805173,0.07185059121503433,0.0,0.16622949796869751,0.5322742941119155,1
WF-001517,0,Pass,2008-10-15 01:52:00,0.0133189390628621,0.3279674811714517,0.6720325188285483,0.810039549525583,0.4445331205107741,0.0806065442936951,0.0355555555555555,0.0235663705838455,0.0,0.0,0.0,0.03668915199346814,0.25818351951793567,0.00045321331438474404,0.0,0.03668915199346814,0.12462871787203084,0
WF-001266,0,Pass,2008-10-03 04:49:00,0.0494925262853198,0.2552301833349493,0.7447698166650507,0.7483956726079631,0.515562649640862,0.2561851556264964,0.0177777777777777,0.0157527459623041,0.0,0.0,0.0,0.5663821926679218,0.6864460462406382,0.4508083327722293,0.0,0.5663821926679218,0.2466030505000257,0
WF-000543,0,Pass,2008-08-29 20:21:00,0.102444158140039,0.2606670022716101,0.7393329977283899,0.8451072093641926,0.1963288108539505,0.2593774940143655,0.0533333333333333,0.0243958240652597,0.09746975361397807,1.0,0.1,0.6249931929884469,0.9840989016664612,0.5044028221365247,0.6091793253099737,0.6267502893971663,0.7234121024219619,1
WF-000292,1,Fail,2008-08-19 05:56:00,0.1183919351112072,0.2073037198589882,0.7926962801410118,0.6529048505808281,0.5227454110135674,0.6280925778132482,0.0177777777777777,0.0417303642513122,0.16099515653520094,1.0,0.1,0.39846158200317483,0.6415038476786493,0.23698982994066148,0.6415038476786493,0.371456885817011,0.6750944328054043,1
WF-001441,0,Pass,2008-10-09 07:38:00,0.0614886882326946,0.268955308190316,0.731044691809684,0.8434874523366143,0.3328012769353551,0.1316839584996009,0.0177777777777777,0.0201209910514188,0.0,0.0,0.0,0.5999425438740003,0.8736774632126614,0.398312855779855,0.0,0.5999425438740003,0.42402216029706175,1
WF-000702,0,Pass,2008-09-02 19:18:00,0.0324489241738698,0.2204739706934423,0.7795260293065577,0.6003798882681565,0.5762170790103751,0.7597765363128491,0.02,0.0027729085066632,0.0,0.0,0.0,0.03848045010206482,0.10135503490200314,0.0026725373819962038,0.0,0.03848045010206482,0.2560150371095432,0
WF-001313,0,Pass,2008-10-05 08:02:00,0.0584375964959203,0.198882786110011,0.8011172138899889,0.5811212201826728,0.601755786113328,0.8188347964884277,0.0088888888888888,0.0234373951131299,0.024294730968545435,1.0,0.1,0.09946559666724078,0.5101146985773622,0.023668008123734752,0.024164899116564643,0.10783234083953813,0.4543516328574606,1
WF-000293,0,Pass,2008-08-19 06:24:00,0.0884857679743267,0.1972884706479302,0.8027115293520698,0.653016405072271,0.6879489225857941,0.3679169992019154,0.0355555555555555,0.0092236608416595,0.12327246290268568,2.0,0.2,0.34041295986271936,0.6115664020559399,0.17116280076617438,0.2098177198313525,0.3730617698705611,0.6238873444786228,1
WF-001357,0,Pass,2008-10-06 09:11:00,0.0344944987563531,0.2504044522817432,0.7495955477182568,0.6907381395761284,0.5450917797286512,0.4596967278531524,0.0088888888888888,0.0005494578735292,0.0,0.0,0.0,0.37485097531418227,0.8519131626622336,0.1904069446202869,0.0,0.37485097531418227,0.2413658794972712,0
WF-001056,0,Pass,2008-09-24 10:10:00,0.0853034097492289,0.2295555359272484,0.7704444640727516,0.7171588188347965,0.529928172386273,0.3894652833200319,0.0,0.0057645758143793,0.0511039358972851,1.0,0.1,0.3006124117791947,0.647353188065632,0.15362477421492235,0.15362477421492235,0.31694437150855825,0.5584298992770773,1
WF-000646,0,Pass,2008-09-02 00:31:00,0.0405726657698752,0.282754127746448,0.717245872253552,0.8578171499512282,0.2569832402234637,0.1947326416600159,0.0088888888888888,0.0060572454020382,0.639424579784578,1.0,0.1,0.0500890287163148,0.3202815613874725,0.0037040237033932892,0.3202815613874725,0.020067636197297272,0.22627056069824913,0
WF-000545,0,Pass,2008-08-29 21:25:00,0.0431818156950374,0.2606222816267161,0.7393777183732839,0.755414737962224,0.4636871508379888,0.286512370311253,0.0266666666666666,0.0088932779293885,0.02065833602014225,1.0,0.1,0.04027456229033516,0.23379006751111456,0.0019003197277334555,0.008320054408578935,0.04382506316608585,0.24584547477033572,0
WF-000590,0,Pass,2008-08-30 15:50:00,0.0488948061570429,0.2996729875506732,0.7003270124493268,0.922727853152434,0.0877893056664006,0.0901835594573024,0.06,0.0151030501706988,0.0,0.0,0.0,0.5067433890734787,0.8335795825518612,0.2694696992706839,0.0,0.5067433890734787,0.3629744122860388,1
WF-000808,0,Pass,2008-09-12 13:08:00,0.0152613045962585,0.2987451162049664,0.7012548837950336,0.710928438414472,0.4030327214684757,0.538707102952913,0.0333333333333333,0.021455103699719,0.0,0.0,0.0,0.2628997250772784,0.49809772476399206,0.15359001338276176,0.0,0.2628997250772784,0.05983827369667623,0
WF-000822,0,Pass,2008-09-13 02:57:00,0.0200197591198019,0.330795981305127,0.6692040186948729,0.8922023587833644,0.1715881883479648,0.1340782122905028,0.0355555555555555,0.0162828705219544,0.0,0.0,0.0,0.345166629070426,0.4351068838348545,0.22828324049948276,0.0,0.345166629070426,0.12656025355456793,0
WF-001271,0,Pass,2008-10-03 09:30:00,0.042825998559864,0.2414411500341785,0.7585588499658216,0.6957660725370223,0.5626496408619314,0.4150039904229848,0.0088888888888888,0.0085065201737652,0.17244300219659917,2.0,0.2,0.5970894312466515,0.8624664384073342,0.4048165690415088,0.5148194705201623,0.6176569214282738,0.3410434976033515,1
WF-000949,0,Pass,2008-09-20 12:36:00,0.0429988143550315,0.1738415409174728,0.8261584590825272,0.4719228518222932,0.911412609736632,0.7509976057462091,0.0533333333333333,0.0086943634293821,0.03446233434804479,1.0,0.1,0.20075482126304292,0.6051733188779018,0.039366847840942465,0.06918479772348957,0.2153737127674377,0.22667450016294166,0
WF-000722,0,Pass,2008-09-04 08:01:00,0.0272341382919172,0.2427914259540847,0.7572085740459154,0.689409062693979,0.25219473264166,0.8324022346368715,0.0355555555555555,0.0084411540305247,0.07801190390387931,1.0,0.1,0.28132787496710027,0.41501543360393395,0.18753340397845492,0.21946923147415998,0.288201057577427,0.1328129371438722,0
WF-000440,0,Pass,2008-08-23 13:02:00,0.0416312708015059,0.1639489995767216,0.8360510004232784,0.4371907422186751,0.9034317637669592,0.9864325618515564,0.0,0.0072079030451151,8.966515496056526e-18,2.0,0.2,1.1354071252899801e-07,1.0006636040223281e-06,6.053922157784009e-26,5.0903227916228e-24,1.4192589066124751e-07,0.26531814239796675,0
WF-000610,0,Pass,2008-08-31 15:13:00,0.0488310990630565,0.2127259888924021,0.7872740111075979,0.6164682096302209,0.6839584996009577,0.5339185953711093,0.0266666666666666,0.0150338033294093,0.0,0.0,0.0,0.5886460843056143,0.7464037751834974,0.46873088247536476,0.0,0.5886460843056143,0.2668718399017025,0
WF-000677,0,Pass,2008-09-02 11:08:00,0.0496320915347255,0.2453602903052999,0.7546397096947001,0.7233952292276316,0.5498802873104549,0.2370311252992817,0.0622222222222222,0.0159044473203538,0.0,0.0,0.0,0.0381964359415682,0.17155251921503487,0.006028658203078456,0.0,0.0381964359415682,0.3275600460101405,1
WF-001222,0,Pass,2008-10-01 21:15:00,0.0585108736399601,0.1855761750454728,0.8144238249545271,0.5691540303272147,0.7190742218675179,0.7166799680766162,0.0,0.0233577460435215,0.0,0.0,0.0,0.6992909727245568,0.8074790219458247,0.6302717436372165,0.0,0.6992909727245568,0.45538376003374115,1
WF-001207,0,Pass,2008-09-30 23:34:00,0.0511545879960584,0.2792608167527586,0.7207391832472414,0.8626063669415625,0.1883479648842777,0.0654429369513168,0.1377777777777777,0.0175593347783244,0.0,0.0,0.0,0.7753204891304021,0.9062586944066504,0.6738723216933814,0.0,0.7753204891304021,0.2679466770915956,0
WF-000303,0,Pass,2008-08-19 11:13:00,0.1456997517239171,0.1961370338692978,0.8038629661307022,0.6078488959829742,0.4150039904229848,0.9449321628092576,0.0266666666666666,0.0714127736129534,0.0,0.0,0.0,0.11264379690304804,0.28483079833321717,0.03526856976605408,0.0,0.11264379690304804,0.6443521161821756,1
WF-000700,0,Pass,2008-09-02 18:38:00,0.0451749157563638,0.2058502102384444,0.7941497897615556,0.5989624900239425,0.4828411811652035,0.928172386272945,0.0,0.0110596910395259,0.0,0.0,0.0,0.5927396241714202,0.7835589240573549,0.41277150653520467,0.0,0.5927396241714202,0.38431958066798927,1
WF-000769,0,Pass,2008-09-08 22:17:00,0.0555530345298456,0.2053378423164622,0.7946621576835378,0.6406061895894298,0.5586592178770949,0.5985634477254589,0.0355555555555555,0.0223402549237452,0.0,0.0,0.0,0.25203892917613957,0.5186482176534873,0.14549078662838452,0.0,0.25203892917613957,0.3995219651882017,1
WF-001173,0,Pass,2008-09-29 07:53:00,0.028707037538393,0.2428435945858053,0.7571564054141947,0.6754588986432561,0.3383878691141261,0.8244213886671987,0.0,0.0068401765887032,0.15470864297177242,1.0,0.1,0.28840037147473724,0.6317828292230203,0.070082016358542,0.4461803010341166,0.2708692681903618,0.18577157814304213,0
WF-001404,0,Pass,2008-10-07 16:32:00,0.0503888664498892,0.2365803985559652,0.7634196014440348,0.690933581626319,0.6751795690343176,0.2625698324022346,0.0177777777777777,0.0167270287498795,0.2280429781990604,1.0,0.1,0.26592403418166033,0.6064210872949455,0.10405080782779395,0.6064210872949455,0.22809102828018415,0.4477480031807731,1
WF-000680,0,Pass,2008-09-02 11:49:00,0.0677996206861862,0.2313109271901259,0.7686890728098741,0.7426730513434425,0.300877893056664,0.5227454110135674,0.0533333333333333,0.013261281862841,0.0,0.0,0.0,0.21031536107033758,0.44178723691406674,0.11379990377587341,0.0,0.21031536107033758,0.5264084581070371,1
WF-001101,0,Pass,2008-09-26 11:08:00,0.0409231969783654,0.1847412960645251,0.8152587039354748,0.5436470692560078,0.5857940941739824,0.9768555466879488,0.0177777777777777,0.0064382575851797,0.08841054729516698,1.0,0.1,0.4827098136492931,0.5806832610304463,0.4180658978958572,0.4267663880948207,0.48892574982201226,0.3605325743793629,1
WF-000762,0,Pass,2008-09-08 19:14:00,0.0469496685397103,0.2779259283233154,0.7220740716766846,0.8448083710206615,0.2513966480446927,0.2545889864325618,0.0088888888888888,0.012988770151859,0.0,0.0,0.0,0.07607322139773393,0.1462732679202373,0.02202698687843238,0.0,0.07607322139773393,0.31138426456464446,1
WF-000638,0,Pass,2008-09-01 23:05:00,0.0268364834939545,0.2573541369784106,0.7426458630215893,0.672968519996453,0.5562649640861931,0.4724660814046288,0.0355555555555555,0.0088733875065711,0.0,0.0,0.0,0.21599921692545196,0.38749448361096644,0.12516914799235332,0.0,0.21599921692545196,0.162230631036062,0
WF-000472,0,Pass,2008-08-28 07:51:00,0.0676899880646547,0.2588326906036629,0.7411673093963371,0.7951593508911945,0.3615323224261771,0.2705506783719074,0.0266666666666666,0.01338044775581,0.0,0.0,0.0,0.6816625650851867,0.9451472657627161,0.4886347827978499,0.0,0.6816625650851867,0.4622542482676801,1
WF-000574,0,Pass,2008-08-30 08:53:00,0.0341307964628462,0.2969846011256271,0.7030153988743729,0.8440900948833909,0.2905027932960894,0.2027134876296887,0.0088888888888888,0.0009447864534279,0.2833266951104005,2.0,0.2,0.21923948264522997,0.7994663377780763,0.049995561590392035,0.31058199027793504,0.1964038557370537,0.2613377368699606,0
WF-001152,1,Fail,2008-09-28 09:50:00,0.0454854447657374,0.1839503706048257,0.8160496293951742,0.5249319854571252,0.9345570630486832,0.5634477254588987,0.0177777777777777,0.0113972225714536,0.0,0.0,0.0,0.4279503392988123,0.7251186416984993,0.2573014953918259,0.0,0.4279503392988123,0.28660656603698703,1
WF-000078,0,Pass,2008-08-03 16:00:00,0.1637995223021064,0.2041400402676571,0.7958599597323428,0.5916201117318436,0.5921787709497207,0.8044692737430168,0.0,0.0910864372848982,0.04853697228920956,1.0,0.1,0.12193026254093806,0.36638731941483865,0.008487220754933297,0.05918125774165557,0.12890237418530276,0.7440523613995629,1
WF-001340,0,Pass,2008-10-06 02:44:00,0.0299108229412096,0.3039118126194906,0.6960881873805094,0.8473581626319056,0.3359936153232242,0.1117318435754189,0.0177777777777777,0.0055317141943373,0.0,0.0,0.0,0.3676959637784574,0.7256862474739663,0.20317413604499304,0.0,0.3676959637784574,0.259387799055815,0
WF-000025,0,Pass,2008-07-27 04:18:00,0.0998162434545462,0.1457205587179215,0.8542794412820784,0.442689367739647,0.9648842777334398,0.8499600957701516,0.0177777777777777,0.0215393950592894,0.0,0.0,0.0,0.4615626663943062,0.6061570569139594,0.36912709581750924,0.0,0.4615626663943062,0.6031256804892349,1
WF-001077,0,Pass,2008-09-25 10:23:00,0.039489914441856,0.2785423366127759,0.7214576633872241,0.8035873015873015,0.3623304070231444,0.2641660015961692,0.0088888888888888,0.0048803417846261,0.07534298246595018,1.0,0.1,0.6502371960969373,0.8831148590053423,0.4125798720851121,0.4899080966424016,0.6680515404807746,0.322748646824937,1
WF-001251,0,Pass,2008-10-02 17:19:00,0.1470269693707366,0.2452017266341838,0.7547982733658162,0.7388186574443558,0.6392657621707901,0.1213088587390263,0.0177777777777777,0.0728554014899311,0.13893775725624763,1.0,0.1,0.3125581332287636,0.9312041271655538,0.09248612877842309,0.4342612604300386,0.299035563539733,0.8165825546464168,1
WF-000387,0,Pass,2008-08-21 23:27:00,0.0456564358224249,0.1616190960919311,0.838380903908069,0.4473939877627029,0.9122106943335994,0.8906624102154829,0.0266666666666666,0.0115830824156793,0.18442979459187006,1.0,0.1,0.33236652865304306,0.6129829060869363,0.16492185730691356,0.6129829060869363,0.30118693116038825,0.2879170232012395,1
WF-000992,0,Pass,2008-09-21 15:34:00,0.0310926475245171,0.3149312161503871,0.6850687838496128,0.9219790724483464,0.1524341580207502,0.0702314445331205,0.0177777777777777,0.0042471222559595,0.0,0.0,0.0,0.4915319554818346,0.8766331507643882,0.3010950175677622,0.0,0.4915319554818346,0.18559293062835877,0
WF-001493,0,Pass,2008-10-13 21:57:00,0.0161596352634504,0.2825671270114503,0.7174328729885496,0.6733276580650882,0.722266560255387,0.2386272944932163,0.0355555555555555,0.0204786573223365,0.0,0.0,0.0,0.052195817128764255,0.11697439656287337,0.010511409334619243,0.0,0.052195817128764255,0.06750832242453321,0
WF-000592,0,Pass,2008-08-30 16:24:00,0.0441549369662065,0.1878445596727929,0.8121554403272071,0.5177972865123703,0.819632881085395,0.7813248204309656,0.0,0.0099510184415288,0.025490820371365228,1.0,0.1,0.1922163077385617,0.666078717320353,0.020666858011245026,0.048997513730107356,0.2081295070728344,0.3868428930574923,1
WF-001472,0,Pass,2008-10-12 08:19:00,0.0186780997017001,0.2735622260988113,0.7264377739011887,0.6786430788330229,0.7422186751795691,0.217877094972067,0.0177777777777777,0.0177411959764128,0.16598750061382472,2.0,0.2,0.3327228225972105,0.4653462792482509,0.22093073529361731,0.27613914860043987,0.34686874109640314,0.12206378396928166,0
WF-000146,0,Pass,2008-08-06 23:40:00,0.1297758932204424,0.2160317047895694,0.7839682952104305,0.6811130619845704,0.3288108539505187,0.7725458898643256,0.0266666666666666,0.0541042317613505,0.01577113050555914,1.0,0.1,0.06636348519198312,0.2709831773213932,0.0034569731647909464,0.010466271857665074,0.07257428667357402,0.6664852813515514,1
WF-000013,0,Pass,2008-07-20 03:35:00,0.0756478732907086,0.1611245545728315,0.8388754454271685,0.4847085217699742,0.8020750199521149,0.9098164405426976,0.0177777777777777,0.0047305725100992,1.1776282930072046e-07,3.0,0.3,0.0005567809041024813,0.005505711741693712,2.155634708227909e-23,2.1856031522573774e-10,0.0007954011979062668,0.5765548300636112,1
WF-000278,1,Fail,2008-08-18 19:54:00,0.0704587266235469,0.2676947854883985,0.7323052145116015,0.8488427773343974,0.0271348762968874,0.5666400638467678,0.0,0.0103709493222316,0.22856037594153256,1.0,0.1,0.35221417599661237,0.8050220447772284,0.12408054072030915,0.8050220447772284,0.3019021905765439,0.5962372192872738,1
WF-000283,1,Fail,2008-08-19 03:59:00,0.1429992730582572,0.1990524133713575,0.8009475866286424,0.6292693092134434,0.3112529928172386,0.9760574620909817,0.0444444444444444,0.068477470715497,0.0,0.0,0.0,0.532713591158432,0.8507121750112739,0.3580373476436723,0.0,0.532713591158432,0.466037291806383,1
WF-000902,0,Pass,2008-09-19 06:44:00,0.031567629646218,0.2328713872278933,0.7671286127721066,0.6535074931276049,0.656025538707103,0.4533120510774142,0.0088888888888888,0.0037308373410673,0.0,0.0,0.0,0.6136082147081622,0.8661807640585966,0.4616510987289789,0.0,0.6136082147081622,0.21599158478385863,0
WF-000047,0,Pass,2008-07-29 11:47:00,0.3384614449523972,0.1899759334229501,0.8100240665770498,0.4312767580030149,0.9752593774940144,0.8810853950518756,0.0177777777777777,0.2809363532091273,0.0,0.0,0.0,0.3309368713298212,0.4855495152904655,0.2533177907431164,0.0,0.3309368713298212,0.8764551037752588,1
WF-001298,0,Pass,2008-10-04 19:12:00,0.0863761412138598,0.1955859589216025,0.8044140410783975,0.6250117939168218,0.8276137270550679,0.3128491620111732,0.0177777777777777,0.0069305882759346,0.0,0.0,0.0,0.6741937983883931,0.8794244511579247,0.554668526806294,0.0,0.6741937983883931,0.5379383638183273,1
WF-000149,0,Pass,2008-08-07 07:30:00,0.0649277158687268,0.1805973419320203,0.8194026580679797,0.5367078123614437,0.8284118116520351,0.6791699920191541,0.0088888888888888,0.0163829175339925,0.20158805832487117,2.0,0.2,0.6104204443620064,0.7822821973072093,0.47649611544083925,0.6152673607037096,0.6092087152765806,0.4821895871868499,1
WF-000034,0,Pass,2008-07-27 23:14:00,0.1357190946116753,0.1462507275612317,0.8537492724387682,0.445464751263634,0.968874700718276,0.8403830806065443,0.0133333333333333,0.0605642332735601,0.0,0.0,0.0,0.6849923346036995,0.8702760629955533,0.5453099288213367,0.0,0.6849923346036995,0.7735483228301905,1
WF-000271,0,Pass,2008-08-18 15:33:00,0.0919347263277747,0.2621192454878215,0.7378807545121785,0.8620030149862552,0.0399042298483639,0.4676775738228252,0.0177777777777777,0.0129725286171464,0.0,0.0,0.0,0.560816057399123,0.6962500754727401,0.40963282574939913,0.0,0.560816057399123,0.6730170087683177,1
WF-001162,0,Pass,2008-09-28 20:42:00,0.071111194871949,0.2358180943834496,0.7641819056165504,0.7652352576039727,0.4429369513168396,0.2905027932960894,0.0177777777777777,0.0096617447044032,0.0,0.0,0.0,0.3387553795336355,0.4783969743642182,0.1770872900738566,0.0,0.3387553795336355,0.43497839331155874,1
WF-000322,1,Fail,2008-08-20 02:27:00,0.0730098537862913,0.1702870316371027,0.8297129683628972,0.516739381041057,0.6544293695131684,0.945730247406225,0.0444444444444444,0.0075979850149006,0.17500965008707295,2.0,0.2,0.3473853404980127,0.4280256082951713,0.24363398519590623,0.30397893442967944,0.3582369420150959,0.3030635168857796,1
WF-000095,0,Pass,2008-08-04 19:58:00,0.1176081819862529,0.1581936109589659,0.8418063890410341,0.4514768112086548,0.8818834796488427,0.8563447725458898,0.0644444444444444,0.0408784586807096,0.2090638825391121,1.0,0.1,0.2571329394240198,0.5375721064467991,0.1157257431953995,0.5375721064467991,0.22597303197704438,0.5222987622533934,1
WF-000376,0,Pass,2008-08-21 18:53:00,0.0908080410062013,0.1294281058268376,0.8705718941731624,0.4095566196683515,0.9441340782122905,0.968874700718276,0.0444444444444444,0.0117478706589145,0.14864691157555776,1.0,0.1,0.556900668238428,0.8278156438800662,0.42341819868870917,0.8278156438800662,0.5267990042782459,0.674449564173484,1
WF-001155,0,Pass,2008-09-28 17:49:00,0.0871750943259887,0.2448163476137658,0.7551836523862341,0.7970389287931188,0.4740622505985634,0.1197126895450917,0.0177777777777777,0.0077990155717268,0.12669293933400322,1.0,0.1,0.6202936859467483,0.9198291436360381,0.4107647224679486,0.7858683032291662,0.601896506248702,0.6745415544561844,1
WF-000589,0,Pass,2008-08-30 15:37:00,0.0827074062903184,0.168163623675532,0.831836376324468,0.5284118116520351,0.7254588986432562,0.8707102952913008,0.0,0.0029428329242592,0.0,0.0,0.0,0.37897842006647187,0.7277189490710061,0.17952058380884986,0.0,0.37897842006647187,0.5309143227929269,1
WF-000551,0,Pass,2008-08-29 22:56:00,0.063365262312689,0.1925206325879699,0.80747936741203,0.5805625609647956,0.8906624102154829,0.4166001596169194,0.0088888888888888,0.0180812366166423,0.0,0.0,0.0,0.585413748352905,0.6751028444465327,0.49621986742931684,0.0,0.585413748352905,0.3661914684691722,1
WF-000211,0,Pass,2008-08-15 20:03:00,0.1257642763490503,0.1939751898547907,0.8060248101452093,0.60749383701339,0.5897845171588189,0.7158818834796489,0.0177777777777777,0.0497437786402721,0.0,0.0,0.0,0.20585747806627097,0.4460074663490156,0.09977556748532579,0.0,0.20585747806627097,0.7000221757157595,1
WF-001312,0,Pass,2008-10-05 06:15:00,0.0662773689187646,0.1998626637565869,0.8001373362434131,0.6114883390972777,0.7829209896249002,0.4437350359138068,0.0088888888888888,0.0149159033491688,0.0,0.0,0.0,0.29395752393737434,0.47017687385089396,0.17236909614659143,0.0,0.29395752393737434,0.40472545938661364,1
WF-001299,0,Pass,2008-10-04 19:47:00,0.0878117077583419,0.1918963639605987,0.8081036360394012,0.6227014276846679,0.6249002394253791,0.6201117318435754,0.0088888888888888,0.0084909866938499,0.036575903836991684,1.0,0.1,0.2847318976826176,0.7660005270568414,0.10414326508963577,0.10414326508963577,0.30479730130406,0.6577942271376451,1
WF-001024,0,Pass,2008-09-23 06:44:00,0.0450750964207341,0.3175568137100796,0.6824431862899204,0.9835512991043716,0.0055865921787709,0.0295291300877893,0.0177777777777777,0.0109511917616675,0.1506589552357906,2.0,0.2,0.447123624934017,0.9019860219820163,0.2529120452673694,0.33681589096899245,0.4747005584252731,0.2842561915707564,1
WF-001174,0,Pass,2008-09-29 09:15:00,0.0351237156595969,0.2600093282894135,0.7399906717105864,0.7507141970382194,0.5379090183559457,0.2298483639265762,0.0088888888888888,0.0001344735430401,0.13260463782874726,1.0,0.1,0.31290618043297624,0.5428671074326694,0.18222888904668774,0.41492810730691454,0.30157041078031643,0.18434112105544276,0
WF-000921,0,Pass,2008-09-19 20:05:00,0.0480611496188059,0.1986202285261187,0.8013797714738813,0.5611006473352842,0.6727853152434158,0.6999201915403033,0.0711111111111111,0.0141969017595716,0.0,0.0,0.0,0.19387467739564468,0.5885916484924649,0.05875274966117483,0.0,0.19387467739564468,0.341175905232593,1
WF-000720,0,Pass,2008-09-03 20:00:00,0.0141158193354254,0.3244023133371083,0.6755976866628917,0.8205905826017559,0.0981644054269752,0.5802075019952115,0.0,0.0227001963745375,0.0,0.0,0.0,0.2856386749257014,0.6123479726577284,0.1227067965148054,0.0,0.2856386749257014,0.12057942028536096,0
WF-000970,0,Pass,2008-09-21 00:48:00,0.0290400284254735,0.2221045200901718,0.7778954799098282,0.6140063846767757,0.4980047885075818,0.8467677573822825,0.0,0.0064782299723113,0.19998215737873035,1.0,0.1,0.3396816009350646,0.7519514550488702,0.1508994148522413,0.6793025937685516,0.3019459350646772,0.30854413448708556,1
WF-000169,0,Pass,2008-08-09 09:22:00,0.2388083686094322,0.265408626214494,0.7345913737855059,0.7690742218675181,0.0606544293695131,0.8387869114126097,0.0,0.1726177919667742,0.4524339226507355,3.0,0.3,0.003991442566337657,0.019002068626384,2.1146431487568806e-05,0.006019546724410883,0.00312225507002056,0.6762824772992816,1
WF-000388,0,Pass,2008-08-21 23:53:00,0.1052809428952596,0.1894988739962723,0.8105011260037277,0.5838306287133104,0.7086991221069433,0.6440542697525937,0.0177777777777777,0.0274792857557169,0.09832866913931812,1.0,0.1,0.6263457744415145,0.7220190188062934,0.5551389170154942,0.6158774642186966,0.6275089200218277,0.6689213463466962,1
WF-000055,0,Pass,2008-07-30 06:30:00,0.2119169090039262,0.154923931712842,0.8450760682871579,0.4234636871508379,0.9928172386272944,0.9162011173184358,0.0,0.143387944569485,0.0,0.0,0.0,0.3993059596411897,0.6360966585202702,0.2735605767769494,0.0,0.3993059596411897,0.7976834342482327,1
WF-000121,0,Pass,2008-08-05 14:45:00,0.1299813397703444,0.1440831326147135,0.8559168673852865,0.4319592090094883,0.9321628092577812,0.9529130087789306,0.0088888888888888,0.0543275432286352,0.29016256924255995,1.0,0.1,0.3072441681351358,0.8915075721088408,0.1451611380028759,0.8915075721088408,0.24232601213805735,0.7617226513941225,1
WF-000453,0,Pass,2008-08-27 12:22:00,0.0497504240576209,0.2664575345049806,0.7335424654950193,0.7853551476456505,0.1452513966480447,0.6552274541101357,0.0,0.0160330696278488,0.027941172914733955,1.0,0.1,0.0608491807973713,0.266359100464322,0.012345342041231283,0.017001974823792603,0.06572109257221337,0.3838007211795651,1
WF-001458,0,Pass,2008-10-11 07:38:00,0.0240940145102198,0.2354371116990007,0.7645628883009993,0.5750557772457214,0.7142857142857143,0.6855546687948922,0.0088888888888888,0.0118543320541089,0.0,0.0,0.0,0.09565564864375717,0.4638987036594713,0.01739077697090067,0.0,0.09565564864375717,0.19579932340207634,0
WF-000724,0,Pass,2008-09-04 08:33:00,0.0159451151191113,0.353533853071808,0.646466146928192,0.9116080517868228,0.1221069433359936,0.1683958499600957,0.0088888888888888,0.0207118313922702,0.17279200808685086,2.0,0.2,0.49275745196616716,0.5802023510823139,0.4132862281998293,0.4257227481249699,0.5095161279264666,0.044583525655491126,0
WF-001463,0,Pass,2008-10-11 15:33:00,0.0161367133418555,0.2842462828345648,0.7157537171654351,0.663519375720493,0.7757382282521947,0.2314445331205107,0.0177777777777777,0.0205035724545048,0.0,0.0,0.0,0.5526175032914927,0.7927094221477864,0.39052920270539404,0.0,0.5526175032914927,0.08188945340826712,0
WF-000910,0,Pass,2008-09-19 11:13:00,0.0265228673250757,0.2800244522801839,0.719975547719816,0.7835952824332713,0.3766959297685555,0.3240223463687151,0.0088888888888888,0.0092142746466568,0.0558966872375387,1.0,0.1,0.38689425218132445,0.6277307643388992,0.2090345973195544,0.21626107008180917,0.4058534946368262,0.21655432832679963,0
WF-000529,0,Pass,2008-08-29 08:45:00,0.0485452149235617,0.1683440821014012,0.8316559178985987,0.4337345038574089,0.960095770151636,0.8355945730247406,0.0533333333333333,0.0147230596995236,0.050917351181969245,1.0,0.1,0.23774518445302717,0.9024194730907468,0.09737047566310894,0.1210535504861684,0.25071092156045593,0.34484747617702427,1
WF-000353,0,Pass,2008-08-21 11:22:00,0.0380431189255257,0.2322679472968063,0.7677320527031937,0.670307173893766,0.6296887470071828,0.4229848363926576,0.0088888888888888,0.0033077379625279,0.0,0.0,0.0,0.3675161736988314,0.5443634035413601,0.21198133537999447,0.0,0.3675161736988314,0.24920362814793479,0
WF-001188,0,Pass,2008-09-30 01:33:00,0.068959191160831,0.174791599704249,0.8252084002957509,0.5347964884277734,0.8052673583399841,0.7334397446129289,0.0,0.0120008791730097,0.0,0.0,0.0,0.5744518709990638,0.8328352633042382,0.4224328652395498,0.0,0.5744518709990638,0.5738608332898735,1
WF-000944,0,Pass,2008-09-20 10:51:00,0.0474976917208691,0.2283709340742969,0.771629065925703,0.6968035825130797,0.6041500399042299,0.3527533918595371,0.0088888888888888,0.0135844475226838,0.0,0.0,0.0,0.025080287490290204,0.25002709150491603,9.986523881401316e-41,0.0,0.025080287490290204,0.47023460255713484,1
WF-000255,0,Pass,2008-08-18 07:29:00,0.1054554157217029,0.2330088280719967,0.7669911719280033,0.7444533120510775,0.2410215482841181,0.684756584197925,0.0,0.0276689301322857,0.0,0.0,0.0,0.5056145880463487,0.7995509660785375,0.35476485706064415,0.0,0.5056145880463487,0.7723447831193755,1
WF-001290,0,Pass,2008-10-04 04:12:00,0.034292077325708,0.2283415296088745,0.7716584703911255,0.6142775560876119,0.9209896249002394,0.2250598563447725,0.0177777777777777,0.0007694811677086,0.0,0.0,0.0,0.10292113391129128,0.3310126445204359,0.06325671655505179,0.0,0.10292113391129128,0.28591807761129395,1
WF-000228,0,Pass,2008-08-17 03:18:00,0.171552840796099,0.17023063639105,0.8297693636089499,0.4825137891283143,0.7940941739824421,0.9297685554668796,0.0177777777777777,0.0995139573870641,0.06065921852680949,1.0,0.1,0.5285947399796435,0.7522689179831673,0.3206414384454723,0.3206414384454723,0.5517006623723292,0.7680667198820281,1
WF-000145,0,Pass,2008-08-06 22:27:00,0.1753167915538507,0.143359697755504,0.8566403022444959,0.4148443735035914,0.9872306464485237,0.9584996009577016,0.0,0.1036052082107072,0.0,0.0,0.0,0.29678367276679546,0.951889324030618,0.11099158924977877,0.0,0.29678367276679546,0.8925489404245647,1
WF-001291,0,Pass,2008-10-04 04:45:00,0.0306898757607093,0.3034153231808714,0.6965846768191286,0.8910573734149153,0.0063846767757382,0.412609736632083,0.0088888888888888,0.0046849176514028,0.0,0.0,0.0,0.21989397475065697,0.5108380404553967,0.10216351752416497,0.0,0.21989397475065697,0.3358076327175079,1
WF-001409,0,Pass,2008-10-07 20:19:00,0.0725604240208619,0.1550441910270807,0.8449558089729193,0.4713446838698236,0.839584996009577,0.9249800478850758,0.0088888888888888,0.0080864956294978,0.0,0.0,0.0,0.5183427408134587,0.7294026593067383,0.3704805620549872,0.0,0.5183427408134587,0.5958355644016515,1
WF-000119,0,Pass,2008-08-05 09:48:00,0.0797368674146256,0.2535262992725538,0.7464737007274462,0.8210132127338831,0.2130885873902633,0.3607342378292099,0.0355555555555555,0.0002860136797546,0.12863981727054485,1.0,0.1,0.3241416075050628,0.48283566477232315,0.1909369981005611,0.41697517159231956,0.3138267670509232,0.49617921009457283,1
WF-000197,0,Pass,2008-08-12 06:16:00,0.1154477225304832,0.1473247396974214,0.8526752603025786,0.4384416068103219,0.9792498004788508,0.8539505187549881,0.0133333333333333,0.0385301331853079,0.06677933675758137,1.0,0.1,0.10378056294118583,0.3159988374374392,0.03831044476591605,0.06930397161540817,0.10761129531071666,0.5792130653503023,1
WF-001215,0,Pass,2008-10-01 08:15:00,0.105242201910706,0.2303928022080548,0.7696071977919452,0.7306781945552896,0.6568236233040702,0.1292897047086991,0.0177777777777777,0.0274371759898978,0.0,0.0,0.0,0.23582979360961534,0.4289646640442945,0.10582604453137544,0.0,0.23582979360961534,0.5244051432185787,1
WF-000147,0,Pass,2008-08-06 23:45:00,0.0522194147960304,0.2503006811220948,0.7496993188779051,0.7391419703821938,0.5059856344772546,0.320830007980846,0.0088888888888888,0.0187167552130765,0.0,0.0,0.0,0.08901599099764415,0.2628874008462415,0.02457183555918411,0.0,0.08901599099764415,0.2744778482593922,0
WF-001109,0,Pass,2008-09-26 16:31:00,0.0265361558922129,0.3292264283527133,0.6707735716472867,0.9501913629511394,0.1077414205905826,0.0199521149241819,0.0177777777777777,0.0091998305519424,0.0,0.0,0.0,0.41553057173120933,0.6803030145583099,0.29802539191937816,0.0,0.41553057173120933,0.14346291413315762,0
WF-001223,0,Pass,2008-10-01 21:50:00,0.113935408995422,0.22854788631808,0.7714521136819199,0.7289224084419615,0.3910614525139664,0.5083798882681564,0.0177777777777777,0.0368863141254587,0.11494714020608314,1.0,0.1,0.7218198165525623,0.8506624511586124,0.6105346252187652,0.829711236567966,0.7098318809952953,0.7591433394065908,1
WF-000912,0,Pass,2008-09-19 13:59:00,0.0583156273029723,0.2130387603613134,0.7869612396386866,0.6056981466702137,0.6975259377494014,0.5722266560255387,0.0177777777777777,0.023569970322856,0.0,0.0,0.0,0.4242546914492653,0.659023360205387,0.2548510568725139,0.0,0.4242546914492653,0.2898834687227202,1
WF-000475,0,Pass,2008-08-28 09:49:00,0.046764668282202,0.2843382760063235,0.7156617239936764,0.8773620643788242,0.3016759776536313,0.0255387071029529,0.0266666666666666,0.0127876829154369,0.0,0.0,0.0,0.5800853809602129,0.6758698950628226,0.4266449063324172,0.0,0.5800853809602129,0.26799475061871497,0
WF-000021,0,Pass,2008-07-22 15:30:00,0.0775949821702005,0.2093325276715678,0.7906674723284322,0.6530921344329166,0.4181963288108539,0.7310454908220272,0.0444444444444444,0.0026141498149993,0.24006350486840117,3.0,0.3,0.3484110694629384,0.49659260168676156,0.2645834440028912,0.27880260823406994,0.3782432671324535,0.3541248416753244,1
WF-000843,0,Pass,2008-09-14 20:43:00,0.0343648438976436,0.3155414944706201,0.6844585055293799,0.9317197836303982,0.0845969672785315,0.140462889066241,0.0088888888888888,0.0006903870677786,0.11575944069453041,1.0,0.1,0.3176872215447718,0.6902045269986025,0.16527541401930929,0.36775295081822157,0.3121243627366107,0.3657630138192209,1
WF-001431,0,Pass,2008-10-08 18:22:00,0.0210498764149834,0.284574061675376,0.715425938324624,0.7354667021370932,0.5131683958499601,0.3112529928172386,0.0177777777777777,0.0151631778098005,0.0,0.0,0.0,0.3783143026896295,0.63720781068631,0.21150421718364332,0.0,0.3783143026896295,0.13591634691482807,0
WF-000914,0,Pass,2008-09-19 16:40:00,0.035670017568468,0.2333563048863261,0.7666436951136738,0.6067438148443736,0.5666400638467678,0.7797286512370312,0.0,0.0007282799657261,0.15695419861200552,1.0,0.1,0.437583504747893,0.7073245551739246,0.28009946344304926,0.6868056831353825,0.4098921515937275,0.34897970019869357,1
WF-000101,0,Pass,2008-08-05 00:04:00,0.0499445322114314,0.2495422394286747,0.7504577605713253,0.7234514498536846,0.5458898643256185,0.2992817238627294,0.0266666666666666,0.0162440567515558,0.09819481131195917,2.0,0.2,0.12340443226873285,0.3322966419090351,0.03601014361127165,0.06058837470843834,0.13910844665880648,0.19936667920160556,0
WF-000594,0,Pass,2008-08-30 17:49:00,0.0496428399840591,0.1978097915021835,0.8021902084978164,0.5633597588010997,0.9592976855546688,0.3750997605746209,0.0177777777777777,0.0159161304174556,0.07217418454007442,2.0,0.2,0.08102220178233192,0.4865729930018919,0.02542319705272417,0.029238556716405857,0.09396811304881343,0.2527437836869004,0
WF-000003,1,Fail,2008-07-19 13:17:00,0.1955160824140716,0.1628928119693869,0.8371071880306131,0.4609736632083001,0.8411811652035116,0.9784517158818836,0.0,0.1255609591457301,0.0,0.0,0.0,0.002673916621287718,0.01682711442972696,8.000033931570765e-05,0.0,0.002673916621287718,0.831927738507446,1
WF-000939,0,Pass,2008-09-20 05:25:00,0.0434816897584009,0.2204384723594705,0.7795615276405294,0.6340342289616033,0.7589784517158819,0.3870710295291301,0.0088888888888888,0.0092192279982618,3.919733057727662e-11,1.0,0.1,0.1153605464535075,0.99268430793763,2.9500258010193945e-23,4.52182547491341e-11,0.12817838494331743,0.4753979499768714,1
WF-001381,0,Pass,2008-10-06 21:48:00,0.01684908116599,0.3262948284493052,0.6737051715506948,0.8051313292542343,0.2242617717478052,0.4086193136472466,0.0355555555555555,0.0197292596021847,0.1713322680453521,2.0,0.2,0.4929027845304037,0.744361130237164,0.3294945808616477,0.42225075999731776,0.5105657906636751,0.11063405752125192,0
WF-000950,0,Pass,2008-09-20 12:57:00,0.0428835440254122,0.240394652602274,0.759605347397726,0.7026695043007892,0.6193136472466081,0.3080606544293695,0.0088888888888888,0.0085690695928393,4.800025703277948e-11,1.0,0.1,0.0807702587151771,0.5685325310294396,2.4574784750040125e-23,3.8769931789325976e-11,0.08974473190144455,0.3945687267899737,1
WF-000611,0,Pass,2008-08-31 16:32:00,0.0297872957651628,0.298526142414788,0.701473857585212,0.8760370665957258,0.0542697525937749,0.3487629688747007,0.0444444444444444,0.0056659828639534,0.08881503668404632,1.0,0.1,0.3569506247743391,0.6393718577804818,0.21259665124793145,0.3170258283372618,0.36138671326734767,0.3120901114739946,1
WF-000784,0,Pass,2008-09-11 08:06:00,0.0335549900376694,0.3324055048553632,0.6675944951446369,0.9843094794714906,0.0239425379090183,0.0007980845969672,0.0177777777777777,0.0015706630025332,0.4123867940121918,3.0,0.3,0.2487755615245774,0.548067769236614,0.10111696085743185,0.3419725208190108,0.20883400754124865,0.14368713509679226,0
WF-001484,0,Pass,2008-10-13 16:13:00,0.01684908116599,0.3077296388959989,0.6922703611040011,0.7922023587833643,0.4493216280925778,0.1452513966480447,0.0355555555555555,0.0197292596021847,0.08243861842270987,1.0,0.1,0.5739868833985585,0.9402185257182555,0.4330813863942911,0.47318685660134224,0.585186886376027,0.17165873867379403,0
WF-001538,0,Pass,2008-10-15 18:16:00,0.017731377134321,0.2614086248974339,0.7385913751025661,0.6216639177086105,0.6871508379888268,0.5371109337589784,0.0088888888888888,0.0187702422453032,0.0,0.0,0.0,0.0032901136641136156,0.013373218576822807,7.99184780136603e-05,0.0,0.0032901136641136156,0.11468464635972107,0
WF-000493,0,Pass,2008-08-28 18:47:00,0.0614886882326946,0.1523715630547332,0.8476284369452667,0.4411290236765097,0.9090183559457302,0.920191540303272,0.0266666666666666,0.0201209910514188,0.0,0.0,0.0,0.3429897934249174,0.5630656744000431,0.1917472798253531,0.0,0.3429897934249174,0.43361597071071495,1
WF-000993,0,Pass,2008-09-21 16:43:00,0.0191626996379291,0.3282094538692469,0.6717905461307532,0.8824339806686174,0.2306464485235435,0.1189146049481245,0.0177777777777777,0.0172144569152944,0.11652498613488914,1.0,0.1,0.46290496427210553,0.6379200728407736,0.35514724200645414,0.5393999454357845,0.45440552192058564,0.06866047154308137,0
WF-000756,0,Pass,2008-09-08 03:48:00,0.0378946108038462,0.2922688010915462,0.7077311989084538,0.8576176288019863,0.3088587390263368,0.1229050279329608,0.0088888888888888,0.0031463160911371,0.0,0.0,0.0,0.3711681038104313,0.5410574643187801,0.3096865522387103,0.0,0.3711681038104313,0.2989605174728163,1
WF-001161,0,Pass,2008-09-28 20:02:00,0.0240754849651369,0.2998552371657538,0.7001447628342462,0.8106063669415624,0.1468475658419792,0.5235434956105347,0.0177777777777777,0.0118744728639815,0.0,0.0,0.0,0.28550786954955265,0.4667367899502941,0.19132449763928366,0.0,0.28550786954955265,0.19567749738247542,0
WF-000544,0,Pass,2008-08-29 20:49:00,0.0774883256883466,0.2107183777688113,0.7892816222311887,0.6503550589695841,0.6935355147645651,0.4134078212290503,0.0088888888888888,0.0027300807735362,0.0,0.0,0.0,0.17457445722053272,0.44952245420805165,0.08899594101796292,0.0,0.17457445722053272,0.5571113892714377,1
WF-000985,0,Pass,2008-09-21 11:33:00,0.0206562993183171,0.2683562162589764,0.7316437837410236,0.6755745322337501,0.6129289704708699,0.4253790901835594,0.0088888888888888,0.0155909790018292,0.0902667482237208,1.0,0.1,0.4368621039985829,0.6514708760808966,0.33803751004450744,0.3943412155012501,0.4415866471649532,0.17005377871421806,0
WF-001437,0,Pass,2008-10-08 23:50:00,0.04623339857975,0.2244755783861212,0.7755244216138788,0.6408179480358251,0.6632083000798085,0.4940143655227454,0.0088888888888888,0.0122102158475543,0.0,0.0,0.0,0.41849198853184044,0.6603328953075146,0.28272120067545026,0.0,0.41849198853184044,0.3216965870424749,1
WF-000636,0,Pass,2008-09-01 20:51:00,0.1059801947244632,0.2015689033760574,0.7984310966239425,0.6519788950962135,0.7342378292098962,0.3072625698324022,0.0355555555555555,0.0282393420918078,0.0,0.0,0.0,0.27170382502130036,0.37774010606000813,0.12472906525028563,0.0,0.27170382502130036,0.6801832758746077,1
WF-000273,0,Pass,2008-08-18 16:19:00,0.135082492305766,0.2136562605425495,0.7863437394574504,0.645031480003547,0.3072625698324022,0.9185953711093376,0.0444444444444444,0.0598722742453978,0.0,0.0,0.0,0.18121155359320726,0.32448281289433023,0.04783876053492289,0.0,0.18121155359320726,0.45606024416553004,1
WF-001314,0,Pass,2008-10-05 08:40:00,0.0775340214990565,0.2628219196260966,0.7371780803739034,0.8548202536135497,0.2992817238627294,0.1332801276935355,0.0177777777777777,0.0026804114140689,0.0,0.0,0.0,0.02220757825739968,0.12273721829158032,0.004386521244040838,0.0,0.02220757825739968,0.7621082373138571,1
WF-000936,0,Pass,2008-09-20 04:13:00,0.0202032046591841,0.2594758707792351,0.7405241292207649,0.6351914516272059,0.7494014365522745,0.3958499600957701,0.0088888888888888,0.016083473196539,0.0,0.0,0.0,0.01119973590304096,0.06176005516640798,1.3902760955894432e-40,0.0,0.01119973590304096,0.06150789585220324,0
WF-000602,1,Fail,2008-08-31 04:46:00,0.0356866733126823,0.3192268014030449,0.6807731985969551,0.9360090449587656,0.0494812450119712,0.1013567438148443,0.0533333333333333,0.0007463840355242,0.0,0.0,0.0,0.4226851811128374,0.6817875805148652,0.323188404287009,0.0,0.4226851811128374,0.17376722460074215,0
WF-001280,0,Pass,2008-10-03 20:46:00,0.088688776777717,0.185343116236315,0.814656883763685,0.576887292719695,0.945730247406225,0.3399840383080607,0.0177777777777777,0.009444322584475,0.12604046168746214,1.0,0.1,0.30476881419293245,0.44458758328993203,0.1665060314775955,0.3841320204881757,0.2959506801601276,0.706943298142013,1
WF-000410,0,Pass,2008-08-22 07:27:00,0.0438417106610289,0.2805805786065741,0.719419421393426,0.8366679081315953,0.1093375897845171,0.4860335195530726,0.0088888888888888,0.0096105550663357,0.11375040996925384,1.0,0.1,0.35119484976299264,0.6944103828598983,0.1804977824272897,0.39948558139630924,0.34582921291484636,0.3193137557808316,1
WF-000148,0,Pass,2008-08-07 00:51:00,0.1354122924991164,0.17871068553451,0.82128931446549,0.5423383878691141,0.7637669592976856,0.7613727055067837,0.0,0.0602307527164309,0.002216737614072385,1.0,0.1,4.594730603697961e-05,0.0003676852231145399,9.113731703510216e-07,1.0185312155746785e-06,5.0939392128246826e-05,0.7978282896217089,1
WF-000975,0,Pass,2008-09-21 04:17:00,0.0398876293949364,0.2280798765927455,0.7719201234072545,0.6548202536135497,0.8148443735035914,0.2114924181963288,0.0177777777777777,0.00531264064667,0.0,0.0,0.0,0.40784307168200656,0.7013258403469088,0.23062348922062223,0.0,0.40784307168200656,0.3931337029649975,1
WF-000115,0,Pass,2008-08-05 07:12:00,0.0669128724802095,0.2228829882715671,0.777117011728433,0.6912886405959031,0.5522745411013568,0.4189944134078212,0.0266666666666666,0.0142251386084678,0.0,0.0,0.0,0.10087980352714701,0.2686397254261311,0.007685569983385898,0.0,0.10087980352714701,0.5409456500170201,1
WF-001446,0,Pass,2008-10-10 10:05:00,0.0219516081550276,0.2727291126853771,0.727270887314623,0.6977971091602376,0.6664006384676776,0.2474062250598563,0.0177777777777777,0.0141830346141003,0.0682003131463925,1.0,0.1,0.4023855996990623,0.6611525054797996,0.27442823905074987,0.27442823905074987,0.4166030842155414,0.13720669315941128,0
WF-000502,0,Pass,2008-08-29 00:49:00,0.0554475090799881,0.2429539298783195,0.7570460701216805,0.7346327924093288,0.5810055865921788,0.2338387869114126,0.0088888888888888,0.0222255533478131,0.0,0.0,0.0,0.7665710086262565,0.9527127050841516,0.5684337507633248,0.0,0.7665710086262565,0.3033485945829951,1
WF-000360,0,Pass,2008-08-21 13:19:00,0.0779462370578871,0.2413511867850233,0.7586488132149767,0.8033877804380598,0.13487629688747,0.5833998403830806,0.0088888888888888,0.0022323510240357,0.194700507770197,2.0,0.2,0.558027536898197,0.6951537230141535,0.4461362663861015,0.5432412239191565,0.5617241151429571,0.6576286787328894,1
WF-000795,0,Pass,2008-09-11 21:13:00,0.0391399562437946,0.2690014672480081,0.7309985327519919,0.7483117850492151,0.2474062250598563,0.6177174780526736,0.0266666666666666,0.0044999524389072,0.0,0.0,0.0,0.31771898914498803,0.6047963438929812,0.1147329303528397,0.0,0.31771898914498803,0.23449114175779784,0
WF-000342,0,Pass,2008-08-20 22:13:00,0.0398694847231045,0.2011033177049175,0.7988966822950825,0.5780404362862464,0.4676775738228252,0.9904229848363928,0.0266666666666666,0.0052929181772875,0.10598304639940963,1.0,0.1,0.49844367379872,0.6071232611459036,0.41654127046571315,0.5282657900770193,0.49513010532335333,0.42717516429117613,1
WF-000785,0,Pass,2008-09-11 08:58:00,0.0318110006401251,0.3015138905263967,0.6984861094736032,0.8871426797907246,0.2713487629688747,0.043096568236233,0.0177777777777777,0.0034663036520378,0.06895276681069523,1.0,0.1,0.19095702215648017,0.48540887380978487,0.08445146533783321,0.1316701501962054,0.19754445237428847,0.3270211359743848,1
WF-001015,0,Pass,2008-09-22 14:36:00,0.0658742084554296,0.2124810443818519,0.7875189556181481,0.6564205019065354,0.553072625698324,0.5857940941739824,0.0088888888888888,0.0153541212440982,0.0,0.0,0.0,0.44404700140484576,0.9448032799241217,0.25858826036715304,0.0,0.44404700140484576,0.5059129020218915,1
WF-001181,0,Pass,2008-09-29 15:09:00,0.0207389870333979,0.2742572236406747,0.7257427763593253,0.723343974461293,0.4022346368715084,0.5434956105347167,0.0,0.0155011010506544,0.030674306532982157,1.0,0.1,0.1531225780088185,0.28757514703445514,0.04696928894962972,0.04696928894962972,0.16491738790428392,0.17076912867434632,0
WF-001490,0,Pass,2008-10-13 20:53:00,0.0666418643529309,0.1392953820648268,0.8607046179351732,0.4162328633501817,0.9920191540303273,0.9177972865123704,0.0177777777777777,0.0145197126598577,0.1,1.0,0.1,1.5856507481008935e-33,1.585650747523941e-32,8.901613753340312e-54,5.769524836293952e-42,1.7618341639154903e-33,0.35991721013274913,1
WF-000185,0,Pass,2008-08-10 11:49:00,0.064372855574566,0.1627208338862716,0.8372791661137284,0.4599320741331915,0.9616919393455706,0.7996807661612131,0.0088888888888888,0.0169860265493847,0.0,0.0,0.0,0.09271943305847433,0.35527094576043605,0.004121992488393374,0.0,0.09271943305847433,0.5201770706980717,1
WF-001513,0,Pass,2008-10-15 00:27:00,0.0186219931217805,0.2825641483864037,0.7174358516135964,0.6758416245455352,0.699122106943336,0.2609736632083,0.0355555555555555,0.0178021813893689,0.0,0.0,0.0,0.3791946770063069,0.6092418249010744,0.2943596991370417,0.0,0.3791946770063069,0.11523504055967776,0
WF-000641,0,Pass,2008-09-01 23:28:00,0.0360462180538614,0.2897678256843059,0.7102321743156941,0.8290339629334043,0.2106943335993615,0.3320031923383879,0.0355555555555555,0.0011371935368058,0.0,0.0,0.0,0.3056139433215489,0.3653472398314661,0.2512433830183365,0.0,0.3056139433215489,0.23684844716363843,0
WF-001288,0,Pass,2008-10-04 02:36:00,0.0323406434324919,0.2865059156180232,0.7134940843819768,0.8604508291212202,0.0750199521149241,0.4389465283320032,0.0088888888888888,0.0028906049646826,0.34596699051229385,3.0,0.3,0.501669851878371,0.7637185698762068,0.3857712158631145,0.5785373629503608,0.4687266328475182,0.29291772361739843,1
WF-001052,0,Pass,2008-09-24 05:22:00,0.0771538690770638,0.2604349363383875,0.7395650636616125,0.8401794803582512,0.1380686352753392,0.4317637669592977,0.0088888888888888,0.0030936205684088,0.05248337502294663,1.0,0.1,0.41866928032230755,0.8197309360700259,0.21973176849742837,0.21973176849742837,0.44077344830284965,0.6115414531832665,1
WF-000311,0,Pass,2008-08-19 15:33:00,0.1279607837848112,0.1998310736787734,0.8001689263212266,0.6361532322426178,0.4660814046288906,0.8028731045490822,0.0,0.0521312867226208,0.04243627905010995,1.0,0.1,0.15981788340638084,0.47365905504371625,0.03076569080648045,0.06782076297431114,0.1700397856766108,0.7905034235522687,1
WF-001184,0,Pass,2008-09-29 17:21:00,0.0664661709625174,0.1739388412804312,0.8260611587195688,0.515562649640862,0.833998403830806,0.7701516360734237,0.0,0.014710683736394,0.0809136023620546,1.0,0.1,0.5880803302249148,0.7844330076893715,0.4734884111735201,0.47583697996764507,0.6005518135868336,0.5211323449408146,1
WF-000251,0,Pass,2008-08-18 06:11:00,0.077442651034731,0.2349579722694937,0.7650420277305063,0.7409335816263191,0.2849162011173184,0.6089385474860335,0.0177777777777777,0.0027797271361619,0.08185477677072761,1.0,0.1,0.6007457849050796,0.7804275186863336,0.4656908238315685,0.4917391211936083,0.6128576364285763,0.6441579863936028,1
WF-000803,0,Pass,2008-09-12 06:45:00,0.0372103271428429,0.2475877354061325,0.7524122645938675,0.7066640063846767,0.4772545889864326,0.5051875498802874,0.0,0.0024025295030901,0.0,0.0,0.0,0.3043923273223583,0.7609043964244684,0.18625847541425405,0.0,0.3043923273223583,0.3569190382036488,1
WF-001264,0,Pass,2008-10-03 03:52:00,0.0646630314252906,0.2784958744477466,0.7215041255522534,0.8498322248825043,0.2873104549082202,0.1699920191540303,0.0177777777777777,0.0166706180159884,0.2003775627621828,2.0,0.2,0.6784100569442071,0.858197983673544,0.5940686358974893,0.6796907688191693,0.6780898789754664,0.4880825008911168,1
WF-000208,0,Pass,2008-08-15 18:19:00,0.2098707698967019,0.2187713541264866,0.7812286458735134,0.6467995034140285,0.3822825219473264,0.8491620111731844,0.0177777777777777,0.141163880322502,0.0,0.0,0.0,0.021232194450218844,0.11255132063205096,0.0005078230552594183,0.0,0.021232194450218844,0.8287733644446037,1
WF-000482,0,Pass,2008-08-28 15:19:00,0.097387240145734,0.1823446487237472,0.8176553512762528,0.574808193668529,0.7573822825219473,0.5977653631284916,0.0266666666666666,0.01889917407145,0.1607876776636229,2.0,0.2,0.5452153914843987,0.7546532864836646,0.4305165365448309,0.4383195831161973,0.571939343576449,0.6111195316949761,1
WF-000506,0,Pass,2008-08-29 03:27:00,0.0528936449551706,0.214814191818435,0.7851858081815649,0.6346523011439213,0.7366320830007981,0.3447725458898643,0.0533333333333333,0.0194496140817072,0.0,0.0,0.0,0.16291311367338354,0.8069762351587487,0.02360670272487534,0.0,0.16291311367338354,0.32651143188981885,1
WF-000274,1,Fail,2008-08-18 17:13:00,0.0697969349698613,0.154497715266219,0.845502284733781,0.4446845792320653,0.8890662410215483,0.9481245011971268,0.0177777777777777,0.0110902880762376,0.0,0.0,0.0,0.03442625320762732,0.07483446960028499,0.004732022469343188,0.0,0.03442625320762732,0.4290288350048371,1
WF-000075,0,Pass,2008-08-03 14:25:00,0.1021789505628323,0.1907015990449979,0.809298400955002,0.5931958854305224,0.7517956903431764,0.5035913806863528,0.0444444444444444,0.0241075549596003,0.01363435592967018,1.0,0.1,0.001107289487890881,0.00391008249721528,7.975235604604102e-05,0.00015097178995086488,0.001213547009884216,0.6343953867305682,1
WF-000578,0,Pass,2008-08-30 10:15:00,0.098356880059905,0.1826949665631559,0.817305033436844,0.5913806863527533,0.5426975259377494,0.8747007182761373,0.0,0.0199531304998968,0.0,0.0,0.0,0.049929907909682145,0.3416259799380532,0.004775060975812994,0.0,0.049929907909682145,0.6998889662680069,1
WF-000354,0,Pass,2008-08-21 12:00:00,0.0472178932726306,0.2441344791353592,0.7558655208646408,0.7081363837900151,0.4229848363926576,0.5610534716679968,0.0088888888888888,0.0132803187745985,0.0,0.0,0.0,0.2844594180554024,0.8391506703401375,0.13453023372698827,0.0,0.2844594180554024,0.4136830956907196,1
WF-000619,0,Pass,2008-09-01 00:01:00,0.0948798461522946,0.1326809981654098,0.8673190018345902,0.4280485944843487,0.9672785315243416,0.9193934557063048,0.0088888888888888,0.0161737458177115,0.1748837143304733,1.0,0.1,0.2444803110058062,0.42755624869364683,0.10684109642888807,0.42755624869364683,0.22413854015160167,0.6587000883126543,1
WF-000548,0,Pass,2008-08-29 22:11:00,0.047737052321221,0.2864546299695478,0.7135453700304522,0.8770908929679879,0.2498004788507581,0.1276935355147645,0.0088888888888888,0.0138446220882837,0.0,0.0,0.0,0.4128588943040348,0.8804172142242811,0.24728557259518635,0.0,0.4128588943040348,0.40481465862200444,1
WF-000282,0,Pass,2008-08-19 01:10:00,0.0901029618406567,0.1600964904616903,0.8399035095383097,0.5281642280748426,0.7126895450917797,0.8611332801276935,0.0177777777777777,0.0109814802615834,0.14641301284089775,1.0,0.1,0.28614924299773614,0.7587917732857168,0.09989943627386233,0.4189597278944071,0.2713925224536616,0.6714790658469012,1
WF-001430,0,Pass,2008-10-08 17:41:00,0.0294406082333902,0.1813381111816343,0.8186618888183657,0.4201035736454731,0.951316839584996,0.9592976855546688,0.0177777777777777,0.0060428171376192,0.0,0.0,0.0,0.23341052757279993,0.6260813157045207,0.11400443980557641,0.0,0.23341052757279993,0.25275482835316454,0
WF-000114,0,Pass,2008-08-05 06:21:00,0.1146378338345862,0.1448229983135059,0.855177001686494,0.4639184180189767,0.8922585794094174,0.8667198723064645,0.0177777777777777,0.0376498193854198,0.0,0.0,0.0,0.03979165218041052,0.19280313905561852,0.0006960387732341618,0.0,0.03979165218041052,0.6743679012075732,1
WF-000227,0,Pass,2008-08-17 03:17:00,0.0843713481078888,0.2505017259262739,0.7494982740737262,0.8265639797818569,0.0734237829209896,0.5482841181165203,0.0266666666666666,0.0047514653346617,0.0,0.0,0.0,0.4018982913945631,0.5178574304028454,0.30878205313610496,0.0,0.4018982913945631,0.5634313220968453,1
WF-001495,0,Pass,2008-10-13 22:54:00,0.0175356701334609,0.2636861248148418,0.7363138751851581,0.6057779551299104,0.8643256185155627,0.3383878691141261,0.0177777777777777,0.0189829672462381,0.0,0.0,0.0,0.09982074222151947,0.7205906231176648,0.000963475430515867,0.0,0.09982074222151947,0.19402329502977037,0
WF-000986,0,Pass,2008-09-21 12:04:00,0.1270157959621058,0.2117315186535989,0.788268481346401,0.6638703555910259,0.6352753391859537,0.3982442138866719,0.0355555555555555,0.0511041260457672,2.777530463829072e-07,1.0,0.1,2.7868223216884024e-08,2.4532303560817297e-07,7.876127730873111e-25,7.740483895768401e-14,3.0964683862666814e-08,0.5794547216128815,1
WF-000559,0,Pass,2008-08-30 02:39:00,0.04861920781968,0.2739282019183714,0.7260717980816286,0.8149119446661346,0.3335993615323224,0.2306464485235435,0.0266666666666666,0.0148034867605218,0.0,0.0,0.0,0.015814976795762437,0.054708625793524375,0.002911186799272903,0.0,0.015814976795762437,0.3517799761211204,1
WF-000845,0,Pass,2008-09-14 21:31:00,0.0485452149235617,0.2585766096867724,0.7414233903132277,0.8017158818834796,0.0973663208300079,0.6568236233040702,0.0,0.0147230596995236,0.0,0.0,0.0,0.1481416181772363,0.4557539590681552,0.034664708538132895,0.0,0.1481416181772363,0.5276380912788965,1
WF-000009,0,Pass,2008-07-19 20:24:00,0.2506384023176038,0.1772963727334251,0.8227036272665749,0.4407780438059768,0.9736632083000798,0.859537110933759,0.0088888888888888,0.185476524258265,0.030251044034991337,1.0,0.1,0.2060221295129777,0.46281207520538886,0.06232384512079776,0.06232384512079776,0.22198860555655325,0.8055614494597234,1
WF-001145,1,Fail,2008-09-28 04:45:00,0.0710258225220496,0.1824204490890617,0.8175795509109383,0.5678689367739647,0.9481245011971268,0.372705506783719,0.0177777777777777,0.0097545407369025,0.0,0.0,0.0,0.4237906346786121,0.6903478066341437,0.17017354657858677,0.0,0.4237906346786121,0.35830407473678827,1
WF-000967,0,Pass,2008-09-20 19:14:00,0.0616667241503305,0.2282323913048884,0.7717676086951115,0.7011132393367031,0.1779728651237031,0.9321628092577812,0.0088888888888888,0.0199274737496407,0.20442981610057998,2.0,0.2,0.7090392358005767,0.9649760947650919,0.5205552556254915,0.7247438029140383,0.7051130940222113,0.45641556329951066,1
WF-000734,0,Pass,2008-09-04 17:30:00,0.0247304400999017,0.305637426966394,0.694362573033606,0.8873739469717123,0.2059058260175578,0.1053471667996807,0.0355555555555555,0.0111625651088025,0.0,0.0,0.0,0.24206909100267046,0.3385143537571385,0.15909669201072113,0.0,0.24206909100267046,0.10640091241685741,0
WF-001453,0,Pass,2008-10-10 21:03:00,0.0754388899186545,0.1979797465596275,0.8020202534403724,0.6315202624811563,0.6464485235434956,0.5546687948922586,0.0088888888888888,0.0049577283492885,0.0,0.0,0.0,0.21889324787051337,0.5578788281771638,0.08755033476943103,0.0,0.21889324787051337,0.5964329768284763,1
WF-000580,0,Pass,2008-08-30 11:12:00,0.0273699445319095,0.2975405736635021,0.7024594263364978,0.8206663119624014,0.3471667996807661,0.2170790103750997,0.0088888888888888,0.0082935385522722,0.08178693751455733,1.0,0.1,0.4385496292477182,0.68241614924428,0.29284996210365044,0.35867631124315413,0.4474244423593364,0.24471457930218232,0
WF-001502,0,Pass,2008-10-14 14:07:00,0.0217621214568675,0.268499877520145,0.731500122479855,0.646990866365168,0.7701516360734237,0.2769353551476456,0.0355555555555555,0.0143889984164483,0.0,0.0,0.0,0.3544962692189003,0.53975569186284,0.20627721294465756,0.0,0.3544962692189003,0.09612993753069016,0
WF-000637,0,Pass,2008-09-01 22:05:00,0.0461317703483383,0.3165948300221109,0.6834051699778891,0.9607578256628536,0.0686352753391859,0.0039904229848363,0.0355555555555555,0.0120997503786285,0.10569309594979949,1.0,0.1,0.5977684862835171,0.8189591169151796,0.4266371684328996,0.6318000197653016,0.593987204785541,0.19939671114859756,0
WF-001164,0,Pass,2008-09-28 21:27:00,0.0346896835559333,0.2797047615170361,0.720295238482964,0.805941651148355,0.3806863527533918,0.2290502793296089,0.0088888888888888,0.0003373004826811,0.0,0.0,0.0,0.5205342265199729,0.6835652362115515,0.41515465848231475,0.0,0.5205342265199729,0.2690360879099024,0
WF-000526,0,Pass,2008-08-29 08:10:00,0.0589151825296899,0.2327606627700817,0.7672393372299182,0.7136073423782922,0.2881085395051875,0.7422186751795691,0.0,0.0229182798590326,0.0,0.0,0.0,0.4240165041813063,0.6638393206767038,0.3023973333059152,0.0,0.4240165041813063,0.5169348178652393,1
WF-001137,0,Pass,2008-09-27 17:26:00,0.0342113640897258,0.2153412315956679,0.7846587684043321,0.5916160326327924,0.7462090981644054,0.5746209098164405,0.0088888888888888,0.0008572129459501,0.07921725666249675,1.0,0.1,0.5591695061097424,0.7669678575778259,0.44295874283337006,0.44295874283337006,0.5720818131404504,0.309209502299027,1
WF-000831,0,Pass,2008-09-13 16:04:00,0.0292111945530807,0.2842418560555185,0.7157581439444816,0.8204187283852088,0.1867517956903431,0.4142059058260176,0.0266666666666666,0.0062921798336078,0.0,0.0,0.0,0.36475964842825437,0.5717579745588339,0.17525383381302198,0.0,0.36475964842825437,0.20412953921582344,0
WF-000719,0,Pass,2008-09-03 18:16:00,0.0474561590909119,0.2537792933380299,0.7462207066619702,0.7828207856699477,0.0247406225059856,0.7629688747007183,0.0444444444444444,0.0135393033596869,0.0,0.0,0.0,0.0839848394894106,0.17546296817378196,0.0438333275527331,0.0,0.0839848394894106,0.3642974162303374,1
WF-001524,0,Pass,2008-10-15 05:16:00,0.0281399760434782,0.2239532113439533,0.7760467886560467,0.5825536933581626,0.9130087789305666,0.3631284916201117,0.0177777777777777,0.0074565477788279,0.10448183285507932,1.0,0.1,0.46371983529642086,0.7429883551445056,0.29503099181901193,0.4845029832302556,0.4614105966371058,0.2329141512128875,0
WF-000615,0,Pass,2008-08-31 21:58:00,0.0409324529406708,0.3006145934098607,0.6993854065901393,0.9115559102598207,0.0997605746209098,0.1572226656025538,0.0355555555555555,0.0064483184137727,0.2171863454297102,2.0,0.2,0.09846620938909288,0.216372665782605,0.061914431794936976,0.1069275808276685,0.09635086652944899,0.2450276075003085,0
WF-001503,0,Pass,2008-10-14 14:15:00,0.011342628391419,0.2817756784998168,0.7182243215001831,0.6015798527977299,0.753391859537111,0.4820430965682362,0.0355555555555555,0.0257145343571532,0.0,0.0,0.0,0.2986546791270913,0.8262081742612992,0.13789879323942134,0.0,0.2986546791270913,0.053606823113164906,0
WF-001270,0,Pass,2008-10-03 08:35:00,0.0389703320118869,0.2908468047212583,0.7091531952787417,0.8744173095681476,0.0670391061452514,0.3942537909018356,0.0088888888888888,0.0043155782737901,0.053697643927765194,1.0,0.1,0.26364500374200306,0.42384721929740066,0.14157115534272402,0.14157115534272402,0.2772087646752563,0.35116303329139004,1
WF-000029,0,Pass,2008-07-27 16:06:00,0.1456997517239171,0.1643870956109773,0.8356129043890226,0.5122505985634478,0.8132482043096568,0.8124501197126895,0.0,0.0714127736129534,0.12732884247381443,1.0,0.1,0.34497674759685126,0.5705386290226989,0.2280814591965374,0.43925489951888314,0.3345013973832922,0.7446157895994271,1
WF-001254,0,Pass,2008-10-02 20:54:00,0.0651134994303645,0.2439455307454935,0.7560544692545065,0.761209009488339,0.3312051077414206,0.4772545889864326,0.0088888888888888,0.0161809788800385,0.058056985170944424,1.0,0.1,0.35532538888363935,0.8116729970569599,0.17024517336909215,0.20629120833277512,0.3718847422781798,0.505255798562699,1
WF-000420,0,Pass,2008-08-22 13:22:00,0.0885533969601344,0.1893915091667025,0.8106084908332976,0.6162809257781325,0.6049481245011972,0.6879489225857941,0.0,0.0092971706088417,0.0,0.0,0.0,0.033896070466060066,0.0935688625117235,0.009056428305887343,0.0,0.033896070466060066,0.6191837282634376,1
WF-000800,0,Pass,2008-09-12 05:55:00,0.0525556875984507,0.2286092441849514,0.7713907558150486,0.6791260086902546,0.4237829209896249,0.6759776536312849,0.0088888888888888,0.0190822691287507,0.2601133630132807,2.0,0.2,0.32212896714153116,0.6170231484965714,0.20466921424286288,0.4189502448358913,0.29792364771794105,0.409198514841816,1
WF-001418,0,Pass,2008-10-08 07:16:00,0.0423582757076621,0.2187250466769666,0.7812749533230333,0.6010293517779551,0.8699122106943336,0.349561053471668,0.0177777777777777,0.0079981257691979,0.0,0.0,0.0,0.16875724760821983,0.35699186761552815,0.0945651143778781,0.0,0.16875724760821983,0.18344836230378153,0
WF-000832,1,Fail,2008-09-13 20:06:00,0.0358535592751072,0.283908142702556,0.716091857297444,0.8269960095770151,0.091779728651237,0.5315243415802074,0.02,0.0009277818207687,0.19903319955864718,2.0,0.2,0.6226727853388822,0.8211905167032674,0.48497193364557245,0.619662783720462,0.6234252857434872,0.25498312755209845,0
WF-001516,0,Pass,2008-10-15 01:52:00,0.0278355297613998,0.2762043887183052,0.7237956112816948,0.7477091425024386,0.5770151636073424,0.1444533120510774,0.0355555555555555,0.0077874676506523,0.0,0.0,0.0,0.10616775763265326,0.8768061994378262,0.0011765767084804583,0.0,0.10616775763265326,0.38259290779745553,1
WF-001466,0,Pass,2008-10-11 23:58:00,0.016882219308462,0.3285648361030029,0.6714351638969971,0.8144371730070054,0.4317637669592977,0.1093375897845171,0.0177777777777777,0.0196932398821064,0.0,0.0,0.0,0.5036276342921965,0.7599134613319855,0.3513805571642431,0.0,0.5036276342921965,0.03946946602715182,0
WF-000058,1,Fail,2008-07-30 12:29:00,0.1472784301222009,0.1454355747455541,0.8545644252544459,0.405706304868316,0.9968076616121307,0.9816440542697524,0.0,0.0731287283936967,0.0,0.0,0.0,0.012302950508915986,0.06074767997669315,0.00034027443933797843,0.0,0.012302950508915986,0.6549036665736278,1
WF-001323,0,Pass,2008-10-05 13:49:00,0.0536545310930829,0.24190204506602,0.75809795493398,0.7481204220980757,0.3304070231444533,0.5307262569832403,0.0088888888888888,0.0202766642316119,0.0,0.0,0.0,0.3303646201177342,0.6083568917926492,0.17134398392081632,0.0,0.3303646201177342,0.4921590978143961,1
WF-000887,0,Pass,2008-09-18 17:22:00,0.0273359449576589,0.329800230895671,0.6701997691043289,0.9278889775649553,0.1628092577813248,0.0462889066241021,0.0088888888888888,0.0083304946112402,0.0,0.0,0.0,0.42502295538333323,0.607382973642392,0.28565909569875086,0.0,0.42502295538333323,0.23489386706959467,0
WF-000737,0,Pass,2008-09-07 00:08:00,0.058400984827081,0.2246800417957388,0.7753199582042611,0.6749360645561764,0.4716679968076616,0.6256983240223464,0.0088888888888888,0.0234771904053467,0.0578228121438932,1.0,0.1,0.4185810415543778,0.7622599865869831,0.2420353293279394,0.2420353293279394,0.43819723180175985,0.4949988418516592,1
WF-000656,0,Pass,2008-09-02 02:52:00,0.0479459523791256,0.2922153404396948,0.7077846595603052,0.9091478230025716,0.1372705506783719,0.1356743814844373,0.0222222222222222,0.0140716873686148,0.0,0.0,0.0,0.7204255087186596,0.8613014317525721,0.6626313320940677,0.0,0.7204255087186596,0.33539563293814195,1
WF-000771,0,Pass,2008-09-09 03:53:00,0.0394989193260368,0.2208870178762601,0.7791129821237398,0.630921699033431,0.6304868316041501,0.5794094173982443,0.0088888888888888,0.004890129702214,0.35265987238402835,3.0,0.3,0.3984357641975873,0.9331000292713161,0.23014691711603183,0.4683743525171798,0.36846208348919046,0.3241540609952242,1
WF-000899,0,Pass,2008-09-19 05:33:00,0.0146846328107125,0.3582514552109143,0.6417485447890857,0.919748514675889,0.1564245810055866,0.0877893056664006,0.0088888888888888,0.0220819208579211,0.0,0.0,0.0,0.6244918491949397,0.8319634630264742,0.4998144000233729,0.0,0.6244918491949397,0.09697705285395837,0
WF-000397,0,Pass,2008-08-22 02:01:00,0.0706568045382976,0.1865438718616534,0.8134561281383466,0.5377852265673495,0.8555466879489226,0.6368715083798883,0.0088888888888888,0.0101556472409808,0.0,0.0,0.0,0.2644076687615281,0.4251441424423838,0.13256554704269136,0.0,0.2644076687615281,0.40732398164193434,1
WF-000138,0,Pass,2008-08-06 18:00:00,0.1092118788795665,0.2648551638075991,0.7351448361924009,0.8597203156867961,0.169193934557063,0.2673583399840383,0.0355555555555555,0.0317520422603984,0.0,0.0,0.0,0.6074838475599905,0.8782102788996679,0.44160022178254,0.0,0.6074838475599905,0.6815230011867814,1
WF-001055,0,Pass,2008-09-24 07:23:00,0.029268420050337,0.258907553694208,0.741092446305792,0.6967778664538441,0.6624102154828412,0.1468475658419792,0.0866666666666666,0.0062299782061553,0.0,0.0,0.0,0.2694907895558913,0.4373862545981954,0.12122907278254406,0.0,0.2694907895558913,0.14209451555091698,0
WF-000698,0,Pass,2008-09-02 17:10:00,0.0573470176583923,0.2420854216219992,0.7579145783780008,0.7550433625964352,0.189146049481245,0.6296887470071828,0.0533333333333333,0.024290236585209,0.0,0.0,0.0,0.48265932468936257,0.771556892850614,0.2789745258866983,0.0,0.48265932468936257,0.4584162402364939,1
WF-001439,1,Fail,2008-10-09 04:34:00,0.0590873657138636,0.2490989669770151,0.7509010330229848,0.7666718098785137,0.412609736632083,0.3272146847565842,0.0177777777777777,0.0227311242240612,0.187627306257288,2.0,0.2,0.06869123097856208,0.16085269879787686,0.0380926583106823,0.06444175316002387,0.06975360043319664,0.2763097445641791,1
WF-000503,0,Pass,2008-08-29 01:06:00,0.1377384185670133,0.2118864193921319,0.7881135806078681,0.652106765983861,0.5147645650438947,0.6424581005586593,0.0177777777777777,0.0627591506163188,0.0,0.0,0.0,0.5228137962742341,0.9040652864117783,0.3396823909027868,0.0,0.5228137962742341,0.6679861121982466,1
WF-001520,1,Fail,2008-10-15 02:42:00,0.0558587664090441,0.1599838508348272,0.8400161491651728,0.459333510685466,0.9337589784517158,0.8411811652035116,0.0088888888888888,0.0226725721837436,0.038527081329264926,1.0,0.1,0.23521285128821182,0.848356754910801,0.039059398019841235,0.09062064651269233,0.251278651818825,0.46827340129906186,1
WF-001175,0,Pass,2008-09-29 11:13:00,0.1559481521931091,0.2001128987321163,0.7998871012678836,0.61603334220094,0.8874700718276137,0.2649640861931365,0.0177777777777777,0.0825523393403359,0.0,0.0,0.0,0.15421600263518753,0.3831726912864688,0.04982760884411645,0.0,0.15421600263518753,0.7292876494973209,1
