wafer_id,target,status,timestamp,calibrated_failure_probability,prediction_confidence,combined_uncertainty,data_confidence,ood_percentile,missing_sensor_rate,probability_interval_lower,probability_interval_upper,probability_interval_width,uncertainty_adjusted_decision,abstention_reason,failed_neighbour_count,passed_neighbour_count,historical_weighted_failure_rate,historical_raw_failure_rate,mean_similarity,maximum_similarity,historical_evidence_level,positive_shap_total,negative_shap_total,top_risk_features,top_protective_features,explanation_text,model_evidence_strength,prediction_reliability,data_familiarity_score,data_familiarity_band,derived_historical_evidence,evidence_agreement,evidence_conflict_flag,recommended_action,engineering_evidence_narrative,primary_decision_retained,new_failure_probability_created,physical_root_cause_claimed
WF-000247,0,Pass,2008-08-18 04:35:00,0.0881819396074319,0.2720674056271345,0.7279325943728655,0.5521026868848099,0.6193136472466081,0.0266666666666666,0.0698198813303259,0.100708752600749,0.0308888712704231,High Risk,No abstention,1,9,0.1342108829865639,0.1,0.4247089646065771,0.5854706442092765,Limited Failure Evidence,0.2018745517370386,0.270255504117991,"sensor_060, sensor_206, sensor_478, sensor_342, sensor_386","sensor_032, sensor_104","The record was assigned to High Risk with a calibrated failure probability of 8.82%. The strongest model contributions increasing risk were sensor_060, sensor_206, sensor_478. Contributions reducing predicted risk were sensor_032, sensor_104. The internal prediction-confidence score was 27.21%. Because SECOM sensors are anonymous, these features must be treated as statistical indicators rather than confirmed physical root causes.",Strong Risk Signal,Moderate Reliability,0.3806863527533919,Unusual,Limited Historical Failure Evidence,High Risk with Reliability Caution,True,Hold for inspection or prioritised engineering assessment before continuing.,"The primary operational decision is High Risk. The retained Beta-calibrated model estimated a failure probability of 8.82%, corresponding to Strong Risk Signal. Prediction reliability is Moderate Reliability, and the record is unusual relative to the development data. The ten retrieved development neighbours contained 1 observed failures, with a similarity-weighted historical failure rate of 13.42%; this is classified as Limited Historical Failure Evidence. The principal model-attribution features were sensor_060, sensor_206, sensor_478, sensor_342, sensor_386. Overall evidence status: High Risk with Reliability Caution. Historical similarity and SHAP attribution are supporting statistical evidence only and do not establish a physical root cause.",True,False,False
WF-001316,0,Pass,2008-10-05 09:47:00,0.0484713095501457,0.4378494232213429,0.5621505767786571,0.8961211315066063,0.2394253790901835,0.0177777777777777,0.047269783496102,0.0622321341751029,0.0149623506790008,Engineering Review,No abstention,0,10,0.0,0.0,0.4354055775306072,0.8682854802811479,No Retrieved Failure Evidence,0.1446950266330651,0.2830045504425889,"sensor_406, sensor_082, sensor_268, sensor_056, sensor_022","sensor_104, sensor_060, sensor_389, sensor_478, sensor_206","The record was assigned to Engineering Review with a calibrated failure probability of 4.85%. The strongest model contributions increasing risk were sensor_406, sensor_082, sensor_268. Contributions reducing predicted risk were sensor_104, sensor_060, sensor_389. The internal prediction-confidence score was 43.78%. Because SECOM sensors are anonymous, these features must be treated as statistical indicators rather than confirmed physical root causes.",Intermediate Risk Signal,Moderate Reliability,0.7605746209098165,Very Familiar,No Retrieved Historical Failure Evidence,Mixed or Intermediate Evidence,False,Prioritise engineering assessment using the SHAP-ranked sensor evidence and retrieved historical cases.,"The primary operational decision is Engineering Review. The retained Beta-calibrated model estimated a failure probability of 4.85%, corresponding to Intermediate Risk Signal. Prediction reliability is Moderate Reliability, and the record is very familiar relative to the development data. The ten retrieved development neighbours contained 0 observed failures, with a similarity-weighted historical failure rate of 0.00%; this is classified as No Retrieved Historical Failure Evidence. The principal model-attribution features were sensor_406, sensor_082, sensor_268, sensor_056, sensor_022. Overall evidence status: Mixed or Intermediate Evidence. Historical similarity and SHAP attribution are supporting statistical evidence only and do not establish a physical root cause.",True,False,False
WF-000445,0,Pass,2008-08-24 07:12:00,0.0527244553091201,0.2088607534148435,0.7911392465851564,0.5448042919216104,0.7517956903431764,0.0177777777777777,0.0460722658478868,0.1022211582078549,0.056148892359968,Engineering Review,No abstention,0,10,0.0,0.0,0.0020340862403764,0.0086842083375397,No Retrieved Failure Evidence,0.1473127418160195,0.276336551339829,"sensor_104, sensor_317, sensor_015","sensor_248, sensor_520, sensor_389, sensor_444, sensor_020","The record was assigned to Engineering Review with a calibrated failure probability of 5.27%. The strongest model contributions increasing risk were sensor_104, sensor_317, sensor_015. Contributions reducing predicted risk were sensor_248, sensor_520, sensor_389. The internal prediction-confidence score was 20.89%. Because SECOM sensors are anonymous, these features must be treated as statistical indicators rather than confirmed physical root causes.",Intermediate Risk Signal,Low Reliability,0.2482043096568236,Unusual,No Retrieved Historical Failure Evidence,Review Driven by Reliability Concern,False,Prioritise engineering assessment using the SHAP-ranked sensor evidence and retrieved historical cases.,"The primary operational decision is Engineering Review. The retained Beta-calibrated model estimated a failure probability of 5.27%, corresponding to Intermediate Risk Signal. Prediction reliability is Low Reliability, and the record is unusual relative to the development data. The ten retrieved development neighbours contained 0 observed failures, with a similarity-weighted historical failure rate of 0.00%; this is classified as No Retrieved Historical Failure Evidence. The principal model-attribution features were sensor_104, sensor_317, sensor_015. Overall evidence status: Review Driven by Reliability Concern. Historical similarity and SHAP attribution are supporting statistical evidence only and do not establish a physical root cause.",True,False,False
WF-000297,0,Pass,2008-08-19 08:07:00,0.0629760541589986,0.3174293547995154,0.6825706452004846,0.7656701250332535,0.4628890662410215,0.0266666666666666,0.0433088439674305,0.0842944555136757,0.0409856115462452,Engineering Review,No abstention,0,10,0.0,0.0,0.3261172875985894,0.4455118907463632,No Retrieved Failure Evidence,0.1531068539333886,0.261940187266722,"sensor_342, sensor_001, sensor_206","sensor_104, sensor_131, sensor_201, sensor_317, sensor_453","The record was assigned to Engineering Review with a calibrated failure probability of 6.30%. The strongest model contributions increasing risk were sensor_342, sensor_001, sensor_206. Contributions reducing predicted risk were sensor_104, sensor_131, sensor_201. The internal prediction-confidence score was 31.74%. Because SECOM sensors are anonymous, these features must be treated as statistical indicators rather than confirmed physical root causes.",Intermediate Risk Signal,Moderate Reliability,0.5371109337589786,Familiar,No Retrieved Historical Failure Evidence,Mixed or Intermediate Evidence,False,Prioritise engineering assessment using the SHAP-ranked sensor evidence and retrieved historical cases.,"The primary operational decision is Engineering Review. The retained Beta-calibrated model estimated a failure probability of 6.30%, corresponding to Intermediate Risk Signal. Prediction reliability is Moderate Reliability, and the record is familiar relative to the development data. The ten retrieved development neighbours contained 0 observed failures, with a similarity-weighted historical failure rate of 0.00%; this is classified as No Retrieved Historical Failure Evidence. The principal model-attribution features were sensor_342, sensor_001, sensor_206. Overall evidence status: Mixed or Intermediate Evidence. Historical similarity and SHAP attribution are supporting statistical evidence only and do not establish a physical root cause.",True,False,False
WF-001296,0,Pass,2008-10-04 18:25:00,0.0423677814160584,0.4164477548165061,0.5835522451834938,0.80143247317549,0.4676775738228252,0.0088888888888888,0.0343131682910144,0.0483973143373734,0.014084146046359,Engineering Review,No abstention,3,7,0.2554802559984329,0.3,0.369008541893327,0.6435961626061641,Moderate Failure Evidence,0.157686871327558,0.3104963951370819,,"sensor_104, sensor_520, sensor_248, sensor_511, sensor_060","The record was assigned to Engineering Review with a calibrated failure probability of 4.24%. The strongest model contributions increasing risk were no dominant positive sensor contribution. Contributions reducing predicted risk were sensor_104, sensor_520, sensor_248. The internal prediction-confidence score was 41.64%. Because SECOM sensors are anonymous, these features must be treated as statistical indicators rather than confirmed physical root causes.",Intermediate Risk Signal,Moderate Reliability,0.5323224261771748,Familiar,Moderate Historical Failure Evidence,Review with Supporting Historical Risk,False,Prioritise engineering assessment using the SHAP-ranked sensor evidence and retrieved historical cases.,"The primary operational decision is Engineering Review. The retained Beta-calibrated model estimated a failure probability of 4.24%, corresponding to Intermediate Risk Signal. Prediction reliability is Moderate Reliability, and the record is familiar relative to the development data. The ten retrieved development neighbours contained 3 observed failures, with a similarity-weighted historical failure rate of 25.55%; this is classified as Moderate Historical Failure Evidence. The principal model-attribution features were no dominant positive sensor attribution was available. Overall evidence status: Review with Supporting Historical Risk. Historical similarity and SHAP attribution are supporting statistical evidence only and do not establish a physical root cause.",True,False,False
WF-001240,0,Pass,2008-10-02 09:42:00,0.0517514508083244,0.3962679002211795,0.6037320997788205,0.851312760485945,0.3280127693535515,0.0088888888888888,0.0449149952468826,0.0711062120790235,0.0261912168321408,Engineering Review,No abstention,0,10,0.0,0.0,0.6042922903203374,0.7470654786585923,No Retrieved Failure Evidence,0.1523974511342369,0.2834926892294751,sensor_133,"sensor_520, sensor_029, sensor_060, sensor_478, sensor_511","The record was assigned to Engineering Review with a calibrated failure probability of 5.18%. The strongest model contributions increasing risk were sensor_133. Contributions reducing predicted risk were sensor_520, sensor_029, sensor_060. The internal prediction-confidence score was 39.63%. Because SECOM sensors are anonymous, these features must be treated as statistical indicators rather than confirmed physical root causes.",Intermediate Risk Signal,Moderate Reliability,0.6719872306464485,Familiar,No Retrieved Historical Failure Evidence,Mixed or Intermediate Evidence,False,Prioritise engineering assessment using the SHAP-ranked sensor evidence and retrieved historical cases.,"The primary operational decision is Engineering Review. The retained Beta-calibrated model estimated a failure probability of 5.18%, corresponding to Intermediate Risk Signal. Prediction reliability is Moderate Reliability, and the record is familiar relative to the development data. The ten retrieved development neighbours contained 0 observed failures, with a similarity-weighted historical failure rate of 0.00%; this is classified as No Retrieved Historical Failure Evidence. The principal model-attribution features were sensor_133. Overall evidence status: Mixed or Intermediate Evidence. Historical similarity and SHAP attribution are supporting statistical evidence only and do not establish a physical root cause.",True,False,False
WF-001433,0,Pass,2008-10-08 21:19:00,0.023658352782628,0.419774992239957,0.5802250077600429,0.7093611776181608,0.5674381484437351,0.0355555555555555,0.0226779829129345,0.0326756432393241,0.0099976603263896,Low Risk,No abstention,0,10,0.0,0.0,0.5958191852167817,0.804091396731768,No Retrieved Failure Evidence,0.1205429244827967,0.3311619721018443,,"sensor_034, sensor_214, sensor_032, sensor_104, sensor_352","The record was assigned to Low Risk with a calibrated failure probability of 2.37%. The strongest model contributions increasing risk were no dominant positive sensor contribution. Contributions reducing predicted risk were sensor_034, sensor_214, sensor_032. The internal prediction-confidence score was 41.98%. Because SECOM sensors are anonymous, these features must be treated as statistical indicators rather than confirmed physical root causes.",Moderate Low-Risk Signal,Moderate Reliability,0.4325618515562649,Familiar,No Retrieved Historical Failure Evidence,Convergent Low-Risk Evidence,False,Continue processing under standard monitoring.,"The primary operational decision is Low Risk. The retained Beta-calibrated model estimated a failure probability of 2.37%, corresponding to Moderate Low-Risk Signal. Prediction reliability is Moderate Reliability, and the record is familiar relative to the development data. The ten retrieved development neighbours contained 0 observed failures, with a similarity-weighted historical failure rate of 0.00%; this is classified as No Retrieved Historical Failure Evidence. The principal model-attribution features were no dominant positive sensor attribution was available. Overall evidence status: Convergent Low-Risk Evidence. Historical similarity and SHAP attribution are supporting statistical evidence only and do not establish a physical root cause.",True,False,False
WF-000974,0,Pass,2008-09-21 03:47:00,0.0263637970331434,0.4233584013217353,0.5766415986782647,0.8049082202713487,0.1093375897845171,0.0,0.0264799901120596,0.0425611512539414,0.0160811611418818,Low Risk,No abstention,1,9,0.1329891349470193,0.1,0.5244335853197579,0.6974396884883847,Limited Failure Evidence,0.1292410485429489,0.3297172390191393,,"sensor_104, sensor_131, sensor_248, sensor_352, sensor_060","The record was assigned to Low Risk with a calibrated failure probability of 2.64%. The strongest model contributions increasing risk were no dominant positive sensor contribution. Contributions reducing predicted risk were sensor_104, sensor_131, sensor_248. The internal prediction-confidence score was 42.34%. Because SECOM sensors are anonymous, these features must be treated as statistical indicators rather than confirmed physical root causes.",Moderate Low-Risk Signal,Moderate Reliability,0.8906624102154829,Very Familiar,Limited Historical Failure Evidence,Low-Risk Decision with Limited Support,False,Continue processing under standard monitoring.,"The primary operational decision is Low Risk. The retained Beta-calibrated model estimated a failure probability of 2.64%, corresponding to Moderate Low-Risk Signal. Prediction reliability is Moderate Reliability, and the record is very familiar relative to the development data. The ten retrieved development neighbours contained 1 observed failures, with a similarity-weighted historical failure rate of 13.30%; this is classified as Limited Historical Failure Evidence. The principal model-attribution features were no dominant positive sensor attribution was available. Overall evidence status: Low-Risk Decision with Limited Support. Historical similarity and SHAP attribution are supporting statistical evidence only and do not establish a physical root cause.",True,False,False
WF-000284,0,Pass,2008-08-19 04:58:00,0.0511986153901467,0.3575143690842669,0.6424856309157331,0.814512902367651,0.106145251396648,0.0266666666666666,0.0523410331991086,0.0862552132812234,0.0339141800821148,Engineering Review,No abstention,0,10,0.0,0.0,0.617170772475253,0.8326098020366688,No Retrieved Failure Evidence,0.1507467240137351,0.2830324382994494,"sensor_060, sensor_153, sensor_426","sensor_104, sensor_432, sensor_424, sensor_282, sensor_126","The record was assigned to Engineering Review with a calibrated failure probability of 5.12%. The strongest model contributions increasing risk were sensor_060, sensor_153, sensor_426. Contributions reducing predicted risk were sensor_104, sensor_432, sensor_424. The internal prediction-confidence score was 35.75%. Because SECOM sensors are anonymous, these features must be treated as statistical indicators rather than confirmed physical root causes.",Intermediate Risk Signal,Moderate Reliability,0.893854748603352,Very Familiar,No Retrieved Historical Failure Evidence,Mixed or Intermediate Evidence,False,Prioritise engineering assessment using the SHAP-ranked sensor evidence and retrieved historical cases.,"The primary operational decision is Engineering Review. The retained Beta-calibrated model estimated a failure probability of 5.12%, corresponding to Intermediate Risk Signal. Prediction reliability is Moderate Reliability, and the record is very familiar relative to the development data. The ten retrieved development neighbours contained 0 observed failures, with a similarity-weighted historical failure rate of 0.00%; this is classified as No Retrieved Historical Failure Evidence. The principal model-attribution features were sensor_060, sensor_153, sensor_426. Overall evidence status: Mixed or Intermediate Evidence. Historical similarity and SHAP attribution are supporting statistical evidence only and do not establish a physical root cause.",True,False,False
WF-000554,0,Pass,2008-08-30 00:57:00,0.02463606235205,0.4837253992009918,0.5162746007990082,0.9566118648576748,0.0039904229848363,0.0266666666666666,0.0227973871466211,0.0340295258725239,0.0112321387259027,Low Risk,No abstention,0,10,0.0,0.0,0.5697622346657644,0.7292730199925217,No Retrieved Failure Evidence,0.1133861856653409,0.3202433285224837,,"sensor_032, sensor_104, sensor_352, sensor_520, sensor_248","The record was assigned to Low Risk with a calibrated failure probability of 2.46%. The strongest model contributions increasing risk were no dominant positive sensor contribution. Contributions reducing predicted risk were sensor_032, sensor_104, sensor_352. The internal prediction-confidence score was 48.37%. Because SECOM sensors are anonymous, these features must be treated as statistical indicators rather than confirmed physical root causes.",Moderate Low-Risk Signal,Moderate Reliability,0.9960095770151637,Very Familiar,No Retrieved Historical Failure Evidence,Convergent Low-Risk Evidence,False,Continue processing under standard monitoring.,"The primary operational decision is Low Risk. The retained Beta-calibrated model estimated a failure probability of 2.46%, corresponding to Moderate Low-Risk Signal. Prediction reliability is Moderate Reliability, and the record is very familiar relative to the development data. The ten retrieved development neighbours contained 0 observed failures, with a similarity-weighted historical failure rate of 0.00%; this is classified as No Retrieved Historical Failure Evidence. The principal model-attribution features were no dominant positive sensor attribution was available. Overall evidence status: Convergent Low-Risk Evidence. Historical similarity and SHAP attribution are supporting statistical evidence only and do not establish a physical root cause.",True,False,False
WF-000727,0,Pass,2008-09-04 11:50:00,0.0192826831941094,0.5023158666742495,0.4976841333257504,0.9539863438857852,0.1093375897845171,0.0088888888888888,0.0170381734658782,0.0258087410805175,0.0087705676146393,Low Risk,No abstention,0,10,0.0,0.0,0.5922205824915245,0.9080624973784822,No Retrieved Failure Evidence,0.1143361706087313,0.3433837896563504,"sensor_034, sensor_064, sensor_342","sensor_032, sensor_520, sensor_248, sensor_060, sensor_104","The record was assigned to Low Risk with a calibrated failure probability of 1.93%. The strongest model contributions increasing risk were sensor_034, sensor_064, sensor_342. Contributions reducing predicted risk were sensor_032, sensor_520, sensor_248. The internal prediction-confidence score was 50.23%. Because SECOM sensors are anonymous, these features must be treated as statistical indicators rather than confirmed physical root causes.",Moderate Low-Risk Signal,High Reliability,0.8906624102154829,Very Familiar,No Retrieved Historical Failure Evidence,Convergent Low-Risk Evidence,False,Continue processing under standard monitoring.,"The primary operational decision is Low Risk. The retained Beta-calibrated model estimated a failure probability of 1.93%, corresponding to Moderate Low-Risk Signal. Prediction reliability is High Reliability, and the record is very familiar relative to the development data. The ten retrieved development neighbours contained 0 observed failures, with a similarity-weighted historical failure rate of 0.00%; this is classified as No Retrieved Historical Failure Evidence. The principal model-attribution features were sensor_034, sensor_064, sensor_342. Overall evidence status: Convergent Low-Risk Evidence. Historical similarity and SHAP attribution are supporting statistical evidence only and do not establish a physical root cause.",True,False,False
WF-001123,0,Pass,2008-09-27 11:04:00,0.0306379573140376,0.3842612344307621,0.6157387655692379,0.6823541722089208,0.4596967278531524,0.0177777777777777,0.0227829289837206,0.0383890864787632,0.0156061574950426,Low Risk,No abstention,1,9,0.1296411037927226,0.1,0.4073845312801702,0.691838965820521,Limited Failure Evidence,0.1288067705871834,0.3147591515395643,sensor_424,"sensor_104, sensor_060, sensor_317, sensor_206, sensor_511","The record was assigned to Low Risk with a calibrated failure probability of 3.06%. The strongest model contributions increasing risk were sensor_424. Contributions reducing predicted risk were sensor_104, sensor_060, sensor_317. The internal prediction-confidence score was 38.43%. Because SECOM sensors are anonymous, these features must be treated as statistical indicators rather than confirmed physical root causes.",Moderate Low-Risk Signal,Moderate Reliability,0.5403032721468476,Familiar,Limited Historical Failure Evidence,Low-Risk Decision with Limited Support,False,Continue processing under standard monitoring.,"The primary operational decision is Low Risk. The retained Beta-calibrated model estimated a failure probability of 3.06%, corresponding to Moderate Low-Risk Signal. Prediction reliability is Moderate Reliability, and the record is familiar relative to the development data. The ten retrieved development neighbours contained 1 observed failures, with a similarity-weighted historical failure rate of 12.96%; this is classified as Limited Historical Failure Evidence. The principal model-attribution features were sensor_424. Overall evidence status: Low-Risk Decision with Limited Support. Historical similarity and SHAP attribution are supporting statistical evidence only and do not establish a physical root cause.",True,False,False
WF-001275,0,Pass,2008-10-03 19:23:00,0.0451050242569556,0.3071337688357471,0.6928662311642528,0.6663525760397269,0.7653631284916201,0.0177777777777777,0.0339520198364563,0.0727191995491957,0.0387671797127394,Engineering Review,No abstention,0,10,0.0,0.0,0.4063609938374723,0.7025659442772876,No Retrieved Failure Evidence,0.1630040645051684,0.309123112124216,"sensor_478, sensor_206, sensor_342, sensor_034, sensor_130","sensor_104, sensor_548, sensor_060, sensor_317, sensor_432","The record was assigned to Engineering Review with a calibrated failure probability of 4.51%. The strongest model contributions increasing risk were sensor_478, sensor_206, sensor_342. Contributions reducing predicted risk were sensor_104, sensor_548, sensor_060. The internal prediction-confidence score was 30.71%. Because SECOM sensors are anonymous, these features must be treated as statistical indicators rather than confirmed physical root causes.",Intermediate Risk Signal,Moderate Reliability,0.23463687150837986,Unusual,No Retrieved Historical Failure Evidence,Review Driven by Reliability Concern,False,Prioritise engineering assessment using the SHAP-ranked sensor evidence and retrieved historical cases.,"The primary operational decision is Engineering Review. The retained Beta-calibrated model estimated a failure probability of 4.51%, corresponding to Intermediate Risk Signal. Prediction reliability is Moderate Reliability, and the record is unusual relative to the development data. The ten retrieved development neighbours contained 0 observed failures, with a similarity-weighted historical failure rate of 0.00%; this is classified as No Retrieved Historical Failure Evidence. The principal model-attribution features were sensor_478, sensor_206, sensor_342, sensor_034, sensor_130. Overall evidence status: Review Driven by Reliability Concern. Historical similarity and SHAP attribution are supporting statistical evidence only and do not establish a physical root cause.",True,False,False
WF-000338,0,Pass,2008-08-20 20:19:00,0.0253537726731054,0.3567795353907665,0.6432204646092334,0.4972783541722089,0.8300079808459697,0.0177777777777777,0.0292248829945996,0.0385587421192862,0.0093338591246866,Low Risk,No abstention,1,9,0.010122395563789,0.1,0.033526607760169,0.1405376700676338,Limited Failure Evidence,0.1190559199283143,0.3232225865949809,"sensor_206, sensor_342","sensor_131, sensor_032, sensor_104, sensor_248, sensor_520","The record was assigned to Low Risk with a calibrated failure probability of 2.54%. The strongest model contributions increasing risk were sensor_206, sensor_342. Contributions reducing predicted risk were sensor_131, sensor_032, sensor_104. The internal prediction-confidence score was 35.68%. Because SECOM sensors are anonymous, these features must be treated as statistical indicators rather than confirmed physical root causes.",Moderate Low-Risk Signal,Moderate Reliability,0.16999201915403028,Unusual,Limited Historical Failure Evidence,Low-Risk Decision with Reliability Caution,True,Do not rely on automatic release alone. Verify the highlighted evidence before continuing.,"The primary operational decision is Low Risk. The retained Beta-calibrated model estimated a failure probability of 2.54%, corresponding to Moderate Low-Risk Signal. Prediction reliability is Moderate Reliability, and the record is unusual relative to the development data. The ten retrieved development neighbours contained 1 observed failures, with a similarity-weighted historical failure rate of 1.01%; this is classified as Limited Historical Failure Evidence. The principal model-attribution features were sensor_206, sensor_342. Overall evidence status: Low-Risk Decision with Reliability Caution. Historical similarity and SHAP attribution are supporting statistical evidence only and do not establish a physical root cause.",True,False,False
WF-000513,0,Pass,2008-08-29 05:54:00,0.0285030275934763,0.459680133209711,0.540319866790289,0.8686278265496143,0.1484437350359138,0.1466666666666666,0.0237982748290979,0.035566846997075,0.011768572167977,Low Risk,No abstention,0,10,0.0,0.0,0.5741072157578947,0.8865920996570917,No Retrieved Failure Evidence,0.1266321703777879,0.3196321703777879,sensor_576,"sensor_104, sensor_520, sensor_248, sensor_060, sensor_511","The record was assigned to Low Risk with a calibrated failure probability of 2.85%. The strongest model contributions increasing risk were sensor_576. Contributions reducing predicted risk were sensor_104, sensor_520, sensor_248. The internal prediction-confidence score was 45.97%. Because SECOM sensors are anonymous, these features must be treated as statistical indicators rather than confirmed physical root causes.",Moderate Low-Risk Signal,Moderate Reliability,0.8515562649640862,Very Familiar,No Retrieved Historical Failure Evidence,Convergent Low-Risk Evidence,False,Continue processing under standard monitoring.,"The primary operational decision is Low Risk. The retained Beta-calibrated model estimated a failure probability of 2.85%, corresponding to Moderate Low-Risk Signal. Prediction reliability is Moderate Reliability, and the record is very familiar relative to the development data. The ten retrieved development neighbours contained 0 observed failures, with a similarity-weighted historical failure rate of 0.00%; this is classified as No Retrieved Historical Failure Evidence. The principal model-attribution features were sensor_576. Overall evidence status: Convergent Low-Risk Evidence. Historical similarity and SHAP attribution are supporting statistical evidence only and do not establish a physical root cause.",True,False,False
WF-000793,0,Pass,2008-09-11 15:08:00,0.0426441651253826,0.3763474133504663,0.6236525866495337,0.7118393189678106,0.4764565043894653,0.0266666666666666,0.0334800067293618,0.0530047769568238,0.0195247702274619,Engineering Review,No abstention,2,8,0.1332606923904509,0.2,0.3586036850286214,0.6043114092066235,Limited Failure Evidence,0.1552069857177438,0.3073260333367914,"sensor_424, sensor_153, sensor_064, sensor_015, sensor_206","sensor_104, sensor_214, sensor_034, sensor_310, sensor_060","The record was assigned to Engineering Review with a calibrated failure probability of 4.26%. The strongest model contributions increasing risk were sensor_424, sensor_153, sensor_064. Contributions reducing predicted risk were sensor_104, sensor_214, sensor_034. The internal prediction-confidence score was 37.63%. Because SECOM sensors are anonymous, these features must be treated as statistical indicators rather than confirmed physical root causes.",Intermediate Risk Signal,Moderate Reliability,0.5235434956105347,Familiar,Limited Historical Failure Evidence,Mixed or Intermediate Evidence,False,Prioritise engineering assessment using the SHAP-ranked sensor evidence and retrieved historical cases.,"The primary operational decision is Engineering Review. The retained Beta-calibrated model estimated a failure probability of 4.26%, corresponding to Intermediate Risk Signal. Prediction reliability is Moderate Reliability, and the record is familiar relative to the development data. The ten retrieved development neighbours contained 2 observed failures, with a similarity-weighted historical failure rate of 13.33%; this is classified as Limited Historical Failure Evidence. The principal model-attribution features were sensor_424, sensor_153, sensor_064, sensor_015, sensor_206. Overall evidence status: Mixed or Intermediate Evidence. Historical similarity and SHAP attribution are supporting statistical evidence only and do not establish a physical root cause.",True,False,False
WF-000644,0,Pass,2008-09-01 23:59:00,0.0674301676033938,0.3093740136802027,0.6906259863197972,0.6480805178682274,0.7541899441340782,0.0088888888888888,0.0582692913876526,0.091364414712735,0.0330951233250824,Engineering Review,No abstention,0,10,0.0,0.0,0.578963327979289,0.7854376123889263,No Retrieved Failure Evidence,0.1866604405791538,0.2875175834362967,"sensor_065, sensor_066, sensor_064, sensor_068","sensor_248, sensor_104, sensor_520, sensor_352, sensor_060","The record was assigned to Engineering Review with a calibrated failure probability of 6.74%. The strongest model contributions increasing risk were sensor_065, sensor_066, sensor_064. Contributions reducing predicted risk were sensor_248, sensor_104, sensor_520. The internal prediction-confidence score was 30.94%. Because SECOM sensors are anonymous, these features must be treated as statistical indicators rather than confirmed physical root causes.",Intermediate Risk Signal,Moderate Reliability,0.24581005586592175,Unusual,No Retrieved Historical Failure Evidence,Review Driven by Reliability Concern,False,Prioritise engineering assessment using the SHAP-ranked sensor evidence and retrieved historical cases.,"The primary operational decision is Engineering Review. The retained Beta-calibrated model estimated a failure probability of 6.74%, corresponding to Intermediate Risk Signal. Prediction reliability is Moderate Reliability, and the record is unusual relative to the development data. The ten retrieved development neighbours contained 0 observed failures, with a similarity-weighted historical failure rate of 0.00%; this is classified as No Retrieved Historical Failure Evidence. The principal model-attribution features were sensor_065, sensor_066, sensor_064, sensor_068. Overall evidence status: Review Driven by Reliability Concern. Historical similarity and SHAP attribution are supporting statistical evidence only and do not establish a physical root cause.",True,False,False
WF-001033,0,Pass,2008-09-23 12:29:00,0.0418474101202156,0.3995828351631742,0.6004171648368257,0.8488786024651946,0.3144453312051077,0.0088888888888888,0.0385651407950583,0.0660127263841963,0.0274475855891379,Engineering Review,No abstention,0,10,0.0,0.0,0.4287416342020393,0.7347751032997955,No Retrieved Failure Evidence,0.1417867676680093,0.2959058152870569,,"sensor_104, sensor_248, sensor_126, sensor_520, sensor_060","The record was assigned to Engineering Review with a calibrated failure probability of 4.18%. The strongest model contributions increasing risk were no dominant positive sensor contribution. Contributions reducing predicted risk were sensor_104, sensor_248, sensor_126. The internal prediction-confidence score was 39.96%. Because SECOM sensors are anonymous, these features must be treated as statistical indicators rather than confirmed physical root causes.",Intermediate Risk Signal,Moderate Reliability,0.6855546687948924,Familiar,No Retrieved Historical Failure Evidence,Mixed or Intermediate Evidence,False,Prioritise engineering assessment using the SHAP-ranked sensor evidence and retrieved historical cases.,"The primary operational decision is Engineering Review. The retained Beta-calibrated model estimated a failure probability of 4.18%, corresponding to Intermediate Risk Signal. Prediction reliability is Moderate Reliability, and the record is familiar relative to the development data. The ten retrieved development neighbours contained 0 observed failures, with a similarity-weighted historical failure rate of 0.00%; this is classified as No Retrieved Historical Failure Evidence. The principal model-attribution features were no dominant positive sensor attribution was available. Overall evidence status: Mixed or Intermediate Evidence. Historical similarity and SHAP attribution are supporting statistical evidence only and do not establish a physical root cause.",True,False,False
WF-001397,0,Pass,2008-10-07 11:15:00,0.0377204669258587,0.2944655141160117,0.7055344858839883,0.5157181874612042,0.902633679169992,0.0088888888888888,0.0323539990571131,0.0615715996885451,0.0292176006314319,Engineering Review,No abstention,0,10,0.0,0.0,0.2354337273487422,0.7478314011140511,No Retrieved Failure Evidence,0.1524911082274278,0.3174672987036183,"sensor_478, sensor_342, sensor_206","sensor_032, sensor_104, sensor_317, sensor_060, sensor_511","The record was assigned to Engineering Review with a calibrated failure probability of 3.77%. The strongest model contributions increasing risk were sensor_478, sensor_342, sensor_206. Contributions reducing predicted risk were sensor_032, sensor_104, sensor_317. The internal prediction-confidence score was 29.45%. Because SECOM sensors are anonymous, these features must be treated as statistical indicators rather than confirmed physical root causes.",Intermediate Risk Signal,Moderate Reliability,0.09736632083000796,Outside Typical Historical Experience,No Retrieved Historical Failure Evidence,Review Driven by Reliability Concern,False,Prioritise engineering assessment using the SHAP-ranked sensor evidence and retrieved historical cases.,"The primary operational decision is Engineering Review. The retained Beta-calibrated model estimated a failure probability of 3.77%, corresponding to Intermediate Risk Signal. Prediction reliability is Moderate Reliability, and the record is outside typical historical experience relative to the development data. The ten retrieved development neighbours contained 0 observed failures, with a similarity-weighted historical failure rate of 0.00%; this is classified as No Retrieved Historical Failure Evidence. The principal model-attribution features were sensor_478, sensor_342, sensor_206. Overall evidence status: Review Driven by Reliability Concern. Historical similarity and SHAP attribution are supporting statistical evidence only and do not establish a physical root cause.",True,False,False
WF-000960,0,Pass,2008-09-20 16:43:00,0.0294046723208523,0.4341160917599598,0.5658839082400402,0.7942057284738848,0.4764565043894653,0.0177777777777777,0.0250572758382351,0.0361443553788454,0.0110870795406103,Low Risk,No abstention,1,9,0.093069074376206,0.1,0.456319447807297,0.9127405157166568,Limited Failure Evidence,0.1156280524329796,0.3056042429091702,sensor_153,"sensor_104, sensor_131, sensor_130, sensor_126, sensor_029","The record was assigned to Low Risk with a calibrated failure probability of 2.94%. The strongest model contributions increasing risk were sensor_153. Contributions reducing predicted risk were sensor_104, sensor_131, sensor_130. The internal prediction-confidence score was 43.41%. Because SECOM sensors are anonymous, these features must be treated as statistical indicators rather than confirmed physical root causes.",Moderate Low-Risk Signal,Moderate Reliability,0.5235434956105347,Familiar,Limited Historical Failure Evidence,Low-Risk Decision with Limited Support,False,Continue processing under standard monitoring.,"The primary operational decision is Low Risk. The retained Beta-calibrated model estimated a failure probability of 2.94%, corresponding to Moderate Low-Risk Signal. Prediction reliability is Moderate Reliability, and the record is familiar relative to the development data. The ten retrieved development neighbours contained 1 observed failures, with a similarity-weighted historical failure rate of 9.31%; this is classified as Limited Historical Failure Evidence. The principal model-attribution features were sensor_153. Overall evidence status: Low-Risk Decision with Limited Support. Historical similarity and SHAP attribution are supporting statistical evidence only and do not establish a physical root cause.",True,False,False
WF-001526,0,Pass,2008-10-15 07:36:00,0.0198803182261642,0.396667687316871,0.6033323126831289,0.5560971889686974,0.9361532322426176,0.0177777777777777,0.0239793341643153,0.0301515582147609,0.0061722240504455,Low Risk,No abstention,0,10,0.0,0.0,0.0661915780467511,0.3838572754157588,No Retrieved Failure Evidence,0.1097967710965581,0.336153913953701,sensor_512,"sensor_104, sensor_034, sensor_131, sensor_214, sensor_352","The record was assigned to Low Risk with a calibrated failure probability of 1.99%. The strongest model contributions increasing risk were sensor_512. Contributions reducing predicted risk were sensor_104, sensor_034, sensor_131. The internal prediction-confidence score was 39.67%. Because SECOM sensors are anonymous, these features must be treated as statistical indicators rather than confirmed physical root causes.",Moderate Low-Risk Signal,Moderate Reliability,0.0638467677573824,Outside Typical Historical Experience,No Retrieved Historical Failure Evidence,Low-Risk Decision with Reliability Caution,True,Do not rely on automatic release alone. Verify the highlighted evidence before continuing.,"The primary operational decision is Low Risk. The retained Beta-calibrated model estimated a failure probability of 1.99%, corresponding to Moderate Low-Risk Signal. Prediction reliability is Moderate Reliability, and the record is outside typical historical experience relative to the development data. The ten retrieved development neighbours contained 0 observed failures, with a similarity-weighted historical failure rate of 0.00%; this is classified as No Retrieved Historical Failure Evidence. The principal model-attribution features were sensor_512. Overall evidence status: Low-Risk Decision with Reliability Caution. Historical similarity and SHAP attribution are supporting statistical evidence only and do not establish a physical root cause.",True,False,False
WF-001443,0,Pass,2008-10-09 15:04:00,0.0181476305780483,0.4584951295218503,0.5415048704781498,0.8407340604770772,0.3064644852354349,0.0177777777777777,0.0157890744873608,0.0295258439995521,0.0137367695121912,Low Risk,No abstention,1,9,0.1110507105049408,0.1,0.5838430586918745,0.9593812630917806,Limited Failure Evidence,0.1077623733249582,0.3420957066582915,,"sensor_034, sensor_214, sensor_131, sensor_032, sensor_104","The record was assigned to Low Risk with a calibrated failure probability of 1.81%. The strongest model contributions increasing risk were no dominant positive sensor contribution. Contributions reducing predicted risk were sensor_034, sensor_214, sensor_131. The internal prediction-confidence score was 45.85%. Because SECOM sensors are anonymous, these features must be treated as statistical indicators rather than confirmed physical root causes.",Moderate Low-Risk Signal,Moderate Reliability,0.6935355147645651,Familiar,Limited Historical Failure Evidence,Low-Risk Decision with Limited Support,False,Continue processing under standard monitoring.,"The primary operational decision is Low Risk. The retained Beta-calibrated model estimated a failure probability of 1.81%, corresponding to Moderate Low-Risk Signal. Prediction reliability is Moderate Reliability, and the record is familiar relative to the development data. The ten retrieved development neighbours contained 1 observed failures, with a similarity-weighted historical failure rate of 11.11%; this is classified as Limited Historical Failure Evidence. The principal model-attribution features were no dominant positive sensor attribution was available. Overall evidence status: Low-Risk Decision with Limited Support. Historical similarity and SHAP attribution are supporting statistical evidence only and do not establish a physical root cause.",True,False,False
WF-000265,0,Pass,2008-08-18 14:01:00,0.0538031487423166,0.3830270519966526,0.6169729480033473,0.7789224084419615,0.1324820430965682,0.0177777777777777,0.0531200227152563,0.0757519262335234,0.022631903518267,Engineering Review,No abstention,1,9,0.0769910412205573,0.1,0.2514385846109046,0.3751481784166399,Limited Failure Evidence,0.1595482936181108,0.2863101983800156,"sensor_060, sensor_511, sensor_153, sensor_034","sensor_032, sensor_104, sensor_206, sensor_015, sensor_470","The record was assigned to Engineering Review with a calibrated failure probability of 5.38%. The strongest model contributions increasing risk were sensor_060, sensor_511, sensor_153. Contributions reducing predicted risk were sensor_032, sensor_104, sensor_206. The internal prediction-confidence score was 38.30%. Because SECOM sensors are anonymous, these features must be treated as statistical indicators rather than confirmed physical root causes.",Intermediate Risk Signal,Moderate Reliability,0.8675179569034318,Very Familiar,Limited Historical Failure Evidence,Mixed or Intermediate Evidence,False,Prioritise engineering assessment using the SHAP-ranked sensor evidence and retrieved historical cases.,"The primary operational decision is Engineering Review. The retained Beta-calibrated model estimated a failure probability of 5.38%, corresponding to Intermediate Risk Signal. Prediction reliability is Moderate Reliability, and the record is very familiar relative to the development data. The ten retrieved development neighbours contained 1 observed failures, with a similarity-weighted historical failure rate of 7.70%; this is classified as Limited Historical Failure Evidence. The principal model-attribution features were sensor_060, sensor_511, sensor_153, sensor_034. Overall evidence status: Mixed or Intermediate Evidence. Historical similarity and SHAP attribution are supporting statistical evidence only and do not establish a physical root cause.",True,False,False
WF-001542,0,Pass,2008-10-15 22:45:00,0.0218768148533152,0.4429190097641921,0.5570809902358079,0.7626813868936773,0.5682362330407024,0.0177777777777777,0.0144297030132631,0.0209709929996531,0.0065412899863899,Low Risk,No abstention,0,10,0.0,0.0,0.0646337618650002,0.1350726908022953,No Retrieved Failure Evidence,0.1155283069901468,0.333314021275861,sensor_153,"sensor_034, sensor_104, sensor_214, sensor_131, sensor_126","The record was assigned to Low Risk with a calibrated failure probability of 2.19%. The strongest model contributions increasing risk were sensor_153. Contributions reducing predicted risk were sensor_034, sensor_104, sensor_214. The internal prediction-confidence score was 44.29%. Because SECOM sensors are anonymous, these features must be treated as statistical indicators rather than confirmed physical root causes.",Moderate Low-Risk Signal,Moderate Reliability,0.43176376695929763,Familiar,No Retrieved Historical Failure Evidence,Convergent Low-Risk Evidence,False,Continue processing under standard monitoring.,"The primary operational decision is Low Risk. The retained Beta-calibrated model estimated a failure probability of 2.19%, corresponding to Moderate Low-Risk Signal. Prediction reliability is Moderate Reliability, and the record is familiar relative to the development data. The ten retrieved development neighbours contained 0 observed failures, with a similarity-weighted historical failure rate of 0.00%; this is classified as No Retrieved Historical Failure Evidence. The principal model-attribution features were sensor_153. Overall evidence status: Convergent Low-Risk Evidence. Historical similarity and SHAP attribution are supporting statistical evidence only and do not establish a physical root cause.",True,False,False
WF-001530,0,Pass,2008-10-15 10:00:00,0.0186067130995502,0.3980195100743661,0.6019804899256339,0.5383438857852265,0.8300079808459697,0.0088888888888888,0.0167957469493544,0.0212061836324219,0.0044104366830674,Low Risk,No abstention,0,10,0.0,0.0,0.6050626800043234,0.7921585662843322,No Retrieved Failure Evidence,0.1107923973615883,0.342959064028255,sensor_476,"sensor_034, sensor_131, sensor_104, sensor_032, sensor_060","The record was assigned to Low Risk with a calibrated failure probability of 1.86%. The strongest model contributions increasing risk were sensor_476. Contributions reducing predicted risk were sensor_034, sensor_131, sensor_104. The internal prediction-confidence score was 39.80%. Because SECOM sensors are anonymous, these features must be treated as statistical indicators rather than confirmed physical root causes.",Moderate Low-Risk Signal,Moderate Reliability,0.16999201915403028,Unusual,No Retrieved Historical Failure Evidence,Low-Risk Decision with Reliability Caution,True,Do not rely on automatic release alone. Verify the highlighted evidence before continuing.,"The primary operational decision is Low Risk. The retained Beta-calibrated model estimated a failure probability of 1.86%, corresponding to Moderate Low-Risk Signal. Prediction reliability is Moderate Reliability, and the record is unusual relative to the development data. The ten retrieved development neighbours contained 0 observed failures, with a similarity-weighted historical failure rate of 0.00%; this is classified as No Retrieved Historical Failure Evidence. The principal model-attribution features were sensor_476. Overall evidence status: Low-Risk Decision with Reliability Caution. Historical similarity and SHAP attribution are supporting statistical evidence only and do not establish a physical root cause.",True,False,False
WF-000799,0,Pass,2008-09-12 05:11:00,0.0611085369595678,0.2868980699667159,0.713101930033284,0.6373861842688658,0.8371907422186752,0.0088888888888888,0.0437997232376088,0.0856754656529864,0.0418757424153776,Engineering Review,No abstention,1,9,0.208232914037315,0.1,0.4483698275615098,0.9336535575954164,Limited Failure Evidence,0.153570549203022,0.2658800730125458,"sensor_424, sensor_064","sensor_104, sensor_015, sensor_564, sensor_432, sensor_296","The record was assigned to Engineering Review with a calibrated failure probability of 6.11%. The strongest model contributions increasing risk were sensor_424, sensor_064. Contributions reducing predicted risk were sensor_104, sensor_015, sensor_564. The internal prediction-confidence score was 28.69%. Because SECOM sensors are anonymous, these features must be treated as statistical indicators rather than confirmed physical root causes.",Intermediate Risk Signal,Moderate Reliability,0.16280925778132482,Unusual,Moderate Historical Failure Evidence,Review with Supporting Historical Risk,False,Prioritise engineering assessment using the SHAP-ranked sensor evidence and retrieved historical cases.,"The primary operational decision is Engineering Review. The retained Beta-calibrated model estimated a failure probability of 6.11%, corresponding to Intermediate Risk Signal. Prediction reliability is Moderate Reliability, and the record is unusual relative to the development data. The ten retrieved development neighbours contained 1 observed failures, with a similarity-weighted historical failure rate of 20.82%; this is classified as Moderate Historical Failure Evidence. The principal model-attribution features were sensor_424, sensor_064. Overall evidence status: Review with Supporting Historical Risk. Historical similarity and SHAP attribution are supporting statistical evidence only and do not establish a physical root cause.",True,False,False
WF-001209,0,Pass,2008-10-01 00:20:00,0.0725170463385827,0.2990451487357989,0.7009548512642011,0.7412169903343089,0.461292897047087,0.0088888888888888,0.0672151906020786,0.1098353355832622,0.0426201449811835,Engineering Review,No abstention,0,10,0.0,0.0,0.5986793678399484,0.7516263964862443,No Retrieved Failure Evidence,0.1690052046293547,0.26124329986745,"sensor_424, sensor_034","sensor_104, sensor_029, sensor_060, sensor_126, sensor_130","The record was assigned to Engineering Review with a calibrated failure probability of 7.25%. The strongest model contributions increasing risk were sensor_424, sensor_034. Contributions reducing predicted risk were sensor_104, sensor_029, sensor_060. The internal prediction-confidence score was 29.90%. Because SECOM sensors are anonymous, these features must be treated as statistical indicators rather than confirmed physical root causes.",Intermediate Risk Signal,Moderate Reliability,0.538707102952913,Familiar,No Retrieved Historical Failure Evidence,Mixed or Intermediate Evidence,False,Prioritise engineering assessment using the SHAP-ranked sensor evidence and retrieved historical cases.,"The primary operational decision is Engineering Review. The retained Beta-calibrated model estimated a failure probability of 7.25%, corresponding to Intermediate Risk Signal. Prediction reliability is Moderate Reliability, and the record is familiar relative to the development data. The ten retrieved development neighbours contained 0 observed failures, with a similarity-weighted historical failure rate of 0.00%; this is classified as No Retrieved Historical Failure Evidence. The principal model-attribution features were sensor_424, sensor_034. Overall evidence status: Mixed or Intermediate Evidence. Historical similarity and SHAP attribution are supporting statistical evidence only and do not establish a physical root cause.",True,False,False
WF-001475,0,Pass,2008-10-13 03:53:00,0.0252320060344618,0.4319471021317037,0.5680528978682963,0.7374936596612574,0.5913806863527534,0.0355555555555555,0.0194052312655768,0.0276041503266498,0.008198919061073,Low Risk,No abstention,0,10,0.0,0.0,0.7005507644658764,0.9047917257179604,No Retrieved Failure Evidence,0.1150254070860041,0.3196444547050517,"sensor_489, sensor_082","sensor_131, sensor_104, sensor_060, sensor_478, sensor_317","The record was assigned to Low Risk with a calibrated failure probability of 2.52%. The strongest model contributions increasing risk were sensor_489, sensor_082. Contributions reducing predicted risk were sensor_131, sensor_104, sensor_060. The internal prediction-confidence score was 43.19%. Because SECOM sensors are anonymous, these features must be treated as statistical indicators rather than confirmed physical root causes.",Moderate Low-Risk Signal,Moderate Reliability,0.4086193136472466,Familiar,No Retrieved Historical Failure Evidence,Convergent Low-Risk Evidence,False,Continue processing under standard monitoring.,"The primary operational decision is Low Risk. The retained Beta-calibrated model estimated a failure probability of 2.52%, corresponding to Moderate Low-Risk Signal. Prediction reliability is Moderate Reliability, and the record is familiar relative to the development data. The ten retrieved development neighbours contained 0 observed failures, with a similarity-weighted historical failure rate of 0.00%; this is classified as No Retrieved Historical Failure Evidence. The principal model-attribution features were sensor_489, sensor_082. Overall evidence status: Convergent Low-Risk Evidence. Historical similarity and SHAP attribution are supporting statistical evidence only and do not establish a physical root cause.",True,False,False
WF-001494,0,Pass,2008-10-13 22:48:00,0.0183735844336359,0.4280227544636211,0.5719772455363789,0.706643610889421,0.5091779728651237,0.0444444444444444,0.0151195583687762,0.0260649233685491,0.0109453649997728,Low Risk,No abstention,1,9,0.0517203225282405,0.1,0.3139555064954528,0.9712620486067928,Limited Failure Evidence,0.0989010722835619,0.3321629770454667,sensor_512,"sensor_104, sensor_032, sensor_432, sensor_060, sensor_478","The record was assigned to Low Risk with a calibrated failure probability of 1.84%. The strongest model contributions increasing risk were sensor_512. Contributions reducing predicted risk were sensor_104, sensor_032, sensor_432. The internal prediction-confidence score was 42.80%. Because SECOM sensors are anonymous, these features must be treated as statistical indicators rather than confirmed physical root causes.",Moderate Low-Risk Signal,Moderate Reliability,0.4908220271348763,Familiar,Limited Historical Failure Evidence,Low-Risk Decision with Limited Support,False,Continue processing under standard monitoring.,"The primary operational decision is Low Risk. The retained Beta-calibrated model estimated a failure probability of 1.84%, corresponding to Moderate Low-Risk Signal. Prediction reliability is Moderate Reliability, and the record is familiar relative to the development data. The ten retrieved development neighbours contained 1 observed failures, with a similarity-weighted historical failure rate of 5.17%; this is classified as Limited Historical Failure Evidence. The principal model-attribution features were sensor_512. Overall evidence status: Low-Risk Decision with Limited Support. Historical similarity and SHAP attribution are supporting statistical evidence only and do not establish a physical root cause.",True,False,False
WF-001143,0,Pass,2008-09-28 01:22:00,0.0214773592737084,0.383026252222064,0.616973747777936,0.748040613638379,0.4509177972865124,0.0088888888888888,0.0251027920875825,0.0535759887066262,0.0284731966190436,Low Risk,No abstention,0,10,0.0,0.0,0.5724519410057886,0.6925151400118711,No Retrieved Failure Evidence,0.1200611999900874,0.3395135809424684,,"sensor_104, sensor_520, sensor_060, sensor_130, sensor_453","The record was assigned to Low Risk with a calibrated failure probability of 2.15%. The strongest model contributions increasing risk were no dominant positive sensor contribution. Contributions reducing predicted risk were sensor_104, sensor_520, sensor_060. The internal prediction-confidence score was 38.30%. Because SECOM sensors are anonymous, these features must be treated as statistical indicators rather than confirmed physical root causes.",Moderate Low-Risk Signal,Moderate Reliability,0.5490822027134876,Familiar,No Retrieved Historical Failure Evidence,Convergent Low-Risk Evidence,False,Continue processing under standard monitoring.,"The primary operational decision is Low Risk. The retained Beta-calibrated model estimated a failure probability of 2.15%, corresponding to Moderate Low-Risk Signal. Prediction reliability is Moderate Reliability, and the record is familiar relative to the development data. The ten retrieved development neighbours contained 0 observed failures, with a similarity-weighted historical failure rate of 0.00%; this is classified as No Retrieved Historical Failure Evidence. The principal model-attribution features were no dominant positive sensor attribution was available. Overall evidence status: Convergent Low-Risk Evidence. Historical similarity and SHAP attribution are supporting statistical evidence only and do not establish a physical root cause.",True,False,False
WF-000531,0,Pass,2008-08-29 12:22:00,0.0320711492468924,0.3796917872283974,0.6203082127716026,0.7114361975702759,0.5865921787709497,0.0355555555555555,0.0263090909093522,0.0478423096523676,0.0215332187430153,Low Risk,No abstention,0,10,0.0,0.0,0.5922282432647916,0.8366599342725465,No Retrieved Failure Evidence,0.1257432656149596,0.307171837043531,sensor_476,"sensor_032, sensor_104, sensor_248, sensor_352, sensor_520","The record was assigned to Low Risk with a calibrated failure probability of 3.21%. The strongest model contributions increasing risk were sensor_476. Contributions reducing predicted risk were sensor_032, sensor_104, sensor_248. The internal prediction-confidence score was 37.97%. Because SECOM sensors are anonymous, these features must be treated as statistical indicators rather than confirmed physical root causes.",Moderate Low-Risk Signal,Moderate Reliability,0.4134078212290503,Familiar,No Retrieved Historical Failure Evidence,Convergent Low-Risk Evidence,False,Continue processing under standard monitoring.,"The primary operational decision is Low Risk. The retained Beta-calibrated model estimated a failure probability of 3.21%, corresponding to Moderate Low-Risk Signal. Prediction reliability is Moderate Reliability, and the record is familiar relative to the development data. The ten retrieved development neighbours contained 0 observed failures, with a similarity-weighted historical failure rate of 0.00%; this is classified as No Retrieved Historical Failure Evidence. The principal model-attribution features were sensor_476. Overall evidence status: Convergent Low-Risk Evidence. Historical similarity and SHAP attribution are supporting statistical evidence only and do not establish a physical root cause.",True,False,False
WF-000117,0,Pass,2008-08-05 07:48:00,0.08617730496953,0.3532961700040336,0.6467038299959664,0.6579767668706217,0.5514764565043895,0.0088888888888888,0.0661508488498269,0.0828555730920868,0.0167047242422598,High Risk,No abstention,0,10,0.0,0.0,0.5826885123804755,0.703983870995809,No Retrieved Failure Evidence,0.1991951998205631,0.2704332950586584,"sensor_104, sensor_511, sensor_060, sensor_386, sensor_424","sensor_478, sensor_470, sensor_342, sensor_206","The record was assigned to High Risk with a calibrated failure probability of 8.62%. The strongest model contributions increasing risk were sensor_104, sensor_511, sensor_060. Contributions reducing predicted risk were sensor_478, sensor_470, sensor_342. The internal prediction-confidence score was 35.33%. Because SECOM sensors are anonymous, these features must be treated as statistical indicators rather than confirmed physical root causes.",Strong Risk Signal,Moderate Reliability,0.4485235434956105,Familiar,No Retrieved Historical Failure Evidence,Model-Led Risk Evidence,False,Hold for inspection or prioritised engineering assessment before continuing.,"The primary operational decision is High Risk. The retained Beta-calibrated model estimated a failure probability of 8.62%, corresponding to Strong Risk Signal. Prediction reliability is Moderate Reliability, and the record is familiar relative to the development data. The ten retrieved development neighbours contained 0 observed failures, with a similarity-weighted historical failure rate of 0.00%; this is classified as No Retrieved Historical Failure Evidence. The principal model-attribution features were sensor_104, sensor_511, sensor_060, sensor_386, sensor_424. Overall evidence status: Model-Led Risk Evidence. Historical similarity and SHAP attribution are supporting statistical evidence only and do not establish a physical root cause.",True,False,False
WF-000528,0,Pass,2008-08-29 08:41:00,0.0381657557069309,0.3510727691007168,0.6489272308992832,0.685430877006296,0.6719872306464485,0.0088888888888888,0.0282794376923461,0.0535449603843261,0.0252655226919799,Engineering Review,No abstention,0,10,0.0,0.0,0.554811452354344,0.6755890765451743,No Retrieved Failure Evidence,0.1158615265454399,0.2796234313073447,"sensor_542, sensor_103","sensor_104, sensor_032, sensor_065, sensor_478, sensor_123","The record was assigned to Engineering Review with a calibrated failure probability of 3.82%. The strongest model contributions increasing risk were sensor_542, sensor_103. Contributions reducing predicted risk were sensor_104, sensor_032, sensor_065. The internal prediction-confidence score was 35.11%. Because SECOM sensors are anonymous, these features must be treated as statistical indicators rather than confirmed physical root causes.",Intermediate Risk Signal,Moderate Reliability,0.3280127693535515,Unusual,No Retrieved Historical Failure Evidence,Review Driven by Reliability Concern,False,Prioritise engineering assessment using the SHAP-ranked sensor evidence and retrieved historical cases.,"The primary operational decision is Engineering Review. The retained Beta-calibrated model estimated a failure probability of 3.82%, corresponding to Intermediate Risk Signal. Prediction reliability is Moderate Reliability, and the record is unusual relative to the development data. The ten retrieved development neighbours contained 0 observed failures, with a similarity-weighted historical failure rate of 0.00%; this is classified as No Retrieved Historical Failure Evidence. The principal model-attribution features were sensor_542, sensor_103. Overall evidence status: Review Driven by Reliability Concern. Historical similarity and SHAP attribution are supporting statistical evidence only and do not establish a physical root cause.",True,False,False
WF-001037,0,Pass,2008-09-23 15:23:00,0.0509239273914036,0.3533377038643072,0.6466622961356927,0.6816399751707014,0.4764565043894653,0.0088888888888888,0.0397029690106437,0.0624769183737902,0.0227739493631464,Engineering Review,No abstention,0,10,0.0,0.0,0.3655764488159375,0.5064078609973877,No Retrieved Failure Evidence,0.171252054762385,0.3041330071433373,"sensor_478, sensor_206, sensor_342","sensor_214, sensor_104, sensor_352, sensor_060, sensor_511","The record was assigned to Engineering Review with a calibrated failure probability of 5.09%. The strongest model contributions increasing risk were sensor_478, sensor_206, sensor_342. Contributions reducing predicted risk were sensor_214, sensor_104, sensor_352. The internal prediction-confidence score was 35.33%. Because SECOM sensors are anonymous, these features must be treated as statistical indicators rather than confirmed physical root causes.",Intermediate Risk Signal,Moderate Reliability,0.5235434956105347,Familiar,No Retrieved Historical Failure Evidence,Mixed or Intermediate Evidence,False,Prioritise engineering assessment using the SHAP-ranked sensor evidence and retrieved historical cases.,"The primary operational decision is Engineering Review. The retained Beta-calibrated model estimated a failure probability of 5.09%, corresponding to Intermediate Risk Signal. Prediction reliability is Moderate Reliability, and the record is familiar relative to the development data. The ten retrieved development neighbours contained 0 observed failures, with a similarity-weighted historical failure rate of 0.00%; this is classified as No Retrieved Historical Failure Evidence. The principal model-attribution features were sensor_478, sensor_206, sensor_342. Overall evidence status: Mixed or Intermediate Evidence. Historical similarity and SHAP attribution are supporting statistical evidence only and do not establish a physical root cause.",True,False,False
WF-000835,0,Pass,2008-09-14 15:02:00,0.0559059183912735,0.2937994150776452,0.7062005849223547,0.8156782832313558,0.315243415802075,0.0088888888888888,0.0373133253751168,0.0929276748046175,0.0556143494295006,Engineering Review,No abstention,1,9,0.0758578226498443,0.1,0.2635905082039883,0.3374475314211253,Limited Failure Evidence,0.166504863712605,0.2889572446649859,"sensor_424, sensor_015, sensor_476","sensor_104, sensor_032, sensor_248, sensor_060, sensor_520","The record was assigned to Engineering Review with a calibrated failure probability of 5.59%. The strongest model contributions increasing risk were sensor_424, sensor_015, sensor_476. Contributions reducing predicted risk were sensor_104, sensor_032, sensor_248. The internal prediction-confidence score was 29.38%. Because SECOM sensors are anonymous, these features must be treated as statistical indicators rather than confirmed physical root causes.",Intermediate Risk Signal,Moderate Reliability,0.6847565841979251,Familiar,Limited Historical Failure Evidence,Mixed or Intermediate Evidence,False,Prioritise engineering assessment using the SHAP-ranked sensor evidence and retrieved historical cases.,"The primary operational decision is Engineering Review. The retained Beta-calibrated model estimated a failure probability of 5.59%, corresponding to Intermediate Risk Signal. Prediction reliability is Moderate Reliability, and the record is familiar relative to the development data. The ten retrieved development neighbours contained 1 observed failures, with a similarity-weighted historical failure rate of 7.59%; this is classified as Limited Historical Failure Evidence. The principal model-attribution features were sensor_424, sensor_015, sensor_476. Overall evidence status: Mixed or Intermediate Evidence. Historical similarity and SHAP attribution are supporting statistical evidence only and do not establish a physical root cause.",True,False,False
WF-000866,0,Pass,2008-09-16 18:23:00,0.0205299903912706,0.4777586087653737,0.5222413912346262,0.8934752150394608,0.2130885873902633,0.0444444444444444,0.0170831305140983,0.0284402817825952,0.0113571512684969,Low Risk,No abstention,0,10,0.0,0.0,0.5412258647890914,0.7010053958954459,No Retrieved Failure Evidence,0.1189183332489819,0.3424183332489819,,"sensor_034, sensor_104, sensor_131, sensor_214, sensor_352","The record was assigned to Low Risk with a calibrated failure probability of 2.05%. The strongest model contributions increasing risk were no dominant positive sensor contribution. Contributions reducing predicted risk were sensor_034, sensor_104, sensor_131. The internal prediction-confidence score was 47.78%. Because SECOM sensors are anonymous, these features must be treated as statistical indicators rather than confirmed physical root causes.",Moderate Low-Risk Signal,Moderate Reliability,0.7869114126097367,Very Familiar,No Retrieved Historical Failure Evidence,Convergent Low-Risk Evidence,False,Continue processing under standard monitoring.,"The primary operational decision is Low Risk. The retained Beta-calibrated model estimated a failure probability of 2.05%, corresponding to Moderate Low-Risk Signal. Prediction reliability is Moderate Reliability, and the record is very familiar relative to the development data. The ten retrieved development neighbours contained 0 observed failures, with a similarity-weighted historical failure rate of 0.00%; this is classified as No Retrieved Historical Failure Evidence. The principal model-attribution features were no dominant positive sensor attribution was available. Overall evidence status: Convergent Low-Risk Evidence. Historical similarity and SHAP attribution are supporting statistical evidence only and do not establish a physical root cause.",True,False,False
WF-000233,0,Pass,2008-08-17 13:34:00,0.1346828590055515,0.1685636711637997,0.8314363288362002,0.5051435665513878,0.7230646448523543,0.0088888888888888,0.1242254064689206,0.1907095406942425,0.0664841342253219,High Risk,No abstention,0,10,0.0,0.0,0.0438634767239318,0.1165181831265392,No Retrieved Failure Evidence,0.2313461144879927,0.2444889716308499,"sensor_104, sensor_065, sensor_478, sensor_206, sensor_066","sensor_032, sensor_034, sensor_060","The record was assigned to High Risk with a calibrated failure probability of 13.47%. The strongest model contributions increasing risk were sensor_104, sensor_065, sensor_478. Contributions reducing predicted risk were sensor_032, sensor_034, sensor_060. The internal prediction-confidence score was 16.86%. Because SECOM sensors are anonymous, these features must be treated as statistical indicators rather than confirmed physical root causes.",Strong Risk Signal,Low Reliability,0.27693535514764567,Unusual,No Retrieved Historical Failure Evidence,High Risk with Reliability Caution,True,Hold for inspection or prioritised engineering assessment before continuing.,"The primary operational decision is High Risk. The retained Beta-calibrated model estimated a failure probability of 13.47%, corresponding to Strong Risk Signal. Prediction reliability is Low Reliability, and the record is unusual relative to the development data. The ten retrieved development neighbours contained 0 observed failures, with a similarity-weighted historical failure rate of 0.00%; this is classified as No Retrieved Historical Failure Evidence. The principal model-attribution features were sensor_104, sensor_065, sensor_478, sensor_206, sensor_066. Overall evidence status: High Risk with Reliability Caution. Historical similarity and SHAP attribution are supporting statistical evidence only and do not establish a physical root cause.",True,False,False
WF-000155,1,Fail,2008-08-07 11:40:00,0.0680880688253122,0.2833128978460839,0.7166871021539161,0.6914963199432473,0.5913806863527534,0.0088888888888888,0.0480123089648431,0.0959435134782691,0.047931204513426,Engineering Review,No abstention,1,9,0.1814499325425076,0.1,0.291653987973777,0.5664447520215056,Limited Failure Evidence,0.1785312863097885,0.2782455720240743,"sensor_104, sensor_060, sensor_386, sensor_520, sensor_424","sensor_032, sensor_201, sensor_282, sensor_022","The record was assigned to Engineering Review with a calibrated failure probability of 6.81%. The strongest model contributions increasing risk were sensor_104, sensor_060, sensor_386. Contributions reducing predicted risk were sensor_032, sensor_201, sensor_282. The internal prediction-confidence score was 28.33%. Because SECOM sensors are anonymous, these features must be treated as statistical indicators rather than confirmed physical root causes.",Intermediate Risk Signal,Moderate Reliability,0.4086193136472466,Familiar,Moderate Historical Failure Evidence,Review with Supporting Historical Risk,False,Prioritise engineering assessment using the SHAP-ranked sensor evidence and retrieved historical cases.,"The primary operational decision is Engineering Review. The retained Beta-calibrated model estimated a failure probability of 6.81%, corresponding to Intermediate Risk Signal. Prediction reliability is Moderate Reliability, and the record is familiar relative to the development data. The ten retrieved development neighbours contained 1 observed failures, with a similarity-weighted historical failure rate of 18.14%; this is classified as Moderate Historical Failure Evidence. The principal model-attribution features were sensor_104, sensor_060, sensor_386, sensor_520, sensor_424. Overall evidence status: Review with Supporting Historical Risk. Historical similarity and SHAP attribution are supporting statistical evidence only and do not establish a physical root cause.",True,False,False
WF-000141,0,Pass,2008-08-06 19:24:00,0.1223067350011968,0.3017567133283098,0.6982432866716901,0.7273978895096214,0.315243415802075,0.0355555555555555,0.0609502907571236,0.1059728820983331,0.0450225913412094,High Risk,No abstention,1,9,0.1180709227680543,0.1,0.5440574732999215,0.720601160879383,Limited Failure Evidence,0.1975223234779337,0.2236889901446003,"sensor_104, sensor_511, sensor_065, sensor_066","sensor_060, sensor_564, sensor_424, sensor_022, sensor_317","The record was assigned to High Risk with a calibrated failure probability of 12.23%. The strongest model contributions increasing risk were sensor_104, sensor_511, sensor_065. Contributions reducing predicted risk were sensor_060, sensor_564, sensor_424. The internal prediction-confidence score was 30.18%. Because SECOM sensors are anonymous, these features must be treated as statistical indicators rather than confirmed physical root causes.",Strong Risk Signal,Moderate Reliability,0.6847565841979251,Familiar,Limited Historical Failure Evidence,Model-Led Risk Evidence,False,Hold for inspection or prioritised engineering assessment before continuing.,"The primary operational decision is High Risk. The retained Beta-calibrated model estimated a failure probability of 12.23%, corresponding to Strong Risk Signal. Prediction reliability is Moderate Reliability, and the record is familiar relative to the development data. The ten retrieved development neighbours contained 1 observed failures, with a similarity-weighted historical failure rate of 11.81%; this is classified as Limited Historical Failure Evidence. The principal model-attribution features were sensor_104, sensor_511, sensor_065, sensor_066. Overall evidence status: Model-Led Risk Evidence. Historical similarity and SHAP attribution are supporting statistical evidence only and do not establish a physical root cause.",True,False,False
WF-001361,0,Pass,2008-10-06 12:39:00,0.0309131434517018,0.4115538520744661,0.5884461479255338,0.8725377316662233,0.1620111731843575,0.0177777777777777,0.0255879173070327,0.0509121655448112,0.0253242482377784,Low Risk,No abstention,1,9,0.0486885575285842,0.1,0.3069947181659181,0.833712469320063,Limited Failure Evidence,0.1199092229776145,0.3049806515490432,"sensor_512, sensor_082","sensor_104, sensor_060, sensor_184, sensor_206, sensor_578","The record was assigned to Low Risk with a calibrated failure probability of 3.09%. The strongest model contributions increasing risk were sensor_512, sensor_082. Contributions reducing predicted risk were sensor_104, sensor_060, sensor_184. The internal prediction-confidence score was 41.16%. Because SECOM sensors are anonymous, these features must be treated as statistical indicators rather than confirmed physical root causes.",Moderate Low-Risk Signal,Moderate Reliability,0.8379888268156425,Very Familiar,Limited Historical Failure Evidence,Low-Risk Decision with Limited Support,False,Continue processing under standard monitoring.,"The primary operational decision is Low Risk. The retained Beta-calibrated model estimated a failure probability of 3.09%, corresponding to Moderate Low-Risk Signal. Prediction reliability is Moderate Reliability, and the record is very familiar relative to the development data. The ten retrieved development neighbours contained 1 observed failures, with a similarity-weighted historical failure rate of 4.87%; this is classified as Limited Historical Failure Evidence. The principal model-attribution features were sensor_512, sensor_082. Overall evidence status: Low-Risk Decision with Limited Support. Historical similarity and SHAP attribution are supporting statistical evidence only and do not establish a physical root cause.",True,False,False
WF-000904,0,Pass,2008-09-19 07:18:00,0.0219170643882636,0.4218171175651102,0.5781828824348898,0.7279288817948038,0.5722266560255387,0.0088888888888888,0.0134799801853695,0.0255328394877423,0.0120528593023727,Low Risk,No abstention,0,10,0.0,0.0,0.3626518337043783,0.5840820648803488,No Retrieved Failure Evidence,0.1199540682007678,0.3375731158198154,sensor_489,"sensor_104, sensor_131, sensor_214, sensor_248, sensor_520","The record was assigned to Low Risk with a calibrated failure probability of 2.19%. The strongest model contributions increasing risk were sensor_489. Contributions reducing predicted risk were sensor_104, sensor_131, sensor_214. The internal prediction-confidence score was 42.18%. Because SECOM sensors are anonymous, these features must be treated as statistical indicators rather than confirmed physical root causes.",Moderate Low-Risk Signal,Moderate Reliability,0.4277733439744613,Familiar,No Retrieved Historical Failure Evidence,Convergent Low-Risk Evidence,False,Continue processing under standard monitoring.,"The primary operational decision is Low Risk. The retained Beta-calibrated model estimated a failure probability of 2.19%, corresponding to Moderate Low-Risk Signal. Prediction reliability is Moderate Reliability, and the record is familiar relative to the development data. The ten retrieved development neighbours contained 0 observed failures, with a similarity-weighted historical failure rate of 0.00%; this is classified as No Retrieved Historical Failure Evidence. The principal model-attribution features were sensor_489. Overall evidence status: Convergent Low-Risk Evidence. Historical similarity and SHAP attribution are supporting statistical evidence only and do not establish a physical root cause.",True,False,False
WF-001480,0,Pass,2008-10-13 14:30:00,0.030779034803649,0.4681662015024021,0.5318337984975978,0.8551712334840826,0.2984836392657621,0.0355555555555555,0.0323841453072384,0.0373693576829637,0.0049852123757253,Low Risk,No abstention,0,10,0.0,0.0,0.4317648026877753,0.8243214429031753,No Retrieved Failure Evidence,0.1261941433126047,0.3116941433126047,sensor_103,"sensor_104, sensor_214, sensor_352, sensor_478, sensor_432","The record was assigned to Low Risk with a calibrated failure probability of 3.08%. The strongest model contributions increasing risk were sensor_103. Contributions reducing predicted risk were sensor_104, sensor_214, sensor_352. The internal prediction-confidence score was 46.82%. Because SECOM sensors are anonymous, these features must be treated as statistical indicators rather than confirmed physical root causes.",Moderate Low-Risk Signal,Moderate Reliability,0.7015163607342378,Familiar,No Retrieved Historical Failure Evidence,Convergent Low-Risk Evidence,False,Continue processing under standard monitoring.,"The primary operational decision is Low Risk. The retained Beta-calibrated model estimated a failure probability of 3.08%, corresponding to Moderate Low-Risk Signal. Prediction reliability is Moderate Reliability, and the record is familiar relative to the development data. The ten retrieved development neighbours contained 0 observed failures, with a similarity-weighted historical failure rate of 0.00%; this is classified as No Retrieved Historical Failure Evidence. The principal model-attribution features were sensor_103. Overall evidence status: Convergent Low-Risk Evidence. Historical similarity and SHAP attribution are supporting statistical evidence only and do not establish a physical root cause.",True,False,False
WF-001284,0,Pass,2008-10-03 22:53:00,0.0639657036553918,0.2714142424031071,0.7285857575968929,0.6121227276758003,0.8906624102154829,0.0177777777777777,0.0591495337642511,0.1011946578254247,0.0420451240611736,Engineering Review,No abstention,0,10,0.0,0.0,0.0199834914517924,0.0857639320162873,No Retrieved Failure Evidence,0.1578164456746672,0.2648402551984767,"sensor_476, sensor_130","sensor_104, sensor_282, sensor_432, sensor_578, sensor_122","The record was assigned to Engineering Review with a calibrated failure probability of 6.40%. The strongest model contributions increasing risk were sensor_476, sensor_130. Contributions reducing predicted risk were sensor_104, sensor_282, sensor_432. The internal prediction-confidence score was 27.14%. Because SECOM sensors are anonymous, these features must be treated as statistical indicators rather than confirmed physical root causes.",Intermediate Risk Signal,Moderate Reliability,0.10933758978451713,Outside Typical Historical Experience,No Retrieved Historical Failure Evidence,Review Driven by Reliability Concern,False,Prioritise engineering assessment using the SHAP-ranked sensor evidence and retrieved historical cases.,"The primary operational decision is Engineering Review. The retained Beta-calibrated model estimated a failure probability of 6.40%, corresponding to Intermediate Risk Signal. Prediction reliability is Moderate Reliability, and the record is outside typical historical experience relative to the development data. The ten retrieved development neighbours contained 0 observed failures, with a similarity-weighted historical failure rate of 0.00%; this is classified as No Retrieved Historical Failure Evidence. The principal model-attribution features were sensor_476, sensor_130. Overall evidence status: Review Driven by Reliability Concern. Historical similarity and SHAP attribution are supporting statistical evidence only and do not establish a physical root cause.",True,False,False
WF-001499,0,Pass,2008-10-14 03:35:00,0.036773648363792,0.3619206604975294,0.6380793395024705,0.6239661257426621,0.8747007182761373,0.0355555555555555,0.0276853884408093,0.0437783770739614,0.0160929886331521,Engineering Review,No abstention,1,9,0.0812689201357389,0.1,0.5574028636059352,0.8681717698239511,Limited Failure Evidence,0.1399442199217816,0.3075394580170197,"sensor_065, sensor_476, sensor_489","sensor_104, sensor_511, sensor_317, sensor_060, sensor_181","The record was assigned to Engineering Review with a calibrated failure probability of 3.68%. The strongest model contributions increasing risk were sensor_065, sensor_476, sensor_489. Contributions reducing predicted risk were sensor_104, sensor_511, sensor_317. The internal prediction-confidence score was 36.19%. Because SECOM sensors are anonymous, these features must be treated as statistical indicators rather than confirmed physical root causes.",Intermediate Risk Signal,Moderate Reliability,0.12529928172386273,Outside Typical Historical Experience,Limited Historical Failure Evidence,Review Driven by Reliability Concern,False,Prioritise engineering assessment using the SHAP-ranked sensor evidence and retrieved historical cases.,"The primary operational decision is Engineering Review. The retained Beta-calibrated model estimated a failure probability of 3.68%, corresponding to Intermediate Risk Signal. Prediction reliability is Moderate Reliability, and the record is outside typical historical experience relative to the development data. The ten retrieved development neighbours contained 1 observed failures, with a similarity-weighted historical failure rate of 8.13%; this is classified as Limited Historical Failure Evidence. The principal model-attribution features were sensor_065, sensor_476, sensor_489. Overall evidence status: Review Driven by Reliability Concern. Historical similarity and SHAP attribution are supporting statistical evidence only and do not establish a physical root cause.",True,False,False
WF-001157,0,Pass,2008-09-28 18:34:00,0.0445785602112406,0.3732563073354618,0.6267436926645382,0.7831164316750909,0.5690343176376695,0.0088888888888888,0.04210605760501,0.0688357365507148,0.0267296789457047,Engineering Review,No abstention,0,10,0.0,0.0,0.6688660051309021,0.8021711188021261,No Retrieved Failure Evidence,0.1479309736428159,0.2953119260237683,sensor_206,"sensor_104, sensor_214, sensor_352, sensor_126, sensor_181","The record was assigned to Engineering Review with a calibrated failure probability of 4.46%. The strongest model contributions increasing risk were sensor_206. Contributions reducing predicted risk were sensor_104, sensor_214, sensor_352. The internal prediction-confidence score was 37.33%. Because SECOM sensors are anonymous, these features must be treated as statistical indicators rather than confirmed physical root causes.",Intermediate Risk Signal,Moderate Reliability,0.43096568236233046,Familiar,No Retrieved Historical Failure Evidence,Mixed or Intermediate Evidence,False,Prioritise engineering assessment using the SHAP-ranked sensor evidence and retrieved historical cases.,"The primary operational decision is Engineering Review. The retained Beta-calibrated model estimated a failure probability of 4.46%, corresponding to Intermediate Risk Signal. Prediction reliability is Moderate Reliability, and the record is familiar relative to the development data. The ten retrieved development neighbours contained 0 observed failures, with a similarity-weighted historical failure rate of 0.00%; this is classified as No Retrieved Historical Failure Evidence. The principal model-attribution features were sensor_206. Overall evidence status: Mixed or Intermediate Evidence. Historical similarity and SHAP attribution are supporting statistical evidence only and do not establish a physical root cause.",True,False,False
WF-001564,0,Pass,2008-10-16 20:49:00,0.0294693810101592,0.3174412366774775,0.6825587633225225,0.5380677485146759,0.7861133280127693,0.0888888888888888,0.0271389305187721,0.0496608982095978,0.0225219676908256,Low Risk,No abstention,0,10,0.0,0.0,0.5709508294942526,0.8552098068060707,No Retrieved Failure Evidence,0.1125029143417992,0.302264819103704,"sensor_512, sensor_034","sensor_104, sensor_032, sensor_060, sensor_432, sensor_511","The record was assigned to Low Risk with a calibrated failure probability of 2.95%. The strongest model contributions increasing risk were sensor_512, sensor_034. Contributions reducing predicted risk were sensor_104, sensor_032, sensor_060. The internal prediction-confidence score was 31.74%. Because SECOM sensors are anonymous, these features must be treated as statistical indicators rather than confirmed physical root causes.",Moderate Low-Risk Signal,Moderate Reliability,0.21388667198723066,Unusual,No Retrieved Historical Failure Evidence,Low-Risk Decision with Reliability Caution,True,Do not rely on automatic release alone. Verify the highlighted evidence before continuing.,"The primary operational decision is Low Risk. The retained Beta-calibrated model estimated a failure probability of 2.95%, corresponding to Moderate Low-Risk Signal. Prediction reliability is Moderate Reliability, and the record is unusual relative to the development data. The ten retrieved development neighbours contained 0 observed failures, with a similarity-weighted historical failure rate of 0.00%; this is classified as No Retrieved Historical Failure Evidence. The principal model-attribution features were sensor_512, sensor_034. Overall evidence status: Low-Risk Decision with Reliability Caution. Historical similarity and SHAP attribution are supporting statistical evidence only and do not establish a physical root cause.",True,False,False
WF-000955,0,Pass,2008-09-20 14:53:00,0.0234881832990537,0.3613041215340428,0.6386958784659571,0.4899840383080606,0.8643256185155627,0.0,0.0277715185421232,0.0353947501486521,0.0076232316065289,Low Risk,No abstention,0,10,0.0,0.0,0.2421518117865852,0.4938717886078176,No Retrieved Failure Evidence,0.1234685753898226,0.3347542896755369,sensor_153,"sensor_131, sensor_104, sensor_032, sensor_060, sensor_511","The record was assigned to Low Risk with a calibrated failure probability of 2.35%. The strongest model contributions increasing risk were sensor_153. Contributions reducing predicted risk were sensor_131, sensor_104, sensor_032. The internal prediction-confidence score was 36.13%. Because SECOM sensors are anonymous, these features must be treated as statistical indicators rather than confirmed physical root causes.",Moderate Low-Risk Signal,Moderate Reliability,0.13567438148443733,Outside Typical Historical Experience,No Retrieved Historical Failure Evidence,Low-Risk Decision with Reliability Caution,True,Do not rely on automatic release alone. Verify the highlighted evidence before continuing.,"The primary operational decision is Low Risk. The retained Beta-calibrated model estimated a failure probability of 2.35%, corresponding to Moderate Low-Risk Signal. Prediction reliability is Moderate Reliability, and the record is outside typical historical experience relative to the development data. The ten retrieved development neighbours contained 0 observed failures, with a similarity-weighted historical failure rate of 0.00%; this is classified as No Retrieved Historical Failure Evidence. The principal model-attribution features were sensor_153. Overall evidence status: Low-Risk Decision with Reliability Caution. Historical similarity and SHAP attribution are supporting statistical evidence only and do not establish a physical root cause.",True,False,False
WF-001091,0,Pass,2008-09-25 22:05:00,0.0476745203383376,0.4326704015691052,0.5673295984308948,0.9270469096390884,0.1476456504389465,0.0177777777777777,0.0367371503911266,0.0566478910866783,0.0199107406955517,Engineering Review,No abstention,0,10,0.0,0.0,0.6464190084415128,0.8264316536876392,No Retrieved Failure Evidence,0.140715274391028,0.2808343220100756,,"sensor_104, sensor_511, sensor_060, sensor_478, sensor_126","The record was assigned to Engineering Review with a calibrated failure probability of 4.77%. The strongest model contributions increasing risk were no dominant positive sensor contribution. Contributions reducing predicted risk were sensor_104, sensor_511, sensor_060. The internal prediction-confidence score was 43.27%. Because SECOM sensors are anonymous, these features must be treated as statistical indicators rather than confirmed physical root causes.",Intermediate Risk Signal,Moderate Reliability,0.8523543495610535,Very Familiar,No Retrieved Historical Failure Evidence,Mixed or Intermediate Evidence,False,Prioritise engineering assessment using the SHAP-ranked sensor evidence and retrieved historical cases.,"The primary operational decision is Engineering Review. The retained Beta-calibrated model estimated a failure probability of 4.77%, corresponding to Intermediate Risk Signal. Prediction reliability is Moderate Reliability, and the record is very familiar relative to the development data. The ten retrieved development neighbours contained 0 observed failures, with a similarity-weighted historical failure rate of 0.00%; this is classified as No Retrieved Historical Failure Evidence. The principal model-attribution features were no dominant positive sensor attribution was available. Overall evidence status: Mixed or Intermediate Evidence. Historical similarity and SHAP attribution are supporting statistical evidence only and do not establish a physical root cause.",True,False,False
WF-001479,0,Pass,2008-10-13 14:29:00,0.0127124392248786,0.4389320155956159,0.5610679844043841,0.6372143300523189,0.8100558659217877,0.0355555555555555,0.010237526721474,0.0152944288646844,0.0050569021432103,Low Risk,No abstention,1,9,0.0692559066073141,0.1,0.2967663163614241,0.5692005910230346,Limited Failure Evidence,0.0815256607999385,0.3452399465142242,,"sensor_104, sensor_214, sensor_317, sensor_352, sensor_432","The record was assigned to Low Risk with a calibrated failure probability of 1.27%. The strongest model contributions increasing risk were no dominant positive sensor contribution. Contributions reducing predicted risk were sensor_104, sensor_214, sensor_317. The internal prediction-confidence score was 43.89%. Because SECOM sensors are anonymous, these features must be treated as statistical indicators rather than confirmed physical root causes.",Strong Low-Risk Signal,Moderate Reliability,0.1899441340782123,Unusual,Limited Historical Failure Evidence,Low-Risk Decision with Reliability Caution,True,Do not rely on automatic release alone. Verify the highlighted evidence before continuing.,"The primary operational decision is Low Risk. The retained Beta-calibrated model estimated a failure probability of 1.27%, corresponding to Strong Low-Risk Signal. Prediction reliability is Moderate Reliability, and the record is unusual relative to the development data. The ten retrieved development neighbours contained 1 observed failures, with a similarity-weighted historical failure rate of 6.93%; this is classified as Limited Historical Failure Evidence. The principal model-attribution features were no dominant positive sensor attribution was available. Overall evidence status: Low-Risk Decision with Reliability Caution. Historical similarity and SHAP attribution are supporting statistical evidence only and do not establish a physical root cause.",True,False,False
WF-000391,0,Pass,2008-08-22 00:44:00,0.0481135830090228,0.4289315999905884,0.5710684000094116,0.8074580118825929,0.3814844373503591,0.0088888888888888,0.0417719167609827,0.0508935862409104,0.0091216694799277,Engineering Review,No abstention,0,10,0.0,0.0,0.5478112932290962,0.6130980989594571,No Retrieved Failure Evidence,0.1514575133376249,0.2905765609566725,"sensor_104, sensor_476","sensor_032, sensor_317, sensor_034, sensor_060, sensor_453","The record was assigned to Engineering Review with a calibrated failure probability of 4.81%. The strongest model contributions increasing risk were sensor_104, sensor_476. Contributions reducing predicted risk were sensor_032, sensor_317, sensor_034. The internal prediction-confidence score was 42.89%. Because SECOM sensors are anonymous, these features must be treated as statistical indicators rather than confirmed physical root causes.",Intermediate Risk Signal,Moderate Reliability,0.6185155626496409,Familiar,No Retrieved Historical Failure Evidence,Mixed or Intermediate Evidence,False,Prioritise engineering assessment using the SHAP-ranked sensor evidence and retrieved historical cases.,"The primary operational decision is Engineering Review. The retained Beta-calibrated model estimated a failure probability of 4.81%, corresponding to Intermediate Risk Signal. Prediction reliability is Moderate Reliability, and the record is familiar relative to the development data. The ten retrieved development neighbours contained 0 observed failures, with a similarity-weighted historical failure rate of 0.00%; this is classified as No Retrieved Historical Failure Evidence. The principal model-attribution features were sensor_104, sensor_476. Overall evidence status: Mixed or Intermediate Evidence. Historical similarity and SHAP attribution are supporting statistical evidence only and do not establish a physical root cause.",True,False,False
WF-000441,0,Pass,2008-08-23 15:10:00,0.0337460924926869,0.3176316226706197,0.6823683773293803,0.4624102154828412,0.88268156424581,0.0,0.02791591041808,0.0447041813675942,0.0167882709495141,Low Risk,No abstention,1,9,0.060446199106651,0.1,0.1041427213848489,0.301519406607515,Limited Failure Evidence,0.1423947058929925,0.3187280392263257,"sensor_015, sensor_130","sensor_034, sensor_104, sensor_032, sensor_060, sensor_478","The record was assigned to Low Risk with a calibrated failure probability of 3.37%. The strongest model contributions increasing risk were sensor_015, sensor_130. Contributions reducing predicted risk were sensor_034, sensor_104, sensor_032. The internal prediction-confidence score was 31.76%. Because SECOM sensors are anonymous, these features must be treated as statistical indicators rather than confirmed physical root causes.",Moderate Low-Risk Signal,Moderate Reliability,0.11731843575418999,Outside Typical Historical Experience,Limited Historical Failure Evidence,Low-Risk Decision with Reliability Caution,True,Do not rely on automatic release alone. Verify the highlighted evidence before continuing.,"The primary operational decision is Low Risk. The retained Beta-calibrated model estimated a failure probability of 3.37%, corresponding to Moderate Low-Risk Signal. Prediction reliability is Moderate Reliability, and the record is outside typical historical experience relative to the development data. The ten retrieved development neighbours contained 1 observed failures, with a similarity-weighted historical failure rate of 6.04%; this is classified as Limited Historical Failure Evidence. The principal model-attribution features were sensor_015, sensor_130. Overall evidence status: Low-Risk Decision with Reliability Caution. Historical similarity and SHAP attribution are supporting statistical evidence only and do not establish a physical root cause.",True,False,False
WF-000259,0,Pass,2008-08-18 11:04:00,0.0581452047197266,0.3590468208178575,0.6409531791821425,0.6970470869912211,0.2641660015961692,0.0,0.0490554914993677,0.0716994393833035,0.0226439478839357,Engineering Review,No abstention,0,10,0.0,0.0,0.5874629722580426,0.6746965620112662,No Retrieved Failure Evidence,0.1530590655592748,0.2710590655592748,"sensor_065, sensor_489, sensor_153, sensor_288","sensor_060, sensor_034, sensor_104, sensor_578, sensor_317","The record was assigned to Engineering Review with a calibrated failure probability of 5.81%. The strongest model contributions increasing risk were sensor_065, sensor_489, sensor_153. Contributions reducing predicted risk were sensor_060, sensor_034, sensor_104. The internal prediction-confidence score was 35.90%. Because SECOM sensors are anonymous, these features must be treated as statistical indicators rather than confirmed physical root causes.",Intermediate Risk Signal,Moderate Reliability,0.7358339984038308,Familiar,No Retrieved Historical Failure Evidence,Mixed or Intermediate Evidence,False,Prioritise engineering assessment using the SHAP-ranked sensor evidence and retrieved historical cases.,"The primary operational decision is Engineering Review. The retained Beta-calibrated model estimated a failure probability of 5.81%, corresponding to Intermediate Risk Signal. Prediction reliability is Moderate Reliability, and the record is familiar relative to the development data. The ten retrieved development neighbours contained 0 observed failures, with a similarity-weighted historical failure rate of 0.00%; this is classified as No Retrieved Historical Failure Evidence. The principal model-attribution features were sensor_065, sensor_489, sensor_153, sensor_288. Overall evidence status: Mixed or Intermediate Evidence. Historical similarity and SHAP attribution are supporting statistical evidence only and do not establish a physical root cause.",True,False,False
WF-000256,0,Pass,2008-08-18 08:18:00,0.0752601224037912,0.3027034066484707,0.6972965933515293,0.494967987940055,0.830806065442937,0.0088888888888888,0.0614954821587298,0.0807309370766395,0.0192354549179096,Engineering Review,No abstention,2,8,0.1081840648078594,0.2,0.0534655026077068,0.1762766503733253,Limited Failure Evidence,0.1738935151110149,0.2616792293967293,"sensor_104, sensor_342, sensor_153, sensor_001","sensor_060, sensor_317, sensor_147, sensor_282, sensor_389","The record was assigned to Engineering Review with a calibrated failure probability of 7.53%. The strongest model contributions increasing risk were sensor_104, sensor_342, sensor_153. Contributions reducing predicted risk were sensor_060, sensor_317, sensor_147. The internal prediction-confidence score was 30.27%. Because SECOM sensors are anonymous, these features must be treated as statistical indicators rather than confirmed physical root causes.",Intermediate Risk Signal,Moderate Reliability,0.169193934557063,Unusual,Limited Historical Failure Evidence,Review Driven by Reliability Concern,False,Prioritise engineering assessment using the SHAP-ranked sensor evidence and retrieved historical cases.,"The primary operational decision is Engineering Review. The retained Beta-calibrated model estimated a failure probability of 7.53%, corresponding to Intermediate Risk Signal. Prediction reliability is Moderate Reliability, and the record is unusual relative to the development data. The ten retrieved development neighbours contained 2 observed failures, with a similarity-weighted historical failure rate of 10.82%; this is classified as Limited Historical Failure Evidence. The principal model-attribution features were sensor_104, sensor_342, sensor_153, sensor_001. Overall evidence status: Review Driven by Reliability Concern. Historical similarity and SHAP attribution are supporting statistical evidence only and do not establish a physical root cause.",True,False,False
WF-000370,0,Pass,2008-08-21 16:36:00,0.0516183485221198,0.3919885941020909,0.608011405897909,0.7860970116165646,0.2689545091779728,0.0355555555555555,0.0618404395011032,0.0817761585838803,0.019935719082777,Engineering Review,No abstention,0,10,0.0,0.0,0.4111292893074532,0.7519204267071512,No Retrieved Failure Evidence,0.1530683765262859,0.2844493289072383,,"sensor_104, sensor_034, sensor_511, sensor_453, sensor_147","The record was assigned to Engineering Review with a calibrated failure probability of 5.16%. The strongest model contributions increasing risk were no dominant positive sensor contribution. Contributions reducing predicted risk were sensor_104, sensor_034, sensor_511. The internal prediction-confidence score was 39.20%. Because SECOM sensors are anonymous, these features must be treated as statistical indicators rather than confirmed physical root causes.",Intermediate Risk Signal,Moderate Reliability,0.7310454908220272,Familiar,No Retrieved Historical Failure Evidence,Mixed or Intermediate Evidence,False,Prioritise engineering assessment using the SHAP-ranked sensor evidence and retrieved historical cases.,"The primary operational decision is Engineering Review. The retained Beta-calibrated model estimated a failure probability of 5.16%, corresponding to Intermediate Risk Signal. Prediction reliability is Moderate Reliability, and the record is familiar relative to the development data. The ten retrieved development neighbours contained 0 observed failures, with a similarity-weighted historical failure rate of 0.00%; this is classified as No Retrieved Historical Failure Evidence. The principal model-attribution features were no dominant positive sensor attribution was available. Overall evidence status: Mixed or Intermediate Evidence. Historical similarity and SHAP attribution are supporting statistical evidence only and do not establish a physical root cause.",True,False,False
WF-000787,0,Pass,2008-09-11 12:47:00,0.0522865348979022,0.3890067764787293,0.6109932235212707,0.8354585439389909,0.1125299281723862,0.0355555555555555,0.0352302546939402,0.0601159577800168,0.0248857030860765,Engineering Review,No abstention,1,9,0.1174755365261785,0.1,0.3501215633058469,0.4307922130631856,Limited Failure Evidence,0.1656024671807185,0.2955548481330995,"sensor_104, sensor_424, sensor_015","sensor_034, sensor_029, sensor_060, sensor_125, sensor_128","The record was assigned to Engineering Review with a calibrated failure probability of 5.23%. The strongest model contributions increasing risk were sensor_104, sensor_424, sensor_015. Contributions reducing predicted risk were sensor_034, sensor_029, sensor_060. The internal prediction-confidence score was 38.90%. Because SECOM sensors are anonymous, these features must be treated as statistical indicators rather than confirmed physical root causes.",Intermediate Risk Signal,Moderate Reliability,0.8874700718276138,Very Familiar,Limited Historical Failure Evidence,Mixed or Intermediate Evidence,False,Prioritise engineering assessment using the SHAP-ranked sensor evidence and retrieved historical cases.,"The primary operational decision is Engineering Review. The retained Beta-calibrated model estimated a failure probability of 5.23%, corresponding to Intermediate Risk Signal. Prediction reliability is Moderate Reliability, and the record is very familiar relative to the development data. The ten retrieved development neighbours contained 1 observed failures, with a similarity-weighted historical failure rate of 11.75%; this is classified as Limited Historical Failure Evidence. The principal model-attribution features were sensor_104, sensor_424, sensor_015. Overall evidence status: Mixed or Intermediate Evidence. Historical similarity and SHAP attribution are supporting statistical evidence only and do not establish a physical root cause.",True,False,False
WF-001107,0,Pass,2008-09-26 15:36:00,0.0419699587227745,0.3006197825364797,0.6993802174635203,0.6456821849782743,0.7086991221069433,0.0177777777777777,0.0280895001998842,0.0617283145237909,0.0336388143239066,Engineering Review,No abstention,1,9,0.103582207853527,0.1,0.4895617465650979,0.6539590906212434,Limited Failure Evidence,0.137686664248736,0.2914961880582598,"sensor_424, sensor_015, sensor_082, sensor_034","sensor_104, sensor_060, sensor_130, sensor_147, sensor_317","The record was assigned to Engineering Review with a calibrated failure probability of 4.20%. The strongest model contributions increasing risk were sensor_424, sensor_015, sensor_082. Contributions reducing predicted risk were sensor_104, sensor_060, sensor_130. The internal prediction-confidence score was 30.06%. Because SECOM sensors are anonymous, these features must be treated as statistical indicators rather than confirmed physical root causes.",Intermediate Risk Signal,Moderate Reliability,0.2913008778930567,Unusual,Limited Historical Failure Evidence,Review Driven by Reliability Concern,False,Prioritise engineering assessment using the SHAP-ranked sensor evidence and retrieved historical cases.,"The primary operational decision is Engineering Review. The retained Beta-calibrated model estimated a failure probability of 4.20%, corresponding to Intermediate Risk Signal. Prediction reliability is Moderate Reliability, and the record is unusual relative to the development data. The ten retrieved development neighbours contained 1 observed failures, with a similarity-weighted historical failure rate of 10.36%; this is classified as Limited Historical Failure Evidence. The principal model-attribution features were sensor_424, sensor_015, sensor_082, sensor_034. Overall evidence status: Review Driven by Reliability Concern. Historical similarity and SHAP attribution are supporting statistical evidence only and do not establish a physical root cause.",True,False,False
WF-000063,1,Fail,2008-07-31 20:18:00,0.0736807735274379,0.2855868672884275,0.7144131327115725,0.5166001596169194,0.9353551476456504,0.0,0.0623267808459602,0.089700378815608,0.0273735979696477,Engineering Review,No abstention,0,10,0.0,0.0,0.4300381593437832,0.668082174166891,No Retrieved Failure Evidence,0.179949729555101,0.2702830628884344,"sensor_104, sensor_060, sensor_563, sensor_131, sensor_386","sensor_478, sensor_201, sensor_432, sensor_206","The record was assigned to Engineering Review with a calibrated failure probability of 7.37%. The strongest model contributions increasing risk were sensor_104, sensor_060, sensor_563. Contributions reducing predicted risk were sensor_478, sensor_201, sensor_432. The internal prediction-confidence score was 28.56%. Because SECOM sensors are anonymous, these features must be treated as statistical indicators rather than confirmed physical root causes.",Intermediate Risk Signal,Moderate Reliability,0.06464485235434958,Outside Typical Historical Experience,No Retrieved Historical Failure Evidence,Review Driven by Reliability Concern,False,Prioritise engineering assessment using the SHAP-ranked sensor evidence and retrieved historical cases.,"The primary operational decision is Engineering Review. The retained Beta-calibrated model estimated a failure probability of 7.37%, corresponding to Intermediate Risk Signal. Prediction reliability is Moderate Reliability, and the record is outside typical historical experience relative to the development data. The ten retrieved development neighbours contained 0 observed failures, with a similarity-weighted historical failure rate of 0.00%; this is classified as No Retrieved Historical Failure Evidence. The principal model-attribution features were sensor_104, sensor_060, sensor_563, sensor_131, sensor_386. Overall evidence status: Review Driven by Reliability Concern. Historical similarity and SHAP attribution are supporting statistical evidence only and do not establish a physical root cause.",True,False,False
WF-001449,0,Pass,2008-10-10 12:30:00,0.0267026885943025,0.3690663936816435,0.6309336063183565,0.6075972333067305,0.4604948124501197,0.0533333333333333,0.0236494994022746,0.0399756758743919,0.0163261764721173,Low Risk,No abstention,0,10,0.0,0.0,0.4627043182252784,0.5621971972317092,No Retrieved Failure Evidence,0.1117141458504766,0.3109760506123814,sensor_034,"sensor_104, sensor_511, sensor_478, sensor_060, sensor_201","The record was assigned to Low Risk with a calibrated failure probability of 2.67%. The strongest model contributions increasing risk were sensor_034. Contributions reducing predicted risk were sensor_104, sensor_511, sensor_478. The internal prediction-confidence score was 36.91%. Because SECOM sensors are anonymous, these features must be treated as statistical indicators rather than confirmed physical root causes.",Moderate Low-Risk Signal,Moderate Reliability,0.5395051875498803,Familiar,No Retrieved Historical Failure Evidence,Convergent Low-Risk Evidence,False,Continue processing under standard monitoring.,"The primary operational decision is Low Risk. The retained Beta-calibrated model estimated a failure probability of 2.67%, corresponding to Moderate Low-Risk Signal. Prediction reliability is Moderate Reliability, and the record is familiar relative to the development data. The ten retrieved development neighbours contained 0 observed failures, with a similarity-weighted historical failure rate of 0.00%; this is classified as No Retrieved Historical Failure Evidence. The principal model-attribution features were sensor_034. Overall evidence status: Convergent Low-Risk Evidence. Historical similarity and SHAP attribution are supporting statistical evidence only and do not establish a physical root cause.",True,False,False
WF-000188,0,Pass,2008-08-10 19:07:00,0.1899591813905203,0.1970674677887459,0.802932532211254,0.5852671809878514,0.6145251396648045,0.0177777777777777,0.1439432512066378,0.2218397194597508,0.077896468253113,High Risk,No abstention,1,9,0.0921671643601254,0.1,0.1871610023901511,0.350391315665953,Limited Failure Evidence,0.2438911438459328,0.2081530486078374,"sensor_104, sensor_065, sensor_066, sensor_511, sensor_520","sensor_060, sensor_310, sensor_308, sensor_432","The record was assigned to High Risk with a calibrated failure probability of 19.00%. The strongest model contributions increasing risk were sensor_104, sensor_065, sensor_066. Contributions reducing predicted risk were sensor_060, sensor_310, sensor_308. The internal prediction-confidence score was 19.71%. Because SECOM sensors are anonymous, these features must be treated as statistical indicators rather than confirmed physical root causes.",Very Strong Risk Signal,Low Reliability,0.3854748603351955,Unusual,Limited Historical Failure Evidence,High Risk with Reliability Caution,True,Hold for inspection or prioritised engineering assessment before continuing.,"The primary operational decision is High Risk. The retained Beta-calibrated model estimated a failure probability of 19.00%, corresponding to Very Strong Risk Signal. Prediction reliability is Low Reliability, and the record is unusual relative to the development data. The ten retrieved development neighbours contained 1 observed failures, with a similarity-weighted historical failure rate of 9.22%; this is classified as Limited Historical Failure Evidence. The principal model-attribution features were sensor_104, sensor_065, sensor_066, sensor_511, sensor_520. Overall evidence status: High Risk with Reliability Caution. Historical similarity and SHAP attribution are supporting statistical evidence only and do not establish a physical root cause.",True,False,False
WF-001028,0,Pass,2008-09-23 08:11:00,0.0579024191975105,0.4635812672426784,0.5364187327573215,0.9819551299104372,0.0295291300877893,0.0177777777777777,0.0424929473803193,0.0579008732800237,0.0154079258997043,Engineering Review,No abstention,1,9,0.121217336939975,0.1,0.4081882926358495,0.6599851369837613,Limited Failure Evidence,0.169211071422784,0.2876872618989745,"sensor_424, sensor_181, sensor_317","sensor_034, sensor_104, sensor_511, sensor_060, sensor_130","The record was assigned to Engineering Review with a calibrated failure probability of 5.79%. The strongest model contributions increasing risk were sensor_424, sensor_181, sensor_317. Contributions reducing predicted risk were sensor_034, sensor_104, sensor_511. The internal prediction-confidence score was 46.36%. Because SECOM sensors are anonymous, these features must be treated as statistical indicators rather than confirmed physical root causes.",Intermediate Risk Signal,Moderate Reliability,0.9704708699122107,Very Familiar,Limited Historical Failure Evidence,Mixed or Intermediate Evidence,False,Prioritise engineering assessment using the SHAP-ranked sensor evidence and retrieved historical cases.,"The primary operational decision is Engineering Review. The retained Beta-calibrated model estimated a failure probability of 5.79%, corresponding to Intermediate Risk Signal. Prediction reliability is Moderate Reliability, and the record is very familiar relative to the development data. The ten retrieved development neighbours contained 1 observed failures, with a similarity-weighted historical failure rate of 12.12%; this is classified as Limited Historical Failure Evidence. The principal model-attribution features were sensor_424, sensor_181, sensor_317. Overall evidence status: Mixed or Intermediate Evidence. Historical similarity and SHAP attribution are supporting statistical evidence only and do not establish a physical root cause.",True,False,False
WF-001243,1,Fail,2008-10-02 14:10:00,0.1296846647603923,0.2400582744467248,0.7599417255532752,0.6822344595193757,0.6185155626496409,0.0177777777777777,0.0941021023517572,0.151767826830489,0.0576657244787317,High Risk,No abstention,0,10,0.0,0.0,0.6007010334624477,0.8627342426595915,No Retrieved Failure Evidence,0.212128550730594,0.2304142650163083,"sensor_104, sensor_511, sensor_125, sensor_133, sensor_434","sensor_214, sensor_352, sensor_060, sensor_079","The record was assigned to High Risk with a calibrated failure probability of 12.97%. The strongest model contributions increasing risk were sensor_104, sensor_511, sensor_125. Contributions reducing predicted risk were sensor_214, sensor_352, sensor_060. The internal prediction-confidence score was 24.01%. Because SECOM sensors are anonymous, these features must be treated as statistical indicators rather than confirmed physical root causes.",Strong Risk Signal,Low Reliability,0.3814844373503591,Unusual,No Retrieved Historical Failure Evidence,High Risk with Reliability Caution,True,Hold for inspection or prioritised engineering assessment before continuing.,"The primary operational decision is High Risk. The retained Beta-calibrated model estimated a failure probability of 12.97%, corresponding to Strong Risk Signal. Prediction reliability is Low Reliability, and the record is unusual relative to the development data. The ten retrieved development neighbours contained 0 observed failures, with a similarity-weighted historical failure rate of 0.00%; this is classified as No Retrieved Historical Failure Evidence. The principal model-attribution features were sensor_104, sensor_511, sensor_125, sensor_133, sensor_434. Overall evidence status: High Risk with Reliability Caution. Historical similarity and SHAP attribution are supporting statistical evidence only and do not establish a physical root cause.",True,False,False
WF-000694,0,Pass,2008-09-02 16:10:00,0.0156205708782122,0.4454883602345935,0.5545116397654064,0.7720148975791434,0.0622505985634477,0.0266666666666666,0.0169393792831814,0.028327029149841,0.0113876498666595,Low Risk,No abstention,0,10,0.0,0.0,0.0428853157296554,0.1447920124255745,No Retrieved Failure Evidence,0.099934647201593,0.3469822662492121,sensor_511,"sensor_032, sensor_104, sensor_060, sensor_520, sensor_248","The record was assigned to Low Risk with a calibrated failure probability of 1.56%. The strongest model contributions increasing risk were sensor_511. Contributions reducing predicted risk were sensor_032, sensor_104, sensor_060. The internal prediction-confidence score was 44.55%. Because SECOM sensors are anonymous, these features must be treated as statistical indicators rather than confirmed physical root causes.",Strong Low-Risk Signal,Moderate Reliability,0.9377494014365523,Very Familiar,No Retrieved Historical Failure Evidence,Convergent Low-Risk Evidence,False,Continue processing under standard monitoring.,"The primary operational decision is Low Risk. The retained Beta-calibrated model estimated a failure probability of 1.56%, corresponding to Strong Low-Risk Signal. Prediction reliability is Moderate Reliability, and the record is very familiar relative to the development data. The ten retrieved development neighbours contained 0 observed failures, with a similarity-weighted historical failure rate of 0.00%; this is classified as No Retrieved Historical Failure Evidence. The principal model-attribution features were sensor_511. Overall evidence status: Convergent Low-Risk Evidence. Historical similarity and SHAP attribution are supporting statistical evidence only and do not establish a physical root cause.",True,False,False
WF-000142,0,Pass,2008-08-06 20:00:00,0.091274723666988,0.3145304428185273,0.6854695571814726,0.737505896958411,0.1612130885873902,0.0088888888888888,0.0642501408532896,0.1037979224145842,0.0395477815612946,High Risk,No abstention,1,9,0.1361453747627367,0.1,0.1270798996057355,0.200158009746916,Limited Failure Evidence,0.1775298072335437,0.2416012358049723,"sensor_104, sensor_065, sensor_066, sensor_511, sensor_064","sensor_060, sensor_564, sensor_478, sensor_432, sensor_206","The record was assigned to High Risk with a calibrated failure probability of 9.13%. The strongest model contributions increasing risk were sensor_104, sensor_065, sensor_066. Contributions reducing predicted risk were sensor_060, sensor_564, sensor_478. The internal prediction-confidence score was 31.45%. Because SECOM sensors are anonymous, these features must be treated as statistical indicators rather than confirmed physical root causes.",Strong Risk Signal,Moderate Reliability,0.8387869114126099,Very Familiar,Limited Historical Failure Evidence,Model-Led Risk Evidence,False,Hold for inspection or prioritised engineering assessment before continuing.,"The primary operational decision is High Risk. The retained Beta-calibrated model estimated a failure probability of 9.13%, corresponding to Strong Risk Signal. Prediction reliability is Moderate Reliability, and the record is very familiar relative to the development data. The ten retrieved development neighbours contained 1 observed failures, with a similarity-weighted historical failure rate of 13.61%; this is classified as Limited Historical Failure Evidence. The principal model-attribution features were sensor_104, sensor_065, sensor_066, sensor_511, sensor_064. Overall evidence status: Model-Led Risk Evidence. Historical similarity and SHAP attribution are supporting statistical evidence only and do not establish a physical root cause.",True,False,False
WF-001237,0,Pass,2008-10-02 08:52:00,0.0634823912269744,0.3783662191982195,0.6216337808017804,0.7355066063669415,0.5347166799680766,0.0177777777777777,0.0474471708066994,0.0674300510753928,0.0199828802686933,Engineering Review,No abstention,3,7,0.3245745657840421,0.3,0.5624670013056429,0.8036339853077757,Moderate Failure Evidence,0.1722314126445776,0.2801361745493395,"sensor_104, sensor_065, sensor_015, sensor_424, sensor_511","sensor_060, sensor_548, sensor_478, sensor_578, sensor_317","The record was assigned to Engineering Review with a calibrated failure probability of 6.35%. The strongest model contributions increasing risk were sensor_104, sensor_065, sensor_015. Contributions reducing predicted risk were sensor_060, sensor_548, sensor_478. The internal prediction-confidence score was 37.84%. Because SECOM sensors are anonymous, these features must be treated as statistical indicators rather than confirmed physical root causes.",Intermediate Risk Signal,Moderate Reliability,0.4652833200319234,Familiar,Strong Historical Failure Evidence,Review with Supporting Historical Risk,False,Prioritise engineering assessment using the SHAP-ranked sensor evidence and retrieved historical cases.,"The primary operational decision is Engineering Review. The retained Beta-calibrated model estimated a failure probability of 6.35%, corresponding to Intermediate Risk Signal. Prediction reliability is Moderate Reliability, and the record is familiar relative to the development data. The ten retrieved development neighbours contained 3 observed failures, with a similarity-weighted historical failure rate of 32.46%; this is classified as Strong Historical Failure Evidence. The principal model-attribution features were sensor_104, sensor_065, sensor_015, sensor_424, sensor_511. Overall evidence status: Review with Supporting Historical Risk. Historical similarity and SHAP attribution are supporting statistical evidence only and do not establish a physical root cause.",True,False,False
WF-000080,0,Pass,2008-08-03 17:58:00,0.1217196747138822,0.1876960654735811,0.8123039345264189,0.5059375720493039,0.8212290502793296,0.0177777777777777,0.0740371511487091,0.1353509198733669,0.0613137687246578,High Risk,No abstention,1,9,0.0194391408357076,0.1,0.3116648802082197,0.8278933824378955,Limited Failure Evidence,0.2129008464272694,0.2397103702367932,"sensor_104, sensor_060, sensor_511, sensor_386, sensor_520","sensor_201, sensor_432, sensor_015, sensor_461","The record was assigned to High Risk with a calibrated failure probability of 12.17%. The strongest model contributions increasing risk were sensor_104, sensor_060, sensor_511. Contributions reducing predicted risk were sensor_201, sensor_432, sensor_015. The internal prediction-confidence score was 18.77%. Because SECOM sensors are anonymous, these features must be treated as statistical indicators rather than confirmed physical root causes.",Strong Risk Signal,Low Reliability,0.17877094972067042,Unusual,Limited Historical Failure Evidence,High Risk with Reliability Caution,True,Hold for inspection or prioritised engineering assessment before continuing.,"The primary operational decision is High Risk. The retained Beta-calibrated model estimated a failure probability of 12.17%, corresponding to Strong Risk Signal. Prediction reliability is Low Reliability, and the record is unusual relative to the development data. The ten retrieved development neighbours contained 1 observed failures, with a similarity-weighted historical failure rate of 1.94%; this is classified as Limited Historical Failure Evidence. The principal model-attribution features were sensor_104, sensor_060, sensor_511, sensor_386, sensor_520. Overall evidence status: High Risk with Reliability Caution. Historical similarity and SHAP attribution are supporting statistical evidence only and do not establish a physical root cause.",True,False,False
WF-000196,0,Pass,2008-08-12 04:23:00,0.0824352728077776,0.1408361504996082,0.8591638495003917,0.4350045224793828,0.9640861931364724,0.0466666666666666,0.0625672252924415,0.1354693969106647,0.0729021716182232,Insufficient Evidence,Low confidence and high uncertainty,1,9,0.0143404562285758,0.1,0.1833334790068718,0.8306532896575086,Limited Failure Evidence,0.1849781775136613,0.261692463227947,"sensor_104, sensor_060, sensor_511, sensor_432, sensor_181","sensor_470, sensor_480, sensor_478, sensor_342, sensor_208","The record was assigned to Insufficient Evidence with a calibrated failure probability of 8.24%. The strongest model contributions increasing risk were sensor_104, sensor_060, sensor_511. Contributions reducing predicted risk were sensor_470, sensor_480, sensor_478. The internal prediction-confidence score was 14.08%. Because SECOM sensors are anonymous, these features must be treated as statistical indicators rather than confirmed physical root causes.",Strong Risk Signal,Low Reliability,0.03591380686352763,Outside Typical Historical Experience,Limited Historical Failure Evidence,Insufficient Evidence,True,Repeat or verify available measurements and obtain engineering review before making a release decision.,"The primary operational decision is Insufficient Evidence. The retained Beta-calibrated model estimated a failure probability of 8.24%, corresponding to Strong Risk Signal. Prediction reliability is Low Reliability, and the record is outside typical historical experience relative to the development data. The ten retrieved development neighbours contained 1 observed failures, with a similarity-weighted historical failure rate of 1.43%; this is classified as Limited Historical Failure Evidence. The principal model-attribution features were sensor_104, sensor_060, sensor_511, sensor_432, sensor_181. Overall evidence status: Insufficient Evidence. Historical similarity and SHAP attribution are supporting statistical evidence only and do not establish a physical root cause.",True,False,False
WF-001412,0,Pass,2008-10-08 04:47:00,0.0201329162075677,0.4678543914121259,0.5321456085878741,0.8090501019774763,0.363926576217079,0.0177777777777777,0.0197128294852536,0.0250057959632077,0.005292966477954,Low Risk,No abstention,1,9,0.076135445590693,0.1,0.4686540264161806,0.8923274976290431,Limited Failure Evidence,0.1310792610133686,0.3563173562514638,"sensor_489, sensor_082, sensor_065","sensor_034, sensor_104, sensor_060, sensor_478, sensor_317","The record was assigned to Low Risk with a calibrated failure probability of 2.01%. The strongest model contributions increasing risk were sensor_489, sensor_082, sensor_065. Contributions reducing predicted risk were sensor_034, sensor_104, sensor_060. The internal prediction-confidence score was 46.79%. Because SECOM sensors are anonymous, these features must be treated as statistical indicators rather than confirmed physical root causes.",Moderate Low-Risk Signal,Moderate Reliability,0.636073423782921,Familiar,Limited Historical Failure Evidence,Low-Risk Decision with Limited Support,False,Continue processing under standard monitoring.,"The primary operational decision is Low Risk. The retained Beta-calibrated model estimated a failure probability of 2.01%, corresponding to Moderate Low-Risk Signal. Prediction reliability is Moderate Reliability, and the record is familiar relative to the development data. The ten retrieved development neighbours contained 1 observed failures, with a similarity-weighted historical failure rate of 7.61%; this is classified as Limited Historical Failure Evidence. The principal model-attribution features were sensor_489, sensor_082, sensor_065. Overall evidence status: Low-Risk Decision with Limited Support. Historical similarity and SHAP attribution are supporting statistical evidence only and do not establish a physical root cause.",True,False,False
WF-000731,0,Pass,2008-09-04 16:30:00,0.0046567560809824,0.5468644478043551,0.4531355521956449,0.874844018799326,0.2633679169992019,0.0355555555555555,0.0057724254688212,0.0110541105884665,0.0052816851196452,Low Risk,No abstention,1,9,0.0801589192882484,0.1,0.4181503749602865,0.571019523032137,Limited Failure Evidence,0.0619574637771963,0.3944574637771962,,"sensor_214, sensor_104, sensor_032, sensor_060, sensor_352","The record was assigned to Low Risk with a calibrated failure probability of 0.47%. The strongest model contributions increasing risk were no dominant positive sensor contribution. Contributions reducing predicted risk were sensor_214, sensor_104, sensor_032. The internal prediction-confidence score was 54.69%. Because SECOM sensors are anonymous, these features must be treated as statistical indicators rather than confirmed physical root causes.",Strong Low-Risk Signal,High Reliability,0.7366320830007981,Familiar,Limited Historical Failure Evidence,Low-Risk Decision with Limited Support,False,Continue processing under standard monitoring.,"The primary operational decision is Low Risk. The retained Beta-calibrated model estimated a failure probability of 0.47%, corresponding to Strong Low-Risk Signal. Prediction reliability is High Reliability, and the record is familiar relative to the development data. The ten retrieved development neighbours contained 1 observed failures, with a similarity-weighted historical failure rate of 8.02%; this is classified as Limited Historical Failure Evidence. The principal model-attribution features were no dominant positive sensor attribution was available. Overall evidence status: Low-Risk Decision with Limited Support. Historical similarity and SHAP attribution are supporting statistical evidence only and do not establish a physical root cause.",True,False,False
WF-001398,0,Pass,2008-10-07 11:16:00,0.1069377987734891,0.1910463014371493,0.8089536985628507,0.4206223286335018,0.980047885075818,0.0177777777777777,0.0961582767567672,0.1477312780559458,0.0515730012991785,Insufficient Evidence,Extreme out-of-distribution evidence,3,7,2.6641067868964327e-16,0.3,7.713837107483136e-07,7.713740051308858e-06,Limited Failure Evidence,0.2053550327658345,0.2492121756229774,"sensor_478, sensor_206, sensor_342, sensor_476, sensor_066","sensor_214, sensor_104, sensor_352, sensor_317","The record was assigned to Insufficient Evidence with a calibrated failure probability of 10.69%. The strongest model contributions increasing risk were sensor_478, sensor_206, sensor_342. Contributions reducing predicted risk were sensor_214, sensor_104, sensor_352. The internal prediction-confidence score was 19.10%. Because SECOM sensors are anonymous, these features must be treated as statistical indicators rather than confirmed physical root causes.",Strong Risk Signal,Low Reliability,0.01995211492418203,Outside Typical Historical Experience,Limited Historical Failure Evidence,Insufficient Evidence,True,Repeat or verify available measurements and obtain engineering review before making a release decision.,"The primary operational decision is Insufficient Evidence. The retained Beta-calibrated model estimated a failure probability of 10.69%, corresponding to Strong Risk Signal. Prediction reliability is Low Reliability, and the record is outside typical historical experience relative to the development data. The ten retrieved development neighbours contained 3 observed failures, with a similarity-weighted historical failure rate of 0.00%; this is classified as Limited Historical Failure Evidence. The principal model-attribution features were sensor_478, sensor_206, sensor_342, sensor_476, sensor_066. Overall evidence status: Insufficient Evidence. Historical similarity and SHAP attribution are supporting statistical evidence only and do not establish a physical root cause.",True,False,False
WF-000069,0,Pass,2008-08-01 12:29:00,0.1550037502939744,0.2080502909361731,0.7919497090638269,0.561292897047087,0.8036711891460495,0.0,0.0924112261975475,0.150443826463579,0.0580326002660315,High Risk,No abstention,0,10,0.0,0.0,0.4473273053197862,0.8904892831133878,No Retrieved Failure Evidence,0.2238421434975267,0.2174850006403838,"sensor_060, sensor_104, sensor_065, sensor_066, sensor_317","sensor_015, sensor_386, sensor_144","The record was assigned to High Risk with a calibrated failure probability of 15.50%. The strongest model contributions increasing risk were sensor_060, sensor_104, sensor_065. Contributions reducing predicted risk were sensor_015, sensor_386, sensor_144. The internal prediction-confidence score was 20.81%. Because SECOM sensors are anonymous, these features must be treated as statistical indicators rather than confirmed physical root causes.",Strong Risk Signal,Low Reliability,0.1963288108539505,Unusual,No Retrieved Historical Failure Evidence,High Risk with Reliability Caution,True,Hold for inspection or prioritised engineering assessment before continuing.,"The primary operational decision is High Risk. The retained Beta-calibrated model estimated a failure probability of 15.50%, corresponding to Strong Risk Signal. Prediction reliability is Low Reliability, and the record is unusual relative to the development data. The ten retrieved development neighbours contained 0 observed failures, with a similarity-weighted historical failure rate of 0.00%; this is classified as No Retrieved Historical Failure Evidence. The principal model-attribution features were sensor_060, sensor_104, sensor_065, sensor_066, sensor_317. Overall evidence status: High Risk with Reliability Caution. Historical similarity and SHAP attribution are supporting statistical evidence only and do not establish a physical root cause.",True,False,False
WF-000270,0,Pass,2008-08-18 15:30:00,0.0978985629258668,0.2956679767881815,0.7043320232118184,0.7237625254943689,0.4317637669592977,0.0444444444444444,0.0751176741779058,0.1153292059144831,0.0402115317365773,High Risk,No abstention,0,10,0.0,0.0,0.2950583288334656,0.6742904023824993,No Retrieved Failure Evidence,0.183757936225394,0.2389722219396798,"sensor_060, sensor_034","sensor_032, sensor_104, sensor_201, sensor_206, sensor_478","The record was assigned to High Risk with a calibrated failure probability of 9.79%. The strongest model contributions increasing risk were sensor_060, sensor_034. Contributions reducing predicted risk were sensor_032, sensor_104, sensor_201. The internal prediction-confidence score was 29.57%. Because SECOM sensors are anonymous, these features must be treated as statistical indicators rather than confirmed physical root causes.",Strong Risk Signal,Moderate Reliability,0.5682362330407023,Familiar,No Retrieved Historical Failure Evidence,Model-Led Risk Evidence,False,Hold for inspection or prioritised engineering assessment before continuing.,"The primary operational decision is High Risk. The retained Beta-calibrated model estimated a failure probability of 9.79%, corresponding to Strong Risk Signal. Prediction reliability is Moderate Reliability, and the record is familiar relative to the development data. The ten retrieved development neighbours contained 0 observed failures, with a similarity-weighted historical failure rate of 0.00%; this is classified as No Retrieved Historical Failure Evidence. The principal model-attribution features were sensor_060, sensor_034. Overall evidence status: Model-Led Risk Evidence. Historical similarity and SHAP attribution are supporting statistical evidence only and do not establish a physical root cause.",True,False,False
WF-000307,0,Pass,2008-08-19 11:46:00,0.1087341887862489,0.3235004172156148,0.6764995827843852,0.837829209896249,0.0335195530726257,0.0,0.0898771165257144,0.1307511755772607,0.0408740590515463,High Risk,No abstention,1,9,0.0305516528515943,0.1,0.1451825397672284,0.5081711580926805,Limited Failure Evidence,0.2042246507942808,0.245915126984757,"sensor_104, sensor_060, sensor_511","sensor_214, sensor_352, sensor_310, sensor_432, sensor_470","The record was assigned to High Risk with a calibrated failure probability of 10.87%. The strongest model contributions increasing risk were sensor_104, sensor_060, sensor_511. Contributions reducing predicted risk were sensor_214, sensor_352, sensor_310. The internal prediction-confidence score was 32.35%. Because SECOM sensors are anonymous, these features must be treated as statistical indicators rather than confirmed physical root causes.",Strong Risk Signal,Moderate Reliability,0.9664804469273743,Very Familiar,Limited Historical Failure Evidence,Model-Led Risk Evidence,False,Hold for inspection or prioritised engineering assessment before continuing.,"The primary operational decision is High Risk. The retained Beta-calibrated model estimated a failure probability of 10.87%, corresponding to Strong Risk Signal. Prediction reliability is Moderate Reliability, and the record is very familiar relative to the development data. The ten retrieved development neighbours contained 1 observed failures, with a similarity-weighted historical failure rate of 3.06%; this is classified as Limited Historical Failure Evidence. The principal model-attribution features were sensor_104, sensor_060, sensor_511. Overall evidence status: Model-Led Risk Evidence. Historical similarity and SHAP attribution are supporting statistical evidence only and do not establish a physical root cause.",True,False,False
WF-001362,0,Pass,2008-10-06 12:42:00,0.0656332363013397,0.3948880345102794,0.6051119654897206,0.6685872129112352,0.7230646448523543,0.0177777777777777,0.0704540234421249,0.0757686821596207,0.0053146587174957,Engineering Review,No abstention,1,9,0.0763786341319415,0.1,0.3879456608883383,0.7113964358118042,Limited Failure Evidence,0.1655370196194076,0.2695608291432171,"sensor_478, sensor_066, sensor_342, sensor_206","sensor_104, sensor_214, sensor_352, sensor_060, sensor_511","The record was assigned to Engineering Review with a calibrated failure probability of 6.56%. The strongest model contributions increasing risk were sensor_478, sensor_066, sensor_342. Contributions reducing predicted risk were sensor_104, sensor_214, sensor_352. The internal prediction-confidence score was 39.49%. Because SECOM sensors are anonymous, these features must be treated as statistical indicators rather than confirmed physical root causes.",Intermediate Risk Signal,Moderate Reliability,0.27693535514764567,Unusual,Limited Historical Failure Evidence,Review Driven by Reliability Concern,False,Prioritise engineering assessment using the SHAP-ranked sensor evidence and retrieved historical cases.,"The primary operational decision is Engineering Review. The retained Beta-calibrated model estimated a failure probability of 6.56%, corresponding to Intermediate Risk Signal. Prediction reliability is Moderate Reliability, and the record is unusual relative to the development data. The ten retrieved development neighbours contained 1 observed failures, with a similarity-weighted historical failure rate of 7.64%; this is classified as Limited Historical Failure Evidence. The principal model-attribution features were sensor_478, sensor_066, sensor_342, sensor_206. Overall evidence status: Review Driven by Reliability Concern. Historical similarity and SHAP attribution are supporting statistical evidence only and do not establish a physical root cause.",True,False,False
WF-000577,1,Fail,2008-08-30 09:45:00,0.0618579242797185,0.3073449008036745,0.6926550991963254,0.4917357453223375,0.9329608938547486,0.0088888888888888,0.0446180315726251,0.0634315684227736,0.0188135368501485,Engineering Review,No abstention,0,10,0.0,0.0,0.3127193266419121,0.6077050849077086,No Retrieved Failure Evidence,0.149721277594287,0.2606260394990489,sensor_476,"sensor_034, sensor_104, sensor_282, sensor_147, sensor_317","The record was assigned to Engineering Review with a calibrated failure probability of 6.19%. The strongest model contributions increasing risk were sensor_476. Contributions reducing predicted risk were sensor_034, sensor_104, sensor_282. The internal prediction-confidence score was 30.73%. Because SECOM sensors are anonymous, these features must be treated as statistical indicators rather than confirmed physical root causes.",Intermediate Risk Signal,Moderate Reliability,0.06703910614525144,Outside Typical Historical Experience,No Retrieved Historical Failure Evidence,Review Driven by Reliability Concern,False,Prioritise engineering assessment using the SHAP-ranked sensor evidence and retrieved historical cases.,"The primary operational decision is Engineering Review. The retained Beta-calibrated model estimated a failure probability of 6.19%, corresponding to Intermediate Risk Signal. Prediction reliability is Moderate Reliability, and the record is outside typical historical experience relative to the development data. The ten retrieved development neighbours contained 0 observed failures, with a similarity-weighted historical failure rate of 0.00%; this is classified as No Retrieved Historical Failure Evidence. The principal model-attribution features were sensor_476. Overall evidence status: Review Driven by Reliability Concern. Historical similarity and SHAP attribution are supporting statistical evidence only and do not establish a physical root cause.",True,False,False
WF-000947,0,Pass,2008-09-20 12:26:00,0.0097998114632629,0.4651473350765884,0.5348526649234115,0.7977213797995921,0.4030327214684757,0.0088888888888888,0.011619702462023,0.0257563221329488,0.0141366196709257,Low Risk,No abstention,1,9,8.603082340320172e-19,0.1,0.1829254651251799,0.8984852806443855,Limited Failure Evidence,0.0880749931566894,0.37155118363288,,"sensor_034, sensor_104, sensor_131, sensor_060, sensor_511","The record was assigned to Low Risk with a calibrated failure probability of 0.98%. The strongest model contributions increasing risk were no dominant positive sensor contribution. Contributions reducing predicted risk were sensor_034, sensor_104, sensor_131. The internal prediction-confidence score was 46.51%. Because SECOM sensors are anonymous, these features must be treated as statistical indicators rather than confirmed physical root causes.",Strong Low-Risk Signal,Moderate Reliability,0.5969672785315243,Familiar,Limited Historical Failure Evidence,Low-Risk Decision with Limited Support,False,Continue processing under standard monitoring.,"The primary operational decision is Low Risk. The retained Beta-calibrated model estimated a failure probability of 0.98%, corresponding to Strong Low-Risk Signal. Prediction reliability is Moderate Reliability, and the record is familiar relative to the development data. The ten retrieved development neighbours contained 1 observed failures, with a similarity-weighted historical failure rate of 0.00%; this is classified as Limited Historical Failure Evidence. The principal model-attribution features were no dominant positive sensor attribution was available. Overall evidence status: Low-Risk Decision with Limited Support. Historical similarity and SHAP attribution are supporting statistical evidence only and do not establish a physical root cause.",True,False,False
WF-000716,0,Pass,2008-09-03 14:29:00,0.0420833264764579,0.3159907752988998,0.6840092247011003,0.5172345481954421,0.74780526735834,0.0088888888888888,0.0377305738021714,0.0566251884627242,0.0188946146605527,Engineering Review,No abstention,0,10,0.0,0.0,0.4371469100956134,0.6198150112031384,No Retrieved Failure Evidence,0.145412110290853,0.2989359198146625,sensor_512,"sensor_034, sensor_104, sensor_060, sensor_511, sensor_389","The record was assigned to Engineering Review with a calibrated failure probability of 4.21%. The strongest model contributions increasing risk were sensor_512. Contributions reducing predicted risk were sensor_034, sensor_104, sensor_060. The internal prediction-confidence score was 31.60%. Because SECOM sensors are anonymous, these features must be treated as statistical indicators rather than confirmed physical root causes.",Intermediate Risk Signal,Moderate Reliability,0.25219473264166004,Unusual,No Retrieved Historical Failure Evidence,Review Driven by Reliability Concern,False,Prioritise engineering assessment using the SHAP-ranked sensor evidence and retrieved historical cases.,"The primary operational decision is Engineering Review. The retained Beta-calibrated model estimated a failure probability of 4.21%, corresponding to Intermediate Risk Signal. Prediction reliability is Moderate Reliability, and the record is unusual relative to the development data. The ten retrieved development neighbours contained 0 observed failures, with a similarity-weighted historical failure rate of 0.00%; this is classified as No Retrieved Historical Failure Evidence. The principal model-attribution features were sensor_512. Overall evidence status: Review Driven by Reliability Concern. Historical similarity and SHAP attribution are supporting statistical evidence only and do not establish a physical root cause.",True,False,False
WF-001454,0,Pass,2008-10-10 21:07:00,0.0243358776993061,0.3806601133161633,0.6193398866838367,0.6276894564157134,0.5849960095770151,0.0088888888888888,0.0274436493986563,0.0418278922598159,0.0143842428611596,Low Risk,No abstention,3,7,0.326241097958449,0.3,0.5740792555753746,0.8118303403899486,Moderate Failure Evidence,0.1289341696699447,0.3369341696699446,"sensor_478, sensor_206, sensor_342","sensor_104, sensor_032, sensor_352, sensor_060, sensor_511","The record was assigned to Low Risk with a calibrated failure probability of 2.43%. The strongest model contributions increasing risk were sensor_478, sensor_206, sensor_342. Contributions reducing predicted risk were sensor_104, sensor_032, sensor_352. The internal prediction-confidence score was 38.07%. Because SECOM sensors are anonymous, these features must be treated as statistical indicators rather than confirmed physical root causes.",Moderate Low-Risk Signal,Moderate Reliability,0.41500399042298486,Familiar,Strong Historical Failure Evidence,Low-Risk Decision with Historical Conflict,True,Do not rely on automatic release alone. Verify the highlighted evidence before continuing.,"The primary operational decision is Low Risk. The retained Beta-calibrated model estimated a failure probability of 2.43%, corresponding to Moderate Low-Risk Signal. Prediction reliability is Moderate Reliability, and the record is familiar relative to the development data. The ten retrieved development neighbours contained 3 observed failures, with a similarity-weighted historical failure rate of 32.62%; this is classified as Strong Historical Failure Evidence. The principal model-attribution features were sensor_478, sensor_206, sensor_342. Overall evidence status: Low-Risk Decision with Historical Conflict. Historical similarity and SHAP attribution are supporting statistical evidence only and do not establish a physical root cause.",True,False,False
WF-000605,0,Pass,2008-08-31 10:36:00,0.0277391866556808,0.4500635305807434,0.5499364694192566,0.8537387603085927,0.1707901037509976,0.0266666666666666,0.0231056077140351,0.0348486673592731,0.011743059645238,Low Risk,No abstention,0,10,0.0,0.0,0.378994346677992,0.9431125813326968,No Retrieved Failure Evidence,0.1235887326102714,0.319207780229319,"sensor_015, sensor_064","sensor_032, sensor_520, sensor_248, sensor_104, sensor_060","The record was assigned to Low Risk with a calibrated failure probability of 2.77%. The strongest model contributions increasing risk were sensor_015, sensor_064. Contributions reducing predicted risk were sensor_032, sensor_520, sensor_248. The internal prediction-confidence score was 45.01%. Because SECOM sensors are anonymous, these features must be treated as statistical indicators rather than confirmed physical root causes.",Moderate Low-Risk Signal,Moderate Reliability,0.8292098962490024,Very Familiar,No Retrieved Historical Failure Evidence,Convergent Low-Risk Evidence,False,Continue processing under standard monitoring.,"The primary operational decision is Low Risk. The retained Beta-calibrated model estimated a failure probability of 2.77%, corresponding to Moderate Low-Risk Signal. Prediction reliability is Moderate Reliability, and the record is very familiar relative to the development data. The ten retrieved development neighbours contained 0 observed failures, with a similarity-weighted historical failure rate of 0.00%; this is classified as No Retrieved Historical Failure Evidence. The principal model-attribution features were sensor_015, sensor_064. Overall evidence status: Convergent Low-Risk Evidence. Historical similarity and SHAP attribution are supporting statistical evidence only and do not establish a physical root cause.",True,False,False
WF-000519,1,Fail,2008-08-29 06:45:00,0.0920218471522257,0.2390764535929155,0.7609235464070845,0.4565760397268777,0.8818834796488427,0.0177777777777777,0.074090044994988,0.111484151673111,0.0373941066781229,High Risk,No abstention,0,10,0.0,0.0,0.020918319253511,0.0469457278020254,No Retrieved Failure Evidence,0.1833903346837184,0.2464379537313374,"sensor_060, sensor_478, sensor_342, sensor_206, sensor_574","sensor_104, sensor_126, sensor_201, sensor_282, sensor_123","The record was assigned to High Risk with a calibrated failure probability of 9.20%. The strongest model contributions increasing risk were sensor_060, sensor_478, sensor_342. Contributions reducing predicted risk were sensor_104, sensor_126, sensor_201. The internal prediction-confidence score was 23.91%. Because SECOM sensors are anonymous, these features must be treated as statistical indicators rather than confirmed physical root causes.",Strong Risk Signal,Low Reliability,0.11811652035115727,Outside Typical Historical Experience,No Retrieved Historical Failure Evidence,High Risk with Reliability Caution,True,Hold for inspection or prioritised engineering assessment before continuing.,"The primary operational decision is High Risk. The retained Beta-calibrated model estimated a failure probability of 9.20%, corresponding to Strong Risk Signal. Prediction reliability is Low Reliability, and the record is outside typical historical experience relative to the development data. The ten retrieved development neighbours contained 0 observed failures, with a similarity-weighted historical failure rate of 0.00%; this is classified as No Retrieved Historical Failure Evidence. The principal model-attribution features were sensor_060, sensor_478, sensor_342, sensor_206, sensor_574. Overall evidence status: High Risk with Reliability Caution. Historical similarity and SHAP attribution are supporting statistical evidence only and do not establish a physical root cause.",True,False,False
WF-001100,0,Pass,2008-09-26 05:32:00,0.0283699642967726,0.4531587609690235,0.5468412390309765,0.9269271969495434,0.1707901037509976,0.0177777777777777,0.0299465304533054,0.0481907765246165,0.018244246071311,Low Risk,No abstention,0,10,0.0,0.0,0.4516276506302922,0.6196442999950302,No Retrieved Failure Evidence,0.1171888573293519,0.3106412382817329,,"sensor_104, sensor_060, sensor_029, sensor_130, sensor_478","The record was assigned to Low Risk with a calibrated failure probability of 2.84%. The strongest model contributions increasing risk were no dominant positive sensor contribution. Contributions reducing predicted risk were sensor_104, sensor_060, sensor_029. The internal prediction-confidence score was 45.32%. Because SECOM sensors are anonymous, these features must be treated as statistical indicators rather than confirmed physical root causes.",Moderate Low-Risk Signal,Moderate Reliability,0.8292098962490024,Very Familiar,No Retrieved Historical Failure Evidence,Convergent Low-Risk Evidence,False,Continue processing under standard monitoring.,"The primary operational decision is Low Risk. The retained Beta-calibrated model estimated a failure probability of 2.84%, corresponding to Moderate Low-Risk Signal. Prediction reliability is Moderate Reliability, and the record is very familiar relative to the development data. The ten retrieved development neighbours contained 0 observed failures, with a similarity-weighted historical failure rate of 0.00%; this is classified as No Retrieved Historical Failure Evidence. The principal model-attribution features were no dominant positive sensor attribution was available. Overall evidence status: Convergent Low-Risk Evidence. Historical similarity and SHAP attribution are supporting statistical evidence only and do not establish a physical root cause.",True,False,False
WF-001541,0,Pass,2008-10-15 21:44:00,0.0320251230365045,0.3676310160536518,0.6323689839463482,0.6326734060477077,0.7948922585794094,0.0177777777777777,0.0284793528953675,0.0472679382820983,0.0187885853867307,Low Risk,No abstention,1,9,0.1727384224790922,0.1,0.4497806818609843,0.7769440544623687,Limited Failure Evidence,0.122408970451179,0.3039803990226076,sensor_153,"sensor_214, sensor_131, sensor_104, sensor_352, sensor_126","The record was assigned to Low Risk with a calibrated failure probability of 3.20%. The strongest model contributions increasing risk were sensor_153. Contributions reducing predicted risk were sensor_214, sensor_131, sensor_104. The internal prediction-confidence score was 36.76%. Because SECOM sensors are anonymous, these features must be treated as statistical indicators rather than confirmed physical root causes.",Moderate Low-Risk Signal,Moderate Reliability,0.20510774142059063,Unusual,Moderate Historical Failure Evidence,Low-Risk Decision with Historical Conflict,True,Do not rely on automatic release alone. Verify the highlighted evidence before continuing.,"The primary operational decision is Low Risk. The retained Beta-calibrated model estimated a failure probability of 3.20%, corresponding to Moderate Low-Risk Signal. Prediction reliability is Moderate Reliability, and the record is unusual relative to the development data. The ten retrieved development neighbours contained 1 observed failures, with a similarity-weighted historical failure rate of 17.27%; this is classified as Moderate Historical Failure Evidence. The principal model-attribution features were sensor_153. Overall evidence status: Low-Risk Decision with Historical Conflict. Historical similarity and SHAP attribution are supporting statistical evidence only and do not establish a physical root cause.",True,False,False
WF-000246,0,Pass,2008-08-18 04:12:00,0.1290701768064499,0.3233270058247077,0.6766729941752923,0.6735711625432296,0.3024740622505986,0.0266666666666666,0.0845081094606535,0.1154091122326132,0.0309010027719596,High Risk,No abstention,0,10,0.0,0.0,0.1845988311210019,0.546244063990263,No Retrieved Failure Evidence,0.220394843188418,0.2393234146169895,"sensor_104, sensor_478, sensor_206, sensor_342, sensor_060","sensor_034, sensor_520, sensor_248, sensor_317","The record was assigned to High Risk with a calibrated failure probability of 12.91%. The strongest model contributions increasing risk were sensor_104, sensor_478, sensor_206. Contributions reducing predicted risk were sensor_034, sensor_520, sensor_248. The internal prediction-confidence score was 32.33%. Because SECOM sensors are anonymous, these features must be treated as statistical indicators rather than confirmed physical root causes.",Strong Risk Signal,Moderate Reliability,0.6975259377494014,Familiar,No Retrieved Historical Failure Evidence,Model-Led Risk Evidence,False,Hold for inspection or prioritised engineering assessment before continuing.,"The primary operational decision is High Risk. The retained Beta-calibrated model estimated a failure probability of 12.91%, corresponding to Strong Risk Signal. Prediction reliability is Moderate Reliability, and the record is familiar relative to the development data. The ten retrieved development neighbours contained 0 observed failures, with a similarity-weighted historical failure rate of 0.00%; this is classified as No Retrieved Historical Failure Evidence. The principal model-attribution features were sensor_104, sensor_478, sensor_206, sensor_342, sensor_060. Overall evidence status: Model-Led Risk Evidence. Historical similarity and SHAP attribution are supporting statistical evidence only and do not establish a physical root cause.",True,False,False
WF-000059,1,Fail,2008-07-30 21:16:00,0.1271055599532795,0.1648954744173592,0.8351045255826408,0.4430167597765364,0.968874700718276,0.0,0.0813205509687487,0.1464061916643698,0.065085640695621,High Risk,No abstention,1,9,0.1027902834013755,0.1,0.2844688924225927,0.4584572185391862,Limited Failure Evidence,0.2150011328361524,0.2360011328361523,"sensor_060, sensor_034, sensor_432, sensor_153","sensor_104, sensor_201, sensor_478, sensor_317, sensor_548","The record was assigned to High Risk with a calibrated failure probability of 12.71%. The strongest model contributions increasing risk were sensor_060, sensor_034, sensor_432. Contributions reducing predicted risk were sensor_104, sensor_201, sensor_478. The internal prediction-confidence score was 16.49%. Because SECOM sensors are anonymous, these features must be treated as statistical indicators rather than confirmed physical root causes.",Strong Risk Signal,Low Reliability,0.031125299281724028,Outside Typical Historical Experience,Limited Historical Failure Evidence,High Risk with Reliability Caution,True,Hold for inspection or prioritised engineering assessment before continuing.,"The primary operational decision is High Risk. The retained Beta-calibrated model estimated a failure probability of 12.71%, corresponding to Strong Risk Signal. Prediction reliability is Low Reliability, and the record is outside typical historical experience relative to the development data. The ten retrieved development neighbours contained 1 observed failures, with a similarity-weighted historical failure rate of 10.28%; this is classified as Limited Historical Failure Evidence. The principal model-attribution features were sensor_060, sensor_034, sensor_432, sensor_153. Overall evidence status: High Risk with Reliability Caution. Historical similarity and SHAP attribution are supporting statistical evidence only and do not establish a physical root cause.",True,False,False
WF-000751,0,Pass,2008-09-07 23:33:00,0.0524321923124244,0.2980733616722296,0.7019266383277705,0.5864960539150483,0.7725458898643256,0.0355555555555555,0.0367999235166006,0.0689235419855455,0.0321236184689448,Engineering Review,No abstention,0,10,0.0,0.0,0.2809025634951831,0.4234231744615703,No Retrieved Failure Evidence,0.1558970470081227,0.2855399041509799,"sensor_104, sensor_060, sensor_424, sensor_317","sensor_034, sensor_029, sensor_125, sensor_201, sensor_184","The record was assigned to Engineering Review with a calibrated failure probability of 5.24%. The strongest model contributions increasing risk were sensor_104, sensor_060, sensor_424. Contributions reducing predicted risk were sensor_034, sensor_029, sensor_125. The internal prediction-confidence score was 29.81%. Because SECOM sensors are anonymous, these features must be treated as statistical indicators rather than confirmed physical root causes.",Intermediate Risk Signal,Moderate Reliability,0.2274541101356744,Unusual,No Retrieved Historical Failure Evidence,Review Driven by Reliability Concern,False,Prioritise engineering assessment using the SHAP-ranked sensor evidence and retrieved historical cases.,"The primary operational decision is Engineering Review. The retained Beta-calibrated model estimated a failure probability of 5.24%, corresponding to Intermediate Risk Signal. Prediction reliability is Moderate Reliability, and the record is unusual relative to the development data. The ten retrieved development neighbours contained 0 observed failures, with a similarity-weighted historical failure rate of 0.00%; this is classified as No Retrieved Historical Failure Evidence. The principal model-attribution features were sensor_104, sensor_060, sensor_424, sensor_317. Overall evidence status: Review Driven by Reliability Concern. Historical similarity and SHAP attribution are supporting statistical evidence only and do not establish a physical root cause.",True,False,False
WF-001487,0,Pass,2008-10-13 19:40:00,0.015831868315119,0.4202069249977919,0.5797930750022081,0.6961927817682008,0.7390263367916999,0.0355555555555555,0.016706078124729,0.0293632356200813,0.0126571574953523,Low Risk,No abstention,0,10,0.0,0.0,0.7293655183161034,0.9839215973084798,No Retrieved Failure Evidence,0.1064575014650119,0.3523860728935833,sensor_082,"sensor_131, sensor_104, sensor_060, sensor_478, sensor_511","The record was assigned to Low Risk with a calibrated failure probability of 1.58%. The strongest model contributions increasing risk were sensor_082. Contributions reducing predicted risk were sensor_131, sensor_104, sensor_060. The internal prediction-confidence score was 42.02%. Because SECOM sensors are anonymous, these features must be treated as statistical indicators rather than confirmed physical root causes.",Strong Low-Risk Signal,Moderate Reliability,0.26097366320830007,Unusual,No Retrieved Historical Failure Evidence,Low-Risk Decision with Reliability Caution,True,Do not rely on automatic release alone. Verify the highlighted evidence before continuing.,"The primary operational decision is Low Risk. The retained Beta-calibrated model estimated a failure probability of 1.58%, corresponding to Strong Low-Risk Signal. Prediction reliability is Moderate Reliability, and the record is unusual relative to the development data. The ten retrieved development neighbours contained 0 observed failures, with a similarity-weighted historical failure rate of 0.00%; this is classified as No Retrieved Historical Failure Evidence. The principal model-attribution features were sensor_082. Overall evidence status: Low-Risk Decision with Reliability Caution. Historical similarity and SHAP attribution are supporting statistical evidence only and do not establish a physical root cause.",True,False,False
WF-001500,0,Pass,2008-10-14 13:13:00,0.0273699445319095,0.3551091042622691,0.6448908957377308,0.6434393899086637,0.879489225857941,0.0355555555555555,0.0264004597807894,0.0532125221285835,0.0268120623477941,Low Risk,No abstention,0,10,0.0,0.0,0.6217571862359454,0.8253720855577105,No Retrieved Failure Evidence,0.118501085398619,0.3154058473033809,sensor_127,"sensor_214, sensor_104, sensor_352, sensor_126, sensor_060","The record was assigned to Low Risk with a calibrated failure probability of 2.74%. The strongest model contributions increasing risk were sensor_127. Contributions reducing predicted risk were sensor_214, sensor_104, sensor_352. The internal prediction-confidence score was 35.51%. Because SECOM sensors are anonymous, these features must be treated as statistical indicators rather than confirmed physical root causes.",Moderate Low-Risk Signal,Moderate Reliability,0.12051077414205902,Outside Typical Historical Experience,No Retrieved Historical Failure Evidence,Low-Risk Decision with Reliability Caution,True,Do not rely on automatic release alone. Verify the highlighted evidence before continuing.,"The primary operational decision is Low Risk. The retained Beta-calibrated model estimated a failure probability of 2.74%, corresponding to Moderate Low-Risk Signal. Prediction reliability is Moderate Reliability, and the record is outside typical historical experience relative to the development data. The ten retrieved development neighbours contained 0 observed failures, with a similarity-weighted historical failure rate of 0.00%; this is classified as No Retrieved Historical Failure Evidence. The principal model-attribution features were sensor_127. Overall evidence status: Low-Risk Decision with Reliability Caution. Historical similarity and SHAP attribution are supporting statistical evidence only and do not establish a physical root cause.",True,False,False
WF-000032,0,Pass,2008-07-27 22:28:00,0.0918302668887925,0.2243347643134326,0.7756652356865673,0.5094972067039106,0.8747007182761373,0.0,0.0669714197756684,0.1119921181172915,0.045020698341623,High Risk,No abstention,1,9,0.0877594546021584,0.1,0.3671699654124069,0.6305269163252567,Limited Failure Evidence,0.1767891665284637,0.2400986903379875,"sensor_060, sensor_065, sensor_386, sensor_520, sensor_406","sensor_104, sensor_432, sensor_478, sensor_206, sensor_201","The record was assigned to High Risk with a calibrated failure probability of 9.18%. The strongest model contributions increasing risk were sensor_060, sensor_065, sensor_386. Contributions reducing predicted risk were sensor_104, sensor_432, sensor_478. The internal prediction-confidence score was 22.43%. Because SECOM sensors are anonymous, these features must be treated as statistical indicators rather than confirmed physical root causes.",Strong Risk Signal,Low Reliability,0.12529928172386273,Outside Typical Historical Experience,Limited Historical Failure Evidence,High Risk with Reliability Caution,True,Hold for inspection or prioritised engineering assessment before continuing.,"The primary operational decision is High Risk. The retained Beta-calibrated model estimated a failure probability of 9.18%, corresponding to Strong Risk Signal. Prediction reliability is Low Reliability, and the record is outside typical historical experience relative to the development data. The ten retrieved development neighbours contained 1 observed failures, with a similarity-weighted historical failure rate of 8.78%; this is classified as Limited Historical Failure Evidence. The principal model-attribution features were sensor_060, sensor_065, sensor_386, sensor_520, sensor_406. Overall evidence status: High Risk with Reliability Caution. Historical similarity and SHAP attribution are supporting statistical evidence only and do not establish a physical root cause.",True,False,False
WF-000113,0,Pass,2008-08-05 06:11:00,0.1003935256931306,0.2133200057636572,0.7866799942363427,0.6955665513877805,0.6624102154828412,0.0088888888888888,0.0792822568382728,0.1763714269441715,0.0970891701058986,High Risk,No abstention,1,9,0.0008161783769446,0.1,0.0400119740478985,0.3681906494549284,Limited Failure Evidence,0.1981588633275502,0.2501588633275501,"sensor_104, sensor_060, sensor_034, sensor_153","sensor_206, sensor_389, sensor_478, sensor_485, sensor_447","The record was assigned to High Risk with a calibrated failure probability of 10.04%. The strongest model contributions increasing risk were sensor_104, sensor_060, sensor_034. Contributions reducing predicted risk were sensor_206, sensor_389, sensor_478. The internal prediction-confidence score was 21.33%. Because SECOM sensors are anonymous, these features must be treated as statistical indicators rather than confirmed physical root causes.",Strong Risk Signal,Low Reliability,0.3375897845171588,Unusual,Limited Historical Failure Evidence,High Risk with Reliability Caution,True,Hold for inspection or prioritised engineering assessment before continuing.,"The primary operational decision is High Risk. The retained Beta-calibrated model estimated a failure probability of 10.04%, corresponding to Strong Risk Signal. Prediction reliability is Low Reliability, and the record is unusual relative to the development data. The ten retrieved development neighbours contained 1 observed failures, with a similarity-weighted historical failure rate of 0.08%; this is classified as Limited Historical Failure Evidence. The principal model-attribution features were sensor_104, sensor_060, sensor_034, sensor_153. Overall evidence status: High Risk with Reliability Caution. Historical similarity and SHAP attribution are supporting statistical evidence only and do not establish a physical root cause.",True,False,False
WF-000327,1,Fail,2008-08-20 08:40:00,0.1602795371211892,0.2538371262609686,0.7461628737390313,0.8024935709851913,0.0335195530726257,0.0444444444444444,0.1280097716347809,0.2079544132086508,0.0799446415738698,High Risk,No abstention,0,10,0.0,0.0,0.1558239166830616,0.4585908102355136,No Retrieved Failure Evidence,0.2243981908421028,0.2133029527468647,"sensor_342, sensor_060, sensor_478, sensor_206, sensor_104","sensor_032, sensor_034, sensor_015","The record was assigned to High Risk with a calibrated failure probability of 16.03%. The strongest model contributions increasing risk were sensor_342, sensor_060, sensor_478. Contributions reducing predicted risk were sensor_032, sensor_034, sensor_015. The internal prediction-confidence score was 25.38%. Because SECOM sensors are anonymous, these features must be treated as statistical indicators rather than confirmed physical root causes.",Very Strong Risk Signal,Moderate Reliability,0.9664804469273743,Very Familiar,No Retrieved Historical Failure Evidence,Model-Led Risk Evidence,False,Hold for inspection or prioritised engineering assessment before continuing.,"The primary operational decision is High Risk. The retained Beta-calibrated model estimated a failure probability of 16.03%, corresponding to Very Strong Risk Signal. Prediction reliability is Moderate Reliability, and the record is very familiar relative to the development data. The ten retrieved development neighbours contained 0 observed failures, with a similarity-weighted historical failure rate of 0.00%; this is classified as No Retrieved Historical Failure Evidence. The principal model-attribution features were sensor_342, sensor_060, sensor_478, sensor_206, sensor_104. Overall evidence status: Model-Led Risk Evidence. Historical similarity and SHAP attribution are supporting statistical evidence only and do not establish a physical root cause.",True,False,False
WF-000367,0,Pass,2008-08-21 15:48:00,0.0433363889036841,0.3931030129803837,0.6068969870196163,0.7350717389376609,0.4469273743016759,0.0088888888888888,0.0376335756783593,0.0534198589948838,0.0157862833165245,Engineering Review,No abstention,1,9,0.0840648732157719,0.1,0.2468086973311481,0.5633267089432764,Limited Failure Evidence,0.1394892775381425,0.2898940394429043,sensor_060,"sensor_104, sensor_034, sensor_478, sensor_126, sensor_548","The record was assigned to Engineering Review with a calibrated failure probability of 4.33%. The strongest model contributions increasing risk were sensor_060. Contributions reducing predicted risk were sensor_104, sensor_034, sensor_478. The internal prediction-confidence score was 39.31%. Because SECOM sensors are anonymous, these features must be treated as statistical indicators rather than confirmed physical root causes.",Intermediate Risk Signal,Moderate Reliability,0.553072625698324,Familiar,Limited Historical Failure Evidence,Mixed or Intermediate Evidence,False,Prioritise engineering assessment using the SHAP-ranked sensor evidence and retrieved historical cases.,"The primary operational decision is Engineering Review. The retained Beta-calibrated model estimated a failure probability of 4.33%, corresponding to Intermediate Risk Signal. Prediction reliability is Moderate Reliability, and the record is familiar relative to the development data. The ten retrieved development neighbours contained 1 observed failures, with a similarity-weighted historical failure rate of 8.41%; this is classified as Limited Historical Failure Evidence. The principal model-attribution features were sensor_060. Overall evidence status: Mixed or Intermediate Evidence. Historical similarity and SHAP attribution are supporting statistical evidence only and do not establish a physical root cause.",True,False,False
WF-001523,0,Pass,2008-10-15 05:13:00,0.0384031286879328,0.3368290856426926,0.6631709143573075,0.7902470515207946,0.4868316041500399,0.0355555555555555,0.0435580470283396,0.0824211889990635,0.0388631419707238,Engineering Review,No abstention,0,10,0.0,0.0,0.4351360226532249,0.5118751375211795,No Retrieved Failure Evidence,0.1320062670336214,0.2951253146526691,sensor_056,"sensor_104, sensor_389, sensor_453, sensor_060, sensor_478","The record was assigned to Engineering Review with a calibrated failure probability of 3.84%. The strongest model contributions increasing risk were sensor_056. Contributions reducing predicted risk were sensor_104, sensor_389, sensor_453. The internal prediction-confidence score was 33.68%. Because SECOM sensors are anonymous, these features must be treated as statistical indicators rather than confirmed physical root causes.",Intermediate Risk Signal,Moderate Reliability,0.5131683958499601,Familiar,No Retrieved Historical Failure Evidence,Mixed or Intermediate Evidence,False,Prioritise engineering assessment using the SHAP-ranked sensor evidence and retrieved historical cases.,"The primary operational decision is Engineering Review. The retained Beta-calibrated model estimated a failure probability of 3.84%, corresponding to Intermediate Risk Signal. Prediction reliability is Moderate Reliability, and the record is familiar relative to the development data. The ten retrieved development neighbours contained 0 observed failures, with a similarity-weighted historical failure rate of 0.00%; this is classified as No Retrieved Historical Failure Evidence. The principal model-attribution features were sensor_056. Overall evidence status: Mixed or Intermediate Evidence. Historical similarity and SHAP attribution are supporting statistical evidence only and do not establish a physical root cause.",True,False,False
WF-000690,0,Pass,2008-09-02 14:09:00,0.1403861357013753,0.2042636023153765,0.7957363976846235,0.6480601223729715,0.538707102952913,0.0533333333333333,0.0927724874111981,0.1947745592833216,0.1020020718721235,High Risk,No abstention,2,8,0.1986318928131444,0.2,0.4916036300435481,0.7994504227223234,Limited Failure Evidence,0.2225839814529196,0.2300363624053006,"sensor_104, sensor_349, sensor_034","sensor_248, sensor_511, sensor_520, sensor_386, sensor_271","The record was assigned to High Risk with a calibrated failure probability of 14.04%. The strongest model contributions increasing risk were sensor_104, sensor_349, sensor_034. Contributions reducing predicted risk were sensor_248, sensor_511, sensor_520. The internal prediction-confidence score was 20.43%. Because SECOM sensors are anonymous, these features must be treated as statistical indicators rather than confirmed physical root causes.",Strong Risk Signal,Low Reliability,0.461292897047087,Familiar,Moderate Historical Failure Evidence,High Risk with Reliability Caution,True,Hold for inspection or prioritised engineering assessment before continuing.,"The primary operational decision is High Risk. The retained Beta-calibrated model estimated a failure probability of 14.04%, corresponding to Strong Risk Signal. Prediction reliability is Low Reliability, and the record is familiar relative to the development data. The ten retrieved development neighbours contained 2 observed failures, with a similarity-weighted historical failure rate of 19.86%; this is classified as Moderate Historical Failure Evidence. The principal model-attribution features were sensor_104, sensor_349, sensor_034. Overall evidence status: High Risk with Reliability Caution. Historical similarity and SHAP attribution are supporting statistical evidence only and do not establish a physical root cause.",True,False,False
WF-000450,0,Pass,2008-08-25 09:29:00,0.0780687049992616,0.3396589310183181,0.6603410689816819,0.6459973397180101,0.3487629688747007,0.0266666666666666,0.0705664765769135,0.0923008876689963,0.0217344110920827,Engineering Review,No abstention,1,9,0.0848255106464877,0.1,0.3479883847672516,0.8831930696884822,Limited Failure Evidence,0.1628997752524471,0.24625691810959,"sensor_015, sensor_001, sensor_342, sensor_056","sensor_104, sensor_060, sensor_578, sensor_561, sensor_469","The record was assigned to Engineering Review with a calibrated failure probability of 7.81%. The strongest model contributions increasing risk were sensor_015, sensor_001, sensor_342. Contributions reducing predicted risk were sensor_104, sensor_060, sensor_578. The internal prediction-confidence score was 33.97%. Because SECOM sensors are anonymous, these features must be treated as statistical indicators rather than confirmed physical root causes.",Intermediate Risk Signal,Moderate Reliability,0.6512370311252993,Familiar,Limited Historical Failure Evidence,Mixed or Intermediate Evidence,False,Prioritise engineering assessment using the SHAP-ranked sensor evidence and retrieved historical cases.,"The primary operational decision is Engineering Review. The retained Beta-calibrated model estimated a failure probability of 7.81%, corresponding to Intermediate Risk Signal. Prediction reliability is Moderate Reliability, and the record is familiar relative to the development data. The ten retrieved development neighbours contained 1 observed failures, with a similarity-weighted historical failure rate of 8.48%; this is classified as Limited Historical Failure Evidence. The principal model-attribution features were sensor_015, sensor_001, sensor_342, sensor_056. Overall evidence status: Mixed or Intermediate Evidence. Historical similarity and SHAP attribution are supporting statistical evidence only and do not establish a physical root cause.",True,False,False
WF-001395,0,Pass,2008-10-07 10:10:00,0.0441058815076441,0.419527199767479,0.580472800232521,0.7836710117939167,0.4820430965682362,0.0177777777777777,0.0274477270889523,0.0408857871249228,0.0134380600359705,Engineering Review,No abstention,2,8,0.2262193717542212,0.2,0.6198872824266047,0.7795162131095463,Limited Failure Evidence,0.1376927176534621,0.2862165271772717,"sensor_065, sensor_489","sensor_104, sensor_060, sensor_317, sensor_181, sensor_478","The record was assigned to Engineering Review with a calibrated failure probability of 4.41%. The strongest model contributions increasing risk were sensor_065, sensor_489. Contributions reducing predicted risk were sensor_104, sensor_060, sensor_317. The internal prediction-confidence score was 41.95%. Because SECOM sensors are anonymous, these features must be treated as statistical indicators rather than confirmed physical root causes.",Intermediate Risk Signal,Moderate Reliability,0.5179569034317638,Familiar,Moderate Historical Failure Evidence,Review with Supporting Historical Risk,False,Prioritise engineering assessment using the SHAP-ranked sensor evidence and retrieved historical cases.,"The primary operational decision is Engineering Review. The retained Beta-calibrated model estimated a failure probability of 4.41%, corresponding to Intermediate Risk Signal. Prediction reliability is Moderate Reliability, and the record is familiar relative to the development data. The ten retrieved development neighbours contained 2 observed failures, with a similarity-weighted historical failure rate of 22.62%; this is classified as Moderate Historical Failure Evidence. The principal model-attribution features were sensor_065, sensor_489. Overall evidence status: Review with Supporting Historical Risk. Historical similarity and SHAP attribution are supporting statistical evidence only and do not establish a physical root cause.",True,False,False
WF-001367,0,Pass,2008-10-06 15:01:00,0.0364254575704651,0.4059332883259348,0.5940667116740652,0.8051834707812362,0.2346368715083799,0.0088888888888888,0.0250502782239447,0.0443156835679005,0.0192654053439558,Engineering Review,No abstention,1,9,0.1305066858599055,0.1,0.5439455263243202,0.7098852792890902,Limited Failure Evidence,0.12283831172101,0.2914097402924386,"sensor_082, sensor_317, sensor_034","sensor_104, sensor_126, sensor_029, sensor_548, sensor_511","The record was assigned to Engineering Review with a calibrated failure probability of 3.64%. The strongest model contributions increasing risk were sensor_082, sensor_317, sensor_034. Contributions reducing predicted risk were sensor_104, sensor_126, sensor_029. The internal prediction-confidence score was 40.59%. Because SECOM sensors are anonymous, these features must be treated as statistical indicators rather than confirmed physical root causes.",Intermediate Risk Signal,Moderate Reliability,0.7653631284916201,Very Familiar,Limited Historical Failure Evidence,Mixed or Intermediate Evidence,False,Prioritise engineering assessment using the SHAP-ranked sensor evidence and retrieved historical cases.,"The primary operational decision is Engineering Review. The retained Beta-calibrated model estimated a failure probability of 3.64%, corresponding to Intermediate Risk Signal. Prediction reliability is Moderate Reliability, and the record is very familiar relative to the development data. The ten retrieved development neighbours contained 1 observed failures, with a similarity-weighted historical failure rate of 13.05%; this is classified as Limited Historical Failure Evidence. The principal model-attribution features were sensor_082, sensor_317, sensor_034. Overall evidence status: Mixed or Intermediate Evidence. Historical similarity and SHAP attribution are supporting statistical evidence only and do not establish a physical root cause.",True,False,False
WF-000166,0,Pass,2008-08-09 02:37:00,0.1657742816473493,0.1914613227405539,0.8085386772594461,0.5882958233572759,0.5746209098164405,0.0266666666666666,0.1348652438444996,0.2556296998257958,0.1207644559812962,High Risk,No abstention,0,10,0.0,0.0,0.3343492771419984,0.546288494222239,No Retrieved Failure Evidence,0.2360590217504592,0.2201542598456973,"sensor_104, sensor_060, sensor_511, sensor_563, sensor_520","sensor_470, sensor_201, sensor_480, sensor_478","The record was assigned to High Risk with a calibrated failure probability of 16.58%. The strongest model contributions increasing risk were sensor_104, sensor_060, sensor_511. Contributions reducing predicted risk were sensor_470, sensor_201, sensor_480. The internal prediction-confidence score was 19.15%. Because SECOM sensors are anonymous, these features must be treated as statistical indicators rather than confirmed physical root causes.",Very Strong Risk Signal,Low Reliability,0.42537909018355946,Familiar,No Retrieved Historical Failure Evidence,High Risk with Reliability Caution,True,Hold for inspection or prioritised engineering assessment before continuing.,"The primary operational decision is High Risk. The retained Beta-calibrated model estimated a failure probability of 16.58%, corresponding to Very Strong Risk Signal. Prediction reliability is Low Reliability, and the record is familiar relative to the development data. The ten retrieved development neighbours contained 0 observed failures, with a similarity-weighted historical failure rate of 0.00%; this is classified as No Retrieved Historical Failure Evidence. The principal model-attribution features were sensor_104, sensor_060, sensor_511, sensor_563, sensor_520. Overall evidence status: High Risk with Reliability Caution. Historical similarity and SHAP attribution are supporting statistical evidence only and do not establish a physical root cause.",True,False,False
WF-000726,0,Pass,2008-09-04 08:53:00,0.0244293874887086,0.3836933107337407,0.6163066892662593,0.628204132304691,0.6919393455706305,0.0177777777777777,0.0214640164190878,0.0325002713294872,0.0110362549103994,Low Risk,No abstention,0,10,0.0,0.0,0.271554779856867,0.5255786435948105,No Retrieved Failure Evidence,0.115466182655606,0.3231090397984631,"sensor_478, sensor_206, sensor_342","sensor_104, sensor_060, sensor_201, sensor_511, sensor_469","The record was assigned to Low Risk with a calibrated failure probability of 2.44%. The strongest model contributions increasing risk were sensor_478, sensor_206, sensor_342. Contributions reducing predicted risk were sensor_104, sensor_060, sensor_201. The internal prediction-confidence score was 38.37%. Because SECOM sensors are anonymous, these features must be treated as statistical indicators rather than confirmed physical root causes.",Moderate Low-Risk Signal,Moderate Reliability,0.3080606544293695,Unusual,No Retrieved Historical Failure Evidence,Low-Risk Decision with Reliability Caution,True,Do not rely on automatic release alone. Verify the highlighted evidence before continuing.,"The primary operational decision is Low Risk. The retained Beta-calibrated model estimated a failure probability of 2.44%, corresponding to Moderate Low-Risk Signal. Prediction reliability is Moderate Reliability, and the record is unusual relative to the development data. The ten retrieved development neighbours contained 0 observed failures, with a similarity-weighted historical failure rate of 0.00%; this is classified as No Retrieved Historical Failure Evidence. The principal model-attribution features were sensor_478, sensor_206, sensor_342. Overall evidence status: Low-Risk Decision with Reliability Caution. Historical similarity and SHAP attribution are supporting statistical evidence only and do not establish a physical root cause.",True,False,False
WF-001434,0,Pass,2008-10-08 21:45:00,0.0166559513486499,0.4554073052708653,0.5445926947291346,0.757577724572138,0.2258579409417398,0.0088888888888888,0.0165175992810083,0.024810333664345,0.0082927343833366,Low Risk,No abstention,1,9,0.090172687059206,0.1,0.1277897271855903,0.2119345599690908,Limited Failure Evidence,0.1033364675302276,0.3450031341968943,sensor_489,"sensor_034, sensor_104, sensor_060, sensor_206, sensor_125","The record was assigned to Low Risk with a calibrated failure probability of 1.67%. The strongest model contributions increasing risk were sensor_489. Contributions reducing predicted risk were sensor_034, sensor_104, sensor_060. The internal prediction-confidence score was 45.54%. Because SECOM sensors are anonymous, these features must be treated as statistical indicators rather than confirmed physical root causes.",Strong Low-Risk Signal,Moderate Reliability,0.7741420590582602,Very Familiar,Limited Historical Failure Evidence,Low-Risk Decision with Limited Support,False,Continue processing under standard monitoring.,"The primary operational decision is Low Risk. The retained Beta-calibrated model estimated a failure probability of 1.67%, corresponding to Strong Low-Risk Signal. Prediction reliability is Moderate Reliability, and the record is very familiar relative to the development data. The ten retrieved development neighbours contained 1 observed failures, with a similarity-weighted historical failure rate of 9.02%; this is classified as Limited Historical Failure Evidence. The principal model-attribution features were sensor_489. Overall evidence status: Low-Risk Decision with Limited Support. Historical similarity and SHAP attribution are supporting statistical evidence only and do not establish a physical root cause.",True,False,False
WF-000343,0,Pass,2008-08-20 22:45:00,0.0814487425053567,0.37839798192844,0.62160201807156,0.7687110046998316,0.2841181165203512,0.0088888888888888,0.0643334539748241,0.0827750899171045,0.0184416359422803,High Risk,No abstention,2,8,0.1252863864932425,0.2,0.3748328388373568,0.6671755952836979,Limited Failure Evidence,0.1856344492747017,0.2638249254651779,"sensor_104, sensor_511, sensor_034","sensor_060, sensor_317, sensor_478, sensor_206, sensor_181","The record was assigned to High Risk with a calibrated failure probability of 8.14%. The strongest model contributions increasing risk were sensor_104, sensor_511, sensor_034. Contributions reducing predicted risk were sensor_060, sensor_317, sensor_478. The internal prediction-confidence score was 37.84%. Because SECOM sensors are anonymous, these features must be treated as statistical indicators rather than confirmed physical root causes.",Strong Risk Signal,Moderate Reliability,0.7158818834796488,Familiar,Limited Historical Failure Evidence,Model-Led Risk Evidence,False,Hold for inspection or prioritised engineering assessment before continuing.,"The primary operational decision is High Risk. The retained Beta-calibrated model estimated a failure probability of 8.14%, corresponding to Strong Risk Signal. Prediction reliability is Moderate Reliability, and the record is familiar relative to the development data. The ten retrieved development neighbours contained 2 observed failures, with a similarity-weighted historical failure rate of 12.53%; this is classified as Limited Historical Failure Evidence. The principal model-attribution features were sensor_104, sensor_511, sensor_034. Overall evidence status: Model-Led Risk Evidence. Historical similarity and SHAP attribution are supporting statistical evidence only and do not establish a physical root cause.",True,False,False
WF-000878,0,Pass,2008-09-18 01:43:00,0.0476016467646206,0.4280493425309995,0.5719506574690005,0.8967913452159262,0.1476456504389465,0.0355555555555555,0.0429134269295137,0.0600343335455225,0.0171209066160087,Engineering Review,No abstention,1,9,0.173786723691032,0.1,0.4904049893063484,0.8522587637328588,Limited Failure Evidence,0.1432169487145317,0.283502663000246,"sensor_206, sensor_342, sensor_478","sensor_104, sensor_214, sensor_352, sensor_060, sensor_317","The record was assigned to Engineering Review with a calibrated failure probability of 4.76%. The strongest model contributions increasing risk were sensor_206, sensor_342, sensor_478. Contributions reducing predicted risk were sensor_104, sensor_214, sensor_352. The internal prediction-confidence score was 42.80%. Because SECOM sensors are anonymous, these features must be treated as statistical indicators rather than confirmed physical root causes.",Intermediate Risk Signal,Moderate Reliability,0.8523543495610535,Very Familiar,Moderate Historical Failure Evidence,Review with Supporting Historical Risk,False,Prioritise engineering assessment using the SHAP-ranked sensor evidence and retrieved historical cases.,"The primary operational decision is Engineering Review. The retained Beta-calibrated model estimated a failure probability of 4.76%, corresponding to Intermediate Risk Signal. Prediction reliability is Moderate Reliability, and the record is very familiar relative to the development data. The ten retrieved development neighbours contained 1 observed failures, with a similarity-weighted historical failure rate of 17.38%; this is classified as Moderate Historical Failure Evidence. The principal model-attribution features were sensor_206, sensor_342, sensor_478. Overall evidence status: Review with Supporting Historical Risk. Historical similarity and SHAP attribution are supporting statistical evidence only and do not establish a physical root cause.",True,False,False
WF-000707,0,Pass,2008-09-03 00:18:00,0.0603287179363219,0.3132411319876762,0.6867588680123238,0.531308504034761,0.7358339984038308,0.0355555555555555,0.0596368099291635,0.0819534564069631,0.0223166464777995,Engineering Review,No abstention,0,10,0.0,0.0,0.3335102662241076,0.8101357211218121,No Retrieved Failure Evidence,0.1778261429221649,0.2916118572078792,"sensor_104, sensor_478, sensor_511, sensor_206, sensor_342","sensor_032, sensor_378, sensor_469, sensor_060, sensor_020","The record was assigned to Engineering Review with a calibrated failure probability of 6.03%. The strongest model contributions increasing risk were sensor_104, sensor_478, sensor_511. Contributions reducing predicted risk were sensor_032, sensor_378, sensor_469. The internal prediction-confidence score was 31.32%. Because SECOM sensors are anonymous, these features must be treated as statistical indicators rather than confirmed physical root causes.",Intermediate Risk Signal,Moderate Reliability,0.2641660015961692,Unusual,No Retrieved Historical Failure Evidence,Review Driven by Reliability Concern,False,Prioritise engineering assessment using the SHAP-ranked sensor evidence and retrieved historical cases.,"The primary operational decision is Engineering Review. The retained Beta-calibrated model estimated a failure probability of 6.03%, corresponding to Intermediate Risk Signal. Prediction reliability is Moderate Reliability, and the record is unusual relative to the development data. The ten retrieved development neighbours contained 0 observed failures, with a similarity-weighted historical failure rate of 0.00%; this is classified as No Retrieved Historical Failure Evidence. The principal model-attribution features were sensor_104, sensor_478, sensor_511, sensor_206, sensor_342. Overall evidence status: Review Driven by Reliability Concern. Historical similarity and SHAP attribution are supporting statistical evidence only and do not establish a physical root cause.",True,False,False
WF-000346,0,Pass,2008-08-21 02:11:00,0.1503474571733583,0.2776952390899502,0.7223047609100497,0.6528690254500311,0.6743814844373504,0.0088888888888888,0.118570298446034,0.1657086952541281,0.047138396808094,High Risk,No abstention,0,10,0.0,0.0,0.4642123563830042,0.6499759601463947,No Retrieved Failure Evidence,0.2209110612152377,0.2188396326438091,"sensor_104, sensor_511, sensor_476, sensor_153, sensor_065","sensor_034, sensor_060, sensor_444, sensor_564, sensor_432","The record was assigned to High Risk with a calibrated failure probability of 15.03%. The strongest model contributions increasing risk were sensor_104, sensor_511, sensor_476. Contributions reducing predicted risk were sensor_034, sensor_060, sensor_444. The internal prediction-confidence score was 27.77%. Because SECOM sensors are anonymous, these features must be treated as statistical indicators rather than confirmed physical root causes.",Strong Risk Signal,Moderate Reliability,0.32561851556264965,Unusual,No Retrieved Historical Failure Evidence,High Risk with Reliability Caution,True,Hold for inspection or prioritised engineering assessment before continuing.,"The primary operational decision is High Risk. The retained Beta-calibrated model estimated a failure probability of 15.03%, corresponding to Strong Risk Signal. Prediction reliability is Moderate Reliability, and the record is unusual relative to the development data. The ten retrieved development neighbours contained 0 observed failures, with a similarity-weighted historical failure rate of 0.00%; this is classified as No Retrieved Historical Failure Evidence. The principal model-attribution features were sensor_104, sensor_511, sensor_476, sensor_153, sensor_065. Overall evidence status: High Risk with Reliability Caution. Historical similarity and SHAP attribution are supporting statistical evidence only and do not establish a physical root cause.",True,False,False
WF-000042,0,Pass,2008-07-28 23:57:00,0.0756628180524629,0.3290151653638155,0.6709848346361845,0.8272781768200763,0.1484437350359138,0.0355555555555555,0.0647187353195911,0.1076431138218084,0.0429243785022172,Engineering Review,No abstention,0,10,0.0,0.0,0.5909398961113193,0.756456048427983,No Retrieved Failure Evidence,0.1769371820392061,0.2640800391820632,"sensor_104, sensor_015, sensor_489","sensor_060, sensor_511, sensor_478, sensor_206, sensor_432","The record was assigned to Engineering Review with a calibrated failure probability of 7.57%. The strongest model contributions increasing risk were sensor_104, sensor_015, sensor_489. Contributions reducing predicted risk were sensor_060, sensor_511, sensor_478. The internal prediction-confidence score was 32.90%. Because SECOM sensors are anonymous, these features must be treated as statistical indicators rather than confirmed physical root causes.",Intermediate Risk Signal,Moderate Reliability,0.8515562649640862,Very Familiar,No Retrieved Historical Failure Evidence,Mixed or Intermediate Evidence,False,Prioritise engineering assessment using the SHAP-ranked sensor evidence and retrieved historical cases.,"The primary operational decision is Engineering Review. The retained Beta-calibrated model estimated a failure probability of 7.57%, corresponding to Intermediate Risk Signal. Prediction reliability is Moderate Reliability, and the record is very familiar relative to the development data. The ten retrieved development neighbours contained 0 observed failures, with a similarity-weighted historical failure rate of 0.00%; this is classified as No Retrieved Historical Failure Evidence. The principal model-attribution features were sensor_104, sensor_015, sensor_489. Overall evidence status: Mixed or Intermediate Evidence. Historical similarity and SHAP attribution are supporting statistical evidence only and do not establish a physical root cause.",True,False,False
WF-000818,0,Pass,2008-09-12 22:45:00,0.0281330288721425,0.3894378725844454,0.6105621274155546,0.6053072625698325,0.7086991221069433,0.0,0.0320726382742724,0.0385626202314117,0.0064899819571392,Low Risk,No abstention,0,10,0.0,0.0,0.2486993686069776,0.6563003471631349,No Retrieved Failure Evidence,0.1242338261219884,0.3184957308838931,"sensor_424, sensor_082","sensor_034, sensor_104, sensor_131, sensor_029, sensor_123","The record was assigned to Low Risk with a calibrated failure probability of 2.81%. The strongest model contributions increasing risk were sensor_424, sensor_082. Contributions reducing predicted risk were sensor_034, sensor_104, sensor_131. The internal prediction-confidence score was 38.94%. Because SECOM sensors are anonymous, these features must be treated as statistical indicators rather than confirmed physical root causes.",Moderate Low-Risk Signal,Moderate Reliability,0.2913008778930567,Unusual,No Retrieved Historical Failure Evidence,Low-Risk Decision with Reliability Caution,True,Do not rely on automatic release alone. Verify the highlighted evidence before continuing.,"The primary operational decision is Low Risk. The retained Beta-calibrated model estimated a failure probability of 2.81%, corresponding to Moderate Low-Risk Signal. Prediction reliability is Moderate Reliability, and the record is unusual relative to the development data. The ten retrieved development neighbours contained 0 observed failures, with a similarity-weighted historical failure rate of 0.00%; this is classified as No Retrieved Historical Failure Evidence. The principal model-attribution features were sensor_424, sensor_082. Overall evidence status: Low-Risk Decision with Reliability Caution. Historical similarity and SHAP attribution are supporting statistical evidence only and do not establish a physical root cause.",True,False,False
WF-001053,0,Pass,2008-09-24 06:13:00,0.0571068407006044,0.3260177654300574,0.6739822345699427,0.7338306287133103,0.5235434956105347,0.0177777777777777,0.0448351686445908,0.0805416282245039,0.0357064595799131,Engineering Review,No abstention,0,10,0.0,0.0,0.6247130358965564,0.8558906748904122,No Retrieved Failure Evidence,0.1465582395429797,0.2666058585905988,,"sensor_104, sensor_060, sensor_511, sensor_206, sensor_130","The record was assigned to Engineering Review with a calibrated failure probability of 5.71%. The strongest model contributions increasing risk were no dominant positive sensor contribution. Contributions reducing predicted risk were sensor_104, sensor_060, sensor_511. The internal prediction-confidence score was 32.60%. Because SECOM sensors are anonymous, these features must be treated as statistical indicators rather than confirmed physical root causes.",Intermediate Risk Signal,Moderate Reliability,0.4764565043894653,Familiar,No Retrieved Historical Failure Evidence,Mixed or Intermediate Evidence,False,Prioritise engineering assessment using the SHAP-ranked sensor evidence and retrieved historical cases.,"The primary operational decision is Engineering Review. The retained Beta-calibrated model estimated a failure probability of 5.71%, corresponding to Intermediate Risk Signal. Prediction reliability is Moderate Reliability, and the record is familiar relative to the development data. The ten retrieved development neighbours contained 0 observed failures, with a similarity-weighted historical failure rate of 0.00%; this is classified as No Retrieved Historical Failure Evidence. The principal model-attribution features were no dominant positive sensor attribution was available. Overall evidence status: Mixed or Intermediate Evidence. Historical similarity and SHAP attribution are supporting statistical evidence only and do not establish a physical root cause.",True,False,False
WF-000931,0,Pass,2008-09-19 23:26:00,0.0165529979837179,0.4253630165164818,0.5746369834835182,0.7104907333510686,0.553072625698324,0.0088888888888888,0.0129548691612825,0.0257749623816498,0.0128200932203672,Low Risk,No abstention,2,8,0.158128218962062,0.2,0.3241880571546242,0.5877486730483183,Limited Failure Evidence,0.1122135558128095,0.3544040320032857,sensor_153,"sensor_034, sensor_131, sensor_104, sensor_520, sensor_248","The record was assigned to Low Risk with a calibrated failure probability of 1.66%. The strongest model contributions increasing risk were sensor_153. Contributions reducing predicted risk were sensor_034, sensor_131, sensor_104. The internal prediction-confidence score was 42.54%. Because SECOM sensors are anonymous, these features must be treated as statistical indicators rather than confirmed physical root causes.",Strong Low-Risk Signal,Moderate Reliability,0.44692737430167595,Familiar,Moderate Historical Failure Evidence,Low-Risk Decision with Historical Conflict,True,Do not rely on automatic release alone. Verify the highlighted evidence before continuing.,"The primary operational decision is Low Risk. The retained Beta-calibrated model estimated a failure probability of 1.66%, corresponding to Strong Low-Risk Signal. Prediction reliability is Moderate Reliability, and the record is familiar relative to the development data. The ten retrieved development neighbours contained 2 observed failures, with a similarity-weighted historical failure rate of 15.81%; this is classified as Moderate Historical Failure Evidence. The principal model-attribution features were sensor_153. Overall evidence status: Low-Risk Decision with Historical Conflict. Historical similarity and SHAP attribution are supporting statistical evidence only and do not establish a physical root cause.",True,False,False
WF-000477,0,Pass,2008-08-28 10:28:00,0.0565693144170977,0.3368026790197262,0.6631973209802737,0.6973170169371287,0.6432561851556265,0.0422222222222222,0.0509925752688892,0.082892277817616,0.0318997025487267,Engineering Review,No abstention,0,10,0.0,0.0,0.3024108887362701,0.7652182249530354,No Retrieved Failure Evidence,0.1692276912342523,0.2903467388532998,"sensor_060, sensor_065, sensor_064","sensor_131, sensor_104, sensor_478, sensor_511, sensor_206","The record was assigned to Engineering Review with a calibrated failure probability of 5.66%. The strongest model contributions increasing risk were sensor_060, sensor_065, sensor_064. Contributions reducing predicted risk were sensor_131, sensor_104, sensor_478. The internal prediction-confidence score was 33.68%. Because SECOM sensors are anonymous, these features must be treated as statistical indicators rather than confirmed physical root causes.",Intermediate Risk Signal,Moderate Reliability,0.35674381484437345,Unusual,No Retrieved Historical Failure Evidence,Review Driven by Reliability Concern,False,Prioritise engineering assessment using the SHAP-ranked sensor evidence and retrieved historical cases.,"The primary operational decision is Engineering Review. The retained Beta-calibrated model estimated a failure probability of 5.66%, corresponding to Intermediate Risk Signal. Prediction reliability is Moderate Reliability, and the record is unusual relative to the development data. The ten retrieved development neighbours contained 0 observed failures, with a similarity-weighted historical failure rate of 0.00%; this is classified as No Retrieved Historical Failure Evidence. The principal model-attribution features were sensor_060, sensor_065, sensor_064. Overall evidence status: Review Driven by Reliability Concern. Historical similarity and SHAP attribution are supporting statistical evidence only and do not establish a physical root cause.",True,False,False
WF-001440,0,Pass,2008-10-09 06:06:00,0.0165250016048479,0.4762158040410568,0.5237841959589431,0.7809493659661257,0.4301675977653631,0.0355555555555555,0.0137034760415696,0.0165303772108496,0.0028269011692799,Low Risk,No abstention,1,9,0.0822590976950963,0.1,0.6508865299084654,0.868917130049772,Limited Failure Evidence,0.1023803915071344,0.3447137248404677,,"sensor_104, sensor_034, sensor_131, sensor_060, sensor_126","The record was assigned to Low Risk with a calibrated failure probability of 1.65%. The strongest model contributions increasing risk were no dominant positive sensor contribution. Contributions reducing predicted risk were sensor_104, sensor_034, sensor_131. The internal prediction-confidence score was 47.62%. Because SECOM sensors are anonymous, these features must be treated as statistical indicators rather than confirmed physical root causes.",Strong Low-Risk Signal,Moderate Reliability,0.5698324022346368,Familiar,Limited Historical Failure Evidence,Low-Risk Decision with Limited Support,False,Continue processing under standard monitoring.,"The primary operational decision is Low Risk. The retained Beta-calibrated model estimated a failure probability of 1.65%, corresponding to Strong Low-Risk Signal. Prediction reliability is Moderate Reliability, and the record is familiar relative to the development data. The ten retrieved development neighbours contained 1 observed failures, with a similarity-weighted historical failure rate of 8.23%; this is classified as Limited Historical Failure Evidence. The principal model-attribution features were no dominant positive sensor attribution was available. Overall evidence status: Low-Risk Decision with Limited Support. Historical similarity and SHAP attribution are supporting statistical evidence only and do not establish a physical root cause.",True,False,False
WF-000863,0,Pass,2008-09-16 09:37:00,0.0273019774078918,0.366494642523697,0.633505357476303,0.536659749933493,0.7956903431763767,0.0266666666666666,0.0264335155483781,0.0368621848551056,0.0104286693067275,Low Risk,No abstention,1,9,0.0039581739739805,0.1,0.0786625255698812,0.7724031548512771,Limited Failure Evidence,0.1339320033175969,0.3310748604604541,"sensor_424, sensor_104","sensor_034, sensor_131, sensor_248, sensor_126, sensor_181","The record was assigned to Low Risk with a calibrated failure probability of 2.73%. The strongest model contributions increasing risk were sensor_424, sensor_104. Contributions reducing predicted risk were sensor_034, sensor_131, sensor_248. The internal prediction-confidence score was 36.65%. Because SECOM sensors are anonymous, these features must be treated as statistical indicators rather than confirmed physical root causes.",Moderate Low-Risk Signal,Moderate Reliability,0.20430965682362334,Unusual,Limited Historical Failure Evidence,Low-Risk Decision with Reliability Caution,True,Do not rely on automatic release alone. Verify the highlighted evidence before continuing.,"The primary operational decision is Low Risk. The retained Beta-calibrated model estimated a failure probability of 2.73%, corresponding to Moderate Low-Risk Signal. Prediction reliability is Moderate Reliability, and the record is unusual relative to the development data. The ten retrieved development neighbours contained 1 observed failures, with a similarity-weighted historical failure rate of 0.40%; this is classified as Limited Historical Failure Evidence. The principal model-attribution features were sensor_424, sensor_104. Overall evidence status: Low-Risk Decision with Reliability Caution. Historical similarity and SHAP attribution are supporting statistical evidence only and do not establish a physical root cause.",True,False,False
WF-001006,0,Pass,2008-09-22 06:05:00,0.0324334385598817,0.3797129555353371,0.6202870444646629,0.6776894564157134,0.5418994413407822,0.0088888888888888,0.033783924682189,0.0496314416698017,0.0158475169876126,Low Risk,No abstention,1,9,0.0681962576129432,0.1,0.3460986075909172,0.8021412345451417,Limited Failure Evidence,0.1215002336677331,0.301809757477257,,"sensor_104, sensor_060, sensor_130, sensor_206, sensor_478","The record was assigned to Low Risk with a calibrated failure probability of 3.24%. The strongest model contributions increasing risk were no dominant positive sensor contribution. Contributions reducing predicted risk were sensor_104, sensor_060, sensor_130. The internal prediction-confidence score was 37.97%. Because SECOM sensors are anonymous, these features must be treated as statistical indicators rather than confirmed physical root causes.",Moderate Low-Risk Signal,Moderate Reliability,0.45810055865921784,Familiar,Limited Historical Failure Evidence,Low-Risk Decision with Limited Support,False,Continue processing under standard monitoring.,"The primary operational decision is Low Risk. The retained Beta-calibrated model estimated a failure probability of 3.24%, corresponding to Moderate Low-Risk Signal. Prediction reliability is Moderate Reliability, and the record is familiar relative to the development data. The ten retrieved development neighbours contained 1 observed failures, with a similarity-weighted historical failure rate of 6.82%; this is classified as Limited Historical Failure Evidence. The principal model-attribution features were no dominant positive sensor attribution was available. Overall evidence status: Low-Risk Decision with Limited Support. Historical similarity and SHAP attribution are supporting statistical evidence only and do not establish a physical root cause.",True,False,False
WF-000012,1,Fail,2008-07-19 22:52:00,0.1668514943075025,0.2937924923504679,0.706207507649532,0.5764923295202625,0.9233838786911412,0.0088888888888888,0.1296892888813136,0.1624976787334177,0.0328083898521041,High Risk,No abstention,0,10,0.0,0.0,0.1578830758629012,0.5650712428217095,No Retrieved Failure Evidence,0.2390909691975442,0.2222576358642109,"sensor_104, sensor_060, sensor_342, sensor_478, sensor_476","sensor_389, sensor_548, sensor_378","The record was assigned to High Risk with a calibrated failure probability of 16.69%. The strongest model contributions increasing risk were sensor_104, sensor_060, sensor_342. Contributions reducing predicted risk were sensor_389, sensor_548, sensor_378. The internal prediction-confidence score was 29.38%. Because SECOM sensors are anonymous, these features must be treated as statistical indicators rather than confirmed physical root causes.",Very Strong Risk Signal,Moderate Reliability,0.07661612130885875,Outside Typical Historical Experience,No Retrieved Historical Failure Evidence,High Risk with Reliability Caution,True,Hold for inspection or prioritised engineering assessment before continuing.,"The primary operational decision is High Risk. The retained Beta-calibrated model estimated a failure probability of 16.69%, corresponding to Very Strong Risk Signal. Prediction reliability is Moderate Reliability, and the record is outside typical historical experience relative to the development data. The ten retrieved development neighbours contained 0 observed failures, with a similarity-weighted historical failure rate of 0.00%; this is classified as No Retrieved Historical Failure Evidence. The principal model-attribution features were sensor_104, sensor_060, sensor_342, sensor_478, sensor_476. Overall evidence status: High Risk with Reliability Caution. Historical similarity and SHAP attribution are supporting statistical evidence only and do not establish a physical root cause.",True,False,False
WF-000010,0,Pass,2008-07-19 21:35:00,0.1258533507077437,0.2519468736781179,0.7480531263218821,0.580602465194644,0.9361532322426176,0.0088888888888888,0.1046086652890089,0.1519004071684725,0.0472917418794636,High Risk,No abstention,1,9,0.38317759238704,0.1,0.0197486860366777,0.0756725396834174,Limited Failure Evidence,0.2061838924281783,0.2285172257615117,"sensor_060, sensor_104, sensor_342, sensor_478, sensor_206","sensor_201, sensor_470, sensor_548, sensor_015","The record was assigned to High Risk with a calibrated failure probability of 12.59%. The strongest model contributions increasing risk were sensor_060, sensor_104, sensor_342. Contributions reducing predicted risk were sensor_201, sensor_470, sensor_548. The internal prediction-confidence score was 25.19%. Because SECOM sensors are anonymous, these features must be treated as statistical indicators rather than confirmed physical root causes.",Strong Risk Signal,Moderate Reliability,0.0638467677573824,Outside Typical Historical Experience,Moderate Historical Failure Evidence,Convergent Risk Evidence,False,Hold for inspection or prioritised engineering assessment before continuing.,"The primary operational decision is High Risk. The retained Beta-calibrated model estimated a failure probability of 12.59%, corresponding to Strong Risk Signal. Prediction reliability is Moderate Reliability, and the record is outside typical historical experience relative to the development data. The ten retrieved development neighbours contained 1 observed failures, with a similarity-weighted historical failure rate of 38.32%; this is classified as Moderate Historical Failure Evidence. The principal model-attribution features were sensor_060, sensor_104, sensor_342, sensor_478, sensor_206. Overall evidence status: Convergent Risk Evidence. Historical similarity and SHAP attribution are supporting statistical evidence only and do not establish a physical root cause.",True,False,False
WF-000314,0,Pass,2008-08-19 18:30:00,0.0537917052352994,0.3075440111153306,0.6924559888846694,0.4572503325352487,0.8555466879489226,0.0266666666666666,0.0539247531493224,0.069038769836003,0.0151140166866806,Engineering Review,No abstention,0,10,0.0,0.0,0.1117532951401703,0.2085583892456821,No Retrieved Failure Evidence,0.1698777364881915,0.2966634507739057,"sensor_317, sensor_349, sensor_574","sensor_131, sensor_104, sensor_060, sensor_126, sensor_036","The record was assigned to Engineering Review with a calibrated failure probability of 5.38%. The strongest model contributions increasing risk were sensor_317, sensor_349, sensor_574. Contributions reducing predicted risk were sensor_131, sensor_104, sensor_060. The internal prediction-confidence score was 30.75%. Because SECOM sensors are anonymous, these features must be treated as statistical indicators rather than confirmed physical root causes.",Intermediate Risk Signal,Moderate Reliability,0.14445331205107736,Outside Typical Historical Experience,No Retrieved Historical Failure Evidence,Review Driven by Reliability Concern,False,Prioritise engineering assessment using the SHAP-ranked sensor evidence and retrieved historical cases.,"The primary operational decision is Engineering Review. The retained Beta-calibrated model estimated a failure probability of 5.38%, corresponding to Intermediate Risk Signal. Prediction reliability is Moderate Reliability, and the record is outside typical historical experience relative to the development data. The ten retrieved development neighbours contained 0 observed failures, with a similarity-weighted historical failure rate of 0.00%; this is classified as No Retrieved Historical Failure Evidence. The principal model-attribution features were sensor_317, sensor_349, sensor_574. Overall evidence status: Review Driven by Reliability Concern. Historical similarity and SHAP attribution are supporting statistical evidence only and do not establish a physical root cause.",True,False,False
WF-001353,0,Pass,2008-10-06 07:35:00,0.0374863500412216,0.4511255989912256,0.5488744010087744,0.8978769176199344,0.1660015961691939,0.0177777777777777,0.0254365870950313,0.0383942225297229,0.0129576354346916,Engineering Review,No abstention,1,9,0.0872608598356377,0.1,0.5702078331168535,0.7347370109116894,Limited Failure Evidence,0.1281076245421383,0.293726672161186,"sensor_034, sensor_056","sensor_104, sensor_060, sensor_201, sensor_564, sensor_511","The record was assigned to Engineering Review with a calibrated failure probability of 3.75%. The strongest model contributions increasing risk were sensor_034, sensor_056. Contributions reducing predicted risk were sensor_104, sensor_060, sensor_201. The internal prediction-confidence score was 45.11%. Because SECOM sensors are anonymous, these features must be treated as statistical indicators rather than confirmed physical root causes.",Intermediate Risk Signal,Moderate Reliability,0.8339984038308061,Very Familiar,Limited Historical Failure Evidence,Mixed or Intermediate Evidence,False,Prioritise engineering assessment using the SHAP-ranked sensor evidence and retrieved historical cases.,"The primary operational decision is Engineering Review. The retained Beta-calibrated model estimated a failure probability of 3.75%, corresponding to Intermediate Risk Signal. Prediction reliability is Moderate Reliability, and the record is very familiar relative to the development data. The ten retrieved development neighbours contained 1 observed failures, with a similarity-weighted historical failure rate of 8.73%; this is classified as Limited Historical Failure Evidence. The principal model-attribution features were sensor_034, sensor_056. Overall evidence status: Mixed or Intermediate Evidence. Historical similarity and SHAP attribution are supporting statistical evidence only and do not establish a physical root cause.",True,False,False
WF-001176,0,Pass,2008-09-29 11:53:00,0.0331359064005779,0.3554022809060009,0.6445977190939991,0.6570190653542609,0.7446129289704708,0.0088888888888888,0.02884343407073,0.0505480908949899,0.0217046568242598,Low Risk,No abstention,1,9,0.0784273613860779,0.1,0.575298273830916,0.8834436624472243,Limited Failure Evidence,0.1430116299757537,0.3211782966424203,"sensor_034, sensor_082","sensor_104, sensor_248, sensor_520, sensor_317, sensor_181","The record was assigned to Low Risk with a calibrated failure probability of 3.31%. The strongest model contributions increasing risk were sensor_034, sensor_082. Contributions reducing predicted risk were sensor_104, sensor_248, sensor_520. The internal prediction-confidence score was 35.54%. Because SECOM sensors are anonymous, these features must be treated as statistical indicators rather than confirmed physical root causes.",Moderate Low-Risk Signal,Moderate Reliability,0.2553870710295292,Unusual,Limited Historical Failure Evidence,Low-Risk Decision with Reliability Caution,True,Do not rely on automatic release alone. Verify the highlighted evidence before continuing.,"The primary operational decision is Low Risk. The retained Beta-calibrated model estimated a failure probability of 3.31%, corresponding to Moderate Low-Risk Signal. Prediction reliability is Moderate Reliability, and the record is unusual relative to the development data. The ten retrieved development neighbours contained 1 observed failures, with a similarity-weighted historical failure rate of 7.84%; this is classified as Limited Historical Failure Evidence. The principal model-attribution features were sensor_034, sensor_082. Overall evidence status: Low-Risk Decision with Reliability Caution. Historical similarity and SHAP attribution are supporting statistical evidence only and do not establish a physical root cause.",True,False,False
WF-001130,0,Pass,2008-09-27 13:19:00,0.0334438967979777,0.3777399800584026,0.6222600199415973,0.7589303892879312,0.5538707102952913,0.0177777777777777,0.0256021557863565,0.0513034584785791,0.0257013026922225,Low Risk,No abstention,1,9,0.1010259650907984,0.1,0.4654057125662167,0.8178249372785773,Limited Failure Evidence,0.1340427579977324,0.3112808532358276,,"sensor_104, sensor_060, sensor_317, sensor_130, sensor_126","The record was assigned to Low Risk with a calibrated failure probability of 3.34%. The strongest model contributions increasing risk were no dominant positive sensor contribution. Contributions reducing predicted risk were sensor_104, sensor_060, sensor_317. The internal prediction-confidence score was 37.77%. Because SECOM sensors are anonymous, these features must be treated as statistical indicators rather than confirmed physical root causes.",Moderate Low-Risk Signal,Moderate Reliability,0.44612928970470866,Familiar,Limited Historical Failure Evidence,Low-Risk Decision with Limited Support,False,Continue processing under standard monitoring.,"The primary operational decision is Low Risk. The retained Beta-calibrated model estimated a failure probability of 3.34%, corresponding to Moderate Low-Risk Signal. Prediction reliability is Moderate Reliability, and the record is familiar relative to the development data. The ten retrieved development neighbours contained 1 observed failures, with a similarity-weighted historical failure rate of 10.10%; this is classified as Limited Historical Failure Evidence. The principal model-attribution features were no dominant positive sensor attribution was available. Overall evidence status: Low-Risk Decision with Limited Support. Historical similarity and SHAP attribution are supporting statistical evidence only and do not establish a physical root cause.",True,False,False
WF-000525,0,Pass,2008-08-29 07:33:00,0.0587311360002732,0.3244888532604352,0.6755111467395648,0.6195131683958499,0.5027932960893855,0.0,0.0593313394402399,0.0838284163901084,0.0244970769498685,Engineering Review,No abstention,1,9,0.1001047480847349,0.1,0.15399847243719,0.359017175906879,Limited Failure Evidence,0.1597836869934941,0.276640829850637,"sensor_317, sensor_542, sensor_103","sensor_104, sensor_060, sensor_564, sensor_578, sensor_574","The record was assigned to Engineering Review with a calibrated failure probability of 5.87%. The strongest model contributions increasing risk were sensor_317, sensor_542, sensor_103. Contributions reducing predicted risk were sensor_104, sensor_060, sensor_564. The internal prediction-confidence score was 32.45%. Because SECOM sensors are anonymous, these features must be treated as statistical indicators rather than confirmed physical root causes.",Intermediate Risk Signal,Moderate Reliability,0.4972067039106145,Familiar,Limited Historical Failure Evidence,Mixed or Intermediate Evidence,False,Prioritise engineering assessment using the SHAP-ranked sensor evidence and retrieved historical cases.,"The primary operational decision is Engineering Review. The retained Beta-calibrated model estimated a failure probability of 5.87%, corresponding to Intermediate Risk Signal. Prediction reliability is Moderate Reliability, and the record is familiar relative to the development data. The ten retrieved development neighbours contained 1 observed failures, with a similarity-weighted historical failure rate of 10.01%; this is classified as Limited Historical Failure Evidence. The principal model-attribution features were sensor_317, sensor_542, sensor_103. Overall evidence status: Mixed or Intermediate Evidence. Historical similarity and SHAP attribution are supporting statistical evidence only and do not establish a physical root cause.",True,False,False
WF-001206,0,Pass,2008-09-30 21:42:00,0.0514523456403994,0.307464841534433,0.692535158465567,0.6003949631994325,0.7462090981644054,0.0088888888888888,0.0436030153264771,0.0729944848583619,0.0293914695318847,Engineering Review,No abstention,0,10,0.0,0.0,0.4073907062398508,0.7076989671528454,No Retrieved Failure Evidence,0.143483287653036,0.2752213828911313,sensor_103,"sensor_214, sensor_104, sensor_352, sensor_130, sensor_511","The record was assigned to Engineering Review with a calibrated failure probability of 5.15%. The strongest model contributions increasing risk were sensor_103. Contributions reducing predicted risk were sensor_214, sensor_104, sensor_352. The internal prediction-confidence score was 30.75%. Because SECOM sensors are anonymous, these features must be treated as statistical indicators rather than confirmed physical root causes.",Intermediate Risk Signal,Moderate Reliability,0.2537909018355946,Unusual,No Retrieved Historical Failure Evidence,Review Driven by Reliability Concern,False,Prioritise engineering assessment using the SHAP-ranked sensor evidence and retrieved historical cases.,"The primary operational decision is Engineering Review. The retained Beta-calibrated model estimated a failure probability of 5.15%, corresponding to Intermediate Risk Signal. Prediction reliability is Moderate Reliability, and the record is unusual relative to the development data. The ten retrieved development neighbours contained 0 observed failures, with a similarity-weighted historical failure rate of 0.00%; this is classified as No Retrieved Historical Failure Evidence. The principal model-attribution features were sensor_103. Overall evidence status: Review Driven by Reliability Concern. Historical similarity and SHAP attribution are supporting statistical evidence only and do not establish a physical root cause.",True,False,False
WF-000177,0,Pass,2008-08-09 23:17:00,0.1383367466928345,0.230143125299454,0.7698568747005459,0.7324380597676687,0.3854748603351955,0.0088888888888888,0.0609734705440896,0.1370627695789264,0.0760892990348368,High Risk,No abstention,1,9,0.0307443387089433,0.1,0.1901114783090281,0.4553902726823474,Limited Failure Evidence,0.2197285429705107,0.2292047334467011,"sensor_104, sensor_511, sensor_065, sensor_066, sensor_015","sensor_060, sensor_201, sensor_342, sensor_478, sensor_206","The record was assigned to High Risk with a calibrated failure probability of 13.83%. The strongest model contributions increasing risk were sensor_104, sensor_511, sensor_065. Contributions reducing predicted risk were sensor_060, sensor_201, sensor_342. The internal prediction-confidence score was 23.01%. Because SECOM sensors are anonymous, these features must be treated as statistical indicators rather than confirmed physical root causes.",Strong Risk Signal,Low Reliability,0.6145251396648045,Familiar,Limited Historical Failure Evidence,High Risk with Reliability Caution,True,Hold for inspection or prioritised engineering assessment before continuing.,"The primary operational decision is High Risk. The retained Beta-calibrated model estimated a failure probability of 13.83%, corresponding to Strong Risk Signal. Prediction reliability is Low Reliability, and the record is familiar relative to the development data. The ten retrieved development neighbours contained 1 observed failures, with a similarity-weighted historical failure rate of 3.07%; this is classified as Limited Historical Failure Evidence. The principal model-attribution features were sensor_104, sensor_511, sensor_065, sensor_066, sensor_015. Overall evidence status: High Risk with Reliability Caution. Historical similarity and SHAP attribution are supporting statistical evidence only and do not establish a physical root cause.",True,False,False
WF-001483,0,Pass,2008-10-13 15:42:00,0.0310327247541021,0.3254772423126427,0.6745227576873574,0.4626056575330319,0.9569034317637668,0.0088888888888888,0.0313587253794465,0.0463012443953977,0.0149425190159511,Low Risk,No abstention,0,10,0.0,0.0,0.4254055922261027,0.5964063232517354,No Retrieved Failure Evidence,0.1266024602330014,0.3112929364234776,"sensor_206, sensor_478","sensor_104, sensor_131, sensor_060, sensor_511, sensor_126","The record was assigned to Low Risk with a calibrated failure probability of 3.10%. The strongest model contributions increasing risk were sensor_206, sensor_478. Contributions reducing predicted risk were sensor_104, sensor_131, sensor_060. The internal prediction-confidence score was 32.55%. Because SECOM sensors are anonymous, these features must be treated as statistical indicators rather than confirmed physical root causes.",Moderate Low-Risk Signal,Moderate Reliability,0.0430965682362332,Outside Typical Historical Experience,No Retrieved Historical Failure Evidence,Low-Risk Decision with Reliability Caution,True,Do not rely on automatic release alone. Verify the highlighted evidence before continuing.,"The primary operational decision is Low Risk. The retained Beta-calibrated model estimated a failure probability of 3.10%, corresponding to Moderate Low-Risk Signal. Prediction reliability is Moderate Reliability, and the record is outside typical historical experience relative to the development data. The ten retrieved development neighbours contained 0 observed failures, with a similarity-weighted historical failure rate of 0.00%; this is classified as No Retrieved Historical Failure Evidence. The principal model-attribution features were sensor_206, sensor_478. Overall evidence status: Low-Risk Decision with Reliability Caution. Historical similarity and SHAP attribution are supporting statistical evidence only and do not establish a physical root cause.",True,False,False
WF-001093,0,Pass,2008-09-25 23:48:00,0.0971869380346342,0.1907753285344991,0.8092246714655008,0.624253613549703,0.8052673583399841,0.0177777777777777,0.0675990483365661,0.1388788256771586,0.0712797773405924,High Risk,No abstention,1,9,0.066044215543888,0.1,0.2855641890956976,0.5982991380958426,Limited Failure Evidence,0.1913965164483071,0.2475393735911643,"sensor_034, sensor_282","sensor_104, sensor_511, sensor_130, sensor_126, sensor_029","The record was assigned to High Risk with a calibrated failure probability of 9.72%. The strongest model contributions increasing risk were sensor_034, sensor_282. Contributions reducing predicted risk were sensor_104, sensor_511, sensor_130. The internal prediction-confidence score was 19.08%. Because SECOM sensors are anonymous, these features must be treated as statistical indicators rather than confirmed physical root causes.",Strong Risk Signal,Low Reliability,0.19473264166001591,Unusual,Limited Historical Failure Evidence,High Risk with Reliability Caution,True,Hold for inspection or prioritised engineering assessment before continuing.,"The primary operational decision is High Risk. The retained Beta-calibrated model estimated a failure probability of 9.72%, corresponding to Strong Risk Signal. Prediction reliability is Low Reliability, and the record is unusual relative to the development data. The ten retrieved development neighbours contained 1 observed failures, with a similarity-weighted historical failure rate of 6.60%; this is classified as Limited Historical Failure Evidence. The principal model-attribution features were sensor_034, sensor_282. Overall evidence status: High Risk with Reliability Caution. Historical similarity and SHAP attribution are supporting statistical evidence only and do not establish a physical root cause.",True,False,False
WF-000564,0,Pass,2008-08-30 04:55:00,0.1215244773666268,0.2444129874081834,0.7555870125918165,0.668171854216547,0.6767757382282522,0.0533333333333333,0.048446394362226,0.1035309277453374,0.0550845333831114,High Risk,No abstention,2,8,0.156576449593868,0.2,0.5876137169357831,0.7482492827949,Limited Failure Evidence,0.2085752233012316,0.2355990328250412,"sensor_478, sensor_342, sensor_206, sensor_574, sensor_578","sensor_104, sensor_060, sensor_248, sensor_520, sensor_059","The record was assigned to High Risk with a calibrated failure probability of 12.15%. The strongest model contributions increasing risk were sensor_478, sensor_342, sensor_206. Contributions reducing predicted risk were sensor_104, sensor_060, sensor_248. The internal prediction-confidence score was 24.44%. Because SECOM sensors are anonymous, these features must be treated as statistical indicators rather than confirmed physical root causes.",Strong Risk Signal,Low Reliability,0.3232242617717478,Unusual,Moderate Historical Failure Evidence,High Risk with Reliability Caution,True,Hold for inspection or prioritised engineering assessment before continuing.,"The primary operational decision is High Risk. The retained Beta-calibrated model estimated a failure probability of 12.15%, corresponding to Strong Risk Signal. Prediction reliability is Low Reliability, and the record is unusual relative to the development data. The ten retrieved development neighbours contained 2 observed failures, with a similarity-weighted historical failure rate of 15.66%; this is classified as Moderate Historical Failure Evidence. The principal model-attribution features were sensor_478, sensor_342, sensor_206, sensor_574, sensor_578. Overall evidence status: High Risk with Reliability Caution. Historical similarity and SHAP attribution are supporting statistical evidence only and do not establish a physical root cause.",True,False,False
WF-000968,0,Pass,2008-09-20 19:21:00,0.0278010924165778,0.4422191986964867,0.5577808013035133,0.878643078833023,0.2585794094173982,0.0177777777777777,0.0255863271789223,0.0402074644411769,0.0146211372622545,Low Risk,No abstention,1,9,0.0773230099448095,0.1,0.3723338170690259,0.5533628456715552,Limited Failure Evidence,0.1435911776764943,0.3389959395812562,"sensor_512, sensor_342","sensor_104, sensor_131, sensor_060, sensor_126, sensor_130","The record was assigned to Low Risk with a calibrated failure probability of 2.78%. The strongest model contributions increasing risk were sensor_512, sensor_342. Contributions reducing predicted risk were sensor_104, sensor_131, sensor_060. The internal prediction-confidence score was 44.22%. Because SECOM sensors are anonymous, these features must be treated as statistical indicators rather than confirmed physical root causes.",Moderate Low-Risk Signal,Moderate Reliability,0.7414205905826018,Familiar,Limited Historical Failure Evidence,Low-Risk Decision with Limited Support,False,Continue processing under standard monitoring.,"The primary operational decision is Low Risk. The retained Beta-calibrated model estimated a failure probability of 2.78%, corresponding to Moderate Low-Risk Signal. Prediction reliability is Moderate Reliability, and the record is familiar relative to the development data. The ten retrieved development neighbours contained 1 observed failures, with a similarity-weighted historical failure rate of 7.73%; this is classified as Limited Historical Failure Evidence. The principal model-attribution features were sensor_512, sensor_342. Overall evidence status: Low-Risk Decision with Limited Support. Historical similarity and SHAP attribution are supporting statistical evidence only and do not establish a physical root cause.",True,False,False
WF-001272,0,Pass,2008-10-03 11:40:00,0.098118345415062,0.2910987962327803,0.7089012037672198,0.7873821051698147,0.2513966480446927,0.0177777777777777,0.058505661799189,0.1092979535862471,0.050792291787058,High Risk,No abstention,1,9,0.0771093387910205,0.1,0.5634811637423262,0.7525825537763197,Limited Failure Evidence,0.1911168304062516,0.246045401834823,"sensor_104, sensor_125, sensor_015, sensor_124, sensor_133","sensor_214, sensor_060, sensor_352, sensor_206, sensor_511","The record was assigned to High Risk with a calibrated failure probability of 9.81%. The strongest model contributions increasing risk were sensor_104, sensor_125, sensor_015. Contributions reducing predicted risk were sensor_214, sensor_060, sensor_352. The internal prediction-confidence score was 29.11%. Because SECOM sensors are anonymous, these features must be treated as statistical indicators rather than confirmed physical root causes.",Strong Risk Signal,Moderate Reliability,0.7486033519553073,Familiar,Limited Historical Failure Evidence,Model-Led Risk Evidence,False,Hold for inspection or prioritised engineering assessment before continuing.,"The primary operational decision is High Risk. The retained Beta-calibrated model estimated a failure probability of 9.81%, corresponding to Strong Risk Signal. Prediction reliability is Moderate Reliability, and the record is familiar relative to the development data. The ten retrieved development neighbours contained 1 observed failures, with a similarity-weighted historical failure rate of 7.71%; this is classified as Limited Historical Failure Evidence. The principal model-attribution features were sensor_104, sensor_125, sensor_015, sensor_124, sensor_133. Overall evidence status: Model-Led Risk Evidence. Historical similarity and SHAP attribution are supporting statistical evidence only and do not establish a physical root cause.",True,False,False
WF-001473,0,Pass,2008-10-12 18:47:00,0.0228641726482831,0.4096382129639181,0.5903617870360819,0.735985457125122,0.6256983240223464,0.0177777777777777,0.0147551061521092,0.0317780462855415,0.0170229401334322,Low Risk,No abstention,2,8,0.2077857115021937,0.2,0.359212340679817,0.6132133553456426,Limited Failure Evidence,0.1107932558190522,0.324555160580957,sensor_056,"sensor_104, sensor_131, sensor_578, sensor_548, sensor_181","The record was assigned to Low Risk with a calibrated failure probability of 2.29%. The strongest model contributions increasing risk were sensor_056. Contributions reducing predicted risk were sensor_104, sensor_131, sensor_578. The internal prediction-confidence score was 40.96%. Because SECOM sensors are anonymous, these features must be treated as statistical indicators rather than confirmed physical root causes.",Moderate Low-Risk Signal,Moderate Reliability,0.3743016759776536,Unusual,Moderate Historical Failure Evidence,Low-Risk Decision with Historical Conflict,True,Do not rely on automatic release alone. Verify the highlighted evidence before continuing.,"The primary operational decision is Low Risk. The retained Beta-calibrated model estimated a failure probability of 2.29%, corresponding to Moderate Low-Risk Signal. Prediction reliability is Moderate Reliability, and the record is unusual relative to the development data. The ten retrieved development neighbours contained 2 observed failures, with a similarity-weighted historical failure rate of 20.78%; this is classified as Moderate Historical Failure Evidence. The principal model-attribution features were sensor_056. Overall evidence status: Low-Risk Decision with Historical Conflict. Historical similarity and SHAP attribution are supporting statistical evidence only and do not establish a physical root cause.",True,False,False
WF-000465,0,Pass,2008-08-28 04:20:00,0.080974732001453,0.3288158320296104,0.6711841679703896,0.6208975791433892,0.6536312849162011,0.0266666666666666,0.0589203160878649,0.0788424471803031,0.0199221310924382,High Risk,No abstention,3,7,0.2777327369279818,0.3,0.5468664825023588,0.7742874881651782,Moderate Failure Evidence,0.1681792252317774,0.2470839871365393,"sensor_104, sensor_511, sensor_103","sensor_060, sensor_564, sensor_127, sensor_189, sensor_308","The record was assigned to High Risk with a calibrated failure probability of 8.10%. The strongest model contributions increasing risk were sensor_104, sensor_511, sensor_103. Contributions reducing predicted risk were sensor_060, sensor_564, sensor_127. The internal prediction-confidence score was 32.88%. Because SECOM sensors are anonymous, these features must be treated as statistical indicators rather than confirmed physical root causes.",Strong Risk Signal,Moderate Reliability,0.34636871508379885,Unusual,Moderate Historical Failure Evidence,Convergent Risk Evidence,False,Hold for inspection or prioritised engineering assessment before continuing.,"The primary operational decision is High Risk. The retained Beta-calibrated model estimated a failure probability of 8.10%, corresponding to Strong Risk Signal. Prediction reliability is Moderate Reliability, and the record is unusual relative to the development data. The ten retrieved development neighbours contained 3 observed failures, with a similarity-weighted historical failure rate of 27.77%; this is classified as Moderate Historical Failure Evidence. The principal model-attribution features were sensor_104, sensor_511, sensor_103. Overall evidence status: Convergent Risk Evidence. Historical similarity and SHAP attribution are supporting statistical evidence only and do not establish a physical root cause.",True,False,False
WF-000622,0,Pass,2008-09-01 00:53:00,0.0223167881014539,0.3571248136412773,0.6428751863587227,0.5439622239957436,0.8324022346368715,0.0266666666666666,0.0173659643984934,0.0335370789913116,0.0161711145928181,Low Risk,No abstention,1,9,0.0894234797749116,0.1,0.5319930248379383,0.7011448413811147,Limited Failure Evidence,0.1198428686312677,0.3358190591074581,"sensor_104, sensor_034","sensor_060, sensor_520, sensor_248, sensor_478, sensor_206","The record was assigned to Low Risk with a calibrated failure probability of 2.23%. The strongest model contributions increasing risk were sensor_104, sensor_034. Contributions reducing predicted risk were sensor_060, sensor_520, sensor_248. The internal prediction-confidence score was 35.71%. Because SECOM sensors are anonymous, these features must be treated as statistical indicators rather than confirmed physical root causes.",Moderate Low-Risk Signal,Moderate Reliability,0.16759776536312854,Unusual,Limited Historical Failure Evidence,Low-Risk Decision with Reliability Caution,True,Do not rely on automatic release alone. Verify the highlighted evidence before continuing.,"The primary operational decision is Low Risk. The retained Beta-calibrated model estimated a failure probability of 2.23%, corresponding to Moderate Low-Risk Signal. Prediction reliability is Moderate Reliability, and the record is unusual relative to the development data. The ten retrieved development neighbours contained 1 observed failures, with a similarity-weighted historical failure rate of 8.94%; this is classified as Limited Historical Failure Evidence. The principal model-attribution features were sensor_104, sensor_034. Overall evidence status: Low-Risk Decision with Reliability Caution. Historical similarity and SHAP attribution are supporting statistical evidence only and do not establish a physical root cause.",True,False,False
WF-001167,0,Pass,2008-09-29 02:06:00,0.0475184686152613,0.4311559612350711,0.5688440387649288,0.9363486742928084,0.0822027134876296,0.0088888888888888,0.0366790682715761,0.0604324721574359,0.0237534038858597,Engineering Review,No abstention,1,9,0.1670082789966941,0.1,0.197330176982946,0.5273048873653268,Limited Failure Evidence,0.1559881733602593,0.2964643638364498,"sensor_424, sensor_034, sensor_064","sensor_104, sensor_520, sensor_248, sensor_060, sensor_130","The record was assigned to Engineering Review with a calibrated failure probability of 4.75%. The strongest model contributions increasing risk were sensor_424, sensor_034, sensor_064. Contributions reducing predicted risk were sensor_104, sensor_520, sensor_248. The internal prediction-confidence score was 43.12%. Because SECOM sensors are anonymous, these features must be treated as statistical indicators rather than confirmed physical root causes.",Intermediate Risk Signal,Moderate Reliability,0.9177972865123704,Very Familiar,Moderate Historical Failure Evidence,Review with Supporting Historical Risk,False,Prioritise engineering assessment using the SHAP-ranked sensor evidence and retrieved historical cases.,"The primary operational decision is Engineering Review. The retained Beta-calibrated model estimated a failure probability of 4.75%, corresponding to Intermediate Risk Signal. Prediction reliability is Moderate Reliability, and the record is very familiar relative to the development data. The ten retrieved development neighbours contained 1 observed failures, with a similarity-weighted historical failure rate of 16.70%; this is classified as Moderate Historical Failure Evidence. The principal model-attribution features were sensor_424, sensor_034, sensor_064. Overall evidence status: Review with Supporting Historical Risk. Historical similarity and SHAP attribution are supporting statistical evidence only and do not establish a physical root cause.",True,False,False
WF-000630,0,Pass,2008-09-01 09:19:00,0.0278699994602215,0.4951076853856093,0.5048923146143907,0.9451194466613462,0.1189146049481245,0.0266666666666666,0.0319574279852136,0.0377796381805778,0.0058222101953642,Low Risk,No abstention,1,9,0.1396225174665057,0.1,0.4320031784990196,0.6641205383625137,Limited Failure Evidence,0.1209613455121897,0.3161280121788564,sensor_589,"sensor_104, sensor_060, sensor_034, sensor_478, sensor_282","The record was assigned to Low Risk with a calibrated failure probability of 2.79%. The strongest model contributions increasing risk were sensor_589. Contributions reducing predicted risk were sensor_104, sensor_060, sensor_034. The internal prediction-confidence score was 49.51%. Because SECOM sensors are anonymous, these features must be treated as statistical indicators rather than confirmed physical root causes.",Moderate Low-Risk Signal,Moderate Reliability,0.8810853950518756,Very Familiar,Limited Historical Failure Evidence,Low-Risk Decision with Limited Support,False,Continue processing under standard monitoring.,"The primary operational decision is Low Risk. The retained Beta-calibrated model estimated a failure probability of 2.79%, corresponding to Moderate Low-Risk Signal. Prediction reliability is Moderate Reliability, and the record is very familiar relative to the development data. The ten retrieved development neighbours contained 1 observed failures, with a similarity-weighted historical failure rate of 13.96%; this is classified as Limited Historical Failure Evidence. The principal model-attribution features were sensor_589. Overall evidence status: Low-Risk Decision with Limited Support. Historical similarity and SHAP attribution are supporting statistical evidence only and do not establish a physical root cause.",True,False,False
WF-001442,0,Pass,2008-10-09 14:15:00,0.0162653857813916,0.4280218008224004,0.5719781991775996,0.691400195087346,0.509976057462091,0.0444444444444444,0.0129514733120356,0.0220978191772935,0.0091463458652579,Low Risk,No abstention,2,8,0.2001671523686059,0.2,0.4588621533981041,0.675431476195543,Limited Failure Evidence,0.1048475338843302,0.3485142005509969,,"sensor_034, sensor_104, sensor_131, sensor_060, sensor_126","The record was assigned to Low Risk with a calibrated failure probability of 1.63%. The strongest model contributions increasing risk were no dominant positive sensor contribution. Contributions reducing predicted risk were sensor_034, sensor_104, sensor_131. The internal prediction-confidence score was 42.80%. Because SECOM sensors are anonymous, these features must be treated as statistical indicators rather than confirmed physical root causes.",Strong Low-Risk Signal,Moderate Reliability,0.49002394253790904,Familiar,Moderate Historical Failure Evidence,Low-Risk Decision with Historical Conflict,True,Do not rely on automatic release alone. Verify the highlighted evidence before continuing.,"The primary operational decision is Low Risk. The retained Beta-calibrated model estimated a failure probability of 1.63%, corresponding to Strong Low-Risk Signal. Prediction reliability is Moderate Reliability, and the record is familiar relative to the development data. The ten retrieved development neighbours contained 2 observed failures, with a similarity-weighted historical failure rate of 20.02%; this is classified as Moderate Historical Failure Evidence. The principal model-attribution features were no dominant positive sensor attribution was available. Overall evidence status: Low-Risk Decision with Historical Conflict. Historical similarity and SHAP attribution are supporting statistical evidence only and do not establish a physical root cause.",True,False,False
WF-000109,0,Pass,2008-08-05 04:32:00,0.1053196950607065,0.2106138718048577,0.7893861281951422,0.4783279240932873,0.951316839584996,0.0088888888888888,0.0792480820859184,0.1303125288791465,0.0510644467932281,High Risk,No abstention,0,10,0.0,0.0,0.1984057310561016,0.567329788152942,No Retrieved Failure Evidence,0.2056888462512633,0.2515221795845966,"sensor_060, sensor_104, sensor_206, sensor_478, sensor_342","sensor_564, sensor_511, sensor_122, sensor_125, sensor_485","The record was assigned to High Risk with a calibrated failure probability of 10.53%. The strongest model contributions increasing risk were sensor_060, sensor_104, sensor_206. Contributions reducing predicted risk were sensor_564, sensor_511, sensor_122. The internal prediction-confidence score was 21.06%. Because SECOM sensors are anonymous, these features must be treated as statistical indicators rather than confirmed physical root causes.",Strong Risk Signal,Low Reliability,0.04868316041500398,Outside Typical Historical Experience,No Retrieved Historical Failure Evidence,High Risk with Reliability Caution,True,Hold for inspection or prioritised engineering assessment before continuing.,"The primary operational decision is High Risk. The retained Beta-calibrated model estimated a failure probability of 10.53%, corresponding to Strong Risk Signal. Prediction reliability is Low Reliability, and the record is outside typical historical experience relative to the development data. The ten retrieved development neighbours contained 0 observed failures, with a similarity-weighted historical failure rate of 0.00%; this is classified as No Retrieved Historical Failure Evidence. The principal model-attribution features were sensor_060, sensor_104, sensor_206, sensor_478, sensor_342. Overall evidence status: High Risk with Reliability Caution. Historical similarity and SHAP attribution are supporting statistical evidence only and do not establish a physical root cause.",True,False,False
WF-000550,0,Pass,2008-08-29 22:49:00,0.0414907756863708,0.4090702180192634,0.5909297819807365,0.9673420235878336,0.0207501995211492,0.0355555555555555,0.0271622727882114,0.0594542787556999,0.0322920059674884,Engineering Review,No abstention,2,8,0.2621183422323556,0.2,0.2877951195606673,0.5904526718797747,Limited Failure Evidence,0.1262964269340534,0.2813202364578629,sensor_034,"sensor_104, sensor_520, sensor_248, sensor_126, sensor_206","The record was assigned to Engineering Review with a calibrated failure probability of 4.15%. The strongest model contributions increasing risk were sensor_034. Contributions reducing predicted risk were sensor_104, sensor_520, sensor_248. The internal prediction-confidence score was 40.91%. Because SECOM sensors are anonymous, these features must be treated as statistical indicators rather than confirmed physical root causes.",Intermediate Risk Signal,Moderate Reliability,0.9792498004788508,Very Familiar,Moderate Historical Failure Evidence,Review with Supporting Historical Risk,False,Prioritise engineering assessment using the SHAP-ranked sensor evidence and retrieved historical cases.,"The primary operational decision is Engineering Review. The retained Beta-calibrated model estimated a failure probability of 4.15%, corresponding to Intermediate Risk Signal. Prediction reliability is Moderate Reliability, and the record is very familiar relative to the development data. The ten retrieved development neighbours contained 2 observed failures, with a similarity-weighted historical failure rate of 26.21%; this is classified as Moderate Historical Failure Evidence. The principal model-attribution features were sensor_034. Overall evidence status: Review with Supporting Historical Risk. Historical similarity and SHAP attribution are supporting statistical evidence only and do not establish a physical root cause.",True,False,False
WF-000027,0,Pass,2008-07-27 11:10:00,0.1359081637688931,0.2564682474872333,0.7435317525127667,0.5927569389021903,0.650438946528332,0.0444444444444444,0.119951936029069,0.1661072772593805,0.0461553412303114,High Risk,No abstention,0,10,0.0,0.0,0.3452562562824545,0.7882457878662728,No Retrieved Failure Evidence,0.2042495170928474,0.2161542789976094,"sensor_104, sensor_065, sensor_034","sensor_060, sensor_206, sensor_342, sensor_478, sensor_574","The record was assigned to High Risk with a calibrated failure probability of 13.59%. The strongest model contributions increasing risk were sensor_104, sensor_065, sensor_034. Contributions reducing predicted risk were sensor_060, sensor_206, sensor_342. The internal prediction-confidence score was 25.65%. Because SECOM sensors are anonymous, these features must be treated as statistical indicators rather than confirmed physical root causes.",Strong Risk Signal,Moderate Reliability,0.349561053471668,Unusual,No Retrieved Historical Failure Evidence,High Risk with Reliability Caution,True,Hold for inspection or prioritised engineering assessment before continuing.,"The primary operational decision is High Risk. The retained Beta-calibrated model estimated a failure probability of 13.59%, corresponding to Strong Risk Signal. Prediction reliability is Moderate Reliability, and the record is unusual relative to the development data. The ten retrieved development neighbours contained 0 observed failures, with a similarity-weighted historical failure rate of 0.00%; this is classified as No Retrieved Historical Failure Evidence. The principal model-attribution features were sensor_104, sensor_065, sensor_034. Overall evidence status: High Risk with Reliability Caution. Historical similarity and SHAP attribution are supporting statistical evidence only and do not establish a physical root cause.",True,False,False
WF-000616,0,Pass,2008-08-31 22:32:00,0.0122494254630322,0.4978736563832621,0.5021263436167378,0.9313524873636606,0.0550678371907422,0.0266666666666666,0.013126078391156,0.0266001065635302,0.0134740281723742,Low Risk,No abstention,0,10,0.0,0.0,0.4700665435269638,0.7529186492095378,No Retrieved Failure Evidence,0.0942761702865229,0.3608952179055705,,"sensor_104, sensor_032, sensor_520, sensor_060, sensor_511","The record was assigned to Low Risk with a calibrated failure probability of 1.22%. The strongest model contributions increasing risk were no dominant positive sensor contribution. Contributions reducing predicted risk were sensor_104, sensor_032, sensor_520. The internal prediction-confidence score was 49.79%. Because SECOM sensors are anonymous, these features must be treated as statistical indicators rather than confirmed physical root causes.",Strong Low-Risk Signal,Moderate Reliability,0.9449321628092578,Very Familiar,No Retrieved Historical Failure Evidence,Convergent Low-Risk Evidence,False,Continue processing under standard monitoring.,"The primary operational decision is Low Risk. The retained Beta-calibrated model estimated a failure probability of 1.22%, corresponding to Strong Low-Risk Signal. Prediction reliability is Moderate Reliability, and the record is very familiar relative to the development data. The ten retrieved development neighbours contained 0 observed failures, with a similarity-weighted historical failure rate of 0.00%; this is classified as No Retrieved Historical Failure Evidence. The principal model-attribution features were no dominant positive sensor attribution was available. Overall evidence status: Convergent Low-Risk Evidence. Historical similarity and SHAP attribution are supporting statistical evidence only and do not establish a physical root cause.",True,False,False
WF-000873,0,Pass,2008-09-17 07:14:00,0.0219285744454393,0.4162618684864302,0.5837381315135698,0.848746652478496,0.2490023942537909,0.0355555555555555,0.0209404953990126,0.0483777850285194,0.0274372896295067,Low Risk,No abstention,0,10,0.0,0.0,0.607900631765515,0.8463983522132931,No Retrieved Failure Evidence,0.1241742239844058,0.3417456525558344,sensor_511,"sensor_034, sensor_104, sensor_131, sensor_214, sensor_520","The record was assigned to Low Risk with a calibrated failure probability of 2.19%. The strongest model contributions increasing risk were sensor_511. Contributions reducing predicted risk were sensor_034, sensor_104, sensor_131. The internal prediction-confidence score was 41.63%. Because SECOM sensors are anonymous, these features must be treated as statistical indicators rather than confirmed physical root causes.",Moderate Low-Risk Signal,Moderate Reliability,0.7509976057462091,Very Familiar,No Retrieved Historical Failure Evidence,Convergent Low-Risk Evidence,False,Continue processing under standard monitoring.,"The primary operational decision is Low Risk. The retained Beta-calibrated model estimated a failure probability of 2.19%, corresponding to Moderate Low-Risk Signal. Prediction reliability is Moderate Reliability, and the record is very familiar relative to the development data. The ten retrieved development neighbours contained 0 observed failures, with a similarity-weighted historical failure rate of 0.00%; this is classified as No Retrieved Historical Failure Evidence. The principal model-attribution features were sensor_511. Overall evidence status: Convergent Low-Risk Evidence. Historical similarity and SHAP attribution are supporting statistical evidence only and do not establish a physical root cause.",True,False,False
WF-001345,0,Pass,2008-10-06 04:26:00,0.063508442882036,0.3189611215877698,0.6810388784122302,0.6181124412521061,0.6528332003192339,0.0088888888888888,0.0401594664639874,0.0669354327076846,0.0267759662436972,Engineering Review,No abstention,1,9,0.1327107490227878,0.1,0.5049092791474183,0.6888262485604927,Limited Failure Evidence,0.149399686131761,0.2572568289889039,"sensor_489, sensor_130, sensor_034, sensor_068","sensor_104, sensor_317, sensor_478, sensor_206, sensor_182","The record was assigned to Engineering Review with a calibrated failure probability of 6.35%. The strongest model contributions increasing risk were sensor_489, sensor_130, sensor_034. Contributions reducing predicted risk were sensor_104, sensor_317, sensor_478. The internal prediction-confidence score was 31.90%. Because SECOM sensors are anonymous, these features must be treated as statistical indicators rather than confirmed physical root causes.",Intermediate Risk Signal,Moderate Reliability,0.34716679968076614,Unusual,Limited Historical Failure Evidence,Review Driven by Reliability Concern,False,Prioritise engineering assessment using the SHAP-ranked sensor evidence and retrieved historical cases.,"The primary operational decision is Engineering Review. The retained Beta-calibrated model estimated a failure probability of 6.35%, corresponding to Intermediate Risk Signal. Prediction reliability is Moderate Reliability, and the record is unusual relative to the development data. The ten retrieved development neighbours contained 1 observed failures, with a similarity-weighted historical failure rate of 13.27%; this is classified as Limited Historical Failure Evidence. The principal model-attribution features were sensor_489, sensor_130, sensor_034, sensor_068. Overall evidence status: Review Driven by Reliability Concern. Historical similarity and SHAP attribution are supporting statistical evidence only and do not establish a physical root cause.",True,False,False
WF-000018,0,Pass,2008-07-22 08:41:00,0.0713107101820972,0.2402717066243325,0.7597282933756675,0.5142693978895096,0.7126895450917797,0.0355555555555555,0.0378016892867256,0.078122073223543,0.0403203839368174,Engineering Review,No abstention,2,8,0.1805627085665412,0.2,0.3763277959491047,0.8188713666683053,Limited Failure Evidence,0.1591250794528119,0.2533631746909072,"sensor_104, sensor_511, sensor_214","sensor_060, sensor_478, sensor_578, sensor_201, sensor_574","The record was assigned to Engineering Review with a calibrated failure probability of 7.13%. The strongest model contributions increasing risk were sensor_104, sensor_511, sensor_214. Contributions reducing predicted risk were sensor_060, sensor_478, sensor_578. The internal prediction-confidence score was 24.03%. Because SECOM sensors are anonymous, these features must be treated as statistical indicators rather than confirmed physical root causes.",Intermediate Risk Signal,Low Reliability,0.28731045490822027,Unusual,Moderate Historical Failure Evidence,Review with Supporting Historical Risk,False,Prioritise engineering assessment using the SHAP-ranked sensor evidence and retrieved historical cases.,"The primary operational decision is Engineering Review. The retained Beta-calibrated model estimated a failure probability of 7.13%, corresponding to Intermediate Risk Signal. Prediction reliability is Low Reliability, and the record is unusual relative to the development data. The ten retrieved development neighbours contained 2 observed failures, with a similarity-weighted historical failure rate of 18.06%; this is classified as Moderate Historical Failure Evidence. The principal model-attribution features were sensor_104, sensor_511, sensor_214. Overall evidence status: Review with Supporting Historical Risk. Historical similarity and SHAP attribution are supporting statistical evidence only and do not establish a physical root cause.",True,False,False
WF-000766,0,Pass,2008-09-08 20:00:00,0.042064415436513,0.4095986056506893,0.5904013943493107,0.729604859448435,0.6312849162011173,0.0088888888888888,0.0360529102474267,0.0464418449724761,0.0103889347250493,Engineering Review,No abstention,2,8,0.2291545935761536,0.2,0.6194842642312128,0.9569275078384304,Limited Failure Evidence,0.1280148140101075,0.2815862425815361,"sensor_489, sensor_282","sensor_104, sensor_032, sensor_317, sensor_060, sensor_181","The record was assigned to Engineering Review with a calibrated failure probability of 4.21%. The strongest model contributions increasing risk were sensor_489, sensor_282. Contributions reducing predicted risk were sensor_104, sensor_032, sensor_317. The internal prediction-confidence score was 40.96%. Because SECOM sensors are anonymous, these features must be treated as statistical indicators rather than confirmed physical root causes.",Intermediate Risk Signal,Moderate Reliability,0.36871508379888274,Unusual,Moderate Historical Failure Evidence,Review with Supporting Historical Risk,False,Prioritise engineering assessment using the SHAP-ranked sensor evidence and retrieved historical cases.,"The primary operational decision is Engineering Review. The retained Beta-calibrated model estimated a failure probability of 4.21%, corresponding to Intermediate Risk Signal. Prediction reliability is Moderate Reliability, and the record is unusual relative to the development data. The ten retrieved development neighbours contained 2 observed failures, with a similarity-weighted historical failure rate of 22.92%; this is classified as Moderate Historical Failure Evidence. The principal model-attribution features were sensor_489, sensor_282. Overall evidence status: Review with Supporting Historical Risk. Historical similarity and SHAP attribution are supporting statistical evidence only and do not establish a physical root cause.",True,False,False
WF-001232,0,Pass,2008-10-02 04:24:00,0.0492570342250401,0.3077556319867723,0.6922443680132278,0.7519870532943158,0.5674381484437351,0.0177777777777777,0.0313432498044855,0.0755906830975028,0.0442474332930172,Engineering Review,No abstention,0,10,0.0,0.0,0.570817909454972,0.7284200915703464,No Retrieved Failure Evidence,0.1540924888554375,0.2906401079030566,"sensor_126, sensor_206","sensor_034, sensor_104, sensor_511, sensor_317, sensor_453","The record was assigned to Engineering Review with a calibrated failure probability of 4.93%. The strongest model contributions increasing risk were sensor_126, sensor_206. Contributions reducing predicted risk were sensor_034, sensor_104, sensor_511. The internal prediction-confidence score was 30.78%. Because SECOM sensors are anonymous, these features must be treated as statistical indicators rather than confirmed physical root causes.",Intermediate Risk Signal,Moderate Reliability,0.4325618515562649,Familiar,No Retrieved Historical Failure Evidence,Mixed or Intermediate Evidence,False,Prioritise engineering assessment using the SHAP-ranked sensor evidence and retrieved historical cases.,"The primary operational decision is Engineering Review. The retained Beta-calibrated model estimated a failure probability of 4.93%, corresponding to Intermediate Risk Signal. Prediction reliability is Moderate Reliability, and the record is familiar relative to the development data. The ten retrieved development neighbours contained 0 observed failures, with a similarity-weighted historical failure rate of 0.00%; this is classified as No Retrieved Historical Failure Evidence. The principal model-attribution features were sensor_126, sensor_206. Overall evidence status: Mixed or Intermediate Evidence. Historical similarity and SHAP attribution are supporting statistical evidence only and do not establish a physical root cause.",True,False,False
WF-000105,0,Pass,2008-08-05 02:45:00,0.0903947877565658,0.3076931145399352,0.6923068854600648,0.6514324731754899,0.7645650438946529,0.0088888888888888,0.0458668566279711,0.0779425978213338,0.0320757411933627,High Risk,No abstention,1,9,0.0933776167553116,0.1,0.0111723735733517,0.0749642316845307,Limited Failure Evidence,0.1917425496654537,0.257028263951168,"sensor_104, sensor_060, sensor_520, sensor_034, sensor_181","sensor_201, sensor_122, sensor_125, sensor_282, sensor_564","The record was assigned to High Risk with a calibrated failure probability of 9.04%. The strongest model contributions increasing risk were sensor_104, sensor_060, sensor_520. Contributions reducing predicted risk were sensor_201, sensor_122, sensor_125. The internal prediction-confidence score was 30.77%. Because SECOM sensors are anonymous, these features must be treated as statistical indicators rather than confirmed physical root causes.",Strong Risk Signal,Moderate Reliability,0.23543495610534715,Unusual,Limited Historical Failure Evidence,High Risk with Reliability Caution,True,Hold for inspection or prioritised engineering assessment before continuing.,"The primary operational decision is High Risk. The retained Beta-calibrated model estimated a failure probability of 9.04%, corresponding to Strong Risk Signal. Prediction reliability is Moderate Reliability, and the record is unusual relative to the development data. The ten retrieved development neighbours contained 1 observed failures, with a similarity-weighted historical failure rate of 9.34%; this is classified as Limited Historical Failure Evidence. The principal model-attribution features were sensor_104, sensor_060, sensor_520, sensor_034, sensor_181. Overall evidence status: High Risk with Reliability Caution. Historical similarity and SHAP attribution are supporting statistical evidence only and do not establish a physical root cause.",True,False,False
WF-000269,0,Pass,2008-08-18 15:26:00,0.0862601096438172,0.3396890071568369,0.6603109928431631,0.6580125920014188,0.5035913806863528,0.0177777777777777,0.0748756852949235,0.0961015116878671,0.0212258263929435,High Risk,No abstention,0,10,0.0,0.0,0.1458438585007891,0.4820101700368845,No Retrieved Failure Evidence,0.190909711536883,0.2620287591559306,"sensor_060, sensor_342, sensor_478, sensor_104, sensor_206","sensor_317, sensor_201, sensor_511, sensor_480","The record was assigned to High Risk with a calibrated failure probability of 8.63%. The strongest model contributions increasing risk were sensor_060, sensor_342, sensor_478. Contributions reducing predicted risk were sensor_317, sensor_201, sensor_511. The internal prediction-confidence score was 33.97%. Because SECOM sensors are anonymous, these features must be treated as statistical indicators rather than confirmed physical root causes.",Strong Risk Signal,Moderate Reliability,0.4964086193136472,Familiar,No Retrieved Historical Failure Evidence,Model-Led Risk Evidence,False,Hold for inspection or prioritised engineering assessment before continuing.,"The primary operational decision is High Risk. The retained Beta-calibrated model estimated a failure probability of 8.63%, corresponding to Strong Risk Signal. Prediction reliability is Moderate Reliability, and the record is familiar relative to the development data. The ten retrieved development neighbours contained 0 observed failures, with a similarity-weighted historical failure rate of 0.00%; this is classified as No Retrieved Historical Failure Evidence. The principal model-attribution features were sensor_060, sensor_342, sensor_478, sensor_104, sensor_206. Overall evidence status: Model-Led Risk Evidence. Historical similarity and SHAP attribution are supporting statistical evidence only and do not establish a physical root cause.",True,False,False
WF-001059,0,Pass,2008-09-24 11:47:00,0.0292397966553082,0.4496399023280234,0.5503600976719766,0.8467636782832314,0.309656823623304,0.0088888888888888,0.0180588441030471,0.0286699577322001,0.010611113629153,Low Risk,No abstention,1,9,0.129940256986305,0.1,0.4846708145543685,0.9346232638768062,Limited Failure Evidence,0.1174503051278876,0.3079741146516971,sensor_103,"sensor_104, sensor_214, sensor_352, sensor_511, sensor_060","The record was assigned to Low Risk with a calibrated failure probability of 2.92%. The strongest model contributions increasing risk were sensor_103. Contributions reducing predicted risk were sensor_104, sensor_214, sensor_352. The internal prediction-confidence score was 44.96%. Because SECOM sensors are anonymous, these features must be treated as statistical indicators rather than confirmed physical root causes.",Moderate Low-Risk Signal,Moderate Reliability,0.6903431763766961,Familiar,Limited Historical Failure Evidence,Low-Risk Decision with Limited Support,False,Continue processing under standard monitoring.,"The primary operational decision is Low Risk. The retained Beta-calibrated model estimated a failure probability of 2.92%, corresponding to Moderate Low-Risk Signal. Prediction reliability is Moderate Reliability, and the record is familiar relative to the development data. The ten retrieved development neighbours contained 1 observed failures, with a similarity-weighted historical failure rate of 12.99%; this is classified as Limited Historical Failure Evidence. The principal model-attribution features were sensor_103. Overall evidence status: Low-Risk Decision with Limited Support. Historical similarity and SHAP attribution are supporting statistical evidence only and do not establish a physical root cause.",True,False,False
WF-000049,1,Fail,2008-07-29 15:49:00,0.0599791033825022,0.1845980495371205,0.8154019504628794,0.4492817238627294,0.9082202713487628,0.0,0.051039750766614,0.1058883314982662,0.0548485807316522,Engineering Review,No abstention,1,9,0.0508899346338853,0.1,0.0940758487422026,0.237055147431645,Limited Failure Evidence,0.1799890171889646,0.2944413981413456,"sensor_060, sensor_478, sensor_342, sensor_511, sensor_206","sensor_214, sensor_352, sensor_104, sensor_126","The record was assigned to Engineering Review with a calibrated failure probability of 6.00%. The strongest model contributions increasing risk were sensor_060, sensor_478, sensor_342. Contributions reducing predicted risk were sensor_214, sensor_352, sensor_104. The internal prediction-confidence score was 18.46%. Because SECOM sensors are anonymous, these features must be treated as statistical indicators rather than confirmed physical root causes.",Intermediate Risk Signal,Low Reliability,0.09177972865123718,Outside Typical Historical Experience,Limited Historical Failure Evidence,Review Driven by Reliability Concern,False,Prioritise engineering assessment using the SHAP-ranked sensor evidence and retrieved historical cases.,"The primary operational decision is Engineering Review. The retained Beta-calibrated model estimated a failure probability of 6.00%, corresponding to Intermediate Risk Signal. Prediction reliability is Low Reliability, and the record is outside typical historical experience relative to the development data. The ten retrieved development neighbours contained 1 observed failures, with a similarity-weighted historical failure rate of 5.09%; this is classified as Limited Historical Failure Evidence. The principal model-attribution features were sensor_060, sensor_478, sensor_342, sensor_511, sensor_206. Overall evidence status: Review Driven by Reliability Concern. Historical similarity and SHAP attribution are supporting statistical evidence only and do not establish a physical root cause.",True,False,False
WF-001386,0,Pass,2008-10-07 03:39:00,0.0478623073461422,0.2965262788358642,0.7034737211641358,0.5248562560964796,0.6935355147645651,0.0088888888888888,0.0358286070163491,0.0626350659512871,0.026806458934938,Engineering Review,No abstention,0,10,0.0,0.0,0.5270182222229144,0.8167451452451538,No Retrieved Failure Evidence,0.1342316744683876,0.2739221506588639,"sensor_034, sensor_512","sensor_104, sensor_131, sensor_015, sensor_342, sensor_478","The record was assigned to Engineering Review with a calibrated failure probability of 4.79%. The strongest model contributions increasing risk were sensor_034, sensor_512. Contributions reducing predicted risk were sensor_104, sensor_131, sensor_015. The internal prediction-confidence score was 29.65%. Because SECOM sensors are anonymous, these features must be treated as statistical indicators rather than confirmed physical root causes.",Intermediate Risk Signal,Moderate Reliability,0.3064644852354349,Unusual,No Retrieved Historical Failure Evidence,Review Driven by Reliability Concern,False,Prioritise engineering assessment using the SHAP-ranked sensor evidence and retrieved historical cases.,"The primary operational decision is Engineering Review. The retained Beta-calibrated model estimated a failure probability of 4.79%, corresponding to Intermediate Risk Signal. Prediction reliability is Moderate Reliability, and the record is unusual relative to the development data. The ten retrieved development neighbours contained 0 observed failures, with a similarity-weighted historical failure rate of 0.00%; this is classified as No Retrieved Historical Failure Evidence. The principal model-attribution features were sensor_034, sensor_512. Overall evidence status: Review Driven by Reliability Concern. Historical similarity and SHAP attribution are supporting statistical evidence only and do not establish a physical root cause.",True,False,False
WF-001315,0,Pass,2008-10-05 09:04:00,0.0316207451834414,0.3287210953139859,0.671278904686014,0.5126854659927286,0.7813248204309656,0.0088888888888888,0.0363464337001736,0.0539654617072702,0.0176190280070966,Low Risk,No abstention,0,10,0.0,0.0,0.0940167253663585,0.3264932915254382,No Retrieved Failure Evidence,0.1196381025046804,0.3024714358380138,sensor_034,"sensor_104, sensor_060, sensor_478, sensor_206, sensor_511","The record was assigned to Low Risk with a calibrated failure probability of 3.16%. The strongest model contributions increasing risk were sensor_034. Contributions reducing predicted risk were sensor_104, sensor_060, sensor_478. The internal prediction-confidence score was 32.87%. Because SECOM sensors are anonymous, these features must be treated as statistical indicators rather than confirmed physical root causes.",Moderate Low-Risk Signal,Moderate Reliability,0.21867517956903437,Unusual,No Retrieved Historical Failure Evidence,Low-Risk Decision with Reliability Caution,True,Do not rely on automatic release alone. Verify the highlighted evidence before continuing.,"The primary operational decision is Low Risk. The retained Beta-calibrated model estimated a failure probability of 3.16%, corresponding to Moderate Low-Risk Signal. Prediction reliability is Moderate Reliability, and the record is unusual relative to the development data. The ten retrieved development neighbours contained 0 observed failures, with a similarity-weighted historical failure rate of 0.00%; this is classified as No Retrieved Historical Failure Evidence. The principal model-attribution features were sensor_034. Overall evidence status: Low-Risk Decision with Reliability Caution. Historical similarity and SHAP attribution are supporting statistical evidence only and do not establish a physical root cause.",True,False,False
WF-001032,0,Pass,2008-09-23 11:43:00,0.0351566409644104,0.4225728136607217,0.5774271863392784,0.8270868138689368,0.4509177972865124,0.0177777777777777,0.0256382651284062,0.0418852675594212,0.016247002431015,Engineering Review,No abstention,0,10,0.0,0.0,0.515381918687524,0.7919813320487049,No Retrieved Failure Evidence,0.1340602858064375,0.3062507619969137,,"sensor_214, sensor_104, sensor_511, sensor_060, sensor_126","The record was assigned to Engineering Review with a calibrated failure probability of 3.52%. The strongest model contributions increasing risk were no dominant positive sensor contribution. Contributions reducing predicted risk were sensor_214, sensor_104, sensor_511. The internal prediction-confidence score was 42.26%. Because SECOM sensors are anonymous, these features must be treated as statistical indicators rather than confirmed physical root causes.",Intermediate Risk Signal,Moderate Reliability,0.5490822027134876,Familiar,No Retrieved Historical Failure Evidence,Mixed or Intermediate Evidence,False,Prioritise engineering assessment using the SHAP-ranked sensor evidence and retrieved historical cases.,"The primary operational decision is Engineering Review. The retained Beta-calibrated model estimated a failure probability of 3.52%, corresponding to Intermediate Risk Signal. Prediction reliability is Moderate Reliability, and the record is familiar relative to the development data. The ten retrieved development neighbours contained 0 observed failures, with a similarity-weighted historical failure rate of 0.00%; this is classified as No Retrieved Historical Failure Evidence. The principal model-attribution features were no dominant positive sensor attribution was available. Overall evidence status: Mixed or Intermediate Evidence. Historical similarity and SHAP attribution are supporting statistical evidence only and do not establish a physical root cause.",True,False,False
WF-000191,0,Pass,2008-08-11 03:06:00,0.2366487052575615,0.2141170073585696,0.7858829926414304,0.6078212290502792,0.5778132482043097,0.0,0.168295468788884,0.2423091905284844,0.0740137217396004,High Risk,No abstention,1,9,0.1221804827970481,0.1,0.5822736538209691,0.7516727089221678,Limited Failure Evidence,0.2618468517592818,0.1926087565211866,"sensor_104, sensor_060, sensor_065, sensor_342, sensor_066","sensor_034, sensor_308, sensor_310, sensor_432","The record was assigned to High Risk with a calibrated failure probability of 23.66%. The strongest model contributions increasing risk were sensor_104, sensor_060, sensor_065. Contributions reducing predicted risk were sensor_034, sensor_308, sensor_310. The internal prediction-confidence score was 21.41%. Because SECOM sensors are anonymous, these features must be treated as statistical indicators rather than confirmed physical root causes.",Very Strong Risk Signal,Low Reliability,0.4221867517956903,Familiar,Limited Historical Failure Evidence,High Risk with Reliability Caution,True,Hold for inspection or prioritised engineering assessment before continuing.,"The primary operational decision is High Risk. The retained Beta-calibrated model estimated a failure probability of 23.66%, corresponding to Very Strong Risk Signal. Prediction reliability is Low Reliability, and the record is familiar relative to the development data. The ten retrieved development neighbours contained 1 observed failures, with a similarity-weighted historical failure rate of 12.22%; this is classified as Limited Historical Failure Evidence. The principal model-attribution features were sensor_104, sensor_060, sensor_065, sensor_342, sensor_066. Overall evidence status: High Risk with Reliability Caution. Historical similarity and SHAP attribution are supporting statistical evidence only and do not establish a physical root cause.",True,False,False
WF-001457,0,Pass,2008-10-11 06:56:00,0.0675257997962518,0.2209721904904062,0.7790278095095937,0.4182321539416512,0.9417398244213888,0.0088888888888888,0.0515177928484694,0.0928371520045952,0.0413193591561258,Engineering Review,No abstention,1,9,0.0,0.1,9.9688717485494e-11,9.418209158807672e-10,Limited Failure Evidence,0.1653226441239918,0.266013120314468,"sensor_478, sensor_342, sensor_206, sensor_034","sensor_104, sensor_126, sensor_317, sensor_060, sensor_125","The record was assigned to Engineering Review with a calibrated failure probability of 6.75%. The strongest model contributions increasing risk were sensor_478, sensor_342, sensor_206. Contributions reducing predicted risk were sensor_104, sensor_126, sensor_317. The internal prediction-confidence score was 22.10%. Because SECOM sensors are anonymous, these features must be treated as statistical indicators rather than confirmed physical root causes.",Intermediate Risk Signal,Low Reliability,0.058260175578611184,Outside Typical Historical Experience,Limited Historical Failure Evidence,Review Driven by Reliability Concern,False,Prioritise engineering assessment using the SHAP-ranked sensor evidence and retrieved historical cases.,"The primary operational decision is Engineering Review. The retained Beta-calibrated model estimated a failure probability of 6.75%, corresponding to Intermediate Risk Signal. Prediction reliability is Low Reliability, and the record is outside typical historical experience relative to the development data. The ten retrieved development neighbours contained 1 observed failures, with a similarity-weighted historical failure rate of 0.00%; this is classified as Limited Historical Failure Evidence. The principal model-attribution features were sensor_478, sensor_342, sensor_206, sensor_034. Overall evidence status: Review Driven by Reliability Concern. Historical similarity and SHAP attribution are supporting statistical evidence only and do not establish a physical root cause.",True,False,False
WF-000990,0,Pass,2008-09-21 15:15:00,0.0247430443724499,0.4632096323246942,0.5367903676753059,0.9600078034938372,0.077414205905826,0.0177777777777777,0.0254438676929615,0.0445141731539189,0.0190703054609574,Low Risk,No abstention,2,8,0.113154607480914,0.2,0.4014275574705601,0.8369594268678444,Limited Failure Evidence,0.1318085881179512,0.3382609690703322,,"sensor_034, sensor_131, sensor_104, sensor_214, sensor_126","The record was assigned to Low Risk with a calibrated failure probability of 2.47%. The strongest model contributions increasing risk were no dominant positive sensor contribution. Contributions reducing predicted risk were sensor_034, sensor_131, sensor_104. The internal prediction-confidence score was 46.32%. Because SECOM sensors are anonymous, these features must be treated as statistical indicators rather than confirmed physical root causes.",Moderate Low-Risk Signal,Moderate Reliability,0.922585794094174,Very Familiar,Limited Historical Failure Evidence,Low-Risk Decision with Limited Support,False,Continue processing under standard monitoring.,"The primary operational decision is Low Risk. The retained Beta-calibrated model estimated a failure probability of 2.47%, corresponding to Moderate Low-Risk Signal. Prediction reliability is Moderate Reliability, and the record is very familiar relative to the development data. The ten retrieved development neighbours contained 2 observed failures, with a similarity-weighted historical failure rate of 11.32%; this is classified as Limited Historical Failure Evidence. The principal model-attribution features were no dominant positive sensor attribution was available. Overall evidence status: Low-Risk Decision with Limited Support. Historical similarity and SHAP attribution are supporting statistical evidence only and do not establish a physical root cause.",True,False,False
WF-000937,0,Pass,2008-09-20 04:28:00,0.0128631040847779,0.4215053426564173,0.5784946573435826,0.6143573645473087,0.6927374301675978,0.0177777777777777,0.0186911144655768,0.0254415070007004,0.0067503925351236,Low Risk,No abstention,0,10,0.0,0.0,0.7506104902544612,0.8426436554981457,No Retrieved Failure Evidence,0.096119256930117,0.3589049712158313,,"sensor_131, sensor_104, sensor_060, sensor_034, sensor_126","The record was assigned to Low Risk with a calibrated failure probability of 1.29%. The strongest model contributions increasing risk were no dominant positive sensor contribution. Contributions reducing predicted risk were sensor_131, sensor_104, sensor_060. The internal prediction-confidence score was 42.15%. Because SECOM sensors are anonymous, these features must be treated as statistical indicators rather than confirmed physical root causes.",Strong Low-Risk Signal,Moderate Reliability,0.3072625698324022,Unusual,No Retrieved Historical Failure Evidence,Low-Risk Decision with Reliability Caution,True,Do not rely on automatic release alone. Verify the highlighted evidence before continuing.,"The primary operational decision is Low Risk. The retained Beta-calibrated model estimated a failure probability of 1.29%, corresponding to Strong Low-Risk Signal. Prediction reliability is Moderate Reliability, and the record is unusual relative to the development data. The ten retrieved development neighbours contained 0 observed failures, with a similarity-weighted historical failure rate of 0.00%; this is classified as No Retrieved Historical Failure Evidence. The principal model-attribution features were no dominant positive sensor attribution was available. Overall evidence status: Low-Risk Decision with Reliability Caution. Historical similarity and SHAP attribution are supporting statistical evidence only and do not establish a physical root cause.",True,False,False
WF-001492,0,Pass,2008-10-13 21:47:00,0.0086214682717125,0.4423302907381796,0.5576697092618204,0.581715704531347,0.9473264166001596,0.0177777777777777,0.0090202708997486,0.0134505425370544,0.0044302716373058,Low Risk,No abstention,1,9,0.0972911565724172,0.1,0.588548553890095,0.9096813940432582,Limited Failure Evidence,0.0684458014806936,0.3611362776711698,sensor_434,"sensor_131, sensor_104, sensor_181, sensor_201, sensor_317","The record was assigned to Low Risk with a calibrated failure probability of 0.86%. The strongest model contributions increasing risk were sensor_434. Contributions reducing predicted risk were sensor_131, sensor_104, sensor_181. The internal prediction-confidence score was 44.23%. Because SECOM sensors are anonymous, these features must be treated as statistical indicators rather than confirmed physical root causes.",Strong Low-Risk Signal,Moderate Reliability,0.05267358339984041,Outside Typical Historical Experience,Limited Historical Failure Evidence,Low-Risk Decision with Reliability Caution,True,Do not rely on automatic release alone. Verify the highlighted evidence before continuing.,"The primary operational decision is Low Risk. The retained Beta-calibrated model estimated a failure probability of 0.86%, corresponding to Strong Low-Risk Signal. Prediction reliability is Moderate Reliability, and the record is outside typical historical experience relative to the development data. The ten retrieved development neighbours contained 1 observed failures, with a similarity-weighted historical failure rate of 9.73%; this is classified as Limited Historical Failure Evidence. The principal model-attribution features were sensor_434. Overall evidence status: Low-Risk Decision with Reliability Caution. Historical similarity and SHAP attribution are supporting statistical evidence only and do not establish a physical root cause.",True,False,False
WF-000709,0,Pass,2008-09-03 00:58:00,0.0283070992209167,0.4622526594167971,0.537747340583203,0.8728390529396117,0.2984836392657621,0.0133333333333333,0.0304105906450467,0.0404968148730565,0.0100862242280098,Low Risk,No abstention,0,10,0.0,0.0,0.6930576139733844,0.8809772754769887,No Retrieved Failure Evidence,0.130908205373615,0.3245748720402818,"sensor_478, sensor_206, sensor_342","sensor_104, sensor_520, sensor_248, sensor_032, sensor_432","The record was assigned to Low Risk with a calibrated failure probability of 2.83%. The strongest model contributions increasing risk were sensor_478, sensor_206, sensor_342. Contributions reducing predicted risk were sensor_104, sensor_520, sensor_248. The internal prediction-confidence score was 46.23%. Because SECOM sensors are anonymous, these features must be treated as statistical indicators rather than confirmed physical root causes.",Moderate Low-Risk Signal,Moderate Reliability,0.7015163607342378,Familiar,No Retrieved Historical Failure Evidence,Convergent Low-Risk Evidence,False,Continue processing under standard monitoring.,"The primary operational decision is Low Risk. The retained Beta-calibrated model estimated a failure probability of 2.83%, corresponding to Moderate Low-Risk Signal. Prediction reliability is Moderate Reliability, and the record is familiar relative to the development data. The ten retrieved development neighbours contained 0 observed failures, with a similarity-weighted historical failure rate of 0.00%; this is classified as No Retrieved Historical Failure Evidence. The principal model-attribution features were sensor_478, sensor_206, sensor_342. Overall evidence status: Convergent Low-Risk Evidence. Historical similarity and SHAP attribution are supporting statistical evidence only and do not establish a physical root cause.",True,False,False
WF-001544,0,Pass,2008-10-15 23:00:00,0.0291397823757858,0.3787135250707951,0.6212864749292049,0.6787260796311076,0.7486033519553073,0.0977777777777777,0.0224029411087459,0.0393261993398877,0.0169232582311418,Low Risk,No abstention,0,10,0.0,0.0,0.224021078800774,0.705575061269595,No Retrieved Failure Evidence,0.1195415408601007,0.3103986837172436,"sensor_153, sensor_288","sensor_104, sensor_032, sensor_511, sensor_478, sensor_201","The record was assigned to Low Risk with a calibrated failure probability of 2.91%. The strongest model contributions increasing risk were sensor_153, sensor_288. Contributions reducing predicted risk were sensor_104, sensor_032, sensor_511. The internal prediction-confidence score was 37.87%. Because SECOM sensors are anonymous, these features must be treated as statistical indicators rather than confirmed physical root causes.",Moderate Low-Risk Signal,Moderate Reliability,0.25139664804469275,Unusual,No Retrieved Historical Failure Evidence,Low-Risk Decision with Reliability Caution,True,Do not rely on automatic release alone. Verify the highlighted evidence before continuing.,"The primary operational decision is Low Risk. The retained Beta-calibrated model estimated a failure probability of 2.91%, corresponding to Moderate Low-Risk Signal. Prediction reliability is Moderate Reliability, and the record is unusual relative to the development data. The ten retrieved development neighbours contained 0 observed failures, with a similarity-weighted historical failure rate of 0.00%; this is classified as No Retrieved Historical Failure Evidence. The principal model-attribution features were sensor_153, sensor_288. Overall evidence status: Low-Risk Decision with Reliability Caution. Historical similarity and SHAP attribution are supporting statistical evidence only and do not establish a physical root cause.",True,False,False
WF-000052,0,Pass,2008-07-29 21:07:00,0.1263664825255144,0.1483198884860631,0.8516801115139369,0.4531923383878691,0.988826815642458,0.0,0.1197999935308673,0.1908399881641299,0.0710399946332625,Insufficient Evidence,Extreme out-of-distribution evidence,0,10,0.0,0.0,0.5856507577871184,0.7848609983829907,No Retrieved Failure Evidence,0.2072111313455288,0.2289968456312431,"sensor_060, sensor_104, sensor_511, sensor_317","sensor_201, sensor_015, sensor_478, sensor_342, sensor_447","The record was assigned to Insufficient Evidence with a calibrated failure probability of 12.64%. The strongest model contributions increasing risk were sensor_060, sensor_104, sensor_511. Contributions reducing predicted risk were sensor_201, sensor_015, sensor_478. The internal prediction-confidence score was 14.83%. Because SECOM sensors are anonymous, these features must be treated as statistical indicators rather than confirmed physical root causes.",Strong Risk Signal,Low Reliability,0.011173184357541999,Outside Typical Historical Experience,No Retrieved Historical Failure Evidence,Insufficient Evidence,True,Repeat or verify available measurements and obtain engineering review before making a release decision.,"The primary operational decision is Insufficient Evidence. The retained Beta-calibrated model estimated a failure probability of 12.64%, corresponding to Strong Risk Signal. Prediction reliability is Low Reliability, and the record is outside typical historical experience relative to the development data. The ten retrieved development neighbours contained 0 observed failures, with a similarity-weighted historical failure rate of 0.00%; this is classified as No Retrieved Historical Failure Evidence. The principal model-attribution features were sensor_060, sensor_104, sensor_511, sensor_317. Overall evidence status: Insufficient Evidence. Historical similarity and SHAP attribution are supporting statistical evidence only and do not establish a physical root cause.",True,False,False
WF-001355,0,Pass,2008-10-06 08:24:00,0.0186270885350573,0.3206041934136843,0.6793958065863157,0.4796447636782833,0.8483639265762171,0.0088888888888888,0.0156348123511293,0.0376769455791526,0.0220421332280232,Low Risk,No abstention,1,9,0.1010364012052636,0.1,0.5190060728734576,0.7291737479079703,Limited Failure Evidence,0.1050881741962387,0.3371596027676672,,"sensor_104, sensor_060, sensor_317, sensor_201, sensor_453","The record was assigned to Low Risk with a calibrated failure probability of 1.86%. The strongest model contributions increasing risk were no dominant positive sensor contribution. Contributions reducing predicted risk were sensor_104, sensor_060, sensor_317. The internal prediction-confidence score was 32.06%. Because SECOM sensors are anonymous, these features must be treated as statistical indicators rather than confirmed physical root causes.",Moderate Low-Risk Signal,Moderate Reliability,0.15163607342378294,Unusual,Limited Historical Failure Evidence,Low-Risk Decision with Reliability Caution,True,Do not rely on automatic release alone. Verify the highlighted evidence before continuing.,"The primary operational decision is Low Risk. The retained Beta-calibrated model estimated a failure probability of 1.86%, corresponding to Moderate Low-Risk Signal. Prediction reliability is Moderate Reliability, and the record is unusual relative to the development data. The ten retrieved development neighbours contained 1 observed failures, with a similarity-weighted historical failure rate of 10.10%; this is classified as Limited Historical Failure Evidence. The principal model-attribution features were no dominant positive sensor attribution was available. Overall evidence status: Low-Risk Decision with Reliability Caution. Historical similarity and SHAP attribution are supporting statistical evidence only and do not establish a physical root cause.",True,False,False
WF-000908,0,Pass,2008-09-19 09:47:00,0.0092964306760435,0.5398253196835927,0.4601746803164073,0.968112441252106,0.0758180367118914,0.0088888888888888,0.0101586155268895,0.0158907979704129,0.0057321824435234,Low Risk,No abstention,0,10,0.0,0.0,0.7516756438535719,0.8479275418212717,No Retrieved Failure Evidence,0.085276782970709,0.3725863067802328,sensor_512,"sensor_034, sensor_104, sensor_131, sensor_060, sensor_181","The record was assigned to Low Risk with a calibrated failure probability of 0.93%. The strongest model contributions increasing risk were sensor_512. Contributions reducing predicted risk were sensor_034, sensor_104, sensor_131. The internal prediction-confidence score was 53.98%. Because SECOM sensors are anonymous, these features must be treated as statistical indicators rather than confirmed physical root causes.",Strong Low-Risk Signal,High Reliability,0.9241819632881086,Very Familiar,No Retrieved Historical Failure Evidence,Convergent Low-Risk Evidence,False,Continue processing under standard monitoring.,"The primary operational decision is Low Risk. The retained Beta-calibrated model estimated a failure probability of 0.93%, corresponding to Strong Low-Risk Signal. Prediction reliability is High Reliability, and the record is very familiar relative to the development data. The ten retrieved development neighbours contained 0 observed failures, with a similarity-weighted historical failure rate of 0.00%; this is classified as No Retrieved Historical Failure Evidence. The principal model-attribution features were sensor_512. Overall evidence status: Convergent Low-Risk Evidence. Historical similarity and SHAP attribution are supporting statistical evidence only and do not establish a physical root cause.",True,False,False
WF-000715,0,Pass,2008-09-03 14:24:00,0.0161458792290348,0.4963410097912662,0.5036589902087338,0.9192696639177088,0.0933758978451715,0.0088888888888888,0.0217011285984223,0.0309667092135852,0.0092655806151628,Low Risk,No abstention,0,10,0.0,0.0,0.615656736507024,0.8188053007409021,No Retrieved Failure Evidence,0.1028706958709138,0.3471564101566281,,"sensor_214, sensor_104, sensor_060, sensor_352, sensor_511","The record was assigned to Low Risk with a calibrated failure probability of 1.61%. The strongest model contributions increasing risk were no dominant positive sensor contribution. Contributions reducing predicted risk were sensor_214, sensor_104, sensor_060. The internal prediction-confidence score was 49.63%. Because SECOM sensors are anonymous, these features must be treated as statistical indicators rather than confirmed physical root causes.",Strong Low-Risk Signal,Moderate Reliability,0.9066241021548285,Very Familiar,No Retrieved Historical Failure Evidence,Convergent Low-Risk Evidence,False,Continue processing under standard monitoring.,"The primary operational decision is Low Risk. The retained Beta-calibrated model estimated a failure probability of 1.61%, corresponding to Strong Low-Risk Signal. Prediction reliability is Moderate Reliability, and the record is very familiar relative to the development data. The ten retrieved development neighbours contained 0 observed failures, with a similarity-weighted historical failure rate of 0.00%; this is classified as No Retrieved Historical Failure Evidence. The principal model-attribution features were no dominant positive sensor attribution was available. Overall evidence status: Convergent Low-Risk Evidence. Historical similarity and SHAP attribution are supporting statistical evidence only and do not establish a physical root cause.",True,False,False
WF-000629,0,Pass,2008-09-01 09:06:00,0.0265960168206336,0.4011926030508802,0.5988073969491198,0.7403790015074931,0.4477254588986432,0.0088888888888888,0.0289038504243812,0.0470955398998613,0.01819168947548,Low Risk,No abstention,1,9,0.0936745194589476,0.1,0.4439500479452592,0.7327599065847977,Limited Failure Evidence,0.1251583526314016,0.3248012097742588,,"sensor_032, sensor_104, sensor_060, sensor_282, sensor_564","The record was assigned to Low Risk with a calibrated failure probability of 2.66%. The strongest model contributions increasing risk were no dominant positive sensor contribution. Contributions reducing predicted risk were sensor_032, sensor_104, sensor_060. The internal prediction-confidence score was 40.12%. Because SECOM sensors are anonymous, these features must be treated as statistical indicators rather than confirmed physical root causes.",Moderate Low-Risk Signal,Moderate Reliability,0.5522745411013568,Familiar,Limited Historical Failure Evidence,Low-Risk Decision with Limited Support,False,Continue processing under standard monitoring.,"The primary operational decision is Low Risk. The retained Beta-calibrated model estimated a failure probability of 2.66%, corresponding to Moderate Low-Risk Signal. Prediction reliability is Moderate Reliability, and the record is familiar relative to the development data. The ten retrieved development neighbours contained 1 observed failures, with a similarity-weighted historical failure rate of 9.37%; this is classified as Limited Historical Failure Evidence. The principal model-attribution features were no dominant positive sensor attribution was available. Overall evidence status: Low-Risk Decision with Limited Support. Historical similarity and SHAP attribution are supporting statistical evidence only and do not establish a physical root cause.",True,False,False
WF-001467,0,Pass,2008-10-12 00:57:00,0.0158861525010141,0.376714908862755,0.623285091137245,0.5030286423694245,0.8260175578611333,0.0088888888888888,0.0169073231955395,0.0254045837320138,0.0084972605364742,Low Risk,No abstention,0,10,0.0,0.0,0.4349059421581659,0.642964303433129,No Retrieved Failure Evidence,0.094207556965855,0.3398504141087122,,"sensor_034, sensor_104, sensor_131, sensor_060, sensor_317","The record was assigned to Low Risk with a calibrated failure probability of 1.59%. The strongest model contributions increasing risk were no dominant positive sensor contribution. Contributions reducing predicted risk were sensor_034, sensor_104, sensor_131. The internal prediction-confidence score was 37.67%. Because SECOM sensors are anonymous, these features must be treated as statistical indicators rather than confirmed physical root causes.",Strong Low-Risk Signal,Moderate Reliability,0.1739824421388667,Unusual,No Retrieved Historical Failure Evidence,Low-Risk Decision with Reliability Caution,True,Do not rely on automatic release alone. Verify the highlighted evidence before continuing.,"The primary operational decision is Low Risk. The retained Beta-calibrated model estimated a failure probability of 1.59%, corresponding to Strong Low-Risk Signal. Prediction reliability is Moderate Reliability, and the record is unusual relative to the development data. The ten retrieved development neighbours contained 0 observed failures, with a similarity-weighted historical failure rate of 0.00%; this is classified as No Retrieved Historical Failure Evidence. The principal model-attribution features were no dominant positive sensor attribution was available. Overall evidence status: Low-Risk Decision with Reliability Caution. Historical similarity and SHAP attribution are supporting statistical evidence only and do not establish a physical root cause.",True,False,False
WF-000501,0,Pass,2008-08-28 23:42:00,0.0522753435504643,0.4050037501500408,0.5949962498499592,0.7532875764831073,0.0510774142059058,0.0533333333333333,0.043186052506785,0.0557881005153261,0.012602048008541,Engineering Review,No abstention,0,10,0.0,0.0,0.7016157497748325,0.8592289479514895,No Retrieved Failure Evidence,0.1355575697549094,0.2655337602310999,"sensor_424, sensor_386, sensor_034, sensor_512","sensor_104, sensor_060, sensor_317, sensor_432, sensor_578","The record was assigned to Engineering Review with a calibrated failure probability of 5.23%. The strongest model contributions increasing risk were sensor_424, sensor_386, sensor_034. Contributions reducing predicted risk were sensor_104, sensor_060, sensor_317. The internal prediction-confidence score was 40.50%. Because SECOM sensors are anonymous, these features must be treated as statistical indicators rather than confirmed physical root causes.",Intermediate Risk Signal,Moderate Reliability,0.9489225857940942,Very Familiar,No Retrieved Historical Failure Evidence,Mixed or Intermediate Evidence,False,Prioritise engineering assessment using the SHAP-ranked sensor evidence and retrieved historical cases.,"The primary operational decision is Engineering Review. The retained Beta-calibrated model estimated a failure probability of 5.23%, corresponding to Intermediate Risk Signal. Prediction reliability is Moderate Reliability, and the record is very familiar relative to the development data. The ten retrieved development neighbours contained 0 observed failures, with a similarity-weighted historical failure rate of 0.00%; this is classified as No Retrieved Historical Failure Evidence. The principal model-attribution features were sensor_424, sensor_386, sensor_034, sensor_512. Overall evidence status: Mixed or Intermediate Evidence. Historical similarity and SHAP attribution are supporting statistical evidence only and do not establish a physical root cause.",True,False,False
WF-000461,0,Pass,2008-08-28 03:29:00,0.0916390001200131,0.2729614092316619,0.7270385907683381,0.5635152966214418,0.6967278531524341,0.0266666666666666,0.0691226382671652,0.1033902024752964,0.0342675642081311,High Risk,No abstention,0,10,0.0,0.0,0.4644231761934522,0.6286515122613017,No Retrieved Failure Evidence,0.1837545040035709,0.2473259325749995,"sensor_104, sensor_520, sensor_386, sensor_034","sensor_131, sensor_060, sensor_127, sensor_342, sensor_578","The record was assigned to High Risk with a calibrated failure probability of 9.16%. The strongest model contributions increasing risk were sensor_104, sensor_520, sensor_386. Contributions reducing predicted risk were sensor_131, sensor_060, sensor_127. The internal prediction-confidence score was 27.30%. Because SECOM sensors are anonymous, these features must be treated as statistical indicators rather than confirmed physical root causes.",Strong Risk Signal,Moderate Reliability,0.30327214684756587,Unusual,No Retrieved Historical Failure Evidence,High Risk with Reliability Caution,True,Hold for inspection or prioritised engineering assessment before continuing.,"The primary operational decision is High Risk. The retained Beta-calibrated model estimated a failure probability of 9.16%, corresponding to Strong Risk Signal. Prediction reliability is Moderate Reliability, and the record is unusual relative to the development data. The ten retrieved development neighbours contained 0 observed failures, with a similarity-weighted historical failure rate of 0.00%; this is classified as No Retrieved Historical Failure Evidence. The principal model-attribution features were sensor_104, sensor_520, sensor_386, sensor_034. Overall evidence status: High Risk with Reliability Caution. Historical similarity and SHAP attribution are supporting statistical evidence only and do not establish a physical root cause.",True,False,False
WF-000289,0,Pass,2008-08-19 05:41:00,0.0818613127245224,0.2884532241536857,0.7115467758463143,0.6746209098164406,0.3647246608140463,0.0,0.0902819070776703,0.1302515061471741,0.0399695990695038,High Risk,No abstention,0,10,0.0,0.0,0.2827115011829523,0.5723864787202978,No Retrieved Failure Evidence,0.1831069108578381,0.2606783394292667,"sensor_060, sensor_342, sensor_206","sensor_104, sensor_126, sensor_147, sensor_281, sensor_228","The record was assigned to High Risk with a calibrated failure probability of 8.19%. The strongest model contributions increasing risk were sensor_060, sensor_342, sensor_206. Contributions reducing predicted risk were sensor_104, sensor_126, sensor_147. The internal prediction-confidence score was 28.85%. Because SECOM sensors are anonymous, these features must be treated as statistical indicators rather than confirmed physical root causes.",Strong Risk Signal,Moderate Reliability,0.6352753391859537,Familiar,No Retrieved Historical Failure Evidence,Model-Led Risk Evidence,False,Hold for inspection or prioritised engineering assessment before continuing.,"The primary operational decision is High Risk. The retained Beta-calibrated model estimated a failure probability of 8.19%, corresponding to Strong Risk Signal. Prediction reliability is Moderate Reliability, and the record is familiar relative to the development data. The ten retrieved development neighbours contained 0 observed failures, with a similarity-weighted historical failure rate of 0.00%; this is classified as No Retrieved Historical Failure Evidence. The principal model-attribution features were sensor_060, sensor_342, sensor_206. Overall evidence status: Model-Led Risk Evidence. Historical similarity and SHAP attribution are supporting statistical evidence only and do not establish a physical root cause.",True,False,False
WF-000321,0,Pass,2008-08-20 02:13:00,0.1258310775114571,0.3077908122238149,0.6922091877761851,0.5995089119446662,0.4086193136472466,0.0266666666666666,0.1320267818175159,0.1588261945588586,0.0267994127413427,High Risk,No abstention,3,7,0.3,0.3,3.0313217636004713e-61,3.0313217632004445e-60,Moderate Failure Evidence,0.2072203046715056,0.2295774475286485,"sensor_060, sensor_206, sensor_342, sensor_478, sensor_104","sensor_034, sensor_578, sensor_032, sensor_485, sensor_461","The record was assigned to High Risk with a calibrated failure probability of 12.58%. The strongest model contributions increasing risk were sensor_060, sensor_206, sensor_342. Contributions reducing predicted risk were sensor_034, sensor_578, sensor_032. The internal prediction-confidence score was 30.78%. Because SECOM sensors are anonymous, these features must be treated as statistical indicators rather than confirmed physical root causes.",Strong Risk Signal,Moderate Reliability,0.5913806863527534,Familiar,Strong Historical Failure Evidence,Convergent Risk Evidence,False,Hold for inspection or prioritised engineering assessment before continuing.,"The primary operational decision is High Risk. The retained Beta-calibrated model estimated a failure probability of 12.58%, corresponding to Strong Risk Signal. Prediction reliability is Moderate Reliability, and the record is familiar relative to the development data. The ten retrieved development neighbours contained 3 observed failures, with a similarity-weighted historical failure rate of 30.00%; this is classified as Strong Historical Failure Evidence. The principal model-attribution features were sensor_060, sensor_206, sensor_342, sensor_478, sensor_104. Overall evidence status: Convergent Risk Evidence. Historical similarity and SHAP attribution are supporting statistical evidence only and do not establish a physical root cause.",True,False,False
WF-001219,0,Pass,2008-10-01 15:16:00,0.065472972330567,0.4047061564805808,0.5952938435194193,0.9392576039726878,0.037509976057462,0.0177777777777777,0.0580266075133806,0.0885138906801338,0.0304872831667532,Engineering Review,No abstention,0,10,0.0,0.0,0.6092403160492532,0.7635294874332872,No Retrieved Failure Evidence,0.1772712891021469,0.2815808129116707,"sensor_104, sensor_034, sensor_133","sensor_520, sensor_248, sensor_029, sensor_060, sensor_386","The record was assigned to Engineering Review with a calibrated failure probability of 6.55%. The strongest model contributions increasing risk were sensor_104, sensor_034, sensor_133. Contributions reducing predicted risk were sensor_520, sensor_248, sensor_029. The internal prediction-confidence score was 40.47%. Because SECOM sensors are anonymous, these features must be treated as statistical indicators rather than confirmed physical root causes.",Intermediate Risk Signal,Moderate Reliability,0.962490023942538,Very Familiar,No Retrieved Historical Failure Evidence,Mixed or Intermediate Evidence,False,Prioritise engineering assessment using the SHAP-ranked sensor evidence and retrieved historical cases.,"The primary operational decision is Engineering Review. The retained Beta-calibrated model estimated a failure probability of 6.55%, corresponding to Intermediate Risk Signal. Prediction reliability is Moderate Reliability, and the record is very familiar relative to the development data. The ten retrieved development neighbours contained 0 observed failures, with a similarity-weighted historical failure rate of 0.00%; this is classified as No Retrieved Historical Failure Evidence. The principal model-attribution features were sensor_104, sensor_034, sensor_133. Overall evidence status: Mixed or Intermediate Evidence. Historical similarity and SHAP attribution are supporting statistical evidence only and do not establish a physical root cause.",True,False,False
WF-001283,0,Pass,2008-10-03 22:08:00,0.0640837006656665,0.3738157120908545,0.6261842879091455,0.7958458809967189,0.1763766959297685,0.0088888888888888,0.0438830779710531,0.0684168428824771,0.024533764911424,Engineering Review,No abstention,0,10,0.0,0.0,0.5838490733539047,0.9324541790880044,No Retrieved Failure Evidence,0.1752916744121375,0.2821011982216613,"sensor_125, sensor_104, sensor_015, sensor_133","sensor_034, sensor_214, sensor_029, sensor_352, sensor_126","The record was assigned to Engineering Review with a calibrated failure probability of 6.41%. The strongest model contributions increasing risk were sensor_125, sensor_104, sensor_015. Contributions reducing predicted risk were sensor_034, sensor_214, sensor_029. The internal prediction-confidence score was 37.38%. Because SECOM sensors are anonymous, these features must be treated as statistical indicators rather than confirmed physical root causes.",Intermediate Risk Signal,Moderate Reliability,0.8236233040702314,Very Familiar,No Retrieved Historical Failure Evidence,Mixed or Intermediate Evidence,False,Prioritise engineering assessment using the SHAP-ranked sensor evidence and retrieved historical cases.,"The primary operational decision is Engineering Review. The retained Beta-calibrated model estimated a failure probability of 6.41%, corresponding to Intermediate Risk Signal. Prediction reliability is Moderate Reliability, and the record is very familiar relative to the development data. The ten retrieved development neighbours contained 0 observed failures, with a similarity-weighted historical failure rate of 0.00%; this is classified as No Retrieved Historical Failure Evidence. The principal model-attribution features were sensor_125, sensor_104, sensor_015, sensor_133. Overall evidence status: Mixed or Intermediate Evidence. Historical similarity and SHAP attribution are supporting statistical evidence only and do not establish a physical root cause.",True,False,False
WF-000588,0,Pass,2008-08-30 15:16:00,0.0546552507674919,0.393641968542234,0.6063580314577659,0.8056224173095682,0.3599361532322426,0.0088888888888888,0.0543298314204057,0.074026561413892,0.0196967299934863,Engineering Review,No abstention,1,9,0.1060549130621794,0.1,0.4670402449714055,0.762828721714947,Limited Failure Evidence,0.1481569761555332,0.2731569761555332,"sensor_103, sensor_489","sensor_032, sensor_034, sensor_104, sensor_060, sensor_206","The record was assigned to Engineering Review with a calibrated failure probability of 5.47%. The strongest model contributions increasing risk were sensor_103, sensor_489. Contributions reducing predicted risk were sensor_032, sensor_034, sensor_104. The internal prediction-confidence score was 39.36%. Because SECOM sensors are anonymous, these features must be treated as statistical indicators rather than confirmed physical root causes.",Intermediate Risk Signal,Moderate Reliability,0.6400638467677574,Familiar,Limited Historical Failure Evidence,Mixed or Intermediate Evidence,False,Prioritise engineering assessment using the SHAP-ranked sensor evidence and retrieved historical cases.,"The primary operational decision is Engineering Review. The retained Beta-calibrated model estimated a failure probability of 5.47%, corresponding to Intermediate Risk Signal. Prediction reliability is Moderate Reliability, and the record is familiar relative to the development data. The ten retrieved development neighbours contained 1 observed failures, with a similarity-weighted historical failure rate of 10.61%; this is classified as Limited Historical Failure Evidence. The principal model-attribution features were sensor_103, sensor_489. Overall evidence status: Mixed or Intermediate Evidence. Historical similarity and SHAP attribution are supporting statistical evidence only and do not establish a physical root cause.",True,False,False
WF-000176,0,Pass,2008-08-09 22:37:00,0.0977705350883857,0.2649847707133506,0.7350152292866494,0.5720507227099406,0.7214684756584198,0.0355555555555555,0.0655027349247974,0.1068415733051985,0.041338838380401,High Risk,No abstention,2,8,0.5047031933235951,0.2,0.1071697939348991,0.4694459658186043,Limited Failure Evidence,0.2011587729849076,0.25653972536586,"sensor_104, sensor_060, sensor_511, sensor_015, sensor_424","sensor_032, sensor_456, sensor_564","The record was assigned to High Risk with a calibrated failure probability of 9.78%. The strongest model contributions increasing risk were sensor_104, sensor_060, sensor_511. Contributions reducing predicted risk were sensor_032, sensor_456, sensor_564. The internal prediction-confidence score was 26.50%. Because SECOM sensors are anonymous, these features must be treated as statistical indicators rather than confirmed physical root causes.",Strong Risk Signal,Moderate Reliability,0.27853152434158024,Unusual,Moderate Historical Failure Evidence,Convergent Risk Evidence,False,Hold for inspection or prioritised engineering assessment before continuing.,"The primary operational decision is High Risk. The retained Beta-calibrated model estimated a failure probability of 9.78%, corresponding to Strong Risk Signal. Prediction reliability is Moderate Reliability, and the record is unusual relative to the development data. The ten retrieved development neighbours contained 2 observed failures, with a similarity-weighted historical failure rate of 50.47%; this is classified as Moderate Historical Failure Evidence. The principal model-attribution features were sensor_104, sensor_060, sensor_511, sensor_015, sensor_424. Overall evidence status: Convergent Risk Evidence. Historical similarity and SHAP attribution are supporting statistical evidence only and do not establish a physical root cause.",True,False,False
WF-001354,0,Pass,2008-10-06 07:38:00,0.0327598249483776,0.2905209992530018,0.7094790007469982,0.5152393367030239,0.8515562649640862,0.0088888888888888,0.0316828865387675,0.0621835019691066,0.030500615430339,Low Risk,No abstention,0,10,0.0,0.0,0.6345395985554971,0.7306412599386984,No Retrieved Failure Evidence,0.1106348207755781,0.2899443445851019,"sensor_130, sensor_034, sensor_064","sensor_104, sensor_060, sensor_511, sensor_184, sensor_432","The record was assigned to Low Risk with a calibrated failure probability of 3.28%. The strongest model contributions increasing risk were sensor_130, sensor_034, sensor_064. Contributions reducing predicted risk were sensor_104, sensor_060, sensor_511. The internal prediction-confidence score was 29.05%. Because SECOM sensors are anonymous, these features must be treated as statistical indicators rather than confirmed physical root causes.",Moderate Low-Risk Signal,Moderate Reliability,0.1484437350359138,Outside Typical Historical Experience,No Retrieved Historical Failure Evidence,Low-Risk Decision with Reliability Caution,True,Do not rely on automatic release alone. Verify the highlighted evidence before continuing.,"The primary operational decision is Low Risk. The retained Beta-calibrated model estimated a failure probability of 3.28%, corresponding to Moderate Low-Risk Signal. Prediction reliability is Moderate Reliability, and the record is outside typical historical experience relative to the development data. The ten retrieved development neighbours contained 0 observed failures, with a similarity-weighted historical failure rate of 0.00%; this is classified as No Retrieved Historical Failure Evidence. The principal model-attribution features were sensor_130, sensor_034, sensor_064. Overall evidence status: Low-Risk Decision with Reliability Caution. Historical similarity and SHAP attribution are supporting statistical evidence only and do not establish a physical root cause.",True,False,False
WF-000298,0,Pass,2008-08-19 08:33:00,0.1151980509692443,0.2434314078657533,0.7565685921342467,0.5895686796133723,0.6121308858739026,0.0355555555555555,0.0805677099118865,0.1269382245453957,0.0463705146335091,High Risk,No abstention,0,10,0.0,0.0,0.5873578319605838,0.801852502483975,No Retrieved Failure Evidence,0.2080557266408061,0.2421747742598538,"sensor_065, sensor_104, sensor_066, sensor_064","sensor_181, sensor_478, sensor_317, sensor_032, sensor_060","The record was assigned to High Risk with a calibrated failure probability of 11.52%. The strongest model contributions increasing risk were sensor_065, sensor_104, sensor_066. Contributions reducing predicted risk were sensor_181, sensor_478, sensor_317. The internal prediction-confidence score was 24.34%. Because SECOM sensors are anonymous, these features must be treated as statistical indicators rather than confirmed physical root causes.",Strong Risk Signal,Low Reliability,0.38786911412609737,Unusual,No Retrieved Historical Failure Evidence,High Risk with Reliability Caution,True,Hold for inspection or prioritised engineering assessment before continuing.,"The primary operational decision is High Risk. The retained Beta-calibrated model estimated a failure probability of 11.52%, corresponding to Strong Risk Signal. Prediction reliability is Low Reliability, and the record is unusual relative to the development data. The ten retrieved development neighbours contained 0 observed failures, with a similarity-weighted historical failure rate of 0.00%; this is classified as No Retrieved Historical Failure Evidence. The principal model-attribution features were sensor_065, sensor_104, sensor_066, sensor_064. Overall evidence status: High Risk with Reliability Caution. Historical similarity and SHAP attribution are supporting statistical evidence only and do not establish a physical root cause.",True,False,False
WF-000234,0,Pass,2008-08-17 14:21:00,0.1691337865727382,0.2002679604884241,0.7997320395115759,0.6120869025450032,0.6312849162011173,0.0088888888888888,0.1382248262269718,0.2053210270865892,0.0670962008596174,High Risk,No abstention,1,9,0.1687349656435694,0.1,0.269484886602999,0.4611557687472848,Limited Failure Evidence,0.2466481542954896,0.2278624400097753,"sensor_104, sensor_065, sensor_478, sensor_206, sensor_342","sensor_032, sensor_034, sensor_060, sensor_181, sensor_317","The record was assigned to High Risk with a calibrated failure probability of 16.91%. The strongest model contributions increasing risk were sensor_104, sensor_065, sensor_478. Contributions reducing predicted risk were sensor_032, sensor_034, sensor_060. The internal prediction-confidence score was 20.03%. Because SECOM sensors are anonymous, these features must be treated as statistical indicators rather than confirmed physical root causes.",Very Strong Risk Signal,Low Reliability,0.36871508379888274,Unusual,Moderate Historical Failure Evidence,High Risk with Reliability Caution,True,Hold for inspection or prioritised engineering assessment before continuing.,"The primary operational decision is High Risk. The retained Beta-calibrated model estimated a failure probability of 16.91%, corresponding to Very Strong Risk Signal. Prediction reliability is Low Reliability, and the record is unusual relative to the development data. The ten retrieved development neighbours contained 1 observed failures, with a similarity-weighted historical failure rate of 16.87%; this is classified as Moderate Historical Failure Evidence. The principal model-attribution features were sensor_104, sensor_065, sensor_478, sensor_206, sensor_342. Overall evidence status: High Risk with Reliability Caution. Historical similarity and SHAP attribution are supporting statistical evidence only and do not establish a physical root cause.",True,False,False
WF-001138,0,Pass,2008-09-27 18:14:00,0.0795190587134035,0.3769974869130637,0.6230025130869363,0.7193453932783542,0.4748603351955307,0.0177777777777777,0.0694357087965005,0.0846846727567043,0.0152489639602038,Engineering Review,No abstention,0,10,0.0,0.0,0.5835915755618881,0.7586079724322745,No Retrieved Failure Evidence,0.1885503760079538,0.2696694236270015,"sensor_424, sensor_489","sensor_214, sensor_104, sensor_352, sensor_130, sensor_206","The record was assigned to Engineering Review with a calibrated failure probability of 7.95%. The strongest model contributions increasing risk were sensor_424, sensor_489. Contributions reducing predicted risk were sensor_214, sensor_104, sensor_352. The internal prediction-confidence score was 37.70%. Because SECOM sensors are anonymous, these features must be treated as statistical indicators rather than confirmed physical root causes.",Intermediate Risk Signal,Moderate Reliability,0.5251396648044693,Familiar,No Retrieved Historical Failure Evidence,Mixed or Intermediate Evidence,False,Prioritise engineering assessment using the SHAP-ranked sensor evidence and retrieved historical cases.,"The primary operational decision is Engineering Review. The retained Beta-calibrated model estimated a failure probability of 7.95%, corresponding to Intermediate Risk Signal. Prediction reliability is Moderate Reliability, and the record is familiar relative to the development data. The ten retrieved development neighbours contained 0 observed failures, with a similarity-weighted historical failure rate of 0.00%; this is classified as No Retrieved Historical Failure Evidence. The principal model-attribution features were sensor_424, sensor_489. Overall evidence status: Mixed or Intermediate Evidence. Historical similarity and SHAP attribution are supporting statistical evidence only and do not establish a physical root cause.",True,False,False
WF-000571,0,Pass,2008-08-30 08:10:00,0.0365610341534805,0.3405056071017188,0.6594943928982812,0.6338143123171056,0.8467677573822825,0.0533333333333333,0.0318468167177506,0.0581095988560214,0.0262627821382707,Engineering Review,No abstention,0,10,0.0,0.0,0.0307416585538176,0.1019798440351151,No Retrieved Failure Evidence,0.1381028319704118,0.306293308160888,"sensor_424, sensor_406","sensor_104, sensor_248, sensor_032, sensor_520, sensor_060","The record was assigned to Engineering Review with a calibrated failure probability of 3.66%. The strongest model contributions increasing risk were sensor_424, sensor_406. Contributions reducing predicted risk were sensor_104, sensor_248, sensor_032. The internal prediction-confidence score was 34.05%. Because SECOM sensors are anonymous, these features must be treated as statistical indicators rather than confirmed physical root causes.",Intermediate Risk Signal,Moderate Reliability,0.1532322426177175,Unusual,No Retrieved Historical Failure Evidence,Review Driven by Reliability Concern,False,Prioritise engineering assessment using the SHAP-ranked sensor evidence and retrieved historical cases.,"The primary operational decision is Engineering Review. The retained Beta-calibrated model estimated a failure probability of 3.66%, corresponding to Intermediate Risk Signal. Prediction reliability is Moderate Reliability, and the record is unusual relative to the development data. The ten retrieved development neighbours contained 0 observed failures, with a similarity-weighted historical failure rate of 0.00%; this is classified as No Retrieved Historical Failure Evidence. The principal model-attribution features were sensor_424, sensor_406. Overall evidence status: Review Driven by Reliability Concern. Historical similarity and SHAP attribution are supporting statistical evidence only and do not establish a physical root cause.",True,False,False
WF-001096,0,Pass,2008-09-26 02:26:00,0.0499985555243499,0.3611703519075483,0.6388296480924517,0.817434069344684,0.4213886671987231,0.0088888888888888,0.0305686112257748,0.0634540045239029,0.0328853932981281,Engineering Review,No abstention,2,8,0.1910562457512789,0.2,0.38404147399481,0.6608930054720202,Limited Failure Evidence,0.1500403474927163,0.2849451093974782,"sensor_282, sensor_386","sensor_104, sensor_060, sensor_130, sensor_126, sensor_564","The record was assigned to Engineering Review with a calibrated failure probability of 5.00%. The strongest model contributions increasing risk were sensor_282, sensor_386. Contributions reducing predicted risk were sensor_104, sensor_060, sensor_130. The internal prediction-confidence score was 36.12%. Because SECOM sensors are anonymous, these features must be treated as statistical indicators rather than confirmed physical root causes.",Intermediate Risk Signal,Moderate Reliability,0.578611332801277,Familiar,Moderate Historical Failure Evidence,Review with Supporting Historical Risk,False,Prioritise engineering assessment using the SHAP-ranked sensor evidence and retrieved historical cases.,"The primary operational decision is Engineering Review. The retained Beta-calibrated model estimated a failure probability of 5.00%, corresponding to Intermediate Risk Signal. Prediction reliability is Moderate Reliability, and the record is familiar relative to the development data. The ten retrieved development neighbours contained 2 observed failures, with a similarity-weighted historical failure rate of 19.11%; this is classified as Moderate Historical Failure Evidence. The principal model-attribution features were sensor_282, sensor_386. Overall evidence status: Review with Supporting Historical Risk. Historical similarity and SHAP attribution are supporting statistical evidence only and do not establish a physical root cause.",True,False,False
WF-000812,0,Pass,2008-09-12 18:01:00,0.0113072610572929,0.5164028914291944,0.4835971085708056,0.9029365966125742,0.2258579409417398,0.0355555555555555,0.010024428426286,0.0164239204050508,0.0063994919787648,Low Risk,No abstention,0,10,0.0,0.0,0.4006475542048365,0.8086227497454678,No Retrieved Failure Evidence,0.0863820622096399,0.3591677764953542,,"sensor_034, sensor_104, sensor_214, sensor_520, sensor_248","The record was assigned to Low Risk with a calibrated failure probability of 1.13%. The strongest model contributions increasing risk were no dominant positive sensor contribution. Contributions reducing predicted risk were sensor_034, sensor_104, sensor_214. The internal prediction-confidence score was 51.64%. Because SECOM sensors are anonymous, these features must be treated as statistical indicators rather than confirmed physical root causes.",Strong Low-Risk Signal,High Reliability,0.7741420590582602,Very Familiar,No Retrieved Historical Failure Evidence,Convergent Low-Risk Evidence,False,Continue processing under standard monitoring.,"The primary operational decision is Low Risk. The retained Beta-calibrated model estimated a failure probability of 1.13%, corresponding to Strong Low-Risk Signal. Prediction reliability is High Reliability, and the record is very familiar relative to the development data. The ten retrieved development neighbours contained 0 observed failures, with a similarity-weighted historical failure rate of 0.00%; this is classified as No Retrieved Historical Failure Evidence. The principal model-attribution features were no dominant positive sensor attribution was available. Overall evidence status: Convergent Low-Risk Evidence. Historical similarity and SHAP attribution are supporting statistical evidence only and do not establish a physical root cause.",True,False,False
WF-001098,0,Pass,2008-09-26 03:29:00,0.0300055477309219,0.3484749493115283,0.6515250506884717,0.6151554491442759,0.5969672785315243,0.0177777777777777,0.0340723583583457,0.0547259625122493,0.0206536041539036,Low Risk,No abstention,0,10,0.0,0.0,0.5586651560687559,0.9127198798276942,No Retrieved Failure Evidence,0.1351459532372957,0.3231459532372957,sensor_432,"sensor_214, sensor_104, sensor_352, sensor_130, sensor_020","The record was assigned to Low Risk with a calibrated failure probability of 3.00%. The strongest model contributions increasing risk were sensor_432. Contributions reducing predicted risk were sensor_214, sensor_104, sensor_352. The internal prediction-confidence score was 34.85%. Because SECOM sensors are anonymous, these features must be treated as statistical indicators rather than confirmed physical root causes.",Moderate Low-Risk Signal,Moderate Reliability,0.4030327214684757,Familiar,No Retrieved Historical Failure Evidence,Convergent Low-Risk Evidence,False,Continue processing under standard monitoring.,"The primary operational decision is Low Risk. The retained Beta-calibrated model estimated a failure probability of 3.00%, corresponding to Moderate Low-Risk Signal. Prediction reliability is Moderate Reliability, and the record is familiar relative to the development data. The ten retrieved development neighbours contained 0 observed failures, with a similarity-weighted historical failure rate of 0.00%; this is classified as No Retrieved Historical Failure Evidence. The principal model-attribution features were sensor_432. Overall evidence status: Convergent Low-Risk Evidence. Historical similarity and SHAP attribution are supporting statistical evidence only and do not establish a physical root cause.",True,False,False
WF-000534,0,Pass,2008-08-29 13:14:00,0.038943601096623,0.3686208205536819,0.6313791794463182,0.6757137536578877,0.5634477254588987,0.0533333333333333,0.0427285673766345,0.063490253563047,0.0207616861864124,Engineering Review,No abstention,0,10,0.0,0.0,0.2810565959685461,0.6863511291657379,No Retrieved Failure Evidence,0.1618273368676343,0.3234940035343009,"sensor_478, sensor_206, sensor_342","sensor_032, sensor_104, sensor_248, sensor_060, sensor_520","The record was assigned to Engineering Review with a calibrated failure probability of 3.89%. The strongest model contributions increasing risk were sensor_478, sensor_206, sensor_342. Contributions reducing predicted risk were sensor_032, sensor_104, sensor_248. The internal prediction-confidence score was 36.86%. Because SECOM sensors are anonymous, these features must be treated as statistical indicators rather than confirmed physical root causes.",Intermediate Risk Signal,Moderate Reliability,0.43655227454110135,Familiar,No Retrieved Historical Failure Evidence,Mixed or Intermediate Evidence,False,Prioritise engineering assessment using the SHAP-ranked sensor evidence and retrieved historical cases.,"The primary operational decision is Engineering Review. The retained Beta-calibrated model estimated a failure probability of 3.89%, corresponding to Intermediate Risk Signal. Prediction reliability is Moderate Reliability, and the record is familiar relative to the development data. The ten retrieved development neighbours contained 0 observed failures, with a similarity-weighted historical failure rate of 0.00%; this is classified as No Retrieved Historical Failure Evidence. The principal model-attribution features were sensor_478, sensor_206, sensor_342. Overall evidence status: Mixed or Intermediate Evidence. Historical similarity and SHAP attribution are supporting statistical evidence only and do not establish a physical root cause.",True,False,False
WF-000436,0,Pass,2008-08-23 05:58:00,0.0825632478349338,0.2955147580266538,0.7044852419733462,0.8664999556619668,0.0039904229848363,0.0444444444444444,0.0638346888338508,0.1196953613897394,0.0558606725558885,High Risk,No abstention,0,10,0.0,0.0,0.4962506721882835,0.8456404699107266,No Retrieved Failure Evidence,0.17186865782992,0.2483924673537296,"sensor_060, sensor_426, sensor_064, sensor_034, sensor_153","sensor_520, sensor_104, sensor_248, sensor_578, sensor_281","The record was assigned to High Risk with a calibrated failure probability of 8.26%. The strongest model contributions increasing risk were sensor_060, sensor_426, sensor_064. Contributions reducing predicted risk were sensor_520, sensor_104, sensor_248. The internal prediction-confidence score was 29.55%. Because SECOM sensors are anonymous, these features must be treated as statistical indicators rather than confirmed physical root causes.",Strong Risk Signal,Moderate Reliability,0.9960095770151637,Very Familiar,No Retrieved Historical Failure Evidence,Model-Led Risk Evidence,False,Hold for inspection or prioritised engineering assessment before continuing.,"The primary operational decision is High Risk. The retained Beta-calibrated model estimated a failure probability of 8.26%, corresponding to Strong Risk Signal. Prediction reliability is Moderate Reliability, and the record is very familiar relative to the development data. The ten retrieved development neighbours contained 0 observed failures, with a similarity-weighted historical failure rate of 0.00%; this is classified as No Retrieved Historical Failure Evidence. The principal model-attribution features were sensor_060, sensor_426, sensor_064, sensor_034, sensor_153. Overall evidence status: Model-Led Risk Evidence. Historical similarity and SHAP attribution are supporting statistical evidence only and do not establish a physical root cause.",True,False,False
WF-000821,0,Pass,2008-09-13 00:25:00,0.025142566193286,0.3904849003786423,0.6095150996213576,0.740286955750643,0.5953711093375897,0.0355555555555555,0.0287684734279725,0.0510624064820129,0.0222939330540404,Low Risk,No abstention,2,8,0.2803463877059547,0.2,0.3429768385450043,0.6308948273682319,Limited Failure Evidence,0.1145810677493141,0.3195334487016951,sensor_511,"sensor_034, sensor_104, sensor_029, sensor_201, sensor_424","The record was assigned to Low Risk with a calibrated failure probability of 2.51%. The strongest model contributions increasing risk were sensor_511. Contributions reducing predicted risk were sensor_034, sensor_104, sensor_029. The internal prediction-confidence score was 39.05%. Because SECOM sensors are anonymous, these features must be treated as statistical indicators rather than confirmed physical root causes.",Moderate Low-Risk Signal,Moderate Reliability,0.40462889066241026,Familiar,Moderate Historical Failure Evidence,Low-Risk Decision with Historical Conflict,True,Do not rely on automatic release alone. Verify the highlighted evidence before continuing.,"The primary operational decision is Low Risk. The retained Beta-calibrated model estimated a failure probability of 2.51%, corresponding to Moderate Low-Risk Signal. Prediction reliability is Moderate Reliability, and the record is familiar relative to the development data. The ten retrieved development neighbours contained 2 observed failures, with a similarity-weighted historical failure rate of 28.03%; this is classified as Moderate Historical Failure Evidence. The principal model-attribution features were sensor_511. Overall evidence status: Low-Risk Decision with Historical Conflict. Historical similarity and SHAP attribution are supporting statistical evidence only and do not establish a physical root cause.",True,False,False
WF-000612,0,Pass,2008-08-31 20:24:00,0.0391131357234496,0.3010219408382711,0.6989780591617288,0.5212567172120245,0.6584197924980048,0.0266666666666666,0.0402184136193527,0.0664708617082841,0.0262524480889314,Engineering Review,No abstention,1,9,0.0730273802721361,0.1,0.0438543504535285,0.1178174247636276,Limited Failure Evidence,0.1529767782573874,0.3141910639716731,"sensor_478, sensor_520, sensor_342, sensor_153","sensor_034, sensor_060, sensor_104, sensor_564, sensor_022","The record was assigned to Engineering Review with a calibrated failure probability of 3.91%. The strongest model contributions increasing risk were sensor_478, sensor_520, sensor_342. Contributions reducing predicted risk were sensor_034, sensor_060, sensor_104. The internal prediction-confidence score was 30.10%. Because SECOM sensors are anonymous, these features must be treated as statistical indicators rather than confirmed physical root causes.",Intermediate Risk Signal,Moderate Reliability,0.34158020750199525,Unusual,Limited Historical Failure Evidence,Review Driven by Reliability Concern,False,Prioritise engineering assessment using the SHAP-ranked sensor evidence and retrieved historical cases.,"The primary operational decision is Engineering Review. The retained Beta-calibrated model estimated a failure probability of 3.91%, corresponding to Intermediate Risk Signal. Prediction reliability is Moderate Reliability, and the record is unusual relative to the development data. The ten retrieved development neighbours contained 1 observed failures, with a similarity-weighted historical failure rate of 7.30%; this is classified as Limited Historical Failure Evidence. The principal model-attribution features were sensor_478, sensor_520, sensor_342, sensor_153. Overall evidence status: Review Driven by Reliability Concern. Historical similarity and SHAP attribution are supporting statistical evidence only and do not establish a physical root cause.",True,False,False
WF-000777,0,Pass,2008-09-10 21:56:00,0.039724556364075,0.3745308132366495,0.6254691867633504,0.6958857852265674,0.4477254588986432,0.0088888888888888,0.029908780539459,0.0493688357692847,0.0194600552298257,Engineering Review,No abstention,0,10,0.0,0.0,0.2780231348324041,0.6378487235707733,No Retrieved Failure Evidence,0.1323084140451101,0.2919036521403482,"sensor_424, sensor_563, sensor_064","sensor_104, sensor_060, sensor_201, sensor_389, sensor_308","The record was assigned to Engineering Review with a calibrated failure probability of 3.97%. The strongest model contributions increasing risk were sensor_424, sensor_563, sensor_064. Contributions reducing predicted risk were sensor_104, sensor_060, sensor_201. The internal prediction-confidence score was 37.45%. Because SECOM sensors are anonymous, these features must be treated as statistical indicators rather than confirmed physical root causes.",Intermediate Risk Signal,Moderate Reliability,0.5522745411013568,Familiar,No Retrieved Historical Failure Evidence,Mixed or Intermediate Evidence,False,Prioritise engineering assessment using the SHAP-ranked sensor evidence and retrieved historical cases.,"The primary operational decision is Engineering Review. The retained Beta-calibrated model estimated a failure probability of 3.97%, corresponding to Intermediate Risk Signal. Prediction reliability is Moderate Reliability, and the record is familiar relative to the development data. The ten retrieved development neighbours contained 0 observed failures, with a similarity-weighted historical failure rate of 0.00%; this is classified as No Retrieved Historical Failure Evidence. The principal model-attribution features were sensor_424, sensor_563, sensor_064. Overall evidence status: Mixed or Intermediate Evidence. Historical similarity and SHAP attribution are supporting statistical evidence only and do not establish a physical root cause.",True,False,False
WF-000220,0,Pass,2008-08-16 13:51:00,0.1179466031569671,0.3170906565417035,0.6829093434582965,0.5091738937660726,0.888268156424581,0.0088888888888888,0.0968743293001255,0.113106521521289,0.0162321922211634,High Risk,No abstention,0,10,0.0,0.0,0.6013178760784988,0.959617670403868,No Retrieved Failure Evidence,0.2022300304849694,0.2332300304849694,"sensor_104, sensor_103","sensor_201, sensor_478, sensor_511, sensor_182, sensor_317","The record was assigned to High Risk with a calibrated failure probability of 11.79%. The strongest model contributions increasing risk were sensor_104, sensor_103. Contributions reducing predicted risk were sensor_201, sensor_478, sensor_511. The internal prediction-confidence score was 31.71%. Because SECOM sensors are anonymous, these features must be treated as statistical indicators rather than confirmed physical root causes.",Strong Risk Signal,Moderate Reliability,0.11173184357541899,Outside Typical Historical Experience,No Retrieved Historical Failure Evidence,High Risk with Reliability Caution,True,Hold for inspection or prioritised engineering assessment before continuing.,"The primary operational decision is High Risk. The retained Beta-calibrated model estimated a failure probability of 11.79%, corresponding to Strong Risk Signal. Prediction reliability is Moderate Reliability, and the record is outside typical historical experience relative to the development data. The ten retrieved development neighbours contained 0 observed failures, with a similarity-weighted historical failure rate of 0.00%; this is classified as No Retrieved Historical Failure Evidence. The principal model-attribution features were sensor_104, sensor_103. Overall evidence status: High Risk with Reliability Caution. Historical similarity and SHAP attribution are supporting statistical evidence only and do not establish a physical root cause.",True,False,False
WF-000097,1,Fail,2008-08-04 20:58:00,0.1492766461690038,0.1563115601873058,0.8436884398126941,0.4218675179569034,0.9848363926576216,0.0,0.1319556506361832,0.1948773170748596,0.0629216664386764,Insufficient Evidence,Extreme out-of-distribution evidence,1,9,0.1712749484787042,0.1,0.0452837857646706,0.1354283508736104,Limited Failure Evidence,0.2307348409750371,0.2296634124036086,"sensor_104, sensor_060, sensor_478, sensor_511, sensor_206","sensor_282, sensor_444","The record was assigned to Insufficient Evidence with a calibrated failure probability of 14.93%. The strongest model contributions increasing risk were sensor_104, sensor_060, sensor_478. Contributions reducing predicted risk were sensor_282, sensor_444. The internal prediction-confidence score was 15.63%. Because SECOM sensors are anonymous, these features must be treated as statistical indicators rather than confirmed physical root causes.",Strong Risk Signal,Low Reliability,0.015163607342378427,Outside Typical Historical Experience,Moderate Historical Failure Evidence,Insufficient Evidence,True,Repeat or verify available measurements and obtain engineering review before making a release decision.,"The primary operational decision is Insufficient Evidence. The retained Beta-calibrated model estimated a failure probability of 14.93%, corresponding to Strong Risk Signal. Prediction reliability is Low Reliability, and the record is outside typical historical experience relative to the development data. The ten retrieved development neighbours contained 1 observed failures, with a similarity-weighted historical failure rate of 17.13%; this is classified as Moderate Historical Failure Evidence. The principal model-attribution features were sensor_104, sensor_060, sensor_478, sensor_511, sensor_206. Overall evidence status: Insufficient Evidence. Historical similarity and SHAP attribution are supporting statistical evidence only and do not establish a physical root cause.",True,False,False
WF-001214,0,Pass,2008-10-01 07:28:00,0.0495783764278274,0.4197634341444201,0.5802365658555799,0.8681881706127516,0.2394253790901835,0.0177777777777777,0.0337558438590931,0.0548077241440684,0.0210518802849752,Engineering Review,No abstention,0,10,0.0,0.0,0.6819024259973862,0.8313975351680251,No Retrieved Failure Evidence,0.1573564763953371,0.2931898097286705,"sensor_104, sensor_511, sensor_268","sensor_034, sensor_214, sensor_029, sensor_352, sensor_060","The record was assigned to Engineering Review with a calibrated failure probability of 4.96%. The strongest model contributions increasing risk were sensor_104, sensor_511, sensor_268. Contributions reducing predicted risk were sensor_034, sensor_214, sensor_029. The internal prediction-confidence score was 41.98%. Because SECOM sensors are anonymous, these features must be treated as statistical indicators rather than confirmed physical root causes.",Intermediate Risk Signal,Moderate Reliability,0.7605746209098165,Very Familiar,No Retrieved Historical Failure Evidence,Mixed or Intermediate Evidence,False,Prioritise engineering assessment using the SHAP-ranked sensor evidence and retrieved historical cases.,"The primary operational decision is Engineering Review. The retained Beta-calibrated model estimated a failure probability of 4.96%, corresponding to Intermediate Risk Signal. Prediction reliability is Moderate Reliability, and the record is very familiar relative to the development data. The ten retrieved development neighbours contained 0 observed failures, with a similarity-weighted historical failure rate of 0.00%; this is classified as No Retrieved Historical Failure Evidence. The principal model-attribution features were sensor_104, sensor_511, sensor_268. Overall evidence status: Mixed or Intermediate Evidence. Historical similarity and SHAP attribution are supporting statistical evidence only and do not establish a physical root cause.",True,False,False
WF-001213,0,Pass,2008-10-01 07:19:00,0.0329788067638946,0.4378155258859912,0.5621844741140087,0.8690701427684668,0.0845969672785315,0.0088888888888888,0.0269598798095604,0.0440900717122315,0.017130191902671,Low Risk,No abstention,0,10,0.0,0.0,0.2464439658717498,0.4837224571035877,No Retrieved Failure Evidence,0.1276195155756646,0.3062623727185217,"sensor_133, sensor_181, sensor_406","sensor_034, sensor_104, sensor_478, sensor_060, sensor_206","The record was assigned to Low Risk with a calibrated failure probability of 3.30%. The strongest model contributions increasing risk were sensor_133, sensor_181, sensor_406. Contributions reducing predicted risk were sensor_034, sensor_104, sensor_478. The internal prediction-confidence score was 43.78%. Because SECOM sensors are anonymous, these features must be treated as statistical indicators rather than confirmed physical root causes.",Moderate Low-Risk Signal,Moderate Reliability,0.9154030327214685,Very Familiar,No Retrieved Historical Failure Evidence,Convergent Low-Risk Evidence,False,Continue processing under standard monitoring.,"The primary operational decision is Low Risk. The retained Beta-calibrated model estimated a failure probability of 3.30%, corresponding to Moderate Low-Risk Signal. Prediction reliability is Moderate Reliability, and the record is very familiar relative to the development data. The ten retrieved development neighbours contained 0 observed failures, with a similarity-weighted historical failure rate of 0.00%; this is classified as No Retrieved Historical Failure Evidence. The principal model-attribution features were sensor_133, sensor_181, sensor_406. Overall evidence status: Convergent Low-Risk Evidence. Historical similarity and SHAP attribution are supporting statistical evidence only and do not establish a physical root cause.",True,False,False
WF-000024,1,Fail,2008-07-25 15:23:00,0.1822904497207002,0.1423588167949389,0.857641183205061,0.4094092400461115,0.9864325618515564,0.0177777777777777,0.1388422249044179,0.2323229673240729,0.0934807424196549,Insufficient Evidence,Extreme out-of-distribution evidence,2,8,0.3157719733266013,0.2,0.2215771381597019,0.6436724786459177,Limited Failure Evidence,0.2308529000910398,0.2011862334243731,"sensor_060, sensor_386, sensor_153, sensor_520, sensor_432","sensor_104, sensor_470, sensor_478, sensor_015","The record was assigned to Insufficient Evidence with a calibrated failure probability of 18.23%. The strongest model contributions increasing risk were sensor_060, sensor_386, sensor_153. Contributions reducing predicted risk were sensor_104, sensor_470, sensor_478. The internal prediction-confidence score was 14.24%. Because SECOM sensors are anonymous, these features must be treated as statistical indicators rather than confirmed physical root causes.",Very Strong Risk Signal,Low Reliability,0.013567438148443633,Outside Typical Historical Experience,Moderate Historical Failure Evidence,Insufficient Evidence,True,Repeat or verify available measurements and obtain engineering review before making a release decision.,"The primary operational decision is Insufficient Evidence. The retained Beta-calibrated model estimated a failure probability of 18.23%, corresponding to Very Strong Risk Signal. Prediction reliability is Low Reliability, and the record is outside typical historical experience relative to the development data. The ten retrieved development neighbours contained 2 observed failures, with a similarity-weighted historical failure rate of 31.58%; this is classified as Moderate Historical Failure Evidence. The principal model-attribution features were sensor_060, sensor_386, sensor_153, sensor_520, sensor_432. Overall evidence status: Insufficient Evidence. Historical similarity and SHAP attribution are supporting statistical evidence only and do not establish a physical root cause.",True,False,False
WF-000337,1,Fail,2008-08-20 19:20:00,0.1620322241434947,0.1859828926408584,0.8140171073591416,0.5723813070852177,0.4772545889864326,0.0977777777777777,0.1177198466863195,0.1937271413376388,0.0760072946513192,High Risk,No abstention,0,10,0.0,0.0,0.4601197408008327,0.6852889876990123,No Retrieved Failure Evidence,0.2148705979211803,0.2022277407783232,"sensor_065, sensor_064, sensor_066, sensor_060, sensor_104","sensor_126, sensor_206, sensor_310, sensor_342","The record was assigned to High Risk with a calibrated failure probability of 16.20%. The strongest model contributions increasing risk were sensor_065, sensor_064, sensor_066. Contributions reducing predicted risk were sensor_126, sensor_206, sensor_310. The internal prediction-confidence score was 18.60%. Because SECOM sensors are anonymous, these features must be treated as statistical indicators rather than confirmed physical root causes.",Very Strong Risk Signal,Low Reliability,0.5227454110135674,Familiar,No Retrieved Historical Failure Evidence,High Risk with Reliability Caution,True,Hold for inspection or prioritised engineering assessment before continuing.,"The primary operational decision is High Risk. The retained Beta-calibrated model estimated a failure probability of 16.20%, corresponding to Very Strong Risk Signal. Prediction reliability is Low Reliability, and the record is familiar relative to the development data. The ten retrieved development neighbours contained 0 observed failures, with a similarity-weighted historical failure rate of 0.00%; this is classified as No Retrieved Historical Failure Evidence. The principal model-attribution features were sensor_065, sensor_064, sensor_066, sensor_060, sensor_104. Overall evidence status: High Risk with Reliability Caution. Historical similarity and SHAP attribution are supporting statistical evidence only and do not establish a physical root cause.",True,False,False
WF-001306,0,Pass,2008-10-05 01:35:00,0.0919695668780326,0.3787097422509115,0.6212902577490884,0.8609655050101979,0.1859537110933758,0.0177777777777777,0.0554987487362507,0.0832458514975856,0.0277471027613348,High Risk,No abstention,1,9,0.0828570592047321,0.1,0.2722815900206649,0.4724112658191654,Limited Failure Evidence,0.1821590617256611,0.2452781093447087,"sensor_125, sensor_424, sensor_015, sensor_133","sensor_060, sensor_470, sensor_198, sensor_478, sensor_548","The record was assigned to High Risk with a calibrated failure probability of 9.20%. The strongest model contributions increasing risk were sensor_125, sensor_424, sensor_015. Contributions reducing predicted risk were sensor_060, sensor_470, sensor_198. The internal prediction-confidence score was 37.87%. Because SECOM sensors are anonymous, these features must be treated as statistical indicators rather than confirmed physical root causes.",Strong Risk Signal,Moderate Reliability,0.8140462889066242,Very Familiar,Limited Historical Failure Evidence,Model-Led Risk Evidence,False,Hold for inspection or prioritised engineering assessment before continuing.,"The primary operational decision is High Risk. The retained Beta-calibrated model estimated a failure probability of 9.20%, corresponding to Strong Risk Signal. Prediction reliability is Moderate Reliability, and the record is very familiar relative to the development data. The ten retrieved development neighbours contained 1 observed failures, with a similarity-weighted historical failure rate of 8.29%; this is classified as Limited Historical Failure Evidence. The principal model-attribution features were sensor_125, sensor_424, sensor_015, sensor_133. Overall evidence status: Model-Led Risk Evidence. Historical similarity and SHAP attribution are supporting statistical evidence only and do not establish a physical root cause.",True,False,False
WF-000915,1,Fail,2008-09-19 16:58:00,0.0729517403904716,0.2911180696371755,0.7088819303628244,0.950674292808371,0.0247406225059856,0.0088888888888888,0.0388127062663695,0.1388671351037143,0.1000544288373448,Engineering Review,No abstention,1,9,0.1961991029736406,0.1,0.4128514782673502,0.810010896973956,Limited Failure Evidence,0.165540866083075,0.2570646756068845,"sensor_060, sensor_153, sensor_015","sensor_104, sensor_389, sensor_511, sensor_253, sensor_206","The record was assigned to Engineering Review with a calibrated failure probability of 7.30%. The strongest model contributions increasing risk were sensor_060, sensor_153, sensor_015. Contributions reducing predicted risk were sensor_104, sensor_389, sensor_511. The internal prediction-confidence score was 29.11%. Because SECOM sensors are anonymous, these features must be treated as statistical indicators rather than confirmed physical root causes.",Intermediate Risk Signal,Moderate Reliability,0.9752593774940144,Very Familiar,Moderate Historical Failure Evidence,Review with Supporting Historical Risk,False,Prioritise engineering assessment using the SHAP-ranked sensor evidence and retrieved historical cases.,"The primary operational decision is Engineering Review. The retained Beta-calibrated model estimated a failure probability of 7.30%, corresponding to Intermediate Risk Signal. Prediction reliability is Moderate Reliability, and the record is very familiar relative to the development data. The ten retrieved development neighbours contained 1 observed failures, with a similarity-weighted historical failure rate of 19.62%; this is classified as Moderate Historical Failure Evidence. The principal model-attribution features were sensor_060, sensor_153, sensor_015. Overall evidence status: Review with Supporting Historical Risk. Historical similarity and SHAP attribution are supporting statistical evidence only and do not establish a physical root cause.",True,False,False
WF-001383,0,Pass,2008-10-06 23:03:00,0.0497181298183147,0.4206112565537563,0.5793887434462437,0.8159535337412431,0.3766959297685555,0.0177777777777777,0.0298773092445912,0.0420183454479334,0.0121410362033421,Engineering Review,No abstention,2,8,0.2201208680245761,0.2,0.6083997135355713,0.8566776821965651,Limited Failure Evidence,0.151718304631277,0.2872421141550866,"sensor_453, sensor_317, sensor_489","sensor_034, sensor_104, sensor_029, sensor_060, sensor_432","The record was assigned to Engineering Review with a calibrated failure probability of 4.97%. The strongest model contributions increasing risk were sensor_453, sensor_317, sensor_489. Contributions reducing predicted risk were sensor_034, sensor_104, sensor_029. The internal prediction-confidence score was 42.06%. Because SECOM sensors are anonymous, these features must be treated as statistical indicators rather than confirmed physical root causes.",Intermediate Risk Signal,Moderate Reliability,0.6233040702314445,Familiar,Moderate Historical Failure Evidence,Review with Supporting Historical Risk,False,Prioritise engineering assessment using the SHAP-ranked sensor evidence and retrieved historical cases.,"The primary operational decision is Engineering Review. The retained Beta-calibrated model estimated a failure probability of 4.97%, corresponding to Intermediate Risk Signal. Prediction reliability is Moderate Reliability, and the record is familiar relative to the development data. The ten retrieved development neighbours contained 2 observed failures, with a similarity-weighted historical failure rate of 22.01%; this is classified as Moderate Historical Failure Evidence. The principal model-attribution features were sensor_453, sensor_317, sensor_489. Overall evidence status: Review with Supporting Historical Risk. Historical similarity and SHAP attribution are supporting statistical evidence only and do not establish a physical root cause.",True,False,False
WF-001335,0,Pass,2008-10-05 22:13:00,0.095739907530341,0.3300711756792875,0.6699288243207124,0.6768872927196949,0.7517956903431764,0.0177777777777777,0.0561340926630444,0.0848872099655038,0.0287531173024593,High Risk,No abstention,2,8,0.1528133960266419,0.2,0.3447102433008532,0.6052717298180168,Limited Failure Evidence,0.1649201334390521,0.2229677524866711,"sensor_082, sensor_056, sensor_103, sensor_181","sensor_104, sensor_060, sensor_478, sensor_206, sensor_424","The record was assigned to High Risk with a calibrated failure probability of 9.57%. The strongest model contributions increasing risk were sensor_082, sensor_056, sensor_103. Contributions reducing predicted risk were sensor_104, sensor_060, sensor_478. The internal prediction-confidence score was 33.01%. Because SECOM sensors are anonymous, these features must be treated as statistical indicators rather than confirmed physical root causes.",Strong Risk Signal,Moderate Reliability,0.2482043096568236,Unusual,Moderate Historical Failure Evidence,Convergent Risk Evidence,False,Hold for inspection or prioritised engineering assessment before continuing.,"The primary operational decision is High Risk. The retained Beta-calibrated model estimated a failure probability of 9.57%, corresponding to Strong Risk Signal. Prediction reliability is Moderate Reliability, and the record is unusual relative to the development data. The ten retrieved development neighbours contained 2 observed failures, with a similarity-weighted historical failure rate of 15.28%; this is classified as Moderate Historical Failure Evidence. The principal model-attribution features were sensor_082, sensor_056, sensor_103, sensor_181. Overall evidence status: Convergent Risk Evidence. Historical similarity and SHAP attribution are supporting statistical evidence only and do not establish a physical root cause.",True,False,False
WF-000516,0,Pass,2008-08-29 06:35:00,0.0958298481546696,0.3064157317995982,0.6935842682004019,0.6947920546244569,0.4221867517956903,0.0444444444444444,0.0868231327739902,0.123457169585966,0.0366340368119758,High Risk,No abstention,0,10,0.0,0.0,0.2995394836075701,0.6724457023199765,No Retrieved Failure Evidence,0.1724572026940656,0.230385774122637,"sensor_060, sensor_104, sensor_153","sensor_478, sensor_126, sensor_342, sensor_271, sensor_282","The record was assigned to High Risk with a calibrated failure probability of 9.58%. The strongest model contributions increasing risk were sensor_060, sensor_104, sensor_153. Contributions reducing predicted risk were sensor_478, sensor_126, sensor_342. The internal prediction-confidence score was 30.64%. Because SECOM sensors are anonymous, these features must be treated as statistical indicators rather than confirmed physical root causes.",Strong Risk Signal,Moderate Reliability,0.5778132482043097,Familiar,No Retrieved Historical Failure Evidence,Model-Led Risk Evidence,False,Hold for inspection or prioritised engineering assessment before continuing.,"The primary operational decision is High Risk. The retained Beta-calibrated model estimated a failure probability of 9.58%, corresponding to Strong Risk Signal. Prediction reliability is Moderate Reliability, and the record is familiar relative to the development data. The ten retrieved development neighbours contained 0 observed failures, with a similarity-weighted historical failure rate of 0.00%; this is classified as No Retrieved Historical Failure Evidence. The principal model-attribution features were sensor_060, sensor_104, sensor_153. Overall evidence status: Model-Led Risk Evidence. Historical similarity and SHAP attribution are supporting statistical evidence only and do not establish a physical root cause.",True,False,False
WF-000326,0,Pass,2008-08-20 07:12:00,0.1758060533040049,0.2995375613006412,0.7004624386993588,0.8208576749135408,0.3320031923383879,0.0266666666666666,0.1202626145108809,0.1755671055244005,0.0553044910135196,High Risk,No abstention,2,8,0.4499423937475248,0.2,0.0966707855270124,0.4001354057575396,Limited Failure Evidence,0.2403900231982617,0.2160090708173093,"sensor_104, sensor_342, sensor_478, sensor_206, sensor_476","sensor_060, sensor_126, sensor_282, sensor_125, sensor_424","The record was assigned to High Risk with a calibrated failure probability of 17.58%. The strongest model contributions increasing risk were sensor_104, sensor_342, sensor_478. Contributions reducing predicted risk were sensor_060, sensor_126, sensor_282. The internal prediction-confidence score was 29.95%. Because SECOM sensors are anonymous, these features must be treated as statistical indicators rather than confirmed physical root causes.",Very Strong Risk Signal,Moderate Reliability,0.6679968076616121,Familiar,Moderate Historical Failure Evidence,Convergent Risk Evidence,False,Hold for inspection or prioritised engineering assessment before continuing.,"The primary operational decision is High Risk. The retained Beta-calibrated model estimated a failure probability of 17.58%, corresponding to Very Strong Risk Signal. Prediction reliability is Moderate Reliability, and the record is familiar relative to the development data. The ten retrieved development neighbours contained 2 observed failures, with a similarity-weighted historical failure rate of 44.99%; this is classified as Moderate Historical Failure Evidence. The principal model-attribution features were sensor_104, sensor_342, sensor_478, sensor_206, sensor_476. Overall evidence status: Convergent Risk Evidence. Historical similarity and SHAP attribution are supporting statistical evidence only and do not establish a physical root cause.",True,False,False
WF-000045,0,Pass,2008-07-29 06:19:00,0.2695770769573562,0.1618960901092023,0.8381039098907976,0.4178290325441164,0.9760574620909817,0.0177777777777777,0.2506499657889915,0.4056145486879715,0.1549645828989799,Insufficient Evidence,Extreme out-of-distribution evidence,0,10,0.0,0.0,0.109548905867909,0.4356801468237605,No Retrieved Failure Evidence,0.2576813470585474,0.1675861089633093,"sensor_104, sensor_065, sensor_060, sensor_015, sensor_066","sensor_461, sensor_478","The record was assigned to Insufficient Evidence with a calibrated failure probability of 26.96%. The strongest model contributions increasing risk were sensor_104, sensor_065, sensor_060. Contributions reducing predicted risk were sensor_461, sensor_478. The internal prediction-confidence score was 16.19%. Because SECOM sensors are anonymous, these features must be treated as statistical indicators rather than confirmed physical root causes.",Very Strong Risk Signal,Low Reliability,0.023942537909018347,Outside Typical Historical Experience,No Retrieved Historical Failure Evidence,Insufficient Evidence,True,Repeat or verify available measurements and obtain engineering review before making a release decision.,"The primary operational decision is Insufficient Evidence. The retained Beta-calibrated model estimated a failure probability of 26.96%, corresponding to Very Strong Risk Signal. Prediction reliability is Low Reliability, and the record is outside typical historical experience relative to the development data. The ten retrieved development neighbours contained 0 observed failures, with a similarity-weighted historical failure rate of 0.00%; this is classified as No Retrieved Historical Failure Evidence. The principal model-attribution features were sensor_104, sensor_065, sensor_060, sensor_015, sensor_066. Overall evidence status: Insufficient Evidence. Historical similarity and SHAP attribution are supporting statistical evidence only and do not establish a physical root cause.",True,False,False
WF-000459,0,Pass,2008-08-28 03:03:00,0.0703880901952532,0.3171860517048637,0.6828139482951363,0.8151114658153764,0.3455706304868316,0.0266666666666666,0.0470179830618975,0.0937204975265203,0.0467025144646227,Engineering Review,No abstention,3,7,0.2674220456532477,0.3,0.6199302132418878,0.7838463957905991,Moderate Failure Evidence,0.1623662308397979,0.2581519451255122,"sensor_104, sensor_520, sensor_034","sensor_131, sensor_060, sensor_317, sensor_411, sensor_578","The record was assigned to Engineering Review with a calibrated failure probability of 7.04%. The strongest model contributions increasing risk were sensor_104, sensor_520, sensor_034. Contributions reducing predicted risk were sensor_131, sensor_060, sensor_317. The internal prediction-confidence score was 31.72%. Because SECOM sensors are anonymous, these features must be treated as statistical indicators rather than confirmed physical root causes.",Intermediate Risk Signal,Moderate Reliability,0.6544293695131684,Familiar,Moderate Historical Failure Evidence,Review with Supporting Historical Risk,False,Prioritise engineering assessment using the SHAP-ranked sensor evidence and retrieved historical cases.,"The primary operational decision is Engineering Review. The retained Beta-calibrated model estimated a failure probability of 7.04%, corresponding to Intermediate Risk Signal. Prediction reliability is Moderate Reliability, and the record is familiar relative to the development data. The ten retrieved development neighbours contained 3 observed failures, with a similarity-weighted historical failure rate of 26.74%; this is classified as Moderate Historical Failure Evidence. The principal model-attribution features were sensor_104, sensor_520, sensor_034. Overall evidence status: Review with Supporting Historical Risk. Historical similarity and SHAP attribution are supporting statistical evidence only and do not establish a physical root cause.",True,False,False
WF-000847,0,Pass,2008-09-15 02:04:00,0.0901201075521735,0.3495374753724185,0.6504625246275815,0.795594927729006,0.2290502793296089,0.1644444444444444,0.0540497395570496,0.0831842066804493,0.0291344671233996,High Risk,No abstention,0,10,0.0,0.0,0.4848441724965829,0.9462979691001556,No Retrieved Failure Evidence,0.1700133948983488,0.2356800615650154,"sensor_015, sensor_406, sensor_432, sensor_268","sensor_104, sensor_511, sensor_020, sensor_060, sensor_342","The record was assigned to High Risk with a calibrated failure probability of 9.01%. The strongest model contributions increasing risk were sensor_015, sensor_406, sensor_432. Contributions reducing predicted risk were sensor_104, sensor_511, sensor_020. The internal prediction-confidence score was 34.95%. Because SECOM sensors are anonymous, these features must be treated as statistical indicators rather than confirmed physical root causes.",Strong Risk Signal,Moderate Reliability,0.7709497206703911,Very Familiar,No Retrieved Historical Failure Evidence,Model-Led Risk Evidence,False,Hold for inspection or prioritised engineering assessment before continuing.,"The primary operational decision is High Risk. The retained Beta-calibrated model estimated a failure probability of 9.01%, corresponding to Strong Risk Signal. Prediction reliability is Moderate Reliability, and the record is very familiar relative to the development data. The ten retrieved development neighbours contained 0 observed failures, with a similarity-weighted historical failure rate of 0.00%; this is classified as No Retrieved Historical Failure Evidence. The principal model-attribution features were sensor_015, sensor_406, sensor_432, sensor_268. Overall evidence status: Model-Led Risk Evidence. Historical similarity and SHAP attribution are supporting statistical evidence only and do not establish a physical root cause.",True,False,False
WF-001104,0,Pass,2008-09-26 14:20:00,0.0399966311958555,0.3232012705564249,0.6767987294435751,0.715678283231356,0.3455706304868316,0.0088888888888888,0.0236658467651433,0.0620412807495159,0.0383754339843725,Engineering Review,No abstention,0,10,0.0,0.0,0.2963966996730973,0.4408691361832871,No Retrieved Failure Evidence,0.1390295700376921,0.2979105224186444,,"sensor_104, sensor_060, sensor_478, sensor_206, sensor_282","The record was assigned to Engineering Review with a calibrated failure probability of 4.00%. The strongest model contributions increasing risk were no dominant positive sensor contribution. Contributions reducing predicted risk were sensor_104, sensor_060, sensor_478. The internal prediction-confidence score was 32.32%. Because SECOM sensors are anonymous, these features must be treated as statistical indicators rather than confirmed physical root causes.",Intermediate Risk Signal,Moderate Reliability,0.6544293695131684,Familiar,No Retrieved Historical Failure Evidence,Mixed or Intermediate Evidence,False,Prioritise engineering assessment using the SHAP-ranked sensor evidence and retrieved historical cases.,"The primary operational decision is Engineering Review. The retained Beta-calibrated model estimated a failure probability of 4.00%, corresponding to Intermediate Risk Signal. Prediction reliability is Moderate Reliability, and the record is familiar relative to the development data. The ten retrieved development neighbours contained 0 observed failures, with a similarity-weighted historical failure rate of 0.00%; this is classified as No Retrieved Historical Failure Evidence. The principal model-attribution features were no dominant positive sensor attribution was available. Overall evidence status: Mixed or Intermediate Evidence. Historical similarity and SHAP attribution are supporting statistical evidence only and do not establish a physical root cause.",True,False,False
WF-001529,0,Pass,2008-10-15 09:11:00,0.0107147518487837,0.4278747317833328,0.5721252682166672,0.6170227897490468,0.8723064644852354,0.0355555555555555,0.0134584052915984,0.0218427717826504,0.008384366491052,Low Risk,No abstention,2,8,0.2236823151491859,0.2,0.5087320373349985,0.6993760363733614,Limited Failure Evidence,0.0761750834359896,0.3530322262931324,,"sensor_214, sensor_104, sensor_131, sensor_126, sensor_317","The record was assigned to Low Risk with a calibrated failure probability of 1.07%. The strongest model contributions increasing risk were no dominant positive sensor contribution. Contributions reducing predicted risk were sensor_214, sensor_104, sensor_131. The internal prediction-confidence score was 42.79%. Because SECOM sensors are anonymous, these features must be treated as statistical indicators rather than confirmed physical root causes.",Strong Low-Risk Signal,Moderate Reliability,0.1276935355147646,Outside Typical Historical Experience,Moderate Historical Failure Evidence,Low-Risk Decision with Historical Conflict,True,Do not rely on automatic release alone. Verify the highlighted evidence before continuing.,"The primary operational decision is Low Risk. The retained Beta-calibrated model estimated a failure probability of 1.07%, corresponding to Strong Low-Risk Signal. Prediction reliability is Moderate Reliability, and the record is outside typical historical experience relative to the development data. The ten retrieved development neighbours contained 2 observed failures, with a similarity-weighted historical failure rate of 22.37%; this is classified as Moderate Historical Failure Evidence. The principal model-attribution features were no dominant positive sensor attribution was available. Overall evidence status: Low-Risk Decision with Historical Conflict. Historical similarity and SHAP attribution are supporting statistical evidence only and do not establish a physical root cause.",True,False,False
WF-001124,0,Pass,2008-09-27 11:45:00,0.0256633708061988,0.3334313306030296,0.6665686693969703,0.4124419615145872,0.9880287310454908,0.0177777777777777,0.0237059561011952,0.0333045530206292,0.0095985969194339,Insufficient Evidence,Extreme out-of-distribution evidence,0,10,0.0,0.0,0.2592315303811899,0.3767031112423052,No Retrieved Failure Evidence,0.1214455255942,0.3244693351180095,"sensor_015, sensor_434","sensor_104, sensor_214, sensor_352, sensor_060, sensor_511","The record was assigned to Insufficient Evidence with a calibrated failure probability of 2.57%. The strongest model contributions increasing risk were sensor_015, sensor_434. Contributions reducing predicted risk were sensor_104, sensor_214, sensor_352. The internal prediction-confidence score was 33.34%. Because SECOM sensors are anonymous, these features must be treated as statistical indicators rather than confirmed physical root causes.",Moderate Low-Risk Signal,Moderate Reliability,0.011971268954509173,Outside Typical Historical Experience,No Retrieved Historical Failure Evidence,Insufficient Evidence,True,Repeat or verify available measurements and obtain engineering review before making a release decision.,"The primary operational decision is Insufficient Evidence. The retained Beta-calibrated model estimated a failure probability of 2.57%, corresponding to Moderate Low-Risk Signal. Prediction reliability is Moderate Reliability, and the record is outside typical historical experience relative to the development data. The ten retrieved development neighbours contained 0 observed failures, with a similarity-weighted historical failure rate of 0.00%; this is classified as No Retrieved Historical Failure Evidence. The principal model-attribution features were sensor_015, sensor_434. Overall evidence status: Insufficient Evidence. Historical similarity and SHAP attribution are supporting statistical evidence only and do not establish a physical root cause.",True,False,False
WF-001099,0,Pass,2008-09-26 04:14:00,0.0144297908565783,0.4665405955140928,0.5334594044859071,0.7973622417309568,0.3806863527533918,0.0088888888888888,0.0132730207859327,0.0200714503887705,0.0067984296028377,Low Risk,No abstention,0,10,0.0,0.0,0.6928292442008179,0.8270531842169756,No Retrieved Failure Evidence,0.0994427007867137,0.3530141293581423,sensor_424,"sensor_214, sensor_104, sensor_060, sensor_520, sensor_248","The record was assigned to Low Risk with a calibrated failure probability of 1.44%. The strongest model contributions increasing risk were sensor_424. Contributions reducing predicted risk were sensor_214, sensor_104, sensor_060. The internal prediction-confidence score was 46.65%. Because SECOM sensors are anonymous, these features must be treated as statistical indicators rather than confirmed physical root causes.",Strong Low-Risk Signal,Moderate Reliability,0.6193136472466082,Familiar,No Retrieved Historical Failure Evidence,Convergent Low-Risk Evidence,False,Continue processing under standard monitoring.,"The primary operational decision is Low Risk. The retained Beta-calibrated model estimated a failure probability of 1.44%, corresponding to Strong Low-Risk Signal. Prediction reliability is Moderate Reliability, and the record is familiar relative to the development data. The ten retrieved development neighbours contained 0 observed failures, with a similarity-weighted historical failure rate of 0.00%; this is classified as No Retrieved Historical Failure Evidence. The principal model-attribution features were sensor_424. Overall evidence status: Convergent Low-Risk Evidence. Historical similarity and SHAP attribution are supporting statistical evidence only and do not establish a physical root cause.",True,False,False
WF-001035,0,Pass,2008-09-23 12:46:00,0.0598173219059501,0.4027124627053428,0.5972875372946571,0.8052192959120332,0.4461292897047087,0.0177777777777777,0.0372815900140899,0.055223143167378,0.0179415531532881,Engineering Review,No abstention,1,9,0.0814318260196315,0.1,0.608307367819518,0.7993907248165398,Limited Failure Evidence,0.1618078216702093,0.2765697264321141,"sensor_153, sensor_082, sensor_288, sensor_214","sensor_104, sensor_060, sensor_130, sensor_511, sensor_389","The record was assigned to Engineering Review with a calibrated failure probability of 5.98%. The strongest model contributions increasing risk were sensor_153, sensor_082, sensor_288. Contributions reducing predicted risk were sensor_104, sensor_060, sensor_130. The internal prediction-confidence score was 40.27%. Because SECOM sensors are anonymous, these features must be treated as statistical indicators rather than confirmed physical root causes.",Intermediate Risk Signal,Moderate Reliability,0.5538707102952913,Familiar,Limited Historical Failure Evidence,Mixed or Intermediate Evidence,False,Prioritise engineering assessment using the SHAP-ranked sensor evidence and retrieved historical cases.,"The primary operational decision is Engineering Review. The retained Beta-calibrated model estimated a failure probability of 5.98%, corresponding to Intermediate Risk Signal. Prediction reliability is Moderate Reliability, and the record is familiar relative to the development data. The ten retrieved development neighbours contained 1 observed failures, with a similarity-weighted historical failure rate of 8.14%; this is classified as Limited Historical Failure Evidence. The principal model-attribution features were sensor_153, sensor_082, sensor_288, sensor_214. Overall evidence status: Mixed or Intermediate Evidence. Historical similarity and SHAP attribution are supporting statistical evidence only and do not establish a physical root cause.",True,False,False
WF-000398,0,Pass,2008-08-22 02:25:00,0.081353766436341,0.4028354769189939,0.5971645230810061,0.8255541367384943,0.2561851556264964,0.0533333333333333,0.0685171156845562,0.0853248715616268,0.0168077558770706,High Risk,No abstention,0,10,0.0,0.0,0.442717048999303,0.8005581540576964,No Retrieved Failure Evidence,0.1828304191107002,0.2611637524440335,"sensor_478, sensor_342, sensor_206, sensor_034","sensor_104, sensor_520, sensor_248, sensor_060, sensor_282","The record was assigned to High Risk with a calibrated failure probability of 8.14%. The strongest model contributions increasing risk were sensor_478, sensor_342, sensor_206. Contributions reducing predicted risk were sensor_104, sensor_520, sensor_248. The internal prediction-confidence score was 40.28%. Because SECOM sensors are anonymous, these features must be treated as statistical indicators rather than confirmed physical root causes.",Strong Risk Signal,Moderate Reliability,0.7438148443735035,Familiar,No Retrieved Historical Failure Evidence,Model-Led Risk Evidence,False,Hold for inspection or prioritised engineering assessment before continuing.,"The primary operational decision is High Risk. The retained Beta-calibrated model estimated a failure probability of 8.14%, corresponding to Strong Risk Signal. Prediction reliability is Moderate Reliability, and the record is familiar relative to the development data. The ten retrieved development neighbours contained 0 observed failures, with a similarity-weighted historical failure rate of 0.00%; this is classified as No Retrieved Historical Failure Evidence. The principal model-attribution features were sensor_478, sensor_342, sensor_206, sensor_034. Overall evidence status: Model-Led Risk Evidence. Historical similarity and SHAP attribution are supporting statistical evidence only and do not establish a physical root cause.",True,False,False
WF-000706,0,Pass,2008-09-02 20:59:00,0.0393909651156156,0.3370818544214279,0.662918145578572,0.6292815465105968,0.8347964884277733,0.0177777777777777,0.0310796185739457,0.0539202083780042,0.0228405898040585,Engineering Review,No abstention,0,10,0.0,0.0,0.2577903900496719,0.4756113949526261,No Retrieved Failure Evidence,0.1380846086170521,0.2985607990932427,"sensor_472, sensor_068","sensor_032, sensor_104, sensor_478, sensor_447, sensor_184","The record was assigned to Engineering Review with a calibrated failure probability of 3.94%. The strongest model contributions increasing risk were sensor_472, sensor_068. Contributions reducing predicted risk were sensor_032, sensor_104, sensor_478. The internal prediction-confidence score was 33.71%. Because SECOM sensors are anonymous, these features must be treated as statistical indicators rather than confirmed physical root causes.",Intermediate Risk Signal,Moderate Reliability,0.16520351157222668,Unusual,No Retrieved Historical Failure Evidence,Review Driven by Reliability Concern,False,Prioritise engineering assessment using the SHAP-ranked sensor evidence and retrieved historical cases.,"The primary operational decision is Engineering Review. The retained Beta-calibrated model estimated a failure probability of 3.94%, corresponding to Intermediate Risk Signal. Prediction reliability is Moderate Reliability, and the record is unusual relative to the development data. The ten retrieved development neighbours contained 0 observed failures, with a similarity-weighted historical failure rate of 0.00%; this is classified as No Retrieved Historical Failure Evidence. The principal model-attribution features were sensor_472, sensor_068. Overall evidence status: Review Driven by Reliability Concern. Historical similarity and SHAP attribution are supporting statistical evidence only and do not establish a physical root cause.",True,False,False
WF-000435,0,Pass,2008-08-23 05:57:00,0.1117264891273574,0.246770151989995,0.753229848010005,0.8043853861842689,0.0949720670391061,0.0088888888888888,0.0656961174542978,0.1340916953044978,0.0683955778501999,High Risk,No abstention,1,9,0.1068639917772345,0.1,0.2400826320850554,0.4954815134154573,Limited Failure Evidence,0.1961426083039716,0.2342854654468288,"sensor_104, sensor_082, sensor_426, sensor_153, sensor_034","sensor_032, sensor_478, sensor_206, sensor_342","The record was assigned to High Risk with a calibrated failure probability of 11.17%. The strongest model contributions increasing risk were sensor_104, sensor_082, sensor_426. Contributions reducing predicted risk were sensor_032, sensor_478, sensor_206. The internal prediction-confidence score was 24.68%. Because SECOM sensors are anonymous, these features must be treated as statistical indicators rather than confirmed physical root causes.",Strong Risk Signal,Low Reliability,0.9050279329608939,Very Familiar,Limited Historical Failure Evidence,High Risk with Reliability Caution,True,Hold for inspection or prioritised engineering assessment before continuing.,"The primary operational decision is High Risk. The retained Beta-calibrated model estimated a failure probability of 11.17%, corresponding to Strong Risk Signal. Prediction reliability is Low Reliability, and the record is very familiar relative to the development data. The ten retrieved development neighbours contained 1 observed failures, with a similarity-weighted historical failure rate of 10.69%; this is classified as Limited Historical Failure Evidence. The principal model-attribution features were sensor_104, sensor_082, sensor_426, sensor_153, sensor_034. Overall evidence status: High Risk with Reliability Caution. Historical similarity and SHAP attribution are supporting statistical evidence only and do not establish a physical root cause.",True,False,False
WF-001260,0,Pass,2008-10-02 23:32:00,0.045878457633465,0.2919330066343707,0.7080669933656293,0.5765322337501109,0.6376695929768555,0.0088888888888888,0.0363338496268205,0.0684639340702511,0.0321300844434306,Engineering Review,No abstention,1,9,0.1706464740246565,0.1,0.1782699189085095,0.4857998117349048,Limited Failure Evidence,0.149146258380224,0.2934319726659383,"sensor_125, sensor_424, sensor_133","sensor_104, sensor_060, sensor_578, sensor_564, sensor_478","The record was assigned to Engineering Review with a calibrated failure probability of 4.59%. The strongest model contributions increasing risk were sensor_125, sensor_424, sensor_133. Contributions reducing predicted risk were sensor_104, sensor_060, sensor_578. The internal prediction-confidence score was 29.19%. Because SECOM sensors are anonymous, these features must be treated as statistical indicators rather than confirmed physical root causes.",Intermediate Risk Signal,Moderate Reliability,0.36233040702314445,Unusual,Moderate Historical Failure Evidence,Review with Supporting Historical Risk,False,Prioritise engineering assessment using the SHAP-ranked sensor evidence and retrieved historical cases.,"The primary operational decision is Engineering Review. The retained Beta-calibrated model estimated a failure probability of 4.59%, corresponding to Intermediate Risk Signal. Prediction reliability is Moderate Reliability, and the record is unusual relative to the development data. The ten retrieved development neighbours contained 1 observed failures, with a similarity-weighted historical failure rate of 17.06%; this is classified as Moderate Historical Failure Evidence. The principal model-attribution features were sensor_125, sensor_424, sensor_133. Overall evidence status: Review with Supporting Historical Risk. Historical similarity and SHAP attribution are supporting statistical evidence only and do not establish a physical root cause.",True,False,False
WF-000393,1,Fail,2008-08-22 01:04:00,0.0563079658235813,0.3527807822099051,0.6472192177900948,0.5781683071738939,0.6312849162011173,0.0088888888888888,0.0589128621779342,0.071340466420601,0.0124276042426667,Engineering Review,No abstention,1,9,0.0567631780115554,0.1,0.3838392802569748,0.5139424956171784,Limited Failure Evidence,0.1618380505233023,0.2834809076661595,sensor_060,"sensor_214, sensor_352, sensor_104, sensor_126, sensor_432","The record was assigned to Engineering Review with a calibrated failure probability of 5.63%. The strongest model contributions increasing risk were sensor_060. Contributions reducing predicted risk were sensor_214, sensor_352, sensor_104. The internal prediction-confidence score was 35.28%. Because SECOM sensors are anonymous, these features must be treated as statistical indicators rather than confirmed physical root causes.",Intermediate Risk Signal,Moderate Reliability,0.36871508379888274,Unusual,Limited Historical Failure Evidence,Review Driven by Reliability Concern,False,Prioritise engineering assessment using the SHAP-ranked sensor evidence and retrieved historical cases.,"The primary operational decision is Engineering Review. The retained Beta-calibrated model estimated a failure probability of 5.63%, corresponding to Intermediate Risk Signal. Prediction reliability is Moderate Reliability, and the record is unusual relative to the development data. The ten retrieved development neighbours contained 1 observed failures, with a similarity-weighted historical failure rate of 5.68%; this is classified as Limited Historical Failure Evidence. The principal model-attribution features were sensor_060. Overall evidence status: Review Driven by Reliability Concern. Historical similarity and SHAP attribution are supporting statistical evidence only and do not establish a physical root cause.",True,False,False
WF-000216,0,Pass,2008-08-16 07:33:00,0.1849699847961197,0.2212822159938733,0.7787177840061267,0.6805584818657445,0.3679169992019154,0.0177777777777777,0.1393078142615014,0.2452115982322245,0.1059037839707231,High Risk,No abstention,1,9,0.1378605830982167,0.1,0.3221685495837911,0.6998454486504722,Limited Failure Evidence,0.2535901159051048,0.221780592095581,"sensor_104, sensor_060, sensor_511, sensor_064, sensor_065","sensor_310, sensor_478, sensor_206","The record was assigned to High Risk with a calibrated failure probability of 18.50%. The strongest model contributions increasing risk were sensor_104, sensor_060, sensor_511. Contributions reducing predicted risk were sensor_310, sensor_478, sensor_206. The internal prediction-confidence score was 22.13%. Because SECOM sensors are anonymous, these features must be treated as statistical indicators rather than confirmed physical root causes.",Very Strong Risk Signal,Low Reliability,0.6320830007980847,Familiar,Limited Historical Failure Evidence,High Risk with Reliability Caution,True,Hold for inspection or prioritised engineering assessment before continuing.,"The primary operational decision is High Risk. The retained Beta-calibrated model estimated a failure probability of 18.50%, corresponding to Very Strong Risk Signal. Prediction reliability is Low Reliability, and the record is familiar relative to the development data. The ten retrieved development neighbours contained 1 observed failures, with a similarity-weighted historical failure rate of 13.79%; this is classified as Limited Historical Failure Evidence. The principal model-attribution features were sensor_104, sensor_060, sensor_511, sensor_064, sensor_065. Overall evidence status: High Risk with Reliability Caution. Historical similarity and SHAP attribution are supporting statistical evidence only and do not establish a physical root cause.",True,False,False
WF-000667,0,Pass,2008-09-02 07:22:00,0.0395349546921264,0.3572446262853,0.6427553737147,0.6735312583133812,0.484437350359138,0.0266666666666666,0.0349129397583506,0.0558250594972643,0.0209121197389137,Engineering Review,No abstention,1,9,0.0694877423155795,0.1,0.2388180875592996,0.4899917536391316,Limited Failure Evidence,0.1328716347040241,0.2929668727992622,"sensor_104, sensor_511","sensor_032, sensor_248, sensor_520, sensor_386, sensor_015","The record was assigned to Engineering Review with a calibrated failure probability of 3.95%. The strongest model contributions increasing risk were sensor_104, sensor_511. Contributions reducing predicted risk were sensor_032, sensor_248, sensor_520. The internal prediction-confidence score was 35.72%. Because SECOM sensors are anonymous, these features must be treated as statistical indicators rather than confirmed physical root causes.",Intermediate Risk Signal,Moderate Reliability,0.5155626496408621,Familiar,Limited Historical Failure Evidence,Mixed or Intermediate Evidence,False,Prioritise engineering assessment using the SHAP-ranked sensor evidence and retrieved historical cases.,"The primary operational decision is Engineering Review. The retained Beta-calibrated model estimated a failure probability of 3.95%, corresponding to Intermediate Risk Signal. Prediction reliability is Moderate Reliability, and the record is familiar relative to the development data. The ten retrieved development neighbours contained 1 observed failures, with a similarity-weighted historical failure rate of 6.95%; this is classified as Limited Historical Failure Evidence. The principal model-attribution features were sensor_104, sensor_511. Overall evidence status: Mixed or Intermediate Evidence. Historical similarity and SHAP attribution are supporting statistical evidence only and do not establish a physical root cause.",True,False,False
WF-001205,0,Pass,2008-09-30 21:39:00,0.1215678334293939,0.3735110521406313,0.6264889478593687,0.8177533031834708,0.2346368715083799,0.0088888888888888,0.0924730756319356,0.1192324578948773,0.0267593822629416,High Risk,No abstention,1,9,0.0497755899879847,0.1,0.4052039265536044,0.6191442836913201,Limited Failure Evidence,0.2047267106231496,0.2317029010993401,"sensor_424, sensor_181, sensor_453","sensor_104, sensor_130, sensor_432, sensor_060, sensor_183","The record was assigned to High Risk with a calibrated failure probability of 12.16%. The strongest model contributions increasing risk were sensor_424, sensor_181, sensor_453. Contributions reducing predicted risk were sensor_104, sensor_130, sensor_432. The internal prediction-confidence score was 37.35%. Because SECOM sensors are anonymous, these features must be treated as statistical indicators rather than confirmed physical root causes.",Strong Risk Signal,Moderate Reliability,0.7653631284916201,Very Familiar,Limited Historical Failure Evidence,Model-Led Risk Evidence,False,Hold for inspection or prioritised engineering assessment before continuing.,"The primary operational decision is High Risk. The retained Beta-calibrated model estimated a failure probability of 12.16%, corresponding to Strong Risk Signal. Prediction reliability is Moderate Reliability, and the record is very familiar relative to the development data. The ten retrieved development neighbours contained 1 observed failures, with a similarity-weighted historical failure rate of 4.98%; this is classified as Limited Historical Failure Evidence. The principal model-attribution features were sensor_424, sensor_181, sensor_453. Overall evidence status: Model-Led Risk Evidence. Historical similarity and SHAP attribution are supporting statistical evidence only and do not establish a physical root cause.",True,False,False
WF-000122,0,Pass,2008-08-05 15:45:00,0.1958908042345759,0.2756980984333382,0.7243019015666619,0.4981245011971269,0.8627294493216281,0.0,0.1233278828761793,0.1550717325589535,0.0317438496827742,High Risk,No abstention,0,10,0.0,0.0,0.3886375139894543,0.769947269623073,No Retrieved Failure Evidence,0.2529306730910829,0.2126211492815591,"sensor_104, sensor_065, sensor_060, sensor_066, sensor_034","sensor_125, sensor_087, sensor_122","The record was assigned to High Risk with a calibrated failure probability of 19.59%. The strongest model contributions increasing risk were sensor_104, sensor_065, sensor_060. Contributions reducing predicted risk were sensor_125, sensor_087, sensor_122. The internal prediction-confidence score was 27.57%. Because SECOM sensors are anonymous, these features must be treated as statistical indicators rather than confirmed physical root causes.",Very Strong Risk Signal,Moderate Reliability,0.1372705506783719,Outside Typical Historical Experience,No Retrieved Historical Failure Evidence,High Risk with Reliability Caution,True,Hold for inspection or prioritised engineering assessment before continuing.,"The primary operational decision is High Risk. The retained Beta-calibrated model estimated a failure probability of 19.59%, corresponding to Very Strong Risk Signal. Prediction reliability is Moderate Reliability, and the record is outside typical historical experience relative to the development data. The ten retrieved development neighbours contained 0 observed failures, with a similarity-weighted historical failure rate of 0.00%; this is classified as No Retrieved Historical Failure Evidence. The principal model-attribution features were sensor_104, sensor_065, sensor_060, sensor_066, sensor_034. Overall evidence status: High Risk with Reliability Caution. Historical similarity and SHAP attribution are supporting statistical evidence only and do not establish a physical root cause.",True,False,False
WF-000954,0,Pass,2008-09-20 14:50:00,0.0475600435719507,0.3494254607649666,0.6505745392350334,0.7601674204132305,0.4876296887470072,0.0177777777777777,0.0258627151115169,0.0561245503094461,0.0302618351979291,Engineering Review,No abstention,0,10,0.0,0.0,0.5076700389142913,0.6814628165054237,No Retrieved Failure Evidence,0.1501507460382126,0.290531698419165,sensor_288,"sensor_131, sensor_104, sensor_130, sensor_060, sensor_126","The record was assigned to Engineering Review with a calibrated failure probability of 4.76%. The strongest model contributions increasing risk were sensor_288. Contributions reducing predicted risk were sensor_131, sensor_104, sensor_130. The internal prediction-confidence score was 34.94%. Because SECOM sensors are anonymous, these features must be treated as statistical indicators rather than confirmed physical root causes.",Intermediate Risk Signal,Moderate Reliability,0.5123703112529928,Familiar,No Retrieved Historical Failure Evidence,Mixed or Intermediate Evidence,False,Prioritise engineering assessment using the SHAP-ranked sensor evidence and retrieved historical cases.,"The primary operational decision is Engineering Review. The retained Beta-calibrated model estimated a failure probability of 4.76%, corresponding to Intermediate Risk Signal. Prediction reliability is Moderate Reliability, and the record is familiar relative to the development data. The ten retrieved development neighbours contained 0 observed failures, with a similarity-weighted historical failure rate of 0.00%; this is classified as No Retrieved Historical Failure Evidence. The principal model-attribution features were sensor_288. Overall evidence status: Mixed or Intermediate Evidence. Historical similarity and SHAP attribution are supporting statistical evidence only and do not establish a physical root cause.",True,False,False
WF-000154,0,Pass,2008-08-07 11:10:00,0.1163668071051087,0.160829981719526,0.839170018280474,0.4888268156424581,0.8419792498004789,0.0,0.0760748343056939,0.1457237033095731,0.0696488690038792,High Risk,No abstention,0,10,0.0,0.0,0.1048979688971284,0.3577188425903935,No Retrieved Failure Evidence,0.2042523453667424,0.2370380596524566,"sensor_104, sensor_060, sensor_511, sensor_386, sensor_520","sensor_478, sensor_122, sensor_342","The record was assigned to High Risk with a calibrated failure probability of 11.64%. The strongest model contributions increasing risk were sensor_104, sensor_060, sensor_511. Contributions reducing predicted risk were sensor_478, sensor_122, sensor_342. The internal prediction-confidence score was 16.08%. Because SECOM sensors are anonymous, these features must be treated as statistical indicators rather than confirmed physical root causes.",Strong Risk Signal,Low Reliability,0.1580207501995211,Unusual,No Retrieved Historical Failure Evidence,High Risk with Reliability Caution,True,Hold for inspection or prioritised engineering assessment before continuing.,"The primary operational decision is High Risk. The retained Beta-calibrated model estimated a failure probability of 11.64%, corresponding to Strong Risk Signal. Prediction reliability is Low Reliability, and the record is unusual relative to the development data. The ten retrieved development neighbours contained 0 observed failures, with a similarity-weighted historical failure rate of 0.00%; this is classified as No Retrieved Historical Failure Evidence. The principal model-attribution features were sensor_104, sensor_060, sensor_511, sensor_386, sensor_520. Overall evidence status: High Risk with Reliability Caution. Historical similarity and SHAP attribution are supporting statistical evidence only and do not establish a physical root cause.",True,False,False
WF-001447,0,Pass,2008-10-10 10:46:00,0.0256892989555889,0.297932851520824,0.7020671484791761,0.4057380509000621,0.9672785315243416,0.0177777777777777,0.0238242053660866,0.045949565207229,0.0221253598411424,Low Risk,No abstention,1,9,0.1,0.1,3.543765080723337e-28,2.8527774134900707e-27,Limited Failure Evidence,0.1184519421020715,0.321380513530643,sensor_082,"sensor_104, sensor_214, sensor_352, sensor_060, sensor_478","The record was assigned to Low Risk with a calibrated failure probability of 2.57%. The strongest model contributions increasing risk were sensor_082. Contributions reducing predicted risk were sensor_104, sensor_214, sensor_352. The internal prediction-confidence score was 29.79%. Because SECOM sensors are anonymous, these features must be treated as statistical indicators rather than confirmed physical root causes.",Moderate Low-Risk Signal,Moderate Reliability,0.03272146847565838,Outside Typical Historical Experience,Limited Historical Failure Evidence,Low-Risk Decision with Reliability Caution,True,Do not rely on automatic release alone. Verify the highlighted evidence before continuing.,"The primary operational decision is Low Risk. The retained Beta-calibrated model estimated a failure probability of 2.57%, corresponding to Moderate Low-Risk Signal. Prediction reliability is Moderate Reliability, and the record is outside typical historical experience relative to the development data. The ten retrieved development neighbours contained 1 observed failures, with a similarity-weighted historical failure rate of 10.00%; this is classified as Limited Historical Failure Evidence. The principal model-attribution features were sensor_082. Overall evidence status: Low-Risk Decision with Reliability Caution. Historical similarity and SHAP attribution are supporting statistical evidence only and do not establish a physical root cause.",True,False,False
WF-000767,0,Pass,2008-09-08 21:36:00,0.0480821176462884,0.3954630917997014,0.6045369082002986,0.7077650084242263,0.5115722266560255,0.0355555555555555,0.0350271638919479,0.0459898806224422,0.0109627167304943,Engineering Review,No abstention,0,10,0.0,0.0,0.6019643417223415,0.8151433869191498,No Retrieved Failure Evidence,0.1457737574699613,0.2849642336604375,"sensor_511, sensor_015, sensor_424","sensor_034, sensor_104, sensor_060, sensor_206, sensor_029","The record was assigned to Engineering Review with a calibrated failure probability of 4.81%. The strongest model contributions increasing risk were sensor_511, sensor_015, sensor_424. Contributions reducing predicted risk were sensor_034, sensor_104, sensor_060. The internal prediction-confidence score was 39.55%. Because SECOM sensors are anonymous, these features must be treated as statistical indicators rather than confirmed physical root causes.",Intermediate Risk Signal,Moderate Reliability,0.48842777334397447,Familiar,No Retrieved Historical Failure Evidence,Mixed or Intermediate Evidence,False,Prioritise engineering assessment using the SHAP-ranked sensor evidence and retrieved historical cases.,"The primary operational decision is Engineering Review. The retained Beta-calibrated model estimated a failure probability of 4.81%, corresponding to Intermediate Risk Signal. Prediction reliability is Moderate Reliability, and the record is familiar relative to the development data. The ten retrieved development neighbours contained 0 observed failures, with a similarity-weighted historical failure rate of 0.00%; this is classified as No Retrieved Historical Failure Evidence. The principal model-attribution features were sensor_511, sensor_015, sensor_424. Overall evidence status: Mixed or Intermediate Evidence. Historical similarity and SHAP attribution are supporting statistical evidence only and do not establish a physical root cause.",True,False,False
WF-000456,0,Pass,2008-08-27 17:14:00,0.0231566041013922,0.3845322122283467,0.6154677877716532,0.5862330407023144,0.6280925778132482,0.0,0.0249928091964728,0.0340702457615558,0.0090774365650829,Low Risk,No abstention,2,8,0.2049558166208989,0.2,0.6274637920997521,0.8851307321676658,Limited Failure Evidence,0.1068931549267161,0.3194883930219543,sensor_064,"sensor_104, sensor_034, sensor_520, sensor_478, sensor_206","The record was assigned to Low Risk with a calibrated failure probability of 2.32%. The strongest model contributions increasing risk were sensor_064. Contributions reducing predicted risk were sensor_104, sensor_034, sensor_520. The internal prediction-confidence score was 38.45%. Because SECOM sensors are anonymous, these features must be treated as statistical indicators rather than confirmed physical root causes.",Moderate Low-Risk Signal,Moderate Reliability,0.37190742218675177,Unusual,Moderate Historical Failure Evidence,Low-Risk Decision with Historical Conflict,True,Do not rely on automatic release alone. Verify the highlighted evidence before continuing.,"The primary operational decision is Low Risk. The retained Beta-calibrated model estimated a failure probability of 2.32%, corresponding to Moderate Low-Risk Signal. Prediction reliability is Moderate Reliability, and the record is unusual relative to the development data. The ten retrieved development neighbours contained 2 observed failures, with a similarity-weighted historical failure rate of 20.50%; this is classified as Moderate Historical Failure Evidence. The principal model-attribution features were sensor_064. Overall evidence status: Low-Risk Decision with Historical Conflict. Historical similarity and SHAP attribution are supporting statistical evidence only and do not establish a physical root cause.",True,False,False
WF-001250,0,Pass,2008-10-02 17:00:00,0.0608561260742196,0.294246979903959,0.7057530200960409,0.6257781324820431,0.5897845171588189,0.0,0.0399141944623754,0.0790427473808465,0.0391285529184711,Engineering Review,No abstention,0,10,0.0,0.0,0.6090284082038168,0.911881307614159,No Retrieved Failure Evidence,0.159897742716394,0.2726834570021083,"sensor_489, sensor_015","sensor_104, sensor_520, sensor_248, sensor_181, sensor_317","The record was assigned to Engineering Review with a calibrated failure probability of 6.09%. The strongest model contributions increasing risk were sensor_489, sensor_015. Contributions reducing predicted risk were sensor_104, sensor_520, sensor_248. The internal prediction-confidence score was 29.42%. Because SECOM sensors are anonymous, these features must be treated as statistical indicators rather than confirmed physical root causes.",Intermediate Risk Signal,Moderate Reliability,0.41021548284118114,Familiar,No Retrieved Historical Failure Evidence,Mixed or Intermediate Evidence,False,Prioritise engineering assessment using the SHAP-ranked sensor evidence and retrieved historical cases.,"The primary operational decision is Engineering Review. The retained Beta-calibrated model estimated a failure probability of 6.09%, corresponding to Intermediate Risk Signal. Prediction reliability is Moderate Reliability, and the record is familiar relative to the development data. The ten retrieved development neighbours contained 0 observed failures, with a similarity-weighted historical failure rate of 0.00%; this is classified as No Retrieved Historical Failure Evidence. The principal model-attribution features were sensor_489, sensor_015. Overall evidence status: Mixed or Intermediate Evidence. Historical similarity and SHAP attribution are supporting statistical evidence only and do not establish a physical root cause.",True,False,False
WF-001117,0,Pass,2008-09-27 00:16:00,0.0539520871203171,0.3499027239361751,0.6500972760638248,0.7276454730868139,0.515562649640862,0.0177777777777777,0.0303014363792999,0.0579053489514956,0.0276039125721957,Engineering Review,No abstention,0,10,0.0,0.0,0.1822156480635071,0.3670961195781827,No Retrieved Failure Evidence,0.1537969846131431,0.2802493655655241,sensor_489,"sensor_104, sensor_511, sensor_060, sensor_206, sensor_432","The record was assigned to Engineering Review with a calibrated failure probability of 5.40%. The strongest model contributions increasing risk were sensor_489. Contributions reducing predicted risk were sensor_104, sensor_511, sensor_060. The internal prediction-confidence score was 34.99%. Because SECOM sensors are anonymous, these features must be treated as statistical indicators rather than confirmed physical root causes.",Intermediate Risk Signal,Moderate Reliability,0.48443735035913804,Familiar,No Retrieved Historical Failure Evidence,Mixed or Intermediate Evidence,False,Prioritise engineering assessment using the SHAP-ranked sensor evidence and retrieved historical cases.,"The primary operational decision is Engineering Review. The retained Beta-calibrated model estimated a failure probability of 5.40%, corresponding to Intermediate Risk Signal. Prediction reliability is Moderate Reliability, and the record is familiar relative to the development data. The ten retrieved development neighbours contained 0 observed failures, with a similarity-weighted historical failure rate of 0.00%; this is classified as No Retrieved Historical Failure Evidence. The principal model-attribution features were sensor_489. Overall evidence status: Mixed or Intermediate Evidence. Historical similarity and SHAP attribution are supporting statistical evidence only and do not establish a physical root cause.",True,False,False
WF-000384,0,Pass,2008-08-21 22:25:00,0.1083175541615425,0.1667206151448141,0.8332793848551858,0.5368511128846324,0.6887470071827614,0.0444444444444444,0.0544716013663254,0.1206310160861574,0.066159414719832,High Risk,No abstention,0,10,0.0,0.0,0.3226392672409489,0.7349623327626175,No Retrieved Failure Evidence,0.1956388234325252,0.2378292996230014,"sensor_153, sensor_017, sensor_034, sensor_426, sensor_288","sensor_060, sensor_104, sensor_574, sensor_485","The record was assigned to High Risk with a calibrated failure probability of 10.83%. The strongest model contributions increasing risk were sensor_153, sensor_017, sensor_034. Contributions reducing predicted risk were sensor_060, sensor_104, sensor_574. The internal prediction-confidence score was 16.67%. Because SECOM sensors are anonymous, these features must be treated as statistical indicators rather than confirmed physical root causes.",Strong Risk Signal,Low Reliability,0.3112529928172386,Unusual,No Retrieved Historical Failure Evidence,High Risk with Reliability Caution,True,Hold for inspection or prioritised engineering assessment before continuing.,"The primary operational decision is High Risk. The retained Beta-calibrated model estimated a failure probability of 10.83%, corresponding to Strong Risk Signal. Prediction reliability is Low Reliability, and the record is unusual relative to the development data. The ten retrieved development neighbours contained 0 observed failures, with a similarity-weighted historical failure rate of 0.00%; this is classified as No Retrieved Historical Failure Evidence. The principal model-attribution features were sensor_153, sensor_017, sensor_034, sensor_426, sensor_288. Overall evidence status: High Risk with Reliability Caution. Historical similarity and SHAP attribution are supporting statistical evidence only and do not establish a physical root cause.",True,False,False
WF-001034,0,Pass,2008-09-23 12:31:00,0.0771235202510167,0.194284902104989,0.805715097895011,0.5322344595193758,0.9193934557063048,0.0177777777777777,0.0668174718361286,0.1283777953111289,0.0615603234750002,Engineering Review,No abstention,1,9,0.0768968230023324,0.1,0.2973151895071533,0.3791236837487289,Limited Failure Evidence,0.1710678153287756,0.255901148662109,"sensor_349, sensor_082","sensor_104, sensor_060, sensor_511, sensor_130, sensor_206","The record was assigned to Engineering Review with a calibrated failure probability of 7.71%. The strongest model contributions increasing risk were sensor_349, sensor_082. Contributions reducing predicted risk were sensor_104, sensor_060, sensor_511. The internal prediction-confidence score was 19.43%. Because SECOM sensors are anonymous, these features must be treated as statistical indicators rather than confirmed physical root causes.",Intermediate Risk Signal,Low Reliability,0.08060654429369518,Outside Typical Historical Experience,Limited Historical Failure Evidence,Review Driven by Reliability Concern,False,Prioritise engineering assessment using the SHAP-ranked sensor evidence and retrieved historical cases.,"The primary operational decision is Engineering Review. The retained Beta-calibrated model estimated a failure probability of 7.71%, corresponding to Intermediate Risk Signal. Prediction reliability is Low Reliability, and the record is outside typical historical experience relative to the development data. The ten retrieved development neighbours contained 1 observed failures, with a similarity-weighted historical failure rate of 7.69%; this is classified as Limited Historical Failure Evidence. The principal model-attribution features were sensor_349, sensor_082. Overall evidence status: Review Driven by Reliability Concern. Historical similarity and SHAP attribution are supporting statistical evidence only and do not establish a physical root cause.",True,False,False
WF-000171,0,Pass,2008-08-09 17:34:00,0.2453715147057599,0.1805531186984122,0.8194468813015878,0.5001197126895451,0.7749401436552275,0.0,0.1923986886332482,0.3068872683755586,0.1144885797423103,High Risk,No abstention,2,8,0.0742195406600009,0.2,0.0609588613872187,0.2107310754318083,Limited Failure Evidence,0.2548360708980445,0.1798836899456636,"sensor_104, sensor_511, sensor_060, sensor_206, sensor_520",sensor_378,"The record was assigned to High Risk with a calibrated failure probability of 24.54%. The strongest model contributions increasing risk were sensor_104, sensor_511, sensor_060. Contributions reducing predicted risk were sensor_378. The internal prediction-confidence score was 18.06%. Because SECOM sensors are anonymous, these features must be treated as statistical indicators rather than confirmed physical root causes.",Very Strong Risk Signal,Low Reliability,0.22505985634477255,Unusual,Limited Historical Failure Evidence,High Risk with Reliability Caution,True,Hold for inspection or prioritised engineering assessment before continuing.,"The primary operational decision is High Risk. The retained Beta-calibrated model estimated a failure probability of 24.54%, corresponding to Very Strong Risk Signal. Prediction reliability is Low Reliability, and the record is unusual relative to the development data. The ten retrieved development neighbours contained 2 observed failures, with a similarity-weighted historical failure rate of 7.42%; this is classified as Limited Historical Failure Evidence. The principal model-attribution features were sensor_104, sensor_511, sensor_060, sensor_206, sensor_520. Overall evidence status: High Risk with Reliability Caution. Historical similarity and SHAP attribution are supporting statistical evidence only and do not establish a physical root cause.",True,False,False
WF-001368,0,Pass,2008-10-06 15:52:00,0.0473835448352099,0.3658752771980759,0.634124722801924,0.7076135497029352,0.636073423782921,0.0177777777777777,0.0347142098262565,0.0551311671423443,0.0204169573160877,Engineering Review,No abstention,0,10,0.0,0.0,0.7264804552359385,0.9042230461307152,No Retrieved Failure Evidence,0.1481511979830691,0.2889369122687834,sensor_001,"sensor_104, sensor_126, sensor_511, sensor_206, sensor_015","The record was assigned to Engineering Review with a calibrated failure probability of 4.74%. The strongest model contributions increasing risk were sensor_001. Contributions reducing predicted risk were sensor_104, sensor_126, sensor_511. The internal prediction-confidence score was 36.59%. Because SECOM sensors are anonymous, these features must be treated as statistical indicators rather than confirmed physical root causes.",Intermediate Risk Signal,Moderate Reliability,0.363926576217079,Unusual,No Retrieved Historical Failure Evidence,Review Driven by Reliability Concern,False,Prioritise engineering assessment using the SHAP-ranked sensor evidence and retrieved historical cases.,"The primary operational decision is Engineering Review. The retained Beta-calibrated model estimated a failure probability of 4.74%, corresponding to Intermediate Risk Signal. Prediction reliability is Moderate Reliability, and the record is unusual relative to the development data. The ten retrieved development neighbours contained 0 observed failures, with a similarity-weighted historical failure rate of 0.00%; this is classified as No Retrieved Historical Failure Evidence. The principal model-attribution features were sensor_001. Overall evidence status: Review Driven by Reliability Concern. Historical similarity and SHAP attribution are supporting statistical evidence only and do not establish a physical root cause.",True,False,False
WF-000888,0,Pass,2008-09-18 18:12:00,0.0231805995380912,0.4401252905186626,0.5598747094813373,0.8115681475569743,0.3623304070231444,0.0088888888888888,0.0216704750303244,0.0343214208847894,0.012650945854465,Low Risk,No abstention,0,10,0.0,0.0,0.4761589855286378,0.7855441915127974,No Retrieved Failure Evidence,0.1185829921378382,0.3310829921378382,,"sensor_214, sensor_104, sensor_034, sensor_131, sensor_352","The record was assigned to Low Risk with a calibrated failure probability of 2.32%. The strongest model contributions increasing risk were no dominant positive sensor contribution. Contributions reducing predicted risk were sensor_214, sensor_104, sensor_034. The internal prediction-confidence score was 44.01%. Because SECOM sensors are anonymous, these features must be treated as statistical indicators rather than confirmed physical root causes.",Moderate Low-Risk Signal,Moderate Reliability,0.6376695929768557,Familiar,No Retrieved Historical Failure Evidence,Convergent Low-Risk Evidence,False,Continue processing under standard monitoring.,"The primary operational decision is Low Risk. The retained Beta-calibrated model estimated a failure probability of 2.32%, corresponding to Moderate Low-Risk Signal. Prediction reliability is Moderate Reliability, and the record is familiar relative to the development data. The ten retrieved development neighbours contained 0 observed failures, with a similarity-weighted historical failure rate of 0.00%; this is classified as No Retrieved Historical Failure Evidence. The principal model-attribution features were no dominant positive sensor attribution was available. Overall evidence status: Convergent Low-Risk Evidence. Historical similarity and SHAP attribution are supporting statistical evidence only and do not establish a physical root cause.",True,False,False
WF-001074,0,Pass,2008-09-25 07:58:00,0.0255857049947101,0.4411518393451659,0.5588481606548341,0.7815161833821052,0.3918595371109337,0.0177777777777777,0.0191681489979623,0.0277241398328652,0.0085559908349029,Low Risk,No abstention,0,10,0.0,0.0,0.7305689436523781,0.9121451463686172,No Retrieved Failure Evidence,0.1238554607443497,0.3271649845538735,,"sensor_104, sensor_214, sensor_060, sensor_206, sensor_352","The record was assigned to Low Risk with a calibrated failure probability of 2.56%. The strongest model contributions increasing risk were no dominant positive sensor contribution. Contributions reducing predicted risk were sensor_104, sensor_214, sensor_060. The internal prediction-confidence score was 44.12%. Because SECOM sensors are anonymous, these features must be treated as statistical indicators rather than confirmed physical root causes.",Moderate Low-Risk Signal,Moderate Reliability,0.6081404628890663,Familiar,No Retrieved Historical Failure Evidence,Convergent Low-Risk Evidence,False,Continue processing under standard monitoring.,"The primary operational decision is Low Risk. The retained Beta-calibrated model estimated a failure probability of 2.56%, corresponding to Moderate Low-Risk Signal. Prediction reliability is Moderate Reliability, and the record is familiar relative to the development data. The ten retrieved development neighbours contained 0 observed failures, with a similarity-weighted historical failure rate of 0.00%; this is classified as No Retrieved Historical Failure Evidence. The principal model-attribution features were no dominant positive sensor attribution was available. Overall evidence status: Convergent Low-Risk Evidence. Historical similarity and SHAP attribution are supporting statistical evidence only and do not establish a physical root cause.",True,False,False
WF-001566,0,Pass,2008-10-17 06:01:00,0.0237743521976791,0.4466011426500669,0.5533988573499331,0.8239294138512016,0.2529928172386273,0.1155555555555555,0.0220594869055577,0.0342606351845048,0.012201148278947,Low Risk,No abstention,2,8,0.1776728443238176,0.2,0.5408933773582014,0.7609934254839433,Limited Failure Evidence,0.1156711915919137,0.3258378582585804,"sensor_511, sensor_034","sensor_131, sensor_201, sensor_126, sensor_181, sensor_432","The record was assigned to Low Risk with a calibrated failure probability of 2.38%. The strongest model contributions increasing risk were sensor_511, sensor_034. Contributions reducing predicted risk were sensor_131, sensor_201, sensor_126. The internal prediction-confidence score was 44.66%. Because SECOM sensors are anonymous, these features must be treated as statistical indicators rather than confirmed physical root causes.",Moderate Low-Risk Signal,Moderate Reliability,0.7470071827613727,Familiar,Moderate Historical Failure Evidence,Low-Risk Decision with Historical Conflict,True,Do not rely on automatic release alone. Verify the highlighted evidence before continuing.,"The primary operational decision is Low Risk. The retained Beta-calibrated model estimated a failure probability of 2.38%, corresponding to Moderate Low-Risk Signal. Prediction reliability is Moderate Reliability, and the record is familiar relative to the development data. The ten retrieved development neighbours contained 2 observed failures, with a similarity-weighted historical failure rate of 17.77%; this is classified as Moderate Historical Failure Evidence. The principal model-attribution features were sensor_511, sensor_034. Overall evidence status: Low-Risk Decision with Historical Conflict. Historical similarity and SHAP attribution are supporting statistical evidence only and do not establish a physical root cause.",True,False,False
WF-000217,0,Pass,2008-08-16 08:39:00,0.1679896899796958,0.246203090900397,0.753796909099603,0.714245810055866,0.3934557063048683,0.0,0.1621942083029081,0.2226041093249889,0.0604099010220808,High Risk,No abstention,2,8,0.1662338545120203,0.2,0.203289753259472,0.3222221899695933,Limited Failure Evidence,0.2294909616029118,0.211681437793388,"sensor_104, sensor_060, sensor_034, sensor_478, sensor_206","sensor_032, sensor_511, sensor_564, sensor_317","The record was assigned to High Risk with a calibrated failure probability of 16.80%. The strongest model contributions increasing risk were sensor_104, sensor_060, sensor_034. Contributions reducing predicted risk were sensor_032, sensor_511, sensor_564. The internal prediction-confidence score was 24.62%. Because SECOM sensors are anonymous, these features must be treated as statistical indicators rather than confirmed physical root causes.",Very Strong Risk Signal,Low Reliability,0.6065442936951317,Familiar,Moderate Historical Failure Evidence,High Risk with Reliability Caution,True,Hold for inspection or prioritised engineering assessment before continuing.,"The primary operational decision is High Risk. The retained Beta-calibrated model estimated a failure probability of 16.80%, corresponding to Very Strong Risk Signal. Prediction reliability is Low Reliability, and the record is familiar relative to the development data. The ten retrieved development neighbours contained 2 observed failures, with a similarity-weighted historical failure rate of 16.62%; this is classified as Moderate Historical Failure Evidence. The principal model-attribution features were sensor_104, sensor_060, sensor_034, sensor_478, sensor_206. Overall evidence status: High Risk with Reliability Caution. Historical similarity and SHAP attribution are supporting statistical evidence only and do not establish a physical root cause.",True,False,False
WF-001185,0,Pass,2008-09-29 21:26:00,0.0313558480806723,0.4581440231495723,0.5418559768504276,0.9335952824332712,0.1476456504389465,0.0088888888888888,0.0291994098476998,0.0449573398160026,0.0157579299683028,Low Risk,No abstention,0,10,0.0,0.0,0.3279190415674584,0.6602788395000021,No Retrieved Failure Evidence,0.1323220050337207,0.3159886717003874,"sensor_065, sensor_066, sensor_015, sensor_489","sensor_104, sensor_520, sensor_060, sensor_248, sensor_511","The record was assigned to Low Risk with a calibrated failure probability of 3.14%. The strongest model contributions increasing risk were sensor_065, sensor_066, sensor_015. Contributions reducing predicted risk were sensor_104, sensor_520, sensor_060. The internal prediction-confidence score was 45.81%. Because SECOM sensors are anonymous, these features must be treated as statistical indicators rather than confirmed physical root causes.",Moderate Low-Risk Signal,Moderate Reliability,0.8523543495610535,Very Familiar,No Retrieved Historical Failure Evidence,Convergent Low-Risk Evidence,False,Continue processing under standard monitoring.,"The primary operational decision is Low Risk. The retained Beta-calibrated model estimated a failure probability of 3.14%, corresponding to Moderate Low-Risk Signal. Prediction reliability is Moderate Reliability, and the record is very familiar relative to the development data. The ten retrieved development neighbours contained 0 observed failures, with a similarity-weighted historical failure rate of 0.00%; this is classified as No Retrieved Historical Failure Evidence. The principal model-attribution features were sensor_065, sensor_066, sensor_015, sensor_489. Overall evidence status: Convergent Low-Risk Evidence. Historical similarity and SHAP attribution are supporting statistical evidence only and do not establish a physical root cause.",True,False,False
WF-000002,0,Pass,2008-07-19 12:32:00,0.0622417162205708,0.2844558465860414,0.7155441534139586,0.6584832845614969,0.7390263367916999,0.0355555555555555,0.0583791796471856,0.0979586570214957,0.03957947737431,Engineering Review,No abstention,0,10,0.0,0.0,0.3093631472756547,0.6390878769827829,No Retrieved Failure Evidence,0.1632426565187424,0.2734331327092186,"sensor_104, sensor_511, sensor_039, sensor_034, sensor_103","sensor_060, sensor_432, sensor_201, sensor_480, sensor_469","The record was assigned to Engineering Review with a calibrated failure probability of 6.22%. The strongest model contributions increasing risk were sensor_104, sensor_511, sensor_039. Contributions reducing predicted risk were sensor_060, sensor_432, sensor_201. The internal prediction-confidence score was 28.45%. Because SECOM sensors are anonymous, these features must be treated as statistical indicators rather than confirmed physical root causes.",Intermediate Risk Signal,Moderate Reliability,0.26097366320830007,Unusual,No Retrieved Historical Failure Evidence,Review Driven by Reliability Concern,False,Prioritise engineering assessment using the SHAP-ranked sensor evidence and retrieved historical cases.,"The primary operational decision is Engineering Review. The retained Beta-calibrated model estimated a failure probability of 6.22%, corresponding to Intermediate Risk Signal. Prediction reliability is Moderate Reliability, and the record is unusual relative to the development data. The ten retrieved development neighbours contained 0 observed failures, with a similarity-weighted historical failure rate of 0.00%; this is classified as No Retrieved Historical Failure Evidence. The principal model-attribution features were sensor_104, sensor_511, sensor_039, sensor_034, sensor_103. Overall evidence status: Review Driven by Reliability Concern. Historical similarity and SHAP attribution are supporting statistical evidence only and do not establish a physical root cause.",True,False,False
WF-001151,0,Pass,2008-09-28 08:41:00,0.0184493647110867,0.3692702494923044,0.6307297505076956,0.550115633590494,0.7462090981644054,0.0088888888888888,0.0256877383074499,0.0407324313894564,0.0150446930820065,Low Risk,No abstention,0,10,0.0,0.0,0.5327989849916575,0.6897917079533702,No Retrieved Failure Evidence,0.1128724712847408,0.3457772331895027,sensor_489,"sensor_034, sensor_104, sensor_060, sensor_130, sensor_511","The record was assigned to Low Risk with a calibrated failure probability of 1.84%. The strongest model contributions increasing risk were sensor_489. Contributions reducing predicted risk were sensor_034, sensor_104, sensor_060. The internal prediction-confidence score was 36.93%. Because SECOM sensors are anonymous, these features must be treated as statistical indicators rather than confirmed physical root causes.",Moderate Low-Risk Signal,Moderate Reliability,0.2537909018355946,Unusual,No Retrieved Historical Failure Evidence,Low-Risk Decision with Reliability Caution,True,Do not rely on automatic release alone. Verify the highlighted evidence before continuing.,"The primary operational decision is Low Risk. The retained Beta-calibrated model estimated a failure probability of 1.84%, corresponding to Moderate Low-Risk Signal. Prediction reliability is Moderate Reliability, and the record is unusual relative to the development data. The ten retrieved development neighbours contained 0 observed failures, with a similarity-weighted historical failure rate of 0.00%; this is classified as No Retrieved Historical Failure Evidence. The principal model-attribution features were sensor_489. Overall evidence status: Low-Risk Decision with Reliability Caution. Historical similarity and SHAP attribution are supporting statistical evidence only and do not establish a physical root cause.",True,False,False
WF-000583,0,Pass,2008-08-30 11:57:00,0.0595071627983477,0.3037015086198507,0.6962984913801493,0.633822470515208,0.690343176376696,0.0355555555555555,0.0435829375129181,0.0788641138209576,0.0352811763080395,Engineering Review,No abstention,1,9,0.0598446660344594,0.1,0.3792559315661944,0.8406942278772312,Limited Failure Evidence,0.1605450399639899,0.2759021828211328,"sensor_421, sensor_103","sensor_104, sensor_248, sensor_060, sensor_206, sensor_520","The record was assigned to Engineering Review with a calibrated failure probability of 5.95%. The strongest model contributions increasing risk were sensor_421, sensor_103. Contributions reducing predicted risk were sensor_104, sensor_248, sensor_060. The internal prediction-confidence score was 30.37%. Because SECOM sensors are anonymous, these features must be treated as statistical indicators rather than confirmed physical root causes.",Intermediate Risk Signal,Moderate Reliability,0.30965682362330404,Unusual,Limited Historical Failure Evidence,Review Driven by Reliability Concern,False,Prioritise engineering assessment using the SHAP-ranked sensor evidence and retrieved historical cases.,"The primary operational decision is Engineering Review. The retained Beta-calibrated model estimated a failure probability of 5.95%, corresponding to Intermediate Risk Signal. Prediction reliability is Moderate Reliability, and the record is unusual relative to the development data. The ten retrieved development neighbours contained 1 observed failures, with a similarity-weighted historical failure rate of 5.98%; this is classified as Limited Historical Failure Evidence. The principal model-attribution features were sensor_421, sensor_103. Overall evidence status: Review Driven by Reliability Concern. Historical similarity and SHAP attribution are supporting statistical evidence only and do not establish a physical root cause.",True,False,False
WF-001192,0,Pass,2008-09-30 04:42:00,0.0988537527957076,0.3089427468217092,0.6910572531782908,0.6941340782122906,0.3471667996807661,0.0,0.0577046452510625,0.0950847167768066,0.0373800715257441,High Risk,No abstention,0,10,0.0,0.0,0.4979522449154454,0.8961180706446585,No Retrieved Failure Evidence,0.1900477706856512,0.2440239611618417,"sensor_282, sensor_082, sensor_060","sensor_104, sensor_478, sensor_520, sensor_206, sensor_342","The record was assigned to High Risk with a calibrated failure probability of 9.89%. The strongest model contributions increasing risk were sensor_282, sensor_082, sensor_060. Contributions reducing predicted risk were sensor_104, sensor_478, sensor_520. The internal prediction-confidence score was 30.89%. Because SECOM sensors are anonymous, these features must be treated as statistical indicators rather than confirmed physical root causes.",Strong Risk Signal,Moderate Reliability,0.6528332003192339,Familiar,No Retrieved Historical Failure Evidence,Model-Led Risk Evidence,False,Hold for inspection or prioritised engineering assessment before continuing.,"The primary operational decision is High Risk. The retained Beta-calibrated model estimated a failure probability of 9.89%, corresponding to Strong Risk Signal. Prediction reliability is Moderate Reliability, and the record is familiar relative to the development data. The ten retrieved development neighbours contained 0 observed failures, with a similarity-weighted historical failure rate of 0.00%; this is classified as No Retrieved Historical Failure Evidence. The principal model-attribution features were sensor_282, sensor_082, sensor_060. Overall evidence status: Model-Led Risk Evidence. Historical similarity and SHAP attribution are supporting statistical evidence only and do not establish a physical root cause.",True,False,False
WF-001399,0,Pass,2008-10-07 11:36:00,0.0508143739127773,0.3396815587581951,0.6603184412418048,0.6971187372528155,0.7071029529130087,0.0177777777777777,0.0320034681953218,0.0614366925130142,0.0294332243176924,Engineering Review,No abstention,2,8,0.1907540357721301,0.2,0.5813724215862444,0.7540415133837571,Limited Failure Evidence,0.1563328223609697,0.2894518699800174,"sensor_065, sensor_001","sensor_104, sensor_060, sensor_317, sensor_453, sensor_181","The record was assigned to Engineering Review with a calibrated failure probability of 5.08%. The strongest model contributions increasing risk were sensor_065, sensor_001. Contributions reducing predicted risk were sensor_104, sensor_060, sensor_317. The internal prediction-confidence score was 33.97%. Because SECOM sensors are anonymous, these features must be treated as statistical indicators rather than confirmed physical root causes.",Intermediate Risk Signal,Moderate Reliability,0.29289704708699127,Unusual,Moderate Historical Failure Evidence,Review with Supporting Historical Risk,False,Prioritise engineering assessment using the SHAP-ranked sensor evidence and retrieved historical cases.,"The primary operational decision is Engineering Review. The retained Beta-calibrated model estimated a failure probability of 5.08%, corresponding to Intermediate Risk Signal. Prediction reliability is Moderate Reliability, and the record is unusual relative to the development data. The ten retrieved development neighbours contained 2 observed failures, with a similarity-weighted historical failure rate of 19.08%; this is classified as Moderate Historical Failure Evidence. The principal model-attribution features were sensor_065, sensor_001. Overall evidence status: Review with Supporting Historical Risk. Historical similarity and SHAP attribution are supporting statistical evidence only and do not establish a physical root cause.",True,False,False
WF-000877,0,Pass,2008-09-18 01:40:00,0.0347794256432422,0.250089518194109,0.749910481805891,0.5808418905737343,0.7382282521947326,0.0088888888888888,0.0201700778443147,0.0711795779686601,0.0510095001243453,Low Risk,No abstention,1,9,0.075730257994951,0.1,0.3800594562628383,0.8290150466960677,Limited Failure Evidence,0.1353156058612502,0.3086013201469646,,"sensor_104, sensor_214, sensor_520, sensor_248, sensor_352","The record was assigned to Low Risk with a calibrated failure probability of 3.48%. The strongest model contributions increasing risk were no dominant positive sensor contribution. Contributions reducing predicted risk were sensor_104, sensor_214, sensor_520. The internal prediction-confidence score was 25.01%. Because SECOM sensors are anonymous, these features must be treated as statistical indicators rather than confirmed physical root causes.",Moderate Low-Risk Signal,Moderate Reliability,0.26177174780526735,Unusual,Limited Historical Failure Evidence,Low-Risk Decision with Reliability Caution,True,Do not rely on automatic release alone. Verify the highlighted evidence before continuing.,"The primary operational decision is Low Risk. The retained Beta-calibrated model estimated a failure probability of 3.48%, corresponding to Moderate Low-Risk Signal. Prediction reliability is Moderate Reliability, and the record is unusual relative to the development data. The ten retrieved development neighbours contained 1 observed failures, with a similarity-weighted historical failure rate of 7.57%; this is classified as Limited Historical Failure Evidence. The principal model-attribution features were no dominant positive sensor attribution was available. Overall evidence status: Low-Risk Decision with Reliability Caution. Historical similarity and SHAP attribution are supporting statistical evidence only and do not establish a physical root cause.",True,False,False
WF-000957,0,Pass,2008-09-20 15:19:00,0.0297655372257082,0.3309649652413883,0.6690350347586116,0.4479966303094795,0.953711093375898,0.0177777777777777,0.0214728367338309,0.0325844281892794,0.0111115914554485,Low Risk,No abstention,1,9,0.1120065687772608,0.1,0.4666789293195609,0.9069351495811356,Limited Failure Evidence,0.1297494450400426,0.3185351593257568,sensor_434,"sensor_104, sensor_214, sensor_060, sensor_352, sensor_130","The record was assigned to Low Risk with a calibrated failure probability of 2.98%. The strongest model contributions increasing risk were sensor_434. Contributions reducing predicted risk were sensor_104, sensor_214, sensor_060. The internal prediction-confidence score was 33.10%. Because SECOM sensors are anonymous, these features must be treated as statistical indicators rather than confirmed physical root causes.",Moderate Low-Risk Signal,Moderate Reliability,0.04628890662410201,Outside Typical Historical Experience,Limited Historical Failure Evidence,Low-Risk Decision with Reliability Caution,True,Do not rely on automatic release alone. Verify the highlighted evidence before continuing.,"The primary operational decision is Low Risk. The retained Beta-calibrated model estimated a failure probability of 2.98%, corresponding to Moderate Low-Risk Signal. Prediction reliability is Moderate Reliability, and the record is outside typical historical experience relative to the development data. The ten retrieved development neighbours contained 1 observed failures, with a similarity-weighted historical failure rate of 11.20%; this is classified as Limited Historical Failure Evidence. The principal model-attribution features were sensor_434. Overall evidence status: Low-Risk Decision with Reliability Caution. Historical similarity and SHAP attribution are supporting statistical evidence only and do not establish a physical root cause.",True,False,False
WF-001376,0,Pass,2008-10-06 19:42:00,0.049449644580472,0.4499977177780502,0.5500022822219498,0.8927292719694955,0.1476456504389465,0.0177777777777777,0.0470586363977276,0.0561968610410227,0.009138224643295,Engineering Review,No abstention,2,8,0.2147527842018467,0.2,0.6000928981850414,0.7827605728414349,Limited Failure Evidence,0.1387529960607595,0.2748720436798071,"sensor_104, sensor_489","sensor_060, sensor_126, sensor_548, sensor_206, sensor_201","The record was assigned to Engineering Review with a calibrated failure probability of 4.94%. The strongest model contributions increasing risk were sensor_104, sensor_489. Contributions reducing predicted risk were sensor_060, sensor_126, sensor_548. The internal prediction-confidence score was 45.00%. Because SECOM sensors are anonymous, these features must be treated as statistical indicators rather than confirmed physical root causes.",Intermediate Risk Signal,Moderate Reliability,0.8523543495610535,Very Familiar,Moderate Historical Failure Evidence,Review with Supporting Historical Risk,False,Prioritise engineering assessment using the SHAP-ranked sensor evidence and retrieved historical cases.,"The primary operational decision is Engineering Review. The retained Beta-calibrated model estimated a failure probability of 4.94%, corresponding to Intermediate Risk Signal. Prediction reliability is Moderate Reliability, and the record is very familiar relative to the development data. The ten retrieved development neighbours contained 2 observed failures, with a similarity-weighted historical failure rate of 21.48%; this is classified as Moderate Historical Failure Evidence. The principal model-attribution features were sensor_104, sensor_489. Overall evidence status: Review with Supporting Historical Risk. Historical similarity and SHAP attribution are supporting statistical evidence only and do not establish a physical root cause.",True,False,False
WF-000713,0,Pass,2008-09-03 06:26:00,0.017998145378469,0.4262656180604821,0.5737343819395179,0.7463646359847477,0.1763766959297685,0.0088888888888888,0.022518650153244,0.0352616470905805,0.0127429969373364,Low Risk,No abstention,1,9,0.0220110531587878,0.1,0.2615981596001197,0.7057539707973695,Limited Failure Evidence,0.1111595527702202,0.3462071718178392,,"sensor_034, sensor_032, sensor_104, sensor_317, sensor_060","The record was assigned to Low Risk with a calibrated failure probability of 1.80%. The strongest model contributions increasing risk were no dominant positive sensor contribution. Contributions reducing predicted risk were sensor_034, sensor_032, sensor_104. The internal prediction-confidence score was 42.63%. Because SECOM sensors are anonymous, these features must be treated as statistical indicators rather than confirmed physical root causes.",Moderate Low-Risk Signal,Moderate Reliability,0.8236233040702314,Very Familiar,Limited Historical Failure Evidence,Low-Risk Decision with Limited Support,False,Continue processing under standard monitoring.,"The primary operational decision is Low Risk. The retained Beta-calibrated model estimated a failure probability of 1.80%, corresponding to Moderate Low-Risk Signal. Prediction reliability is Moderate Reliability, and the record is very familiar relative to the development data. The ten retrieved development neighbours contained 1 observed failures, with a similarity-weighted historical failure rate of 2.20%; this is classified as Limited Historical Failure Evidence. The principal model-attribution features were no dominant positive sensor attribution was available. Overall evidence status: Low-Risk Decision with Limited Support. Historical similarity and SHAP attribution are supporting statistical evidence only and do not establish a physical root cause.",True,False,False
WF-000232,1,Fail,2008-08-17 12:16:00,0.0524209766877405,0.2943467490014412,0.7056532509985587,0.8003151547397358,0.1476456504389465,0.0088888888888888,0.0695500217446113,0.1212522707858762,0.0517022490412649,Engineering Review,No abstention,1,9,0.088870967979533,0.1,0.3314119215835799,0.4461689864153344,Limited Failure Evidence,0.1478048900787912,0.2774715567454578,"sensor_153, sensor_206, sensor_034","sensor_104, sensor_564, sensor_060, sensor_184, sensor_578","The record was assigned to Engineering Review with a calibrated failure probability of 5.24%. The strongest model contributions increasing risk were sensor_153, sensor_206, sensor_034. Contributions reducing predicted risk were sensor_104, sensor_564, sensor_060. The internal prediction-confidence score was 29.43%. Because SECOM sensors are anonymous, these features must be treated as statistical indicators rather than confirmed physical root causes.",Intermediate Risk Signal,Moderate Reliability,0.8523543495610535,Very Familiar,Limited Historical Failure Evidence,Mixed or Intermediate Evidence,False,Prioritise engineering assessment using the SHAP-ranked sensor evidence and retrieved historical cases.,"The primary operational decision is Engineering Review. The retained Beta-calibrated model estimated a failure probability of 5.24%, corresponding to Intermediate Risk Signal. Prediction reliability is Moderate Reliability, and the record is very familiar relative to the development data. The ten retrieved development neighbours contained 1 observed failures, with a similarity-weighted historical failure rate of 8.89%; this is classified as Limited Historical Failure Evidence. The principal model-attribution features were sensor_153, sensor_206, sensor_034. Overall evidence status: Mixed or Intermediate Evidence. Historical similarity and SHAP attribution are supporting statistical evidence only and do not establish a physical root cause.",True,False,False
WF-000570,0,Pass,2008-08-30 07:54:00,0.0470217662582769,0.31371651860435,0.68628348139565,0.7561399308326683,0.4836392657621708,0.0333333333333333,0.0388415859265338,0.080471745240199,0.0416301593136652,Engineering Review,No abstention,0,10,0.0,0.0,0.2089014926956073,0.7337324225250933,No Retrieved Failure Evidence,0.1423441220277862,0.2839631696468338,"sensor_015, sensor_082, sensor_011","sensor_032, sensor_104, sensor_065, sensor_282, sensor_022","The record was assigned to Engineering Review with a calibrated failure probability of 4.70%. The strongest model contributions increasing risk were sensor_015, sensor_082, sensor_011. Contributions reducing predicted risk were sensor_032, sensor_104, sensor_065. The internal prediction-confidence score was 31.37%. Because SECOM sensors are anonymous, these features must be treated as statistical indicators rather than confirmed physical root causes.",Intermediate Risk Signal,Moderate Reliability,0.5163607342378291,Familiar,No Retrieved Historical Failure Evidence,Mixed or Intermediate Evidence,False,Prioritise engineering assessment using the SHAP-ranked sensor evidence and retrieved historical cases.,"The primary operational decision is Engineering Review. The retained Beta-calibrated model estimated a failure probability of 4.70%, corresponding to Intermediate Risk Signal. Prediction reliability is Moderate Reliability, and the record is familiar relative to the development data. The ten retrieved development neighbours contained 0 observed failures, with a similarity-weighted historical failure rate of 0.00%; this is classified as No Retrieved Historical Failure Evidence. The principal model-attribution features were sensor_015, sensor_082, sensor_011. Overall evidence status: Mixed or Intermediate Evidence. Historical similarity and SHAP attribution are supporting statistical evidence only and do not establish a physical root cause.",True,False,False
WF-001220,0,Pass,2008-10-01 16:43:00,0.0594824044989312,0.3001841209628049,0.6998158790371951,0.7298084596967278,0.4054269752593775,0.0,0.0320104837717802,0.0756502618945418,0.0436397781227615,Engineering Review,No abstention,0,10,0.0,0.0,0.3456690616549456,0.7255318757548758,No Retrieved Failure Evidence,0.1533620600887467,0.2687668219935086,"sensor_153, sensor_520, sensor_386, sensor_426","sensor_104, sensor_060, sensor_389, sensor_206, sensor_130","The record was assigned to Engineering Review with a calibrated failure probability of 5.95%. The strongest model contributions increasing risk were sensor_153, sensor_520, sensor_386. Contributions reducing predicted risk were sensor_104, sensor_060, sensor_389. The internal prediction-confidence score was 30.02%. Because SECOM sensors are anonymous, these features must be treated as statistical indicators rather than confirmed physical root causes.",Intermediate Risk Signal,Moderate Reliability,0.5945730247406225,Familiar,No Retrieved Historical Failure Evidence,Mixed or Intermediate Evidence,False,Prioritise engineering assessment using the SHAP-ranked sensor evidence and retrieved historical cases.,"The primary operational decision is Engineering Review. The retained Beta-calibrated model estimated a failure probability of 5.95%, corresponding to Intermediate Risk Signal. Prediction reliability is Moderate Reliability, and the record is familiar relative to the development data. The ten retrieved development neighbours contained 0 observed failures, with a similarity-weighted historical failure rate of 0.00%; this is classified as No Retrieved Historical Failure Evidence. The principal model-attribution features were sensor_153, sensor_520, sensor_386, sensor_426. Overall evidence status: Mixed or Intermediate Evidence. Historical similarity and SHAP attribution are supporting statistical evidence only and do not establish a physical root cause.",True,False,False
WF-000869,0,Pass,2008-09-16 21:21:00,0.039247380070933,0.3751624804549761,0.6248375195450239,0.8321986343885786,0.3854748603351955,0.0088888888888888,0.0342502317543769,0.0672049320830465,0.0329547003286696,Engineering Review,No abstention,1,9,0.0876945512198195,0.1,0.5657747875251861,0.930869009140268,Limited Failure Evidence,0.1470824597364771,0.3079396025936199,sensor_153,"sensor_131, sensor_104, sensor_060, sensor_520, sensor_248","The record was assigned to Engineering Review with a calibrated failure probability of 3.92%. The strongest model contributions increasing risk were sensor_153. Contributions reducing predicted risk were sensor_131, sensor_104, sensor_060. The internal prediction-confidence score was 37.52%. Because SECOM sensors are anonymous, these features must be treated as statistical indicators rather than confirmed physical root causes.",Intermediate Risk Signal,Moderate Reliability,0.6145251396648045,Familiar,Limited Historical Failure Evidence,Mixed or Intermediate Evidence,False,Prioritise engineering assessment using the SHAP-ranked sensor evidence and retrieved historical cases.,"The primary operational decision is Engineering Review. The retained Beta-calibrated model estimated a failure probability of 3.92%, corresponding to Intermediate Risk Signal. Prediction reliability is Moderate Reliability, and the record is familiar relative to the development data. The ten retrieved development neighbours contained 1 observed failures, with a similarity-weighted historical failure rate of 8.77%; this is classified as Limited Historical Failure Evidence. The principal model-attribution features were sensor_153. Overall evidence status: Mixed or Intermediate Evidence. Historical similarity and SHAP attribution are supporting statistical evidence only and do not establish a physical root cause.",True,False,False
WF-000770,0,Pass,2008-09-09 00:25:00,0.0823713437739899,0.2447612854295981,0.7552387145704018,0.5327173893766073,0.8723064644852354,0.0088888888888888,0.0806054061633971,0.1248625067386131,0.044257100575216,High Risk,No abstention,0,10,0.0,0.0,0.0218452021697909,0.0652172695630265,No Retrieved Failure Evidence,0.1854856034936053,0.2622951273031292,"sensor_104, sensor_511, sensor_342, sensor_432","sensor_214, sensor_352, sensor_548, sensor_281, sensor_424","The record was assigned to High Risk with a calibrated failure probability of 8.24%. The strongest model contributions increasing risk were sensor_104, sensor_511, sensor_342. Contributions reducing predicted risk were sensor_214, sensor_352, sensor_548. The internal prediction-confidence score was 24.48%. Because SECOM sensors are anonymous, these features must be treated as statistical indicators rather than confirmed physical root causes.",Strong Risk Signal,Low Reliability,0.1276935355147646,Outside Typical Historical Experience,No Retrieved Historical Failure Evidence,High Risk with Reliability Caution,True,Hold for inspection or prioritised engineering assessment before continuing.,"The primary operational decision is High Risk. The retained Beta-calibrated model estimated a failure probability of 8.24%, corresponding to Strong Risk Signal. Prediction reliability is Low Reliability, and the record is outside typical historical experience relative to the development data. The ten retrieved development neighbours contained 0 observed failures, with a similarity-weighted historical failure rate of 0.00%; this is classified as No Retrieved Historical Failure Evidence. The principal model-attribution features were sensor_104, sensor_511, sensor_342, sensor_432. Overall evidence status: High Risk with Reliability Caution. Historical similarity and SHAP attribution are supporting statistical evidence only and do not establish a physical root cause.",True,False,False
WF-001255,1,Fail,2008-10-02 21:32:00,0.1017632844266155,0.3108319113952568,0.6891680886047432,0.5863128491620112,0.7589784517158819,0.0,0.0777499679574884,0.1029922388567639,0.0252422708992755,High Risk,No abstention,1,9,0.048249397600124,0.1,0.239825105286902,0.8221797918215025,Limited Failure Evidence,0.1879551164893723,0.238217021251277,"sensor_133, sensor_489, sensor_512","sensor_520, sensor_104, sensor_511, sensor_478, sensor_248","The record was assigned to High Risk with a calibrated failure probability of 10.18%. The strongest model contributions increasing risk were sensor_133, sensor_489, sensor_512. Contributions reducing predicted risk were sensor_520, sensor_104, sensor_511. The internal prediction-confidence score was 31.08%. Because SECOM sensors are anonymous, these features must be treated as statistical indicators rather than confirmed physical root causes.",Strong Risk Signal,Moderate Reliability,0.24102154828411815,Unusual,Limited Historical Failure Evidence,High Risk with Reliability Caution,True,Hold for inspection or prioritised engineering assessment before continuing.,"The primary operational decision is High Risk. The retained Beta-calibrated model estimated a failure probability of 10.18%, corresponding to Strong Risk Signal. Prediction reliability is Moderate Reliability, and the record is unusual relative to the development data. The ten retrieved development neighbours contained 1 observed failures, with a similarity-weighted historical failure rate of 4.82%; this is classified as Limited Historical Failure Evidence. The principal model-attribution features were sensor_133, sensor_489, sensor_512. Overall evidence status: High Risk with Reliability Caution. Historical similarity and SHAP attribution are supporting statistical evidence only and do not establish a physical root cause.",True,False,False
WF-000659,0,Pass,2008-09-02 03:35:00,0.0342839994440544,0.3777420476457422,0.6222579523542577,0.75029475924448,0.1268954509177972,0.0533333333333333,0.0345322673800468,0.0585127393481761,0.0239804719681293,Low Risk,No abstention,0,10,0.0,0.0,0.5946793106124477,0.7601504371783333,No Retrieved Failure Evidence,0.1259825048043411,0.3007206000424364,"sensor_424, sensor_489","sensor_104, sensor_032, sensor_060, sensor_059, sensor_470","The record was assigned to Low Risk with a calibrated failure probability of 3.43%. The strongest model contributions increasing risk were sensor_424, sensor_489. Contributions reducing predicted risk were sensor_104, sensor_032, sensor_060. The internal prediction-confidence score was 37.77%. Because SECOM sensors are anonymous, these features must be treated as statistical indicators rather than confirmed physical root causes.",Moderate Low-Risk Signal,Moderate Reliability,0.8731045490822028,Very Familiar,No Retrieved Historical Failure Evidence,Convergent Low-Risk Evidence,False,Continue processing under standard monitoring.,"The primary operational decision is Low Risk. The retained Beta-calibrated model estimated a failure probability of 3.43%, corresponding to Moderate Low-Risk Signal. Prediction reliability is Moderate Reliability, and the record is very familiar relative to the development data. The ten retrieved development neighbours contained 0 observed failures, with a similarity-weighted historical failure rate of 0.00%; this is classified as No Retrieved Historical Failure Evidence. The principal model-attribution features were sensor_424, sensor_489. Overall evidence status: Convergent Low-Risk Evidence. Historical similarity and SHAP attribution are supporting statistical evidence only and do not establish a physical root cause.",True,False,False
WF-001190,1,Fail,2008-09-30 02:44:00,0.0269371623680153,0.3997627210835821,0.6002372789164179,0.6522745411013569,0.5722266560255387,0.0,0.0227953628004968,0.0300689772183229,0.0072736144178261,Low Risk,No abstention,0,10,0.0,0.0,0.2291713912399685,0.5154902909798089,No Retrieved Failure Evidence,0.1400961241327313,0.3385246955613027,"sensor_424, sensor_153","sensor_034, sensor_214, sensor_104, sensor_520, sensor_352","The record was assigned to Low Risk with a calibrated failure probability of 2.69%. The strongest model contributions increasing risk were sensor_424, sensor_153. Contributions reducing predicted risk were sensor_034, sensor_214, sensor_104. The internal prediction-confidence score was 39.98%. Because SECOM sensors are anonymous, these features must be treated as statistical indicators rather than confirmed physical root causes.",Moderate Low-Risk Signal,Moderate Reliability,0.4277733439744613,Familiar,No Retrieved Historical Failure Evidence,Convergent Low-Risk Evidence,False,Continue processing under standard monitoring.,"The primary operational decision is Low Risk. The retained Beta-calibrated model estimated a failure probability of 2.69%, corresponding to Moderate Low-Risk Signal. Prediction reliability is Moderate Reliability, and the record is familiar relative to the development data. The ten retrieved development neighbours contained 0 observed failures, with a similarity-weighted historical failure rate of 0.00%; this is classified as No Retrieved Historical Failure Evidence. The principal model-attribution features were sensor_424, sensor_153. Overall evidence status: Convergent Low-Risk Evidence. Historical similarity and SHAP attribution are supporting statistical evidence only and do not establish a physical root cause.",True,False,False
WF-000867,0,Pass,2008-09-16 19:34:00,0.1070555208950243,0.2158146286635559,0.7841853713364441,0.6354943690697881,0.8236233040702314,0.0444444444444444,0.0601692261140241,0.1226585783631073,0.0624893522490832,High Risk,No abstention,0,10,0.0,0.0,0.4011762098817553,0.6123969605962727,No Retrieved Failure Evidence,0.1811999055150286,0.2249141912293143,"sensor_060, sensor_153, sensor_288, sensor_034, sensor_068","sensor_104, sensor_511, sensor_478, sensor_253","The record was assigned to High Risk with a calibrated failure probability of 10.71%. The strongest model contributions increasing risk were sensor_060, sensor_153, sensor_288. Contributions reducing predicted risk were sensor_104, sensor_511, sensor_478. The internal prediction-confidence score was 21.58%. Because SECOM sensors are anonymous, these features must be treated as statistical indicators rather than confirmed physical root causes.",Strong Risk Signal,Low Reliability,0.17637669592976857,Unusual,No Retrieved Historical Failure Evidence,High Risk with Reliability Caution,True,Hold for inspection or prioritised engineering assessment before continuing.,"The primary operational decision is High Risk. The retained Beta-calibrated model estimated a failure probability of 10.71%, corresponding to Strong Risk Signal. Prediction reliability is Low Reliability, and the record is unusual relative to the development data. The ten retrieved development neighbours contained 0 observed failures, with a similarity-weighted historical failure rate of 0.00%; this is classified as No Retrieved Historical Failure Evidence. The principal model-attribution features were sensor_060, sensor_153, sensor_288, sensor_034, sensor_068. Overall evidence status: High Risk with Reliability Caution. Historical similarity and SHAP attribution are supporting statistical evidence only and do not establish a physical root cause.",True,False,False
WF-001050,0,Pass,2008-09-24 03:40:00,0.041453372249273,0.4163713865103184,0.5836286134896815,0.8308598031391328,0.203511572226656,0.0133333333333333,0.0305749650855981,0.0490870331401988,0.0185120680546007,Engineering Review,No abstention,2,8,0.1102875100261881,0.2,0.421906219601235,0.6793028834204194,Limited Failure Evidence,0.1352330708066222,0.2903521184256698,sensor_342,"sensor_104, sensor_214, sensor_352, sensor_060, sensor_432","The record was assigned to Engineering Review with a calibrated failure probability of 4.15%. The strongest model contributions increasing risk were sensor_342. Contributions reducing predicted risk were sensor_104, sensor_214, sensor_352. The internal prediction-confidence score was 41.64%. Because SECOM sensors are anonymous, these features must be treated as statistical indicators rather than confirmed physical root causes.",Intermediate Risk Signal,Moderate Reliability,0.7964884277733439,Very Familiar,Limited Historical Failure Evidence,Mixed or Intermediate Evidence,False,Prioritise engineering assessment using the SHAP-ranked sensor evidence and retrieved historical cases.,"The primary operational decision is Engineering Review. The retained Beta-calibrated model estimated a failure probability of 4.15%, corresponding to Intermediate Risk Signal. Prediction reliability is Moderate Reliability, and the record is very familiar relative to the development data. The ten retrieved development neighbours contained 2 observed failures, with a similarity-weighted historical failure rate of 11.03%; this is classified as Limited Historical Failure Evidence. The principal model-attribution features were sensor_342. Overall evidence status: Mixed or Intermediate Evidence. Historical similarity and SHAP attribution are supporting statistical evidence only and do not establish a physical root cause.",True,False,False
WF-000940,0,Pass,2008-09-20 05:34:00,0.0319485248093627,0.3872302017918184,0.6127697982081816,0.7082560964795601,0.6033519553072626,0.0088888888888888,0.0187144276646823,0.0341878529117533,0.0154734252470709,Low Risk,No abstention,3,7,0.2669245019453143,0.3,0.6427769116600215,0.8788427406407118,Moderate Failure Evidence,0.1513987066281577,0.3332082304376815,"sensor_511, sensor_386","sensor_131, sensor_104, sensor_214, sensor_352, sensor_130","The record was assigned to Low Risk with a calibrated failure probability of 3.19%. The strongest model contributions increasing risk were sensor_511, sensor_386. Contributions reducing predicted risk were sensor_131, sensor_104, sensor_214. The internal prediction-confidence score was 38.72%. Because SECOM sensors are anonymous, these features must be treated as statistical indicators rather than confirmed physical root causes.",Moderate Low-Risk Signal,Moderate Reliability,0.3966480446927374,Unusual,Moderate Historical Failure Evidence,Low-Risk Decision with Historical Conflict,True,Do not rely on automatic release alone. Verify the highlighted evidence before continuing.,"The primary operational decision is Low Risk. The retained Beta-calibrated model estimated a failure probability of 3.19%, corresponding to Moderate Low-Risk Signal. Prediction reliability is Moderate Reliability, and the record is unusual relative to the development data. The ten retrieved development neighbours contained 3 observed failures, with a similarity-weighted historical failure rate of 26.69%; this is classified as Moderate Historical Failure Evidence. The principal model-attribution features were sensor_511, sensor_386. Overall evidence status: Low-Risk Decision with Historical Conflict. Historical similarity and SHAP attribution are supporting statistical evidence only and do not establish a physical root cause.",True,False,False
WF-000536,0,Pass,2008-08-29 13:49:00,0.0625372168080231,0.4111796620541439,0.5888203379458561,0.9326375809169104,0.0335195530726257,0.0088888888888888,0.0456589517208513,0.0709465485673406,0.0252875968464892,Engineering Review,No abstention,0,10,0.0,0.0,0.3468951728090185,0.4774279675213272,No Retrieved Failure Evidence,0.158225270401713,0.2678681275445703,"sensor_478, sensor_206, sensor_342, sensor_432","sensor_104, sensor_248, sensor_520, sensor_352, sensor_214","The record was assigned to Engineering Review with a calibrated failure probability of 6.25%. The strongest model contributions increasing risk were sensor_478, sensor_206, sensor_342. Contributions reducing predicted risk were sensor_104, sensor_248, sensor_520. The internal prediction-confidence score was 41.12%. Because SECOM sensors are anonymous, these features must be treated as statistical indicators rather than confirmed physical root causes.",Intermediate Risk Signal,Moderate Reliability,0.9664804469273743,Very Familiar,No Retrieved Historical Failure Evidence,Mixed or Intermediate Evidence,False,Prioritise engineering assessment using the SHAP-ranked sensor evidence and retrieved historical cases.,"The primary operational decision is Engineering Review. The retained Beta-calibrated model estimated a failure probability of 6.25%, corresponding to Intermediate Risk Signal. Prediction reliability is Moderate Reliability, and the record is very familiar relative to the development data. The ten retrieved development neighbours contained 0 observed failures, with a similarity-weighted historical failure rate of 0.00%; this is classified as No Retrieved Historical Failure Evidence. The principal model-attribution features were sensor_478, sensor_206, sensor_342, sensor_432. Overall evidence status: Mixed or Intermediate Evidence. Historical similarity and SHAP attribution are supporting statistical evidence only and do not establish a physical root cause.",True,False,False
WF-000546,0,Pass,2008-08-29 21:46:00,0.0387746331375065,0.3485351562965452,0.6514648437034548,0.6009812893500044,0.7214684756584198,0.0355555555555555,0.0365218133954087,0.0548390220720857,0.018317208676677,Engineering Review,No abstention,1,9,0.0818209867568191,0.1,0.6066752999105252,0.8092747708917933,Limited Failure Evidence,0.1346323792050549,0.2967514268241026,sensor_317,"sensor_032, sensor_104, sensor_034, sensor_060, sensor_352","The record was assigned to Engineering Review with a calibrated failure probability of 3.88%. The strongest model contributions increasing risk were sensor_317. Contributions reducing predicted risk were sensor_032, sensor_104, sensor_034. The internal prediction-confidence score was 34.85%. Because SECOM sensors are anonymous, these features must be treated as statistical indicators rather than confirmed physical root causes.",Intermediate Risk Signal,Moderate Reliability,0.27853152434158024,Unusual,Limited Historical Failure Evidence,Review Driven by Reliability Concern,False,Prioritise engineering assessment using the SHAP-ranked sensor evidence and retrieved historical cases.,"The primary operational decision is Engineering Review. The retained Beta-calibrated model estimated a failure probability of 3.88%, corresponding to Intermediate Risk Signal. Prediction reliability is Moderate Reliability, and the record is unusual relative to the development data. The ten retrieved development neighbours contained 1 observed failures, with a similarity-weighted historical failure rate of 8.18%; this is classified as Limited Historical Failure Evidence. The principal model-attribution features were sensor_317. Overall evidence status: Review Driven by Reliability Concern. Historical similarity and SHAP attribution are supporting statistical evidence only and do not establish a physical root cause.",True,False,False
WF-000628,0,Pass,2008-09-01 08:18:00,0.0463148261190744,0.3493846219653509,0.6506153780346491,0.7334234282167243,0.300877893056664,0.0355555555555555,0.0417389200275155,0.0710865046777454,0.0293475846502298,Engineering Review,No abstention,1,9,0.123330050765477,0.1,0.5267021037984931,0.6495819719975172,Limited Failure Evidence,0.1287171892475246,0.2719790940094294,"sensor_153, sensor_426, sensor_511, sensor_589, sensor_103","sensor_060, sensor_432, sensor_461, sensor_065, sensor_342","The record was assigned to Engineering Review with a calibrated failure probability of 4.63%. The strongest model contributions increasing risk were sensor_153, sensor_426, sensor_511. Contributions reducing predicted risk were sensor_060, sensor_432, sensor_461. The internal prediction-confidence score was 34.94%. Because SECOM sensors are anonymous, these features must be treated as statistical indicators rather than confirmed physical root causes.",Intermediate Risk Signal,Moderate Reliability,0.699122106943336,Familiar,Limited Historical Failure Evidence,Mixed or Intermediate Evidence,False,Prioritise engineering assessment using the SHAP-ranked sensor evidence and retrieved historical cases.,"The primary operational decision is Engineering Review. The retained Beta-calibrated model estimated a failure probability of 4.63%, corresponding to Intermediate Risk Signal. Prediction reliability is Moderate Reliability, and the record is familiar relative to the development data. The ten retrieved development neighbours contained 1 observed failures, with a similarity-weighted historical failure rate of 12.33%; this is classified as Limited Historical Failure Evidence. The principal model-attribution features were sensor_153, sensor_426, sensor_511, sensor_589, sensor_103. Overall evidence status: Mixed or Intermediate Evidence. Historical similarity and SHAP attribution are supporting statistical evidence only and do not establish a physical root cause.",True,False,False
WF-000019,0,Pass,2008-07-22 11:47:00,0.0933540879499721,0.2587157052241994,0.7412842947758006,0.6966838698235346,0.4517158818834796,0.0088888888888888,0.0560404617034879,0.1070101359465774,0.0509696742430895,High Risk,No abstention,0,10,0.0,0.0,0.6668334465895431,0.9611754527995798,No Retrieved Failure Evidence,0.1764405468629995,0.2376786421010948,"sensor_104, sensor_511","sensor_060, sensor_181, sensor_317, sensor_478, sensor_206","The record was assigned to High Risk with a calibrated failure probability of 9.34%. The strongest model contributions increasing risk were sensor_104, sensor_511. Contributions reducing predicted risk were sensor_060, sensor_181, sensor_317. The internal prediction-confidence score was 25.87%. Because SECOM sensors are anonymous, these features must be treated as statistical indicators rather than confirmed physical root causes.",Strong Risk Signal,Moderate Reliability,0.5482841181165203,Familiar,No Retrieved Historical Failure Evidence,Model-Led Risk Evidence,False,Hold for inspection or prioritised engineering assessment before continuing.,"The primary operational decision is High Risk. The retained Beta-calibrated model estimated a failure probability of 9.34%, corresponding to Strong Risk Signal. Prediction reliability is Moderate Reliability, and the record is familiar relative to the development data. The ten retrieved development neighbours contained 0 observed failures, with a similarity-weighted historical failure rate of 0.00%; this is classified as No Retrieved Historical Failure Evidence. The principal model-attribution features were sensor_104, sensor_511. Overall evidence status: Model-Led Risk Evidence. Historical similarity and SHAP attribution are supporting statistical evidence only and do not establish a physical root cause.",True,False,False
WF-000239,1,Fail,2008-08-17 23:04:00,0.3250012272911499,0.3127861614453524,0.6872138385546476,0.8619549525583045,0.2505985634477254,0.0355555555555555,0.202437801239906,0.2992437310582688,0.0968059298183628,High Risk,No abstention,3,7,0.3234383566391242,0.3,0.5597010819937102,0.8288650040951644,Moderate Failure Evidence,0.2971747404147123,0.1755795023194741,"sensor_104, sensor_060, sensor_478, sensor_065, sensor_066",sensor_032,"The record was assigned to High Risk with a calibrated failure probability of 32.50%. The strongest model contributions increasing risk were sensor_104, sensor_060, sensor_478. Contributions reducing predicted risk were sensor_032. The internal prediction-confidence score was 31.28%. Because SECOM sensors are anonymous, these features must be treated as statistical indicators rather than confirmed physical root causes.",Very Strong Risk Signal,Moderate Reliability,0.7494014365522745,Familiar,Strong Historical Failure Evidence,Convergent Risk Evidence,False,Hold for inspection or prioritised engineering assessment before continuing.,"The primary operational decision is High Risk. The retained Beta-calibrated model estimated a failure probability of 32.50%, corresponding to Very Strong Risk Signal. Prediction reliability is Moderate Reliability, and the record is familiar relative to the development data. The ten retrieved development neighbours contained 3 observed failures, with a similarity-weighted historical failure rate of 32.34%; this is classified as Strong Historical Failure Evidence. The principal model-attribution features were sensor_104, sensor_060, sensor_478, sensor_065, sensor_066. Overall evidence status: Convergent Risk Evidence. Historical similarity and SHAP attribution are supporting statistical evidence only and do not establish a physical root cause.",True,False,False
WF-001352,0,Pass,2008-10-06 07:17:00,0.0243545580369474,0.3882031531772644,0.6117968468227356,0.7171506606366941,0.6025538707102953,0.0177777777777777,0.0157601788627391,0.0363109491662665,0.0205507703035274,Low Risk,No abstention,0,10,0.0,0.0,0.5684994107653397,0.9525887306420592,No Retrieved Failure Evidence,0.1208026901049661,0.3287312615335376,sensor_130,"sensor_034, sensor_104, sensor_060, sensor_029, sensor_478","The record was assigned to Low Risk with a calibrated failure probability of 2.44%. The strongest model contributions increasing risk were sensor_130. Contributions reducing predicted risk were sensor_034, sensor_104, sensor_060. The internal prediction-confidence score was 38.82%. Because SECOM sensors are anonymous, these features must be treated as statistical indicators rather than confirmed physical root causes.",Moderate Low-Risk Signal,Moderate Reliability,0.3974461292897047,Unusual,No Retrieved Historical Failure Evidence,Low-Risk Decision with Reliability Caution,True,Do not rely on automatic release alone. Verify the highlighted evidence before continuing.,"The primary operational decision is Low Risk. The retained Beta-calibrated model estimated a failure probability of 2.44%, corresponding to Moderate Low-Risk Signal. Prediction reliability is Moderate Reliability, and the record is unusual relative to the development data. The ten retrieved development neighbours contained 0 observed failures, with a similarity-weighted historical failure rate of 0.00%; this is classified as No Retrieved Historical Failure Evidence. The principal model-attribution features were sensor_130. Overall evidence status: Low-Risk Decision with Reliability Caution. Historical similarity and SHAP attribution are supporting statistical evidence only and do not establish a physical root cause.",True,False,False
WF-001246,0,Pass,2008-10-02 15:44:00,0.0496106000647048,0.3163996863058949,0.6836003136941051,0.513367916999202,0.9098164405426976,0.0,0.0403484976770955,0.0617390448565457,0.0213905471794502,Engineering Review,No abstention,1,9,0.0724504904246221,0.1,0.3506519069293672,0.8831428589094363,Limited Failure Evidence,0.1478281344801995,0.2835900392421042,"sensor_476, sensor_015","sensor_104, sensor_520, sensor_248, sensor_511, sensor_282","The record was assigned to Engineering Review with a calibrated failure probability of 4.96%. The strongest model contributions increasing risk were sensor_476, sensor_015. Contributions reducing predicted risk were sensor_104, sensor_520, sensor_248. The internal prediction-confidence score was 31.64%. Because SECOM sensors are anonymous, these features must be treated as statistical indicators rather than confirmed physical root causes.",Intermediate Risk Signal,Moderate Reliability,0.09018355945730239,Outside Typical Historical Experience,Limited Historical Failure Evidence,Review Driven by Reliability Concern,False,Prioritise engineering assessment using the SHAP-ranked sensor evidence and retrieved historical cases.,"The primary operational decision is Engineering Review. The retained Beta-calibrated model estimated a failure probability of 4.96%, corresponding to Intermediate Risk Signal. Prediction reliability is Moderate Reliability, and the record is outside typical historical experience relative to the development data. The ten retrieved development neighbours contained 1 observed failures, with a similarity-weighted historical failure rate of 7.25%; this is classified as Limited Historical Failure Evidence. The principal model-attribution features were sensor_476, sensor_015. Overall evidence status: Review Driven by Reliability Concern. Historical similarity and SHAP attribution are supporting statistical evidence only and do not establish a physical root cause.",True,False,False
WF-001553,0,Pass,2008-10-16 04:02:00,0.0589889272315011,0.3031095555369578,0.6968904444630422,0.5430036357187196,0.9233838786911412,0.1155555555555555,0.0374069674983565,0.0620093087572574,0.0246023412589008,Engineering Review,No abstention,2,8,0.1892268546715685,0.2,0.376018563759346,0.7117416467366768,Limited Failure Evidence,0.1653320608619544,0.2816892037190973,"sensor_424, sensor_476, sensor_153","sensor_034, sensor_032, sensor_104, sensor_181, sensor_432","The record was assigned to Engineering Review with a calibrated failure probability of 5.90%. The strongest model contributions increasing risk were sensor_424, sensor_476, sensor_153. Contributions reducing predicted risk were sensor_034, sensor_032, sensor_104. The internal prediction-confidence score was 30.31%. Because SECOM sensors are anonymous, these features must be treated as statistical indicators rather than confirmed physical root causes.",Intermediate Risk Signal,Moderate Reliability,0.07661612130885875,Outside Typical Historical Experience,Moderate Historical Failure Evidence,Review with Supporting Historical Risk,False,Prioritise engineering assessment using the SHAP-ranked sensor evidence and retrieved historical cases.,"The primary operational decision is Engineering Review. The retained Beta-calibrated model estimated a failure probability of 5.90%, corresponding to Intermediate Risk Signal. Prediction reliability is Moderate Reliability, and the record is outside typical historical experience relative to the development data. The ten retrieved development neighbours contained 2 observed failures, with a similarity-weighted historical failure rate of 18.92%; this is classified as Moderate Historical Failure Evidence. The principal model-attribution features were sensor_424, sensor_476, sensor_153. Overall evidence status: Review with Supporting Historical Risk. Historical similarity and SHAP attribution are supporting statistical evidence only and do not establish a physical root cause.",True,False,False
WF-001432,0,Pass,2008-10-08 20:27:00,0.0381043993429214,0.4499336147056944,0.5500663852943055,0.8656742041323047,0.2585794094173982,0.0177777777777777,0.0366506287423318,0.0470452875895567,0.0103946588472249,Engineering Review,No abstention,1,9,0.0445542223731173,0.1,0.4811321489236639,0.8404256378806537,Limited Failure Evidence,0.1366888766515432,0.3006174480801147,"sensor_489, sensor_034, sensor_065","sensor_104, sensor_060, sensor_317, sensor_122, sensor_125","The record was assigned to Engineering Review with a calibrated failure probability of 3.81%. The strongest model contributions increasing risk were sensor_489, sensor_034, sensor_065. Contributions reducing predicted risk were sensor_104, sensor_060, sensor_317. The internal prediction-confidence score was 44.99%. Because SECOM sensors are anonymous, these features must be treated as statistical indicators rather than confirmed physical root causes.",Intermediate Risk Signal,Moderate Reliability,0.7414205905826018,Familiar,Limited Historical Failure Evidence,Mixed or Intermediate Evidence,False,Prioritise engineering assessment using the SHAP-ranked sensor evidence and retrieved historical cases.,"The primary operational decision is Engineering Review. The retained Beta-calibrated model estimated a failure probability of 3.81%, corresponding to Intermediate Risk Signal. Prediction reliability is Moderate Reliability, and the record is familiar relative to the development data. The ten retrieved development neighbours contained 1 observed failures, with a similarity-weighted historical failure rate of 4.46%; this is classified as Limited Historical Failure Evidence. The principal model-attribution features were sensor_489, sensor_034, sensor_065. Overall evidence status: Mixed or Intermediate Evidence. Historical similarity and SHAP attribution are supporting statistical evidence only and do not establish a physical root cause.",True,False,False
WF-000699,0,Pass,2008-09-02 17:18:00,0.047695357261218,0.2614421896775487,0.7385578103224513,0.5398643256185156,0.8643256185155627,0.0,0.0392020805496644,0.0788464394015498,0.0396443588518854,Engineering Review,No abstention,1,9,0.0781948168772044,0.1,0.2970913630542117,0.6609724449651172,Limited Failure Evidence,0.1523573053677944,0.292428733939223,sensor_424,"sensor_104, sensor_248, sensor_520, sensor_201, sensor_181","The record was assigned to Engineering Review with a calibrated failure probability of 4.77%. The strongest model contributions increasing risk were sensor_424. Contributions reducing predicted risk were sensor_104, sensor_248, sensor_520. The internal prediction-confidence score was 26.14%. Because SECOM sensors are anonymous, these features must be treated as statistical indicators rather than confirmed physical root causes.",Intermediate Risk Signal,Moderate Reliability,0.13567438148443733,Outside Typical Historical Experience,Limited Historical Failure Evidence,Review Driven by Reliability Concern,False,Prioritise engineering assessment using the SHAP-ranked sensor evidence and retrieved historical cases.,"The primary operational decision is Engineering Review. The retained Beta-calibrated model estimated a failure probability of 4.77%, corresponding to Intermediate Risk Signal. Prediction reliability is Moderate Reliability, and the record is outside typical historical experience relative to the development data. The ten retrieved development neighbours contained 1 observed failures, with a similarity-weighted historical failure rate of 7.82%; this is classified as Limited Historical Failure Evidence. The principal model-attribution features were sensor_424. Overall evidence status: Review Driven by Reliability Concern. Historical similarity and SHAP attribution are supporting statistical evidence only and do not establish a physical root cause.",True,False,False
WF-000026,0,Pass,2008-07-27 09:37:00,0.1022168043439557,0.1531403631459024,0.8468596368540975,0.4563007892169904,0.9720670391061452,0.0088888888888888,0.0626780815155668,0.1300929300463127,0.0674148485307458,High Risk,No abstention,1,9,0.0811249708445722,0.1,0.1878089900679011,0.3841596412489136,Limited Failure Evidence,0.1941747110242387,0.2438651872147148,sensor_104,"sensor_214, sensor_352, sensor_282, sensor_147, sensor_470","The record was assigned to High Risk with a calibrated failure probability of 10.22%. The strongest model contributions increasing risk were sensor_104. Contributions reducing predicted risk were sensor_214, sensor_352, sensor_282. The internal prediction-confidence score was 15.31%. Because SECOM sensors are anonymous, these features must be treated as statistical indicators rather than confirmed physical root causes.",Strong Risk Signal,Low Reliability,0.027932960893854775,Outside Typical Historical Experience,Limited Historical Failure Evidence,High Risk with Reliability Caution,True,Hold for inspection or prioritised engineering assessment before continuing.,"The primary operational decision is High Risk. The retained Beta-calibrated model estimated a failure probability of 10.22%, corresponding to Strong Risk Signal. Prediction reliability is Low Reliability, and the record is outside typical historical experience relative to the development data. The ten retrieved development neighbours contained 1 observed failures, with a similarity-weighted historical failure rate of 8.11%; this is classified as Limited Historical Failure Evidence. The principal model-attribution features were sensor_104. Overall evidence status: High Risk with Reliability Caution. Historical similarity and SHAP attribution are supporting statistical evidence only and do not establish a physical root cause.",True,False,False
WF-001378,0,Pass,2008-10-06 20:36:00,0.0420455109646044,0.4464688315967339,0.5535311684032661,0.8533478762082114,0.2458100558659217,0.0088888888888888,0.0368545358757616,0.046589361097454,0.0097348252216924,Engineering Review,No abstention,0,10,0.0,0.0,0.5513770324967262,0.6393105053212813,No Retrieved Failure Evidence,0.1400761614717302,0.2936952090907777,"sensor_060, sensor_424, sensor_206","sensor_104, sensor_520, sensor_131, sensor_248, sensor_029","The record was assigned to Engineering Review with a calibrated failure probability of 4.20%. The strongest model contributions increasing risk were sensor_060, sensor_424, sensor_206. Contributions reducing predicted risk were sensor_104, sensor_520, sensor_131. The internal prediction-confidence score was 44.65%. Because SECOM sensors are anonymous, these features must be treated as statistical indicators rather than confirmed physical root causes.",Intermediate Risk Signal,Moderate Reliability,0.7541899441340782,Very Familiar,No Retrieved Historical Failure Evidence,Mixed or Intermediate Evidence,False,Prioritise engineering assessment using the SHAP-ranked sensor evidence and retrieved historical cases.,"The primary operational decision is Engineering Review. The retained Beta-calibrated model estimated a failure probability of 4.20%, corresponding to Intermediate Risk Signal. Prediction reliability is Moderate Reliability, and the record is very familiar relative to the development data. The ten retrieved development neighbours contained 0 observed failures, with a similarity-weighted historical failure rate of 0.00%; this is classified as No Retrieved Historical Failure Evidence. The principal model-attribution features were sensor_060, sensor_424, sensor_206. Overall evidence status: Mixed or Intermediate Evidence. Historical similarity and SHAP attribution are supporting statistical evidence only and do not establish a physical root cause.",True,False,False
WF-000631,0,Pass,2008-09-01 09:54:00,0.0671575177307038,0.3225573472489067,0.6774426527510933,0.6973939877627029,0.3854748603351955,0.0266666666666666,0.0525146861565085,0.0829804107023861,0.0304657245458775,Engineering Review,No abstention,0,10,0.0,0.0,0.1408899585137831,0.3276210082710524,No Retrieved Failure Evidence,0.1660847525687094,0.2674180859020427,"sensor_104, sensor_064, sensor_153","sensor_060, sensor_342, sensor_478, sensor_206, sensor_282","The record was assigned to Engineering Review with a calibrated failure probability of 6.72%. The strongest model contributions increasing risk were sensor_104, sensor_064, sensor_153. Contributions reducing predicted risk were sensor_060, sensor_342, sensor_478. The internal prediction-confidence score was 32.26%. Because SECOM sensors are anonymous, these features must be treated as statistical indicators rather than confirmed physical root causes.",Intermediate Risk Signal,Moderate Reliability,0.6145251396648045,Familiar,No Retrieved Historical Failure Evidence,Mixed or Intermediate Evidence,False,Prioritise engineering assessment using the SHAP-ranked sensor evidence and retrieved historical cases.,"The primary operational decision is Engineering Review. The retained Beta-calibrated model estimated a failure probability of 6.72%, corresponding to Intermediate Risk Signal. Prediction reliability is Moderate Reliability, and the record is familiar relative to the development data. The ten retrieved development neighbours contained 0 observed failures, with a similarity-weighted historical failure rate of 0.00%; this is classified as No Retrieved Historical Failure Evidence. The principal model-attribution features were sensor_104, sensor_064, sensor_153. Overall evidence status: Mixed or Intermediate Evidence. Historical similarity and SHAP attribution are supporting statistical evidence only and do not establish a physical root cause.",True,False,False
WF-001238,0,Pass,2008-10-02 08:57:00,0.0471455622287035,0.3243291841309585,0.6756708158690414,0.6693852975082025,0.699122106943336,0.0177777777777777,0.0399010821121084,0.0715108841807019,0.0316098020685934,Engineering Review,No abstention,1,9,0.070960449000672,0.1,0.5460837429330141,0.8956379235188718,Limited Failure Evidence,0.1411843441184309,0.2825176774517642,"sensor_104, sensor_181","sensor_214, sensor_060, sensor_352, sensor_342, sensor_578","The record was assigned to Engineering Review with a calibrated failure probability of 4.71%. The strongest model contributions increasing risk were sensor_104, sensor_181. Contributions reducing predicted risk were sensor_214, sensor_060, sensor_352. The internal prediction-confidence score was 32.43%. Because SECOM sensors are anonymous, these features must be treated as statistical indicators rather than confirmed physical root causes.",Intermediate Risk Signal,Moderate Reliability,0.300877893056664,Unusual,Limited Historical Failure Evidence,Review Driven by Reliability Concern,False,Prioritise engineering assessment using the SHAP-ranked sensor evidence and retrieved historical cases.,"The primary operational decision is Engineering Review. The retained Beta-calibrated model estimated a failure probability of 4.71%, corresponding to Intermediate Risk Signal. Prediction reliability is Moderate Reliability, and the record is unusual relative to the development data. The ten retrieved development neighbours contained 1 observed failures, with a similarity-weighted historical failure rate of 7.10%; this is classified as Limited Historical Failure Evidence. The principal model-attribution features were sensor_104, sensor_181. Overall evidence status: Review Driven by Reliability Concern. Historical similarity and SHAP attribution are supporting statistical evidence only and do not establish a physical root cause.",True,False,False
WF-000443,0,Pass,2008-08-24 02:32:00,0.070261084641459,0.4021142783648853,0.5978857216351148,0.7213406047707723,0.2075019952114924,0.0177777777777777,0.0569680130149249,0.0645712027226141,0.0076031897076892,Engineering Review,No abstention,0,10,0.0,0.0,0.1753168951662772,0.3913313601309449,No Retrieved Failure Evidence,0.1687317838447084,0.2647317838447084,"sensor_065, sensor_206, sensor_317","sensor_248, sensor_104, sensor_060, sensor_520, sensor_201","The record was assigned to Engineering Review with a calibrated failure probability of 7.03%. The strongest model contributions increasing risk were sensor_065, sensor_206, sensor_317. Contributions reducing predicted risk were sensor_248, sensor_104, sensor_060. The internal prediction-confidence score was 40.21%. Because SECOM sensors are anonymous, these features must be treated as statistical indicators rather than confirmed physical root causes.",Intermediate Risk Signal,Moderate Reliability,0.7924980047885076,Very Familiar,No Retrieved Historical Failure Evidence,Mixed or Intermediate Evidence,False,Prioritise engineering assessment using the SHAP-ranked sensor evidence and retrieved historical cases.,"The primary operational decision is Engineering Review. The retained Beta-calibrated model estimated a failure probability of 7.03%, corresponding to Intermediate Risk Signal. Prediction reliability is Moderate Reliability, and the record is very familiar relative to the development data. The ten retrieved development neighbours contained 0 observed failures, with a similarity-weighted historical failure rate of 0.00%; this is classified as No Retrieved Historical Failure Evidence. The principal model-attribution features were sensor_065, sensor_206, sensor_317. Overall evidence status: Mixed or Intermediate Evidence. Historical similarity and SHAP attribution are supporting statistical evidence only and do not establish a physical root cause.",True,False,False
WF-000838,0,Pass,2008-09-14 17:40:00,0.0318797060998321,0.3823936801169719,0.6176063198830282,0.7015880109958321,0.6783719074221868,0.0177777777777777,0.0249301591737621,0.0435391185995029,0.0186089594257407,Low Risk,No abstention,0,10,0.0,0.0,0.5374251483468528,0.7622212860639702,No Retrieved Failure Evidence,0.1212039179513455,0.303227727475155,,"sensor_034, sensor_104, sensor_511, sensor_564, sensor_029","The record was assigned to Low Risk with a calibrated failure probability of 3.19%. The strongest model contributions increasing risk were no dominant positive sensor contribution. Contributions reducing predicted risk were sensor_034, sensor_104, sensor_511. The internal prediction-confidence score was 38.24%. Because SECOM sensors are anonymous, these features must be treated as statistical indicators rather than confirmed physical root causes.",Moderate Low-Risk Signal,Moderate Reliability,0.3216280925778132,Unusual,No Retrieved Historical Failure Evidence,Low-Risk Decision with Reliability Caution,True,Do not rely on automatic release alone. Verify the highlighted evidence before continuing.,"The primary operational decision is Low Risk. The retained Beta-calibrated model estimated a failure probability of 3.19%, corresponding to Moderate Low-Risk Signal. Prediction reliability is Moderate Reliability, and the record is unusual relative to the development data. The ten retrieved development neighbours contained 0 observed failures, with a similarity-weighted historical failure rate of 0.00%; this is classified as No Retrieved Historical Failure Evidence. The principal model-attribution features were no dominant positive sensor attribution was available. Overall evidence status: Low-Risk Decision with Reliability Caution. Historical similarity and SHAP attribution are supporting statistical evidence only and do not establish a physical root cause.",True,False,False
WF-000451,0,Pass,2008-08-27 00:46:00,0.059693106965671,0.2890750365647134,0.7109249634352865,0.6112765806508823,0.8419792498004789,0.0355555555555555,0.0583626422145667,0.096150866599858,0.0377882243852912,Engineering Review,No abstention,0,10,0.0,0.0,0.1246999131771494,0.2345072053459323,No Retrieved Failure Evidence,0.1696106321111212,0.2846106321111211,"sensor_065, sensor_034","sensor_032, sensor_104, sensor_060, sensor_201, sensor_281","The record was assigned to Engineering Review with a calibrated failure probability of 5.97%. The strongest model contributions increasing risk were sensor_065, sensor_034. Contributions reducing predicted risk were sensor_032, sensor_104, sensor_060. The internal prediction-confidence score was 28.91%. Because SECOM sensors are anonymous, these features must be treated as statistical indicators rather than confirmed physical root causes.",Intermediate Risk Signal,Moderate Reliability,0.1580207501995211,Unusual,No Retrieved Historical Failure Evidence,Review Driven by Reliability Concern,False,Prioritise engineering assessment using the SHAP-ranked sensor evidence and retrieved historical cases.,"The primary operational decision is Engineering Review. The retained Beta-calibrated model estimated a failure probability of 5.97%, corresponding to Intermediate Risk Signal. Prediction reliability is Moderate Reliability, and the record is unusual relative to the development data. The ten retrieved development neighbours contained 0 observed failures, with a similarity-weighted historical failure rate of 0.00%; this is classified as No Retrieved Historical Failure Evidence. The principal model-attribution features were sensor_065, sensor_034. Overall evidence status: Review Driven by Reliability Concern. Historical similarity and SHAP attribution are supporting statistical evidence only and do not establish a physical root cause.",True,False,False
WF-000755,0,Pass,2008-09-08 03:32:00,0.0584131867245204,0.3475692382613476,0.6524307617386524,0.702310366232154,0.6328810853950518,0.0088888888888888,0.0549571846356831,0.0806426246870856,0.0256854400514025,Engineering Review,No abstention,0,10,0.0,0.0,0.0050686572319588,0.043260577389291,No Retrieved Failure Evidence,0.1647064043262167,0.2821825948024071,"sensor_478, sensor_342, sensor_511, sensor_206, sensor_034","sensor_104, sensor_060, sensor_480, sensor_389","The record was assigned to Engineering Review with a calibrated failure probability of 5.84%. The strongest model contributions increasing risk were sensor_478, sensor_342, sensor_511. Contributions reducing predicted risk were sensor_104, sensor_060, sensor_480. The internal prediction-confidence score was 34.76%. Because SECOM sensors are anonymous, these features must be treated as statistical indicators rather than confirmed physical root causes.",Intermediate Risk Signal,Moderate Reliability,0.36711891460494817,Unusual,No Retrieved Historical Failure Evidence,Review Driven by Reliability Concern,False,Prioritise engineering assessment using the SHAP-ranked sensor evidence and retrieved historical cases.,"The primary operational decision is Engineering Review. The retained Beta-calibrated model estimated a failure probability of 5.84%, corresponding to Intermediate Risk Signal. Prediction reliability is Moderate Reliability, and the record is unusual relative to the development data. The ten retrieved development neighbours contained 0 observed failures, with a similarity-weighted historical failure rate of 0.00%; this is classified as No Retrieved Historical Failure Evidence. The principal model-attribution features were sensor_478, sensor_342, sensor_511, sensor_206, sensor_034. Overall evidence status: Review Driven by Reliability Concern. Historical similarity and SHAP attribution are supporting statistical evidence only and do not establish a physical root cause.",True,False,False
WF-000131,0,Pass,2008-08-06 03:22:00,0.104469726751709,0.1516262019641405,0.8483737980358594,0.4422585794094174,0.9305666400638468,0.0,0.0693079221865844,0.1405976897877175,0.071289767601133,High Risk,No abstention,3,7,0.364657558466445,0.3,0.4264533274192065,0.7729634677032321,Moderate Failure Evidence,0.198329462038032,0.2452104144189844,"sensor_104, sensor_060, sensor_511, sensor_386, sensor_520","sensor_478, sensor_206, sensor_480, sensor_548, sensor_201","The record was assigned to High Risk with a calibrated failure probability of 10.45%. The strongest model contributions increasing risk were sensor_104, sensor_060, sensor_511. Contributions reducing predicted risk were sensor_478, sensor_206, sensor_480. The internal prediction-confidence score was 15.16%. Because SECOM sensors are anonymous, these features must be treated as statistical indicators rather than confirmed physical root causes.",Strong Risk Signal,Low Reliability,0.06943335993615318,Outside Typical Historical Experience,Strong Historical Failure Evidence,High Risk with Reliability Caution,True,Hold for inspection or prioritised engineering assessment before continuing.,"The primary operational decision is High Risk. The retained Beta-calibrated model estimated a failure probability of 10.45%, corresponding to Strong Risk Signal. Prediction reliability is Low Reliability, and the record is outside typical historical experience relative to the development data. The ten retrieved development neighbours contained 3 observed failures, with a similarity-weighted historical failure rate of 36.47%; this is classified as Strong Historical Failure Evidence. The principal model-attribution features were sensor_104, sensor_060, sensor_511, sensor_386, sensor_520. Overall evidence status: High Risk with Reliability Caution. Historical similarity and SHAP attribution are supporting statistical evidence only and do not establish a physical root cause.",True,False,False
WF-000400,0,Pass,2008-08-22 03:18:00,0.049321172754477,0.300327356990125,0.699672643009875,0.5411290236765097,0.830806065442937,0.0266666666666666,0.0388879484245932,0.0651642016267604,0.0262762532021671,Engineering Review,No abstention,1,9,0.1631326750379392,0.1,0.4829588097473488,0.7878636256722418,Limited Failure Evidence,0.1477145022617895,0.2841192641665514,"sensor_104, sensor_511, sensor_034","sensor_032, sensor_131, sensor_201, sensor_281, sensor_022","The record was assigned to Engineering Review with a calibrated failure probability of 4.93%. The strongest model contributions increasing risk were sensor_104, sensor_511, sensor_034. Contributions reducing predicted risk were sensor_032, sensor_131, sensor_201. The internal prediction-confidence score was 30.03%. Because SECOM sensors are anonymous, these features must be treated as statistical indicators rather than confirmed physical root causes.",Intermediate Risk Signal,Moderate Reliability,0.169193934557063,Unusual,Moderate Historical Failure Evidence,Review with Supporting Historical Risk,False,Prioritise engineering assessment using the SHAP-ranked sensor evidence and retrieved historical cases.,"The primary operational decision is Engineering Review. The retained Beta-calibrated model estimated a failure probability of 4.93%, corresponding to Intermediate Risk Signal. Prediction reliability is Moderate Reliability, and the record is unusual relative to the development data. The ten retrieved development neighbours contained 1 observed failures, with a similarity-weighted historical failure rate of 16.31%; this is classified as Moderate Historical Failure Evidence. The principal model-attribution features were sensor_104, sensor_511, sensor_034. Overall evidence status: Review with Supporting Historical Risk. Historical similarity and SHAP attribution are supporting statistical evidence only and do not establish a physical root cause.",True,False,False
WF-000150,0,Pass,2008-08-07 08:21:00,0.1112806630063405,0.158852601728333,0.841147398271667,0.4842337501108451,0.8523543495610535,0.0088888888888888,0.0785033069187369,0.155966823739115,0.077463516820378,High Risk,No abstention,2,8,0.1156190535184121,0.2,0.1941614710390902,0.3805314741713265,Limited Failure Evidence,0.1953255059203439,0.2339921725870106,"sensor_104, sensor_065, sensor_015, sensor_066, sensor_489","sensor_201, sensor_060, sensor_470, sensor_184","The record was assigned to High Risk with a calibrated failure probability of 11.13%. The strongest model contributions increasing risk were sensor_104, sensor_065, sensor_015. Contributions reducing predicted risk were sensor_201, sensor_060, sensor_470. The internal prediction-confidence score was 15.89%. Because SECOM sensors are anonymous, these features must be treated as statistical indicators rather than confirmed physical root causes.",Strong Risk Signal,Low Reliability,0.1476456504389465,Outside Typical Historical Experience,Limited Historical Failure Evidence,High Risk with Reliability Caution,True,Hold for inspection or prioritised engineering assessment before continuing.,"The primary operational decision is High Risk. The retained Beta-calibrated model estimated a failure probability of 11.13%, corresponding to Strong Risk Signal. Prediction reliability is Low Reliability, and the record is outside typical historical experience relative to the development data. The ten retrieved development neighbours contained 2 observed failures, with a similarity-weighted historical failure rate of 11.56%; this is classified as Limited Historical Failure Evidence. The principal model-attribution features were sensor_104, sensor_065, sensor_015, sensor_066, sensor_489. Overall evidence status: High Risk with Reliability Caution. Historical similarity and SHAP attribution are supporting statistical evidence only and do not establish a physical root cause.",True,False,False
WF-000819,0,Pass,2008-09-12 23:28:00,0.0213473101017144,0.4150483504384761,0.5849516495615239,0.6390263367917,0.5849960095770151,0.0,0.0155359307257688,0.022595804769465,0.0070598740436961,Low Risk,No abstention,1,9,0.1389884656329055,0.1,0.4698665083020687,0.6530602504119539,Limited Failure Evidence,0.1026001033374112,0.3226001033374112,"sensor_104, sensor_424, sensor_015","sensor_034, sensor_214, sensor_060, sensor_131, sensor_352","The record was assigned to Low Risk with a calibrated failure probability of 2.13%. The strongest model contributions increasing risk were sensor_104, sensor_424, sensor_015. Contributions reducing predicted risk were sensor_034, sensor_214, sensor_060. The internal prediction-confidence score was 41.50%. Because SECOM sensors are anonymous, these features must be treated as statistical indicators rather than confirmed physical root causes.",Moderate Low-Risk Signal,Moderate Reliability,0.41500399042298486,Familiar,Limited Historical Failure Evidence,Low-Risk Decision with Limited Support,False,Continue processing under standard monitoring.,"The primary operational decision is Low Risk. The retained Beta-calibrated model estimated a failure probability of 2.13%, corresponding to Moderate Low-Risk Signal. Prediction reliability is Moderate Reliability, and the record is familiar relative to the development data. The ten retrieved development neighbours contained 1 observed failures, with a similarity-weighted historical failure rate of 13.90%; this is classified as Limited Historical Failure Evidence. The principal model-attribution features were sensor_104, sensor_424, sensor_015. Overall evidence status: Low-Risk Decision with Limited Support. Historical similarity and SHAP attribution are supporting statistical evidence only and do not establish a physical root cause.",True,False,False
WF-000497,0,Pass,2008-08-28 21:03:00,0.0493746711077056,0.3458840093336802,0.6541159906663199,0.8371508379888267,0.0622505985634477,0.0,0.0328687719642163,0.0754244411037269,0.0425556691395105,Engineering Review,No abstention,0,10,0.0,0.0,0.5373125635056107,0.8069281105038094,No Retrieved Failure Evidence,0.1385516505010588,0.2748373647867731,"sensor_017, sensor_432","sensor_104, sensor_060, sensor_032, sensor_065, sensor_478","The record was assigned to Engineering Review with a calibrated failure probability of 4.94%. The strongest model contributions increasing risk were sensor_017, sensor_432. Contributions reducing predicted risk were sensor_104, sensor_060, sensor_032. The internal prediction-confidence score was 34.59%. Because SECOM sensors are anonymous, these features must be treated as statistical indicators rather than confirmed physical root causes.",Intermediate Risk Signal,Moderate Reliability,0.9377494014365523,Very Familiar,No Retrieved Historical Failure Evidence,Mixed or Intermediate Evidence,False,Prioritise engineering assessment using the SHAP-ranked sensor evidence and retrieved historical cases.,"The primary operational decision is Engineering Review. The retained Beta-calibrated model estimated a failure probability of 4.94%, corresponding to Intermediate Risk Signal. Prediction reliability is Moderate Reliability, and the record is very familiar relative to the development data. The ten retrieved development neighbours contained 0 observed failures, with a similarity-weighted historical failure rate of 0.00%; this is classified as No Retrieved Historical Failure Evidence. The principal model-attribution features were sensor_017, sensor_432. Overall evidence status: Mixed or Intermediate Evidence. Historical similarity and SHAP attribution are supporting statistical evidence only and do not establish a physical root cause.",True,False,False
WF-000749,0,Pass,2008-09-07 20:12:00,0.0194137338011722,0.4919321855345954,0.5080678144654046,0.9541060565753304,0.1141260973663208,0.0088888888888888,0.0161924151302241,0.0273539101252949,0.0111614949950708,Low Risk,No abstention,0,10,0.0,0.0,0.4219503314896533,0.7850442002182325,No Retrieved Failure Evidence,0.1109691973435202,0.3394215782959011,sensor_034,"sensor_104, sensor_060, sensor_520, sensor_201, sensor_282","The record was assigned to Low Risk with a calibrated failure probability of 1.94%. The strongest model contributions increasing risk were sensor_034. Contributions reducing predicted risk were sensor_104, sensor_060, sensor_520. The internal prediction-confidence score was 49.19%. Because SECOM sensors are anonymous, these features must be treated as statistical indicators rather than confirmed physical root causes.",Moderate Low-Risk Signal,Moderate Reliability,0.8858739026336792,Very Familiar,No Retrieved Historical Failure Evidence,Convergent Low-Risk Evidence,False,Continue processing under standard monitoring.,"The primary operational decision is Low Risk. The retained Beta-calibrated model estimated a failure probability of 1.94%, corresponding to Moderate Low-Risk Signal. Prediction reliability is Moderate Reliability, and the record is very familiar relative to the development data. The ten retrieved development neighbours contained 0 observed failures, with a similarity-weighted historical failure rate of 0.00%; this is classified as No Retrieved Historical Failure Evidence. The principal model-attribution features were sensor_034. Overall evidence status: Convergent Low-Risk Evidence. Historical similarity and SHAP attribution are supporting statistical evidence only and do not establish a physical root cause.",True,False,False
WF-000894,0,Pass,2008-09-18 23:44:00,0.0517292485570852,0.3664595040198268,0.6335404959801731,0.6720629600070942,0.6640063846767758,0.0088888888888888,0.0339014315415961,0.0554923002389578,0.0215908686973617,Engineering Review,No abstention,1,9,0.1407289805445939,0.1,0.5156743855115197,0.7257033056599608,Limited Failure Evidence,0.1592636727550464,0.2904065298979036,sensor_153,"sensor_104, sensor_352, sensor_520, sensor_060, sensor_248","The record was assigned to Engineering Review with a calibrated failure probability of 5.17%. The strongest model contributions increasing risk were sensor_153. Contributions reducing predicted risk were sensor_104, sensor_352, sensor_520. The internal prediction-confidence score was 36.65%. Because SECOM sensors are anonymous, these features must be treated as statistical indicators rather than confirmed physical root causes.",Intermediate Risk Signal,Moderate Reliability,0.33599361532322425,Unusual,Limited Historical Failure Evidence,Review Driven by Reliability Concern,False,Prioritise engineering assessment using the SHAP-ranked sensor evidence and retrieved historical cases.,"The primary operational decision is Engineering Review. The retained Beta-calibrated model estimated a failure probability of 5.17%, corresponding to Intermediate Risk Signal. Prediction reliability is Moderate Reliability, and the record is unusual relative to the development data. The ten retrieved development neighbours contained 1 observed failures, with a similarity-weighted historical failure rate of 14.07%; this is classified as Limited Historical Failure Evidence. The principal model-attribution features were sensor_153. Overall evidence status: Review Driven by Reliability Concern. Historical similarity and SHAP attribution are supporting statistical evidence only and do not establish a physical root cause.",True,False,False
WF-000913,0,Pass,2008-09-19 15:31:00,0.0440960754815834,0.324533311277672,0.675466688722328,0.7556142591114658,0.1085395051875498,0.0266666666666666,0.0300919864819299,0.0656978436102275,0.0356058571282975,Engineering Review,No abstention,1,9,0.0341553561007591,0.1,0.08777480079807,0.6063408936245536,Limited Failure Evidence,0.1533975190585883,0.3019451381062074,,"sensor_104, sensor_248, sensor_520, sensor_511, sensor_206","The record was assigned to Engineering Review with a calibrated failure probability of 4.41%. The strongest model contributions increasing risk were no dominant positive sensor contribution. Contributions reducing predicted risk were sensor_104, sensor_248, sensor_520. The internal prediction-confidence score was 32.45%. Because SECOM sensors are anonymous, these features must be treated as statistical indicators rather than confirmed physical root causes.",Intermediate Risk Signal,Moderate Reliability,0.8914604948124502,Very Familiar,Limited Historical Failure Evidence,Mixed or Intermediate Evidence,False,Prioritise engineering assessment using the SHAP-ranked sensor evidence and retrieved historical cases.,"The primary operational decision is Engineering Review. The retained Beta-calibrated model estimated a failure probability of 4.41%, corresponding to Intermediate Risk Signal. Prediction reliability is Moderate Reliability, and the record is very familiar relative to the development data. The ten retrieved development neighbours contained 1 observed failures, with a similarity-weighted historical failure rate of 3.42%; this is classified as Limited Historical Failure Evidence. The principal model-attribution features were no dominant positive sensor attribution was available. Overall evidence status: Mixed or Intermediate Evidence. Historical similarity and SHAP attribution are supporting statistical evidence only and do not establish a physical root cause.",True,False,False
WF-001163,0,Pass,2008-09-28 21:08:00,0.044955538910332,0.3894017945020204,0.6105982054979795,0.7710612751618338,0.484437350359138,0.0177777777777777,0.0368135548383158,0.055984118469836,0.0191705636315202,Engineering Review,No abstention,2,8,0.1793560027612806,0.2,0.5771836982775537,0.8838377040026042,Limited Failure Evidence,0.1540856368214659,0.3005618272976564,"sensor_424, sensor_489, sensor_082","sensor_104, sensor_511, sensor_478, sensor_060, sensor_317","The record was assigned to Engineering Review with a calibrated failure probability of 4.50%. The strongest model contributions increasing risk were sensor_424, sensor_489, sensor_082. Contributions reducing predicted risk were sensor_104, sensor_511, sensor_478. The internal prediction-confidence score was 38.94%. Because SECOM sensors are anonymous, these features must be treated as statistical indicators rather than confirmed physical root causes.",Intermediate Risk Signal,Moderate Reliability,0.5155626496408621,Familiar,Moderate Historical Failure Evidence,Review with Supporting Historical Risk,False,Prioritise engineering assessment using the SHAP-ranked sensor evidence and retrieved historical cases.,"The primary operational decision is Engineering Review. The retained Beta-calibrated model estimated a failure probability of 4.50%, corresponding to Intermediate Risk Signal. Prediction reliability is Moderate Reliability, and the record is familiar relative to the development data. The ten retrieved development neighbours contained 2 observed failures, with a similarity-weighted historical failure rate of 17.94%; this is classified as Moderate Historical Failure Evidence. The principal model-attribution features were sensor_424, sensor_489, sensor_082. Overall evidence status: Review with Supporting Historical Risk. Historical similarity and SHAP attribution are supporting statistical evidence only and do not establish a physical root cause.",True,False,False
WF-000841,0,Pass,2008-09-14 19:13:00,0.036893126597488,0.3752414445889169,0.624758555411083,0.7054546421920723,0.2689545091779728,0.0266666666666666,0.0332054865830107,0.0521556888322615,0.0189502022492507,Engineering Review,No abstention,0,10,0.0,0.0,0.3000941506288735,0.5014887429599866,No Retrieved Failure Evidence,0.134489616987981,0.3017515217498858,"sensor_386, sensor_434","sensor_034, sensor_104, sensor_029, sensor_478, sensor_564","The record was assigned to Engineering Review with a calibrated failure probability of 3.69%. The strongest model contributions increasing risk were sensor_386, sensor_434. Contributions reducing predicted risk were sensor_034, sensor_104, sensor_029. The internal prediction-confidence score was 37.52%. Because SECOM sensors are anonymous, these features must be treated as statistical indicators rather than confirmed physical root causes.",Intermediate Risk Signal,Moderate Reliability,0.7310454908220272,Familiar,No Retrieved Historical Failure Evidence,Mixed or Intermediate Evidence,False,Prioritise engineering assessment using the SHAP-ranked sensor evidence and retrieved historical cases.,"The primary operational decision is Engineering Review. The retained Beta-calibrated model estimated a failure probability of 3.69%, corresponding to Intermediate Risk Signal. Prediction reliability is Moderate Reliability, and the record is familiar relative to the development data. The ten retrieved development neighbours contained 0 observed failures, with a similarity-weighted historical failure rate of 0.00%; this is classified as No Retrieved Historical Failure Evidence. The principal model-attribution features were sensor_386, sensor_434. Overall evidence status: Mixed or Intermediate Evidence. Historical similarity and SHAP attribution are supporting statistical evidence only and do not establish a physical root cause.",True,False,False
WF-000708,0,Pass,2008-09-03 00:45:00,0.0473835448352099,0.4056680014932704,0.5943319985067296,0.9769850137447902,0.0295291300877893,0.0222222222222222,0.0310426025332777,0.0638584273217449,0.0328158247884672,Engineering Review,No abstention,0,10,0.0,0.0,0.4765597177985435,0.6239155778705419,No Retrieved Failure Evidence,0.1682403325465309,0.3090260468322452,"sensor_342, sensor_478, sensor_206, sensor_574, sensor_476","sensor_104, sensor_032, sensor_352, sensor_548, sensor_485","The record was assigned to Engineering Review with a calibrated failure probability of 4.74%. The strongest model contributions increasing risk were sensor_342, sensor_478, sensor_206. Contributions reducing predicted risk were sensor_104, sensor_032, sensor_352. The internal prediction-confidence score was 40.57%. Because SECOM sensors are anonymous, these features must be treated as statistical indicators rather than confirmed physical root causes.",Intermediate Risk Signal,Moderate Reliability,0.9704708699122107,Very Familiar,No Retrieved Historical Failure Evidence,Mixed or Intermediate Evidence,False,Prioritise engineering assessment using the SHAP-ranked sensor evidence and retrieved historical cases.,"The primary operational decision is Engineering Review. The retained Beta-calibrated model estimated a failure probability of 4.74%, corresponding to Intermediate Risk Signal. Prediction reliability is Moderate Reliability, and the record is very familiar relative to the development data. The ten retrieved development neighbours contained 0 observed failures, with a similarity-weighted historical failure rate of 0.00%; this is classified as No Retrieved Historical Failure Evidence. The principal model-attribution features were sensor_342, sensor_478, sensor_206, sensor_574, sensor_476. Overall evidence status: Mixed or Intermediate Evidence. Historical similarity and SHAP attribution are supporting statistical evidence only and do not establish a physical root cause.",True,False,False
WF-001135,0,Pass,2008-09-27 15:30:00,0.0434719913235208,0.3151715767917133,0.6848284232082866,0.6629607165026159,0.6935355147645651,0.0177777777777777,0.0359399341462221,0.0701821059835458,0.0342421718373236,Engineering Review,No abstention,0,10,0.0,0.0,0.2816365427987879,0.9159709386813248,No Retrieved Failure Evidence,0.1425522471265136,0.2926236756979422,"sensor_489, sensor_434","sensor_104, sensor_126, sensor_060, sensor_206, sensor_424","The record was assigned to Engineering Review with a calibrated failure probability of 4.35%. The strongest model contributions increasing risk were sensor_489, sensor_434. Contributions reducing predicted risk were sensor_104, sensor_126, sensor_060. The internal prediction-confidence score was 31.52%. Because SECOM sensors are anonymous, these features must be treated as statistical indicators rather than confirmed physical root causes.",Intermediate Risk Signal,Moderate Reliability,0.3064644852354349,Unusual,No Retrieved Historical Failure Evidence,Review Driven by Reliability Concern,False,Prioritise engineering assessment using the SHAP-ranked sensor evidence and retrieved historical cases.,"The primary operational decision is Engineering Review. The retained Beta-calibrated model estimated a failure probability of 4.35%, corresponding to Intermediate Risk Signal. Prediction reliability is Moderate Reliability, and the record is unusual relative to the development data. The ten retrieved development neighbours contained 0 observed failures, with a similarity-weighted historical failure rate of 0.00%; this is classified as No Retrieved Historical Failure Evidence. The principal model-attribution features were sensor_489, sensor_434. Overall evidence status: Review Driven by Reliability Concern. Historical similarity and SHAP attribution are supporting statistical evidence only and do not establish a physical root cause.",True,False,False
WF-001478,0,Pass,2008-10-13 14:06:00,0.0155714199198236,0.4198554310764847,0.5801445689235152,0.6492336614347788,0.830806065442937,0.0177777777777777,0.0151649668365188,0.0255291860394715,0.0103642192029527,Low Risk,No abstention,0,10,0.0,0.0,0.0046659545217227,0.0416838140007092,No Retrieved Failure Evidence,0.1082321916300787,0.3555417154396025,"sensor_206, sensor_342, sensor_478, sensor_064","sensor_104, sensor_214, sensor_034, sensor_060, sensor_352","The record was assigned to Low Risk with a calibrated failure probability of 1.56%. The strongest model contributions increasing risk were sensor_206, sensor_342, sensor_478. Contributions reducing predicted risk were sensor_104, sensor_214, sensor_034. The internal prediction-confidence score was 41.99%. Because SECOM sensors are anonymous, these features must be treated as statistical indicators rather than confirmed physical root causes.",Strong Low-Risk Signal,Moderate Reliability,0.169193934557063,Unusual,No Retrieved Historical Failure Evidence,Low-Risk Decision with Reliability Caution,True,Do not rely on automatic release alone. Verify the highlighted evidence before continuing.,"The primary operational decision is Low Risk. The retained Beta-calibrated model estimated a failure probability of 1.56%, corresponding to Strong Low-Risk Signal. Prediction reliability is Moderate Reliability, and the record is unusual relative to the development data. The ten retrieved development neighbours contained 0 observed failures, with a similarity-weighted historical failure rate of 0.00%; this is classified as No Retrieved Historical Failure Evidence. The principal model-attribution features were sensor_206, sensor_342, sensor_478, sensor_064. Overall evidence status: Low-Risk Decision with Reliability Caution. Historical similarity and SHAP attribution are supporting statistical evidence only and do not establish a physical root cause.",True,False,False
WF-000051,1,Fail,2008-07-29 18:08:00,0.1019898466008417,0.2495287098979795,0.7504712901020205,0.6167393810410571,0.5642458100558659,0.0444444444444444,0.0911216897689602,0.1353717014374143,0.044250011668454,High Risk,No abstention,1,9,0.1356738456967138,0.1,0.4532497588677943,0.6758710153260483,Limited Failure Evidence,0.18558360975694,0.2355598002331305,"sensor_060, sensor_424, sensor_034, sensor_015","sensor_104, sensor_578, sensor_036, sensor_478, sensor_308","The record was assigned to High Risk with a calibrated failure probability of 10.20%. The strongest model contributions increasing risk were sensor_060, sensor_424, sensor_034. Contributions reducing predicted risk were sensor_104, sensor_578, sensor_036. The internal prediction-confidence score was 24.95%. Because SECOM sensors are anonymous, these features must be treated as statistical indicators rather than confirmed physical root causes.",Strong Risk Signal,Low Reliability,0.43575418994413406,Familiar,Limited Historical Failure Evidence,High Risk with Reliability Caution,True,Hold for inspection or prioritised engineering assessment before continuing.,"The primary operational decision is High Risk. The retained Beta-calibrated model estimated a failure probability of 10.20%, corresponding to Strong Risk Signal. Prediction reliability is Low Reliability, and the record is familiar relative to the development data. The ten retrieved development neighbours contained 1 observed failures, with a similarity-weighted historical failure rate of 13.57%; this is classified as Limited Historical Failure Evidence. The principal model-attribution features were sensor_060, sensor_424, sensor_034, sensor_015. Overall evidence status: High Risk with Reliability Caution. Historical similarity and SHAP attribution are supporting statistical evidence only and do not establish a physical root cause.",True,False,False
WF-001346,0,Pass,2008-10-06 05:21:00,0.0232767682877164,0.4452342098243039,0.554765790175696,0.8894571251219295,0.1923383878691141,0.0177777777777777,0.0182377907669987,0.0362961223286566,0.0180583315616578,Low Risk,No abstention,2,8,0.2110951711612007,0.2,0.5320493742693178,0.7812755214810707,Limited Failure Evidence,0.1116468136470591,0.3237658612661067,sensor_406,"sensor_034, sensor_104, sensor_029, sensor_317, sensor_181","The record was assigned to Low Risk with a calibrated failure probability of 2.33%. The strongest model contributions increasing risk were sensor_406. Contributions reducing predicted risk were sensor_034, sensor_104, sensor_029. The internal prediction-confidence score was 44.52%. Because SECOM sensors are anonymous, these features must be treated as statistical indicators rather than confirmed physical root causes.",Moderate Low-Risk Signal,Moderate Reliability,0.8076616121308859,Very Familiar,Moderate Historical Failure Evidence,Low-Risk Decision with Historical Conflict,True,Do not rely on automatic release alone. Verify the highlighted evidence before continuing.,"The primary operational decision is Low Risk. The retained Beta-calibrated model estimated a failure probability of 2.33%, corresponding to Moderate Low-Risk Signal. Prediction reliability is Moderate Reliability, and the record is very familiar relative to the development data. The ten retrieved development neighbours contained 2 observed failures, with a similarity-weighted historical failure rate of 21.11%; this is classified as Moderate Historical Failure Evidence. The principal model-attribution features were sensor_406. Overall evidence status: Low-Risk Decision with Historical Conflict. Historical similarity and SHAP attribution are supporting statistical evidence only and do not establish a physical root cause.",True,False,False
WF-000460,0,Pass,2008-08-28 03:04:00,0.0527357214831558,0.4568567771864262,0.5431432228135737,0.9376727853152436,0.0638467677573822,0.08,0.0346024705493248,0.0465603006812317,0.0119578301319069,Engineering Review,No abstention,1,9,0.0866168832555745,0.1,0.3460969157080878,0.9893156832461056,Limited Failure Evidence,0.1573771487964216,0.2863771487964217,"sensor_104, sensor_511, sensor_489, sensor_426","sensor_131, sensor_520, sensor_248, sensor_478, sensor_564","The record was assigned to Engineering Review with a calibrated failure probability of 5.27%. The strongest model contributions increasing risk were sensor_104, sensor_511, sensor_489. Contributions reducing predicted risk were sensor_131, sensor_520, sensor_248. The internal prediction-confidence score was 45.69%. Because SECOM sensors are anonymous, these features must be treated as statistical indicators rather than confirmed physical root causes.",Intermediate Risk Signal,Moderate Reliability,0.9361532322426178,Very Familiar,Limited Historical Failure Evidence,Mixed or Intermediate Evidence,False,Prioritise engineering assessment using the SHAP-ranked sensor evidence and retrieved historical cases.,"The primary operational decision is Engineering Review. The retained Beta-calibrated model estimated a failure probability of 5.27%, corresponding to Intermediate Risk Signal. Prediction reliability is Moderate Reliability, and the record is very familiar relative to the development data. The ten retrieved development neighbours contained 1 observed failures, with a similarity-weighted historical failure rate of 8.66%; this is classified as Limited Historical Failure Evidence. The principal model-attribution features were sensor_104, sensor_511, sensor_489, sensor_426. Overall evidence status: Mixed or Intermediate Evidence. Historical similarity and SHAP attribution are supporting statistical evidence only and do not establish a physical root cause.",True,False,False
WF-001317,0,Pass,2008-10-05 10:00:00,0.0331280378511453,0.382486646736081,0.617513353263919,0.6258098785137891,0.7916999201915403,0.0177777777777777,0.0364082548253036,0.0467033007345642,0.0102950459092606,Low Risk,No abstention,0,10,0.0,0.0,0.3328058746852381,0.6646377911915906,No Retrieved Failure Evidence,0.1389249239750743,0.3171154001655505,sensor_342,"sensor_104, sensor_317, sensor_181, sensor_511, sensor_453","The record was assigned to Low Risk with a calibrated failure probability of 3.31%. The strongest model contributions increasing risk were sensor_342. Contributions reducing predicted risk were sensor_104, sensor_317, sensor_181. The internal prediction-confidence score was 38.25%. Because SECOM sensors are anonymous, these features must be treated as statistical indicators rather than confirmed physical root causes.",Moderate Low-Risk Signal,Moderate Reliability,0.20830007980845966,Unusual,No Retrieved Historical Failure Evidence,Low-Risk Decision with Reliability Caution,True,Do not rely on automatic release alone. Verify the highlighted evidence before continuing.,"The primary operational decision is Low Risk. The retained Beta-calibrated model estimated a failure probability of 3.31%, corresponding to Moderate Low-Risk Signal. Prediction reliability is Moderate Reliability, and the record is unusual relative to the development data. The ten retrieved development neighbours contained 0 observed failures, with a similarity-weighted historical failure rate of 0.00%; this is classified as No Retrieved Historical Failure Evidence. The principal model-attribution features were sensor_342. Overall evidence status: Low-Risk Decision with Reliability Caution. Historical similarity and SHAP attribution are supporting statistical evidence only and do not establish a physical root cause.",True,False,False
WF-001422,0,Pass,2008-10-08 12:11:00,0.0084168674729297,0.4775211550519335,0.5224788449480664,0.7250956814755698,0.203511572226656,0.0088888888888888,0.0087635674824809,0.0131964589401182,0.0044328914576372,Low Risk,No abstention,1,9,0.0106125842266291,0.1,0.080828730443539,0.3058879130867092,Limited Failure Evidence,0.080290204723443,0.3746711571043953,sensor_103,"sensor_034, sensor_104, sensor_060, sensor_131, sensor_317","The record was assigned to Low Risk with a calibrated failure probability of 0.84%. The strongest model contributions increasing risk were sensor_103. Contributions reducing predicted risk were sensor_034, sensor_104, sensor_060. The internal prediction-confidence score was 47.75%. Because SECOM sensors are anonymous, these features must be treated as statistical indicators rather than confirmed physical root causes.",Strong Low-Risk Signal,Moderate Reliability,0.7964884277733439,Very Familiar,Limited Historical Failure Evidence,Low-Risk Decision with Limited Support,False,Continue processing under standard monitoring.,"The primary operational decision is Low Risk. The retained Beta-calibrated model estimated a failure probability of 0.84%, corresponding to Strong Low-Risk Signal. Prediction reliability is Moderate Reliability, and the record is very familiar relative to the development data. The ten retrieved development neighbours contained 1 observed failures, with a similarity-weighted historical failure rate of 1.06%; this is classified as Limited Historical Failure Evidence. The principal model-attribution features were sensor_103. Overall evidence status: Low-Risk Decision with Limited Support. Historical similarity and SHAP attribution are supporting statistical evidence only and do not establish a physical root cause.",True,False,False
WF-000572,0,Pass,2008-08-30 08:29:00,0.0683636751133987,0.3445752506569946,0.6554247493430054,0.5146448523543496,0.7254588986432562,0.0,0.0780022032256191,0.0845452406487568,0.0065430374231376,Engineering Review,No abstention,1,9,0.0645647255772838,0.1,0.418418645335446,0.617631017849169,Limited Failure Evidence,0.1612314562848228,0.2604695515229182,"sensor_520, sensor_386, sensor_206","sensor_104, sensor_131, sensor_432, sensor_282, sensor_147","The record was assigned to Engineering Review with a calibrated failure probability of 6.84%. The strongest model contributions increasing risk were sensor_520, sensor_386, sensor_206. Contributions reducing predicted risk were sensor_104, sensor_131, sensor_432. The internal prediction-confidence score was 34.46%. Because SECOM sensors are anonymous, these features must be treated as statistical indicators rather than confirmed physical root causes.",Intermediate Risk Signal,Moderate Reliability,0.2745411013567438,Unusual,Limited Historical Failure Evidence,Review Driven by Reliability Concern,False,Prioritise engineering assessment using the SHAP-ranked sensor evidence and retrieved historical cases.,"The primary operational decision is Engineering Review. The retained Beta-calibrated model estimated a failure probability of 6.84%, corresponding to Intermediate Risk Signal. Prediction reliability is Moderate Reliability, and the record is unusual relative to the development data. The ten retrieved development neighbours contained 1 observed failures, with a similarity-weighted historical failure rate of 6.46%; this is classified as Limited Historical Failure Evidence. The principal model-attribution features were sensor_520, sensor_386, sensor_206. Overall evidence status: Review Driven by Reliability Concern. Historical similarity and SHAP attribution are supporting statistical evidence only and do not establish a physical root cause.",True,False,False
WF-000817,0,Pass,2008-09-12 22:25:00,0.0128786301620683,0.4983764598821812,0.5016235401178188,0.8513005231887913,0.2913008778930566,0.0355555555555555,0.0088103030097619,0.0150487997469035,0.0062384967371415,Low Risk,No abstention,3,7,0.3081148789048269,0.3,0.3635806287335806,0.7560407485915807,Moderate Failure Evidence,0.1094937877478987,0.3721842639383749,sensor_082,"sensor_034, sensor_104, sensor_214, sensor_520, sensor_060","The record was assigned to Low Risk with a calibrated failure probability of 1.29%. The strongest model contributions increasing risk were sensor_082. Contributions reducing predicted risk were sensor_034, sensor_104, sensor_214. The internal prediction-confidence score was 49.84%. Because SECOM sensors are anonymous, these features must be treated as statistical indicators rather than confirmed physical root causes.",Strong Low-Risk Signal,Moderate Reliability,0.7086991221069434,Familiar,Strong Historical Failure Evidence,Low-Risk Decision with Historical Conflict,True,Do not rely on automatic release alone. Verify the highlighted evidence before continuing.,"The primary operational decision is Low Risk. The retained Beta-calibrated model estimated a failure probability of 1.29%, corresponding to Strong Low-Risk Signal. Prediction reliability is Moderate Reliability, and the record is familiar relative to the development data. The ten retrieved development neighbours contained 3 observed failures, with a similarity-weighted historical failure rate of 30.81%; this is classified as Strong Historical Failure Evidence. The principal model-attribution features were sensor_082. Overall evidence status: Low-Risk Decision with Historical Conflict. Historical similarity and SHAP attribution are supporting statistical evidence only and do not establish a physical root cause.",True,False,False
WF-000796,1,Fail,2008-09-11 22:07:00,0.0361807096397845,0.3687061014499476,0.6312938985500524,0.6641179391682185,0.8116520351157223,0.0177777777777777,0.0194926210823803,0.0391459716583854,0.0196533505760051,Engineering Review,No abstention,1,9,0.1635099622337066,0.1,0.3253196438325376,0.5319300267694113,Limited Failure Evidence,0.1278015888548731,0.2970634936167778,,"sensor_104, sensor_352, sensor_214, sensor_029, sensor_060","The record was assigned to Engineering Review with a calibrated failure probability of 3.62%. The strongest model contributions increasing risk were no dominant positive sensor contribution. Contributions reducing predicted risk were sensor_104, sensor_352, sensor_214. The internal prediction-confidence score was 36.87%. Because SECOM sensors are anonymous, these features must be treated as statistical indicators rather than confirmed physical root causes.",Intermediate Risk Signal,Moderate Reliability,0.18834796488427774,Unusual,Moderate Historical Failure Evidence,Review with Supporting Historical Risk,False,Prioritise engineering assessment using the SHAP-ranked sensor evidence and retrieved historical cases.,"The primary operational decision is Engineering Review. The retained Beta-calibrated model estimated a failure probability of 3.62%, corresponding to Intermediate Risk Signal. Prediction reliability is Moderate Reliability, and the record is unusual relative to the development data. The ten retrieved development neighbours contained 1 observed failures, with a similarity-weighted historical failure rate of 16.35%; this is classified as Moderate Historical Failure Evidence. The principal model-attribution features were no dominant positive sensor attribution was available. Overall evidence status: Review with Supporting Historical Risk. Historical similarity and SHAP attribution are supporting statistical evidence only and do not establish a physical root cause.",True,False,False
WF-000345,1,Fail,2008-08-20 23:43:00,0.0687648573608557,0.3236884508646423,0.6763115491353577,0.6401232597321983,0.4461292897047087,0.0444444444444444,0.0577146281940678,0.0844227528368545,0.0267081246427867,Engineering Review,No abstention,0,10,0.0,0.0,0.1384479954738657,0.231780946829134,No Retrieved Failure Evidence,0.1720114340528561,0.2705590531004751,"sensor_060, sensor_386, sensor_153, sensor_065, sensor_426","sensor_104, sensor_511, sensor_317","The record was assigned to Engineering Review with a calibrated failure probability of 6.88%. The strongest model contributions increasing risk were sensor_060, sensor_386, sensor_153. Contributions reducing predicted risk were sensor_104, sensor_511, sensor_317. The internal prediction-confidence score was 32.37%. Because SECOM sensors are anonymous, these features must be treated as statistical indicators rather than confirmed physical root causes.",Intermediate Risk Signal,Moderate Reliability,0.5538707102952913,Familiar,No Retrieved Historical Failure Evidence,Mixed or Intermediate Evidence,False,Prioritise engineering assessment using the SHAP-ranked sensor evidence and retrieved historical cases.,"The primary operational decision is Engineering Review. The retained Beta-calibrated model estimated a failure probability of 6.88%, corresponding to Intermediate Risk Signal. Prediction reliability is Moderate Reliability, and the record is familiar relative to the development data. The ten retrieved development neighbours contained 0 observed failures, with a similarity-weighted historical failure rate of 0.00%; this is classified as No Retrieved Historical Failure Evidence. The principal model-attribution features were sensor_060, sensor_386, sensor_153, sensor_065, sensor_426. Overall evidence status: Mixed or Intermediate Evidence. Historical similarity and SHAP attribution are supporting statistical evidence only and do not establish a physical root cause.",True,False,False
WF-001095,0,Pass,2008-09-26 01:21:00,0.0855171138577884,0.2856929953313584,0.7143070046686416,0.4679088410038131,0.8842777334397446,0.0177777777777777,0.0712337603513731,0.0906334030671363,0.0193996427157631,High Risk,No abstention,0,10,0.0,0.0,0.4599849933172938,0.6599922679781356,No Retrieved Failure Evidence,0.1786675144442993,0.2508579906347756,"sensor_424, sensor_282","sensor_104, sensor_130, sensor_126, sensor_478, sensor_511","The record was assigned to High Risk with a calibrated failure probability of 8.55%. The strongest model contributions increasing risk were sensor_424, sensor_282. Contributions reducing predicted risk were sensor_104, sensor_130, sensor_126. The internal prediction-confidence score was 28.57%. Because SECOM sensors are anonymous, these features must be treated as statistical indicators rather than confirmed physical root causes.",Strong Risk Signal,Moderate Reliability,0.11572226656025542,Outside Typical Historical Experience,No Retrieved Historical Failure Evidence,High Risk with Reliability Caution,True,Hold for inspection or prioritised engineering assessment before continuing.,"The primary operational decision is High Risk. The retained Beta-calibrated model estimated a failure probability of 8.55%, corresponding to Strong Risk Signal. Prediction reliability is Moderate Reliability, and the record is outside typical historical experience relative to the development data. The ten retrieved development neighbours contained 0 observed failures, with a similarity-weighted historical failure rate of 0.00%; this is classified as No Retrieved Historical Failure Evidence. The principal model-attribution features were sensor_424, sensor_282. Overall evidence status: High Risk with Reliability Caution. Historical similarity and SHAP attribution are supporting statistical evidence only and do not establish a physical root cause.",True,False,False
WF-001391,0,Pass,2008-10-07 09:11:00,0.0382096282185509,0.377341960226815,0.622658039773185,0.6914441784162455,0.644852354349561,0.0355555555555555,0.0255137715254874,0.0446430476161684,0.019129276090681,Engineering Review,No abstention,0,10,0.0,0.0,0.0179046839669699,0.0793002250535634,No Retrieved Failure Evidence,0.1349355037838653,0.2985783609267225,"sensor_104, sensor_034, sensor_126","sensor_317, sensor_201, sensor_511, sensor_564, sensor_478","The record was assigned to Engineering Review with a calibrated failure probability of 3.82%. The strongest model contributions increasing risk were sensor_104, sensor_034, sensor_126. Contributions reducing predicted risk were sensor_317, sensor_201, sensor_511. The internal prediction-confidence score was 37.73%. Because SECOM sensors are anonymous, these features must be treated as statistical indicators rather than confirmed physical root causes.",Intermediate Risk Signal,Moderate Reliability,0.355147645650439,Unusual,No Retrieved Historical Failure Evidence,Review Driven by Reliability Concern,False,Prioritise engineering assessment using the SHAP-ranked sensor evidence and retrieved historical cases.,"The primary operational decision is Engineering Review. The retained Beta-calibrated model estimated a failure probability of 3.82%, corresponding to Intermediate Risk Signal. Prediction reliability is Moderate Reliability, and the record is unusual relative to the development data. The ten retrieved development neighbours contained 0 observed failures, with a similarity-weighted historical failure rate of 0.00%; this is classified as No Retrieved Historical Failure Evidence. The principal model-attribution features were sensor_104, sensor_034, sensor_126. Overall evidence status: Review Driven by Reliability Concern. Historical similarity and SHAP attribution are supporting statistical evidence only and do not establish a physical root cause.",True,False,False
WF-000848,0,Pass,2008-09-15 10:03:00,0.053929152626906,0.4060023660737878,0.5939976339262121,0.9246168307173894,0.1476456504389465,0.0088888888888888,0.0570063817434612,0.0852544632098012,0.02824808146634,Engineering Review,No abstention,0,10,0.0,0.0,0.3825099020582883,0.6428269374822676,No Retrieved Failure Evidence,0.1530966013792441,0.2795966013792441,sensor_424,"sensor_104, sensor_060, sensor_206, sensor_389, sensor_378","The record was assigned to Engineering Review with a calibrated failure probability of 5.39%. The strongest model contributions increasing risk were sensor_424. Contributions reducing predicted risk were sensor_104, sensor_060, sensor_206. The internal prediction-confidence score was 40.60%. Because SECOM sensors are anonymous, these features must be treated as statistical indicators rather than confirmed physical root causes.",Intermediate Risk Signal,Moderate Reliability,0.8523543495610535,Very Familiar,No Retrieved Historical Failure Evidence,Mixed or Intermediate Evidence,False,Prioritise engineering assessment using the SHAP-ranked sensor evidence and retrieved historical cases.,"The primary operational decision is Engineering Review. The retained Beta-calibrated model estimated a failure probability of 5.39%, corresponding to Intermediate Risk Signal. Prediction reliability is Moderate Reliability, and the record is very familiar relative to the development data. The ten retrieved development neighbours contained 0 observed failures, with a similarity-weighted historical failure rate of 0.00%; this is classified as No Retrieved Historical Failure Evidence. The principal model-attribution features were sensor_424. Overall evidence status: Mixed or Intermediate Evidence. Historical similarity and SHAP attribution are supporting statistical evidence only and do not establish a physical root cause.",True,False,False
WF-000462,0,Pass,2008-08-28 03:38:00,0.056605026107768,0.3211440148833948,0.6788559851166052,0.5932920102864236,0.4940143655227454,0.0088888888888888,0.0463019976188137,0.0678857661895471,0.0215837685707333,Engineering Review,No abstention,1,9,0.0714284304093069,0.1,0.0905915250871562,0.2646374861198934,Limited Failure Evidence,0.1569158199788971,0.2779634390265161,"sensor_424, sensor_015, sensor_034","sensor_104, sensor_131, sensor_206, sensor_271, sensor_564","The record was assigned to Engineering Review with a calibrated failure probability of 5.66%. The strongest model contributions increasing risk were sensor_424, sensor_015, sensor_034. Contributions reducing predicted risk were sensor_104, sensor_131, sensor_206. The internal prediction-confidence score was 32.11%. Because SECOM sensors are anonymous, these features must be treated as statistical indicators rather than confirmed physical root causes.",Intermediate Risk Signal,Moderate Reliability,0.5059856344772546,Familiar,Limited Historical Failure Evidence,Mixed or Intermediate Evidence,False,Prioritise engineering assessment using the SHAP-ranked sensor evidence and retrieved historical cases.,"The primary operational decision is Engineering Review. The retained Beta-calibrated model estimated a failure probability of 5.66%, corresponding to Intermediate Risk Signal. Prediction reliability is Moderate Reliability, and the record is familiar relative to the development data. The ten retrieved development neighbours contained 1 observed failures, with a similarity-weighted historical failure rate of 7.14%; this is classified as Limited Historical Failure Evidence. The principal model-attribution features were sensor_424, sensor_015, sensor_034. Overall evidence status: Mixed or Intermediate Evidence. Historical similarity and SHAP attribution are supporting statistical evidence only and do not establish a physical root cause.",True,False,False
WF-001139,0,Pass,2008-09-27 19:16:00,0.0434429060618953,0.3902777776441106,0.6097222223558894,0.8148761195353375,0.4493216280925778,0.0177777777777777,0.0408720824778783,0.0658428052459639,0.0249707227680856,Engineering Review,No abstention,1,9,0.1459648141825485,0.1,0.539714813487912,0.8266363335335065,Limited Failure Evidence,0.1318363140948357,0.2819791712376928,,"sensor_104, sensor_060, sensor_130, sensor_389, sensor_432","The record was assigned to Engineering Review with a calibrated failure probability of 4.34%. The strongest model contributions increasing risk were no dominant positive sensor contribution. Contributions reducing predicted risk were sensor_104, sensor_060, sensor_130. The internal prediction-confidence score was 39.03%. Because SECOM sensors are anonymous, these features must be treated as statistical indicators rather than confirmed physical root causes.",Intermediate Risk Signal,Moderate Reliability,0.5506783719074222,Familiar,Limited Historical Failure Evidence,Mixed or Intermediate Evidence,False,Prioritise engineering assessment using the SHAP-ranked sensor evidence and retrieved historical cases.,"The primary operational decision is Engineering Review. The retained Beta-calibrated model estimated a failure probability of 4.34%, corresponding to Intermediate Risk Signal. Prediction reliability is Moderate Reliability, and the record is familiar relative to the development data. The ten retrieved development neighbours contained 1 observed failures, with a similarity-weighted historical failure rate of 14.60%; this is classified as Limited Historical Failure Evidence. The principal model-attribution features were no dominant positive sensor attribution was available. Overall evidence status: Mixed or Intermediate Evidence. Historical similarity and SHAP attribution are supporting statistical evidence only and do not establish a physical root cause.",True,False,False
WF-001005,0,Pass,2008-09-22 03:51:00,0.0174044761498418,0.5129151645928662,0.4870848354071337,0.970742041323047,0.0598563447725458,0.0177777777777777,0.0182045162025524,0.026302959691458,0.0080984434889055,Low Risk,No abstention,0,10,0.0,0.0,0.054438215272243,0.0911650190504568,No Retrieved Failure Evidence,0.1156626558055105,0.353591227234082,,"sensor_131, sensor_104, sensor_214, sensor_060, sensor_352","The record was assigned to Low Risk with a calibrated failure probability of 1.74%. The strongest model contributions increasing risk were no dominant positive sensor contribution. Contributions reducing predicted risk were sensor_131, sensor_104, sensor_214. The internal prediction-confidence score was 51.29%. Because SECOM sensors are anonymous, these features must be treated as statistical indicators rather than confirmed physical root causes.",Strong Low-Risk Signal,High Reliability,0.9401436552274542,Very Familiar,No Retrieved Historical Failure Evidence,Convergent Low-Risk Evidence,False,Continue processing under standard monitoring.,"The primary operational decision is Low Risk. The retained Beta-calibrated model estimated a failure probability of 1.74%, corresponding to Strong Low-Risk Signal. Prediction reliability is High Reliability, and the record is very familiar relative to the development data. The ten retrieved development neighbours contained 0 observed failures, with a similarity-weighted historical failure rate of 0.00%; this is classified as No Retrieved Historical Failure Evidence. The principal model-attribution features were no dominant positive sensor attribution was available. Overall evidence status: Convergent Low-Risk Evidence. Historical similarity and SHAP attribution are supporting statistical evidence only and do not establish a physical root cause.",True,False,False
WF-000675,0,Pass,2008-09-02 10:25:00,0.0274244105177695,0.4067563316476548,0.5932436683523452,0.6533877804380598,0.5235434956105347,0.0088888888888888,0.038017229454732,0.044654941991239,0.006637712536507,Low Risk,No abstention,0,10,0.0,0.0,0.2123144153787031,0.5886864699649098,No Retrieved Failure Evidence,0.1253975909042154,0.3221118766185012,"sensor_104, sensor_153","sensor_034, sensor_029, sensor_181, sensor_317, sensor_453","The record was assigned to Low Risk with a calibrated failure probability of 2.74%. The strongest model contributions increasing risk were sensor_104, sensor_153. Contributions reducing predicted risk were sensor_034, sensor_029, sensor_181. The internal prediction-confidence score was 40.68%. Because SECOM sensors are anonymous, these features must be treated as statistical indicators rather than confirmed physical root causes.",Moderate Low-Risk Signal,Moderate Reliability,0.4764565043894653,Familiar,No Retrieved Historical Failure Evidence,Convergent Low-Risk Evidence,False,Continue processing under standard monitoring.,"The primary operational decision is Low Risk. The retained Beta-calibrated model estimated a failure probability of 2.74%, corresponding to Moderate Low-Risk Signal. Prediction reliability is Moderate Reliability, and the record is familiar relative to the development data. The ten retrieved development neighbours contained 0 observed failures, with a similarity-weighted historical failure rate of 0.00%; this is classified as No Retrieved Historical Failure Evidence. The principal model-attribution features were sensor_104, sensor_153. Overall evidence status: Convergent Low-Risk Evidence. Historical similarity and SHAP attribution are supporting statistical evidence only and do not establish a physical root cause.",True,False,False
WF-001337,0,Pass,2008-10-06 01:25:00,0.0483448180224866,0.3994685001340948,0.6005314998659053,0.8220189766781946,0.2442138866719872,0.0177777777777777,0.0349325692598187,0.05620248861031,0.0212699193504912,Engineering Review,No abstention,1,9,0.0915027397818652,0.1,0.3889203009691846,0.5955634023279426,Limited Failure Evidence,0.1397743980472709,0.278369636142509,sensor_034,"sensor_104, sensor_282, sensor_060, sensor_206, sensor_511","The record was assigned to Engineering Review with a calibrated failure probability of 4.83%. The strongest model contributions increasing risk were sensor_034. Contributions reducing predicted risk were sensor_104, sensor_282, sensor_060. The internal prediction-confidence score was 39.95%. Because SECOM sensors are anonymous, these features must be treated as statistical indicators rather than confirmed physical root causes.",Intermediate Risk Signal,Moderate Reliability,0.7557861133280128,Very Familiar,Limited Historical Failure Evidence,Mixed or Intermediate Evidence,False,Prioritise engineering assessment using the SHAP-ranked sensor evidence and retrieved historical cases.,"The primary operational decision is Engineering Review. The retained Beta-calibrated model estimated a failure probability of 4.83%, corresponding to Intermediate Risk Signal. Prediction reliability is Moderate Reliability, and the record is very familiar relative to the development data. The ten retrieved development neighbours contained 1 observed failures, with a similarity-weighted historical failure rate of 9.15%; this is classified as Limited Historical Failure Evidence. The principal model-attribution features were sensor_034. Overall evidence status: Mixed or Intermediate Evidence. Historical similarity and SHAP attribution are supporting statistical evidence only and do not establish a physical root cause.",True,False,False
WF-000332,0,Pass,2008-08-20 17:09:00,0.065246456767347,0.3930199381567751,0.6069800618432248,0.8742177884189057,0.0510774142059058,0.0088888888888888,0.0458746393065148,0.0734966331225602,0.0276219938160453,Engineering Review,No abstention,1,9,0.061192501127141,0.1,0.1639004043658133,0.3079161353382003,Limited Failure Evidence,0.1582940175527879,0.2630083032670736,"sensor_017, sensor_153, sensor_288","sensor_104, sensor_034, sensor_206, sensor_511, sensor_342","The record was assigned to Engineering Review with a calibrated failure probability of 6.52%. The strongest model contributions increasing risk were sensor_017, sensor_153, sensor_288. Contributions reducing predicted risk were sensor_104, sensor_034, sensor_206. The internal prediction-confidence score was 39.30%. Because SECOM sensors are anonymous, these features must be treated as statistical indicators rather than confirmed physical root causes.",Intermediate Risk Signal,Moderate Reliability,0.9489225857940942,Very Familiar,Limited Historical Failure Evidence,Mixed or Intermediate Evidence,False,Prioritise engineering assessment using the SHAP-ranked sensor evidence and retrieved historical cases.,"The primary operational decision is Engineering Review. The retained Beta-calibrated model estimated a failure probability of 6.52%, corresponding to Intermediate Risk Signal. Prediction reliability is Moderate Reliability, and the record is very familiar relative to the development data. The ten retrieved development neighbours contained 1 observed failures, with a similarity-weighted historical failure rate of 6.12%; this is classified as Limited Historical Failure Evidence. The principal model-attribution features were sensor_017, sensor_153, sensor_288. Overall evidence status: Mixed or Intermediate Evidence. Historical similarity and SHAP attribution are supporting statistical evidence only and do not establish a physical root cause.",True,False,False
WF-001425,0,Pass,2008-10-08 14:48:00,0.0249580594212095,0.4308631501910098,0.5691368498089902,0.8583318258402057,0.3559457302474062,0.0177777777777777,0.0193216109202157,0.0400239685161308,0.0207023575959151,Low Risk,No abstention,1,9,0.0905093468768056,0.1,0.5573507270809014,0.8633279229403216,Limited Failure Evidence,0.1162888052371356,0.3219316623799927,"sensor_434, sensor_034","sensor_104, sensor_511, sensor_317, sensor_201, sensor_453","The record was assigned to Low Risk with a calibrated failure probability of 2.50%. The strongest model contributions increasing risk were sensor_434, sensor_034. Contributions reducing predicted risk were sensor_104, sensor_511, sensor_317. The internal prediction-confidence score was 43.09%. Because SECOM sensors are anonymous, these features must be treated as statistical indicators rather than confirmed physical root causes.",Moderate Low-Risk Signal,Moderate Reliability,0.6440542697525937,Familiar,Limited Historical Failure Evidence,Low-Risk Decision with Limited Support,False,Continue processing under standard monitoring.,"The primary operational decision is Low Risk. The retained Beta-calibrated model estimated a failure probability of 2.50%, corresponding to Moderate Low-Risk Signal. Prediction reliability is Moderate Reliability, and the record is familiar relative to the development data. The ten retrieved development neighbours contained 1 observed failures, with a similarity-weighted historical failure rate of 9.05%; this is classified as Limited Historical Failure Evidence. The principal model-attribution features were sensor_434, sensor_034. Overall evidence status: Low-Risk Decision with Limited Support. Historical similarity and SHAP attribution are supporting statistical evidence only and do not establish a physical root cause.",True,False,False
WF-001273,0,Pass,2008-10-03 12:31:00,0.1811384392853575,0.3765387710063268,0.6234612289936732,0.7916119535337414,0.5203511572226656,0.0177777777777777,0.1191317640263536,0.1471099446763459,0.0279781806499923,High Risk,No abstention,0,10,0.0,0.0,0.0947838471841937,0.7293640120743812,No Retrieved Failure Evidence,0.2455385453428084,0.2168004501047131,"sensor_104, sensor_125, sensor_015, sensor_424, sensor_133","sensor_060, sensor_126, sensor_282, sensor_308, sensor_478","The record was assigned to High Risk with a calibrated failure probability of 18.11%. The strongest model contributions increasing risk were sensor_104, sensor_125, sensor_015. Contributions reducing predicted risk were sensor_060, sensor_126, sensor_282. The internal prediction-confidence score was 37.65%. Because SECOM sensors are anonymous, these features must be treated as statistical indicators rather than confirmed physical root causes.",Very Strong Risk Signal,Moderate Reliability,0.47964884277733444,Familiar,No Retrieved Historical Failure Evidence,Model-Led Risk Evidence,False,Hold for inspection or prioritised engineering assessment before continuing.,"The primary operational decision is High Risk. The retained Beta-calibrated model estimated a failure probability of 18.11%, corresponding to Very Strong Risk Signal. Prediction reliability is Moderate Reliability, and the record is familiar relative to the development data. The ten retrieved development neighbours contained 0 observed failures, with a similarity-weighted historical failure rate of 0.00%; this is classified as No Retrieved Historical Failure Evidence. The principal model-attribution features were sensor_104, sensor_125, sensor_015, sensor_424, sensor_133. Overall evidence status: Model-Led Risk Evidence. Historical similarity and SHAP attribution are supporting statistical evidence only and do not establish a physical root cause.",True,False,False
WF-000521,0,Pass,2008-08-29 07:18:00,0.0781913240428275,0.3639075706512817,0.6360924293487182,0.8305226567349473,0.3463687150837989,0.0088888888888888,0.0388828810391559,0.0704670613521898,0.0315841803130338,Engineering Review,No abstention,0,10,0.0,0.0,0.1976460445703262,0.3827950444675194,No Retrieved Failure Evidence,0.1788037531132746,0.2619704197799413,"sensor_511, sensor_104, sensor_015","sensor_034, sensor_126, sensor_520, sensor_248, sensor_206","The record was assigned to Engineering Review with a calibrated failure probability of 7.82%. The strongest model contributions increasing risk were sensor_511, sensor_104, sensor_015. Contributions reducing predicted risk were sensor_034, sensor_126, sensor_520. The internal prediction-confidence score was 36.39%. Because SECOM sensors are anonymous, these features must be treated as statistical indicators rather than confirmed physical root causes.",Intermediate Risk Signal,Moderate Reliability,0.6536312849162011,Familiar,No Retrieved Historical Failure Evidence,Mixed or Intermediate Evidence,False,Prioritise engineering assessment using the SHAP-ranked sensor evidence and retrieved historical cases.,"The primary operational decision is Engineering Review. The retained Beta-calibrated model estimated a failure probability of 7.82%, corresponding to Intermediate Risk Signal. Prediction reliability is Moderate Reliability, and the record is familiar relative to the development data. The ten retrieved development neighbours contained 0 observed failures, with a similarity-weighted historical failure rate of 0.00%; this is classified as No Retrieved Historical Failure Evidence. The principal model-attribution features were sensor_511, sensor_104, sensor_015. Overall evidence status: Mixed or Intermediate Evidence. Historical similarity and SHAP attribution are supporting statistical evidence only and do not establish a physical root cause.",True,False,False
WF-001269,0,Pass,2008-10-03 06:15:00,0.0532446440524183,0.3577731612084175,0.6422268387915825,0.741017469185067,0.4134078212290503,0.0088888888888888,0.0332396592021534,0.0603387909435565,0.027099131741403,Engineering Review,No abstention,0,10,0.0,0.0,0.4196530840008857,0.6998691209833993,No Retrieved Failure Evidence,0.149531185442056,0.2774597568706275,"sensor_104, sensor_133, sensor_056","sensor_034, sensor_060, sensor_478, sensor_201, sensor_317","The record was assigned to Engineering Review with a calibrated failure probability of 5.32%. The strongest model contributions increasing risk were sensor_104, sensor_133, sensor_056. Contributions reducing predicted risk were sensor_034, sensor_060, sensor_478. The internal prediction-confidence score was 35.78%. Because SECOM sensors are anonymous, these features must be treated as statistical indicators rather than confirmed physical root causes.",Intermediate Risk Signal,Moderate Reliability,0.5865921787709497,Familiar,No Retrieved Historical Failure Evidence,Mixed or Intermediate Evidence,False,Prioritise engineering assessment using the SHAP-ranked sensor evidence and retrieved historical cases.,"The primary operational decision is Engineering Review. The retained Beta-calibrated model estimated a failure probability of 5.32%, corresponding to Intermediate Risk Signal. Prediction reliability is Moderate Reliability, and the record is familiar relative to the development data. The ten retrieved development neighbours contained 0 observed failures, with a similarity-weighted historical failure rate of 0.00%; this is classified as No Retrieved Historical Failure Evidence. The principal model-attribution features were sensor_104, sensor_133, sensor_056. Overall evidence status: Mixed or Intermediate Evidence. Historical similarity and SHAP attribution are supporting statistical evidence only and do not establish a physical root cause.",True,False,False
WF-000851,0,Pass,2008-09-15 16:10:00,0.0113072610572929,0.4724868265345221,0.5275131734654779,0.7711850669504301,0.5865921787709497,0.0088888888888888,0.0113449689361772,0.0176304824086059,0.0062855134724287,Low Risk,No abstention,0,10,0.0,0.0,0.678459978304751,0.7913648920167027,No Retrieved Failure Evidence,0.0863451519441605,0.3591308662298749,,"sensor_034, sensor_131, sensor_104, sensor_520, sensor_248","The record was assigned to Low Risk with a calibrated failure probability of 1.13%. The strongest model contributions increasing risk were no dominant positive sensor contribution. Contributions reducing predicted risk were sensor_034, sensor_131, sensor_104. The internal prediction-confidence score was 47.25%. Because SECOM sensors are anonymous, these features must be treated as statistical indicators rather than confirmed physical root causes.",Strong Low-Risk Signal,Moderate Reliability,0.4134078212290503,Familiar,No Retrieved Historical Failure Evidence,Convergent Low-Risk Evidence,False,Continue processing under standard monitoring.,"The primary operational decision is Low Risk. The retained Beta-calibrated model estimated a failure probability of 1.13%, corresponding to Strong Low-Risk Signal. Prediction reliability is Moderate Reliability, and the record is familiar relative to the development data. The ten retrieved development neighbours contained 0 observed failures, with a similarity-weighted historical failure rate of 0.00%; this is classified as No Retrieved Historical Failure Evidence. The principal model-attribution features were no dominant positive sensor attribution was available. Overall evidence status: Convergent Low-Risk Evidence. Historical similarity and SHAP attribution are supporting statistical evidence only and do not establish a physical root cause.",True,False,False
WF-000229,0,Pass,2008-08-17 03:46:00,0.2326193201507954,0.2345810678389503,0.7654189321610496,0.6696328810853951,0.5163607342378292,0.0,0.169469079507834,0.2948017839101983,0.1253327044023643,High Risk,No abstention,1,9,0.0305798673813122,0.1,0.1006810722422968,0.2807787177925148,Limited Failure Evidence,0.2667332710419214,0.2001856519943022,"sensor_104, sensor_065, sensor_478, sensor_206, sensor_066","sensor_060, sensor_548, sensor_432","The record was assigned to High Risk with a calibrated failure probability of 23.26%. The strongest model contributions increasing risk were sensor_104, sensor_065, sensor_478. Contributions reducing predicted risk were sensor_060, sensor_548, sensor_432. The internal prediction-confidence score was 23.46%. Because SECOM sensors are anonymous, these features must be treated as statistical indicators rather than confirmed physical root causes.",Very Strong Risk Signal,Low Reliability,0.48363926576217076,Familiar,Limited Historical Failure Evidence,High Risk with Reliability Caution,True,Hold for inspection or prioritised engineering assessment before continuing.,"The primary operational decision is High Risk. The retained Beta-calibrated model estimated a failure probability of 23.26%, corresponding to Very Strong Risk Signal. Prediction reliability is Low Reliability, and the record is familiar relative to the development data. The ten retrieved development neighbours contained 1 observed failures, with a similarity-weighted historical failure rate of 3.06%; this is classified as Limited Historical Failure Evidence. The principal model-attribution features were sensor_104, sensor_065, sensor_478, sensor_206, sensor_066. Overall evidence status: High Risk with Reliability Caution. Historical similarity and SHAP attribution are supporting statistical evidence only and do not establish a physical root cause.",True,False,False
WF-000948,0,Pass,2008-09-20 12:27:00,0.0298163259809585,0.376250164166001,0.623749835833999,0.5333998403830806,0.7494014365522745,0.0,0.0220335539501984,0.0252310333602149,0.0031974794100164,Low Risk,No abstention,1,9,0.0303590089070732,0.1,0.3626752133079708,0.8528056777677505,Limited Failure Evidence,0.1336812652417283,0.3223003128607759,"sensor_424, sensor_386","sensor_131, sensor_104, sensor_126, sensor_060, sensor_130","The record was assigned to Low Risk with a calibrated failure probability of 2.98%. The strongest model contributions increasing risk were sensor_424, sensor_386. Contributions reducing predicted risk were sensor_131, sensor_104, sensor_126. The internal prediction-confidence score was 37.63%. Because SECOM sensors are anonymous, these features must be treated as statistical indicators rather than confirmed physical root causes.",Moderate Low-Risk Signal,Moderate Reliability,0.25059856344772546,Unusual,Limited Historical Failure Evidence,Low-Risk Decision with Reliability Caution,True,Do not rely on automatic release alone. Verify the highlighted evidence before continuing.,"The primary operational decision is Low Risk. The retained Beta-calibrated model estimated a failure probability of 2.98%, corresponding to Moderate Low-Risk Signal. Prediction reliability is Moderate Reliability, and the record is unusual relative to the development data. The ten retrieved development neighbours contained 1 observed failures, with a similarity-weighted historical failure rate of 3.04%; this is classified as Limited Historical Failure Evidence. The principal model-attribution features were sensor_424, sensor_386. Overall evidence status: Low-Risk Decision with Reliability Caution. Historical similarity and SHAP attribution are supporting statistical evidence only and do not establish a physical root cause.",True,False,False
WF-000679,0,Pass,2008-09-02 11:47:00,0.0450651238955002,0.3297198275954265,0.6702801724045735,0.8176213531967722,0.3846767757382282,0.0355555555555555,0.0307645369427976,0.0760990029295123,0.0453344659867146,Engineering Review,No abstention,1,9,0.0838470924402742,0.1,0.45824352618976,0.8272249315454124,Limited Failure Evidence,0.1390652138238191,0.2852794995381048,"sensor_034, sensor_206","sensor_104, sensor_520, sensor_248, sensor_060, sensor_564","The record was assigned to Engineering Review with a calibrated failure probability of 4.51%. The strongest model contributions increasing risk were sensor_034, sensor_206. Contributions reducing predicted risk were sensor_104, sensor_520, sensor_248. The internal prediction-confidence score was 32.97%. Because SECOM sensors are anonymous, these features must be treated as statistical indicators rather than confirmed physical root causes.",Intermediate Risk Signal,Moderate Reliability,0.6153232242617718,Familiar,Limited Historical Failure Evidence,Mixed or Intermediate Evidence,False,Prioritise engineering assessment using the SHAP-ranked sensor evidence and retrieved historical cases.,"The primary operational decision is Engineering Review. The retained Beta-calibrated model estimated a failure probability of 4.51%, corresponding to Intermediate Risk Signal. Prediction reliability is Moderate Reliability, and the record is familiar relative to the development data. The ten retrieved development neighbours contained 1 observed failures, with a similarity-weighted historical failure rate of 8.38%; this is classified as Limited Historical Failure Evidence. The principal model-attribution features were sensor_034, sensor_206. Overall evidence status: Mixed or Intermediate Evidence. Historical similarity and SHAP attribution are supporting statistical evidence only and do not establish a physical root cause.",True,False,False
WF-000933,0,Pass,2008-09-20 00:18:00,0.0147788975616677,0.4163660018009877,0.5836339981990122,0.6406184268865833,0.5794094173982443,0.0088888888888888,0.015259558293238,0.0234875462686172,0.0082279879753792,Low Risk,No abstention,1,9,0.252625841931512,0.1,0.2805701872621999,0.7087927977799523,Limited Failure Evidence,0.0960574205108816,0.3476764681299292,,"sensor_131, sensor_104, sensor_060, sensor_520, sensor_248","The record was assigned to Low Risk with a calibrated failure probability of 1.48%. The strongest model contributions increasing risk were no dominant positive sensor contribution. Contributions reducing predicted risk were sensor_131, sensor_104, sensor_060. The internal prediction-confidence score was 41.64%. Because SECOM sensors are anonymous, these features must be treated as statistical indicators rather than confirmed physical root causes.",Strong Low-Risk Signal,Moderate Reliability,0.42059058260175575,Familiar,Moderate Historical Failure Evidence,Low-Risk Decision with Historical Conflict,True,Do not rely on automatic release alone. Verify the highlighted evidence before continuing.,"The primary operational decision is Low Risk. The retained Beta-calibrated model estimated a failure probability of 1.48%, corresponding to Strong Low-Risk Signal. Prediction reliability is Moderate Reliability, and the record is familiar relative to the development data. The ten retrieved development neighbours contained 1 observed failures, with a similarity-weighted historical failure rate of 25.26%; this is classified as Moderate Historical Failure Evidence. The principal model-attribution features were no dominant positive sensor attribution was available. Overall evidence status: Low-Risk Decision with Historical Conflict. Historical similarity and SHAP attribution are supporting statistical evidence only and do not establish a physical root cause.",True,False,False
WF-000243,0,Pass,2008-08-18 00:20:00,0.1490733499274895,0.2764243428399709,0.723575657160029,0.8838746120422099,0.1021548284118116,0.0088888888888888,0.1331202306344587,0.2291172723897124,0.0959970417552537,High Risk,No abstention,0,10,0.0,0.0,0.5425375761884154,0.818298614160899,No Retrieved Failure Evidence,0.2217561878817093,0.2208752355007569,"sensor_104, sensor_060, sensor_065, sensor_066, sensor_489","sensor_548, sensor_470, sensor_578","The record was assigned to High Risk with a calibrated failure probability of 14.91%. The strongest model contributions increasing risk were sensor_104, sensor_060, sensor_065. Contributions reducing predicted risk were sensor_548, sensor_470, sensor_578. The internal prediction-confidence score was 27.64%. Because SECOM sensors are anonymous, these features must be treated as statistical indicators rather than confirmed physical root causes.",Strong Risk Signal,Moderate Reliability,0.8978451715881884,Very Familiar,No Retrieved Historical Failure Evidence,Model-Led Risk Evidence,False,Hold for inspection or prioritised engineering assessment before continuing.,"The primary operational decision is High Risk. The retained Beta-calibrated model estimated a failure probability of 14.91%, corresponding to Strong Risk Signal. Prediction reliability is Moderate Reliability, and the record is very familiar relative to the development data. The ten retrieved development neighbours contained 0 observed failures, with a similarity-weighted historical failure rate of 0.00%; this is classified as No Retrieved Historical Failure Evidence. The principal model-attribution features were sensor_104, sensor_060, sensor_065, sensor_066, sensor_489. Overall evidence status: Model-Led Risk Evidence. Historical similarity and SHAP attribution are supporting statistical evidence only and do not establish a physical root cause.",True,False,False
WF-000653,0,Pass,2008-09-02 02:02:00,0.0764582147901078,0.2013106415283714,0.7986893584716286,0.5861092489137182,0.5897845171588189,0.0088888888888888,0.0637594793591793,0.1268695792307758,0.0631100998715965,Engineering Review,No abstention,1,9,0.0342151306714565,0.1,0.2649804548493553,0.6044074290848732,Limited Failure Evidence,0.1738845393974397,0.259765491778392,"sensor_104, sensor_511","sensor_034, sensor_060, sensor_206, sensor_478, sensor_015","The record was assigned to Engineering Review with a calibrated failure probability of 7.65%. The strongest model contributions increasing risk were sensor_104, sensor_511. Contributions reducing predicted risk were sensor_034, sensor_060, sensor_206. The internal prediction-confidence score was 20.13%. Because SECOM sensors are anonymous, these features must be treated as statistical indicators rather than confirmed physical root causes.",Intermediate Risk Signal,Low Reliability,0.41021548284118114,Familiar,Limited Historical Failure Evidence,Review Driven by Reliability Concern,False,Prioritise engineering assessment using the SHAP-ranked sensor evidence and retrieved historical cases.,"The primary operational decision is Engineering Review. The retained Beta-calibrated model estimated a failure probability of 7.65%, corresponding to Intermediate Risk Signal. Prediction reliability is Low Reliability, and the record is familiar relative to the development data. The ten retrieved development neighbours contained 1 observed failures, with a similarity-weighted historical failure rate of 3.42%; this is classified as Limited Historical Failure Evidence. The principal model-attribution features were sensor_104, sensor_511. Overall evidence status: Review Driven by Reliability Concern. Historical similarity and SHAP attribution are supporting statistical evidence only and do not establish a physical root cause.",True,False,False
WF-000235,0,Pass,2008-08-17 15:25:00,0.0996491343707387,0.343034950736988,0.656965049263012,0.6006783719074222,0.5195530726256983,0.0,0.077138025518659,0.0922100994975238,0.0150720739788648,High Risk,No abstention,1,9,0.1690799178732079,0.1,0.2793015007975609,0.4791748442599843,Limited Failure Evidence,0.1944956236056634,0.2474480045580443,"sensor_520, sensor_034, sensor_386, sensor_153, sensor_574","sensor_104, sensor_352, sensor_032, sensor_214, sensor_060","The record was assigned to High Risk with a calibrated failure probability of 9.96%. The strongest model contributions increasing risk were sensor_520, sensor_034, sensor_386. Contributions reducing predicted risk were sensor_104, sensor_352, sensor_032. The internal prediction-confidence score was 34.30%. Because SECOM sensors are anonymous, these features must be treated as statistical indicators rather than confirmed physical root causes.",Strong Risk Signal,Moderate Reliability,0.4804469273743017,Familiar,Moderate Historical Failure Evidence,Convergent Risk Evidence,False,Hold for inspection or prioritised engineering assessment before continuing.,"The primary operational decision is High Risk. The retained Beta-calibrated model estimated a failure probability of 9.96%, corresponding to Strong Risk Signal. Prediction reliability is Moderate Reliability, and the record is familiar relative to the development data. The ten retrieved development neighbours contained 1 observed failures, with a similarity-weighted historical failure rate of 16.91%; this is classified as Moderate Historical Failure Evidence. The principal model-attribution features were sensor_520, sensor_034, sensor_386, sensor_153, sensor_574. Overall evidence status: Convergent Risk Evidence. Historical similarity and SHAP attribution are supporting statistical evidence only and do not establish a physical root cause.",True,False,False
WF-001227,0,Pass,2008-10-02 00:22:00,0.0881482315700047,0.3289197566845739,0.6710802433154262,0.7387828323135586,0.3000798084596967,0.0088888888888888,0.0477372108961184,0.0805219458627409,0.0327847349666225,High Risk,No abstention,1,9,0.1334932017875802,0.1,0.564170495872219,0.7830750869681172,Limited Failure Evidence,0.1833235693132963,0.2517521407418677,"sensor_104, sensor_489, sensor_126, sensor_130, sensor_434","sensor_034, sensor_282, sensor_511, sensor_147","The record was assigned to High Risk with a calibrated failure probability of 8.81%. The strongest model contributions increasing risk were sensor_104, sensor_489, sensor_126. Contributions reducing predicted risk were sensor_034, sensor_282, sensor_511. The internal prediction-confidence score was 32.89%. Because SECOM sensors are anonymous, these features must be treated as statistical indicators rather than confirmed physical root causes.",Strong Risk Signal,Moderate Reliability,0.6999201915403033,Familiar,Limited Historical Failure Evidence,Model-Led Risk Evidence,False,Hold for inspection or prioritised engineering assessment before continuing.,"The primary operational decision is High Risk. The retained Beta-calibrated model estimated a failure probability of 8.81%, corresponding to Strong Risk Signal. Prediction reliability is Moderate Reliability, and the record is familiar relative to the development data. The ten retrieved development neighbours contained 1 observed failures, with a similarity-weighted historical failure rate of 13.35%; this is classified as Limited Historical Failure Evidence. The principal model-attribution features were sensor_104, sensor_489, sensor_126, sensor_130, sensor_434. Overall evidence status: Model-Led Risk Evidence. Historical similarity and SHAP attribution are supporting statistical evidence only and do not establish a physical root cause.",True,False,False
WF-000754,0,Pass,2008-09-08 01:24:00,0.0333251808971113,0.3200004185615128,0.6799995814384872,0.5542298483639265,0.7246608140462889,0.0,0.0299693085912109,0.0548216447886232,0.0248523361974123,Low Risk,No abstention,1,9,0.0828236573347162,0.1,0.1597597540513044,0.3610291322052791,Limited Failure Evidence,0.1397164283447629,0.3173116664400011,"sensor_104, sensor_511, sensor_206","sensor_032, sensor_248, sensor_520, sensor_548, sensor_386","The record was assigned to Low Risk with a calibrated failure probability of 3.33%. The strongest model contributions increasing risk were sensor_104, sensor_511, sensor_206. Contributions reducing predicted risk were sensor_032, sensor_248, sensor_520. The internal prediction-confidence score was 32.00%. Because SECOM sensors are anonymous, these features must be treated as statistical indicators rather than confirmed physical root causes.",Moderate Low-Risk Signal,Moderate Reliability,0.2753391859537111,Unusual,Limited Historical Failure Evidence,Low-Risk Decision with Reliability Caution,True,Do not rely on automatic release alone. Verify the highlighted evidence before continuing.,"The primary operational decision is Low Risk. The retained Beta-calibrated model estimated a failure probability of 3.33%, corresponding to Moderate Low-Risk Signal. Prediction reliability is Moderate Reliability, and the record is unusual relative to the development data. The ten retrieved development neighbours contained 1 observed failures, with a similarity-weighted historical failure rate of 8.28%; this is classified as Limited Historical Failure Evidence. The principal model-attribution features were sensor_104, sensor_511, sensor_206. Overall evidence status: Low-Risk Decision with Reliability Caution. Historical similarity and SHAP attribution are supporting statistical evidence only and do not establish a physical root cause.",True,False,False
WF-000714,0,Pass,2008-09-03 09:38:00,0.0395619978434222,0.3306101769123682,0.6693898230876318,0.5310454908220272,0.9106145251396648,0.0,0.0399082474431953,0.0595762955118363,0.019668048068641,Engineering Review,No abstention,0,10,0.0,0.0,0.4897352888243277,0.8387590754328582,No Retrieved Failure Evidence,0.1275185098855193,0.2875423194093288,sensor_489,"sensor_104, sensor_060, sensor_564, sensor_461, sensor_511","The record was assigned to Engineering Review with a calibrated failure probability of 3.96%. The strongest model contributions increasing risk were sensor_489. Contributions reducing predicted risk were sensor_104, sensor_060, sensor_564. The internal prediction-confidence score was 33.06%. Because SECOM sensors are anonymous, these features must be treated as statistical indicators rather than confirmed physical root causes.",Intermediate Risk Signal,Moderate Reliability,0.08938547486033521,Outside Typical Historical Experience,No Retrieved Historical Failure Evidence,Review Driven by Reliability Concern,False,Prioritise engineering assessment using the SHAP-ranked sensor evidence and retrieved historical cases.,"The primary operational decision is Engineering Review. The retained Beta-calibrated model estimated a failure probability of 3.96%, corresponding to Intermediate Risk Signal. Prediction reliability is Moderate Reliability, and the record is outside typical historical experience relative to the development data. The ten retrieved development neighbours contained 0 observed failures, with a similarity-weighted historical failure rate of 0.00%; this is classified as No Retrieved Historical Failure Evidence. The principal model-attribution features were sensor_489. Overall evidence status: Review Driven by Reliability Concern. Historical similarity and SHAP attribution are supporting statistical evidence only and do not establish a physical root cause.",True,False,False
WF-000175,0,Pass,2008-08-09 22:15:00,0.1575054607472795,0.1774426246731109,0.8225573753268891,0.5227853152434159,0.7916999201915403,0.0,0.1012600934513865,0.1756968396253765,0.0744367461739899,High Risk,No abstention,2,8,0.0251474039245907,0.2,0.0105852462879953,0.0837383278809096,Limited Failure Evidence,0.2195669037751076,0.21094785615606,"sensor_104, sensor_060, sensor_511, sensor_563, sensor_015","sensor_470, sensor_317, sensor_578","The record was assigned to High Risk with a calibrated failure probability of 15.75%. The strongest model contributions increasing risk were sensor_104, sensor_060, sensor_511. Contributions reducing predicted risk were sensor_470, sensor_317, sensor_578. The internal prediction-confidence score was 17.74%. Because SECOM sensors are anonymous, these features must be treated as statistical indicators rather than confirmed physical root causes.",Strong Risk Signal,Low Reliability,0.20830007980845966,Unusual,Limited Historical Failure Evidence,High Risk with Reliability Caution,True,Hold for inspection or prioritised engineering assessment before continuing.,"The primary operational decision is High Risk. The retained Beta-calibrated model estimated a failure probability of 15.75%, corresponding to Strong Risk Signal. Prediction reliability is Low Reliability, and the record is unusual relative to the development data. The ten retrieved development neighbours contained 2 observed failures, with a similarity-weighted historical failure rate of 2.51%; this is classified as Limited Historical Failure Evidence. The principal model-attribution features were sensor_104, sensor_060, sensor_511, sensor_563, sensor_015. Overall evidence status: High Risk with Reliability Caution. Historical similarity and SHAP attribution are supporting statistical evidence only and do not establish a physical root cause.",True,False,False
WF-001310,0,Pass,2008-10-05 05:31:00,0.076744950457366,0.3174048210039116,0.6825951789960883,0.5603351955307263,0.6576217079010375,0.0,0.0685236136350956,0.0885460780103168,0.0200224643752211,Engineering Review,No abstention,0,10,0.0,0.0,0.0548849943462274,0.381196199054323,No Retrieved Failure Evidence,0.1628530793180025,0.2482816507465739,"sensor_406, sensor_133","sensor_104, sensor_470, sensor_126, sensor_432, sensor_511","The record was assigned to Engineering Review with a calibrated failure probability of 7.67%. The strongest model contributions increasing risk were sensor_406, sensor_133. Contributions reducing predicted risk were sensor_104, sensor_470, sensor_126. The internal prediction-confidence score was 31.74%. Because SECOM sensors are anonymous, these features must be treated as statistical indicators rather than confirmed physical root causes.",Intermediate Risk Signal,Moderate Reliability,0.34237829209896253,Unusual,No Retrieved Historical Failure Evidence,Review Driven by Reliability Concern,False,Prioritise engineering assessment using the SHAP-ranked sensor evidence and retrieved historical cases.,"The primary operational decision is Engineering Review. The retained Beta-calibrated model estimated a failure probability of 7.67%, corresponding to Intermediate Risk Signal. Prediction reliability is Moderate Reliability, and the record is unusual relative to the development data. The ten retrieved development neighbours contained 0 observed failures, with a similarity-weighted historical failure rate of 0.00%; this is classified as No Retrieved Historical Failure Evidence. The principal model-attribution features were sensor_406, sensor_133. Overall evidence status: Review Driven by Reliability Concern. Historical similarity and SHAP attribution are supporting statistical evidence only and do not establish a physical root cause.",True,False,False
WF-001334,0,Pass,2008-10-05 20:30:00,0.0512647117781761,0.3387244857455229,0.6612755142544771,0.5522305577724572,0.7988826815642458,0.0088888888888888,0.0667205895721849,0.0824678409335671,0.0157472513613821,Engineering Review,No abstention,0,10,0.0,0.0,0.5978887401279109,0.7548032210265107,No Retrieved Failure Evidence,0.1441243586487991,0.2762672157916563,"sensor_206, sensor_478, sensor_342, sensor_034, sensor_060","sensor_104, sensor_317, sensor_201, sensor_511, sensor_480","The record was assigned to Engineering Review with a calibrated failure probability of 5.13%. The strongest model contributions increasing risk were sensor_206, sensor_478, sensor_342. Contributions reducing predicted risk were sensor_104, sensor_317, sensor_201. The internal prediction-confidence score was 33.87%. Because SECOM sensors are anonymous, these features must be treated as statistical indicators rather than confirmed physical root causes.",Intermediate Risk Signal,Moderate Reliability,0.2011173184357542,Unusual,No Retrieved Historical Failure Evidence,Review Driven by Reliability Concern,False,Prioritise engineering assessment using the SHAP-ranked sensor evidence and retrieved historical cases.,"The primary operational decision is Engineering Review. The retained Beta-calibrated model estimated a failure probability of 5.13%, corresponding to Intermediate Risk Signal. Prediction reliability is Moderate Reliability, and the record is unusual relative to the development data. The ten retrieved development neighbours contained 0 observed failures, with a similarity-weighted historical failure rate of 0.00%; this is classified as No Retrieved Historical Failure Evidence. The principal model-attribution features were sensor_206, sensor_478, sensor_342, sensor_034, sensor_060. Overall evidence status: Review Driven by Reliability Concern. Historical similarity and SHAP attribution are supporting statistical evidence only and do not establish a physical root cause.",True,False,False
WF-000973,0,Pass,2008-09-21 03:04:00,0.0363493656581005,0.436292671405241,0.5637073285947589,0.8290901835594573,0.0670391061452514,0.0,0.0266388985459455,0.0364264659047544,0.0097875673588089,Engineering Review,No abstention,0,10,0.0,0.0,0.3871226638714827,0.5527825787363507,No Retrieved Failure Evidence,0.1345964964780917,0.303382210763806,sensor_034,"sensor_104, sensor_511, sensor_352, sensor_130, sensor_060","The record was assigned to Engineering Review with a calibrated failure probability of 3.63%. The strongest model contributions increasing risk were sensor_034. Contributions reducing predicted risk were sensor_104, sensor_511, sensor_352. The internal prediction-confidence score was 43.63%. Because SECOM sensors are anonymous, these features must be treated as statistical indicators rather than confirmed physical root causes.",Intermediate Risk Signal,Moderate Reliability,0.9329608938547486,Very Familiar,No Retrieved Historical Failure Evidence,Mixed or Intermediate Evidence,False,Prioritise engineering assessment using the SHAP-ranked sensor evidence and retrieved historical cases.,"The primary operational decision is Engineering Review. The retained Beta-calibrated model estimated a failure probability of 3.63%, corresponding to Intermediate Risk Signal. Prediction reliability is Moderate Reliability, and the record is very familiar relative to the development data. The ten retrieved development neighbours contained 0 observed failures, with a similarity-weighted historical failure rate of 0.00%; this is classified as No Retrieved Historical Failure Evidence. The principal model-attribution features were sensor_034. Overall evidence status: Mixed or Intermediate Evidence. Historical similarity and SHAP attribution are supporting statistical evidence only and do not establish a physical root cause.",True,False,False
WF-001038,0,Pass,2008-09-23 15:33:00,0.0409972899372134,0.2909068411500524,0.7090931588499476,0.478088498714197,0.8300079808459697,0.0088888888888888,0.0243925586965481,0.050394473426426,0.0260019147298778,Engineering Review,No abstention,1,9,0.1159635918027124,0.1,0.5936229142114146,0.944079927374464,Limited Failure Evidence,0.1434617143436308,0.299747428629345,"sensor_082, sensor_489","sensor_104, sensor_214, sensor_034, sensor_060, sensor_352","The record was assigned to Engineering Review with a calibrated failure probability of 4.10%. The strongest model contributions increasing risk were sensor_082, sensor_489. Contributions reducing predicted risk were sensor_104, sensor_214, sensor_034. The internal prediction-confidence score was 29.09%. Because SECOM sensors are anonymous, these features must be treated as statistical indicators rather than confirmed physical root causes.",Intermediate Risk Signal,Moderate Reliability,0.16999201915403028,Unusual,Limited Historical Failure Evidence,Review Driven by Reliability Concern,False,Prioritise engineering assessment using the SHAP-ranked sensor evidence and retrieved historical cases.,"The primary operational decision is Engineering Review. The retained Beta-calibrated model estimated a failure probability of 4.10%, corresponding to Intermediate Risk Signal. Prediction reliability is Moderate Reliability, and the record is unusual relative to the development data. The ten retrieved development neighbours contained 1 observed failures, with a similarity-weighted historical failure rate of 11.60%; this is classified as Limited Historical Failure Evidence. The principal model-attribution features were sensor_082, sensor_489. Overall evidence status: Review Driven by Reliability Concern. Historical similarity and SHAP attribution are supporting statistical evidence only and do not establish a physical root cause.",True,False,False
