wafer_id,target,status,decision,calibrated_failure_probability,prediction_confidence,combined_uncertainty,rank,feature,feature_value,shap_contribution,absolute_shap_contribution,contribution_direction
WF-000247,0,Pass,High Risk,0.0881819396074319,0.2720674056271344,0.7279325943728656,1,sensor_032,4.6613,-0.014818323615324768,0.014818323615324768,Decreases failure risk
WF-000247,0,Pass,High Risk,0.0881819396074319,0.2720674056271344,0.7279325943728656,2,sensor_060,14.4382,0.011074252471219573,0.011074252471219573,Increases failure risk
WF-000247,0,Pass,High Risk,0.0881819396074319,0.2720674056271344,0.7279325943728656,3,sensor_104,-0.0091,-0.010616690632612719,0.010616690632612719,Decreases failure risk
WF-000247,0,Pass,High Risk,0.0881819396074319,0.2720674056271344,0.7279325943728656,4,sensor_206,14.68,0.009528908250356252,0.009528908250356252,Increases failure risk
WF-000247,0,Pass,High Risk,0.0881819396074319,0.2720674056271344,0.7279325943728656,5,sensor_478,9.8466,0.009111015096463063,0.009111015096463063,Increases failure risk
WF-000247,0,Pass,High Risk,0.0881819396074319,0.2720674056271344,0.7279325943728656,6,sensor_342,3.9876,0.00774334596381758,0.00774334596381758,Increases failure risk
WF-000247,0,Pass,High Risk,0.0881819396074319,0.2720674056271344,0.7279325943728656,7,sensor_386,0.0265,0.007173614766796288,0.007173614766796288,Increases failure risk
WF-000247,0,Pass,High Risk,0.0881819396074319,0.2720674056271344,0.7279325943728656,8,sensor_511,73.5254,0.005873823918573241,0.005873823918573241,Increases failure risk
WF-000247,0,Pass,High Risk,0.0881819396074319,0.2720674056271344,0.7279325943728656,9,sensor_065,25.5618,0.005037152604642456,0.005037152604642456,Increases failure risk
WF-000247,0,Pass,High Risk,0.0881819396074319,0.2720674056271344,0.7279325943728656,10,sensor_520,43.1754,0.005001262253765405,0.005001262253765405,Increases failure risk
WF-001316,0,Pass,Engineering Review,0.0484713095501457,0.4378494232213429,0.5621505767786571,1,sensor_104,-0.0104,-0.014362982350448576,0.014362982350448576,Decreases failure risk
WF-001316,0,Pass,Engineering Review,0.0484713095501457,0.4378494232213429,0.5621505767786571,2,sensor_060,0.4264,-0.007527185485180125,0.007527185485180125,Decreases failure risk
WF-001316,0,Pass,Engineering Review,0.0484713095501457,0.4378494232213429,0.5621505767786571,3,sensor_389,19.33,-0.006727465362192969,0.006727465362192969,Decreases failure risk
WF-001316,0,Pass,Engineering Review,0.0484713095501457,0.4378494232213429,0.5621505767786571,4,sensor_478,3.7573,-0.006500738150403871,0.006500738150403871,Decreases failure risk
WF-001316,0,Pass,Engineering Review,0.0484713095501457,0.4378494232213429,0.5621505767786571,5,sensor_406,0.0076,0.005777291655255515,0.005777291655255515,Increases failure risk
WF-001316,0,Pass,Engineering Review,0.0484713095501457,0.4378494232213429,0.5621505767786571,6,sensor_082,-0.0044,0.005431735078542758,0.005431735078542758,Increases failure risk
WF-001316,0,Pass,Engineering Review,0.0484713095501457,0.4378494232213429,0.5621505767786571,7,sensor_268,0.0216,0.005007005652374956,0.005007005652374956,Increases failure risk
WF-001316,0,Pass,Engineering Review,0.0484713095501457,0.4378494232213429,0.5621505767786571,8,sensor_056,2823.0,0.0048913534677465014,0.0048913534677465014,Increases failure risk
WF-001316,0,Pass,Engineering Review,0.0484713095501457,0.4378494232213429,0.5621505767786571,9,sensor_206,5.45,-0.0048422172541522385,0.0048422172541522385,Decreases failure risk
WF-001316,0,Pass,Engineering Review,0.0484713095501457,0.4378494232213429,0.5621505767786571,10,sensor_022,-5092.25,0.004709422934487408,0.004709422934487408,Increases failure risk
WF-000445,0,Pass,Engineering Review,0.0527244553091201,0.2088607534148435,0.7911392465851564,1,sensor_104,-0.0076,0.011889121095976578,0.011889121095976578,Increases failure risk
WF-000445,0,Pass,Engineering Review,0.0527244553091201,0.2088607534148435,0.7911392465851564,2,sensor_248,0.0141,-0.011586411918781044,0.011586411918781044,Decreases failure risk
WF-000445,0,Pass,Engineering Review,0.0527244553091201,0.2088607534148435,0.7911392465851564,3,sensor_520,3.0271,-0.0089533433017849,0.0089533433017849,Decreases failure risk
WF-000445,0,Pass,Engineering Review,0.0527244553091201,0.2088607534148435,0.7911392465851564,4,sensor_389,19.0305,-0.00639752863615569,0.00639752863615569,Decreases failure risk
WF-000445,0,Pass,Engineering Review,0.0527244553091201,0.2088607534148435,0.7911392465851564,5,sensor_444,0.4452,-0.005524309233430545,0.005524309233430545,Decreases failure risk
WF-000445,0,Pass,Engineering Review,0.0527244553091201,0.2088607534148435,0.7911392465851564,6,sensor_317,4.6901,0.005136033863996936,0.005136033863996936,Increases failure risk
WF-000445,0,Pass,Engineering Review,0.0527244553091201,0.2088607534148435,0.7911392465851564,7,sensor_020,12.3686,-0.004753168363135466,0.004753168363135466,Decreases failure risk
WF-000445,0,Pass,Engineering Review,0.0527244553091201,0.2088607534148435,0.7911392465851564,8,sensor_015,6.0865,0.0046989642026341654,0.0046989642026341654,Increases failure risk
WF-000445,0,Pass,Engineering Review,0.0527244553091201,0.2088607534148435,0.7911392465851564,9,sensor_386,0.0045,-0.004658316592383851,0.004658316592383851,Decreases failure risk
WF-000445,0,Pass,Engineering Review,0.0527244553091201,0.2088607534148435,0.7911392465851564,10,sensor_469,645.5182,-0.004426881086955925,0.004426881086955925,Decreases failure risk
WF-000297,0,Pass,Engineering Review,0.0629760541589986,0.3174293547995154,0.6825706452004846,1,sensor_104,-0.0128,-0.01236402205873287,0.01236402205873287,Decreases failure risk
WF-000297,0,Pass,Engineering Review,0.0629760541589986,0.3174293547995154,0.6825706452004846,2,sensor_131,0.6383,-0.012040494551257282,0.012040494551257282,Decreases failure risk
WF-000297,0,Pass,Engineering Review,0.0629760541589986,0.3174293547995154,0.6825706452004846,3,sensor_342,4.04,0.007919074533924883,0.007919074533924883,Increases failure risk
WF-000297,0,Pass,Engineering Review,0.0629760541589986,0.3174293547995154,0.6825706452004846,4,sensor_001,2864.05,0.0061537523821416145,0.0061537523821416145,Increases failure risk
WF-000297,0,Pass,Engineering Review,0.0629760541589986,0.3174293547995154,0.6825706452004846,5,sensor_201,9.38,-0.005994405453855487,0.005994405453855487,Decreases failure risk
WF-000297,0,Pass,Engineering Review,0.0629760541589986,0.3174293547995154,0.6825706452004846,6,sensor_317,6.711,-0.005792382566953862,0.005792382566953862,Decreases failure risk
WF-000297,0,Pass,Engineering Review,0.0629760541589986,0.3174293547995154,0.6825706452004846,7,sensor_206,11.67,0.005299119489568316,0.005299119489568316,Increases failure risk
WF-000297,0,Pass,Engineering Review,0.0629760541589986,0.3174293547995154,0.6825706452004846,8,sensor_453,6.9208,-0.005144762379275237,0.005144762379275237,Decreases failure risk
WF-000297,0,Pass,Engineering Review,0.0629760541589986,0.3174293547995154,0.6825706452004846,9,sensor_181,24.25,-0.0048902955071123255,0.0048902955071123255,Decreases failure risk
WF-000297,0,Pass,Engineering Review,0.0629760541589986,0.3174293547995154,0.6825706452004846,10,sensor_182,0.97,-0.0048502706022836755,0.0048502706022836755,Decreases failure risk
WF-001296,0,Pass,Engineering Review,0.0423677814160584,0.4164477548165061,0.5835522451834938,1,sensor_104,-0.0095,-0.011261071438732348,0.011261071438732348,Decreases failure risk
WF-001296,0,Pass,Engineering Review,0.0423677814160584,0.4164477548165061,0.5835522451834938,2,sensor_520,3.2285,-0.009037901764178877,0.009037901764178877,Decreases failure risk
WF-001296,0,Pass,Engineering Review,0.0423677814160584,0.4164477548165061,0.5835522451834938,3,sensor_248,0.0149,-0.008157980879190578,0.008157980879190578,Decreases failure risk
WF-001296,0,Pass,Engineering Review,0.0423677814160584,0.4164477548165061,0.5835522451834938,4,sensor_511,25.2632,-0.007908441756245025,0.007908441756245025,Decreases failure risk
WF-001296,0,Pass,Engineering Review,0.0423677814160584,0.4164477548165061,0.5835522451834938,5,sensor_060,-3.7073,-0.007699684468667443,0.007699684468667443,Decreases failure risk
WF-001296,0,Pass,Engineering Review,0.0423677814160584,0.4164477548165061,0.5835522451834938,6,sensor_029,76.2333,-0.0073574892388832275,0.0073574892388832275,Decreases failure risk
WF-001296,0,Pass,Engineering Review,0.0423677814160584,0.4164477548165061,0.5835522451834938,7,sensor_548,396.728,-0.0065225732527522725,0.0065225732527522725,Decreases failure risk
WF-001296,0,Pass,Engineering Review,0.0423677814160584,0.4164477548165061,0.5835522451834938,8,sensor_317,7.8776,-0.0063931755880616125,0.0063931755880616125,Decreases failure risk
WF-001296,0,Pass,Engineering Review,0.0423677814160584,0.4164477548165061,0.5835522451834938,9,sensor_478,3.3667,-0.006185618839002267,0.006185618839002267,Decreases failure risk
WF-001296,0,Pass,Engineering Review,0.0423677814160584,0.4164477548165061,0.5835522451834938,10,sensor_206,4.9,-0.005954177631786809,0.005954177631786809,Decreases failure risk
WF-001240,0,Pass,Engineering Review,0.0517514508083244,0.3962679002211794,0.6037320997788206,1,sensor_520,4.4754,-0.007965205059518633,0.007965205059518633,Decreases failure risk
WF-001240,0,Pass,Engineering Review,0.0517514508083244,0.3962679002211794,0.6037320997788206,2,sensor_029,76.3333,-0.007873630441985994,0.007873630441985994,Decreases failure risk
WF-001240,0,Pass,Engineering Review,0.0517514508083244,0.3962679002211794,0.6037320997788206,3,sensor_060,0.5536,-0.007643934570253742,0.007643934570253742,Decreases failure risk
WF-001240,0,Pass,Engineering Review,0.0517514508083244,0.3962679002211794,0.6037320997788206,4,sensor_478,3.1414,-0.007391110247864301,0.007391110247864301,Decreases failure risk
WF-001240,0,Pass,Engineering Review,0.0517514508083244,0.3962679002211794,0.6037320997788206,5,sensor_511,29.4551,-0.006525318039565958,0.006525318039565958,Decreases failure risk
WF-001240,0,Pass,Engineering Review,0.0517514508083244,0.3962679002211794,0.6037320997788206,6,sensor_389,14.9773,-0.00571955507206762,0.00571955507206762,Decreases failure risk
WF-001240,0,Pass,Engineering Review,0.0517514508083244,0.3962679002211794,0.6037320997788206,7,sensor_342,1.3925,-0.005668320162954279,0.005668320162954279,Decreases failure risk
WF-001240,0,Pass,Engineering Review,0.0517514508083244,0.3962679002211794,0.6037320997788206,8,sensor_133,2.2216,0.005592348619621367,0.005592348619621367,Increases failure risk
WF-001240,0,Pass,Engineering Review,0.0517514508083244,0.3962679002211794,0.6037320997788206,9,sensor_317,7.0671,-0.005573056491996067,0.005573056491996067,Decreases failure risk
WF-001240,0,Pass,Engineering Review,0.0517514508083244,0.3962679002211794,0.6037320997788206,10,sensor_206,4.57,-0.005481646100131174,0.005481646100131174,Decreases failure risk
WF-001433,0,Pass,Low Risk,0.023658352782628,0.4197749922399569,0.580225007760043,1,sensor_034,8.1605,-0.01534316282156667,0.01534316282156667,Decreases failure risk
WF-001433,0,Pass,Low Risk,0.023658352782628,0.4197749922399569,0.580225007760043,2,sensor_214,0.0162,-0.01202978914048754,0.01202978914048754,Decreases failure risk
WF-001433,0,Pass,Low Risk,0.023658352782628,0.4197749922399569,0.580225007760043,3,sensor_032,4.6909,-0.009579802335481665,0.009579802335481665,Decreases failure risk
WF-001433,0,Pass,Low Risk,0.023658352782628,0.4197749922399569,0.580225007760043,4,sensor_104,-0.0101,-0.00893864118290421,0.00893864118290421,Decreases failure risk
WF-001433,0,Pass,Low Risk,0.023658352782628,0.4197749922399569,0.580225007760043,5,sensor_352,0.0078,-0.008927122516326757,0.008927122516326757,Decreases failure risk
WF-001433,0,Pass,Low Risk,0.023658352782628,0.4197749922399569,0.580225007760043,6,sensor_478,2.3679,-0.006578292868310094,0.006578292868310094,Decreases failure risk
WF-001433,0,Pass,Low Risk,0.023658352782628,0.4197749922399569,0.580225007760043,7,sensor_126,1.399,-0.006363713311970445,0.006363713311970445,Decreases failure risk
WF-001433,0,Pass,Low Risk,0.023658352782628,0.4197749922399569,0.580225007760043,8,sensor_060,0.2055,-0.005760748158695985,0.005760748158695985,Decreases failure risk
WF-001433,0,Pass,Low Risk,0.023658352782628,0.4197749922399569,0.580225007760043,9,sensor_342,1.3739,-0.005249788064659047,0.005249788064659047,Decreases failure risk
WF-001433,0,Pass,Low Risk,0.023658352782628,0.4197749922399569,0.580225007760043,10,sensor_578,22.9183,-0.005209808586831877,0.005209808586831877,Decreases failure risk
WF-000974,0,Pass,Low Risk,0.0263637970331434,0.4233584013217353,0.5766415986782647,1,sensor_104,-0.0128,-0.016391448254804628,0.016391448254804628,Decreases failure risk
WF-000974,0,Pass,Low Risk,0.0263637970331434,0.4233584013217353,0.5766415986782647,2,sensor_131,0.5949,-0.015782321594405537,0.015782321594405537,Decreases failure risk
WF-000974,0,Pass,Low Risk,0.0263637970331434,0.4233584013217353,0.5766415986782647,3,sensor_248,0.0179,-0.009650952399468504,0.009650952399468504,Decreases failure risk
WF-000974,0,Pass,Low Risk,0.0263637970331434,0.4233584013217353,0.5766415986782647,4,sensor_352,0.0128,-0.009025283093579752,0.009025283093579752,Decreases failure risk
WF-000974,0,Pass,Low Risk,0.0263637970331434,0.4233584013217353,0.5766415986782647,5,sensor_060,-3.7045,-0.008801826888956966,0.008801826888956966,Decreases failure risk
WF-000974,0,Pass,Low Risk,0.0263637970331434,0.4233584013217353,0.5766415986782647,6,sensor_520,3.9154,-0.008193321475918228,0.008193321475918228,Decreases failure risk
WF-000974,0,Pass,Low Risk,0.0263637970331434,0.4233584013217353,0.5766415986782647,7,sensor_130,-3.591,-0.007768848791990464,0.007768848791990464,Decreases failure risk
WF-000974,0,Pass,Low Risk,0.0263637970331434,0.4233584013217353,0.5766415986782647,8,sensor_511,22.6562,-0.007659125409100847,0.007659125409100847,Decreases failure risk
WF-000974,0,Pass,Low Risk,0.0263637970331434,0.4233584013217353,0.5766415986782647,9,sensor_126,1.909,-0.007503535948928769,0.007503535948928769,Decreases failure risk
WF-000974,0,Pass,Low Risk,0.0263637970331434,0.4233584013217353,0.5766415986782647,10,sensor_432,9.1736,-0.005866691370851575,0.005866691370851575,Decreases failure risk
WF-000284,0,Pass,Engineering Review,0.0511986153901467,0.3575143690842667,0.6424856309157333,1,sensor_060,23.7109,0.01334591594745316,0.01334591594745316,Increases failure risk
WF-000284,0,Pass,Engineering Review,0.0511986153901467,0.3575143690842667,0.6424856309157333,2,sensor_104,-0.0105,-0.011100589552923102,0.011100589552923102,Decreases failure risk
WF-000284,0,Pass,Engineering Review,0.0511986153901467,0.3575143690842667,0.6424856309157333,3,sensor_432,4.2282,-0.008894237873418784,0.008894237873418784,Decreases failure risk
WF-000284,0,Pass,Engineering Review,0.0511986153901467,0.3575143690842667,0.6424856309157333,4,sensor_424,45.2661,-0.006517193110358653,0.006517193110358653,Decreases failure risk
WF-000284,0,Pass,Engineering Review,0.0511986153901467,0.3575143690842667,0.6424856309157333,5,sensor_282,0.0597,-0.0061513596133959585,0.0061513596133959585,Decreases failure risk
WF-000284,0,Pass,Engineering Review,0.0511986153901467,0.3575143690842667,0.6424856309157333,6,sensor_153,1.4139,0.006089322660651104,0.006089322660651104,Increases failure risk
WF-000284,0,Pass,Engineering Review,0.0511986153901467,0.3575143690842667,0.6424856309157333,7,sensor_126,1.569,-0.005976548308525772,0.005976548308525772,Decreases failure risk
WF-000284,0,Pass,Engineering Review,0.0511986153901467,0.3575143690842667,0.6424856309157333,8,sensor_147,0.1925,-0.005713738901547827,0.005713738901547827,Decreases failure risk
WF-000284,0,Pass,Engineering Review,0.0511986153901467,0.3575143690842667,0.6424856309157333,9,sensor_426,14.7411,0.005426862986749576,0.005426862986749576,Increases failure risk
WF-000284,0,Pass,Engineering Review,0.0511986153901467,0.3575143690842667,0.6424856309157333,10,sensor_281,0.0415,-0.005116809402846083,0.005116809402846083,Decreases failure risk
WF-000554,0,Pass,Low Risk,0.02463606235205,0.4837253992009918,0.5162746007990082,1,sensor_032,4.6689,-0.013219610425792418,0.013219610425792418,Decreases failure risk
WF-000554,0,Pass,Low Risk,0.02463606235205,0.4837253992009918,0.5162746007990082,2,sensor_104,-0.01,-0.012745280482371137,0.012745280482371137,Decreases failure risk
WF-000554,0,Pass,Low Risk,0.02463606235205,0.4837253992009918,0.5162746007990082,3,sensor_352,0.0116,-0.009725449146687442,0.009725449146687442,Decreases failure risk
WF-000554,0,Pass,Low Risk,0.02463606235205,0.4837253992009918,0.5162746007990082,4,sensor_520,3.4565,-0.008857038933951226,0.008857038933951226,Decreases failure risk
WF-000554,0,Pass,Low Risk,0.02463606235205,0.4837253992009918,0.5162746007990082,5,sensor_248,0.0158,-0.00868265944125747,0.00868265944125747,Decreases failure risk
WF-000554,0,Pass,Low Risk,0.02463606235205,0.4837253992009918,0.5162746007990082,6,sensor_214,0.0276,-0.008497163743091639,0.008497163743091639,Decreases failure risk
WF-000554,0,Pass,Low Risk,0.02463606235205,0.4837253992009918,0.5162746007990082,7,sensor_060,1.49,-0.007957602200509145,0.007957602200509145,Decreases failure risk
WF-000554,0,Pass,Low Risk,0.02463606235205,0.4837253992009918,0.5162746007990082,8,sensor_126,1.399,-0.006365931322367926,0.006365931322367926,Decreases failure risk
WF-000554,0,Pass,Low Risk,0.02463606235205,0.4837253992009918,0.5162746007990082,9,sensor_386,0.0042,-0.0062717896847897725,0.0062717896847897725,Decreases failure risk
WF-000554,0,Pass,Low Risk,0.02463606235205,0.4837253992009918,0.5162746007990082,10,sensor_206,6.05,-0.0046022867610024335,0.0046022867610024335,Decreases failure risk
WF-000727,0,Pass,Low Risk,0.0192826831941094,0.5023158666742495,0.4976841333257504,1,sensor_032,4.6613,-0.012723714238931629,0.012723714238931629,Decreases failure risk
WF-000727,0,Pass,Low Risk,0.0192826831941094,0.5023158666742495,0.4976841333257504,2,sensor_520,3.1633,-0.009648269635981584,0.009648269635981584,Decreases failure risk
WF-000727,0,Pass,Low Risk,0.0192826831941094,0.5023158666742495,0.4976841333257504,3,sensor_248,0.0146,-0.008726405327174851,0.008726405327174851,Decreases failure risk
WF-000727,0,Pass,Low Risk,0.0192826831941094,0.5023158666742495,0.4976841333257504,4,sensor_060,-1.4191,-0.008697857512827612,0.008697857512827612,Decreases failure risk
WF-000727,0,Pass,Low Risk,0.0192826831941094,0.5023158666742495,0.4976841333257504,5,sensor_104,-0.009,-0.0078008179379373144,0.0078008179379373144,Decreases failure risk
WF-000727,0,Pass,Low Risk,0.0192826831941094,0.5023158666742495,0.4976841333257504,6,sensor_034,9.22,0.006356915246679191,0.006356915246679191,Increases failure risk
WF-000727,0,Pass,Low Risk,0.0192826831941094,0.5023158666742495,0.4976841333257504,7,sensor_064,24.6254,0.006338108011663893,0.006338108011663893,Increases failure risk
WF-000727,0,Pass,Low Risk,0.0192826831941094,0.5023158666742495,0.4976841333257504,8,sensor_201,8.91,-0.006252447549575,0.006252447549575,Decreases failure risk
WF-000727,0,Pass,Low Risk,0.0192826831941094,0.5023158666742495,0.4976841333257504,9,sensor_342,3.4869,0.006189169719911893,0.006189169719911893,Increases failure risk
WF-000727,0,Pass,Low Risk,0.0192826831941094,0.5023158666742495,0.4976841333257504,10,sensor_480,1.4515,-0.005466503870728848,0.005466503870728848,Decreases failure risk
WF-001123,0,Pass,Low Risk,0.0306379573140376,0.3842612344307621,0.6157387655692379,1,sensor_104,-0.0138,-0.017520499270906605,0.017520499270906605,Decreases failure risk
WF-001123,0,Pass,Low Risk,0.0306379573140376,0.3842612344307621,0.6157387655692379,2,sensor_060,-0.4109,-0.009152066444605719,0.009152066444605719,Decreases failure risk
WF-001123,0,Pass,Low Risk,0.0306379573140376,0.3842612344307621,0.6157387655692379,3,sensor_424,131.9254,0.00832993521623551,0.00832993521623551,Increases failure risk
WF-001123,0,Pass,Low Risk,0.0306379573140376,0.3842612344307621,0.6157387655692379,4,sensor_317,6.8109,-0.006548328832462441,0.006548328832462441,Decreases failure risk
WF-001123,0,Pass,Low Risk,0.0306379573140376,0.3842612344307621,0.6157387655692379,5,sensor_206,6.9,-0.005890477311873079,0.005890477311873079,Decreases failure risk
WF-001123,0,Pass,Low Risk,0.0306379573140376,0.3842612344307621,0.6157387655692379,6,sensor_511,44.2831,-0.005609057814203441,0.005609057814203441,Decreases failure risk
WF-001123,0,Pass,Low Risk,0.0306379573140376,0.3842612344307621,0.6157387655692379,7,sensor_478,4.7785,-0.005572615982951573,0.005572615982951573,Decreases failure risk
WF-001123,0,Pass,Low Risk,0.0306379573140376,0.3842612344307621,0.6157387655692379,8,sensor_130,-3.072,-0.0051735782864470465,0.0051735782864470465,Decreases failure risk
WF-001123,0,Pass,Low Risk,0.0306379573140376,0.3842612344307621,0.6157387655692379,9,sensor_432,7.8717,-0.005104394376944019,0.005104394376944019,Decreases failure risk
WF-001123,0,Pass,Low Risk,0.0306379573140376,0.3842612344307621,0.6157387655692379,10,sensor_125,15.69,-0.004516724078916338,0.004516724078916338,Decreases failure risk
WF-001275,0,Pass,Engineering Review,0.0451050242569556,0.3071337688357471,0.6928662311642528,1,sensor_104,-0.0125,-0.013867460501631412,0.013867460501631412,Decreases failure risk
WF-001275,0,Pass,Engineering Review,0.0451050242569556,0.3071337688357471,0.6928662311642528,2,sensor_478,9.8065,0.011015816746637017,0.011015816746637017,Increases failure risk
WF-001275,0,Pass,Engineering Review,0.0451050242569556,0.3071337688357471,0.6928662311642528,3,sensor_206,14.5,0.009981984712722611,0.009981984712722611,Increases failure risk
WF-001275,0,Pass,Engineering Review,0.0451050242569556,0.3071337688357471,0.6928662311642528,4,sensor_548,397.2,-0.007177962599411012,0.007177962599411012,Decreases failure risk
WF-001275,0,Pass,Engineering Review,0.0451050242569556,0.3071337688357471,0.6928662311642528,5,sensor_060,-0.3445,-0.006615287105340938,0.006615287105340938,Decreases failure risk
WF-001275,0,Pass,Engineering Review,0.0451050242569556,0.3071337688357471,0.6928662311642528,6,sensor_342,3.7928,0.006469242401738061,0.006469242401738061,Increases failure risk
WF-001275,0,Pass,Engineering Review,0.0451050242569556,0.3071337688357471,0.6928662311642528,7,sensor_034,9.7137,0.006280092001661318,0.006280092001661318,Increases failure risk
WF-001275,0,Pass,Engineering Review,0.0451050242569556,0.3071337688357471,0.6928662311642528,8,sensor_130,2.458,0.005868319431309234,0.005868319431309234,Increases failure risk
WF-001275,0,Pass,Engineering Review,0.0451050242569556,0.3071337688357471,0.6928662311642528,9,sensor_317,7.0692,-0.005866291570536869,0.005866291570536869,Decreases failure risk
WF-001275,0,Pass,Engineering Review,0.0451050242569556,0.3071337688357471,0.6928662311642528,10,sensor_432,8.2761,-0.005616888195922158,0.005616888195922158,Decreases failure risk
WF-000338,0,Pass,Low Risk,0.0253537726731054,0.3567795353907665,0.6432204646092334,1,sensor_131,0.6421,-0.0137859448076612,0.0137859448076612,Decreases failure risk
WF-000338,0,Pass,Low Risk,0.0253537726731054,0.3567795353907665,0.6432204646092334,2,sensor_032,4.6656,-0.013301647706812832,0.013301647706812832,Decreases failure risk
WF-000338,0,Pass,Low Risk,0.0253537726731054,0.3567795353907665,0.6432204646092334,3,sensor_104,-0.0092,-0.010951920895936617,0.010951920895936617,Decreases failure risk
WF-000338,0,Pass,Low Risk,0.0253537726731054,0.3567795353907665,0.6432204646092334,4,sensor_248,0.0185,-0.008148583886995669,0.008148583886995669,Decreases failure risk
WF-000338,0,Pass,Low Risk,0.0253537726731054,0.3567795353907665,0.6432204646092334,5,sensor_520,3.9445,-0.00691735427229611,0.00691735427229611,Decreases failure risk
WF-000338,0,Pass,Low Risk,0.0253537726731054,0.3567795353907665,0.6432204646092334,6,sensor_206,10.54,0.005109230131640269,0.005109230131640269,Increases failure risk
WF-000338,0,Pass,Low Risk,0.0253537726731054,0.3567795353907665,0.6432204646092334,7,sensor_201,12.93,-0.004934326748670565,0.004934326748670565,Decreases failure risk
WF-000338,0,Pass,Low Risk,0.0253537726731054,0.3567795353907665,0.6432204646092334,8,sensor_511,41.3605,-0.00449800338972731,0.00449800338972731,Decreases failure risk
WF-000338,0,Pass,Low Risk,0.0253537726731054,0.3567795353907665,0.6432204646092334,9,sensor_065,17.9336,-0.004422255027285784,0.004422255027285784,Decreases failure risk
WF-000338,0,Pass,Low Risk,0.0253537726731054,0.3567795353907665,0.6432204646092334,10,sensor_342,3.3398,0.0041115604721682925,0.0041115604721682925,Increases failure risk
WF-000513,0,Pass,Low Risk,0.0285030275934763,0.459680133209711,0.540319866790289,1,sensor_104,-0.0115,-0.013118394853622055,0.013118394853622055,Decreases failure risk
WF-000513,0,Pass,Low Risk,0.0285030275934763,0.459680133209711,0.540319866790289,2,sensor_520,3.3404,-0.008996410267341614,0.008996410267341614,Decreases failure risk
WF-000513,0,Pass,Low Risk,0.0285030275934763,0.459680133209711,0.540319866790289,3,sensor_248,0.0154,-0.008120272000159339,0.008120272000159339,Decreases failure risk
WF-000513,0,Pass,Low Risk,0.0285030275934763,0.459680133209711,0.540319866790289,4,sensor_060,1.00135,-0.007791016130478657,0.007791016130478657,Decreases failure risk
WF-000513,0,Pass,Low Risk,0.0285030275934763,0.459680133209711,0.540319866790289,5,sensor_511,26.1723,-0.007111609771833794,0.007111609771833794,Decreases failure risk
WF-000513,0,Pass,Low Risk,0.0285030275934763,0.459680133209711,0.540319866790289,6,sensor_386,0.004,-0.005784814614668137,0.005784814614668137,Decreases failure risk
WF-000513,0,Pass,Low Risk,0.0285030275934763,0.459680133209711,0.540319866790289,7,sensor_389,14.6266,-0.005663505533853189,0.005663505533853189,Decreases failure risk
WF-000513,0,Pass,Low Risk,0.0285030275934763,0.459680133209711,0.540319866790289,8,sensor_015,12.6669,-0.005424815024652924,0.005424815024652924,Decreases failure risk
WF-000513,0,Pass,Low Risk,0.0285030275934763,0.459680133209711,0.540319866790289,9,sensor_173,0.2315,-0.0053304688394346,0.0053304688394346,Decreases failure risk
WF-000513,0,Pass,Low Risk,0.0285030275934763,0.459680133209711,0.540319866790289,10,sensor_576,0.0519,0.005124176019165997,0.005124176019165997,Increases failure risk
WF-000793,0,Pass,Engineering Review,0.0426441651253827,0.3763474133504664,0.6236525866495336,1,sensor_104,-0.0102,-0.012979265243761133,0.012979265243761133,Decreases failure risk
WF-000793,0,Pass,Engineering Review,0.0426441651253827,0.3763474133504664,0.6236525866495336,2,sensor_214,0.0257,-0.012154000180637208,0.012154000180637208,Decreases failure risk
WF-000793,0,Pass,Engineering Review,0.0426441651253827,0.3763474133504664,0.6236525866495336,3,sensor_034,8.5596,-0.00873133033885843,0.00873133033885843,Decreases failure risk
WF-000793,0,Pass,Engineering Review,0.0426441651253827,0.3763474133504664,0.6236525866495336,4,sensor_310,0.0921,-0.006858535281966126,0.006858535281966126,Decreases failure risk
WF-000793,0,Pass,Engineering Review,0.0426441651253827,0.3763474133504664,0.6236525866495336,5,sensor_060,1.2882,-0.0067437682506380605,0.0067437682506380605,Decreases failure risk
WF-000793,0,Pass,Engineering Review,0.0426441651253827,0.3763474133504664,0.6236525866495336,6,sensor_424,144.8622,0.006624783887090278,0.006624783887090278,Increases failure risk
WF-000793,0,Pass,Engineering Review,0.0426441651253827,0.3763474133504664,0.6236525866495336,7,sensor_153,1.1089,0.005939253660171461,0.005939253660171461,Increases failure risk
WF-000793,0,Pass,Engineering Review,0.0426441651253827,0.3763474133504664,0.6236525866495336,8,sensor_064,20.1091,0.005872883438136027,0.005872883438136027,Increases failure risk
WF-000793,0,Pass,Engineering Review,0.0426441651253827,0.3763474133504664,0.6236525866495336,9,sensor_015,5.479,0.005596743949428276,0.005596743949428276,Increases failure risk
WF-000793,0,Pass,Engineering Review,0.0426441651253827,0.3763474133504664,0.6236525866495336,10,sensor_206,12.16,0.005487763822045774,0.005487763822045774,Increases failure risk
WF-000644,0,Pass,Engineering Review,0.0674301676033938,0.3093740136802027,0.6906259863197972,1,sensor_065,39.9927,0.01425587486983258,0.01425587486983258,Increases failure risk
WF-000644,0,Pass,Engineering Review,0.0674301676033938,0.3093740136802027,0.6906259863197972,2,sensor_248,0.0149,-0.011791784552873356,0.011791784552873356,Decreases failure risk
WF-000644,0,Pass,Engineering Review,0.0674301676033938,0.3093740136802027,0.6906259863197972,3,sensor_104,-0.0095,-0.010938505896265873,0.010938505896265873,Decreases failure risk
WF-000644,0,Pass,Engineering Review,0.0674301676033938,0.3093740136802027,0.6906259863197972,4,sensor_520,3.1947,-0.00943349429883692,0.00943349429883692,Decreases failure risk
WF-000644,0,Pass,Engineering Review,0.0674301676033938,0.3093740136802027,0.6906259863197972,5,sensor_352,0.0122,-0.008933043621310918,0.008933043621310918,Decreases failure risk
WF-000644,0,Pass,Engineering Review,0.0674301676033938,0.3093740136802027,0.6906259863197972,6,sensor_066,70.0879,0.008883557995316173,0.008883557995316173,Increases failure risk
WF-000644,0,Pass,Engineering Review,0.0674301676033938,0.3093740136802027,0.6906259863197972,7,sensor_060,-19.9927,-0.007676727857442914,0.007676727857442914,Decreases failure risk
WF-000644,0,Pass,Engineering Review,0.0674301676033938,0.3093740136802027,0.6906259863197972,8,sensor_214,0.0287,-0.007065944796539098,0.007065944796539098,Decreases failure risk
WF-000644,0,Pass,Engineering Review,0.0674301676033938,0.3093740136802027,0.6906259863197972,9,sensor_064,34.579,0.006394868642477089,0.006394868642477089,Increases failure risk
WF-000644,0,Pass,Engineering Review,0.0674301676033938,0.3093740136802027,0.6906259863197972,10,sensor_068,1.4305,0.005317191358333244,0.005317191358333244,Increases failure risk
WF-001033,0,Pass,Engineering Review,0.0418474101202156,0.3995828351631742,0.6004171648368257,1,sensor_104,-0.0129,-0.016460892136912,0.016460892136912,Decreases failure risk
WF-001033,0,Pass,Engineering Review,0.0418474101202156,0.3995828351631742,0.6004171648368257,2,sensor_248,0.0175,-0.00993292517928567,0.00993292517928567,Decreases failure risk
WF-001033,0,Pass,Engineering Review,0.0418474101202156,0.3995828351631742,0.6004171648368257,3,sensor_126,1.418,-0.009531037482897818,0.009531037482897818,Decreases failure risk
WF-001033,0,Pass,Engineering Review,0.0418474101202156,0.3995828351631742,0.6004171648368257,4,sensor_520,3.7987,-0.009141747570049924,0.009141747570049924,Decreases failure risk
WF-001033,0,Pass,Engineering Review,0.0418474101202156,0.3995828351631742,0.6004171648368257,5,sensor_060,-2.7282,-0.009040876060666933,0.009040876060666933,Decreases failure risk
WF-001033,0,Pass,Engineering Review,0.0418474101202156,0.3995828351631742,0.6004171648368257,6,sensor_478,2.8666,-0.006859352001431142,0.006859352001431142,Decreases failure risk
WF-001033,0,Pass,Engineering Review,0.0418474101202156,0.3995828351631742,0.6004171648368257,7,sensor_206,4.24,-0.006755546172157161,0.006755546172157161,Decreases failure risk
WF-001033,0,Pass,Engineering Review,0.0418474101202156,0.3995828351631742,0.6004171648368257,8,sensor_511,31.8756,-0.006093036036648546,0.006093036036648546,Decreases failure risk
WF-001033,0,Pass,Engineering Review,0.0418474101202156,0.3995828351631742,0.6004171648368257,9,sensor_125,15.7,-0.005728992267072182,0.005728992267072182,Decreases failure risk
WF-001033,0,Pass,Engineering Review,0.0418474101202156,0.3995828351631742,0.6004171648368257,10,sensor_432,5.803,-0.005384155702673346,0.005384155702673346,Decreases failure risk
WF-001397,0,Pass,Engineering Review,0.0377204669258587,0.2944655141160117,0.7055344858839883,1,sensor_032,4.7117,-0.011820166243861402,0.011820166243861402,Decreases failure risk
WF-001397,0,Pass,Engineering Review,0.0377204669258587,0.2944655141160117,0.7055344858839883,2,sensor_104,-0.0107,-0.011573302144193682,0.011573302144193682,Decreases failure risk
WF-001397,0,Pass,Engineering Review,0.0377204669258587,0.2944655141160117,0.7055344858839883,3,sensor_478,8.9449,0.009864117725588883,0.009864117725588883,Increases failure risk
WF-001397,0,Pass,Engineering Review,0.0377204669258587,0.2944655141160117,0.7055344858839883,4,sensor_342,4.197,0.009372707241386048,0.009372707241386048,Increases failure risk
WF-001397,0,Pass,Engineering Review,0.0377204669258587,0.2944655141160117,0.7055344858839883,5,sensor_317,8.1889,-0.007630695726731662,0.007630695726731662,Decreases failure risk
WF-001397,0,Pass,Engineering Review,0.0377204669258587,0.2944655141160117,0.7055344858839883,6,sensor_060,-0.28,-0.006968540822221698,0.006968540822221698,Decreases failure risk
WF-001397,0,Pass,Engineering Review,0.0377204669258587,0.2944655141160117,0.7055344858839883,7,sensor_206,12.57,0.006716564677045561,0.006716564677045561,Increases failure risk
WF-001397,0,Pass,Engineering Review,0.0377204669258587,0.2944655141160117,0.7055344858839883,8,sensor_511,41.0735,-0.006248038006430541,0.006248038006430541,Decreases failure risk
WF-001397,0,Pass,Engineering Review,0.0377204669258587,0.2944655141160117,0.7055344858839883,9,sensor_453,7.1345,-0.006038196265507746,0.006038196265507746,Decreases failure risk
WF-001397,0,Pass,Engineering Review,0.0377204669258587,0.2944655141160117,0.7055344858839883,10,sensor_181,25.97,-0.0057783709209832355,0.0057783709209832355,Decreases failure risk
WF-000960,0,Pass,Low Risk,0.0294046723208523,0.4341160917599598,0.5658839082400402,1,sensor_104,-0.0133,-0.016567940811902472,0.016567940811902472,Decreases failure risk
WF-000960,0,Pass,Low Risk,0.0294046723208523,0.4341160917599598,0.5658839082400402,2,sensor_131,0.5949,-0.014157403239697892,0.014157403239697892,Decreases failure risk
WF-000960,0,Pass,Low Risk,0.0294046723208523,0.4341160917599598,0.5658839082400402,3,sensor_130,-3.591,-0.007428782001090558,0.007428782001090558,Decreases failure risk
WF-000960,0,Pass,Low Risk,0.0294046723208523,0.4341160917599598,0.5658839082400402,4,sensor_126,1.909,-0.007414775805382378,0.007414775805382378,Decreases failure risk
WF-000960,0,Pass,Low Risk,0.0294046723208523,0.4341160917599598,0.5658839082400402,5,sensor_153,1.1538,0.006939385605905999,0.006939385605905999,Increases failure risk
WF-000960,0,Pass,Low Risk,0.0294046723208523,0.4341160917599598,0.5658839082400402,6,sensor_029,76.4667,-0.00603826063322124,0.00603826063322124,Decreases failure risk
WF-000960,0,Pass,Low Risk,0.0294046723208523,0.4341160917599598,0.5658839082400402,7,sensor_511,33.9623,-0.005627335811925955,0.005627335811925955,Decreases failure risk
WF-000960,0,Pass,Low Risk,0.0294046723208523,0.4341160917599598,0.5658839082400402,8,sensor_036,64.7846,-0.00532523410319979,0.00532523410319979,Decreases failure risk
WF-000960,0,Pass,Low Risk,0.0294046723208523,0.4341160917599598,0.5658839082400402,9,sensor_123,6.086,-0.00488696922657354,0.00488696922657354,Decreases failure risk
WF-000960,0,Pass,Low Risk,0.0294046723208523,0.4341160917599598,0.5658839082400402,10,sensor_564,0.8154,-0.0046665374341548285,0.0046665374341548285,Decreases failure risk
WF-001526,0,Pass,Low Risk,0.0198803182261642,0.396667687316871,0.6033323126831289,1,sensor_104,-0.0118,-0.014865655383712895,0.014865655383712895,Decreases failure risk
WF-001526,0,Pass,Low Risk,0.0198803182261642,0.396667687316871,0.6033323126831289,2,sensor_034,7.6032,-0.014332165229925446,0.014332165229925446,Decreases failure risk
WF-001526,0,Pass,Low Risk,0.0198803182261642,0.396667687316871,0.6033323126831289,3,sensor_131,0.4199,-0.012966662834892952,0.012966662834892952,Decreases failure risk
WF-001526,0,Pass,Low Risk,0.0198803182261642,0.396667687316871,0.6033323126831289,4,sensor_214,0.0119,-0.010782197127521714,0.010782197127521714,Decreases failure risk
WF-001526,0,Pass,Low Risk,0.0198803182261642,0.396667687316871,0.6033323126831289,5,sensor_352,0.0051,-0.00891602655664216,0.00891602655664216,Decreases failure risk
WF-001526,0,Pass,Low Risk,0.0198803182261642,0.396667687316871,0.6033323126831289,6,sensor_126,1.513,-0.008543851990618884,0.008543851990618884,Decreases failure risk
WF-001526,0,Pass,Low Risk,0.0198803182261642,0.396667687316871,0.6033323126831289,7,sensor_060,-2.1155,-0.008009781044372256,0.008009781044372256,Decreases failure risk
WF-001526,0,Pass,Low Risk,0.0198803182261642,0.396667687316871,0.6033323126831289,8,sensor_512,960.0,0.005889364305042329,0.005889364305042329,Increases failure risk
WF-001526,0,Pass,Low Risk,0.0198803182261642,0.396667687316871,0.6033323126831289,9,sensor_432,10.6757,-0.005351899933191094,0.005351899933191094,Decreases failure risk
WF-001526,0,Pass,Low Risk,0.0198803182261642,0.396667687316871,0.6033323126831289,10,sensor_173,0.2214,-0.0046874912361627346,0.0046874912361627346,Decreases failure risk
WF-001443,0,Pass,Low Risk,0.0181476305780483,0.4584951295218503,0.5415048704781498,1,sensor_034,8.1605,-0.012685402748519394,0.012685402748519394,Decreases failure risk
WF-001443,0,Pass,Low Risk,0.0181476305780483,0.4584951295218503,0.5415048704781498,2,sensor_214,0.0214,-0.011350813902695106,0.011350813902695106,Decreases failure risk
WF-001443,0,Pass,Low Risk,0.0181476305780483,0.4584951295218503,0.5415048704781498,3,sensor_131,0.6567,-0.01103717213032249,0.01103717213032249,Decreases failure risk
WF-001443,0,Pass,Low Risk,0.0181476305780483,0.4584951295218503,0.5415048704781498,4,sensor_032,4.7346,-0.010106789042736018,0.010106789042736018,Decreases failure risk
WF-001443,0,Pass,Low Risk,0.0181476305780483,0.4584951295218503,0.5415048704781498,5,sensor_104,-0.0111,-0.009762315505666601,0.009762315505666601,Decreases failure risk
WF-001443,0,Pass,Low Risk,0.0181476305780483,0.4584951295218503,0.5415048704781498,6,sensor_352,0.0106,-0.008116896553112584,0.008116896553112584,Decreases failure risk
WF-001443,0,Pass,Low Risk,0.0181476305780483,0.4584951295218503,0.5415048704781498,7,sensor_126,1.465,-0.007485814211746742,0.007485814211746742,Decreases failure risk
WF-001443,0,Pass,Low Risk,0.0181476305780483,0.4584951295218503,0.5415048704781498,8,sensor_548,382.534,-0.005235927125301108,0.005235927125301108,Decreases failure risk
WF-001443,0,Pass,Low Risk,0.0181476305780483,0.4584951295218503,0.5415048704781498,9,sensor_470,4.3417,-0.004665394419337229,0.004665394419337229,Decreases failure risk
WF-001443,0,Pass,Low Risk,0.0181476305780483,0.4584951295218503,0.5415048704781498,10,sensor_065,17.6909,-0.004653733773887659,0.004653733773887659,Decreases failure risk
WF-000265,0,Pass,Engineering Review,0.0538031487423166,0.3830270519966525,0.6169729480033475,1,sensor_032,4.7112,-0.016725572110929666,0.016725572110929666,Decreases failure risk
WF-000265,0,Pass,Engineering Review,0.0538031487423166,0.3830270519966525,0.6169729480033475,2,sensor_104,-0.0096,-0.012475999088317452,0.012475999088317452,Decreases failure risk
WF-000265,0,Pass,Engineering Review,0.0538031487423166,0.3830270519966525,0.6169729480033475,3,sensor_060,18.63,0.011318165415719146,0.011318165415719146,Increases failure risk
WF-000265,0,Pass,Engineering Review,0.0538031487423166,0.3830270519966525,0.6169729480033475,4,sensor_206,5.63,-0.007206221303848486,0.007206221303848486,Decreases failure risk
WF-000265,0,Pass,Engineering Review,0.0538031487423166,0.3830270519966525,0.6169729480033475,5,sensor_511,85.8639,0.006900135077446517,0.006900135077446517,Increases failure risk
WF-000265,0,Pass,Engineering Review,0.0538031487423166,0.3830270519966525,0.6169729480033475,6,sensor_015,12.4003,-0.006122202293385708,0.006122202293385708,Decreases failure risk
WF-000265,0,Pass,Engineering Review,0.0538031487423166,0.3830270519966525,0.6169729480033475,7,sensor_153,1.7696,0.0059263497139914675,0.0059263497139914675,Increases failure risk
WF-000265,0,Pass,Engineering Review,0.0538031487423166,0.3830270519966525,0.6169729480033475,8,sensor_034,9.2433,0.005844832082812292,0.005844832082812292,Increases failure risk
WF-000265,0,Pass,Engineering Review,0.0538031487423166,0.3830270519966525,0.6169729480033475,9,sensor_470,4.5668,-0.005313238345881653,0.005313238345881653,Decreases failure risk
WF-000265,0,Pass,Engineering Review,0.0538031487423166,0.3830270519966525,0.6169729480033475,10,sensor_378,0.0019,-0.005272393096947975,0.005272393096947975,Decreases failure risk
WF-001542,0,Pass,Low Risk,0.0218768148533152,0.4429190097641921,0.5570809902358079,1,sensor_034,8.3267,-0.016130808521103993,0.016130808521103993,Decreases failure risk
WF-001542,0,Pass,Low Risk,0.0218768148533152,0.4429190097641921,0.5570809902358079,2,sensor_104,-0.0095,-0.011721752195099314,0.011721752195099314,Decreases failure risk
WF-001542,0,Pass,Low Risk,0.0218768148533152,0.4429190097641921,0.5570809902358079,3,sensor_214,0.0194,-0.011072957669012005,0.011072957669012005,Decreases failure risk
WF-001542,0,Pass,Low Risk,0.0218768148533152,0.4429190097641921,0.5570809902358079,4,sensor_131,0.655,-0.01023094541047395,0.01023094541047395,Decreases failure risk
WF-001542,0,Pass,Low Risk,0.0218768148533152,0.4429190097641921,0.5570809902358079,5,sensor_126,1.385,-0.009019527562059971,0.009019527562059971,Decreases failure risk
WF-001542,0,Pass,Low Risk,0.0218768148533152,0.4429190097641921,0.5570809902358079,6,sensor_352,0.008,-0.008031413875863985,0.008031413875863985,Decreases failure risk
WF-001542,0,Pass,Low Risk,0.0218768148533152,0.4429190097641921,0.5570809902358079,7,sensor_060,-3.1818,-0.006540791185831384,0.006540791185831384,Decreases failure risk
WF-001542,0,Pass,Low Risk,0.0218768148533152,0.4429190097641921,0.5570809902358079,8,sensor_317,8.8926,-0.006274154000462224,0.006274154000462224,Decreases failure risk
WF-001542,0,Pass,Low Risk,0.0218768148533152,0.4429190097641921,0.5570809902358079,9,sensor_153,1.0472,0.006012816012718449,0.006012816012718449,Increases failure risk
WF-001542,0,Pass,Low Risk,0.0218768148533152,0.4429190097641921,0.5570809902358079,10,sensor_282,0.0228,-0.005469873805559929,0.005469873805559929,Decreases failure risk
WF-001530,0,Pass,Low Risk,0.0186067130995502,0.3980195100743661,0.6019804899256339,1,sensor_034,8.4768,-0.013569911650621524,0.013569911650621524,Decreases failure risk
WF-001530,0,Pass,Low Risk,0.0186067130995502,0.3980195100743661,0.6019804899256339,2,sensor_131,0.5922,-0.013407681437815733,0.013407681437815733,Decreases failure risk
WF-001530,0,Pass,Low Risk,0.0186067130995502,0.3980195100743661,0.6019804899256339,3,sensor_104,-0.0111,-0.011061864542771483,0.011061864542771483,Decreases failure risk
WF-001530,0,Pass,Low Risk,0.0186067130995502,0.3980195100743661,0.6019804899256339,4,sensor_032,4.7612,-0.00903228896429802,0.00903228896429802,Decreases failure risk
WF-001530,0,Pass,Low Risk,0.0186067130995502,0.3980195100743661,0.6019804899256339,5,sensor_060,0.5773,-0.006068004957423772,0.006068004957423772,Decreases failure risk
WF-001530,0,Pass,Low Risk,0.0186067130995502,0.3980195100743661,0.6019804899256339,6,sensor_511,21.646,-0.00514762570103533,0.00514762570103533,Decreases failure risk
WF-001530,0,Pass,Low Risk,0.0186067130995502,0.3980195100743661,0.6019804899256339,7,sensor_476,5.3714,0.005142403962589909,0.005142403962589909,Increases failure risk
WF-001530,0,Pass,Low Risk,0.0186067130995502,0.3980195100743661,0.6019804899256339,8,sensor_181,24.18,-0.0050094755066743355,0.0050094755066743355,Decreases failure risk
WF-001530,0,Pass,Low Risk,0.0186067130995502,0.3980195100743661,0.6019804899256339,9,sensor_453,6.8638,-0.0048046462353102505,0.0048046462353102505,Decreases failure risk
WF-001530,0,Pass,Low Risk,0.0186067130995502,0.3980195100743661,0.6019804899256339,10,sensor_126,1.404,-0.004753105410149066,0.004753105410149066,Decreases failure risk
WF-000799,0,Pass,Engineering Review,0.0611085369595678,0.2868980699667158,0.7131019300332841,1,sensor_104,-0.0107,-0.011413616971331296,0.011413616971331296,Decreases failure risk
WF-000799,0,Pass,Engineering Review,0.0611085369595678,0.2868980699667158,0.7131019300332841,2,sensor_424,121.6136,0.008710953963895414,0.008710953963895414,Increases failure risk
WF-000799,0,Pass,Engineering Review,0.0611085369595678,0.2868980699667158,0.7131019300332841,3,sensor_015,12.8884,-0.005906474892381387,0.005906474892381387,Decreases failure risk
WF-000799,0,Pass,Engineering Review,0.0611085369595678,0.2868980699667158,0.7131019300332841,4,sensor_564,0.83,-0.005430181665033937,0.005430181665033937,Decreases failure risk
WF-000799,0,Pass,Engineering Review,0.0611085369595678,0.2868980699667158,0.7131019300332841,5,sensor_064,18.49,0.00509184298993373,0.00509184298993373,Increases failure risk
WF-000799,0,Pass,Engineering Review,0.0611085369595678,0.2868980699667158,0.7131019300332841,6,sensor_432,6.0108,-0.004846943025539593,0.004846943025539593,Decreases failure risk
WF-000799,0,Pass,Engineering Review,0.0611085369595678,0.2868980699667158,0.7131019300332841,7,sensor_296,73.7083,-0.004387404944288323,0.004387404944288323,Decreases failure risk
WF-000799,0,Pass,Engineering Review,0.0611085369595678,0.2868980699667158,0.7131019300332841,8,sensor_308,0.0941,-0.004278318734919174,0.004278318734919174,Decreases failure risk
WF-000799,0,Pass,Engineering Review,0.0611085369595678,0.2868980699667158,0.7131019300332841,9,sensor_183,16.37,-0.004170296095811954,0.004170296095811954,Decreases failure risk
WF-000799,0,Pass,Engineering Review,0.0611085369595678,0.2868980699667158,0.7131019300332841,10,sensor_444,0.5006,-0.0038629408781596392,0.0038629408781596392,Decreases failure risk
WF-001209,0,Pass,Engineering Review,0.0725170463385827,0.2990451487357989,0.7009548512642011,1,sensor_104,-0.0095,-0.013439059030654234,0.013439059030654234,Decreases failure risk
WF-001209,0,Pass,Engineering Review,0.0725170463385827,0.2990451487357989,0.7009548512642011,2,sensor_029,75.2667,-0.00966762933464964,0.00966762933464964,Decreases failure risk
WF-001209,0,Pass,Engineering Review,0.0725170463385827,0.2990451487357989,0.7009548512642011,3,sensor_424,151.9994,0.008992509822141642,0.008992509822141642,Increases failure risk
WF-001209,0,Pass,Engineering Review,0.0725170463385827,0.2990451487357989,0.7009548512642011,4,sensor_060,-3.01,-0.00845113233715351,0.00845113233715351,Decreases failure risk
WF-001209,0,Pass,Engineering Review,0.0725170463385827,0.2990451487357989,0.7009548512642011,5,sensor_126,1.617,-0.007799523290842851,0.007799523290842851,Decreases failure risk
WF-001209,0,Pass,Engineering Review,0.0725170463385827,0.2990451487357989,0.7009548512642011,6,sensor_130,-2.317,-0.007716979518981183,0.007716979518981183,Decreases failure risk
WF-001209,0,Pass,Engineering Review,0.0725170463385827,0.2990451487357989,0.7009548512642011,7,sensor_206,4.16,-0.007341844193997054,0.007341844193997054,Decreases failure risk
WF-001209,0,Pass,Engineering Review,0.0725170463385827,0.2990451487357989,0.7009548512642011,8,sensor_034,9.0639,0.005838309729158294,0.005838309729158294,Increases failure risk
WF-001209,0,Pass,Engineering Review,0.0725170463385827,0.2990451487357989,0.7009548512642011,9,sensor_125,15.69,-0.005309233169095856,0.005309233169095856,Decreases failure risk
WF-001209,0,Pass,Engineering Review,0.0725170463385827,0.2990451487357989,0.7009548512642011,10,sensor_478,2.7758,-0.004867165006043151,0.004867165006043151,Decreases failure risk
WF-001475,0,Pass,Low Risk,0.0252320060344618,0.4319471021317037,0.5680528978682963,1,sensor_131,0.6159,-0.01232387049833176,0.01232387049833176,Decreases failure risk
WF-001475,0,Pass,Low Risk,0.0252320060344618,0.4319471021317037,0.5680528978682963,2,sensor_104,-0.0097,-0.012214195008339054,0.012214195008339054,Decreases failure risk
WF-001475,0,Pass,Low Risk,0.0252320060344618,0.4319471021317037,0.5680528978682963,3,sensor_060,-3.1427,-0.007641763527918342,0.007641763527918342,Decreases failure risk
WF-001475,0,Pass,Low Risk,0.0252320060344618,0.4319471021317037,0.5680528978682963,4,sensor_478,4.191,-0.006880916000081982,0.006880916000081982,Decreases failure risk
WF-001475,0,Pass,Low Risk,0.0252320060344618,0.4319471021317037,0.5680528978682963,5,sensor_317,7.1847,-0.006097153930227056,0.006097153930227056,Decreases failure risk
WF-001475,0,Pass,Low Risk,0.0252320060344618,0.4319471021317037,0.5680528978682963,6,sensor_029,74.7444,-0.005730199684269215,0.005730199684269215,Decreases failure risk
WF-001475,0,Pass,Low Risk,0.0252320060344618,0.4319471021317037,0.5680528978682963,7,sensor_489,0.0,0.005407243714361308,0.005407243714361308,Increases failure risk
WF-001475,0,Pass,Low Risk,0.0252320060344618,0.4319471021317037,0.5680528978682963,8,sensor_578,20.5512,-0.005179610464829117,0.005179610464829117,Decreases failure risk
WF-001475,0,Pass,Low Risk,0.0252320060344618,0.4319471021317037,0.5680528978682963,9,sensor_082,0.0017,0.005067982268498735,0.005067982268498735,Increases failure risk
WF-001475,0,Pass,Low Risk,0.0252320060344618,0.4319471021317037,0.5680528978682963,10,sensor_201,13.71,-0.004806844102608919,0.004806844102608919,Decreases failure risk
WF-001494,0,Pass,Low Risk,0.0183735844336359,0.4280227544636211,0.5719772455363789,1,sensor_104,-0.0109,-0.01275501139216908,0.01275501139216908,Decreases failure risk
WF-001494,0,Pass,Low Risk,0.0183735844336359,0.4280227544636211,0.5719772455363789,2,sensor_032,4.7117,-0.01074709706547689,0.01074709706547689,Decreases failure risk
WF-001494,0,Pass,Low Risk,0.0183735844336359,0.4280227544636211,0.5719772455363789,3,sensor_432,5.6831,-0.007129628648803153,0.007129628648803153,Decreases failure risk
WF-001494,0,Pass,Low Risk,0.0183735844336359,0.4280227544636211,0.5719772455363789,4,sensor_060,-2.8555,-0.006843344067363544,0.006843344067363544,Decreases failure risk
WF-001494,0,Pass,Low Risk,0.0183735844336359,0.4280227544636211,0.5719772455363789,5,sensor_478,3.5169,-0.006151537227048966,0.006151537227048966,Decreases failure risk
WF-001494,0,Pass,Low Risk,0.0183735844336359,0.4280227544636211,0.5719772455363789,6,sensor_206,5.02,-0.005962593282466308,0.005962593282466308,Decreases failure risk
WF-001494,0,Pass,Low Risk,0.0183735844336359,0.4280227544636211,0.5719772455363789,7,sensor_512,787.0968,0.0056659811074407495,0.0056659811074407495,Increases failure risk
WF-001494,0,Pass,Low Risk,0.0183735844336359,0.4280227544636211,0.5719772455363789,8,sensor_470,4.2161,-0.0055069806716567605,0.0055069806716567605,Decreases failure risk
WF-001494,0,Pass,Low Risk,0.0183735844336359,0.4280227544636211,0.5719772455363789,9,sensor_342,1.3989,-0.005353272839129883,0.005353272839129883,Decreases failure risk
WF-001494,0,Pass,Low Risk,0.0183735844336359,0.4280227544636211,0.5719772455363789,10,sensor_125,15.47,-0.005195332752139075,0.005195332752139075,Decreases failure risk
WF-001143,0,Pass,Low Risk,0.0214773592737084,0.383026252222064,0.616973747777936,1,sensor_104,-0.0129,-0.015984969052807635,0.015984969052807635,Decreases failure risk
WF-001143,0,Pass,Low Risk,0.0214773592737084,0.383026252222064,0.616973747777936,2,sensor_520,4.3147,-0.010188707238572021,0.010188707238572021,Decreases failure risk
WF-001143,0,Pass,Low Risk,0.0214773592737084,0.383026252222064,0.616973747777936,3,sensor_060,-2.9355,-0.009322919131173262,0.009322919131173262,Decreases failure risk
WF-001143,0,Pass,Low Risk,0.0214773592737084,0.383026252222064,0.616973747777936,4,sensor_130,-2.789,-0.007481145912498761,0.007481145912498761,Decreases failure risk
WF-001143,0,Pass,Low Risk,0.0214773592737084,0.383026252222064,0.616973747777936,5,sensor_453,6.853,-0.007437968295246466,0.007437968295246466,Decreases failure risk
WF-001143,0,Pass,Low Risk,0.0214773592737084,0.383026252222064,0.616973747777936,6,sensor_317,7.4353,-0.007255178447821157,0.007255178447821157,Decreases failure risk
WF-001143,0,Pass,Low Risk,0.0214773592737084,0.383026252222064,0.616973747777936,7,sensor_181,25.09,-0.006751902109030121,0.006751902109030121,Decreases failure risk
WF-001143,0,Pass,Low Risk,0.0214773592737084,0.383026252222064,0.616973747777936,8,sensor_248,0.0203,-0.0066612857284517974,0.0066612857284517974,Decreases failure risk
WF-001143,0,Pass,Low Risk,0.0214773592737084,0.383026252222064,0.616973747777936,9,sensor_478,4.0987,-0.006075623463229215,0.006075623463229215,Decreases failure risk
WF-001143,0,Pass,Low Risk,0.0214773592737084,0.383026252222064,0.616973747777936,10,sensor_511,38.6473,-0.005812595793289819,0.005812595793289819,Decreases failure risk
WF-000531,0,Pass,Low Risk,0.0320711492468924,0.3796917872283974,0.6203082127716026,1,sensor_032,4.6859,-0.015256933468990366,0.015256933468990366,Decreases failure risk
WF-000531,0,Pass,Low Risk,0.0320711492468924,0.3796917872283974,0.6203082127716026,2,sensor_104,-0.011,-0.010935122005992707,0.010935122005992707,Decreases failure risk
WF-000531,0,Pass,Low Risk,0.0320711492468924,0.3796917872283974,0.6203082127716026,3,sensor_248,0.0202,-0.008742427174909254,0.008742427174909254,Decreases failure risk
WF-000531,0,Pass,Low Risk,0.0320711492468924,0.3796917872283974,0.6203082127716026,4,sensor_352,0.0132,-0.007907027702248125,0.007907027702248125,Decreases failure risk
WF-000531,0,Pass,Low Risk,0.0320711492468924,0.3796917872283974,0.6203082127716026,5,sensor_520,4.3915,-0.006665457565646321,0.006665457565646321,Decreases failure risk
WF-000531,0,Pass,Low Risk,0.0320711492468924,0.3796917872283974,0.6203082127716026,6,sensor_214,0.0312,-0.006233409256431233,0.006233409256431233,Decreases failure risk
WF-000531,0,Pass,Low Risk,0.0320711492468924,0.3796917872283974,0.6203082127716026,7,sensor_564,0.8654,-0.006141252251676125,0.006141252251676125,Decreases failure risk
WF-000531,0,Pass,Low Risk,0.0320711492468924,0.3796917872283974,0.6203082127716026,8,sensor_478,4.3367,-0.0049980096004092305,0.0049980096004092305,Decreases failure risk
WF-000531,0,Pass,Low Risk,0.0320711492468924,0.3796917872283974,0.6203082127716026,9,sensor_476,5.4865,0.004887580757607321,0.004887580757607321,Increases failure risk
WF-000531,0,Pass,Low Risk,0.0320711492468924,0.3796917872283974,0.6203082127716026,10,sensor_461,14.446,-0.004584562207819355,0.004584562207819355,Decreases failure risk
WF-000117,0,Pass,High Risk,0.08617730496953,0.3532961700040336,0.6467038299959664,1,sensor_104,-0.0051,0.013869257412337369,0.013869257412337369,Increases failure risk
WF-000117,0,Pass,High Risk,0.08617730496953,0.3532961700040336,0.6467038299959664,2,sensor_511,136.9193,0.013229504038533403,0.013229504038533403,Increases failure risk
WF-000117,0,Pass,High Risk,0.08617730496953,0.3532961700040336,0.6467038299959664,3,sensor_060,24.2918,0.012392084951399056,0.012392084951399056,Increases failure risk
WF-000117,0,Pass,High Risk,0.08617730496953,0.3532961700040336,0.6467038299959664,4,sensor_386,0.0192,0.007056031673045572,0.007056031673045572,Increases failure risk
WF-000117,0,Pass,High Risk,0.08617730496953,0.3532961700040336,0.6467038299959664,5,sensor_478,4.2267,-0.0070135492854601425,0.0070135492854601425,Decreases failure risk
WF-000117,0,Pass,High Risk,0.08617730496953,0.3532961700040336,0.6467038299959664,6,sensor_424,156.1014,0.006444722708427961,0.006444722708427961,Increases failure risk
WF-000117,0,Pass,High Risk,0.08617730496953,0.3532961700040336,0.6467038299959664,7,sensor_470,3.8603,-0.006241902234207016,0.006241902234207016,Decreases failure risk
WF-000117,0,Pass,High Risk,0.08617730496953,0.3532961700040336,0.6467038299959664,8,sensor_034,9.1638,0.005694935422515623,0.005694935422515623,Increases failure risk
WF-000117,0,Pass,High Risk,0.08617730496953,0.3532961700040336,0.6467038299959664,9,sensor_342,1.594,-0.00545877205895219,0.00545877205895219,Decreases failure risk
WF-000117,0,Pass,High Risk,0.08617730496953,0.3532961700040336,0.6467038299959664,10,sensor_206,6.14,-0.005378961981260847,0.005378961981260847,Decreases failure risk
WF-000528,0,Pass,Engineering Review,0.0381657557069309,0.3510727691007169,0.6489272308992831,1,sensor_104,-0.0111,-0.013041402351411779,0.013041402351411779,Decreases failure risk
WF-000528,0,Pass,Engineering Review,0.0381657557069309,0.3510727691007169,0.6489272308992831,2,sensor_032,4.6498,-0.009569112269798001,0.009569112269798001,Decreases failure risk
WF-000528,0,Pass,Engineering Review,0.0381657557069309,0.3510727691007169,0.6489272308992831,3,sensor_065,17.7482,-0.0053512735697970335,0.0053512735697970335,Decreases failure risk
WF-000528,0,Pass,Engineering Review,0.0381657557069309,0.3510727691007169,0.6489272308992831,4,sensor_478,4.0085,-0.005041125279099139,0.005041125279099139,Decreases failure risk
WF-000528,0,Pass,Engineering Review,0.0381657557069309,0.3510727691007169,0.6489272308992831,5,sensor_542,14.158,0.004334356425064803,0.004334356425064803,Increases failure risk
WF-000528,0,Pass,Engineering Review,0.0381657557069309,0.3510727691007169,0.6489272308992831,6,sensor_123,4.809,-0.00413398574235425,0.00413398574235425,Decreases failure risk
WF-000528,0,Pass,Engineering Review,0.0381657557069309,0.3510727691007169,0.6489272308992831,7,sensor_060,2.2518,-0.004081546141710194,0.004081546141710194,Decreases failure risk
WF-000528,0,Pass,Engineering Review,0.0381657557069309,0.3510727691007169,0.6489272308992831,8,sensor_206,6.0,-0.004067053365419635,0.004067053365419635,Decreases failure risk
WF-000528,0,Pass,Engineering Review,0.0381657557069309,0.3510727691007169,0.6489272308992831,9,sensor_034,8.5855,-0.003992196522943449,0.003992196522943449,Decreases failure risk
WF-000528,0,Pass,Engineering Review,0.0381657557069309,0.3510727691007169,0.6489272308992831,10,sensor_103,-0.0852,0.003944565883858022,0.003944565883858022,Increases failure risk
WF-001037,0,Pass,Engineering Review,0.0509239273914036,0.3533377038643071,0.6466622961356929,1,sensor_214,0.0061,-0.014534583185046983,0.014534583185046983,Decreases failure risk
WF-001037,0,Pass,Engineering Review,0.0509239273914036,0.3533377038643071,0.6466622961356929,2,sensor_104,-0.0108,-0.012806729262509366,0.012806729262509366,Decreases failure risk
WF-001037,0,Pass,Engineering Review,0.0509239273914036,0.3533377038643071,0.6466622961356929,3,sensor_478,9.2151,0.010512118674898286,0.010512118674898286,Increases failure risk
WF-001037,0,Pass,Engineering Review,0.0509239273914036,0.3533377038643071,0.6466622961356929,4,sensor_206,14.15,0.010188927005968329,0.010188927005968329,Increases failure risk
WF-001037,0,Pass,Engineering Review,0.0509239273914036,0.3533377038643071,0.6466622961356929,5,sensor_352,0.0029,-0.00926670730459366,0.00926670730459366,Decreases failure risk
WF-001037,0,Pass,Engineering Review,0.0509239273914036,0.3533377038643071,0.6466622961356929,6,sensor_060,-1.0545,-0.008339449210144848,0.008339449210144848,Decreases failure risk
WF-001037,0,Pass,Engineering Review,0.0509239273914036,0.3533377038643071,0.6466622961356929,7,sensor_342,3.9688,0.00808060798768766,0.00808060798768766,Increases failure risk
WF-001037,0,Pass,Engineering Review,0.0509239273914036,0.3533377038643071,0.6466622961356929,8,sensor_511,23.0415,-0.007717053920967924,0.007717053920967924,Decreases failure risk
WF-001037,0,Pass,Engineering Review,0.0509239273914036,0.3533377038643071,0.6466622961356929,9,sensor_453,7.0885,-0.007341607207764348,0.007341607207764348,Decreases failure risk
WF-001037,0,Pass,Engineering Review,0.0509239273914036,0.3533377038643071,0.6466622961356929,10,sensor_029,74.0111,-0.007026785337749029,0.007026785337749029,Decreases failure risk
WF-000835,0,Pass,Engineering Review,0.0559059183912735,0.2937994150776452,0.7062005849223547,1,sensor_104,-0.0106,-0.013932826183170117,0.013932826183170117,Decreases failure risk
WF-000835,0,Pass,Engineering Review,0.0559059183912735,0.2937994150776452,0.7062005849223547,2,sensor_032,4.7477,-0.01202536833518998,0.01202536833518998,Decreases failure risk
WF-000835,0,Pass,Engineering Review,0.0559059183912735,0.2937994150776452,0.7062005849223547,3,sensor_248,0.0156,-0.01120546471863157,0.01120546471863157,Decreases failure risk
WF-000835,0,Pass,Engineering Review,0.0559059183912735,0.2937994150776452,0.7062005849223547,4,sensor_424,212.007,0.008601178440491056,0.008601178440491056,Increases failure risk
WF-000835,0,Pass,Engineering Review,0.0559059183912735,0.2937994150776452,0.7062005849223547,5,sensor_060,-0.5718,-0.007776877274708389,0.007776877274708389,Decreases failure risk
WF-000835,0,Pass,Engineering Review,0.0559059183912735,0.2937994150776452,0.7062005849223547,6,sensor_520,3.3914,-0.007703048844320695,0.007703048844320695,Decreases failure risk
WF-000835,0,Pass,Engineering Review,0.0559059183912735,0.2937994150776452,0.7062005849223547,7,sensor_015,3.448,0.006624956305800755,0.006624956305800755,Increases failure risk
WF-000835,0,Pass,Engineering Review,0.0559059183912735,0.2937994150776452,0.7062005849223547,8,sensor_386,0.0045,-0.006076197547165567,0.006076197547165567,Decreases failure risk
WF-000835,0,Pass,Engineering Review,0.0559059183912735,0.2937994150776452,0.7062005849223547,9,sensor_478,4.6034,-0.005079722748421035,0.005079722748421035,Decreases failure risk
WF-000835,0,Pass,Engineering Review,0.0559059183912735,0.2937994150776452,0.7062005849223547,10,sensor_476,5.4747,0.005033190601699637,0.005033190601699637,Increases failure risk
WF-000866,0,Pass,Low Risk,0.0205299903912706,0.4777586087653737,0.5222413912346263,1,sensor_034,8.3273,-0.016030032475643698,0.016030032475643698,Decreases failure risk
WF-000866,0,Pass,Low Risk,0.0205299903912706,0.4777586087653737,0.5222413912346263,2,sensor_104,-0.0095,-0.015020770703305401,0.015020770703305401,Decreases failure risk
WF-000866,0,Pass,Low Risk,0.0205299903912706,0.4777586087653737,0.5222413912346263,3,sensor_131,0.5952,-0.013222021611096296,0.013222021611096296,Decreases failure risk
WF-000866,0,Pass,Low Risk,0.0205299903912706,0.4777586087653737,0.5222413912346263,4,sensor_214,0.0209,-0.012543586247670152,0.012543586247670152,Decreases failure risk
WF-000866,0,Pass,Low Risk,0.0205299903912706,0.4777586087653737,0.5222413912346263,5,sensor_352,0.0101,-0.009054856991786297,0.009054856991786297,Decreases failure risk
WF-000866,0,Pass,Low Risk,0.0205299903912706,0.4777586087653737,0.5222413912346263,6,sensor_060,0.5764,-0.007814549867791305,0.007814549867791305,Decreases failure risk
WF-000866,0,Pass,Low Risk,0.0205299903912706,0.4777586087653737,0.5222413912346263,7,sensor_126,1.824,-0.0071878179704109105,0.0071878179704109105,Decreases failure risk
WF-000866,0,Pass,Low Risk,0.0205299903912706,0.4777586087653737,0.5222413912346263,8,sensor_123,6.101,-0.005430981155818315,0.005430981155818315,Decreases failure risk
WF-000866,0,Pass,Low Risk,0.0205299903912706,0.4777586087653737,0.5222413912346263,9,sensor_478,4.1425,-0.005089278263315906,0.005089278263315906,Decreases failure risk
WF-000866,0,Pass,Low Risk,0.0205299903912706,0.4777586087653737,0.5222413912346263,10,sensor_206,5.97,-0.004693948312099144,0.004693948312099144,Decreases failure risk
WF-000233,0,Pass,High Risk,0.1346828590055515,0.1685636711637997,0.8314363288362002,1,sensor_104,-0.0055,0.01619423079481584,0.01619423079481584,Increases failure risk
WF-000233,0,Pass,High Risk,0.1346828590055515,0.1685636711637997,0.8314363288362002,2,sensor_065,32.0473,0.013008262878703306,0.013008262878703306,Increases failure risk
WF-000233,0,Pass,High Risk,0.1346828590055515,0.1685636711637997,0.8314363288362002,3,sensor_032,4.6756,-0.01284566677176946,0.01284566677176946,Decreases failure risk
WF-000233,0,Pass,High Risk,0.1346828590055515,0.1685636711637997,0.8314363288362002,4,sensor_478,10.8564,0.01141982398087286,0.01141982398087286,Increases failure risk
WF-000233,0,Pass,High Risk,0.1346828590055515,0.1685636711637997,0.8314363288362002,5,sensor_034,8.5177,-0.010221744465689322,0.010221744465689322,Decreases failure risk
WF-000233,0,Pass,High Risk,0.1346828590055515,0.1685636711637997,0.8314363288362002,6,sensor_060,-12.0473,-0.009983261170377185,0.009983261170377185,Decreases failure risk
WF-000233,0,Pass,High Risk,0.1346828590055515,0.1685636711637997,0.8314363288362002,7,sensor_206,16.65,0.008717490028449256,0.008717490028449256,Increases failure risk
WF-000233,0,Pass,High Risk,0.1346828590055515,0.1685636711637997,0.8314363288362002,8,sensor_066,38.5498,0.00867176795060554,0.00867176795060554,Increases failure risk
WF-000233,0,Pass,High Risk,0.1346828590055515,0.1685636711637997,0.8314363288362002,9,sensor_342,4.4768,0.008313746148103034,0.008313746148103034,Increases failure risk
WF-000233,0,Pass,High Risk,0.1346828590055515,0.1685636711637997,0.8314363288362002,10,sensor_511,99.5475,0.0075426480111134685,0.0075426480111134685,Increases failure risk
WF-000155,1,Fail,Engineering Review,0.0680880688253122,0.2833128978460839,0.7166871021539161,1,sensor_032,4.7036,-0.017620817802316436,0.017620817802316436,Decreases failure risk
WF-000155,1,Fail,Engineering Review,0.0680880688253122,0.2833128978460839,0.7166871021539161,2,sensor_104,-0.006,0.015298971999047969,0.015298971999047969,Increases failure risk
WF-000155,1,Fail,Engineering Review,0.0680880688253122,0.2833128978460839,0.7166871021539161,3,sensor_060,26.7745,0.008558748287303339,0.008558748287303339,Increases failure risk
WF-000155,1,Fail,Engineering Review,0.0680880688253122,0.2833128978460839,0.7166871021539161,4,sensor_386,0.0255,0.0060215517277125595,0.0060215517277125595,Increases failure risk
WF-000155,1,Fail,Engineering Review,0.0680880688253122,0.2833128978460839,0.7166871021539161,5,sensor_520,23.8527,0.005958924291335511,0.005958924291335511,Increases failure risk
WF-000155,1,Fail,Engineering Review,0.0680880688253122,0.2833128978460839,0.7166871021539161,6,sensor_201,13.62,-0.005934553944111745,0.005934553944111745,Decreases failure risk
WF-000155,1,Fail,Engineering Review,0.0680880688253122,0.2833128978460839,0.7166871021539161,7,sensor_282,0.0185,-0.005789412696997066,0.005789412696997066,Decreases failure risk
WF-000155,1,Fail,Engineering Review,0.0680880688253122,0.2833128978460839,0.7166871021539161,8,sensor_424,129.4674,0.005241649689880519,0.005241649689880519,Increases failure risk
WF-000155,1,Fail,Engineering Review,0.0680880688253122,0.2833128978460839,0.7166871021539161,9,sensor_214,0.0973,0.004653677254785178,0.004653677254785178,Increases failure risk
WF-000155,1,Fail,Engineering Review,0.0680880688253122,0.2833128978460839,0.7166871021539161,10,sensor_022,-6362.5,-0.004373842402889066,0.004373842402889066,Decreases failure risk
WF-000141,0,Pass,High Risk,0.1223067350011968,0.3017567133283098,0.6982432866716902,1,sensor_104,-0.0034,0.01897194740003803,0.01897194740003803,Increases failure risk
WF-000141,0,Pass,High Risk,0.1223067350011968,0.3017567133283098,0.6982432866716902,2,sensor_511,162.3188,0.010804529789393964,0.010804529789393964,Increases failure risk
WF-000141,0,Pass,High Risk,0.1223067350011968,0.3017567133283098,0.6982432866716902,3,sensor_065,29.2836,0.009018173678916266,0.009018173678916266,Increases failure risk
WF-000141,0,Pass,High Risk,0.1223067350011968,0.3017567133283098,0.6982432866716902,4,sensor_060,-9.2836,-0.007867088309970233,0.007867088309970233,Decreases failure risk
WF-000141,0,Pass,High Risk,0.1223067350011968,0.3017567133283098,0.6982432866716902,5,sensor_066,39.6517,0.0074491922863884515,0.0074491922863884515,Increases failure risk
WF-000141,0,Pass,High Risk,0.1223067350011968,0.3017567133283098,0.6982432866716902,6,sensor_564,0.9253,-0.006355912102764345,0.006355912102764345,Decreases failure risk
WF-000141,0,Pass,High Risk,0.1223067350011968,0.3017567133283098,0.6982432866716902,7,sensor_424,42.6629,-0.005108771167663864,0.005108771167663864,Decreases failure risk
WF-000141,0,Pass,High Risk,0.1223067350011968,0.3017567133283098,0.6982432866716902,8,sensor_022,-6480.5,-0.004901304667491828,0.004901304667491828,Decreases failure risk
WF-000141,0,Pass,High Risk,0.1223067350011968,0.3017567133283098,0.6982432866716902,9,sensor_317,6.4762,-0.0046381165857042475,0.0046381165857042475,Decreases failure risk
WF-000141,0,Pass,High Risk,0.1223067350011968,0.3017567133283098,0.6982432866716902,10,sensor_015,12.2894,-0.004515547245144851,0.004515547245144851,Decreases failure risk
WF-001361,0,Pass,Low Risk,0.0309131434517018,0.4115538520744661,0.5884461479255338,1,sensor_104,-0.0111,-0.016332100844314773,0.016332100844314773,Decreases failure risk
WF-001361,0,Pass,Low Risk,0.0309131434517018,0.4115538520744661,0.5884461479255338,2,sensor_060,-3.54,-0.008306288063973079,0.008306288063973079,Decreases failure risk
WF-001361,0,Pass,Low Risk,0.0309131434517018,0.4115538520744661,0.5884461479255338,3,sensor_512,920.0,0.005448493964675778,0.005448493964675778,Increases failure risk
WF-001361,0,Pass,Low Risk,0.0309131434517018,0.4115538520744661,0.5884461479255338,4,sensor_184,19.562,-0.0054244114985233655,0.0054244114985233655,Decreases failure risk
WF-001361,0,Pass,Low Risk,0.0309131434517018,0.4115538520744661,0.5884461479255338,5,sensor_206,6.87,-0.005208491129264793,0.005208491129264793,Decreases failure risk
WF-001361,0,Pass,Low Risk,0.0309131434517018,0.4115538520744661,0.5884461479255338,6,sensor_082,0.0087,0.004920408129754556,0.004920408129754556,Increases failure risk
WF-001361,0,Pass,Low Risk,0.0309131434517018,0.4115538520744661,0.5884461479255338,7,sensor_578,17.4117,-0.004893834943063593,0.004893834943063593,Decreases failure risk
WF-001361,0,Pass,Low Risk,0.0309131434517018,0.4115538520744661,0.5884461479255338,8,sensor_183,15.45,-0.00462059673090755,0.00462059673090755,Decreases failure risk
WF-001361,0,Pass,Low Risk,0.0309131434517018,0.4115538520744661,0.5884461479255338,9,sensor_478,4.8902,-0.004243349315739484,0.004243349315739484,Decreases failure risk
WF-001361,0,Pass,Low Risk,0.0309131434517018,0.4115538520744661,0.5884461479255338,10,sensor_020,12.2937,-0.004151449166621381,0.004151449166621381,Decreases failure risk
WF-000904,0,Pass,Low Risk,0.0219170643882636,0.4218171175651103,0.5781828824348897,1,sensor_104,-0.0119,-0.014385610815820396,0.014385610815820396,Decreases failure risk
WF-000904,0,Pass,Low Risk,0.0219170643882636,0.4218171175651103,0.5781828824348897,2,sensor_131,0.5812,-0.01329859173569267,0.01329859173569267,Decreases failure risk
WF-000904,0,Pass,Low Risk,0.0219170643882636,0.4218171175651103,0.5781828824348897,3,sensor_214,0.0225,-0.012449701969985466,0.012449701969985466,Decreases failure risk
WF-000904,0,Pass,Low Risk,0.0219170643882636,0.4218171175651103,0.5781828824348897,4,sensor_248,0.02,-0.009483702185583398,0.009483702185583398,Decreases failure risk
WF-000904,0,Pass,Low Risk,0.0219170643882636,0.4218171175651103,0.5781828824348897,5,sensor_520,4.3403,-0.009199505919053703,0.009199505919053703,Decreases failure risk
WF-000904,0,Pass,Low Risk,0.0219170643882636,0.4218171175651103,0.5781828824348897,6,sensor_352,0.0095,-0.008309675557621224,0.008309675557621224,Decreases failure risk
WF-000904,0,Pass,Low Risk,0.0219170643882636,0.4218171175651103,0.5781828824348897,7,sensor_060,-2.5345,-0.007911185667884976,0.007911185667884976,Decreases failure risk
WF-000904,0,Pass,Low Risk,0.0219170643882636,0.4218171175651103,0.5781828824348897,8,sensor_511,37.0137,-0.006668600732836196,0.006668600732836196,Decreases failure risk
WF-000904,0,Pass,Low Risk,0.0219170643882636,0.4218171175651103,0.5781828824348897,9,sensor_489,0.0,0.0054051345043289,0.0054051345043289,Increases failure risk
WF-000904,0,Pass,Low Risk,0.0219170643882636,0.4218171175651103,0.5781828824348897,10,sensor_126,1.617,-0.0053057831554113545,0.0053057831554113545,Decreases failure risk
WF-001480,0,Pass,Low Risk,0.030779034803649,0.4681662015024021,0.5318337984975978,1,sensor_104,-0.0107,-0.014673594090964123,0.014673594090964123,Decreases failure risk
WF-001480,0,Pass,Low Risk,0.030779034803649,0.4681662015024021,0.5318337984975978,2,sensor_214,0.0211,-0.013706963948164477,0.013706963948164477,Decreases failure risk
WF-001480,0,Pass,Low Risk,0.030779034803649,0.4681662015024021,0.5318337984975978,3,sensor_352,0.0094,-0.011583317815317132,0.011583317815317132,Decreases failure risk
WF-001480,0,Pass,Low Risk,0.030779034803649,0.4681662015024021,0.5318337984975978,4,sensor_478,3.965,-0.006719612798440721,0.006719612798440721,Decreases failure risk
WF-001480,0,Pass,Low Risk,0.030779034803649,0.4681662015024021,0.5318337984975978,5,sensor_432,9.3472,-0.006067342475793344,0.006067342475793344,Decreases failure risk
WF-001480,0,Pass,Low Risk,0.030779034803649,0.4681662015024021,0.5318337984975978,6,sensor_060,-2.5418,-0.005985990658440752,0.005985990658440752,Decreases failure risk
WF-001480,0,Pass,Low Risk,0.030779034803649,0.4681662015024021,0.5318337984975978,7,sensor_125,15.47,-0.005156079308566141,0.005156079308566141,Decreases failure risk
WF-001480,0,Pass,Low Risk,0.030779034803649,0.4681662015024021,0.5318337984975978,8,sensor_578,21.7713,-0.005144774235263597,0.005144774235263597,Decreases failure risk
WF-001480,0,Pass,Low Risk,0.030779034803649,0.4681662015024021,0.5318337984975978,9,sensor_206,5.83,-0.004868358571252114,0.004868358571252114,Decreases failure risk
WF-001480,0,Pass,Low Risk,0.030779034803649,0.4681662015024021,0.5318337984975978,10,sensor_103,-0.0722,0.004840492544574724,0.004840492544574724,Increases failure risk
WF-001284,0,Pass,Engineering Review,0.0639657036553918,0.2714142424031071,0.7285857575968929,1,sensor_104,-0.0097,-0.012091313166159799,0.012091313166159799,Decreases failure risk
WF-001284,0,Pass,Engineering Review,0.0639657036553918,0.2714142424031071,0.7285857575968929,2,sensor_282,0.0218,-0.007263826621997318,0.007263826621997318,Decreases failure risk
WF-001284,0,Pass,Engineering Review,0.0639657036553918,0.2714142424031071,0.7285857575968929,3,sensor_476,5.3666,0.0063189744503959235,0.0063189744503959235,Increases failure risk
WF-001284,0,Pass,Engineering Review,0.0639657036553918,0.2714142424031071,0.7285857575968929,4,sensor_432,8.043,-0.005516466278910115,0.005516466278910115,Decreases failure risk
WF-001284,0,Pass,Engineering Review,0.0639657036553918,0.2714142424031071,0.7285857575968929,5,sensor_130,0.9461,0.005230898084712575,0.005230898084712575,Increases failure risk
WF-001284,0,Pass,Engineering Review,0.0639657036553918,0.2714142424031071,0.7285857575968929,6,sensor_578,20.0671,-0.005109115099922457,0.005109115099922457,Decreases failure risk
WF-001284,0,Pass,Engineering Review,0.0639657036553918,0.2714142424031071,0.7285857575968929,7,sensor_122,15.64,-0.005076129242290817,0.005076129242290817,Decreases failure risk
WF-001284,0,Pass,Engineering Review,0.0639657036553918,0.2714142424031071,0.7285857575968929,8,sensor_511,41.2371,-0.004785178986982941,0.004785178986982941,Decreases failure risk
WF-001284,0,Pass,Engineering Review,0.0639657036553918,0.2714142424031071,0.7285857575968929,9,sensor_469,582.427,-0.0044733303313263684,0.0044733303313263684,Decreases failure risk
WF-001284,0,Pass,Engineering Review,0.0639657036553918,0.2714142424031071,0.7285857575968929,10,sensor_060,1.5882,-0.004469895916752372,0.004469895916752372,Decreases failure risk
WF-001499,0,Pass,Engineering Review,0.036773648363792,0.3619206604975294,0.6380793395024705,1,sensor_104,-0.0129,-0.013731870899274086,0.013731870899274086,Decreases failure risk
WF-001499,0,Pass,Engineering Review,0.036773648363792,0.3619206604975294,0.6380793395024705,2,sensor_065,26.7227,0.009235764945543741,0.009235764945543741,Increases failure risk
WF-001499,0,Pass,Engineering Review,0.036773648363792,0.3619206604975294,0.6380793395024705,3,sensor_511,27.9612,-0.007462620169438359,0.007462620169438359,Decreases failure risk
WF-001499,0,Pass,Engineering Review,0.036773648363792,0.3619206604975294,0.6380793395024705,4,sensor_317,7.5373,-0.007325578718356244,0.007325578718356244,Decreases failure risk
WF-001499,0,Pass,Engineering Review,0.036773648363792,0.3619206604975294,0.6380793395024705,5,sensor_060,-6.7227,-0.007176304929421109,0.007176304929421109,Decreases failure risk
WF-001499,0,Pass,Engineering Review,0.036773648363792,0.3619206604975294,0.6380793395024705,6,sensor_476,5.3175,0.006266075511734536,0.006266075511734536,Increases failure risk
WF-001499,0,Pass,Engineering Review,0.036773648363792,0.3619206604975294,0.6380793395024705,7,sensor_181,23.59,-0.006201189060234026,0.006201189060234026,Decreases failure risk
WF-001499,0,Pass,Engineering Review,0.036773648363792,0.3619206604975294,0.6380793395024705,8,sensor_548,388.628,-0.005479364633077615,0.005479364633077615,Decreases failure risk
WF-001499,0,Pass,Engineering Review,0.036773648363792,0.3619206604975294,0.6380793395024705,9,sensor_453,6.7069,-0.005348488622504408,0.005348488622504408,Decreases failure risk
WF-001499,0,Pass,Engineering Review,0.036773648363792,0.3619206604975294,0.6380793395024705,10,sensor_489,0.0,0.0052432430125432606,0.0052432430125432606,Increases failure risk
WF-001157,0,Pass,Engineering Review,0.0445785602112406,0.3732563073354618,0.6267436926645382,1,sensor_104,-0.0136,-0.016443273326788885,0.016443273326788885,Decreases failure risk
WF-001157,0,Pass,Engineering Review,0.0445785602112406,0.3732563073354618,0.6267436926645382,2,sensor_214,0.0226,-0.015893146628030944,0.015893146628030944,Decreases failure risk
WF-001157,0,Pass,Engineering Review,0.0445785602112406,0.3732563073354618,0.6267436926645382,3,sensor_352,0.0111,-0.010057987030714283,0.010057987030714283,Decreases failure risk
WF-001157,0,Pass,Engineering Review,0.0445785602112406,0.3732563073354618,0.6267436926645382,4,sensor_126,1.465,-0.008641933942826778,0.008641933942826778,Decreases failure risk
WF-001157,0,Pass,Engineering Review,0.0445785602112406,0.3732563073354618,0.6267436926645382,5,sensor_181,25.25,-0.00797493887474844,0.00797493887474844,Decreases failure risk
WF-001157,0,Pass,Engineering Review,0.0445785602112406,0.3732563073354618,0.6267436926645382,6,sensor_317,7.7119,-0.006430184571797769,0.006430184571797769,Decreases failure risk
WF-001157,0,Pass,Engineering Review,0.0445785602112406,0.3732563073354618,0.6267436926645382,7,sensor_130,-2.647,-0.006264209973261852,0.006264209973261852,Decreases failure risk
WF-001157,0,Pass,Engineering Review,0.0445785602112406,0.3732563073354618,0.6267436926645382,8,sensor_453,6.8696,-0.006201672015331967,0.006201672015331967,Decreases failure risk
WF-001157,0,Pass,Engineering Review,0.0445785602112406,0.3732563073354618,0.6267436926645382,9,sensor_548,394.756,-0.00609196045659506,0.00609196045659506,Decreases failure risk
WF-001157,0,Pass,Engineering Review,0.0445785602112406,0.3732563073354618,0.6267436926645382,10,sensor_206,10.58,0.006051131795586496,0.006051131795586496,Increases failure risk
WF-001564,0,Pass,Low Risk,0.0294693810101592,0.3174412366774775,0.6825587633225225,1,sensor_104,-0.0116,-0.01607638142055879,0.01607638142055879,Decreases failure risk
WF-001564,0,Pass,Low Risk,0.0294693810101592,0.3174412366774775,0.6825587633225225,2,sensor_032,4.7088,-0.01038907720509858,0.01038907720509858,Decreases failure risk
WF-001564,0,Pass,Low Risk,0.0294693810101592,0.3174412366774775,0.6825587633225225,3,sensor_060,-3.3555,-0.009005164500928366,0.009005164500928366,Decreases failure risk
WF-001564,0,Pass,Low Risk,0.0294693810101592,0.3174412366774775,0.6825587633225225,4,sensor_432,4.1273,-0.006819164096992432,0.006819164096992432,Decreases failure risk
WF-001564,0,Pass,Low Risk,0.0294693810101592,0.3174412366774775,0.6825587633225225,5,sensor_511,29.4372,-0.006485887828298528,0.006485887828298528,Decreases failure risk
WF-001564,0,Pass,Low Risk,0.0294693810101592,0.3174412366774775,0.6825587633225225,6,sensor_578,17.8379,-0.005382127877407685,0.005382127877407685,Decreases failure risk
WF-001564,0,Pass,Low Risk,0.0294693810101592,0.3174412366774775,0.6825587633225225,7,sensor_317,6.4134,-0.0052125807630139685,0.0052125807630139685,Decreases failure risk
WF-001564,0,Pass,Low Risk,0.0294693810101592,0.3174412366774775,0.6825587633225225,8,sensor_389,15.2502,-0.004921904495898689,0.004921904495898689,Decreases failure risk
WF-001564,0,Pass,Low Risk,0.0294693810101592,0.3174412366774775,0.6825587633225225,9,sensor_512,700.0,0.004642726440266217,0.004642726440266217,Increases failure risk
WF-001564,0,Pass,Low Risk,0.0294693810101592,0.3174412366774775,0.6825587633225225,10,sensor_034,8.9607,0.004293565953426934,0.004293565953426934,Increases failure risk
WF-000955,0,Pass,Low Risk,0.0234881832990537,0.3613041215340428,0.6386958784659571,1,sensor_131,0.562,-0.01517194943510987,0.01517194943510987,Decreases failure risk
WF-000955,0,Pass,Low Risk,0.0234881832990537,0.3613041215340428,0.6386958784659571,2,sensor_104,-0.0127,-0.013074179007726856,0.013074179007726856,Decreases failure risk
WF-000955,0,Pass,Low Risk,0.0234881832990537,0.3613041215340428,0.6386958784659571,3,sensor_032,4.6629,-0.010653214040168857,0.010653214040168857,Decreases failure risk
WF-000955,0,Pass,Low Risk,0.0234881832990537,0.3613041215340428,0.6386958784659571,4,sensor_060,-3.5291,-0.00787213722085375,0.00787213722085375,Decreases failure risk
WF-000955,0,Pass,Low Risk,0.0234881832990537,0.3613041215340428,0.6386958784659571,5,sensor_511,14.1454,-0.007664057299920128,0.007664057299920128,Decreases failure risk
WF-000955,0,Pass,Low Risk,0.0234881832990537,0.3613041215340428,0.6386958784659571,6,sensor_126,1.801,-0.007525785710685134,0.007525785710685134,Decreases failure risk
WF-000955,0,Pass,Low Risk,0.0234881832990537,0.3613041215340428,0.6386958784659571,7,sensor_130,-3.025,-0.006948505993917407,0.006948505993917407,Decreases failure risk
WF-000955,0,Pass,Low Risk,0.0234881832990537,0.3613041215340428,0.6386958784659571,8,sensor_123,6.063,-0.006782100343747359,0.006782100343747359,Decreases failure risk
WF-000955,0,Pass,Low Risk,0.0234881832990537,0.3613041215340428,0.6386958784659571,9,sensor_153,1.2918,0.005861171687723138,0.005861171687723138,Increases failure risk
WF-000955,0,Pass,Low Risk,0.0234881832990537,0.3613041215340428,0.6386958784659571,10,sensor_389,13.6837,-0.00569520101599646,0.00569520101599646,Decreases failure risk
WF-001091,0,Pass,Engineering Review,0.0476745203383376,0.4326704015691051,0.5673295984308948,1,sensor_104,-0.0129,-0.01898126004982524,0.01898126004982524,Decreases failure risk
WF-001091,0,Pass,Engineering Review,0.0476745203383376,0.4326704015691051,0.5673295984308948,2,sensor_511,20.9709,-0.009395367996315627,0.009395367996315627,Decreases failure risk
WF-001091,0,Pass,Engineering Review,0.0476745203383376,0.4326704015691051,0.5673295984308948,3,sensor_060,-3.1255,-0.008867210289589025,0.008867210289589025,Decreases failure risk
WF-001091,0,Pass,Engineering Review,0.0476745203383376,0.4326704015691051,0.5673295984308948,4,sensor_478,4.0177,-0.0068880223642403095,0.0068880223642403095,Decreases failure risk
WF-001091,0,Pass,Engineering Review,0.0476745203383376,0.4326704015691051,0.5673295984308948,5,sensor_126,1.361,-0.006691811231396229,0.006691811231396229,Decreases failure risk
WF-001091,0,Pass,Engineering Review,0.0476745203383376,0.4326704015691051,0.5673295984308948,6,sensor_206,5.98,-0.005655611699799932,0.005655611699799932,Decreases failure risk
WF-001091,0,Pass,Engineering Review,0.0476745203383376,0.4326704015691051,0.5673295984308948,7,sensor_342,1.8023,-0.0044479784524278955,0.0044479784524278955,Decreases failure risk
WF-001091,0,Pass,Engineering Review,0.0476745203383376,0.4326704015691051,0.5673295984308948,8,sensor_130,-2.08,-0.004384966094246811,0.004384966094246811,Decreases failure risk
WF-001091,0,Pass,Engineering Review,0.0476745203383376,0.4326704015691051,0.5673295984308948,9,sensor_253,1.6425,-0.00421586127326713,0.00421586127326713,Decreases failure risk
WF-001091,0,Pass,Engineering Review,0.0476745203383376,0.4326704015691051,0.5673295984308948,10,sensor_417,4.6164,-0.003992469466944572,0.003992469466944572,Decreases failure risk
WF-001479,0,Pass,Low Risk,0.0127124392248786,0.4389320155956159,0.5610679844043841,1,sensor_104,-0.0132,-0.013413936426969785,0.013413936426969785,Decreases failure risk
WF-001479,0,Pass,Low Risk,0.0127124392248786,0.4389320155956159,0.5610679844043841,2,sensor_214,0.0234,-0.009659980401419027,0.009659980401419027,Decreases failure risk
WF-001479,0,Pass,Low Risk,0.0127124392248786,0.4389320155956159,0.5610679844043841,3,sensor_317,8.2101,-0.007013624229817981,0.007013624229817981,Decreases failure risk
WF-001479,0,Pass,Low Risk,0.0127124392248786,0.4389320155956159,0.5610679844043841,4,sensor_352,0.0097,-0.006188184456822611,0.006188184456822611,Decreases failure risk
WF-001479,0,Pass,Low Risk,0.0127124392248786,0.4389320155956159,0.5610679844043841,5,sensor_432,8.6009,-0.006055964361177266,0.006055964361177266,Decreases failure risk
WF-001479,0,Pass,Low Risk,0.0127124392248786,0.4389320155956159,0.5610679844043841,6,sensor_453,6.7691,-0.005936844974967259,0.005936844974967259,Decreases failure risk
WF-001479,0,Pass,Low Risk,0.0127124392248786,0.4389320155956159,0.5610679844043841,7,sensor_029,74.4,-0.005556564180660505,0.005556564180660505,Decreases failure risk
WF-001479,0,Pass,Low Risk,0.0127124392248786,0.4389320155956159,0.5610679844043841,8,sensor_181,24.49,-0.0051887379988026,0.0051887379988026,Decreases failure risk
WF-001479,0,Pass,Low Risk,0.0127124392248786,0.4389320155956159,0.5610679844043841,9,sensor_282,0.0185,-0.005119000866904737,0.005119000866904737,Decreases failure risk
WF-001479,0,Pass,Low Risk,0.0127124392248786,0.4389320155956159,0.5610679844043841,10,sensor_469,356.7868,-0.004439979296157596,0.004439979296157596,Decreases failure risk
WF-000391,0,Pass,Engineering Review,0.0481135830090228,0.4289315999905884,0.5710684000094116,1,sensor_104,-0.0063,0.016766097753538108,0.016766097753538108,Increases failure risk
WF-000391,0,Pass,Engineering Review,0.0481135830090228,0.4289315999905884,0.5710684000094116,2,sensor_032,4.6913,-0.011451730407104113,0.011451730407104113,Decreases failure risk
WF-000391,0,Pass,Engineering Review,0.0481135830090228,0.4289315999905884,0.5710684000094116,3,sensor_317,8.6585,-0.010743346380485944,0.010743346380485944,Decreases failure risk
WF-000391,0,Pass,Engineering Review,0.0481135830090228,0.4289315999905884,0.5710684000094116,4,sensor_034,8.5232,-0.00854197897908046,0.00854197897908046,Decreases failure risk
WF-000391,0,Pass,Engineering Review,0.0481135830090228,0.4289315999905884,0.5710684000094116,5,sensor_060,0.0945,-0.008308608619878453,0.008308608619878453,Decreases failure risk
WF-000391,0,Pass,Engineering Review,0.0481135830090228,0.4289315999905884,0.5710684000094116,6,sensor_453,7.1544,-0.007012856707490322,0.007012856707490322,Decreases failure risk
WF-000391,0,Pass,Engineering Review,0.0481135830090228,0.4289315999905884,0.5710684000094116,7,sensor_476,5.8036,0.006901152950964542,0.006901152950964542,Increases failure risk
WF-000391,0,Pass,Engineering Review,0.0481135830090228,0.4289315999905884,0.5710684000094116,8,sensor_181,25.15,-0.006057946311339046,0.006057946311339046,Decreases failure risk
WF-000391,0,Pass,Engineering Review,0.0481135830090228,0.4289315999905884,0.5710684000094116,9,sensor_127,2.481,-0.005355752786384238,0.005355752786384238,Decreases failure risk
WF-000391,0,Pass,Engineering Review,0.0481135830090228,0.4289315999905884,0.5710684000094116,10,sensor_201,13.71,-0.004760904505553016,0.004760904505553016,Decreases failure risk
WF-000441,0,Pass,Low Risk,0.0337460924926868,0.3176316226706197,0.6823683773293803,1,sensor_034,8.4421,-0.01581841613902926,0.01581841613902926,Decreases failure risk
WF-000441,0,Pass,Low Risk,0.0337460924926868,0.3176316226706197,0.6823683773293803,2,sensor_104,-0.013,-0.012979755159217576,0.012979755159217576,Decreases failure risk
WF-000441,0,Pass,Low Risk,0.0337460924926868,0.3176316226706197,0.6823683773293803,3,sensor_032,4.6623,-0.010686011249954181,0.010686011249954181,Decreases failure risk
WF-000441,0,Pass,Low Risk,0.0337460924926868,0.3176316226706197,0.6823683773293803,4,sensor_060,1.6173,-0.006208519540841416,0.006208519540841416,Decreases failure risk
WF-000441,0,Pass,Low Risk,0.0337460924926868,0.3176316226706197,0.6823683773293803,5,sensor_478,4.0842,-0.005689745941349291,0.005689745941349291,Decreases failure risk
WF-000441,0,Pass,Low Risk,0.0337460924926868,0.3176316226706197,0.6823683773293803,6,sensor_206,6.11,-0.005622146166530766,0.005622146166530766,Decreases failure risk
WF-000441,0,Pass,Low Risk,0.0337460924926868,0.3176316226706197,0.6823683773293803,7,sensor_015,6.0511,0.0053180119993640855,0.0053180119993640855,Increases failure risk
WF-000441,0,Pass,Low Risk,0.0337460924926868,0.3176316226706197,0.6823683773293803,8,sensor_130,1.088,0.005149557499270972,0.005149557499270972,Increases failure risk
WF-000441,0,Pass,Low Risk,0.0337460924926868,0.3176316226706197,0.6823683773293803,9,sensor_317,6.7145,-0.005111724729063459,0.005111724729063459,Decreases failure risk
WF-000441,0,Pass,Low Risk,0.0337460924926868,0.3176316226706197,0.6823683773293803,10,sensor_282,0.0185,-0.005090559829792461,0.005090559829792461,Decreases failure risk
WF-000259,0,Pass,Engineering Review,0.0581452047197266,0.3590468208178575,0.6409531791821425,1,sensor_060,-6.5391,-0.010818854246235854,0.010818854246235854,Decreases failure risk
WF-000259,0,Pass,Engineering Review,0.0581452047197266,0.3590468208178575,0.6409531791821425,2,sensor_034,8.536,-0.009463625565840426,0.009463625565840426,Decreases failure risk
WF-000259,0,Pass,Engineering Review,0.0581452047197266,0.3590468208178575,0.6409531791821425,3,sensor_065,26.5391,0.008263337774290648,0.008263337774290648,Increases failure risk
WF-000259,0,Pass,Engineering Review,0.0581452047197266,0.3590468208178575,0.6409531791821425,4,sensor_104,-0.0089,-0.007524563678289562,0.007524563678289562,Decreases failure risk
WF-000259,0,Pass,Engineering Review,0.0581452047197266,0.3590468208178575,0.6409531791821425,5,sensor_489,0.0,0.0059875773603398335,0.0059875773603398335,Increases failure risk
WF-000259,0,Pass,Engineering Review,0.0581452047197266,0.3590468208178575,0.6409531791821425,6,sensor_578,23.9171,-0.005946912278055131,0.005946912278055131,Decreases failure risk
WF-000259,0,Pass,Engineering Review,0.0581452047197266,0.3590468208178575,0.6409531791821425,7,sensor_153,1.3846,0.005530360597772787,0.005530360597772787,Increases failure risk
WF-000259,0,Pass,Engineering Review,0.0581452047197266,0.3590468208178575,0.6409531791821425,8,sensor_317,6.6604,-0.005116186236086921,0.005116186236086921,Decreases failure risk
WF-000259,0,Pass,Engineering Review,0.0581452047197266,0.3590468208178575,0.6409531791821425,9,sensor_511,33.7079,-0.004960243998581856,0.004960243998581856,Decreases failure risk
WF-000259,0,Pass,Engineering Review,0.0581452047197266,0.3590468208178575,0.6409531791821425,10,sensor_288,0.4135,0.004715437172804474,0.004715437172804474,Increases failure risk
WF-000256,0,Pass,Engineering Review,0.0752601224037911,0.3027034066484708,0.6972965933515292,1,sensor_104,-0.0067,0.012665197102255327,0.012665197102255327,Increases failure risk
WF-000256,0,Pass,Engineering Review,0.0752601224037911,0.3027034066484708,0.6972965933515292,2,sensor_060,-0.84,-0.008162491055746561,0.008162491055746561,Decreases failure risk
WF-000256,0,Pass,Engineering Review,0.0752601224037911,0.3027034066484708,0.6972965933515292,3,sensor_317,6.9261,-0.0072897169933328464,0.0072897169933328464,Decreases failure risk
WF-000256,0,Pass,Engineering Review,0.0752601224037911,0.3027034066484708,0.6972965933515292,4,sensor_342,3.544,0.006995261064378628,0.006995261064378628,Increases failure risk
WF-000256,0,Pass,Engineering Review,0.0752601224037911,0.3027034066484708,0.6972965933515292,5,sensor_147,0.0741,-0.006197323682340794,0.006197323682340794,Decreases failure risk
WF-000256,0,Pass,Engineering Review,0.0752601224037911,0.3027034066484708,0.6972965933515292,6,sensor_282,0.023,-0.0061641300037343656,0.0061641300037343656,Decreases failure risk
WF-000256,0,Pass,Engineering Review,0.0752601224037911,0.3027034066484708,0.6972965933515292,7,sensor_153,1.4777,0.005103982527214092,0.005103982527214092,Increases failure risk
WF-000256,0,Pass,Engineering Review,0.0752601224037911,0.3027034066484708,0.6972965933515292,8,sensor_389,15.1181,-0.0048571035222232445,0.0048571035222232445,Decreases failure risk
WF-000256,0,Pass,Engineering Review,0.0752601224037911,0.3027034066484708,0.6972965933515292,9,sensor_051,649.8736,-0.004403611769416464,0.004403611769416464,Decreases failure risk
WF-000256,0,Pass,Engineering Review,0.0752601224037911,0.3027034066484708,0.6972965933515292,10,sensor_001,2821.23,0.0042618743497220115,0.0042618743497220115,Increases failure risk
WF-000370,0,Pass,Engineering Review,0.0516183485221198,0.3919885941020906,0.6080114058979094,1,sensor_104,-0.0111,-0.010591976430788838,0.010591976430788838,Decreases failure risk
WF-000370,0,Pass,Engineering Review,0.0516183485221198,0.3919885941020906,0.6080114058979094,2,sensor_034,8.5266,-0.009480409618381255,0.009480409618381255,Decreases failure risk
WF-000370,0,Pass,Engineering Review,0.0516183485221198,0.3919885941020906,0.6080114058979094,3,sensor_511,27.991,-0.00887805609066505,0.00887805609066505,Decreases failure risk
WF-000370,0,Pass,Engineering Review,0.0516183485221198,0.3919885941020906,0.6080114058979094,4,sensor_453,6.4436,-0.005816056300758539,0.005816056300758539,Decreases failure risk
WF-000370,0,Pass,Engineering Review,0.0516183485221198,0.3919885941020906,0.6080114058979094,5,sensor_147,0.0911,-0.0057217619079027605,0.0057217619079027605,Decreases failure risk
WF-000370,0,Pass,Engineering Review,0.0516183485221198,0.3919885941020906,0.6080114058979094,6,sensor_282,0.0252,-0.0056624453665214515,0.0056624453665214515,Decreases failure risk
WF-000370,0,Pass,Engineering Review,0.0516183485221198,0.3919885941020906,0.6080114058979094,7,sensor_317,6.7984,-0.004648829899011023,0.004648829899011023,Decreases failure risk
WF-000370,0,Pass,Engineering Review,0.0516183485221198,0.3919885941020906,0.6080114058979094,8,sensor_281,0.0372,-0.004639632311184987,0.004639632311184987,Decreases failure risk
WF-000370,0,Pass,Engineering Review,0.0516183485221198,0.3919885941020906,0.6080114058979094,9,sensor_454,9.2523,-0.004476007639327357,0.004476007639327357,Decreases failure risk
WF-000370,0,Pass,Engineering Review,0.0516183485221198,0.3919885941020906,0.6080114058979094,10,sensor_352,0.016,-0.004418230172950305,0.004418230172950305,Decreases failure risk
WF-000787,0,Pass,Engineering Review,0.0522865348979022,0.3890067764787291,0.6109932235212708,1,sensor_034,8.3006,-0.022302773477580896,0.022302773477580896,Decreases failure risk
WF-000787,0,Pass,Engineering Review,0.0522865348979022,0.3890067764787291,0.6109932235212708,2,sensor_104,-0.0074,0.013897506725763939,0.013897506725763939,Increases failure risk
WF-000787,0,Pass,Engineering Review,0.0522865348979022,0.3890067764787291,0.6109932235212708,3,sensor_029,73.6889,-0.008517032518533018,0.008517032518533018,Decreases failure risk
WF-000787,0,Pass,Engineering Review,0.0522865348979022,0.3890067764787291,0.6109932235212708,4,sensor_424,125.861,0.0076458243323552135,0.0076458243323552135,Increases failure risk
WF-000787,0,Pass,Engineering Review,0.0522865348979022,0.3890067764787291,0.6109932235212708,5,sensor_060,1.6309,-0.007234719849726586,0.007234719849726586,Decreases failure risk
WF-000787,0,Pass,Engineering Review,0.0522865348979022,0.3890067764787291,0.6109932235212708,6,sensor_125,15.66,-0.00671507066805648,0.00671507066805648,Decreases failure risk
WF-000787,0,Pass,Engineering Review,0.0522865348979022,0.3890067764787291,0.6109932235212708,7,sensor_128,0.9524,-0.006509177173676138,0.006509177173676138,Decreases failure risk
WF-000787,0,Pass,Engineering Review,0.0522865348979022,0.3890067764787291,0.6109932235212708,8,sensor_015,2.9405,0.0062704441940619055,0.0062704441940619055,Increases failure risk
WF-000787,0,Pass,Engineering Review,0.0522865348979022,0.3890067764787291,0.6109932235212708,9,sensor_123,5.244,-0.005867774360473485,0.005867774360473485,Decreases failure risk
WF-000787,0,Pass,Engineering Review,0.0522865348979022,0.3890067764787291,0.6109932235212708,10,sensor_122,15.7,-0.005503866551204958,0.005503866551204958,Decreases failure risk
WF-001107,0,Pass,Engineering Review,0.0419699587227745,0.3006197825364797,0.6993802174635203,1,sensor_104,-0.0095,-0.011891148346966503,0.011891148346966503,Decreases failure risk
WF-001107,0,Pass,Engineering Review,0.0419699587227745,0.3006197825364797,0.6993802174635203,2,sensor_060,-3.3455,-0.007798552551971628,0.007798552551971628,Decreases failure risk
WF-001107,0,Pass,Engineering Review,0.0419699587227745,0.3006197825364797,0.6993802174635203,3,sensor_424,118.54,0.007218717324388509,0.007218717324388509,Increases failure risk
WF-001107,0,Pass,Engineering Review,0.0419699587227745,0.3006197825364797,0.6993802174635203,4,sensor_015,5.4285,0.006888395366629663,0.006888395366629663,Increases failure risk
WF-001107,0,Pass,Engineering Review,0.0419699587227745,0.3006197825364797,0.6993802174635203,5,sensor_130,-3.072,-0.006057996734480903,0.006057996734480903,Decreases failure risk
WF-001107,0,Pass,Engineering Review,0.0419699587227745,0.3006197825364797,0.6993802174635203,6,sensor_147,0.1149,-0.00589526371146447,0.00589526371146447,Decreases failure risk
WF-001107,0,Pass,Engineering Review,0.0419699587227745,0.3006197825364797,0.6993802174635203,7,sensor_082,0.0123,0.005855929936085648,0.005855929936085648,Increases failure risk
WF-001107,0,Pass,Engineering Review,0.0419699587227745,0.3006197825364797,0.6993802174635203,8,sensor_317,7.0125,-0.005758237510550984,0.005758237510550984,Decreases failure risk
WF-001107,0,Pass,Engineering Review,0.0419699587227745,0.3006197825364797,0.6993802174635203,9,sensor_453,6.9853,-0.005659786470469304,0.005659786470469304,Decreases failure risk
WF-001107,0,Pass,Engineering Review,0.0419699587227745,0.3006197825364797,0.6993802174635203,10,sensor_034,13.5481,0.005655498529733878,0.005655498529733878,Increases failure risk
WF-000063,1,Fail,Engineering Review,0.0736807735274379,0.2855868672884276,0.7144131327115724,1,sensor_104,-0.0057,0.015563697636324057,0.015563697636324057,Increases failure risk
WF-000063,1,Fail,Engineering Review,0.0736807735274379,0.2855868672884276,0.7144131327115724,2,sensor_060,18.3209,0.012017672331492675,0.012017672331492675,Increases failure risk
WF-000063,1,Fail,Engineering Review,0.0736807735274379,0.2855868672884276,0.7144131327115724,3,sensor_478,2.2849,-0.007267473026506632,0.007267473026506632,Decreases failure risk
WF-000063,1,Fail,Engineering Review,0.0736807735274379,0.2855868672884276,0.7144131327115724,4,sensor_201,11.61,-0.006983749464992534,0.006983749464992534,Decreases failure risk
WF-000063,1,Fail,Engineering Review,0.0736807735274379,0.2855868672884276,0.7144131327115724,5,sensor_432,9.969,-0.0062453216355944745,0.0062453216355944745,Decreases failure risk
WF-000063,1,Fail,Engineering Review,0.0736807735274379,0.2855868672884276,0.7144131327115724,6,sensor_563,246.422,0.00601560452913416,0.00601560452913416,Increases failure risk
WF-000063,1,Fail,Engineering Review,0.0736807735274379,0.2855868672884276,0.7144131327115724,7,sensor_206,3.25,-0.0054172991070702906,0.0054172991070702906,Decreases failure risk
WF-000063,1,Fail,Engineering Review,0.0736807735274379,0.2855868672884276,0.7144131327115724,8,sensor_131,0.8434,0.005211353857293533,0.005211353857293533,Increases failure risk
WF-000063,1,Fail,Engineering Review,0.0736807735274379,0.2855868672884276,0.7144131327115724,9,sensor_386,0.0155,0.0050505318065399455,0.0050505318065399455,Increases failure risk
WF-000063,1,Fail,Engineering Review,0.0736807735274379,0.2855868672884276,0.7144131327115724,10,sensor_520,17.2276,0.004892544787490343,0.004892544787490343,Increases failure risk
WF-001449,0,Pass,Low Risk,0.0267026885943025,0.3690663936816435,0.6309336063183565,1,sensor_104,-0.0122,-0.012923979593436245,0.012923979593436245,Decreases failure risk
WF-001449,0,Pass,Low Risk,0.0267026885943025,0.3690663936816435,0.6309336063183565,2,sensor_511,22.8805,-0.008229180334966633,0.008229180334966633,Decreases failure risk
WF-001449,0,Pass,Low Risk,0.0267026885943025,0.3690663936816435,0.6309336063183565,3,sensor_478,4.1137,-0.007470359879110843,0.007470359879110843,Decreases failure risk
WF-001449,0,Pass,Low Risk,0.0267026885943025,0.3690663936816435,0.6309336063183565,4,sensor_060,-0.7664,-0.006896058829848194,0.006896058829848194,Decreases failure risk
WF-001449,0,Pass,Low Risk,0.0267026885943025,0.3690663936816435,0.6309336063183565,5,sensor_201,10.92,-0.006689913241918847,0.006689913241918847,Decreases failure risk
WF-001449,0,Pass,Low Risk,0.0267026885943025,0.3690663936816435,0.6309336063183565,6,sensor_206,6.26,-0.005560521578358284,0.005560521578358284,Decreases failure risk
WF-001449,0,Pass,Low Risk,0.0267026885943025,0.3690663936816435,0.6309336063183565,7,sensor_034,9.9095,0.005384275061736539,0.005384275061736539,Increases failure risk
WF-001449,0,Pass,Low Risk,0.0267026885943025,0.3690663936816435,0.6309336063183565,8,sensor_432,7.01,-0.00520423339537234,0.00520423339537234,Decreases failure risk
WF-001449,0,Pass,Low Risk,0.0267026885943025,0.3690663936816435,0.6309336063183565,9,sensor_469,473.6655,-0.005140508350944917,0.005140508350944917,Decreases failure risk
WF-001449,0,Pass,Low Risk,0.0267026885943025,0.3690663936816435,0.6309336063183565,10,sensor_470,4.58,-0.005044734904560221,0.005044734904560221,Decreases failure risk
WF-000188,0,Pass,High Risk,0.1899591813905203,0.1970674677887459,0.802932532211254,1,sensor_104,-0.0018,0.02096956745259436,0.02096956745259436,Increases failure risk
WF-000188,0,Pass,High Risk,0.1899591813905203,0.1970674677887459,0.802932532211254,2,sensor_065,39.5164,0.013924169236649485,0.013924169236649485,Increases failure risk
WF-000188,0,Pass,High Risk,0.1899591813905203,0.1970674677887459,0.802932532211254,3,sensor_060,0.4836,-0.010109683575814855,0.010109683575814855,Decreases failure risk
WF-000188,0,Pass,High Risk,0.1899591813905203,0.1970674677887459,0.802932532211254,4,sensor_066,49.9263,0.00886979728142828,0.00886979728142828,Increases failure risk
WF-000188,0,Pass,High Risk,0.1899591813905203,0.1970674677887459,0.802932532211254,5,sensor_511,126.8966,0.00840517477391527,0.00840517477391527,Increases failure risk
WF-000188,0,Pass,High Risk,0.1899591813905203,0.1970674677887459,0.802932532211254,6,sensor_310,0.0779,-0.007731151035694158,0.007731151035694158,Decreases failure risk
WF-000188,0,Pass,High Risk,0.1899591813905203,0.1970674677887459,0.802932532211254,7,sensor_520,41.8033,0.006241008562440022,0.006241008562440022,Increases failure risk
WF-000188,0,Pass,High Risk,0.1899591813905203,0.1970674677887459,0.802932532211254,8,sensor_308,0.0779,-0.006166336250663356,0.006166336250663356,Decreases failure risk
WF-000188,0,Pass,High Risk,0.1899591813905203,0.1970674677887459,0.802932532211254,9,sensor_432,9.0412,-0.006142026550968931,0.006142026550968931,Decreases failure risk
WF-000188,0,Pass,High Risk,0.1899591813905203,0.1970674677887459,0.802932532211254,10,sensor_064,32.7664,0.005951560340636565,0.005951560340636565,Increases failure risk
WF-001028,0,Pass,Engineering Review,0.0579024191975105,0.4635812672426784,0.5364187327573215,1,sensor_034,8.1161,-0.021802611750043447,0.021802611750043447,Decreases failure risk
WF-001028,0,Pass,Engineering Review,0.0579024191975105,0.4635812672426784,0.5364187327573215,2,sensor_104,-0.0126,-0.01783216498399425,0.01783216498399425,Decreases failure risk
WF-001028,0,Pass,Engineering Review,0.0579024191975105,0.4635812672426784,0.5364187327573215,3,sensor_511,24.5059,-0.009678338841879379,0.009678338841879379,Decreases failure risk
WF-001028,0,Pass,Engineering Review,0.0579024191975105,0.4635812672426784,0.5364187327573215,4,sensor_060,0.7136,-0.008613716011030576,0.008613716011030576,Decreases failure risk
WF-001028,0,Pass,Engineering Review,0.0579024191975105,0.4635812672426784,0.5364187327573215,5,sensor_130,-3.119,-0.0073708491583396865,0.0073708491583396865,Decreases failure risk
WF-001028,0,Pass,Engineering Review,0.0579024191975105,0.4635812672426784,0.5364187327573215,6,sensor_029,76.9667,-0.007158070403230238,0.007158070403230238,Decreases failure risk
WF-001028,0,Pass,Engineering Review,0.0579024191975105,0.4635812672426784,0.5364187327573215,7,sensor_424,113.6033,0.0064990640820053215,0.0064990640820053215,Increases failure risk
WF-001028,0,Pass,Engineering Review,0.0579024191975105,0.4635812672426784,0.5364187327573215,8,sensor_478,4.1454,-0.005525416171052165,0.005525416171052165,Decreases failure risk
WF-001028,0,Pass,Engineering Review,0.0579024191975105,0.4635812672426784,0.5364187327573215,9,sensor_181,14.28,0.005438655613264358,0.005438655613264358,Increases failure risk
WF-001028,0,Pass,Engineering Review,0.0579024191975105,0.4635812672426784,0.5364187327573215,10,sensor_317,4.8051,0.005268155342953168,0.005268155342953168,Increases failure risk
WF-001243,1,Fail,High Risk,0.1296846647603922,0.2400582744467248,0.7599417255532752,1,sensor_104,-0.0057,0.01644811109896049,0.01644811109896049,Increases failure risk
WF-001243,1,Fail,High Risk,0.1296846647603922,0.2400582744467248,0.7599417255532752,2,sensor_214,0.0219,-0.015797519141071838,0.015797519141071838,Decreases failure risk
WF-001243,1,Fail,High Risk,0.1296846647603922,0.2400582744467248,0.7599417255532752,3,sensor_352,0.0091,-0.01235809010738872,0.01235809010738872,Decreases failure risk
WF-001243,1,Fail,High Risk,0.1296846647603922,0.2400582744467248,0.7599417255532752,4,sensor_511,95.8606,0.008869471929316431,0.008869471929316431,Increases failure risk
WF-001243,1,Fail,High Risk,0.1296846647603922,0.2400582744467248,0.7599417255532752,5,sensor_060,-5.7091,-0.00788697386936849,0.00788697386936849,Decreases failure risk
WF-001243,1,Fail,High Risk,0.1296846647603922,0.2400582744467248,0.7599417255532752,6,sensor_125,16.07,0.0071667141736111726,0.0071667141736111726,Increases failure risk
WF-001243,1,Fail,High Risk,0.1296846647603922,0.2400582744467248,0.7599417255532752,7,sensor_133,2.1996,0.005175200679854236,0.005175200679854236,Increases failure risk
WF-001243,1,Fail,High Risk,0.1296846647603922,0.2400582744467248,0.7599417255532752,8,sensor_434,868.3949,0.005158334272924838,0.005158334272924838,Increases failure risk
WF-001243,1,Fail,High Risk,0.1296846647603922,0.2400582744467248,0.7599417255532752,9,sensor_079,0.0869,-0.004638076089858421,0.004638076089858421,Decreases failure risk
WF-001243,1,Fail,High Risk,0.1296846647603922,0.2400582744467248,0.7599417255532752,10,sensor_103,-0.0597,0.004617849386756991,0.004617849386756991,Increases failure risk
WF-000694,0,Pass,Low Risk,0.0156205708782122,0.4454883602345935,0.5545116397654064,1,sensor_032,4.6887,-0.011564731286257379,0.011564731286257379,Decreases failure risk
WF-000694,0,Pass,Low Risk,0.0156205708782122,0.4454883602345935,0.5545116397654064,2,sensor_104,-0.009,-0.01057813862554801,0.01057813862554801,Decreases failure risk
WF-000694,0,Pass,Low Risk,0.0156205708782122,0.4454883602345935,0.5545116397654064,3,sensor_511,89.1365,0.010351010629143847,0.010351010629143847,Increases failure risk
WF-000694,0,Pass,Low Risk,0.0156205708782122,0.4454883602345935,0.5545116397654064,4,sensor_060,-4.4482,-0.0094313227386561,0.0094313227386561,Decreases failure risk
WF-000694,0,Pass,Low Risk,0.0156205708782122,0.4454883602345935,0.5545116397654064,5,sensor_520,3.9641,-0.00850060486415095,0.00850060486415095,Decreases failure risk
WF-000694,0,Pass,Low Risk,0.0156205708782122,0.4454883602345935,0.5545116397654064,6,sensor_248,0.0184,-0.008240518352322215,0.008240518352322215,Decreases failure risk
WF-000694,0,Pass,Low Risk,0.0156205708782122,0.4454883602345935,0.5545116397654064,7,sensor_206,4.26,-0.00745661957747536,0.00745661957747536,Decreases failure risk
WF-000694,0,Pass,Low Risk,0.0156205708782122,0.4454883602345935,0.5545116397654064,8,sensor_478,2.9266,-0.0069750151747816815,0.0069750151747816815,Decreases failure risk
WF-000694,0,Pass,Low Risk,0.0156205708782122,0.4454883602345935,0.5545116397654064,9,sensor_201,10.35,-0.00509357629470897,0.00509357629470897,Decreases failure risk
WF-000694,0,Pass,Low Risk,0.0156205708782122,0.4454883602345935,0.5545116397654064,10,sensor_342,1.4901,-0.005000937574869266,0.005000937574869266,Decreases failure risk
WF-000142,0,Pass,High Risk,0.091274723666988,0.3145304428185275,0.6854695571814725,1,sensor_104,-0.0045,0.01672486046372428,0.01672486046372428,Increases failure risk
WF-000142,0,Pass,High Risk,0.091274723666988,0.3145304428185275,0.6854695571814725,2,sensor_065,37.9336,0.013648098432717111,0.013648098432717111,Increases failure risk
WF-000142,0,Pass,High Risk,0.091274723666988,0.3145304428185275,0.6854695571814725,3,sensor_066,50.0217,0.008536322077774721,0.008536322077774721,Increases failure risk
WF-000142,0,Pass,High Risk,0.091274723666988,0.3145304428185275,0.6854695571814725,4,sensor_511,103.8674,0.008372970526829093,0.008372970526829093,Increases failure risk
WF-000142,0,Pass,High Risk,0.091274723666988,0.3145304428185275,0.6854695571814725,5,sensor_060,-17.9336,-0.007472189189295364,0.007472189189295364,Decreases failure risk
WF-000142,0,Pass,High Risk,0.091274723666988,0.3145304428185275,0.6854695571814725,6,sensor_564,0.9272,-0.006856408507196673,0.006856408507196673,Decreases failure risk
WF-000142,0,Pass,High Risk,0.091274723666988,0.3145304428185275,0.6854695571814725,7,sensor_064,29.0909,0.005919739125759534,0.005919739125759534,Increases failure risk
WF-000142,0,Pass,High Risk,0.091274723666988,0.3145304428185275,0.6854695571814725,8,sensor_478,4.7846,-0.005396960867977158,0.005396960867977158,Decreases failure risk
WF-000142,0,Pass,High Risk,0.091274723666988,0.3145304428185275,0.6854695571814725,9,sensor_432,10.7508,-0.004884259368220996,0.004884259368220996,Decreases failure risk
WF-000142,0,Pass,High Risk,0.091274723666988,0.3145304428185275,0.6854695571814725,10,sensor_206,7.33,-0.0048253126254669335,0.0048253126254669335,Decreases failure risk
WF-001237,0,Pass,Engineering Review,0.0634823912269744,0.3783662191982194,0.6216337808017807,1,sensor_104,-0.007,0.012487913352153098,0.012487913352153098,Increases failure risk
WF-001237,0,Pass,Engineering Review,0.0634823912269744,0.3783662191982194,0.6216337808017807,2,sensor_065,26.8764,0.009234452767799342,0.009234452767799342,Increases failure risk
WF-001237,0,Pass,Engineering Review,0.0634823912269744,0.3783662191982194,0.6216337808017807,3,sensor_060,-6.8764,-0.008528395435407116,0.008528395435407116,Decreases failure risk
WF-001237,0,Pass,Engineering Review,0.0634823912269744,0.3783662191982194,0.6216337808017807,4,sensor_015,4.9494,0.007891425408592504,0.007891425408592504,Increases failure risk
WF-001237,0,Pass,Engineering Review,0.0634823912269744,0.3783662191982194,0.6216337808017807,5,sensor_548,395.86,-0.007416017688620005,0.007416017688620005,Decreases failure risk
WF-001237,0,Pass,Engineering Review,0.0634823912269744,0.3783662191982194,0.6216337808017807,6,sensor_478,4.0285,-0.006333977136197765,0.006333977136197765,Decreases failure risk
WF-001237,0,Pass,Engineering Review,0.0634823912269744,0.3783662191982194,0.6216337808017807,7,sensor_424,134.5021,0.005756641451862531,0.005756641451862531,Increases failure risk
WF-001237,0,Pass,Engineering Review,0.0634823912269744,0.3783662191982194,0.6216337808017807,8,sensor_578,20.0671,-0.005353481739773171,0.005353481739773171,Decreases failure risk
WF-001237,0,Pass,Engineering Review,0.0634823912269744,0.3783662191982194,0.6216337808017807,9,sensor_317,6.6633,-0.005171552717118707,0.005171552717118707,Decreases failure risk
WF-001237,0,Pass,Engineering Review,0.0634823912269744,0.3783662191982194,0.6216337808017807,10,sensor_511,76.1221,0.005048773119853634,0.005048773119853634,Increases failure risk
WF-000080,0,Pass,High Risk,0.1217196747138822,0.1876960654735811,0.8123039345264189,1,sensor_104,-0.0061,0.014290679083871683,0.014290679083871683,Increases failure risk
WF-000080,0,Pass,High Risk,0.1217196747138822,0.1876960654735811,0.8123039345264189,2,sensor_060,22.9245,0.012758360280845458,0.012758360280845458,Increases failure risk
WF-000080,0,Pass,High Risk,0.1217196747138822,0.1876960654735811,0.8123039345264189,3,sensor_201,11.72,-0.008663468519716822,0.008663468519716822,Decreases failure risk
WF-000080,0,Pass,High Risk,0.1217196747138822,0.1876960654735811,0.8123039345264189,4,sensor_511,98.3607,0.007993317945468894,0.007993317945468894,Increases failure risk
WF-000080,0,Pass,High Risk,0.1217196747138822,0.1876960654735811,0.8123039345264189,5,sensor_432,6.03,-0.006457633252546298,0.006457633252546298,Decreases failure risk
WF-000080,0,Pass,High Risk,0.1217196747138822,0.1876960654735811,0.8123039345264189,6,sensor_386,0.0202,0.006309752588198502,0.006309752588198502,Increases failure risk
WF-000080,0,Pass,High Risk,0.1217196747138822,0.1876960654735811,0.8123039345264189,7,sensor_520,20.7457,0.006096339360310702,0.006096339360310702,Increases failure risk
WF-000080,0,Pass,High Risk,0.1217196747138822,0.1876960654735811,0.8123039345264189,8,sensor_015,12.9025,-0.005632755745095464,0.005632755745095464,Decreases failure risk
WF-000080,0,Pass,High Risk,0.1217196747138822,0.1876960654735811,0.8123039345264189,9,sensor_317,4.746,0.005161309020305558,0.005161309020305558,Increases failure risk
WF-000080,0,Pass,High Risk,0.1217196747138822,0.1876960654735811,0.8123039345264189,10,sensor_461,12.986,-0.005051773769392951,0.005051773769392951,Decreases failure risk
WF-000196,0,Pass,Insufficient Evidence,0.0824352728077775,0.1408361504996082,0.8591638495003917,1,sensor_104,-0.006,0.0139685077037187,0.0139685077037187,Increases failure risk
WF-000196,0,Pass,Insufficient Evidence,0.0824352728077775,0.1408361504996082,0.8591638495003917,2,sensor_060,9.2527,0.01267470345365267,0.01267470345365267,Increases failure risk
WF-000196,0,Pass,Insufficient Evidence,0.0824352728077775,0.1408361504996082,0.8591638495003917,3,sensor_511,95.5975,0.008890553097546976,0.008890553097546976,Increases failure risk
WF-000196,0,Pass,Insufficient Evidence,0.0824352728077775,0.1408361504996082,0.8591638495003917,4,sensor_470,2.7249,-0.007489749573725177,0.007489749573725177,Decreases failure risk
WF-000196,0,Pass,Insufficient Evidence,0.0824352728077775,0.1408361504996082,0.8591638495003917,5,sensor_480,1.3779,-0.007102931204485909,0.007102931204485909,Decreases failure risk
WF-000196,0,Pass,Insufficient Evidence,0.0824352728077775,0.1408361504996082,0.8591638495003917,6,sensor_478,2.9261,-0.00693801466763041,0.00693801466763041,Decreases failure risk
WF-000196,0,Pass,Insufficient Evidence,0.0824352728077775,0.1408361504996082,0.8591638495003917,7,sensor_342,1.2496,-0.006219979630552442,0.006219979630552442,Decreases failure risk
WF-000196,0,Pass,Insufficient Evidence,0.0824352728077775,0.1408361504996082,0.8591638495003917,8,sensor_208,8.54,-0.0055774455265156665,0.0055774455265156665,Decreases failure risk
WF-000196,0,Pass,Insufficient Evidence,0.0824352728077775,0.1408361504996082,0.8591638495003917,9,sensor_432,224.1947,0.005353992398989714,0.005353992398989714,Increases failure risk
WF-000196,0,Pass,Insufficient Evidence,0.0824352728077775,0.1408361504996082,0.8591638495003917,10,sensor_181,14.46,0.005241826023471829,0.005241826023471829,Increases failure risk
WF-001412,0,Pass,Low Risk,0.0201329162075677,0.4678543914121259,0.5321456085878741,1,sensor_034,8.3675,-0.018366207816067744,0.018366207816067744,Decreases failure risk
WF-001412,0,Pass,Low Risk,0.0201329162075677,0.4678543914121259,0.5321456085878741,2,sensor_104,-0.0119,-0.016141436233343597,0.016141436233343597,Decreases failure risk
WF-001412,0,Pass,Low Risk,0.0201329162075677,0.4678543914121259,0.5321456085878741,3,sensor_060,-5.4282,-0.008614219037228601,0.008614219037228601,Decreases failure risk
WF-001412,0,Pass,Low Risk,0.0201329162075677,0.4678543914121259,0.5321456085878741,4,sensor_478,3.7528,-0.007575240595346927,0.007575240595346927,Decreases failure risk
WF-001412,0,Pass,Low Risk,0.0201329162075677,0.4678543914121259,0.5321456085878741,5,sensor_317,6.9595,-0.006623042391299935,0.006623042391299935,Decreases failure risk
WF-001412,0,Pass,Low Risk,0.0201329162075677,0.4678543914121259,0.5321456085878741,6,sensor_489,0.0,0.006536350764456104,0.006536350764456104,Increases failure risk
WF-001412,0,Pass,Low Risk,0.0201329162075677,0.4678543914121259,0.5321456085878741,7,sensor_511,27.7603,-0.006408996347442061,0.006408996347442061,Decreases failure risk
WF-001412,0,Pass,Low Risk,0.0201329162075677,0.4678543914121259,0.5321456085878741,8,sensor_082,-0.001,0.005955663899438855,0.005955663899438855,Increases failure risk
WF-001412,0,Pass,Low Risk,0.0201329162075677,0.4678543914121259,0.5321456085878741,9,sensor_065,25.4282,0.0047390881347255205,0.0047390881347255205,Increases failure risk
WF-001412,0,Pass,Low Risk,0.0201329162075677,0.4678543914121259,0.5321456085878741,10,sensor_182,0.873,-0.004703223660035178,0.004703223660035178,Decreases failure risk
WF-000731,0,Pass,Low Risk,0.0046567560809824,0.5468644478043551,0.4531355521956449,1,sensor_214,0.0097,-0.012492262747840929,0.012492262747840929,Decreases failure risk
WF-000731,0,Pass,Low Risk,0.0046567560809824,0.5468644478043551,0.4531355521956449,2,sensor_104,-0.0112,-0.010910769316834367,0.010910769316834367,Decreases failure risk
WF-000731,0,Pass,Low Risk,0.0046567560809824,0.5468644478043551,0.4531355521956449,3,sensor_032,4.6848,-0.009908763067869175,0.009908763067869175,Decreases failure risk
WF-000731,0,Pass,Low Risk,0.0046567560809824,0.5468644478043551,0.4531355521956449,4,sensor_060,-1.5764,-0.009364756539551706,0.009364756539551706,Decreases failure risk
WF-000731,0,Pass,Low Risk,0.0046567560809824,0.5468644478043551,0.4531355521956449,5,sensor_352,0.004,-0.009138395006714563,0.009138395006714563,Decreases failure risk
WF-000731,0,Pass,Low Risk,0.0046567560809824,0.5468644478043551,0.4531355521956449,6,sensor_520,3.0265,-0.007672089092932295,0.007672089092932295,Decreases failure risk
WF-000731,0,Pass,Low Risk,0.0046567560809824,0.5468644478043551,0.4531355521956449,7,sensor_248,0.014,-0.007499423579387155,0.007499423579387155,Decreases failure risk
WF-000731,0,Pass,Low Risk,0.0046567560809824,0.5468644478043551,0.4531355521956449,8,sensor_511,28.6674,-0.006413816015897442,0.006413816015897442,Decreases failure risk
WF-000731,0,Pass,Low Risk,0.0046567560809824,0.5468644478043551,0.4531355521956449,9,sensor_015,12.5004,-0.004851206320069141,0.004851206320069141,Decreases failure risk
WF-000731,0,Pass,Low Risk,0.0046567560809824,0.5468644478043551,0.4531355521956449,10,sensor_389,17.6493,-0.004794218067779672,0.004794218067779672,Decreases failure risk
WF-001398,0,Pass,Insufficient Evidence,0.1069377987734891,0.1910463014371495,0.8089536985628505,1,sensor_214,0.0214,-0.014091867503557254,0.014091867503557254,Decreases failure risk
WF-001398,0,Pass,Insufficient Evidence,0.1069377987734891,0.1910463014371495,0.8089536985628505,2,sensor_478,66.3942,0.013365368961475188,0.013365368961475188,Increases failure risk
WF-001398,0,Pass,Insufficient Evidence,0.1069377987734891,0.1910463014371495,0.8089536985628505,3,sensor_104,-0.0094,-0.009771219860365762,0.009771219860365762,Decreases failure risk
WF-001398,0,Pass,Insufficient Evidence,0.1069377987734891,0.1910463014371495,0.8089536985628505,4,sensor_352,0.0093,-0.009664065008939252,0.009664065008939252,Decreases failure risk
WF-001398,0,Pass,Insufficient Evidence,0.1069377987734891,0.1910463014371495,0.8089536985628505,5,sensor_206,111.43,0.008481037525001693,0.008481037525001693,Increases failure risk
WF-001398,0,Pass,Insufficient Evidence,0.1069377987734891,0.1910463014371495,0.8089536985628505,6,sensor_342,31.8827,0.007723552657306373,0.007723552657306373,Increases failure risk
WF-001398,0,Pass,Insufficient Evidence,0.1069377987734891,0.1910463014371495,0.8089536985628505,7,sensor_476,18.9738,0.00642061723800161,0.00642061723800161,Increases failure risk
WF-001398,0,Pass,Insufficient Evidence,0.1069377987734891,0.1910463014371495,0.8089536985628505,8,sensor_066,96.3465,0.006325433242860663,0.006325433242860663,Increases failure risk
WF-001398,0,Pass,Insufficient Evidence,0.1069377987734891,0.1910463014371495,0.8089536985628505,9,sensor_317,7.6719,-0.006292299875472106,0.006292299875472106,Decreases failure risk
WF-001398,0,Pass,Insufficient Evidence,0.1069377987734891,0.1910463014371495,0.8089536985628505,10,sensor_065,26.6443,0.005419640370353857,0.005419640370353857,Increases failure risk
WF-000069,0,Pass,High Risk,0.1550037502939744,0.208050290936173,0.791949709063827,1,sensor_060,11.6818,0.012341639010572602,0.012341639010572602,Increases failure risk
WF-000069,0,Pass,High Risk,0.1550037502939744,0.208050290936173,0.791949709063827,2,sensor_104,-0.007,0.010770748191032362,0.010770748191032362,Increases failure risk
WF-000069,0,Pass,High Risk,0.1550037502939744,0.208050290936173,0.791949709063827,3,sensor_065,28.3182,0.009023505575344067,0.009023505575344067,Increases failure risk
WF-000069,0,Pass,High Risk,0.1550037502939744,0.208050290936173,0.791949709063827,4,sensor_066,38.8044,0.007774355269424132,0.007774355269424132,Increases failure risk
WF-000069,0,Pass,High Risk,0.1550037502939744,0.208050290936173,0.791949709063827,5,sensor_317,4.3109,0.007738266952391672,0.007738266952391672,Increases failure risk
WF-000069,0,Pass,High Risk,0.1550037502939744,0.208050290936173,0.791949709063827,6,sensor_153,1.075,0.0063189263254451915,0.0063189263254451915,Increases failure risk
WF-000069,0,Pass,High Risk,0.1550037502939744,0.208050290936173,0.791949709063827,7,sensor_064,20.44,0.006262514731843239,0.006262514731843239,Increases failure risk
WF-000069,0,Pass,High Risk,0.1550037502939744,0.208050290936173,0.791949709063827,8,sensor_015,17.2065,-0.005576163479797884,0.005576163479797884,Decreases failure risk
WF-000069,0,Pass,High Risk,0.1550037502939744,0.208050290936173,0.791949709063827,9,sensor_386,0.0053,-0.005127622292916425,0.005127622292916425,Decreases failure risk
WF-000069,0,Pass,High Risk,0.1550037502939744,0.208050290936173,0.791949709063827,10,sensor_144,0.0056,-0.004573348360731021,0.004573348360731021,Decreases failure risk
WF-000270,0,Pass,High Risk,0.0978985629258667,0.2956679767881815,0.7043320232118184,1,sensor_032,4.6767,-0.013596989141640321,0.013596989141640321,Decreases failure risk
WF-000270,0,Pass,High Risk,0.0978985629258667,0.2956679767881815,0.7043320232118184,2,sensor_060,28.4009,0.013453475011633752,0.013453475011633752,Increases failure risk
WF-000270,0,Pass,High Risk,0.0978985629258667,0.2956679767881815,0.7043320232118184,3,sensor_104,-0.0104,-0.010574523861642373,0.010574523861642373,Decreases failure risk
WF-000270,0,Pass,High Risk,0.0978985629258667,0.2956679767881815,0.7043320232118184,4,sensor_034,9.5642,0.006896633693319741,0.006896633693319741,Increases failure risk
WF-000270,0,Pass,High Risk,0.0978985629258667,0.2956679767881815,0.7043320232118184,5,sensor_201,9.73,-0.006639331773321608,0.006639331773321608,Decreases failure risk
WF-000270,0,Pass,High Risk,0.0978985629258667,0.2956679767881815,0.7043320232118184,6,sensor_206,4.48,-0.006155714241194283,0.006155714241194283,Decreases failure risk
WF-000270,0,Pass,High Risk,0.0978985629258667,0.2956679767881815,0.7043320232118184,7,sensor_478,3.1529,-0.0057368756564418946,0.0057368756564418946,Decreases failure risk
WF-000270,0,Pass,High Risk,0.0978985629258667,0.2956679767881815,0.7043320232118184,8,sensor_342,1.3269,-0.0057023128372045,0.0057023128372045,Decreases failure risk
WF-000270,0,Pass,High Risk,0.0978985629258667,0.2956679767881815,0.7043320232118184,9,sensor_470,4.7063,-0.005111505491289253,0.005111505491289253,Decreases failure risk
WF-000270,0,Pass,High Risk,0.0978985629258667,0.2956679767881815,0.7043320232118184,10,sensor_182,1.04,-0.0047614946164955055,0.0047614946164955055,Decreases failure risk
WF-000307,0,Pass,High Risk,0.1087341887862489,0.323500417215615,0.6764995827843849,1,sensor_214,0.0218,-0.0156865902614314,0.0156865902614314,Decreases failure risk
WF-000307,0,Pass,High Risk,0.1087341887862489,0.323500417215615,0.6764995827843849,2,sensor_104,-0.0075,0.013548053298646879,0.013548053298646879,Increases failure risk
WF-000307,0,Pass,High Risk,0.1087341887862489,0.323500417215615,0.6764995827843849,3,sensor_060,23.2655,0.01179691146229992,0.01179691146229992,Increases failure risk
WF-000307,0,Pass,High Risk,0.1087341887862489,0.323500417215615,0.6764995827843849,4,sensor_352,0.0095,-0.010431372423381052,0.010431372423381052,Decreases failure risk
WF-000307,0,Pass,High Risk,0.1087341887862489,0.323500417215615,0.6764995827843849,5,sensor_310,0.0888,-0.006800158842706529,0.006800158842706529,Decreases failure risk
WF-000307,0,Pass,High Risk,0.1087341887862489,0.323500417215615,0.6764995827843849,6,sensor_432,5.8134,-0.005992526914533867,0.005992526914533867,Decreases failure risk
WF-000307,0,Pass,High Risk,0.1087341887862489,0.323500417215615,0.6764995827843849,7,sensor_470,4.4255,-0.005909369491730481,0.005909369491730481,Decreases failure risk
WF-000307,0,Pass,High Risk,0.1087341887862489,0.323500417215615,0.6764995827843849,8,sensor_511,75.6219,0.004895316125807911,0.004895316125807911,Increases failure risk
WF-000307,0,Pass,High Risk,0.1087341887862489,0.323500417215615,0.6764995827843849,9,sensor_308,0.0888,-0.004576562162068801,0.004576562162068801,Decreases failure risk
WF-000307,0,Pass,High Risk,0.1087341887862489,0.323500417215615,0.6764995827843849,10,sensor_173,0.2411,-0.004470714050983141,0.004470714050983141,Decreases failure risk
WF-001362,0,Pass,Engineering Review,0.0656332363013398,0.3948880345102792,0.6051119654897208,1,sensor_104,-0.0113,-0.015188360101545745,0.015188360101545745,Decreases failure risk
WF-001362,0,Pass,Engineering Review,0.0656332363013398,0.3948880345102792,0.6051119654897208,2,sensor_214,0.0209,-0.013482594584994241,0.013482594584994241,Decreases failure risk
WF-001362,0,Pass,Engineering Review,0.0656332363013398,0.3948880345102792,0.6051119654897208,3,sensor_352,0.0097,-0.009828594121503916,0.009828594121503916,Decreases failure risk
WF-001362,0,Pass,Engineering Review,0.0656332363013398,0.3948880345102792,0.6051119654897208,4,sensor_060,-5.68,-0.008404786411374302,0.008404786411374302,Decreases failure risk
WF-001362,0,Pass,Engineering Review,0.0656332363013398,0.3948880345102792,0.6051119654897208,5,sensor_478,8.4634,0.008297069582620048,0.008297069582620048,Increases failure risk
WF-001362,0,Pass,Engineering Review,0.0656332363013398,0.3948880345102792,0.6051119654897208,6,sensor_066,37.8425,0.00799399294280606,0.00799399294280606,Increases failure risk
WF-001362,0,Pass,Engineering Review,0.0656332363013398,0.3948880345102792,0.6051119654897208,7,sensor_342,3.6995,0.007924317158285994,0.007924317158285994,Increases failure risk
WF-001362,0,Pass,Engineering Review,0.0656332363013398,0.3948880345102792,0.6051119654897208,8,sensor_511,26.4901,-0.007883764711247264,0.007883764711247264,Decreases failure risk
WF-001362,0,Pass,Engineering Review,0.0656332363013398,0.3948880345102792,0.6051119654897208,9,sensor_126,1.376,-0.007728975975166822,0.007728975975166822,Decreases failure risk
WF-001362,0,Pass,Engineering Review,0.0656332363013398,0.3948880345102792,0.6051119654897208,10,sensor_206,12.4,0.005828144716780788,0.005828144716780788,Increases failure risk
WF-000577,1,Fail,Engineering Review,0.0618579242797185,0.3073449008036747,0.6926550991963253,1,sensor_034,8.5459,-0.010638762682928104,0.010638762682928104,Decreases failure risk
WF-000577,1,Fail,Engineering Review,0.0618579242797185,0.3073449008036747,0.6926550991963253,2,sensor_104,-0.0118,-0.01009396667243164,0.01009396667243164,Decreases failure risk
WF-000577,1,Fail,Engineering Review,0.0618579242797185,0.3073449008036747,0.6926550991963253,3,sensor_282,0.0245,-0.006510900981614903,0.006510900981614903,Decreases failure risk
WF-000577,1,Fail,Engineering Review,0.0618579242797185,0.3073449008036747,0.6926550991963253,4,sensor_147,0.1064,-0.005417731147399677,0.005417731147399677,Decreases failure risk
WF-000577,1,Fail,Engineering Review,0.0618579242797185,0.3073449008036747,0.6926550991963253,5,sensor_476,5.088,0.005284296644325813,0.005284296644325813,Increases failure risk
WF-000577,1,Fail,Engineering Review,0.0618579242797185,0.3073449008036747,0.6926550991963253,6,sensor_317,6.8691,-0.004751405262019922,0.004751405262019922,Decreases failure risk
WF-000577,1,Fail,Engineering Review,0.0618579242797185,0.3073449008036747,0.6926550991963253,7,sensor_181,23.51,-0.00465395356482897,0.00465395356482897,Decreases failure risk
WF-000577,1,Fail,Engineering Review,0.0618579242797185,0.3073449008036747,0.6926550991963253,8,sensor_182,0.99,-0.004601878986459537,0.004601878986459537,Decreases failure risk
WF-000577,1,Fail,Engineering Review,0.0618579242797185,0.3073449008036747,0.6926550991963253,9,sensor_453,6.6981,-0.004520839651177204,0.004520839651177204,Decreases failure risk
WF-000577,1,Fail,Engineering Review,0.0618579242797185,0.3073449008036747,0.6926550991963253,10,sensor_478,4.6417,-0.004342268516667911,0.004342268516667911,Decreases failure risk
WF-000947,0,Pass,Low Risk,0.0097998114632629,0.4651473350765885,0.5348526649234115,1,sensor_034,8.4278,-0.015576686830508016,0.015576686830508016,Decreases failure risk
WF-000947,0,Pass,Low Risk,0.0097998114632629,0.4651473350765885,0.5348526649234115,2,sensor_104,-0.0139,-0.015483378563749095,0.015483378563749095,Decreases failure risk
WF-000947,0,Pass,Low Risk,0.0097998114632629,0.4651473350765885,0.5348526649234115,3,sensor_131,0.5524,-0.014033262492605673,0.014033262492605673,Decreases failure risk
WF-000947,0,Pass,Low Risk,0.0097998114632629,0.4651473350765885,0.5348526649234115,4,sensor_060,-0.1918,-0.009991728180721466,0.009991728180721466,Decreases failure risk
WF-000947,0,Pass,Low Risk,0.0097998114632629,0.4651473350765885,0.5348526649234115,5,sensor_511,22.3423,-0.007358793502659183,0.007358793502659183,Decreases failure risk
WF-000947,0,Pass,Low Risk,0.0097998114632629,0.4651473350765885,0.5348526649234115,6,sensor_520,4.1618,-0.007127084367690954,0.007127084367690954,Decreases failure risk
WF-000947,0,Pass,Low Risk,0.0097998114632629,0.4651473350765885,0.5348526649234115,7,sensor_206,4.54,-0.006764611693659531,0.006764611693659531,Decreases failure risk
WF-000947,0,Pass,Low Risk,0.0097998114632629,0.4651473350765885,0.5348526649234115,8,sensor_478,3.0794,-0.006751882344893583,0.006751882344893583,Decreases failure risk
WF-000947,0,Pass,Low Risk,0.0097998114632629,0.4651473350765885,0.5348526649234115,9,sensor_248,0.0194,-0.006621147768922376,0.006621147768922376,Decreases failure risk
WF-000947,0,Pass,Low Risk,0.0097998114632629,0.4651473350765885,0.5348526649234115,10,sensor_126,1.739,-0.00656000042669467,0.00656000042669467,Decreases failure risk
WF-000716,0,Pass,Engineering Review,0.0420833264764579,0.3159907752988998,0.6840092247011003,1,sensor_034,8.3273,-0.021952136147723615,0.021952136147723615,Decreases failure risk
WF-000716,0,Pass,Engineering Review,0.0420833264764579,0.3159907752988998,0.6840092247011003,2,sensor_104,-0.0111,-0.012713102096487747,0.012713102096487747,Decreases failure risk
WF-000716,0,Pass,Engineering Review,0.0420833264764579,0.3159907752988998,0.6840092247011003,3,sensor_060,-0.9691,-0.008549649769591891,0.008549649769591891,Decreases failure risk
WF-000716,0,Pass,Engineering Review,0.0420833264764579,0.3159907752988998,0.6840092247011003,4,sensor_511,24.2424,-0.008441799714675824,0.008441799714675824,Decreases failure risk
WF-000716,0,Pass,Engineering Review,0.0420833264764579,0.3159907752988998,0.6840092247011003,5,sensor_389,18.3002,-0.0055376755872557065,0.0055376755872557065,Decreases failure risk
WF-000716,0,Pass,Engineering Review,0.0420833264764579,0.3159907752988998,0.6840092247011003,6,sensor_564,0.836,-0.005473314495878283,0.005473314495878283,Decreases failure risk
WF-000716,0,Pass,Engineering Review,0.0420833264764579,0.3159907752988998,0.6840092247011003,7,sensor_206,6.93,-0.0052381112812127555,0.0052381112812127555,Decreases failure risk
WF-000716,0,Pass,Engineering Review,0.0420833264764579,0.3159907752988998,0.6840092247011003,8,sensor_512,904.3478,0.005158023579421538,0.005158023579421538,Increases failure risk
WF-000716,0,Pass,Engineering Review,0.0420833264764579,0.3159907752988998,0.6840092247011003,9,sensor_432,7.2215,-0.00515637364344515,0.00515637364344515,Decreases failure risk
WF-000716,0,Pass,Engineering Review,0.0420833264764579,0.3159907752988998,0.6840092247011003,10,sensor_469,495.3096,-0.005061637729036978,0.005061637729036978,Decreases failure risk
WF-001454,0,Pass,Low Risk,0.0243358776993061,0.3806601133161633,0.6193398866838367,1,sensor_104,-0.0124,-0.013286460285890056,0.013286460285890056,Decreases failure risk
WF-001454,0,Pass,Low Risk,0.0243358776993061,0.3806601133161633,0.6193398866838367,2,sensor_032,4.6958,-0.013151323610628126,0.013151323610628126,Decreases failure risk
WF-001454,0,Pass,Low Risk,0.0243358776993061,0.3806601133161633,0.6193398866838367,3,sensor_478,9.6409,0.012327374514103099,0.012327374514103099,Increases failure risk
WF-001454,0,Pass,Low Risk,0.0243358776993061,0.3806601133161633,0.6193398866838367,4,sensor_206,14.17,0.008944989013945496,0.008944989013945496,Increases failure risk
WF-001454,0,Pass,Low Risk,0.0243358776993061,0.3806601133161633,0.6193398866838367,5,sensor_342,4.0381,0.008365474131899711,0.008365474131899711,Increases failure risk
WF-001454,0,Pass,Low Risk,0.0243358776993061,0.3806601133161633,0.6193398866838367,6,sensor_352,0.014,-0.007648704066033455,0.007648704066033455,Decreases failure risk
WF-001454,0,Pass,Low Risk,0.0243358776993061,0.3806601133161633,0.6193398866838367,7,sensor_060,0.2945,-0.007573044709231935,0.007573044709231935,Decreases failure risk
WF-001454,0,Pass,Low Risk,0.0243358776993061,0.3806601133161633,0.6193398866838367,8,sensor_511,24.2669,-0.00662136419139121,0.00662136419139121,Decreases failure risk
WF-001454,0,Pass,Low Risk,0.0243358776993061,0.3806601133161633,0.6193398866838367,9,sensor_432,4.6889,-0.005897207918683099,0.005897207918683099,Decreases failure risk
WF-001454,0,Pass,Low Risk,0.0243358776993061,0.3806601133161633,0.6193398866838367,10,sensor_015,12.8039,-0.0054701096287442805,0.0054701096287442805,Decreases failure risk
WF-000605,0,Pass,Low Risk,0.0277391866556808,0.4500635305807434,0.5499364694192566,1,sensor_032,4.6669,-0.012093487481088799,0.012093487481088799,Decreases failure risk
WF-000605,0,Pass,Low Risk,0.0277391866556808,0.4500635305807434,0.5499364694192566,2,sensor_520,4.0574,-0.010963457767030173,0.010963457767030173,Decreases failure risk
WF-000605,0,Pass,Low Risk,0.0277391866556808,0.4500635305807434,0.5499364694192566,3,sensor_248,0.0189,-0.009140297744616568,0.009140297744616568,Decreases failure risk
WF-000605,0,Pass,Low Risk,0.0277391866556808,0.4500635305807434,0.5499364694192566,4,sensor_104,-0.0092,-0.008895742713780096,0.008895742713780096,Decreases failure risk
WF-000605,0,Pass,Low Risk,0.0277391866556808,0.4500635305807434,0.5499364694192566,5,sensor_060,-2.4609,-0.008686564253226016,0.008686564253226016,Decreases failure risk
WF-000605,0,Pass,Low Risk,0.0277391866556808,0.4500635305807434,0.5499364694192566,6,sensor_015,4.0524,0.00723292792776513,0.00723292792776513,Increases failure risk
WF-000605,0,Pass,Low Risk,0.0277391866556808,0.4500635305807434,0.5499364694192566,7,sensor_478,4.2918,-0.0063642494575419295,0.0063642494575419295,Decreases failure risk
WF-000605,0,Pass,Low Risk,0.0277391866556808,0.4500635305807434,0.5499364694192566,8,sensor_470,4.4119,-0.005419265087816123,0.005419265087816123,Decreases failure risk
WF-000605,0,Pass,Low Risk,0.0277391866556808,0.4500635305807434,0.5499364694192566,9,sensor_282,0.0229,-0.005242566933607655,0.005242566933607655,Decreases failure risk
WF-000605,0,Pass,Low Risk,0.0277391866556808,0.4500635305807434,0.5499364694192566,10,sensor_064,19.1455,0.004870355561232069,0.004870355561232069,Increases failure risk
WF-000519,1,Fail,High Risk,0.0920218471522257,0.2390764535929155,0.7609235464070845,1,sensor_060,13.3709,0.01336743384835364,0.01336743384835364,Increases failure risk
WF-000519,1,Fail,High Risk,0.0920218471522257,0.2390764535929155,0.7609235464070845,2,sensor_104,-0.0114,-0.012649283905671603,0.012649283905671603,Decreases failure risk
WF-000519,1,Fail,High Risk,0.0920218471522257,0.2390764535929155,0.7609235464070845,3,sensor_478,11.778,0.010906547886821494,0.010906547886821494,Increases failure risk
WF-000519,1,Fail,High Risk,0.0920218471522257,0.2390764535929155,0.7609235464070845,4,sensor_342,4.8963,0.008834547046231185,0.008834547046231185,Increases failure risk
WF-000519,1,Fail,High Risk,0.0920218471522257,0.2390764535929155,0.7609235464070845,5,sensor_206,17.62,0.007887359684386917,0.007887359684386917,Increases failure risk
WF-000519,1,Fail,High Risk,0.0920218471522257,0.2390764535929155,0.7609235464070845,6,sensor_126,1.418,-0.007086563314717392,0.007086563314717392,Decreases failure risk
WF-000519,1,Fail,High Risk,0.0920218471522257,0.2390764535929155,0.7609235464070845,7,sensor_201,10.48,-0.005611911367111108,0.005611911367111108,Decreases failure risk
WF-000519,1,Fail,High Risk,0.0920218471522257,0.2390764535929155,0.7609235464070845,8,sensor_282,0.0186,-0.0052329586926863104,0.0052329586926863104,Decreases failure risk
WF-000519,1,Fail,High Risk,0.0920218471522257,0.2390764535929155,0.7609235464070845,9,sensor_574,0.1252,0.005116035440424547,0.005116035440424547,Increases failure risk
WF-000519,1,Fail,High Risk,0.0920218471522257,0.2390764535929155,0.7609235464070845,10,sensor_123,5.261,-0.004946170662306299,0.004946170662306299,Decreases failure risk
WF-001100,0,Pass,Low Risk,0.0283699642967726,0.4531587609690236,0.5468412390309764,1,sensor_104,-0.0156,-0.01626832607139159,0.01626832607139159,Decreases failure risk
WF-001100,0,Pass,Low Risk,0.0283699642967726,0.4531587609690236,0.5468412390309764,2,sensor_060,-4.1018,-0.008639964543860562,0.008639964543860562,Decreases failure risk
WF-001100,0,Pass,Low Risk,0.0283699642967726,0.4531587609690236,0.5468412390309764,3,sensor_029,75.0,-0.007937093744689304,0.007937093744689304,Decreases failure risk
WF-001100,0,Pass,Low Risk,0.0283699642967726,0.4531587609690236,0.5468412390309764,4,sensor_130,-2.505,-0.007588133466707899,0.007588133466707899,Decreases failure risk
WF-001100,0,Pass,Low Risk,0.0283699642967726,0.4531587609690236,0.5468412390309764,5,sensor_478,4.0088,-0.0064247242561564265,0.0064247242561564265,Decreases failure risk
WF-001100,0,Pass,Low Risk,0.0283699642967726,0.4531587609690236,0.5468412390309764,6,sensor_342,1.7174,-0.005702882360202141,0.005702882360202141,Decreases failure risk
WF-001100,0,Pass,Low Risk,0.0283699642967726,0.4531587609690236,0.5468412390309764,7,sensor_253,1.5565,-0.00538328363608017,0.00538328363608017,Decreases failure risk
WF-001100,0,Pass,Low Risk,0.0283699642967726,0.4531587609690236,0.5468412390309764,8,sensor_206,5.97,-0.004934941863741804,0.004934941863741804,Decreases failure risk
WF-001100,0,Pass,Low Risk,0.0283699642967726,0.4531587609690236,0.5468412390309764,9,sensor_418,10.7013,-0.004500915594631703,0.004500915594631703,Decreases failure risk
WF-001100,0,Pass,Low Risk,0.0283699642967726,0.4531587609690236,0.5468412390309764,10,sensor_485,545.8407,-0.004407003623028654,0.004407003623028654,Decreases failure risk
WF-001541,0,Pass,Low Risk,0.0320251230365045,0.3676310160536516,0.6323689839463483,1,sensor_214,0.0151,-0.012354529482082767,0.012354529482082767,Decreases failure risk
WF-001541,0,Pass,Low Risk,0.0320251230365045,0.3676310160536516,0.6323689839463483,2,sensor_131,0.655,-0.011684513259811277,0.011684513259811277,Decreases failure risk
WF-001541,0,Pass,Low Risk,0.0320251230365045,0.3676310160536516,0.6323689839463483,3,sensor_104,-0.0091,-0.009695626808394142,0.009695626808394142,Decreases failure risk
WF-001541,0,Pass,Low Risk,0.0320251230365045,0.3676310160536516,0.6323689839463483,4,sensor_352,0.0072,-0.009276870281225442,0.009276870281225442,Decreases failure risk
WF-001541,0,Pass,Low Risk,0.0320251230365045,0.3676310160536516,0.6323689839463483,5,sensor_126,1.385,-0.008128637274892152,0.008128637274892152,Decreases failure risk
WF-001541,0,Pass,Low Risk,0.0320251230365045,0.3676310160536516,0.6323689839463483,6,sensor_181,24.83,-0.007017859126482494,0.007017859126482494,Decreases failure risk
WF-001541,0,Pass,Low Risk,0.0320251230365045,0.3676310160536516,0.6323689839463483,7,sensor_153,2.341,0.005816692474311644,0.005816692474311644,Increases failure risk
WF-001541,0,Pass,Low Risk,0.0320251230365045,0.3676310160536516,0.6323689839463483,8,sensor_453,6.8134,-0.005312543125084613,0.005312543125084613,Decreases failure risk
WF-001541,0,Pass,Low Risk,0.0320251230365045,0.3676310160536516,0.6323689839463483,9,sensor_418,11.4775,-0.004639597507188329,0.004639597507188329,Decreases failure risk
WF-001541,0,Pass,Low Risk,0.0320251230365045,0.3676310160536516,0.6323689839463483,10,sensor_578,25.276,-0.004623233436608091,0.004623233436608091,Decreases failure risk
WF-000246,0,Pass,High Risk,0.1290701768064499,0.3233270058247076,0.6766729941752924,1,sensor_104,-0.0072,0.013928903040425902,0.013928903040425902,Increases failure risk
WF-000246,0,Pass,High Risk,0.1290701768064499,0.3233270058247076,0.6766729941752924,2,sensor_478,12.6203,0.012089340283106783,0.012089340283106783,Increases failure risk
WF-000246,0,Pass,High Risk,0.1290701768064499,0.3233270058247076,0.6766729941752924,3,sensor_206,18.65,0.011911362459370498,0.011911362459370498,Increases failure risk
WF-000246,0,Pass,High Risk,0.1290701768064499,0.3233270058247076,0.6766729941752924,4,sensor_034,8.536,-0.010093358095163077,0.010093358095163077,Decreases failure risk
WF-000246,0,Pass,High Risk,0.1290701768064499,0.3233270058247076,0.6766729941752924,5,sensor_342,4.7611,0.00959018288466848,0.00959018288466848,Increases failure risk
WF-000246,0,Pass,High Risk,0.1290701768064499,0.3233270058247076,0.6766729941752924,6,sensor_520,4.3849,-0.008856822416510712,0.008856822416510712,Decreases failure risk
WF-000246,0,Pass,High Risk,0.1290701768064499,0.3233270058247076,0.6766729941752924,7,sensor_248,0.0203,-0.0077512869126483905,0.0077512869126483905,Decreases failure risk
WF-000246,0,Pass,High Risk,0.1290701768064499,0.3233270058247076,0.6766729941752924,8,sensor_060,5.7855,0.006506294738188553,0.006506294738188553,Increases failure risk
WF-000246,0,Pass,High Risk,0.1290701768064499,0.3233270058247076,0.6766729941752924,9,sensor_574,0.1243,0.005864951337508736,0.005864951337508736,Increases failure risk
WF-000246,0,Pass,High Risk,0.1290701768064499,0.3233270058247076,0.6766729941752924,10,sensor_317,6.8729,-0.005244242801845312,0.005244242801845312,Decreases failure risk
WF-000059,1,Fail,High Risk,0.1271055599532795,0.1648954744173594,0.8351045255826406,1,sensor_060,15.9527,0.012683232297552733,0.012683232297552733,Increases failure risk
WF-000059,1,Fail,High Risk,0.1271055599532795,0.1648954744173594,0.8351045255826406,2,sensor_104,-0.0101,-0.01030992097551743,0.01030992097551743,Decreases failure risk
WF-000059,1,Fail,High Risk,0.1271055599532795,0.1648954744173594,0.8351045255826406,3,sensor_201,13.73,-0.007012220021218564,0.007012220021218564,Decreases failure risk
WF-000059,1,Fail,High Risk,0.1271055599532795,0.1648954744173594,0.8351045255826406,4,sensor_478,3.614,-0.006665802710895193,0.006665802710895193,Decreases failure risk
WF-000059,1,Fail,High Risk,0.1271055599532795,0.1648954744173594,0.8351045255826406,5,sensor_034,9.1784,0.0064195289538678,0.0064195289538678,Increases failure risk
WF-000059,1,Fail,High Risk,0.1271055599532795,0.1648954744173594,0.8351045255826406,6,sensor_432,140.2004,0.005743991819852508,0.005743991819852508,Increases failure risk
WF-000059,1,Fail,High Risk,0.1271055599532795,0.1648954744173594,0.8351045255826406,7,sensor_153,4.5412,0.005741269621999052,0.005741269621999052,Increases failure risk
WF-000059,1,Fail,High Risk,0.1271055599532795,0.1648954744173594,0.8351045255826406,8,sensor_317,6.4035,-0.005709484144637826,0.005709484144637826,Decreases failure risk
WF-000059,1,Fail,High Risk,0.1271055599532795,0.1648954744173594,0.8351045255826406,9,sensor_548,399.008,-0.005320784033216703,0.005320784033216703,Decreases failure risk
WF-000059,1,Fail,High Risk,0.1271055599532795,0.1648954744173594,0.8351045255826406,10,sensor_511,31.6049,-0.005161901871478371,0.005161901871478371,Decreases failure risk
WF-000751,0,Pass,Engineering Review,0.0524321923124244,0.2980733616722296,0.7019266383277705,1,sensor_034,8.2823,-0.017954526781065162,0.017954526781065162,Decreases failure risk
WF-000751,0,Pass,Engineering Review,0.0524321923124244,0.2980733616722296,0.7019266383277705,2,sensor_104,-0.0073,0.011183265310520621,0.011183265310520621,Increases failure risk
WF-000751,0,Pass,Engineering Review,0.0524321923124244,0.2980733616722296,0.7019266383277705,3,sensor_029,75.9111,-0.008627730581596294,0.008627730581596294,Decreases failure risk
WF-000751,0,Pass,Engineering Review,0.0524321923124244,0.2980733616722296,0.7019266383277705,4,sensor_125,15.63,-0.0065759825838543826,0.0065759825838543826,Decreases failure risk
WF-000751,0,Pass,Engineering Review,0.0524321923124244,0.2980733616722296,0.7019266383277705,5,sensor_060,5.4964,0.006095998794776814,0.006095998794776814,Increases failure risk
WF-000751,0,Pass,Engineering Review,0.0524321923124244,0.2980733616722296,0.7019266383277705,6,sensor_424,139.0201,0.005942712439985308,0.005942712439985308,Increases failure risk
WF-000751,0,Pass,Engineering Review,0.0524321923124244,0.2980733616722296,0.7019266383277705,7,sensor_201,13.39,-0.005390137720591905,0.005390137720591905,Decreases failure risk
WF-000751,0,Pass,Engineering Review,0.0524321923124244,0.2980733616722296,0.7019266383277705,8,sensor_317,4.642,0.004946118884834343,0.004946118884834343,Increases failure risk
WF-000751,0,Pass,Engineering Review,0.0524321923124244,0.2980733616722296,0.7019266383277705,9,sensor_184,15.765,-0.0049365935394882375,0.0049365935394882375,Decreases failure risk
WF-000751,0,Pass,Engineering Review,0.0524321923124244,0.2980733616722296,0.7019266383277705,10,sensor_480,2.1563,-0.004465724954679199,0.004465724954679199,Decreases failure risk
WF-001487,0,Pass,Low Risk,0.015831868315119,0.4202069249977919,0.5797930750022081,1,sensor_131,0.6289,-0.01614347715830463,0.01614347715830463,Decreases failure risk
WF-001487,0,Pass,Low Risk,0.015831868315119,0.4202069249977919,0.5797930750022081,2,sensor_104,-0.0115,-0.011865971486028509,0.011865971486028509,Decreases failure risk
WF-001487,0,Pass,Low Risk,0.015831868315119,0.4202069249977919,0.5797930750022081,3,sensor_060,-4.7682,-0.007897222402320356,0.007897222402320356,Decreases failure risk
WF-001487,0,Pass,Low Risk,0.015831868315119,0.4202069249977919,0.5797930750022081,4,sensor_478,3.8697,-0.0060141398193107225,0.0060141398193107225,Decreases failure risk
WF-001487,0,Pass,Low Risk,0.015831868315119,0.4202069249977919,0.5797930750022081,5,sensor_511,30.5677,-0.005885382131478564,0.005885382131478564,Decreases failure risk
WF-001487,0,Pass,Low Risk,0.015831868315119,0.4202069249977919,0.5797930750022081,6,sensor_432,7.3099,-0.005115422628043164,0.005115422628043164,Decreases failure risk
WF-001487,0,Pass,Low Risk,0.015831868315119,0.4202069249977919,0.5797930750022081,7,sensor_092,-0.1562,-0.005110893225654938,0.005110893225654938,Decreases failure risk
WF-001487,0,Pass,Low Risk,0.015831868315119,0.4202069249977919,0.5797930750022081,8,sensor_424,36.9776,-0.004941795933815511,0.004941795933815511,Decreases failure risk
WF-001487,0,Pass,Low Risk,0.015831868315119,0.4202069249977919,0.5797930750022081,9,sensor_206,5.84,-0.004923873487529443,0.004923873487529443,Decreases failure risk
WF-001487,0,Pass,Low Risk,0.015831868315119,0.4202069249977919,0.5797930750022081,10,sensor_082,-0.0003,0.004909589176001846,0.004909589176001846,Increases failure risk
WF-001500,0,Pass,Low Risk,0.0273699445319095,0.3551091042622691,0.6448908957377308,1,sensor_214,0.0185,-0.013461583475943856,0.013461583475943856,Decreases failure risk
WF-001500,0,Pass,Low Risk,0.0273699445319095,0.3551091042622691,0.6448908957377308,2,sensor_104,-0.0102,-0.013449154024734296,0.013449154024734296,Decreases failure risk
WF-001500,0,Pass,Low Risk,0.0273699445319095,0.3551091042622691,0.6448908957377308,3,sensor_352,0.0087,-0.009325968850842133,0.009325968850842133,Decreases failure risk
WF-001500,0,Pass,Low Risk,0.0273699445319095,0.3551091042622691,0.6448908957377308,4,sensor_126,1.925,-0.007807124416006499,0.007807124416006499,Decreases failure risk
WF-001500,0,Pass,Low Risk,0.0273699445319095,0.3551091042622691,0.6448908957377308,5,sensor_060,0.4445,-0.0069256460229142796,0.0069256460229142796,Decreases failure risk
WF-001500,0,Pass,Low Risk,0.0273699445319095,0.3551091042622691,0.6448908957377308,6,sensor_206,7.16,-0.0054164215910973675,0.0054164215910973675,Decreases failure risk
WF-001500,0,Pass,Low Risk,0.0273699445319095,0.3551091042622691,0.6448908957377308,7,sensor_282,0.0168,-0.005328468499565413,0.005328468499565413,Decreases failure risk
WF-001500,0,Pass,Low Risk,0.0273699445319095,0.3551091042622691,0.6448908957377308,8,sensor_478,5.0272,-0.0050874066656741235,0.0050874066656741235,Decreases failure risk
WF-001500,0,Pass,Low Risk,0.0273699445319095,0.3551091042622691,0.6448908957377308,9,sensor_127,3.25,0.004846500785422672,0.004846500785422672,Increases failure risk
WF-001500,0,Pass,Low Risk,0.0273699445319095,0.3551091042622691,0.6448908957377308,10,sensor_578,22.9183,-0.004707326546144754,0.004707326546144754,Decreases failure risk
WF-000032,0,Pass,High Risk,0.0918302668887925,0.2243347643134326,0.7756652356865673,1,sensor_060,13.1482,0.01304011257951702,0.01304011257951702,Increases failure risk
WF-000032,0,Pass,High Risk,0.0918302668887925,0.2243347643134326,0.7756652356865673,2,sensor_104,-0.0093,-0.00980679505920931,0.00980679505920931,Decreases failure risk
WF-000032,0,Pass,High Risk,0.0918302668887925,0.2243347643134326,0.7756652356865673,3,sensor_065,26.8518,0.007797259745648913,0.007797259745648913,Increases failure risk
WF-000032,0,Pass,High Risk,0.0918302668887925,0.2243347643134326,0.7756652356865673,4,sensor_386,0.0244,0.0061319531546246975,0.0061319531546246975,Increases failure risk
WF-000032,0,Pass,High Risk,0.0918302668887925,0.2243347643134326,0.7756652356865673,5,sensor_432,10.2928,-0.0053699609520725285,0.0053699609520725285,Decreases failure risk
WF-000032,0,Pass,High Risk,0.0918302668887925,0.2243347643134326,0.7756652356865673,6,sensor_520,32.9064,0.005340923755178932,0.005340923755178932,Increases failure risk
WF-000032,0,Pass,High Risk,0.0918302668887925,0.2243347643134326,0.7756652356865673,7,sensor_478,4.6964,-0.004855265094999149,0.004855265094999149,Decreases failure risk
WF-000032,0,Pass,High Risk,0.0918302668887925,0.2243347643134326,0.7756652356865673,8,sensor_206,6.98,-0.004781546030474998,0.004781546030474998,Decreases failure risk
WF-000032,0,Pass,High Risk,0.0918302668887925,0.2243347643134326,0.7756652356865673,9,sensor_201,12.78,-0.0045676315698168065,0.0045676315698168065,Decreases failure risk
WF-000032,0,Pass,High Risk,0.0918302668887925,0.2243347643134326,0.7756652356865673,10,sensor_406,0.0085,0.003986636418615583,0.003986636418615583,Increases failure risk
WF-000113,0,Pass,High Risk,0.1003935256931306,0.2133200057636572,0.7866799942363427,1,sensor_104,-0.0066,0.013722052928587632,0.013722052928587632,Increases failure risk
WF-000113,0,Pass,High Risk,0.1003935256931306,0.2133200057636572,0.7866799942363427,2,sensor_060,23.9945,0.01328922484479227,0.01328922484479227,Increases failure risk
WF-000113,0,Pass,High Risk,0.1003935256931306,0.2133200057636572,0.7866799942363427,3,sensor_206,5.36,-0.007102924322634559,0.007102924322634559,Decreases failure risk
WF-000113,0,Pass,High Risk,0.1003935256931306,0.2133200057636572,0.7866799942363427,4,sensor_389,14.6657,-0.006992581489084117,0.006992581489084117,Decreases failure risk
WF-000113,0,Pass,High Risk,0.1003935256931306,0.2133200057636572,0.7866799942363427,5,sensor_478,3.61,-0.0061926552850468325,0.0061926552850468325,Decreases failure risk
WF-000113,0,Pass,High Risk,0.1003935256931306,0.2133200057636572,0.7866799942363427,6,sensor_034,9.2658,0.005796638012120248,0.005796638012120248,Increases failure risk
WF-000113,0,Pass,High Risk,0.1003935256931306,0.2133200057636572,0.7866799942363427,7,sensor_153,1.0247,0.005764285295185377,0.005764285295185377,Increases failure risk
WF-000113,0,Pass,High Risk,0.1003935256931306,0.2133200057636572,0.7866799942363427,8,sensor_485,751.6779,-0.005745745226802354,0.005745745226802354,Decreases failure risk
WF-000113,0,Pass,High Risk,0.1003935256931306,0.2133200057636572,0.7866799942363427,9,sensor_447,0.9577,-0.004792107445395386,0.004792107445395386,Decreases failure risk
WF-000113,0,Pass,High Risk,0.1003935256931306,0.2133200057636572,0.7866799942363427,10,sensor_015,13.6445,-0.004755558853007298,0.004755558853007298,Decreases failure risk
WF-000327,1,Fail,High Risk,0.1602795371211892,0.2538371262609686,0.7461628737390313,1,sensor_032,4.6686,-0.018571381130711155,0.018571381130711155,Decreases failure risk
WF-000327,1,Fail,High Risk,0.1602795371211892,0.2538371262609686,0.7461628737390313,2,sensor_342,4.5689,0.012344693081712954,0.012344693081712954,Increases failure risk
WF-000327,1,Fail,High Risk,0.1602795371211892,0.2538371262609686,0.7461628737390313,3,sensor_060,14.75,0.01198895563676422,0.01198895563676422,Increases failure risk
WF-000327,1,Fail,High Risk,0.1602795371211892,0.2538371262609686,0.7461628737390313,4,sensor_034,8.531,-0.011850939774962611,0.011850939774962611,Decreases failure risk
WF-000327,1,Fail,High Risk,0.1602795371211892,0.2538371262609686,0.7461628737390313,5,sensor_478,9.9885,0.011521804850277708,0.011521804850277708,Increases failure risk
WF-000327,1,Fail,High Risk,0.1602795371211892,0.2538371262609686,0.7461628737390313,6,sensor_206,15.69,0.009904368470164715,0.009904368470164715,Increases failure risk
WF-000327,1,Fail,High Risk,0.1602795371211892,0.2538371262609686,0.7461628737390313,7,sensor_104,-0.0081,0.0097362954911126,0.0097362954911126,Increases failure risk
WF-000327,1,Fail,High Risk,0.1602795371211892,0.2538371262609686,0.7461628737390313,8,sensor_511,105.4264,0.00959682146598514,0.00959682146598514,Increases failure risk
WF-000327,1,Fail,High Risk,0.1602795371211892,0.2538371262609686,0.7461628737390313,9,sensor_015,12.9393,-0.005202973156800708,0.005202973156800708,Decreases failure risk
WF-000327,1,Fail,High Risk,0.1602795371211892,0.2538371262609686,0.7461628737390313,10,sensor_214,0.122,0.004314925342024592,0.004314925342024592,Increases failure risk
WF-000367,0,Pass,Engineering Review,0.0433363889036841,0.3931030129803837,0.6068969870196163,1,sensor_104,-0.013,-0.012538785199892509,0.012538785199892509,Decreases failure risk
WF-000367,0,Pass,Engineering Review,0.0433363889036841,0.3931030129803837,0.6068969870196163,2,sensor_034,8.5266,-0.010570032333000636,0.010570032333000636,Decreases failure risk
WF-000367,0,Pass,Engineering Review,0.0433363889036841,0.3931030129803837,0.6068969870196163,3,sensor_478,3.7264,-0.007376268085934504,0.007376268085934504,Decreases failure risk
WF-000367,0,Pass,Engineering Review,0.0433363889036841,0.3931030129803837,0.6068969870196163,4,sensor_126,1.39,-0.006676460779206727,0.006676460779206727,Decreases failure risk
WF-000367,0,Pass,Engineering Review,0.0433363889036841,0.3931030129803837,0.6068969870196163,5,sensor_548,390.966,-0.006214155530236006,0.006214155530236006,Decreases failure risk
WF-000367,0,Pass,Engineering Review,0.0433363889036841,0.3931030129803837,0.6068969870196163,6,sensor_432,8.2785,-0.005970402851947738,0.005970402851947738,Decreases failure risk
WF-000367,0,Pass,Engineering Review,0.0433363889036841,0.3931030129803837,0.6068969870196163,7,sensor_060,6.3436,0.005897498344104073,0.005897498344104073,Increases failure risk
WF-000367,0,Pass,Engineering Review,0.0433363889036841,0.3931030129803837,0.6068969870196163,8,sensor_206,5.46,-0.0056103149321300476,0.0056103149321300476,Decreases failure risk
WF-000367,0,Pass,Engineering Review,0.0433363889036841,0.3931030129803837,0.6068969870196163,9,sensor_125,15.67,-0.005346104726234409,0.005346104726234409,Decreases failure risk
WF-000367,0,Pass,Engineering Review,0.0433363889036841,0.3931030129803837,0.6068969870196163,10,sensor_470,4.6553,-0.0053257885620680056,0.0053257885620680056,Decreases failure risk
WF-001523,0,Pass,Engineering Review,0.0384031286879328,0.3368290856426926,0.6631709143573074,1,sensor_104,-0.01,-0.012040547255725256,0.012040547255725256,Decreases failure risk
WF-001523,0,Pass,Engineering Review,0.0384031286879328,0.3368290856426926,0.6631709143573074,2,sensor_389,10.8901,-0.006784506423542926,0.006784506423542926,Decreases failure risk
WF-001523,0,Pass,Engineering Review,0.0384031286879328,0.3368290856426926,0.6631709143573074,3,sensor_453,6.4679,-0.006295033399528533,0.006295033399528533,Decreases failure risk
WF-001523,0,Pass,Engineering Review,0.0384031286879328,0.3368290856426926,0.6631709143573074,4,sensor_060,1.3464,-0.0061614494745086444,0.0061614494745086444,Decreases failure risk
WF-001523,0,Pass,Engineering Review,0.0384031286879328,0.3368290856426926,0.6631709143573074,5,sensor_056,2820.0,0.005329727799042088,0.005329727799042088,Increases failure risk
WF-001523,0,Pass,Engineering Review,0.0384031286879328,0.3368290856426926,0.6631709143573074,6,sensor_478,5.3484,-0.005040463230294795,0.005040463230294795,Decreases failure risk
WF-001523,0,Pass,Engineering Review,0.0384031286879328,0.3368290856426926,0.6631709143573074,7,sensor_578,21.7713,-0.004963080842766362,0.004963080842766362,Decreases failure risk
WF-001523,0,Pass,Engineering Review,0.0384031286879328,0.3368290856426926,0.6631709143573074,8,sensor_317,6.7639,-0.004958965359075113,0.004958965359075113,Decreases failure risk
WF-001523,0,Pass,Engineering Review,0.0384031286879328,0.3368290856426926,0.6631709143573074,9,sensor_253,1.5146,-0.0048932001040674165,0.0048932001040674165,Decreases failure risk
WF-001523,0,Pass,Engineering Review,0.0384031286879328,0.3368290856426926,0.6631709143573074,10,sensor_065,18.6536,-0.004455548970058229,0.004455548970058229,Decreases failure risk
WF-000690,0,Pass,High Risk,0.1403861357013753,0.2042636023153765,0.7957363976846235,1,sensor_104,0.0203,0.018808917584999297,0.018808917584999297,Increases failure risk
WF-000690,0,Pass,High Risk,0.1403861357013753,0.2042636023153765,0.7957363976846235,2,sensor_248,0.0168,-0.011758071666148357,0.011758071666148357,Decreases failure risk
WF-000690,0,Pass,High Risk,0.1403861357013753,0.2042636023153765,0.7957363976846235,3,sensor_511,20.6769,-0.00964011774416362,0.00964011774416362,Decreases failure risk
WF-000690,0,Pass,High Risk,0.1403861357013753,0.2042636023153765,0.7957363976846235,4,sensor_520,3.6451,-0.009385638131386832,0.009385638131386832,Decreases failure risk
WF-000690,0,Pass,High Risk,0.1403861357013753,0.2042636023153765,0.7957363976846235,5,sensor_386,0.005,-0.007040119782733154,0.007040119782733154,Decreases failure risk
WF-000690,0,Pass,High Risk,0.1403861357013753,0.2042636023153765,0.7957363976846235,6,sensor_271,40.3694,-0.005786715340090851,0.005786715340090851,Decreases failure risk
WF-000690,0,Pass,High Risk,0.1403861357013753,0.2042636023153765,0.7957363976846235,7,sensor_349,0.0461,0.005171710603439875,0.005171710603439875,Increases failure risk
WF-000690,0,Pass,High Risk,0.1403861357013753,0.2042636023153765,0.7957363976846235,8,sensor_034,9.754,0.005029361409215607,0.005029361409215607,Increases failure risk
WF-000690,0,Pass,High Risk,0.1403861357013753,0.2042636023153765,0.7957363976846235,9,sensor_015,13.364,-0.004940844994055287,0.004940844994055287,Decreases failure risk
WF-000690,0,Pass,High Risk,0.1403861357013753,0.2042636023153765,0.7957363976846235,10,sensor_574,0.4057,-0.004906488959212529,0.004906488959212529,Decreases failure risk
WF-000450,0,Pass,Engineering Review,0.0780687049992616,0.339658931018318,0.660341068981682,1,sensor_104,-0.0092,-0.008571309182154463,0.008571309182154463,Decreases failure risk
WF-000450,0,Pass,Engineering Review,0.0780687049992616,0.339658931018318,0.660341068981682,2,sensor_060,1.3255,-0.00685948087078747,0.00685948087078747,Decreases failure risk
WF-000450,0,Pass,Engineering Review,0.0780687049992616,0.339658931018318,0.660341068981682,3,sensor_015,5.6548,0.006768804684669612,0.006768804684669612,Increases failure risk
WF-000450,0,Pass,Engineering Review,0.0780687049992616,0.339658931018318,0.660341068981682,4,sensor_001,2882.76,0.005745370123671209,0.005745370123671209,Increases failure risk
WF-000450,0,Pass,Engineering Review,0.0780687049992616,0.339658931018318,0.660341068981682,5,sensor_578,22.631,-0.005297219524224303,0.005297219524224303,Decreases failure risk
WF-000450,0,Pass,Engineering Review,0.0780687049992616,0.339658931018318,0.660341068981682,6,sensor_342,3.169,0.004864970638873039,0.004864970638873039,Increases failure risk
WF-000450,0,Pass,Engineering Review,0.0780687049992616,0.339658931018318,0.660341068981682,7,sensor_561,0.0308,-0.004718939118984244,0.004718939118984244,Decreases failure risk
WF-000450,0,Pass,Engineering Review,0.0780687049992616,0.339658931018318,0.660341068981682,8,sensor_469,439.0947,-0.004586943000580045,0.004586943000580045,Decreases failure risk
WF-000450,0,Pass,Engineering Review,0.0780687049992616,0.339658931018318,0.660341068981682,9,sensor_065,18.6745,-0.004569018973472352,0.004569018973472352,Decreases failure risk
WF-000450,0,Pass,Engineering Review,0.0780687049992616,0.339658931018318,0.660341068981682,10,sensor_056,2820.0,0.004282073842174741,0.004282073842174741,Increases failure risk
WF-001395,0,Pass,Engineering Review,0.0441058815076441,0.419527199767479,0.580472800232521,1,sensor_104,-0.0096,-0.011479146715343818,0.011479146715343818,Decreases failure risk
WF-001395,0,Pass,Engineering Review,0.0441058815076441,0.419527199767479,0.580472800232521,2,sensor_060,-6.2591,-0.007883809710387308,0.007883809710387308,Decreases failure risk
WF-001395,0,Pass,Engineering Review,0.0441058815076441,0.419527199767479,0.580472800232521,3,sensor_065,26.2591,0.007820857937964928,0.007820857937964928,Increases failure risk
WF-001395,0,Pass,Engineering Review,0.0441058815076441,0.419527199767479,0.580472800232521,4,sensor_317,7.6422,-0.006941434998573337,0.006941434998573337,Decreases failure risk
WF-001395,0,Pass,Engineering Review,0.0441058815076441,0.419527199767479,0.580472800232521,5,sensor_181,27.26,-0.006844952959645204,0.006844952959645204,Decreases failure risk
WF-001395,0,Pass,Engineering Review,0.0441058815076441,0.419527199767479,0.580472800232521,6,sensor_478,3.2128,-0.006774326841700231,0.006774326841700231,Decreases failure risk
WF-001395,0,Pass,Engineering Review,0.0441058815076441,0.419527199767479,0.580472800232521,7,sensor_029,75.3556,-0.006042397761914219,0.006042397761914219,Decreases failure risk
WF-001395,0,Pass,Engineering Review,0.0441058815076441,0.419527199767479,0.580472800232521,8,sensor_453,7.8128,-0.0053443049906282255,0.0053443049906282255,Decreases failure risk
WF-001395,0,Pass,Engineering Review,0.0441058815076441,0.419527199767479,0.580472800232521,9,sensor_432,11.0569,-0.005243350818991321,0.005243350818991321,Decreases failure risk
WF-001395,0,Pass,Engineering Review,0.0441058815076441,0.419527199767479,0.580472800232521,10,sensor_489,37.1725,0.005194427385050633,0.005194427385050633,Increases failure risk
WF-001367,0,Pass,Engineering Review,0.0364254575704652,0.4059332883259348,0.5940667116740652,1,sensor_104,-0.0128,-0.013849096106325332,0.013849096106325332,Decreases failure risk
WF-001367,0,Pass,Engineering Review,0.0364254575704652,0.4059332883259348,0.5940667116740652,2,sensor_126,1.593,-0.00795561378989213,0.00795561378989213,Decreases failure risk
WF-001367,0,Pass,Engineering Review,0.0364254575704652,0.4059332883259348,0.5940667116740652,3,sensor_082,0.0136,0.006579690290203406,0.006579690290203406,Increases failure risk
WF-001367,0,Pass,Engineering Review,0.0364254575704652,0.4059332883259348,0.5940667116740652,4,sensor_317,4.8013,0.006439705936825907,0.006439705936825907,Increases failure risk
WF-001367,0,Pass,Engineering Review,0.0364254575704652,0.4059332883259348,0.5940667116740652,5,sensor_029,75.5778,-0.006380859930749209,0.006380859930749209,Decreases failure risk
WF-001367,0,Pass,Engineering Review,0.0364254575704652,0.4059332883259348,0.5940667116740652,6,sensor_548,397.784,-0.006000232168253267,0.006000232168253267,Decreases failure risk
WF-001367,0,Pass,Engineering Review,0.0364254575704652,0.4059332883259348,0.5940667116740652,7,sensor_511,45.4012,-0.00568950216241442,0.00568950216241442,Decreases failure risk
WF-001367,0,Pass,Engineering Review,0.0364254575704652,0.4059332883259348,0.5940667116740652,8,sensor_060,1.8109,-0.00508368568486566,0.00508368568486566,Decreases failure risk
WF-001367,0,Pass,Engineering Review,0.0364254575704652,0.4059332883259348,0.5940667116740652,9,sensor_034,9.1141,0.004519992167353806,0.004519992167353806,Increases failure risk
WF-001367,0,Pass,Engineering Review,0.0364254575704652,0.4059332883259348,0.5940667116740652,10,sensor_065,18.1891,-0.004263742231059048,0.004263742231059048,Decreases failure risk
WF-000166,0,Pass,High Risk,0.1657742816473493,0.1914613227405539,0.8085386772594461,1,sensor_104,-0.0054,0.01931154604084763,0.01931154604084763,Increases failure risk
WF-000166,0,Pass,High Risk,0.1657742816473493,0.1914613227405539,0.8085386772594461,2,sensor_060,12.8364,0.010102357090239766,0.010102357090239766,Increases failure risk
WF-000166,0,Pass,High Risk,0.1657742816473493,0.1914613227405539,0.8085386772594461,3,sensor_511,81.106,0.008109971770534376,0.008109971770534376,Increases failure risk
WF-000166,0,Pass,High Risk,0.1657742816473493,0.1914613227405539,0.8085386772594461,4,sensor_470,3.0904,-0.007673009197352581,0.007673009197352581,Decreases failure risk
WF-000166,0,Pass,High Risk,0.1657742816473493,0.1914613227405539,0.8085386772594461,5,sensor_563,243.998,0.00756383625459988,0.00756383625459988,Increases failure risk
WF-000166,0,Pass,High Risk,0.1657742816473493,0.1914613227405539,0.8085386772594461,6,sensor_201,10.44,-0.007267678977331127,0.007267678977331127,Decreases failure risk
WF-000166,0,Pass,High Risk,0.1657742816473493,0.1914613227405539,0.8085386772594461,7,sensor_520,51.2926,0.0068467409327192625,0.0068467409327192625,Increases failure risk
WF-000166,0,Pass,High Risk,0.1657742816473493,0.1914613227405539,0.8085386772594461,8,sensor_480,1.6711,-0.006483421932232165,0.006483421932232165,Decreases failure risk
WF-000166,0,Pass,High Risk,0.1657742816473493,0.1914613227405539,0.8085386772594461,9,sensor_015,4.4656,0.006325308739896152,0.006325308739896152,Increases failure risk
WF-000166,0,Pass,High Risk,0.1657742816473493,0.1914613227405539,0.8085386772594461,10,sensor_478,4.4067,-0.006209030060351513,0.006209030060351513,Decreases failure risk
WF-000726,0,Pass,Low Risk,0.0244293874887086,0.3836933107337407,0.6163066892662593,1,sensor_104,-0.0114,-0.0144914582402663,0.0144914582402663,Decreases failure risk
WF-000726,0,Pass,Low Risk,0.0244293874887086,0.3836933107337407,0.6163066892662593,2,sensor_478,9.2499,0.012621586606397823,0.012621586606397823,Increases failure risk
WF-000726,0,Pass,Low Risk,0.0244293874887086,0.3836933107337407,0.6163066892662593,3,sensor_206,13.74,0.010082495027110847,0.010082495027110847,Increases failure risk
WF-000726,0,Pass,Low Risk,0.0244293874887086,0.3836933107337407,0.6163066892662593,4,sensor_060,1.9491,-0.0061479789245804505,0.0061479789245804505,Decreases failure risk
WF-000726,0,Pass,Low Risk,0.0244293874887086,0.3836933107337407,0.6163066892662593,5,sensor_342,3.4161,0.0056893386751593255,0.0056893386751593255,Increases failure risk
WF-000726,0,Pass,Low Risk,0.0244293874887086,0.3836933107337407,0.6163066892662593,6,sensor_201,12.7,-0.005478321804934699,0.005478321804934699,Decreases failure risk
WF-000726,0,Pass,Low Risk,0.0244293874887086,0.3836933107337407,0.6163066892662593,7,sensor_511,32.3497,-0.005358577414749863,0.005358577414749863,Decreases failure risk
WF-000726,0,Pass,Low Risk,0.0244293874887086,0.3836933107337407,0.6163066892662593,8,sensor_469,461.2407,-0.005331150241036737,0.005331150241036737,Decreases failure risk
WF-000726,0,Pass,Low Risk,0.0244293874887086,0.3836933107337407,0.6163066892662593,9,sensor_317,6.8891,-0.005158048198070117,0.005158048198070117,Decreases failure risk
WF-000726,0,Pass,Low Risk,0.0244293874887086,0.3836933107337407,0.6163066892662593,10,sensor_065,18.0509,-0.004761452143701082,0.004761452143701082,Decreases failure risk
WF-001434,0,Pass,Low Risk,0.0166559513486499,0.4554073052708655,0.5445926947291345,1,sensor_034,8.3845,-0.017404070468924636,0.017404070468924636,Decreases failure risk
WF-001434,0,Pass,Low Risk,0.0166559513486499,0.4554073052708655,0.5445926947291345,2,sensor_104,-0.0117,-0.013665406573240117,0.013665406573240117,Decreases failure risk
WF-001434,0,Pass,Low Risk,0.0166559513486499,0.4554073052708655,0.5445926947291345,3,sensor_060,-2.8245,-0.008444872299119005,0.008444872299119005,Decreases failure risk
WF-001434,0,Pass,Low Risk,0.0166559513486499,0.4554073052708655,0.5445926947291345,4,sensor_489,0.0,0.006804264546593448,0.006804264546593448,Increases failure risk
WF-001434,0,Pass,Low Risk,0.0166559513486499,0.4554073052708655,0.5445926947291345,5,sensor_206,4.26,-0.0061867879704521145,0.0061867879704521145,Decreases failure risk
WF-001434,0,Pass,Low Risk,0.0166559513486499,0.4554073052708655,0.5445926947291345,6,sensor_125,15.67,-0.0057620835146282275,0.0057620835146282275,Decreases failure risk
WF-001434,0,Pass,Low Risk,0.0166559513486499,0.4554073052708655,0.5445926947291345,7,sensor_478,2.9356,-0.005466722118667929,0.005466722118667929,Decreases failure risk
WF-001434,0,Pass,Low Risk,0.0166559513486499,0.4554073052708655,0.5445926947291345,8,sensor_029,74.2889,-0.005419483934985363,0.005419483934985363,Decreases failure risk
WF-001434,0,Pass,Low Risk,0.0166559513486499,0.4554073052708655,0.5445926947291345,9,sensor_181,23.08,-0.005402865896390558,0.005402865896390558,Decreases failure risk
WF-001434,0,Pass,Low Risk,0.0166559513486499,0.4554073052708655,0.5445926947291345,10,sensor_342,1.2844,-0.0050432801286864545,0.0050432801286864545,Decreases failure risk
WF-000343,0,Pass,High Risk,0.0814487425053567,0.3783979819284401,0.6216020180715599,1,sensor_104,-0.0072,0.01330183411709178,0.01330183411709178,Increases failure risk
WF-000343,0,Pass,High Risk,0.0814487425053567,0.3783979819284401,0.6216020180715599,2,sensor_060,-0.5691,-0.008246046132569528,0.008246046132569528,Decreases failure risk
WF-000343,0,Pass,High Risk,0.0814487425053567,0.3783979819284401,0.6216020180715599,3,sensor_511,76.6551,0.007984189102990993,0.007984189102990993,Increases failure risk
WF-000343,0,Pass,High Risk,0.0814487425053567,0.3783979819284401,0.6216020180715599,4,sensor_317,8.067,-0.0077361411451353085,0.0077361411451353085,Decreases failure risk
WF-000343,0,Pass,High Risk,0.0814487425053567,0.3783979819284401,0.6216020180715599,5,sensor_478,3.3826,-0.007506916907258076,0.007506916907258076,Decreases failure risk
WF-000343,0,Pass,High Risk,0.0814487425053567,0.3783979819284401,0.6216020180715599,6,sensor_034,9.2291,0.006896546250231458,0.006896546250231458,Increases failure risk
WF-000343,0,Pass,High Risk,0.0814487425053567,0.3783979819284401,0.6216020180715599,7,sensor_206,4.89,-0.006438111195939779,0.006438111195939779,Decreases failure risk
WF-000343,0,Pass,High Risk,0.0814487425053567,0.3783979819284401,0.6216020180715599,8,sensor_181,22.38,-0.006115001394300533,0.006115001394300533,Decreases failure risk
WF-000343,0,Pass,High Risk,0.0814487425053567,0.3783979819284401,0.6216020180715599,9,sensor_022,-6420.25,-0.006014547947758388,0.006014547947758388,Decreases failure risk
WF-000343,0,Pass,High Risk,0.0814487425053567,0.3783979819284401,0.6216020180715599,10,sensor_453,6.3942,-0.005714652150428687,0.005714652150428687,Decreases failure risk
WF-000878,0,Pass,Engineering Review,0.0476016467646207,0.4280493425309995,0.5719506574690005,1,sensor_104,-0.0107,-0.015454763565234673,0.015454763565234673,Decreases failure risk
WF-000878,0,Pass,Engineering Review,0.0476016467646207,0.4280493425309995,0.5719506574690005,2,sensor_214,0.0271,-0.012240502114555893,0.012240502114555893,Decreases failure risk
WF-000878,0,Pass,Engineering Review,0.0476016467646207,0.4280493425309995,0.5719506574690005,3,sensor_352,0.0117,-0.01209837840065872,0.01209837840065872,Decreases failure risk
WF-000878,0,Pass,Engineering Review,0.0476016467646207,0.4280493425309995,0.5719506574690005,4,sensor_060,0.4527,-0.009339693151397635,0.009339693151397635,Decreases failure risk
WF-000878,0,Pass,Engineering Review,0.0476016467646207,0.4280493425309995,0.5719506574690005,5,sensor_206,11.02,0.006003471312413561,0.006003471312413561,Increases failure risk
WF-000878,0,Pass,Engineering Review,0.0476016467646207,0.4280493425309995,0.5719506574690005,6,sensor_342,3.3488,0.005901936270861814,0.005901936270861814,Increases failure risk
WF-000878,0,Pass,Engineering Review,0.0476016467646207,0.4280493425309995,0.5719506574690005,7,sensor_317,6.5385,-0.005793024415015997,0.005793024415015997,Decreases failure risk
WF-000878,0,Pass,Engineering Review,0.0476016467646207,0.4280493425309995,0.5719506574690005,8,sensor_511,45.741,-0.005266032288909844,0.005266032288909844,Decreases failure risk
WF-000878,0,Pass,Engineering Review,0.0476016467646207,0.4280493425309995,0.5719506574690005,9,sensor_029,73.4333,-0.0049948893551729255,0.0049948893551729255,Decreases failure risk
WF-000878,0,Pass,Engineering Review,0.0476016467646207,0.4280493425309995,0.5719506574690005,10,sensor_478,7.173,0.004512507048573245,0.004512507048573245,Increases failure risk
WF-000707,0,Pass,Engineering Review,0.0603287179363219,0.3132411319876761,0.6867588680123238,1,sensor_032,4.6556,-0.012056228954816256,0.012056228954816256,Decreases failure risk
WF-000707,0,Pass,Engineering Review,0.0603287179363219,0.3132411319876761,0.6867588680123238,2,sensor_104,-0.0075,0.011105525262699562,0.011105525262699562,Increases failure risk
WF-000707,0,Pass,Engineering Review,0.0603287179363219,0.3132411319876761,0.6867588680123238,3,sensor_478,9.366,0.009813087410018075,0.009813087410018075,Increases failure risk
WF-000707,0,Pass,Engineering Review,0.0603287179363219,0.3132411319876761,0.6867588680123238,4,sensor_511,120.603,0.009114955509766222,0.009114955509766222,Increases failure risk
WF-000707,0,Pass,Engineering Review,0.0603287179363219,0.3132411319876761,0.6867588680123238,5,sensor_206,13.49,0.007909878502622706,0.007909878502622706,Increases failure risk
WF-000707,0,Pass,Engineering Review,0.0603287179363219,0.3132411319876761,0.6867588680123238,6,sensor_342,4.0469,0.007640301324824847,0.007640301324824847,Increases failure risk
WF-000707,0,Pass,Engineering Review,0.0603287179363219,0.3132411319876761,0.6867588680123238,7,sensor_378,0.002,-0.005671036978701675,0.005671036978701675,Decreases failure risk
WF-000707,0,Pass,Engineering Review,0.0603287179363219,0.3132411319876761,0.6867588680123238,8,sensor_469,462.987,-0.005646658791991733,0.005646658791991733,Decreases failure risk
WF-000707,0,Pass,Engineering Review,0.0603287179363219,0.3132411319876761,0.6867588680123238,9,sensor_060,1.54,-0.005618239885880099,0.005618239885880099,Decreases failure risk
WF-000707,0,Pass,Engineering Review,0.0603287179363219,0.3132411319876761,0.6867588680123238,10,sensor_020,12.3865,-0.005573668291721449,0.005573668291721449,Decreases failure risk
WF-000346,0,Pass,High Risk,0.1503474571733584,0.2776952390899502,0.7223047609100497,1,sensor_034,8.3324,-0.018600387795940723,0.018600387795940723,Decreases failure risk
WF-000346,0,Pass,High Risk,0.1503474571733584,0.2776952390899502,0.7223047609100497,2,sensor_104,-0.0026,0.01730268784656873,0.01730268784656873,Increases failure risk
WF-000346,0,Pass,High Risk,0.1503474571733584,0.2776952390899502,0.7223047609100497,3,sensor_060,-5.6018,-0.00960371618597173,0.00960371618597173,Decreases failure risk
WF-000346,0,Pass,High Risk,0.1503474571733584,0.2776952390899502,0.7223047609100497,4,sensor_511,247.343,0.009223206282268482,0.009223206282268482,Increases failure risk
WF-000346,0,Pass,High Risk,0.1503474571733584,0.2776952390899502,0.7223047609100497,5,sensor_444,0.4691,-0.006266075425038651,0.006266075425038651,Decreases failure risk
WF-000346,0,Pass,High Risk,0.1503474571733584,0.2776952390899502,0.7223047609100497,6,sensor_476,6.4232,0.0058952456157982756,0.0058952456157982756,Increases failure risk
WF-000346,0,Pass,High Risk,0.1503474571733584,0.2776952390899502,0.7223047609100497,7,sensor_564,0.8469,-0.005884039246899663,0.005884039246899663,Decreases failure risk
WF-000346,0,Pass,High Risk,0.1503474571733584,0.2776952390899502,0.7223047609100497,8,sensor_153,1.2359,0.005791400074216608,0.005791400074216608,Increases failure risk
WF-000346,0,Pass,High Risk,0.1503474571733584,0.2776952390899502,0.7223047609100497,9,sensor_432,10.3137,-0.005612523918063553,0.005612523918063553,Decreases failure risk
WF-000346,0,Pass,High Risk,0.1503474571733584,0.2776952390899502,0.7223047609100497,10,sensor_065,25.6018,0.004945461714066615,0.004945461714066615,Increases failure risk
WF-000042,0,Pass,Engineering Review,0.0756628180524629,0.3290151653638155,0.6709848346361845,1,sensor_104,-0.0077,0.01059937813140651,0.01059937813140651,Increases failure risk
WF-000042,0,Pass,Engineering Review,0.0756628180524629,0.3290151653638155,0.6709848346361845,2,sensor_060,-2.6636,-0.00957104099443355,0.00957104099443355,Decreases failure risk
WF-000042,0,Pass,Engineering Review,0.0756628180524629,0.3290151653638155,0.6709848346361845,3,sensor_511,21.9709,-0.007569971049544196,0.007569971049544196,Decreases failure risk
WF-000042,0,Pass,Engineering Review,0.0756628180524629,0.3290151653638155,0.6709848346361845,4,sensor_478,3.9721,-0.007166847115864876,0.007166847115864876,Decreases failure risk
WF-000042,0,Pass,Engineering Review,0.0756628180524629,0.3290151653638155,0.6709848346361845,5,sensor_015,5.7909,0.006704324606491154,0.006704324606491154,Increases failure risk
WF-000042,0,Pass,Engineering Review,0.0756628180524629,0.3290151653638155,0.6709848346361845,6,sensor_206,6.0,-0.006345852867818873,0.006345852867818873,Decreases failure risk
WF-000042,0,Pass,Engineering Review,0.0756628180524629,0.3290151653638155,0.6709848346361845,7,sensor_432,6.4464,-0.005661599335881773,0.005661599335881773,Decreases failure risk
WF-000042,0,Pass,Engineering Review,0.0756628180524629,0.3290151653638155,0.6709848346361845,8,sensor_489,0.0,0.005520362836793599,0.005520362836793599,Increases failure risk
WF-000042,0,Pass,Engineering Review,0.0756628180524629,0.3290151653638155,0.6709848346361845,9,sensor_453,6.3399,-0.00501564733447118,0.00501564733447118,Decreases failure risk
WF-000042,0,Pass,Engineering Review,0.0756628180524629,0.3290151653638155,0.6709848346361845,10,sensor_181,22.25,-0.0049324759955256745,0.0049324759955256745,Decreases failure risk
WF-000818,0,Pass,Low Risk,0.0281330288721425,0.3894378725844454,0.6105621274155546,1,sensor_034,8.3006,-0.017904062521780072,0.017904062521780072,Decreases failure risk
WF-000818,0,Pass,Low Risk,0.0281330288721425,0.3894378725844454,0.6105621274155546,2,sensor_104,-0.0103,-0.011711255899846153,0.011711255899846153,Decreases failure risk
WF-000818,0,Pass,Low Risk,0.0281330288721425,0.3894378725844454,0.6105621274155546,3,sensor_424,136.2385,0.008390496355781872,0.008390496355781872,Increases failure risk
WF-000818,0,Pass,Low Risk,0.0281330288721425,0.3894378725844454,0.6105621274155546,4,sensor_131,0.6697,-0.00799124585988342,0.00799124585988342,Decreases failure risk
WF-000818,0,Pass,Low Risk,0.0281330288721425,0.3894378725844454,0.6105621274155546,5,sensor_029,75.6222,-0.007409944348473853,0.007409944348473853,Decreases failure risk
WF-000818,0,Pass,Low Risk,0.0281330288721425,0.3894378725844454,0.6105621274155546,6,sensor_123,4.754,-0.0059916173152367545,0.0059916173152367545,Decreases failure risk
WF-000818,0,Pass,Low Risk,0.0281330288721425,0.3894378725844454,0.6105621274155546,7,sensor_548,392.662,-0.005641744685051656,0.005641744685051656,Decreases failure risk
WF-000818,0,Pass,Low Risk,0.0281330288721425,0.3894378725844454,0.6105621274155546,8,sensor_511,38.9294,-0.005333723551454703,0.005333723551454703,Decreases failure risk
WF-000818,0,Pass,Low Risk,0.0281330288721425,0.3894378725844454,0.6105621274155546,9,sensor_082,0.0584,0.0052289816307253085,0.0052289816307253085,Increases failure risk
WF-000818,0,Pass,Low Risk,0.0281330288721425,0.3894378725844454,0.6105621274155546,10,sensor_125,15.67,-0.005127119762142234,0.005127119762142234,Decreases failure risk
WF-001053,0,Pass,Engineering Review,0.0571068407006044,0.3260177654300574,0.6739822345699427,1,sensor_104,-0.0125,-0.0181309484934348,0.0181309484934348,Decreases failure risk
WF-001053,0,Pass,Engineering Review,0.0571068407006044,0.3260177654300574,0.6739822345699427,2,sensor_060,-2.0655,-0.008940892376037955,0.008940892376037955,Decreases failure risk
WF-001053,0,Pass,Engineering Review,0.0571068407006044,0.3260177654300574,0.6739822345699427,3,sensor_511,29.6,-0.00783319578275242,0.00783319578275242,Decreases failure risk
WF-001053,0,Pass,Engineering Review,0.0571068407006044,0.3260177654300574,0.6739822345699427,4,sensor_206,5.78,-0.007274882906010876,0.007274882906010876,Decreases failure risk
WF-001053,0,Pass,Engineering Review,0.0571068407006044,0.3260177654300574,0.6739822345699427,5,sensor_130,-3.119,-0.007052242674235262,0.007052242674235262,Decreases failure risk
WF-001053,0,Pass,Engineering Review,0.0571068407006044,0.3260177654300574,0.6739822345699427,6,sensor_578,24.3541,-0.006740810517775044,0.006740810517775044,Decreases failure risk
WF-001053,0,Pass,Engineering Review,0.0571068407006044,0.3260177654300574,0.6739822345699427,7,sensor_470,4.5869,-0.005702222075076701,0.005702222075076701,Decreases failure risk
WF-001053,0,Pass,Engineering Review,0.0571068407006044,0.3260177654300574,0.6739822345699427,8,sensor_478,3.8622,-0.0056795188447478825,0.0056795188447478825,Decreases failure risk
WF-001053,0,Pass,Engineering Review,0.0571068407006044,0.3260177654300574,0.6739822345699427,9,sensor_485,923.1504,-0.005221041208621394,0.005221041208621394,Decreases failure risk
WF-001053,0,Pass,Engineering Review,0.0571068407006044,0.3260177654300574,0.6739822345699427,10,sensor_574,0.4584,-0.0051323033389628556,0.0051323033389628556,Decreases failure risk
WF-000931,0,Pass,Low Risk,0.0165529979837179,0.4253630165164818,0.5746369834835182,1,sensor_034,8.3663,-0.016096723210187538,0.016096723210187538,Decreases failure risk
WF-000931,0,Pass,Low Risk,0.0165529979837179,0.4253630165164818,0.5746369834835182,2,sensor_131,0.562,-0.014791743884699617,0.014791743884699617,Decreases failure risk
WF-000931,0,Pass,Low Risk,0.0165529979837179,0.4253630165164818,0.5746369834835182,3,sensor_104,-0.0118,-0.014062448526648225,0.014062448526648225,Decreases failure risk
WF-000931,0,Pass,Low Risk,0.0165529979837179,0.4253630165164818,0.5746369834835182,4,sensor_520,4.0282,-0.010587230985524235,0.010587230985524235,Decreases failure risk
WF-000931,0,Pass,Low Risk,0.0165529979837179,0.4253630165164818,0.5746369834835182,5,sensor_248,0.0185,-0.008349986338787986,0.008349986338787986,Decreases failure risk
WF-000931,0,Pass,Low Risk,0.0165529979837179,0.4253630165164818,0.5746369834835182,6,sensor_126,1.801,-0.007327975401751099,0.007327975401751099,Decreases failure risk
WF-000931,0,Pass,Low Risk,0.0165529979837179,0.4253630165164818,0.5746369834835182,7,sensor_060,0.9909,-0.006888381615586819,0.006888381615586819,Decreases failure risk
WF-000931,0,Pass,Low Risk,0.0165529979837179,0.4253630165164818,0.5746369834835182,8,sensor_153,1.2251,0.006515897680763657,0.006515897680763657,Increases failure risk
WF-000931,0,Pass,Low Risk,0.0165529979837179,0.4253630165164818,0.5746369834835182,9,sensor_130,-3.025,-0.005925848198796377,0.005925848198796377,Decreases failure risk
WF-000931,0,Pass,Low Risk,0.0165529979837179,0.4253630165164818,0.5746369834835182,10,sensor_029,75.3889,-0.005912853252981692,0.005912853252981692,Decreases failure risk
WF-000477,0,Pass,Engineering Review,0.0565693144170977,0.3368026790197262,0.6631973209802737,1,sensor_131,0.6556,-0.01210164109841624,0.01210164109841624,Decreases failure risk
WF-000477,0,Pass,Engineering Review,0.0565693144170977,0.3368026790197262,0.6631973209802737,2,sensor_060,9.4864,0.011385735793575312,0.011385735793575312,Increases failure risk
WF-000477,0,Pass,Engineering Review,0.0565693144170977,0.3368026790197262,0.6631973209802737,3,sensor_104,-0.013,-0.010927493021073265,0.010927493021073265,Decreases failure risk
WF-000477,0,Pass,Engineering Review,0.0565693144170977,0.3368026790197262,0.6631973209802737,4,sensor_065,30.5136,0.009606961157293252,0.009606961157293252,Increases failure risk
WF-000477,0,Pass,Engineering Review,0.0565693144170977,0.3368026790197262,0.6631973209802737,5,sensor_064,23.5409,0.006951539017382862,0.006951539017382862,Increases failure risk
WF-000477,0,Pass,Engineering Review,0.0565693144170977,0.3368026790197262,0.6631973209802737,6,sensor_478,4.1354,-0.0059468586412028904,0.0059468586412028904,Decreases failure risk
WF-000477,0,Pass,Engineering Review,0.0565693144170977,0.3368026790197262,0.6631973209802737,7,sensor_511,39.1179,-0.004913621665999589,0.004913621665999589,Decreases failure risk
WF-000477,0,Pass,Engineering Review,0.0565693144170977,0.3368026790197262,0.6631973209802737,8,sensor_206,6.33,-0.004621205408599424,0.004621205408599424,Decreases failure risk
WF-000477,0,Pass,Engineering Review,0.0565693144170977,0.3368026790197262,0.6631973209802737,9,sensor_034,8.5687,-0.00428631402228529,0.00428631402228529,Decreases failure risk
WF-000477,0,Pass,Engineering Review,0.0565693144170977,0.3368026790197262,0.6631973209802737,10,sensor_578,24.3991,-0.004245327314387223,0.004245327314387223,Decreases failure risk
WF-001440,0,Pass,Low Risk,0.0165250016048479,0.4762158040410568,0.5237841959589431,1,sensor_104,-0.0119,-0.015560370536870467,0.015560370536870467,Decreases failure risk
WF-001440,0,Pass,Low Risk,0.0165250016048479,0.4762158040410568,0.5237841959589431,2,sensor_034,8.3675,-0.013956658385298651,0.013956658385298651,Decreases failure risk
WF-001440,0,Pass,Low Risk,0.0165250016048479,0.4762158040410568,0.5237841959589431,3,sensor_131,0.6567,-0.009879298595930711,0.009879298595930711,Decreases failure risk
WF-001440,0,Pass,Low Risk,0.0165250016048479,0.4762158040410568,0.5237841959589431,4,sensor_060,-3.5064,-0.00930581417128891,0.00930581417128891,Decreases failure risk
WF-001440,0,Pass,Low Risk,0.0165250016048479,0.4762158040410568,0.5237841959589431,5,sensor_126,1.465,-0.006665918274701164,0.006665918274701164,Decreases failure risk
WF-001440,0,Pass,Low Risk,0.0165250016048479,0.4762158040410568,0.5237841959589431,6,sensor_317,8.0069,-0.006245145338017278,0.006245145338017278,Decreases failure risk
WF-001440,0,Pass,Low Risk,0.0165250016048479,0.4762158040410568,0.5237841959589431,7,sensor_478,4.9671,-0.005151505639987803,0.005151505639987803,Decreases failure risk
WF-001440,0,Pass,Low Risk,0.0165250016048479,0.4762158040410568,0.5237841959589431,8,sensor_181,24.07,-0.004491967016613516,0.004491967016613516,Decreases failure risk
WF-001440,0,Pass,Low Risk,0.0165250016048479,0.4762158040410568,0.5237841959589431,9,sensor_310,0.0799,-0.004369401211021884,0.004369401211021884,Decreases failure risk
WF-001440,0,Pass,Low Risk,0.0165250016048479,0.4762158040410568,0.5237841959589431,10,sensor_127,2.495,-0.004258415360910043,0.004258415360910043,Decreases failure risk
WF-000863,0,Pass,Low Risk,0.0273019774078918,0.366494642523697,0.633505357476303,1,sensor_034,8.272,-0.016977169611749738,0.016977169611749738,Decreases failure risk
WF-000863,0,Pass,Low Risk,0.0273019774078918,0.366494642523697,0.633505357476303,2,sensor_131,0.5325,-0.014445333345839839,0.014445333345839839,Decreases failure risk
WF-000863,0,Pass,Low Risk,0.0273019774078918,0.366494642523697,0.633505357476303,3,sensor_248,0.0177,-0.007932748089384415,0.007932748089384415,Decreases failure risk
WF-000863,0,Pass,Low Risk,0.0273019774078918,0.366494642523697,0.633505357476303,4,sensor_424,136.486,0.007595692812639533,0.007595692812639533,Increases failure risk
WF-000863,0,Pass,Low Risk,0.0273019774078918,0.366494642523697,0.633505357476303,5,sensor_104,-0.0084,0.00666863810445308,0.00666863810445308,Increases failure risk
WF-000863,0,Pass,Low Risk,0.0273019774078918,0.366494642523697,0.633505357476303,6,sensor_126,1.607,-0.006036468504232806,0.006036468504232806,Decreases failure risk
WF-000863,0,Pass,Low Risk,0.0273019774078918,0.366494642523697,0.633505357476303,7,sensor_181,26.66,-0.005929575966340825,0.005929575966340825,Decreases failure risk
WF-000863,0,Pass,Low Risk,0.0273019774078918,0.366494642523697,0.633505357476303,8,sensor_317,6.9159,-0.005792724166159638,0.005792724166159638,Decreases failure risk
WF-000863,0,Pass,Low Risk,0.0273019774078918,0.366494642523697,0.633505357476303,9,sensor_029,74.0333,-0.005767766415912384,0.005767766415912384,Decreases failure risk
WF-000863,0,Pass,Low Risk,0.0273019774078918,0.366494642523697,0.633505357476303,10,sensor_123,6.09,-0.005577098885822432,0.005577098885822432,Decreases failure risk
WF-001006,0,Pass,Low Risk,0.0324334385598817,0.3797129555353371,0.6202870444646629,1,sensor_104,-0.0103,-0.01317770972158102,0.01317770972158102,Decreases failure risk
WF-001006,0,Pass,Low Risk,0.0324334385598817,0.3797129555353371,0.6202870444646629,2,sensor_060,-2.2636,-0.010441029522370969,0.010441029522370969,Decreases failure risk
WF-001006,0,Pass,Low Risk,0.0324334385598817,0.3797129555353371,0.6202870444646629,3,sensor_130,-2.93,-0.00874248759029415,0.00874248759029415,Decreases failure risk
WF-001006,0,Pass,Low Risk,0.0324334385598817,0.3797129555353371,0.6202870444646629,4,sensor_206,5.09,-0.008396952282325645,0.008396952282325645,Decreases failure risk
WF-001006,0,Pass,Low Risk,0.0324334385598817,0.3797129555353371,0.6202870444646629,5,sensor_478,3.5046,-0.007303595538151847,0.007303595538151847,Decreases failure risk
WF-001006,0,Pass,Low Risk,0.0324334385598817,0.3797129555353371,0.6202870444646629,6,sensor_389,19.2833,-0.005566200070095081,0.005566200070095081,Decreases failure risk
WF-001006,0,Pass,Low Risk,0.0324334385598817,0.3797129555353371,0.6202870444646629,7,sensor_578,96.9601,-0.005163107148926755,0.005163107148926755,Decreases failure risk
WF-001006,0,Pass,Low Risk,0.0324334385598817,0.3797129555353371,0.6202870444646629,8,sensor_342,1.4049,-0.005155181665517984,0.005155181665517984,Decreases failure risk
WF-001006,0,Pass,Low Risk,0.0324334385598817,0.3797129555353371,0.6202870444646629,9,sensor_432,10.163,-0.005128152267067941,0.005128152267067941,Decreases failure risk
WF-001006,0,Pass,Low Risk,0.0324334385598817,0.3797129555353371,0.6202870444646629,10,sensor_511,45.8537,-0.004953558725139783,0.004953558725139783,Decreases failure risk
WF-000012,1,Fail,High Risk,0.1668514943075023,0.2937924923504683,0.7062075076495318,1,sensor_104,-0.0059,0.015651962635653355,0.015651962635653355,Increases failure risk
WF-000012,1,Fail,High Risk,0.1668514943075023,0.2937924923504683,0.7062075076495318,2,sensor_060,25.0836,0.013285868000693278,0.013285868000693278,Increases failure risk
WF-000012,1,Fail,High Risk,0.1668514943075023,0.2937924923504683,0.7062075076495318,3,sensor_342,3.9784,0.00800722544549679,0.00800722544549679,Increases failure risk
WF-000012,1,Fail,High Risk,0.1668514943075023,0.2937924923504683,0.7062075076495318,4,sensor_389,13.9769,-0.007659470195111563,0.007659470195111563,Decreases failure risk
WF-000012,1,Fail,High Risk,0.1668514943075023,0.2937924923504683,0.7062075076495318,5,sensor_478,8.3929,0.006671872927902903,0.006671872927902903,Increases failure risk
WF-000012,1,Fail,High Risk,0.1668514943075023,0.2937924923504683,0.7062075076495318,6,sensor_476,5.6355,0.0059706363901923885,0.0059706363901923885,Increases failure risk
WF-000012,1,Fail,High Risk,0.1668514943075023,0.2937924923504683,0.7062075076495318,7,sensor_548,399.092,-0.005519175268899235,0.005519175268899235,Decreases failure risk
WF-000012,1,Fail,High Risk,0.1668514943075023,0.2937924923504683,0.7062075076495318,8,sensor_034,9.6234,0.005086028647293314,0.005086028647293314,Increases failure risk
WF-000012,1,Fail,High Risk,0.1668514943075023,0.2937924923504683,0.7062075076495318,9,sensor_378,0.0024,-0.004655467323362073,0.004655467323362073,Decreases failure risk
WF-000012,1,Fail,High Risk,0.1668514943075023,0.2937924923504683,0.7062075076495318,10,sensor_181,15.08,0.004582306774243995,0.004582306774243995,Increases failure risk
WF-000010,0,Pass,High Risk,0.1258533507077436,0.251946873678118,0.7480531263218819,1,sensor_060,28.3118,0.010939173911518687,0.010939173911518687,Increases failure risk
WF-000010,0,Pass,High Risk,0.1258533507077436,0.251946873678118,0.7480531263218819,2,sensor_104,-0.0073,0.010613287917782526,0.010613287917782526,Increases failure risk
WF-000010,0,Pass,High Risk,0.1258533507077436,0.251946873678118,0.7480531263218819,3,sensor_342,6.2758,0.009886244657999248,0.009886244657999248,Increases failure risk
WF-000010,0,Pass,High Risk,0.1258533507077436,0.251946873678118,0.7480531263218819,4,sensor_478,16.9701,0.009012939026795999,0.009012939026795999,Increases failure risk
WF-000010,0,Pass,High Risk,0.1258533507077436,0.251946873678118,0.7480531263218819,5,sensor_206,24.97,0.007418480610228259,0.007418480610228259,Increases failure risk
WF-000010,0,Pass,High Risk,0.1258533507077436,0.251946873678118,0.7480531263218819,6,sensor_201,5.58,-0.007036740453932866,0.007036740453932866,Decreases failure risk
WF-000010,0,Pass,High Risk,0.1258533507077436,0.251946873678118,0.7480531263218819,7,sensor_470,4.07,-0.006093478383695967,0.006093478383695967,Decreases failure risk
WF-000010,0,Pass,High Risk,0.1258533507077436,0.251946873678118,0.7480531263218819,8,sensor_548,396.504,-0.00596478667520535,0.00596478667520535,Decreases failure risk
WF-000010,0,Pass,High Risk,0.1258533507077436,0.251946873678118,0.7480531263218819,9,sensor_511,86.0068,0.005717811860637677,0.005717811860637677,Increases failure risk
WF-000010,0,Pass,High Risk,0.1258533507077436,0.251946873678118,0.7480531263218819,10,sensor_015,12.4278,-0.004975999955846087,0.004975999955846087,Decreases failure risk
WF-000314,0,Pass,Engineering Review,0.0537917052352995,0.3075440111153305,0.6924559888846695,1,sensor_131,0.6518,-0.015834638508781182,0.015834638508781182,Decreases failure risk
WF-000314,0,Pass,Engineering Review,0.0537917052352995,0.3075440111153305,0.6924559888846695,2,sensor_104,-0.0093,-0.010377342500429649,0.010377342500429649,Decreases failure risk
WF-000314,0,Pass,Engineering Review,0.0537917052352995,0.3075440111153305,0.6924559888846695,3,sensor_060,-2.9273,-0.010173954610843057,0.010173954610843057,Decreases failure risk
WF-000314,0,Pass,Engineering Review,0.0537917052352995,0.3075440111153305,0.6924559888846695,4,sensor_126,1.38,-0.006405870595296948,0.006405870595296948,Decreases failure risk
WF-000314,0,Pass,Engineering Review,0.0537917052352995,0.3075440111153305,0.6924559888846695,5,sensor_036,78.254,-0.006136918522062184,0.006136918522062184,Decreases failure risk
WF-000314,0,Pass,Engineering Review,0.0537917052352995,0.3075440111153305,0.6924559888846695,6,sensor_310,0.0549,-0.005517029141994526,0.005517029141994526,Decreases failure risk
WF-000314,0,Pass,Engineering Review,0.0537917052352995,0.3075440111153305,0.6924559888846695,7,sensor_188,11.01,-0.005345527557815287,0.005345527557815287,Decreases failure risk
WF-000314,0,Pass,Engineering Review,0.0537917052352995,0.3075440111153305,0.6924559888846695,8,sensor_317,4.9208,0.005296175099530281,0.005296175099530281,Increases failure risk
WF-000314,0,Pass,Engineering Review,0.0537917052352995,0.3075440111153305,0.6924559888846695,9,sensor_349,0.0622,0.004916530651453971,0.004916530651453971,Increases failure risk
WF-000314,0,Pass,Engineering Review,0.0537917052352995,0.3075440111153305,0.6924559888846695,10,sensor_574,0.1571,0.004748642384397721,0.004748642384397721,Increases failure risk
WF-001353,0,Pass,Engineering Review,0.0374863500412216,0.4511255989912256,0.5488744010087744,1,sensor_104,-0.0125,-0.01621149148014029,0.01621149148014029,Decreases failure risk
WF-001353,0,Pass,Engineering Review,0.0374863500412216,0.4511255989912256,0.5488744010087744,2,sensor_060,-2.2373,-0.008017858609783777,0.008017858609783777,Decreases failure risk
WF-001353,0,Pass,Engineering Review,0.0374863500412216,0.4511255989912256,0.5488744010087744,3,sensor_201,10.28,-0.006935477304158567,0.006935477304158567,Decreases failure risk
WF-001353,0,Pass,Engineering Review,0.0374863500412216,0.4511255989912256,0.5488744010087744,4,sensor_564,0.9067,-0.006880655215195867,0.006880655215195867,Decreases failure risk
WF-001353,0,Pass,Engineering Review,0.0374863500412216,0.4511255989912256,0.5488744010087744,5,sensor_511,33.7011,-0.006460369072288849,0.006460369072288849,Decreases failure risk
WF-001353,0,Pass,Engineering Review,0.0374863500412216,0.4511255989912256,0.5488744010087744,6,sensor_034,9.1637,0.006118657434714302,0.006118657434714302,Increases failure risk
WF-001353,0,Pass,Engineering Review,0.0374863500412216,0.4511255989912256,0.5488744010087744,7,sensor_389,11.5872,-0.005341873859473712,0.005341873859473712,Decreases failure risk
WF-001353,0,Pass,Engineering Review,0.0374863500412216,0.4511255989912256,0.5488744010087744,8,sensor_056,2828.0,0.005315823731695154,0.005315823731695154,Increases failure risk
WF-001353,0,Pass,Engineering Review,0.0374863500412216,0.4511255989912256,0.5488744010087744,9,sensor_317,6.4999,-0.005187950342912506,0.005187950342912506,Decreases failure risk
WF-001353,0,Pass,Engineering Review,0.0374863500412216,0.4511255989912256,0.5488744010087744,10,sensor_020,12.2747,-0.004317145684899209,0.004317145684899209,Decreases failure risk
WF-001176,0,Pass,Low Risk,0.0331359064005779,0.3554022809060008,0.6445977190939991,1,sensor_104,-0.0148,-0.011104921495031797,0.011104921495031797,Decreases failure risk
WF-001176,0,Pass,Low Risk,0.0331359064005779,0.3554022809060008,0.6445977190939991,2,sensor_248,0.0,-0.008484264780345915,0.008484264780345915,Decreases failure risk
WF-001176,0,Pass,Low Risk,0.0331359064005779,0.3554022809060008,0.6445977190939991,3,sensor_520,0.0,-0.008390170518158453,0.008390170518158453,Decreases failure risk
WF-001176,0,Pass,Low Risk,0.0331359064005779,0.3554022809060008,0.6445977190939991,4,sensor_317,9.1287,-0.007089101248055652,0.007089101248055652,Decreases failure risk
WF-001176,0,Pass,Low Risk,0.0331359064005779,0.3554022809060008,0.6445977190939991,5,sensor_181,28.9,-0.00660515406724339,0.00660515406724339,Decreases failure risk
WF-001176,0,Pass,Low Risk,0.0331359064005779,0.3554022809060008,0.6445977190939991,6,sensor_029,73.9222,-0.006412287742363499,0.006412287742363499,Decreases failure risk
WF-001176,0,Pass,Low Risk,0.0331359064005779,0.3554022809060008,0.6445977190939991,7,sensor_511,28.3784,-0.005996063362638761,0.005996063362638761,Decreases failure risk
WF-001176,0,Pass,Low Risk,0.0331359064005779,0.3554022809060008,0.6445977190939991,8,sensor_060,1.4427,-0.005822372906839482,0.005822372906839482,Decreases failure risk
WF-001176,0,Pass,Low Risk,0.0331359064005779,0.3554022809060008,0.6445977190939991,9,sensor_034,13.5481,0.005144941010247178,0.005144941010247178,Increases failure risk
WF-001176,0,Pass,Low Risk,0.0331359064005779,0.3554022809060008,0.6445977190939991,10,sensor_082,0.0071,0.005102152106902972,0.005102152106902972,Increases failure risk
WF-001130,0,Pass,Low Risk,0.0334438967979777,0.3777399800584027,0.6222600199415973,1,sensor_104,-0.012,-0.015789467980304103,0.015789467980304103,Decreases failure risk
WF-001130,0,Pass,Low Risk,0.0334438967979777,0.3777399800584027,0.6222600199415973,2,sensor_060,-0.4682,-0.00847820944757558,0.00847820944757558,Decreases failure risk
WF-001130,0,Pass,Low Risk,0.0334438967979777,0.3777399800584027,0.6222600199415973,3,sensor_317,7.5621,-0.007596594337686139,0.007596594337686139,Decreases failure risk
WF-001130,0,Pass,Low Risk,0.0334438967979777,0.3777399800584027,0.6222600199415973,4,sensor_130,-2.647,-0.007551254405007679,0.007551254405007679,Decreases failure risk
WF-001130,0,Pass,Low Risk,0.0334438967979777,0.3777399800584027,0.6222600199415973,5,sensor_126,1.465,-0.007331009562112945,0.007331009562112945,Decreases failure risk
WF-001130,0,Pass,Low Risk,0.0334438967979777,0.3777399800584027,0.6222600199415973,6,sensor_511,36.6667,-0.006163474563527534,0.006163474563527534,Decreases failure risk
WF-001130,0,Pass,Low Risk,0.0334438967979777,0.3777399800584027,0.6222600199415973,7,sensor_181,22.56,-0.005946891586571416,0.005946891586571416,Decreases failure risk
WF-001130,0,Pass,Low Risk,0.0334438967979777,0.3777399800584027,0.6222600199415973,8,sensor_015,12.6143,-0.005795686606801865,0.005795686606801865,Decreases failure risk
WF-001130,0,Pass,Low Risk,0.0334438967979777,0.3777399800584027,0.6222600199415973,9,sensor_564,0.9074,-0.005390527602716123,0.005390527602716123,Decreases failure risk
WF-001130,0,Pass,Low Risk,0.0334438967979777,0.3777399800584027,0.6222600199415973,10,sensor_182,1.022,-0.004830204803651061,0.004830204803651061,Decreases failure risk
WF-000525,0,Pass,Engineering Review,0.0587311360002732,0.324488853260435,0.6755111467395649,1,sensor_104,-0.0095,-0.012365129253789431,0.012365129253789431,Decreases failure risk
WF-000525,0,Pass,Engineering Review,0.0587311360002732,0.324488853260435,0.6755111467395649,2,sensor_060,-0.1745,-0.009546353695778073,0.009546353695778073,Decreases failure risk
WF-000525,0,Pass,Engineering Review,0.0587311360002732,0.324488853260435,0.6755111467395649,3,sensor_564,0.8617,-0.0074492034991066125,0.0074492034991066125,Decreases failure risk
WF-000525,0,Pass,Engineering Review,0.0587311360002732,0.324488853260435,0.6755111467395649,4,sensor_578,55.411,-0.007386840676143949,0.007386840676143949,Decreases failure risk
WF-000525,0,Pass,Engineering Review,0.0587311360002732,0.324488853260435,0.6755111467395649,5,sensor_317,4.6227,0.006021346302903636,0.006021346302903636,Increases failure risk
WF-000525,0,Pass,Engineering Review,0.0587311360002732,0.324488853260435,0.6755111467395649,6,sensor_574,1.1669,-0.004930768843966727,0.004930768843966727,Decreases failure risk
WF-000525,0,Pass,Engineering Review,0.0587311360002732,0.324488853260435,0.6755111467395649,7,sensor_542,14.158,0.00488032635206185,0.00488032635206185,Increases failure risk
WF-000525,0,Pass,Engineering Review,0.0587311360002732,0.324488853260435,0.6755111467395649,8,sensor_103,-0.0617,0.004612288531677318,0.004612288531677318,Increases failure risk
WF-000525,0,Pass,Engineering Review,0.0587311360002732,0.324488853260435,0.6755111467395649,9,sensor_183,15.31,-0.004585019540084892,0.004585019540084892,Decreases failure risk
WF-000525,0,Pass,Engineering Review,0.0587311360002732,0.324488853260435,0.6755111467395649,10,sensor_123,4.809,-0.004488959280019813,0.004488959280019813,Decreases failure risk
WF-001206,0,Pass,Engineering Review,0.0514523456403994,0.307464841534433,0.692535158465567,1,sensor_214,0.0124,-0.01393618083553961,0.01393618083553961,Decreases failure risk
WF-001206,0,Pass,Engineering Review,0.0514523456403994,0.307464841534433,0.692535158465567,2,sensor_104,-0.0134,-0.013603216294710573,0.013603216294710573,Decreases failure risk
WF-001206,0,Pass,Engineering Review,0.0514523456403994,0.307464841534433,0.692535158465567,3,sensor_352,0.0063,-0.009520171635219888,0.009520171635219888,Decreases failure risk
WF-001206,0,Pass,Engineering Review,0.0514523456403994,0.307464841534433,0.692535158465567,4,sensor_130,-3.072,-0.007724462762612898,0.007724462762612898,Decreases failure risk
WF-001206,0,Pass,Engineering Review,0.0514523456403994,0.307464841534433,0.692535158465567,5,sensor_511,32.0,-0.007259823264408542,0.007259823264408542,Decreases failure risk
WF-001206,0,Pass,Engineering Review,0.0514523456403994,0.307464841534433,0.692535158465567,6,sensor_029,73.5,-0.006963262115634041,0.006963262115634041,Decreases failure risk
WF-001206,0,Pass,Engineering Review,0.0514523456403994,0.307464841534433,0.692535158465567,7,sensor_548,395.49,-0.0067969678057352425,0.0067969678057352425,Decreases failure risk
WF-001206,0,Pass,Engineering Review,0.0514523456403994,0.307464841534433,0.692535158465567,8,sensor_103,-0.116,0.0062114221364504675,0.0062114221364504675,Increases failure risk
WF-001206,0,Pass,Engineering Review,0.0514523456403994,0.307464841534433,0.692535158465567,9,sensor_432,7.1876,-0.005451025595551076,0.005451025595551076,Decreases failure risk
WF-001206,0,Pass,Engineering Review,0.0514523456403994,0.307464841534433,0.692535158465567,10,sensor_060,2.0673,-0.004420718005869185,0.004420718005869185,Decreases failure risk
WF-000177,0,Pass,High Risk,0.1383367466928346,0.2301431252994541,0.7698568747005459,1,sensor_104,-0.0052,0.01964413607399912,0.01964413607399912,Increases failure risk
WF-000177,0,Pass,High Risk,0.1383367466928346,0.2301431252994541,0.7698568747005459,2,sensor_511,126.9231,0.012689890434345366,0.012689890434345366,Increases failure risk
WF-000177,0,Pass,High Risk,0.1383367466928346,0.2301431252994541,0.7698568747005459,3,sensor_065,33.1245,0.011552485095040267,0.011552485095040267,Increases failure risk
WF-000177,0,Pass,High Risk,0.1383367466928346,0.2301431252994541,0.7698568747005459,4,sensor_060,-13.1245,-0.0073292046897112375,0.0073292046897112375,Decreases failure risk
WF-000177,0,Pass,High Risk,0.1383367466928346,0.2301431252994541,0.7698568747005459,5,sensor_066,43.9105,0.00704627973668468,0.00704627973668468,Increases failure risk
WF-000177,0,Pass,High Risk,0.1383367466928346,0.2301431252994541,0.7698568747005459,6,sensor_201,12.24,-0.006377868838825138,0.006377868838825138,Decreases failure risk
WF-000177,0,Pass,High Risk,0.1383367466928346,0.2301431252994541,0.7698568747005459,7,sensor_342,1.2781,-0.006100461462874109,0.006100461462874109,Decreases failure risk
WF-000177,0,Pass,High Risk,0.1383367466928346,0.2301431252994541,0.7698568747005459,8,sensor_478,2.9643,-0.00583761265917489,0.00583761265917489,Decreases failure risk
WF-000177,0,Pass,High Risk,0.1383367466928346,0.2301431252994541,0.7698568747005459,9,sensor_206,4.31,-0.0051452778026990316,0.0051452778026990316,Decreases failure risk
WF-000177,0,Pass,High Risk,0.1383367466928346,0.2301431252994541,0.7698568747005459,10,sensor_015,5.2679,0.005115899355850217,0.005115899355850217,Increases failure risk
WF-001483,0,Pass,Low Risk,0.0310327247541021,0.3254772423126427,0.6745227576873574,1,sensor_104,-0.0126,-0.014035530880469209,0.014035530880469209,Decreases failure risk
WF-001483,0,Pass,Low Risk,0.0310327247541021,0.3254772423126427,0.6745227576873574,2,sensor_131,0.592,-0.013170128352322745,0.013170128352322745,Decreases failure risk
WF-001483,0,Pass,Low Risk,0.0310327247541021,0.3254772423126427,0.6745227576873574,3,sensor_060,-1.7382,-0.007497124538909233,0.007497124538909233,Decreases failure risk
WF-001483,0,Pass,Low Risk,0.0310327247541021,0.3254772423126427,0.6745227576873574,4,sensor_206,12.09,0.007172945835252528,0.007172945835252528,Increases failure risk
WF-001483,0,Pass,Low Risk,0.0310327247541021,0.3254772423126427,0.6745227576873574,5,sensor_511,20.6349,-0.006673906198965414,0.006673906198965414,Decreases failure risk
WF-001483,0,Pass,Low Risk,0.0310327247541021,0.3254772423126427,0.6745227576873574,6,sensor_478,8.3401,0.006323934897591799,0.006323934897591799,Increases failure risk
WF-001483,0,Pass,Low Risk,0.0310327247541021,0.3254772423126427,0.6745227576873574,7,sensor_126,1.423,-0.006111059734021128,0.006111059734021128,Decreases failure risk
WF-001483,0,Pass,Low Risk,0.0310327247541021,0.3254772423126427,0.6745227576873574,8,sensor_469,497.6464,-0.006069637031244779,0.006069637031244779,Decreases failure risk
WF-001483,0,Pass,Low Risk,0.0310327247541021,0.3254772423126427,0.6745227576873574,9,sensor_181,23.51,-0.005669132308962194,0.005669132308962194,Decreases failure risk
WF-001483,0,Pass,Low Risk,0.0310327247541021,0.3254772423126427,0.6745227576873574,10,sensor_453,6.5026,-0.005648708589206948,0.005648708589206948,Decreases failure risk
WF-001093,0,Pass,High Risk,0.0971869380346341,0.1907753285344991,0.8092246714655009,1,sensor_104,-0.0108,-0.013231955288580302,0.013231955288580302,Decreases failure risk
WF-001093,0,Pass,High Risk,0.0971869380346341,0.1907753285344991,0.8092246714655009,2,sensor_511,22.2997,-0.009254805837544646,0.009254805837544646,Decreases failure risk
WF-001093,0,Pass,High Risk,0.0971869380346341,0.1907753285344991,0.8092246714655009,3,sensor_130,-2.647,-0.008083535362656746,0.008083535362656746,Decreases failure risk
WF-001093,0,Pass,High Risk,0.0971869380346341,0.1907753285344991,0.8092246714655009,4,sensor_126,1.465,-0.007410068772881763,0.007410068772881763,Decreases failure risk
WF-001093,0,Pass,High Risk,0.0971869380346341,0.1907753285344991,0.8092246714655009,5,sensor_029,75.8,-0.006551201559631543,0.006551201559631543,Decreases failure risk
WF-001093,0,Pass,High Risk,0.0971869380346341,0.1907753285344991,0.8092246714655009,6,sensor_060,1.2955,-0.005708399274527279,0.005708399274527279,Decreases failure risk
WF-001093,0,Pass,High Risk,0.0971869380346341,0.1907753285344991,0.8092246714655009,7,sensor_034,8.9818,0.005500932202077525,0.005500932202077525,Increases failure risk
WF-001093,0,Pass,High Risk,0.0971869380346341,0.1907753285344991,0.8092246714655009,8,sensor_478,4.624,-0.004703958237479674,0.004703958237479674,Decreases failure risk
WF-001093,0,Pass,High Risk,0.0971869380346341,0.1907753285344991,0.8092246714655009,9,sensor_282,0.0083,0.0042602190701110385,0.0042602190701110385,Increases failure risk
WF-001093,0,Pass,High Risk,0.0971869380346341,0.1907753285344991,0.8092246714655009,10,sensor_417,5.1311,-0.003912841474486816,0.003912841474486816,Decreases failure risk
WF-000564,0,Pass,High Risk,0.1215244773666268,0.2444129874081832,0.7555870125918168,1,sensor_478,15.0008,0.0102472122029263,0.0102472122029263,Increases failure risk
WF-000564,0,Pass,High Risk,0.1215244773666268,0.2444129874081832,0.7555870125918168,2,sensor_104,-0.0146,-0.009580367803644387,0.009580367803644387,Decreases failure risk
WF-000564,0,Pass,High Risk,0.1215244773666268,0.2444129874081832,0.7555870125918168,3,sensor_342,5.9046,0.009447209574931073,0.009447209574931073,Increases failure risk
WF-000564,0,Pass,High Risk,0.1215244773666268,0.2444129874081832,0.7555870125918168,4,sensor_206,21.58,0.009300369463173416,0.009300369463173416,Increases failure risk
WF-000564,0,Pass,High Risk,0.1215244773666268,0.2444129874081832,0.7555870125918168,5,sensor_060,-0.3455,-0.008671283611123968,0.008671283611123968,Decreases failure risk
WF-000564,0,Pass,High Risk,0.1215244773666268,0.2444129874081832,0.7555870125918168,6,sensor_248,0.0211,-0.00783050393315702,0.00783050393315702,Decreases failure risk
WF-000564,0,Pass,High Risk,0.1215244773666268,0.2444129874081832,0.7555870125918168,7,sensor_520,4.6806,-0.006400295655311318,0.006400295655311318,Decreases failure risk
WF-000564,0,Pass,High Risk,0.1215244773666268,0.2444129874081832,0.7555870125918168,8,sensor_574,0.1493,0.004752443858442663,0.004752443858442663,Increases failure risk
WF-000564,0,Pass,High Risk,0.1215244773666268,0.2444129874081832,0.7555870125918168,9,sensor_578,7.0781,0.004224140046119279,0.004224140046119279,Increases failure risk
WF-000564,0,Pass,High Risk,0.1215244773666268,0.2444129874081832,0.7555870125918168,10,sensor_059,4.4937,-0.003946896758419967,0.003946896758419967,Decreases failure risk
WF-000968,0,Pass,Low Risk,0.0278010924165778,0.4422191986964867,0.5577808013035133,1,sensor_104,-0.0104,-0.014740471093757411,0.014740471093757411,Decreases failure risk
WF-000968,0,Pass,Low Risk,0.0278010924165778,0.4422191986964867,0.5577808013035133,2,sensor_131,0.5949,-0.013955703135156742,0.013955703135156742,Decreases failure risk
WF-000968,0,Pass,Low Risk,0.0278010924165778,0.4422191986964867,0.5577808013035133,3,sensor_060,-1.67,-0.008556472876187125,0.008556472876187125,Decreases failure risk
WF-000968,0,Pass,Low Risk,0.0278010924165778,0.4422191986964867,0.5577808013035133,4,sensor_126,1.909,-0.008434345289296924,0.008434345289296924,Decreases failure risk
WF-000968,0,Pass,Low Risk,0.0278010924165778,0.4422191986964867,0.5577808013035133,5,sensor_130,-3.591,-0.007772592162246743,0.007772592162246743,Decreases failure risk
WF-000968,0,Pass,Low Risk,0.0278010924165778,0.4422191986964867,0.5577808013035133,6,sensor_512,930.6122,0.006332556348690109,0.006332556348690109,Increases failure risk
WF-000968,0,Pass,Low Risk,0.0278010924165778,0.4422191986964867,0.5577808013035133,7,sensor_342,3.5341,0.006324209963176017,0.006324209963176017,Increases failure risk
WF-000968,0,Pass,Low Risk,0.0278010924165778,0.4422191986964867,0.5577808013035133,8,sensor_123,6.086,-0.00604447655829284,0.00604447655829284,Decreases failure risk
WF-000968,0,Pass,Low Risk,0.0278010924165778,0.4422191986964867,0.5577808013035133,9,sensor_125,15.7,-0.005649811317693054,0.005649811317693054,Decreases failure risk
WF-000968,0,Pass,Low Risk,0.0278010924165778,0.4422191986964867,0.5577808013035133,10,sensor_029,76.6333,-0.00557910246839337,0.00557910246839337,Decreases failure risk
WF-001272,0,Pass,High Risk,0.0981183454150619,0.2910987962327803,0.7089012037672197,1,sensor_214,0.0253,-0.013562456404012171,0.013562456404012171,Decreases failure risk
WF-001272,0,Pass,High Risk,0.0981183454150619,0.2910987962327803,0.7089012037672197,2,sensor_104,-0.0078,0.012617785641796492,0.012617785641796492,Increases failure risk
WF-001272,0,Pass,High Risk,0.0981183454150619,0.2910987962327803,0.7089012037672197,3,sensor_125,16.07,0.008775672886770416,0.008775672886770416,Increases failure risk
WF-001272,0,Pass,High Risk,0.0981183454150619,0.2910987962327803,0.7089012037672197,4,sensor_060,-5.55,-0.008506709002233237,0.008506709002233237,Decreases failure risk
WF-001272,0,Pass,High Risk,0.0981183454150619,0.2910987962327803,0.7089012037672197,5,sensor_352,0.0121,-0.008441716324989985,0.008441716324989985,Decreases failure risk
WF-001272,0,Pass,High Risk,0.0981183454150619,0.2910987962327803,0.7089012037672197,6,sensor_015,4.7099,0.0074804157066020015,0.0074804157066020015,Increases failure risk
WF-001272,0,Pass,High Risk,0.0981183454150619,0.2910987962327803,0.7089012037672197,7,sensor_206,3.53,-0.006813943080164912,0.006813943080164912,Decreases failure risk
WF-001272,0,Pass,High Risk,0.0981183454150619,0.2910987962327803,0.7089012037672197,8,sensor_511,39.6166,-0.006319037894328903,0.006319037894328903,Decreases failure risk
WF-001272,0,Pass,High Risk,0.0981183454150619,0.2910987962327803,0.7089012037672197,9,sensor_124,16.1,0.006132351506594603,0.006132351506594603,Increases failure risk
WF-001272,0,Pass,High Risk,0.0981183454150619,0.2910987962327803,0.7089012037672197,10,sensor_133,2.1911,0.005882320004142311,0.005882320004142311,Increases failure risk
WF-001473,0,Pass,Low Risk,0.0228641726482831,0.4096382129639181,0.5903617870360819,1,sensor_104,-0.0122,-0.013642619168586738,0.013642619168586738,Decreases failure risk
WF-001473,0,Pass,Low Risk,0.0228641726482831,0.4096382129639181,0.5903617870360819,2,sensor_131,0.6589,-0.009766236516117131,0.009766236516117131,Decreases failure risk
WF-001473,0,Pass,Low Risk,0.0228641726482831,0.4096382129639181,0.5903617870360819,3,sensor_056,2813.0,0.0060054778017837,0.0060054778017837,Increases failure risk
WF-001473,0,Pass,Low Risk,0.0228641726482831,0.4096382129639181,0.5903617870360819,4,sensor_578,20.5512,-0.005928475730132875,0.005928475730132875,Decreases failure risk
WF-001473,0,Pass,Low Risk,0.0228641726482831,0.4096382129639181,0.5903617870360819,5,sensor_548,389.53,-0.005900226477132935,0.005900226477132935,Decreases failure risk
WF-001473,0,Pass,Low Risk,0.0228641726482831,0.4096382129639181,0.5903617870360819,6,sensor_181,23.01,-0.005851440845915326,0.005851440845915326,Decreases failure risk
WF-001473,0,Pass,Low Risk,0.0228641726482831,0.4096382129639181,0.5903617870360819,7,sensor_453,6.5199,-0.005477583612602822,0.005477583612602822,Decreases failure risk
WF-001473,0,Pass,Low Risk,0.0228641726482831,0.4096382129639181,0.5903617870360819,8,sensor_432,6.8343,-0.005296730542925363,0.005296730542925363,Decreases failure risk
WF-001473,0,Pass,Low Risk,0.0228641726482831,0.4096382129639181,0.5903617870360819,9,sensor_564,0.8952,-0.004909765682513548,0.004909765682513548,Decreases failure risk
WF-001473,0,Pass,Low Risk,0.0228641726482831,0.4096382129639181,0.5903617870360819,10,sensor_060,1.4845,-0.004808061056639432,0.004808061056639432,Decreases failure risk
WF-000465,0,Pass,High Risk,0.080974732001453,0.3288158320296103,0.6711841679703896,1,sensor_104,-0.0031,0.015252011810924924,0.015252011810924924,Increases failure risk
WF-000465,0,Pass,High Risk,0.080974732001453,0.3288158320296103,0.6711841679703896,2,sensor_511,148.9879,0.011421118652476315,0.011421118652476315,Increases failure risk
WF-000465,0,Pass,High Risk,0.080974732001453,0.3288158320296103,0.6711841679703896,3,sensor_060,-0.3182,-0.008170914590764737,0.008170914590764737,Decreases failure risk
WF-000465,0,Pass,High Risk,0.080974732001453,0.3288158320296103,0.6711841679703896,4,sensor_564,0.8544,-0.0069641130894460244,0.0069641130894460244,Decreases failure risk
WF-000465,0,Pass,High Risk,0.080974732001453,0.3288158320296103,0.6711841679703896,5,sensor_127,2.377,-0.0052621132062897905,0.0052621132062897905,Decreases failure risk
WF-000465,0,Pass,High Risk,0.080974732001453,0.3288158320296103,0.6711841679703896,6,sensor_189,12.28,-0.0051192262003428085,0.0051192262003428085,Decreases failure risk
WF-000465,0,Pass,High Risk,0.080974732001453,0.3288158320296103,0.6711841679703896,7,sensor_308,0.1115,-0.00496043633182318,0.00496043633182318,Decreases failure risk
WF-000465,0,Pass,High Risk,0.080974732001453,0.3288158320296103,0.6711841679703896,8,sensor_282,0.0199,-0.00475963241403305,0.00475963241403305,Decreases failure risk
WF-000465,0,Pass,High Risk,0.080974732001453,0.3288158320296103,0.6711841679703896,9,sensor_103,-0.0912,0.0046664442741450205,0.0046664442741450205,Increases failure risk
WF-000465,0,Pass,High Risk,0.080974732001453,0.3288158320296103,0.6711841679703896,10,sensor_147,0.0757,-0.004498138182781445,0.004498138182781445,Decreases failure risk
WF-000622,0,Pass,Low Risk,0.0223167881014539,0.3571248136412773,0.6428751863587227,1,sensor_060,-2.5727,-0.009269172274247867,0.009269172274247867,Decreases failure risk
WF-000622,0,Pass,Low Risk,0.0223167881014539,0.3571248136412773,0.6428751863587227,2,sensor_520,2.8178,-0.008935725556571692,0.008935725556571692,Decreases failure risk
WF-000622,0,Pass,Low Risk,0.0223167881014539,0.3571248136412773,0.6428751863587227,3,sensor_248,0.0131,-0.008249790163727438,0.008249790163727438,Decreases failure risk
WF-000622,0,Pass,Low Risk,0.0223167881014539,0.3571248136412773,0.6428751863587227,4,sensor_104,-0.0084,0.007816300916670016,0.007816300916670016,Increases failure risk
WF-000622,0,Pass,Low Risk,0.0223167881014539,0.3571248136412773,0.6428751863587227,5,sensor_478,3.1585,-0.006744769472963337,0.006744769472963337,Decreases failure risk
WF-000622,0,Pass,Low Risk,0.0223167881014539,0.3571248136412773,0.6428751863587227,6,sensor_206,4.81,-0.006670215790875863,0.006670215790875863,Decreases failure risk
WF-000622,0,Pass,Low Risk,0.0223167881014539,0.3571248136412773,0.6428751863587227,7,sensor_342,1.5745,-0.005339854966708297,0.005339854966708297,Decreases failure risk
WF-000622,0,Pass,Low Risk,0.0223167881014539,0.3571248136412773,0.6428751863587227,8,sensor_282,0.024,-0.005274262061103887,0.005274262061103887,Decreases failure risk
WF-000622,0,Pass,Low Risk,0.0223167881014539,0.3571248136412773,0.6428751863587227,9,sensor_034,23.1583,0.004883802142831674,0.004883802142831674,Increases failure risk
WF-000622,0,Pass,Low Risk,0.0223167881014539,0.3571248136412773,0.6428751863587227,10,sensor_147,0.0889,-0.004756655670863219,0.004756655670863219,Decreases failure risk
WF-001167,0,Pass,Engineering Review,0.0475184686152613,0.4311559612350712,0.5688440387649287,1,sensor_104,-0.0116,-0.013102391954815757,0.013102391954815757,Decreases failure risk
WF-001167,0,Pass,Engineering Review,0.0475184686152613,0.4311559612350712,0.5688440387649287,2,sensor_520,4.0263,-0.010033596596115824,0.010033596596115824,Decreases failure risk
WF-001167,0,Pass,Engineering Review,0.0475184686152613,0.4311559612350712,0.5688440387649287,3,sensor_248,0.0185,-0.009221635899790437,0.009221635899790437,Decreases failure risk
WF-001167,0,Pass,Engineering Review,0.0475184686152613,0.4311559612350712,0.5688440387649287,4,sensor_424,123.3134,0.007794340150284119,0.007794340150284119,Increases failure risk
WF-001167,0,Pass,Engineering Review,0.0475184686152613,0.4311559612350712,0.5688440387649287,5,sensor_060,-1.9382,-0.007598543553826698,0.007598543553826698,Decreases failure risk
WF-001167,0,Pass,Engineering Review,0.0475184686152613,0.4311559612350712,0.5688440387649287,6,sensor_130,-2.694,-0.007435854310182429,0.007435854310182429,Decreases failure risk
WF-001167,0,Pass,Engineering Review,0.0475184686152613,0.4311559612350712,0.5688440387649287,7,sensor_034,9.3181,0.006803804799059982,0.006803804799059982,Increases failure risk
WF-001167,0,Pass,Engineering Review,0.0475184686152613,0.4311559612350712,0.5688440387649287,8,sensor_064,23.6318,0.006660441589420107,0.006660441589420107,Increases failure risk
WF-001167,0,Pass,Engineering Review,0.0475184686152613,0.4311559612350712,0.5688440387649287,9,sensor_478,4.8264,-0.005882489543568706,0.005882489543568706,Decreases failure risk
WF-001167,0,Pass,Engineering Review,0.0475184686152613,0.4311559612350712,0.5688440387649287,10,sensor_206,6.83,-0.005845076769438364,0.005845076769438364,Decreases failure risk
WF-000630,0,Pass,Low Risk,0.0278699994602215,0.4951076853856093,0.5048923146143907,1,sensor_104,-0.0092,-0.010858890473077146,0.010858890473077146,Decreases failure risk
WF-000630,0,Pass,Low Risk,0.0278699994602215,0.4951076853856093,0.5048923146143907,2,sensor_060,-5.0027,-0.009922091057628193,0.009922091057628193,Decreases failure risk
WF-000630,0,Pass,Low Risk,0.0278699994602215,0.4951076853856093,0.5048923146143907,3,sensor_034,8.5459,-0.00950612165521368,0.00950612165521368,Decreases failure risk
WF-000630,0,Pass,Low Risk,0.0278699994602215,0.4951076853856093,0.5048923146143907,4,sensor_478,2.5089,-0.006331254299339617,0.006331254299339617,Decreases failure risk
WF-000630,0,Pass,Low Risk,0.0278699994602215,0.4951076853856093,0.5048923146143907,5,sensor_282,0.0227,-0.005665406252038495,0.005665406252038495,Decreases failure risk
WF-000630,0,Pass,Low Risk,0.0278699994602215,0.4951076853856093,0.5048923146143907,6,sensor_147,0.0939,-0.005603656930669667,0.005603656930669667,Decreases failure risk
WF-000630,0,Pass,Low Risk,0.0278699994602215,0.4951076853856093,0.5048923146143907,7,sensor_342,1.2691,-0.005357769550188113,0.005357769550188113,Decreases failure risk
WF-000630,0,Pass,Low Risk,0.0278699994602215,0.4951076853856093,0.5048923146143907,8,sensor_206,3.77,-0.004995677646384891,0.004995677646384891,Decreases failure risk
WF-000630,0,Pass,Low Risk,0.0278699994602215,0.4951076853856093,0.5048923146143907,9,sensor_589,0.0114,0.004853412825752091,0.004853412825752091,Increases failure risk
WF-000630,0,Pass,Low Risk,0.0278699994602215,0.4951076853856093,0.5048923146143907,10,sensor_103,0.0777,-0.0047139221094385985,0.0047139221094385985,Decreases failure risk
WF-001442,0,Pass,Low Risk,0.0162653857813916,0.4280218008224004,0.5719781991775996,1,sensor_034,8.2061,-0.016741473698121526,0.016741473698121526,Decreases failure risk
WF-001442,0,Pass,Low Risk,0.0162653857813916,0.4280218008224004,0.5719781991775996,2,sensor_104,-0.0133,-0.016308623441288198,0.016308623441288198,Decreases failure risk
WF-001442,0,Pass,Low Risk,0.0162653857813916,0.4280218008224004,0.5719781991775996,3,sensor_131,0.6567,-0.009989142401403818,0.009989142401403818,Decreases failure risk
WF-001442,0,Pass,Low Risk,0.0162653857813916,0.4280218008224004,0.5719781991775996,4,sensor_060,-4.25,-0.009412965067541178,0.009412965067541178,Decreases failure risk
WF-001442,0,Pass,Low Risk,0.0162653857813916,0.4280218008224004,0.5719781991775996,5,sensor_126,1.465,-0.00797708403437122,0.00797708403437122,Decreases failure risk
WF-001442,0,Pass,Low Risk,0.0162653857813916,0.4280218008224004,0.5719781991775996,6,sensor_029,74.8778,-0.006358172002115851,0.006358172002115851,Decreases failure risk
WF-001442,0,Pass,Low Risk,0.0162653857813916,0.4280218008224004,0.5719781991775996,7,sensor_214,0.0336,-0.0050275530398380675,0.0050275530398380675,Decreases failure risk
WF-001442,0,Pass,Low Risk,0.0162653857813916,0.4280218008224004,0.5719781991775996,8,sensor_418,9.6693,-0.005010691894069682,0.005010691894069682,Decreases failure risk
WF-001442,0,Pass,Low Risk,0.0162653857813916,0.4280218008224004,0.5719781991775996,9,sensor_511,42.2243,-0.004643801919410798,0.004643801919410798,Decreases failure risk
WF-001442,0,Pass,Low Risk,0.0162653857813916,0.4280218008224004,0.5719781991775996,10,sensor_036,64.4522,-0.0044737683522143995,0.0044737683522143995,Decreases failure risk
WF-000109,0,Pass,High Risk,0.1053196950607065,0.2106138718048575,0.7893861281951425,1,sensor_060,27.7155,0.011830237773184774,0.011830237773184774,Increases failure risk
WF-000109,0,Pass,High Risk,0.1053196950607065,0.2106138718048575,0.7893861281951425,2,sensor_104,-0.0075,0.011371225304903998,0.011371225304903998,Increases failure risk
WF-000109,0,Pass,High Risk,0.1053196950607065,0.2106138718048575,0.7893861281951425,3,sensor_206,15.56,0.010339519894019747,0.010339519894019747,Increases failure risk
WF-000109,0,Pass,High Risk,0.1053196950607065,0.2106138718048575,0.7893861281951425,4,sensor_478,10.2301,0.00888138072483853,0.00888138072483853,Increases failure risk
WF-000109,0,Pass,High Risk,0.1053196950607065,0.2106138718048575,0.7893861281951425,5,sensor_564,0.8616,-0.0066429188092282845,0.0066429188092282845,Decreases failure risk
WF-000109,0,Pass,High Risk,0.1053196950607065,0.2106138718048575,0.7893861281951425,6,sensor_342,4.0428,0.006399098275854795,0.006399098275854795,Increases failure risk
WF-000109,0,Pass,High Risk,0.1053196950607065,0.2106138718048575,0.7893861281951425,7,sensor_511,27.8607,-0.006394437540356469,0.006394437540356469,Decreases failure risk
WF-000109,0,Pass,High Risk,0.1053196950607065,0.2106138718048575,0.7893861281951425,8,sensor_122,15.7,-0.005722629418423318,0.005722629418423318,Decreases failure risk
WF-000109,0,Pass,High Risk,0.1053196950607065,0.2106138718048575,0.7893861281951425,9,sensor_125,15.68,-0.005610152979083983,0.005610152979083983,Decreases failure risk
WF-000109,0,Pass,High Risk,0.1053196950607065,0.2106138718048575,0.7893861281951425,10,sensor_485,672.0,-0.004966446463581553,0.004966446463581553,Decreases failure risk
WF-000550,0,Pass,Engineering Review,0.0414907756863708,0.4090702180192636,0.5909297819807364,1,sensor_104,-0.0089,-0.007411606433017814,0.007411606433017814,Decreases failure risk
WF-000550,0,Pass,Engineering Review,0.0414907756863708,0.4090702180192636,0.5909297819807364,2,sensor_520,4.4362,-0.0069714312877725,0.0069714312877725,Decreases failure risk
WF-000550,0,Pass,Engineering Review,0.0414907756863708,0.4090702180192636,0.5909297819807364,3,sensor_248,0.0203,-0.006723399474560167,0.006723399474560167,Decreases failure risk
WF-000550,0,Pass,Engineering Review,0.0414907756863708,0.4090702180192636,0.5909297819807364,4,sensor_126,1.399,-0.006273458315623782,0.006273458315623782,Decreases failure risk
WF-000550,0,Pass,Engineering Review,0.0414907756863708,0.4090702180192636,0.5909297819807364,5,sensor_034,9.754,0.00624480093119285,0.00624480093119285,Increases failure risk
WF-000550,0,Pass,Engineering Review,0.0414907756863708,0.4090702180192636,0.5909297819807364,6,sensor_206,5.07,-0.006145478124245284,0.006145478124245284,Decreases failure risk
WF-000550,0,Pass,Engineering Review,0.0414907756863708,0.4090702180192636,0.5909297819807364,7,sensor_342,1.5393,-0.005847435574308689,0.005847435574308689,Decreases failure risk
WF-000550,0,Pass,Engineering Review,0.0414907756863708,0.4090702180192636,0.5909297819807364,8,sensor_478,3.4708,-0.005493350147076854,0.005493350147076854,Decreases failure risk
WF-000550,0,Pass,Engineering Review,0.0414907756863708,0.4090702180192636,0.5909297819807364,9,sensor_461,16.6688,-0.005099498844657671,0.005099498844657671,Decreases failure risk
WF-000550,0,Pass,Engineering Review,0.0414907756863708,0.4090702180192636,0.5909297819807364,10,sensor_127,2.471,-0.004901086440753423,0.004901086440753423,Decreases failure risk
WF-000027,0,Pass,High Risk,0.1359081637688931,0.2564682474872333,0.7435317525127667,1,sensor_104,-0.0062,0.011820044849683901,0.011820044849683901,Increases failure risk
WF-000027,0,Pass,High Risk,0.1359081637688931,0.2564682474872333,0.7435317525127667,2,sensor_060,-6.9155,-0.008864900202331391,0.008864900202331391,Decreases failure risk
WF-000027,0,Pass,High Risk,0.1359081637688931,0.2564682474872333,0.7435317525127667,3,sensor_206,3.24,-0.007042877597482534,0.007042877597482534,Decreases failure risk
WF-000027,0,Pass,High Risk,0.1359081637688931,0.2564682474872333,0.7435317525127667,4,sensor_065,26.9155,0.006891091077037547,0.006891091077037547,Increases failure risk
WF-000027,0,Pass,High Risk,0.1359081637688931,0.2564682474872333,0.7435317525127667,5,sensor_342,1.0309,-0.006094169401050584,0.006094169401050584,Decreases failure risk
WF-000027,0,Pass,High Risk,0.1359081637688931,0.2564682474872333,0.7435317525127667,6,sensor_478,2.1242,-0.005950695828887061,0.005950695828887061,Decreases failure risk
WF-000027,0,Pass,High Risk,0.1359081637688931,0.2564682474872333,0.7435317525127667,7,sensor_574,0.4222,-0.005732064121956304,0.005732064121956304,Decreases failure risk
WF-000027,0,Pass,High Risk,0.1359081637688931,0.2564682474872333,0.7435317525127667,8,sensor_578,18.2982,-0.005225585961825391,0.005225585961825391,Decreases failure risk
WF-000027,0,Pass,High Risk,0.1359081637688931,0.2564682474872333,0.7435317525127667,9,sensor_034,9.7997,0.005163284731278897,0.005163284731278897,Increases failure risk
WF-000027,0,Pass,High Risk,0.1359081637688931,0.2564682474872333,0.7435317525127667,10,sensor_281,0.0251,-0.004730468841279491,0.004730468841279491,Decreases failure risk
WF-000616,0,Pass,Low Risk,0.0122494254630322,0.4978736563832621,0.5021263436167378,1,sensor_104,-0.01,-0.015257087345373838,0.015257087345373838,Decreases failure risk
WF-000616,0,Pass,Low Risk,0.0122494254630322,0.4978736563832621,0.5021263436167378,2,sensor_032,4.7033,-0.012791627176482174,0.012791627176482174,Decreases failure risk
WF-000616,0,Pass,Low Risk,0.0122494254630322,0.4978736563832621,0.5021263436167378,3,sensor_520,4.5666,-0.00803989098636523,0.00803989098636523,Decreases failure risk
WF-000616,0,Pass,Low Risk,0.0122494254630322,0.4978736563832621,0.5021263436167378,4,sensor_060,1.5445,-0.007224306619374058,0.007224306619374058,Decreases failure risk
WF-000616,0,Pass,Low Risk,0.0122494254630322,0.4978736563832621,0.5021263436167378,5,sensor_511,38.143,-0.007200918972009716,0.007200918972009716,Decreases failure risk
WF-000616,0,Pass,Low Risk,0.0122494254630322,0.4978736563832621,0.5021263436167378,6,sensor_214,0.0324,-0.006520261206220819,0.006520261206220819,Decreases failure risk
WF-000616,0,Pass,Low Risk,0.0122494254630322,0.4978736563832621,0.5021263436167378,7,sensor_352,0.0141,-0.005774884756778444,0.005774884756778444,Decreases failure risk
WF-000616,0,Pass,Low Risk,0.0122494254630322,0.4978736563832621,0.5021263436167378,8,sensor_248,0.0209,-0.005291895479974892,0.005291895479974892,Decreases failure risk
WF-000616,0,Pass,Low Risk,0.0122494254630322,0.4978736563832621,0.5021263436167378,9,sensor_147,0.0871,-0.005136383140639981,0.005136383140639981,Decreases failure risk
WF-000616,0,Pass,Low Risk,0.0122494254630322,0.4978736563832621,0.5021263436167378,10,sensor_282,0.0206,-0.004601652622888615,0.004601652622888615,Decreases failure risk
WF-000873,0,Pass,Low Risk,0.0219285744454393,0.4162618684864302,0.5837381315135698,1,sensor_034,8.3542,-0.0164804019976447,0.0164804019976447,Decreases failure risk
WF-000873,0,Pass,Low Risk,0.0219285744454393,0.4162618684864302,0.5837381315135698,2,sensor_104,-0.0108,-0.01507760386054088,0.01507760386054088,Decreases failure risk
WF-000873,0,Pass,Low Risk,0.0219285744454393,0.4162618684864302,0.5837381315135698,3,sensor_131,0.5952,-0.013883130627882653,0.013883130627882653,Decreases failure risk
WF-000873,0,Pass,Low Risk,0.0219285744454393,0.4162618684864302,0.5837381315135698,4,sensor_214,0.0219,-0.012078818993696134,0.012078818993696134,Decreases failure risk
WF-000873,0,Pass,Low Risk,0.0219285744454393,0.4162618684864302,0.5837381315135698,5,sensor_520,3.2553,-0.010712569239369368,0.010712569239369368,Decreases failure risk
WF-000873,0,Pass,Low Risk,0.0219285744454393,0.4162618684864302,0.5837381315135698,6,sensor_352,0.0093,-0.01059643040040256,0.01059643040040256,Decreases failure risk
WF-000873,0,Pass,Low Risk,0.0219285744454393,0.4162618684864302,0.5837381315135698,7,sensor_248,0.015,-0.009156100514174367,0.009156100514174367,Decreases failure risk
WF-000873,0,Pass,Low Risk,0.0219285744454393,0.4162618684864302,0.5837381315135698,8,sensor_511,91.9861,0.008476410246810335,0.008476410246810335,Increases failure risk
WF-000873,0,Pass,Low Risk,0.0219285744454393,0.4162618684864302,0.5837381315135698,9,sensor_126,1.824,-0.007582821420033865,0.007582821420033865,Decreases failure risk
WF-000873,0,Pass,Low Risk,0.0219285744454393,0.4162618684864302,0.5837381315135698,10,sensor_478,1.6872,-0.006309999575982356,0.006309999575982356,Decreases failure risk
WF-001345,0,Pass,Engineering Review,0.0635084428820361,0.3189611215877698,0.6810388784122302,1,sensor_104,-0.0115,-0.012192915612988475,0.012192915612988475,Decreases failure risk
WF-001345,0,Pass,Engineering Review,0.0635084428820361,0.3189611215877698,0.6810388784122302,2,sensor_317,7.285,-0.0065136523580437596,0.0065136523580437596,Decreases failure risk
WF-001345,0,Pass,Engineering Review,0.0635084428820361,0.3189611215877698,0.6810388784122302,3,sensor_489,59.1402,0.006033733020879749,0.006033733020879749,Increases failure risk
WF-001345,0,Pass,Engineering Review,0.0635084428820361,0.3189611215877698,0.6810388784122302,4,sensor_478,4.1813,-0.006014902049380408,0.006014902049380408,Decreases failure risk
WF-001345,0,Pass,Engineering Review,0.0635084428820361,0.3189611215877698,0.6810388784122302,5,sensor_130,1.655,0.005621372403632187,0.005621372403632187,Increases failure risk
WF-001345,0,Pass,Engineering Review,0.0635084428820361,0.3189611215877698,0.6810388784122302,6,sensor_034,9.0744,0.0055390593189652984,0.0055390593189652984,Increases failure risk
WF-001345,0,Pass,Engineering Review,0.0635084428820361,0.3189611215877698,0.6810388784122302,7,sensor_206,6.26,-0.005296850879965979,0.005296850879965979,Decreases failure risk
WF-001345,0,Pass,Engineering Review,0.0635084428820361,0.3189611215877698,0.6810388784122302,8,sensor_068,1.4663,0.005054852586855866,0.005054852586855866,Increases failure risk
WF-001345,0,Pass,Engineering Review,0.0635084428820361,0.3189611215877698,0.6810388784122302,9,sensor_182,0.956,-0.004681865499538835,0.004681865499538835,Decreases failure risk
WF-001345,0,Pass,Engineering Review,0.0635084428820361,0.3189611215877698,0.6810388784122302,10,sensor_184,15.675,-0.004645331553524472,0.004645331553524472,Decreases failure risk
WF-000018,0,Pass,Engineering Review,0.0713107101820972,0.2402717066243325,0.7597282933756675,1,sensor_104,-0.0066,0.01692046093641126,0.01692046093641126,Increases failure risk
WF-000018,0,Pass,Engineering Review,0.0713107101820972,0.2402717066243325,0.7597282933756675,2,sensor_060,-5.5327,-0.009029977579481471,0.009029977579481471,Decreases failure risk
WF-000018,0,Pass,Engineering Review,0.0713107101820972,0.2402717066243325,0.7597282933756675,3,sensor_511,89.7338,0.00874405974266163,0.00874405974266163,Increases failure risk
WF-000018,0,Pass,Engineering Review,0.0713107101820972,0.2402717066243325,0.7597282933756675,4,sensor_478,4.2575,-0.007188932699755442,0.007188932699755442,Decreases failure risk
WF-000018,0,Pass,Engineering Review,0.0713107101820972,0.2402717066243325,0.7597282933756675,5,sensor_578,22.148,-0.005711828143121075,0.005711828143121075,Decreases failure risk
WF-000018,0,Pass,Engineering Review,0.0713107101820972,0.2402717066243325,0.7597282933756675,6,sensor_201,11.45,-0.00511045644814396,0.00511045644814396,Decreases failure risk
WF-000018,0,Pass,Engineering Review,0.0713107101820972,0.2402717066243325,0.7597282933756675,7,sensor_574,0.4839,-0.004687057155336112,0.004687057155336112,Decreases failure risk
WF-000018,0,Pass,Engineering Review,0.0713107101820972,0.2402717066243325,0.7597282933756675,8,sensor_173,0.2364,-0.004680240114454498,0.004680240114454498,Decreases failure risk
WF-000018,0,Pass,Engineering Review,0.0713107101820972,0.2402717066243325,0.7597282933756675,9,sensor_214,1.2837,0.004214028984833962,0.004214028984833962,Increases failure risk
WF-000018,0,Pass,Engineering Review,0.0713107101820972,0.2402717066243325,0.7597282933756675,10,sensor_308,0.0994,-0.004164184284437536,0.004164184284437536,Decreases failure risk
WF-000766,0,Pass,Engineering Review,0.042064415436513,0.4095986056506893,0.5904013943493107,1,sensor_104,-0.0099,-0.01251369587758407,0.01251369587758407,Decreases failure risk
WF-000766,0,Pass,Engineering Review,0.042064415436513,0.4095986056506893,0.5904013943493107,2,sensor_032,4.6657,-0.01208273763218737,0.01208273763218737,Decreases failure risk
WF-000766,0,Pass,Engineering Review,0.042064415436513,0.4095986056506893,0.5904013943493107,3,sensor_317,8.1605,-0.008801167778470745,0.008801167778470745,Decreases failure risk
WF-000766,0,Pass,Engineering Review,0.042064415436513,0.4095986056506893,0.5904013943493107,4,sensor_060,-0.2418,-0.008640529080925325,0.008640529080925325,Decreases failure risk
WF-000766,0,Pass,Engineering Review,0.042064415436513,0.4095986056506893,0.5904013943493107,5,sensor_181,31.71,-0.006428138259372466,0.006428138259372466,Decreases failure risk
WF-000766,0,Pass,Engineering Review,0.042064415436513,0.4095986056506893,0.5904013943493107,6,sensor_015,13.1792,-0.005806411334270529,0.005806411334270529,Decreases failure risk
WF-000766,0,Pass,Engineering Review,0.042064415436513,0.4095986056506893,0.5904013943493107,7,sensor_489,0.0,0.004829544317736612,0.004829544317736612,Increases failure risk
WF-000766,0,Pass,Engineering Review,0.042064415436513,0.4095986056506893,0.5904013943493107,8,sensor_282,0.0095,0.0046212127101561045,0.0046212127101561045,Increases failure risk
WF-000766,0,Pass,Engineering Review,0.042064415436513,0.4095986056506893,0.5904013943493107,9,sensor_453,8.8378,-0.004494963737065835,0.004494963737065835,Decreases failure risk
WF-000766,0,Pass,Engineering Review,0.042064415436513,0.4095986056506893,0.5904013943493107,10,sensor_447,0.9083,-0.004459899809937851,0.004459899809937851,Decreases failure risk
WF-001232,0,Pass,Engineering Review,0.0492570342250401,0.3077556319867723,0.6922443680132278,1,sensor_034,8.322,-0.019483176394726385,0.019483176394726385,Decreases failure risk
WF-001232,0,Pass,Engineering Review,0.0492570342250401,0.3077556319867723,0.6922443680132278,2,sensor_104,-0.0138,-0.01424471298555919,0.01424471298555919,Decreases failure risk
WF-001232,0,Pass,Engineering Review,0.0492570342250401,0.3077556319867723,0.6922443680132278,3,sensor_511,23.8914,-0.00751983895316616,0.00751983895316616,Decreases failure risk
WF-001232,0,Pass,Engineering Review,0.0492570342250401,0.3077556319867723,0.6922443680132278,4,sensor_126,0.7474,0.006826584358186451,0.006826584358186451,Increases failure risk
WF-001232,0,Pass,Engineering Review,0.0492570342250401,0.3077556319867723,0.6922443680132278,5,sensor_317,8.6759,-0.00621718173056626,0.00621718173056626,Decreases failure risk
WF-001232,0,Pass,Engineering Review,0.0492570342250401,0.3077556319867723,0.6922443680132278,6,sensor_206,10.91,0.005632564086063027,0.005632564086063027,Increases failure risk
WF-001232,0,Pass,Engineering Review,0.0492570342250401,0.3077556319867723,0.6922443680132278,7,sensor_453,6.9501,-0.00562598173993767,0.00562598173993767,Decreases failure risk
WF-001232,0,Pass,Engineering Review,0.0492570342250401,0.3077556319867723,0.6922443680132278,8,sensor_060,0.7736,-0.00526450851556771,0.00526450851556771,Decreases failure risk
WF-001232,0,Pass,Engineering Review,0.0492570342250401,0.3077556319867723,0.6922443680132278,9,sensor_184,17.837,-0.005252708386558911,0.005252708386558911,Decreases failure risk
WF-001232,0,Pass,Engineering Review,0.0492570342250401,0.3077556319867723,0.6922443680132278,10,sensor_181,25.38,-0.005044846843854254,0.005044846843854254,Decreases failure risk
WF-000105,0,Pass,High Risk,0.0903947877565658,0.3076931145399353,0.6923068854600647,1,sensor_104,-0.0056,0.01495775068531486,0.01495775068531486,Increases failure risk
WF-000105,0,Pass,High Risk,0.0903947877565658,0.3076931145399353,0.6923068854600647,2,sensor_060,29.0264,0.013084563678170947,0.013084563678170947,Increases failure risk
WF-000105,0,Pass,High Risk,0.0903947877565658,0.3076931145399353,0.6923068854600647,3,sensor_201,13.2,-0.007065776211402018,0.007065776211402018,Decreases failure risk
WF-000105,0,Pass,High Risk,0.0903947877565658,0.3076931145399353,0.6923068854600647,4,sensor_122,15.7,-0.006088351326832562,0.006088351326832562,Decreases failure risk
WF-000105,0,Pass,High Risk,0.0903947877565658,0.3076931145399353,0.6923068854600647,5,sensor_125,15.68,-0.0057829759356493576,0.0057829759356493576,Decreases failure risk
WF-000105,0,Pass,High Risk,0.0903947877565658,0.3076931145399353,0.6923068854600647,6,sensor_520,13.5649,0.005562069446202061,0.005562069446202061,Increases failure risk
WF-000105,0,Pass,High Risk,0.0903947877565658,0.3076931145399353,0.6923068854600647,7,sensor_034,9.094,0.0049383553726505625,0.0049383553726505625,Increases failure risk
WF-000105,0,Pass,High Risk,0.0903947877565658,0.3076931145399353,0.6923068854600647,8,sensor_181,12.7,0.0048349766932554,0.0048349766932554,Increases failure risk
WF-000105,0,Pass,High Risk,0.0903947877565658,0.3076931145399353,0.6923068854600647,9,sensor_282,0.0175,-0.004723840850422277,0.004723840850422277,Decreases failure risk
WF-000105,0,Pass,High Risk,0.0903947877565658,0.3076931145399353,0.6923068854600647,10,sensor_564,0.8343,-0.004640993671123434,0.004640993671123434,Decreases failure risk
WF-000269,0,Pass,High Risk,0.0862601096438172,0.339689007156837,0.660310992843163,1,sensor_060,14.0382,0.015297787983698232,0.015297787983698232,Increases failure risk
WF-000269,0,Pass,High Risk,0.0862601096438172,0.339689007156837,0.660310992843163,2,sensor_317,7.6137,-0.009032995133224888,0.009032995133224888,Decreases failure risk
WF-000269,0,Pass,High Risk,0.0862601096438172,0.339689007156837,0.660310992843163,3,sensor_342,3.7343,0.00823183422705222,0.00823183422705222,Increases failure risk
WF-000269,0,Pass,High Risk,0.0862601096438172,0.339689007156837,0.660310992843163,4,sensor_478,8.5491,0.00813564205284955,0.00813564205284955,Increases failure risk
WF-000269,0,Pass,High Risk,0.0862601096438172,0.339689007156837,0.660310992843163,5,sensor_104,-0.0084,0.007760373435404788,0.007760373435404788,Increases failure risk
WF-000269,0,Pass,High Risk,0.0862601096438172,0.339689007156837,0.660310992843163,6,sensor_201,11.79,-0.007593577442244054,0.007593577442244054,Decreases failure risk
WF-000269,0,Pass,High Risk,0.0862601096438172,0.339689007156837,0.660310992843163,7,sensor_206,12.84,0.006828660069969571,0.006828660069969571,Increases failure risk
WF-000269,0,Pass,High Risk,0.0862601096438172,0.339689007156837,0.660310992843163,8,sensor_065,25.9618,0.006095197999376147,0.006095197999376147,Increases failure risk
WF-000269,0,Pass,High Risk,0.0862601096438172,0.339689007156837,0.660310992843163,9,sensor_511,30.9524,-0.005492767327222236,0.005492767327222236,Decreases failure risk
WF-000269,0,Pass,High Risk,0.0862601096438172,0.339689007156837,0.660310992843163,10,sensor_480,1.8797,-0.005320587556507654,0.005320587556507654,Decreases failure risk
WF-001059,0,Pass,Low Risk,0.0292397966553082,0.4496399023280233,0.5503600976719767,1,sensor_104,-0.0179,-0.01567762293933974,0.01567762293933974,Decreases failure risk
WF-001059,0,Pass,Low Risk,0.0292397966553082,0.4496399023280233,0.5503600976719767,2,sensor_214,0.0184,-0.012943079585437183,0.012943079585437183,Decreases failure risk
WF-001059,0,Pass,Low Risk,0.0292397966553082,0.4496399023280233,0.5503600976719767,3,sensor_352,0.0083,-0.009194250768255714,0.009194250768255714,Decreases failure risk
WF-001059,0,Pass,Low Risk,0.0292397966553082,0.4496399023280233,0.5503600976719767,4,sensor_511,22.9531,-0.008676269446933923,0.008676269446933923,Decreases failure risk
WF-001059,0,Pass,Low Risk,0.0292397966553082,0.4496399023280233,0.5503600976719767,5,sensor_060,-0.3727,-0.008147168935975304,0.008147168935975304,Decreases failure risk
WF-001059,0,Pass,Low Risk,0.0292397966553082,0.4496399023280233,0.5503600976719767,6,sensor_520,4.5505,-0.00792227119138749,0.00792227119138749,Decreases failure risk
WF-001059,0,Pass,Low Risk,0.0292397966553082,0.4496399023280233,0.5503600976719767,7,sensor_248,0.0213,-0.007268325630200797,0.007268325630200797,Decreases failure risk
WF-001059,0,Pass,Low Risk,0.0292397966553082,0.4496399023280233,0.5503600976719767,8,sensor_126,1.447,-0.007052418648917916,0.007052418648917916,Decreases failure risk
WF-001059,0,Pass,Low Risk,0.0292397966553082,0.4496399023280233,0.5503600976719767,9,sensor_130,-3.779,-0.006531656286764457,0.006531656286764457,Decreases failure risk
WF-001059,0,Pass,Low Risk,0.0292397966553082,0.4496399023280233,0.5503600976719767,10,sensor_103,-0.1651,0.005669684556303869,0.005669684556303869,Increases failure risk
WF-000049,1,Fail,Engineering Review,0.0599791033825022,0.1845980495371205,0.8154019504628794,1,sensor_214,0.0208,-0.014037881483297189,0.014037881483297189,Decreases failure risk
WF-000049,1,Fail,Engineering Review,0.0599791033825022,0.1845980495371205,0.8154019504628794,2,sensor_352,0.0107,-0.012248040151002025,0.012248040151002025,Decreases failure risk
WF-000049,1,Fail,Engineering Review,0.0599791033825022,0.1845980495371205,0.8154019504628794,3,sensor_060,25.0382,0.012112382592176915,0.012112382592176915,Increases failure risk
WF-000049,1,Fail,Engineering Review,0.0599791033825022,0.1845980495371205,0.8154019504628794,4,sensor_478,13.2681,0.010927960480322307,0.010927960480322307,Increases failure risk
WF-000049,1,Fail,Engineering Review,0.0599791033825022,0.1845980495371205,0.8154019504628794,5,sensor_104,-0.0091,-0.01018834850394567,0.01018834850394567,Decreases failure risk
WF-000049,1,Fail,Engineering Review,0.0599791033825022,0.1845980495371205,0.8154019504628794,6,sensor_342,5.6218,0.010173589371635107,0.010173589371635107,Increases failure risk
WF-000049,1,Fail,Engineering Review,0.0599791033825022,0.1845980495371205,0.8154019504628794,7,sensor_511,96.9697,0.009731642505956624,0.009731642505956624,Increases failure risk
WF-000049,1,Fail,Engineering Review,0.0599791033825022,0.1845980495371205,0.8154019504628794,8,sensor_206,19.73,0.00938495124068234,0.00938495124068234,Increases failure risk
WF-000049,1,Fail,Engineering Review,0.0599791033825022,0.1845980495371205,0.8154019504628794,9,sensor_126,1.483,-0.006145270149618093,0.006145270149618093,Decreases failure risk
WF-000049,1,Fail,Engineering Review,0.0599791033825022,0.1845980495371205,0.8154019504628794,10,sensor_034,23.3453,0.004838469818887598,0.004838469818887598,Increases failure risk
WF-001386,0,Pass,Engineering Review,0.0478623073461422,0.2965262788358642,0.7034737211641358,1,sensor_104,-0.0099,-0.012416014843328584,0.012416014843328584,Decreases failure risk
WF-001386,0,Pass,Engineering Review,0.0478623073461422,0.2965262788358642,0.7034737211641358,2,sensor_131,0.6676,-0.007879966752876449,0.007879966752876449,Decreases failure risk
WF-001386,0,Pass,Engineering Review,0.0478623073461422,0.2965262788358642,0.7034737211641358,3,sensor_015,12.5764,-0.005512332564390924,0.005512332564390924,Decreases failure risk
WF-001386,0,Pass,Engineering Review,0.0478623073461422,0.2965262788358642,0.7034737211641358,4,sensor_342,2.3678,-0.004903931199809484,0.004903931199809484,Decreases failure risk
WF-001386,0,Pass,Engineering Review,0.0478623073461422,0.2965262788358642,0.7034737211641358,5,sensor_034,9.0744,0.004735595913652999,0.004735595913652999,Increases failure risk
WF-001386,0,Pass,Engineering Review,0.0478623073461422,0.2965262788358642,0.7034737211641358,6,sensor_512,724.5283,0.004211801012233534,0.004211801012233534,Increases failure risk
WF-001386,0,Pass,Engineering Review,0.0478623073461422,0.2965262788358642,0.7034737211641358,7,sensor_478,5.8227,-0.004161590640139319,0.004161590640139319,Decreases failure risk
WF-001386,0,Pass,Engineering Review,0.0478623073461422,0.2965262788358642,0.7034737211641358,8,sensor_130,-0.8988,-0.004113027536391259,0.004113027536391259,Decreases failure risk
WF-001386,0,Pass,Engineering Review,0.0478623073461422,0.2965262788358642,0.7034737211641358,9,sensor_082,-0.0594,-0.004019648622983598,0.004019648622983598,Decreases failure risk
WF-001386,0,Pass,Engineering Review,0.0478623073461422,0.2965262788358642,0.7034737211641358,10,sensor_432,12.0137,-0.0038363670906375103,0.0038363670906375103,Decreases failure risk
WF-001315,0,Pass,Low Risk,0.0316207451834414,0.3287210953139859,0.671278904686014,1,sensor_104,-0.0105,-0.014683789393643534,0.014683789393643534,Decreases failure risk
WF-001315,0,Pass,Low Risk,0.0316207451834414,0.3287210953139859,0.671278904686014,2,sensor_060,0.5982,-0.008494048273463586,0.008494048273463586,Decreases failure risk
WF-001315,0,Pass,Low Risk,0.0316207451834414,0.3287210953139859,0.671278904686014,3,sensor_478,3.1249,-0.008344684138878665,0.008344684138878665,Decreases failure risk
WF-001315,0,Pass,Low Risk,0.0316207451834414,0.3287210953139859,0.671278904686014,4,sensor_206,4.58,-0.008148526217090887,0.008148526217090887,Decreases failure risk
WF-001315,0,Pass,Low Risk,0.0316207451834414,0.3287210953139859,0.671278904686014,5,sensor_511,35.2381,-0.006824447589286514,0.006824447589286514,Decreases failure risk
WF-001315,0,Pass,Low Risk,0.0316207451834414,0.3287210953139859,0.671278904686014,6,sensor_424,33.6401,-0.006718609256869213,0.006718609256869213,Decreases failure risk
WF-001315,0,Pass,Low Risk,0.0316207451834414,0.3287210953139859,0.671278904686014,7,sensor_432,7.0739,-0.006705528233091395,0.006705528233091395,Decreases failure risk
WF-001315,0,Pass,Low Risk,0.0316207451834414,0.3287210953139859,0.671278904686014,8,sensor_564,0.8112,-0.006086896735688418,0.006086896735688418,Decreases failure risk
WF-001315,0,Pass,Low Risk,0.0316207451834414,0.3287210953139859,0.671278904686014,9,sensor_342,1.5265,-0.005870617923753124,0.005870617923753124,Decreases failure risk
WF-001315,0,Pass,Low Risk,0.0316207451834414,0.3287210953139859,0.671278904686014,10,sensor_034,9.2064,0.005717035061242415,0.005717035061242415,Increases failure risk
WF-001032,0,Pass,Engineering Review,0.0351566409644104,0.4225728136607217,0.5774271863392784,1,sensor_214,0.0138,-0.015172927702129593,0.015172927702129593,Decreases failure risk
WF-001032,0,Pass,Engineering Review,0.0351566409644104,0.4225728136607217,0.5774271863392784,2,sensor_104,-0.0146,-0.01454886372157883,0.01454886372157883,Decreases failure risk
WF-001032,0,Pass,Engineering Review,0.0351566409644104,0.4225728136607217,0.5774271863392784,3,sensor_511,21.3058,-0.008987325383451386,0.008987325383451386,Decreases failure risk
WF-001032,0,Pass,Engineering Review,0.0351566409644104,0.4225728136607217,0.5774271863392784,4,sensor_060,-1.2991,-0.008925487148447157,0.008925487148447157,Decreases failure risk
WF-001032,0,Pass,Engineering Review,0.0351566409644104,0.4225728136607217,0.5774271863392784,5,sensor_126,1.418,-0.008259806442682245,0.008259806442682245,Decreases failure risk
WF-001032,0,Pass,Engineering Review,0.0351566409644104,0.4225728136607217,0.5774271863392784,6,sensor_352,0.0058,-0.008228666949830033,0.008228666949830033,Decreases failure risk
WF-001032,0,Pass,Engineering Review,0.0351566409644104,0.4225728136607217,0.5774271863392784,7,sensor_206,4.97,-0.006800486777818126,0.006800486777818126,Decreases failure risk
WF-001032,0,Pass,Engineering Review,0.0351566409644104,0.4225728136607217,0.5774271863392784,8,sensor_478,3.3779,-0.006179763813214691,0.006179763813214691,Decreases failure risk
WF-001032,0,Pass,Engineering Review,0.0351566409644104,0.4225728136607217,0.5774271863392784,9,sensor_125,15.7,-0.005870604700795213,0.005870604700795213,Decreases failure risk
WF-001032,0,Pass,Engineering Review,0.0351566409644104,0.4225728136607217,0.5774271863392784,10,sensor_485,876.5217,-0.005462839256523884,0.005462839256523884,Decreases failure risk
WF-000191,0,Pass,High Risk,0.2366487052575615,0.2141170073585696,0.7858829926414304,1,sensor_104,-0.0062,0.014524064322700906,0.014524064322700906,Increases failure risk
WF-000191,0,Pass,High Risk,0.2366487052575615,0.2141170073585696,0.7858829926414304,2,sensor_060,10.0236,0.011779590618937016,0.011779590618937016,Increases failure risk
WF-000191,0,Pass,High Risk,0.2366487052575615,0.2141170073585696,0.7858829926414304,3,sensor_034,8.5155,-0.011168529063278365,0.011168529063278365,Decreases failure risk
WF-000191,0,Pass,High Risk,0.2366487052575615,0.2141170073585696,0.7858829926414304,4,sensor_065,29.9764,0.00981670547567759,0.00981670547567759,Increases failure risk
WF-000191,0,Pass,High Risk,0.2366487052575615,0.2141170073585696,0.7858829926414304,5,sensor_342,3.8452,0.009094836050161176,0.009094836050161176,Increases failure risk
WF-000191,0,Pass,High Risk,0.2366487052575615,0.2141170073585696,0.7858829926414304,6,sensor_066,38.1045,0.008908305526334492,0.008908305526334492,Increases failure risk
WF-000191,0,Pass,High Risk,0.2366487052575615,0.2141170073585696,0.7858829926414304,7,sensor_478,8.1842,0.006470297721338802,0.006470297721338802,Increases failure risk
WF-000191,0,Pass,High Risk,0.2366487052575615,0.2141170073585696,0.7858829926414304,8,sensor_308,0.0921,-0.006308096947007474,0.006308096947007474,Decreases failure risk
WF-000191,0,Pass,High Risk,0.2366487052575615,0.2141170073585696,0.7858829926414304,9,sensor_310,0.092,-0.005902833318636869,0.005902833318636869,Decreases failure risk
WF-000191,0,Pass,High Risk,0.2366487052575615,0.2141170073585696,0.7858829926414304,10,sensor_432,10.8422,-0.005734710159031033,0.005734710159031033,Decreases failure risk
WF-001457,0,Pass,Engineering Review,0.0675257997962518,0.220972190490406,0.7790278095095939,1,sensor_104,-0.0125,-0.014246988474348398,0.014246988474348398,Decreases failure risk
WF-001457,0,Pass,Engineering Review,0.0675257997962518,0.220972190490406,0.7790278095095939,2,sensor_126,1.503,-0.009462048019326765,0.009462048019326765,Decreases failure risk
WF-001457,0,Pass,Engineering Review,0.0675257997962518,0.220972190490406,0.7790278095095939,3,sensor_478,8.7071,0.008000429201471483,0.008000429201471483,Increases failure risk
WF-001457,0,Pass,Engineering Review,0.0675257997962518,0.220972190490406,0.7790278095095939,4,sensor_342,3.8378,0.007630760491612372,0.007630760491612372,Increases failure risk
WF-001457,0,Pass,Engineering Review,0.0675257997962518,0.220972190490406,0.7790278095095939,5,sensor_206,12.5,0.007031372075486732,0.007031372075486732,Increases failure risk
WF-001457,0,Pass,Engineering Review,0.0675257997962518,0.220972190490406,0.7790278095095939,6,sensor_034,9.7571,0.006405153585162987,0.006405153585162987,Increases failure risk
WF-001457,0,Pass,Engineering Review,0.0675257997962518,0.220972190490406,0.7790278095095939,7,sensor_317,6.9216,-0.005314213041526358,0.005314213041526358,Decreases failure risk
WF-001457,0,Pass,Engineering Review,0.0675257997962518,0.220972190490406,0.7790278095095939,8,sensor_060,2.2618,-0.005252177292016021,0.005252177292016021,Decreases failure risk
WF-001457,0,Pass,Engineering Review,0.0675257997962518,0.220972190490406,0.7790278095095939,9,sensor_125,15.71,-0.00509390876413091,0.00509390876413091,Decreases failure risk
WF-001457,0,Pass,Engineering Review,0.0675257997962518,0.220972190490406,0.7790278095095939,10,sensor_470,4.1621,-0.005053913398202561,0.005053913398202561,Decreases failure risk
WF-000990,0,Pass,Low Risk,0.0247430443724499,0.4632096323246942,0.5367903676753059,1,sensor_034,8.1161,-0.01875445699397145,0.01875445699397145,Decreases failure risk
WF-000990,0,Pass,Low Risk,0.0247430443724499,0.4632096323246942,0.5367903676753059,2,sensor_131,0.5882,-0.013240806790521892,0.013240806790521892,Decreases failure risk
WF-000990,0,Pass,Low Risk,0.0247430443724499,0.4632096323246942,0.5367903676753059,3,sensor_104,-0.0106,-0.012739194776416836,0.012739194776416836,Decreases failure risk
WF-000990,0,Pass,Low Risk,0.0247430443724499,0.4632096323246942,0.5367903676753059,4,sensor_214,0.0262,-0.01120892185729923,0.01120892185729923,Decreases failure risk
WF-000990,0,Pass,Low Risk,0.0247430443724499,0.4632096323246942,0.5367903676753059,5,sensor_126,1.744,-0.009031150838299735,0.009031150838299735,Decreases failure risk
WF-000990,0,Pass,Low Risk,0.0247430443724499,0.4632096323246942,0.5367903676753059,6,sensor_060,-1.31,-0.009019891342724747,0.009019891342724747,Decreases failure risk
WF-000990,0,Pass,Low Risk,0.0247430443724499,0.4632096323246942,0.5367903676753059,7,sensor_352,0.0111,-0.007807761395227583,0.007807761395227583,Decreases failure risk
WF-000990,0,Pass,Low Risk,0.0247430443724499,0.4632096323246942,0.5367903676753059,8,sensor_130,-3.591,-0.00695841557245213,0.00695841557245213,Decreases failure risk
WF-000990,0,Pass,Low Risk,0.0247430443724499,0.4632096323246942,0.5367903676753059,9,sensor_548,392.466,-0.00686935841853411,0.00686935841853411,Decreases failure risk
WF-000990,0,Pass,Low Risk,0.0247430443724499,0.4632096323246942,0.5367903676753059,10,sensor_123,5.902,-0.006750971189517145,0.006750971189517145,Decreases failure risk
WF-000937,0,Pass,Low Risk,0.0128631040847779,0.4215053426564173,0.5784946573435827,1,sensor_131,0.5638,-0.014436818178339564,0.014436818178339564,Decreases failure risk
WF-000937,0,Pass,Low Risk,0.0128631040847779,0.4215053426564173,0.5784946573435827,2,sensor_104,-0.0098,-0.013386592347805204,0.013386592347805204,Decreases failure risk
WF-000937,0,Pass,Low Risk,0.0128631040847779,0.4215053426564173,0.5784946573435827,3,sensor_060,-3.74,-0.009939667977582813,0.009939667977582813,Decreases failure risk
WF-000937,0,Pass,Low Risk,0.0128631040847779,0.4215053426564173,0.5784946573435827,4,sensor_034,8.5571,-0.009708690295333326,0.009708690295333326,Decreases failure risk
WF-000937,0,Pass,Low Risk,0.0128631040847779,0.4215053426564173,0.5784946573435827,5,sensor_126,1.763,-0.008345342992038296,0.008345342992038296,Decreases failure risk
WF-000937,0,Pass,Low Risk,0.0128631040847779,0.4215053426564173,0.5784946573435827,6,sensor_029,75.5556,-0.008327524566453815,0.008327524566453815,Decreases failure risk
WF-000937,0,Pass,Low Risk,0.0128631040847779,0.4215053426564173,0.5784946573435827,7,sensor_478,2.7876,-0.006814404525446616,0.006814404525446616,Decreases failure risk
WF-000937,0,Pass,Low Risk,0.0128631040847779,0.4215053426564173,0.5784946573435827,8,sensor_130,-3.496,-0.0066415907104613375,0.0066415907104613375,Decreases failure risk
WF-000937,0,Pass,Low Risk,0.0128631040847779,0.4215053426564173,0.5784946573435827,9,sensor_511,34.7826,-0.0062163910778832735,0.0062163910778832735,Decreases failure risk
WF-000937,0,Pass,Low Risk,0.0128631040847779,0.4215053426564173,0.5784946573435827,10,sensor_206,4.12,-0.005694150688496199,0.005694150688496199,Decreases failure risk
WF-001492,0,Pass,Low Risk,0.0086214682717125,0.4423302907381796,0.5576697092618204,1,sensor_131,0.6289,-0.010203171251374415,0.010203171251374415,Decreases failure risk
WF-001492,0,Pass,Low Risk,0.0086214682717125,0.4423302907381796,0.5576697092618204,2,sensor_104,-0.0091,-0.008385608941797214,0.008385608941797214,Decreases failure risk
WF-001492,0,Pass,Low Risk,0.0086214682717125,0.4423302907381796,0.5576697092618204,3,sensor_181,24.58,-0.005860524267239028,0.005860524267239028,Decreases failure risk
WF-001492,0,Pass,Low Risk,0.0086214682717125,0.4423302907381796,0.5576697092618204,4,sensor_201,8.44,-0.005840586440455182,0.005840586440455182,Decreases failure risk
WF-001492,0,Pass,Low Risk,0.0086214682717125,0.4423302907381796,0.5576697092618204,5,sensor_317,7.6244,-0.005448147483389162,0.005448147483389162,Decreases failure risk
WF-001492,0,Pass,Low Risk,0.0086214682717125,0.4423302907381796,0.5576697092618204,6,sensor_434,947.3393,0.005279557132506922,0.005279557132506922,Increases failure risk
WF-001492,0,Pass,Low Risk,0.0086214682717125,0.4423302907381796,0.5576697092618204,7,sensor_480,1.3322,-0.005193469890433686,0.005193469890433686,Decreases failure risk
WF-001492,0,Pass,Low Risk,0.0086214682717125,0.4423302907381796,0.5576697092618204,8,sensor_511,39.4521,-0.0048641042288123364,0.0048641042288123364,Decreases failure risk
WF-001492,0,Pass,Low Risk,0.0086214682717125,0.4423302907381796,0.5576697092618204,9,sensor_432,8.8044,-0.0045145108330685215,0.0045145108330685215,Decreases failure risk
WF-001492,0,Pass,Low Risk,0.0086214682717125,0.4423302907381796,0.5576697092618204,10,sensor_184,13.393,-0.0044466306571053545,0.0044466306571053545,Decreases failure risk
WF-000709,0,Pass,Low Risk,0.0283070992209167,0.462252659416797,0.537747340583203,1,sensor_104,-0.0142,-0.012665000921552788,0.012665000921552788,Decreases failure risk
WF-000709,0,Pass,Low Risk,0.0283070992209167,0.462252659416797,0.537747340583203,2,sensor_520,4.2122,-0.010211114811720684,0.010211114811720684,Decreases failure risk
WF-000709,0,Pass,Low Risk,0.0283070992209167,0.462252659416797,0.537747340583203,3,sensor_248,0.0192,-0.009571415394664794,0.009571415394664794,Decreases failure risk
WF-000709,0,Pass,Low Risk,0.0283070992209167,0.462252659416797,0.537747340583203,4,sensor_478,11.1753,0.009462811621777437,0.009462811621777437,Increases failure risk
WF-000709,0,Pass,Low Risk,0.0283070992209167,0.462252659416797,0.537747340583203,5,sensor_206,16.97,0.008942863231169697,0.008942863231169697,Increases failure risk
WF-000709,0,Pass,Low Risk,0.0283070992209167,0.462252659416797,0.537747340583203,6,sensor_342,4.1538,0.007884764775361874,0.007884764775361874,Increases failure risk
WF-000709,0,Pass,Low Risk,0.0283070992209167,0.462252659416797,0.537747340583203,7,sensor_032,4.6448,-0.007161033435565422,0.007161033435565422,Decreases failure risk
WF-000709,0,Pass,Low Risk,0.0283070992209167,0.462252659416797,0.537747340583203,8,sensor_432,4.1728,-0.00614170960301733,0.00614170960301733,Decreases failure risk
WF-000709,0,Pass,Low Risk,0.0283070992209167,0.462252659416797,0.537747340583203,9,sensor_060,1.7755,-0.005885164526960515,0.005885164526960515,Decreases failure risk
WF-000709,0,Pass,Low Risk,0.0283070992209167,0.462252659416797,0.537747340583203,10,sensor_548,396.902,-0.005705908079522972,0.005705908079522972,Decreases failure risk
WF-001544,0,Pass,Low Risk,0.0291397823757858,0.3787135250707951,0.6212864749292049,1,sensor_104,-0.0141,-0.01278653289082819,0.01278653289082819,Decreases failure risk
WF-001544,0,Pass,Low Risk,0.0291397823757858,0.3787135250707951,0.6212864749292049,2,sensor_032,4.7131,-0.012756755114690217,0.012756755114690217,Decreases failure risk
WF-001544,0,Pass,Low Risk,0.0291397823757858,0.3787135250707951,0.6212864749292049,3,sensor_511,25.6,-0.008233511375330937,0.008233511375330937,Decreases failure risk
WF-001544,0,Pass,Low Risk,0.0291397823757858,0.3787135250707951,0.6212864749292049,4,sensor_478,3.4727,-0.006863260755201247,0.006863260755201247,Decreases failure risk
WF-001544,0,Pass,Low Risk,0.0291397823757858,0.3787135250707951,0.6212864749292049,5,sensor_201,11.05,-0.0065265774482976355,0.0065265774482976355,Decreases failure risk
WF-001544,0,Pass,Low Risk,0.0291397823757858,0.3787135250707951,0.6212864749292049,6,sensor_153,1.0676,0.005604795081098585,0.005604795081098585,Increases failure risk
WF-001544,0,Pass,Low Risk,0.0291397823757858,0.3787135250707951,0.6212864749292049,7,sensor_432,8.1731,-0.005045146055266335,0.005045146055266335,Decreases failure risk
WF-001544,0,Pass,Low Risk,0.0291397823757858,0.3787135250707951,0.6212864749292049,8,sensor_288,0.3095,0.004865293170634001,0.004865293170634001,Increases failure risk
WF-001544,0,Pass,Low Risk,0.0291397823757858,0.3787135250707951,0.6212864749292049,9,sensor_342,1.567,-0.00453049310209866,0.00453049310209866,Decreases failure risk
WF-001544,0,Pass,Low Risk,0.0291397823757858,0.3787135250707951,0.6212864749292049,10,sensor_184,17.596,-0.004370899623186545,0.004370899623186545,Decreases failure risk
WF-000052,0,Pass,Insufficient Evidence,0.1263664825255145,0.1483198884860631,0.8516801115139369,1,sensor_060,21.39,0.012239765541169303,0.012239765541169303,Increases failure risk
WF-000052,0,Pass,Insufficient Evidence,0.1263664825255145,0.1483198884860631,0.8516801115139369,2,sensor_104,-0.007,0.010278243435369552,0.010278243435369552,Increases failure risk
WF-000052,0,Pass,Insufficient Evidence,0.1263664825255145,0.1483198884860631,0.8516801115139369,3,sensor_511,90.4847,0.00863680388116014,0.00863680388116014,Increases failure risk
WF-000052,0,Pass,Insufficient Evidence,0.1263664825255145,0.1483198884860631,0.8516801115139369,4,sensor_201,13.48,-0.006944147786750588,0.006944147786750588,Decreases failure risk
WF-000052,0,Pass,Insufficient Evidence,0.1263664825255145,0.1483198884860631,0.8516801115139369,5,sensor_015,16.5926,-0.006876641913612994,0.006876641913612994,Decreases failure risk
WF-000052,0,Pass,Insufficient Evidence,0.1263664825255145,0.1483198884860631,0.8516801115139369,6,sensor_478,3.0761,-0.006513443740637006,0.006513443740637006,Decreases failure risk
WF-000052,0,Pass,Insufficient Evidence,0.1263664825255145,0.1483198884860631,0.8516801115139369,7,sensor_317,4.665,0.005955616533070585,0.005955616533070585,Increases failure risk
WF-000052,0,Pass,Insufficient Evidence,0.1263664825255145,0.1483198884860631,0.8516801115139369,8,sensor_342,1.3506,-0.005284004381025003,0.005284004381025003,Decreases failure risk
WF-000052,0,Pass,Insufficient Evidence,0.1263664825255145,0.1483198884860631,0.8516801115139369,9,sensor_447,0.9126,-0.005262926773128523,0.005262926773128523,Decreases failure risk
WF-000052,0,Pass,Insufficient Evidence,0.1263664825255145,0.1483198884860631,0.8516801115139369,10,sensor_206,4.5,-0.005179745437151228,0.005179745437151228,Decreases failure risk
WF-001355,0,Pass,Low Risk,0.0186270885350573,0.3206041934136843,0.6793958065863157,1,sensor_104,-0.0124,-0.013487487093383193,0.013487487093383193,Decreases failure risk
WF-001355,0,Pass,Low Risk,0.0186270885350573,0.3206041934136843,0.6793958065863157,2,sensor_060,-2.0327,-0.007252681749311042,0.007252681749311042,Decreases failure risk
WF-001355,0,Pass,Low Risk,0.0186270885350573,0.3206041934136843,0.6793958065863157,3,sensor_317,8.1124,-0.007229340161809332,0.007229340161809332,Decreases failure risk
WF-001355,0,Pass,Low Risk,0.0186270885350573,0.3206041934136843,0.6793958065863157,4,sensor_201,12.62,-0.006392251256465383,0.006392251256465383,Decreases failure risk
WF-001355,0,Pass,Low Risk,0.0186270885350573,0.3206041934136843,0.6793958065863157,5,sensor_453,6.4553,-0.00613637922862137,0.00613637922862137,Decreases failure risk
WF-001355,0,Pass,Low Risk,0.0186270885350573,0.3206041934136843,0.6793958065863157,6,sensor_478,4.8172,-0.005920148140838233,0.005920148140838233,Decreases failure risk
WF-001355,0,Pass,Low Risk,0.0186270885350573,0.3206041934136843,0.6793958065863157,7,sensor_578,17.4117,-0.005653838965377066,0.005653838965377066,Decreases failure risk
WF-001355,0,Pass,Low Risk,0.0186270885350573,0.3206041934136843,0.6793958065863157,8,sensor_511,33.0312,-0.005454987845004856,0.005454987845004856,Decreases failure risk
WF-001355,0,Pass,Low Risk,0.0186270885350573,0.3206041934136843,0.6793958065863157,9,sensor_182,0.971,-0.005334823141426652,0.005334823141426652,Decreases failure risk
WF-001355,0,Pass,Low Risk,0.0186270885350573,0.3206041934136843,0.6793958065863157,10,sensor_206,7.01,-0.005092560462344366,0.005092560462344366,Decreases failure risk
WF-000908,0,Pass,Low Risk,0.0092964306760435,0.5398253196835927,0.4601746803164073,1,sensor_034,8.4278,-0.016770146426530665,0.016770146426530665,Decreases failure risk
WF-000908,0,Pass,Low Risk,0.0092964306760435,0.5398253196835927,0.4601746803164073,2,sensor_104,-0.0136,-0.01632223921022736,0.01632223921022736,Decreases failure risk
WF-000908,0,Pass,Low Risk,0.0092964306760435,0.5398253196835927,0.4601746803164073,3,sensor_131,0.5812,-0.0137527366106497,0.0137527366106497,Decreases failure risk
WF-000908,0,Pass,Low Risk,0.0092964306760435,0.5398253196835927,0.4601746803164073,4,sensor_060,-1.79,-0.00882149591372085,0.00882149591372085,Decreases failure risk
WF-000908,0,Pass,Low Risk,0.0092964306760435,0.5398253196835927,0.4601746803164073,5,sensor_181,24.35,-0.007886599006561697,0.007886599006561697,Decreases failure risk
WF-000908,0,Pass,Low Risk,0.0092964306760435,0.5398253196835927,0.4601746803164073,6,sensor_248,0.0196,-0.007351679281849536,0.007351679281849536,Decreases failure risk
WF-000908,0,Pass,Low Risk,0.0092964306760435,0.5398253196835927,0.4601746803164073,7,sensor_511,30.0366,-0.0068227872049048295,0.0068227872049048295,Decreases failure risk
WF-000908,0,Pass,Low Risk,0.0092964306760435,0.5398253196835927,0.4601746803164073,8,sensor_520,4.2165,-0.006749085257130814,0.006749085257130814,Decreases failure risk
WF-000908,0,Pass,Low Risk,0.0092964306760435,0.5398253196835927,0.4601746803164073,9,sensor_512,907.6923,0.006736232140070255,0.006736232140070255,Increases failure risk
WF-000908,0,Pass,Low Risk,0.0092964306760435,0.5398253196835927,0.4601746803164073,10,sensor_126,1.617,-0.005970929782002449,0.005970929782002449,Decreases failure risk
WF-000715,0,Pass,Low Risk,0.0161458792290348,0.4963410097912662,0.5036589902087338,1,sensor_214,0.0156,-0.014719468117352485,0.014719468117352485,Decreases failure risk
WF-000715,0,Pass,Low Risk,0.0161458792290348,0.4963410097912662,0.5036589902087338,2,sensor_104,-0.0106,-0.012821802776423603,0.012821802776423603,Decreases failure risk
WF-000715,0,Pass,Low Risk,0.0161458792290348,0.4963410097912662,0.5036589902087338,3,sensor_060,-0.3918,-0.010008368155160603,0.010008368155160603,Decreases failure risk
WF-000715,0,Pass,Low Risk,0.0161458792290348,0.4963410097912662,0.5036589902087338,4,sensor_352,0.0089,-0.009712038558435538,0.009712038558435538,Decreases failure risk
WF-000715,0,Pass,Low Risk,0.0161458792290348,0.4963410097912662,0.5036589902087338,5,sensor_511,26.5089,-0.008624103611005062,0.008624103611005062,Decreases failure risk
WF-000715,0,Pass,Low Risk,0.0161458792290348,0.4963410097912662,0.5036589902087338,6,sensor_248,0.019,-0.00834069648464273,0.00834069648464273,Decreases failure risk
WF-000715,0,Pass,Low Risk,0.0161458792290348,0.4963410097912662,0.5036589902087338,7,sensor_520,4.1255,-0.007903611890777764,0.007903611890777764,Decreases failure risk
WF-000715,0,Pass,Low Risk,0.0161458792290348,0.4963410097912662,0.5036589902087338,8,sensor_564,0.9534,-0.005274805464073078,0.005274805464073078,Decreases failure risk
WF-000715,0,Pass,Low Risk,0.0161458792290348,0.4963410097912662,0.5036589902087338,9,sensor_015,13.3456,-0.005098378366195914,0.005098378366195914,Decreases failure risk
WF-000715,0,Pass,Low Risk,0.0161458792290348,0.4963410097912662,0.5036589902087338,10,sensor_444,0.4253,-0.004751762904497702,0.004751762904497702,Decreases failure risk
WF-000629,0,Pass,Low Risk,0.0265960168206336,0.4011926030508802,0.5988073969491198,1,sensor_032,4.6828,-0.01405669520290645,0.01405669520290645,Decreases failure risk
WF-000629,0,Pass,Low Risk,0.0265960168206336,0.4011926030508802,0.5988073969491198,2,sensor_104,-0.011,-0.013243128043637463,0.013243128043637463,Decreases failure risk
WF-000629,0,Pass,Low Risk,0.0265960168206336,0.4011926030508802,0.5988073969491198,3,sensor_060,-5.1655,-0.008278465864604893,0.008278465864604893,Decreases failure risk
WF-000629,0,Pass,Low Risk,0.0265960168206336,0.4011926030508802,0.5988073969491198,4,sensor_282,0.024,-0.006354124011867932,0.006354124011867932,Decreases failure risk
WF-000629,0,Pass,Low Risk,0.0265960168206336,0.4011926030508802,0.5988073969491198,5,sensor_564,0.893,-0.00593450755062312,0.00593450755062312,Decreases failure risk
WF-000629,0,Pass,Low Risk,0.0265960168206336,0.4011926030508802,0.5988073969491198,6,sensor_478,3.6904,-0.005613018356067506,0.005613018356067506,Decreases failure risk
WF-000629,0,Pass,Low Risk,0.0265960168206336,0.4011926030508802,0.5988073969491198,7,sensor_201,12.56,-0.005579259993952338,0.005579259993952338,Decreases failure risk
WF-000629,0,Pass,Low Risk,0.0265960168206336,0.4011926030508802,0.5988073969491198,8,sensor_147,0.0849,-0.005313517405767597,0.005313517405767597,Decreases failure risk
WF-000629,0,Pass,Low Risk,0.0265960168206336,0.4011926030508802,0.5988073969491198,9,sensor_480,2.0422,-0.004566724745328579,0.004566724745328579,Decreases failure risk
WF-000629,0,Pass,Low Risk,0.0265960168206336,0.4011926030508802,0.5988073969491198,10,sensor_461,15.1385,-0.004244000654528028,0.004244000654528028,Decreases failure risk
WF-001467,0,Pass,Low Risk,0.0158861525010141,0.376714908862755,0.623285091137245,1,sensor_034,8.2963,-0.016022618247657935,0.016022618247657935,Decreases failure risk
WF-001467,0,Pass,Low Risk,0.0158861525010141,0.376714908862755,0.623285091137245,2,sensor_104,-0.0141,-0.01077312481035921,0.01077312481035921,Decreases failure risk
WF-001467,0,Pass,Low Risk,0.0158861525010141,0.376714908862755,0.623285091137245,3,sensor_131,0.6534,-0.010074346027142689,0.010074346027142689,Decreases failure risk
WF-001467,0,Pass,Low Risk,0.0158861525010141,0.376714908862755,0.623285091137245,4,sensor_060,-2.9609,-0.009671557891969372,0.009671557891969372,Decreases failure risk
WF-001467,0,Pass,Low Risk,0.0158861525010141,0.376714908862755,0.623285091137245,5,sensor_317,7.597,-0.006446895305626566,0.006446895305626566,Decreases failure risk
WF-001467,0,Pass,Low Risk,0.0158861525010141,0.376714908862755,0.623285091137245,6,sensor_181,22.84,-0.005936588626117329,0.005936588626117329,Decreases failure risk
WF-001467,0,Pass,Low Risk,0.0158861525010141,0.376714908862755,0.623285091137245,7,sensor_511,17.6991,-0.005513285778850873,0.005513285778850873,Decreases failure risk
WF-001467,0,Pass,Low Risk,0.0158861525010141,0.376714908862755,0.623285091137245,8,sensor_015,12.8735,-0.005045947340903586,0.005045947340903586,Decreases failure risk
WF-001467,0,Pass,Low Risk,0.0158861525010141,0.376714908862755,0.623285091137245,9,sensor_564,0.8643,-0.00497281842789512,0.00497281842789512,Decreases failure risk
WF-001467,0,Pass,Low Risk,0.0158861525010141,0.376714908862755,0.623285091137245,10,sensor_184,17.349,-0.004935379536464942,0.004935379536464942,Decreases failure risk
WF-000501,0,Pass,Engineering Review,0.0522753435504643,0.4050037501500408,0.5949962498499592,1,sensor_104,-0.011,-0.014243985530377198,0.014243985530377198,Decreases failure risk
WF-000501,0,Pass,Engineering Review,0.0522753435504643,0.4050037501500408,0.5949962498499592,2,sensor_060,-4.0373,-0.009247131278219085,0.009247131278219085,Decreases failure risk
WF-000501,0,Pass,Engineering Review,0.0522753435504643,0.4050037501500408,0.5949962498499592,3,sensor_317,7.0294,-0.00630790773162512,0.00630790773162512,Decreases failure risk
WF-000501,0,Pass,Engineering Review,0.0522753435504643,0.4050037501500408,0.5949962498499592,4,sensor_424,131.0267,0.005965789709021668,0.005965789709021668,Increases failure risk
WF-000501,0,Pass,Engineering Review,0.0522753435504643,0.4050037501500408,0.5949962498499592,5,sensor_386,0.0159,0.005891360458974193,0.005891360458974193,Increases failure risk
WF-000501,0,Pass,Engineering Review,0.0522753435504643,0.4050037501500408,0.5949962498499592,6,sensor_432,8.7605,-0.005460731092620195,0.005460731092620195,Decreases failure risk
WF-000501,0,Pass,Engineering Review,0.0522753435504643,0.4050037501500408,0.5949962498499592,7,sensor_578,18.6404,-0.005304884759385546,0.005304884759385546,Decreases failure risk
WF-000501,0,Pass,Engineering Review,0.0522753435504643,0.4050037501500408,0.5949962498499592,8,sensor_034,9.0776,0.004356372260623475,0.004356372260623475,Increases failure risk
WF-000501,0,Pass,Engineering Review,0.0522753435504643,0.4050037501500408,0.5949962498499592,9,sensor_512,937.1429,0.004268979687571113,0.004268979687571113,Increases failure risk
WF-000501,0,Pass,Engineering Review,0.0522753435504643,0.4050037501500408,0.5949962498499592,10,sensor_296,97.3597,-0.0039032318010733817,0.0039032318010733817,Decreases failure risk
WF-000461,0,Pass,High Risk,0.091639000120013,0.2729614092316619,0.7270385907683381,1,sensor_131,0.6556,-0.01147261803417756,0.01147261803417756,Decreases failure risk
WF-000461,0,Pass,High Risk,0.091639000120013,0.2729614092316619,0.7270385907683381,2,sensor_104,-0.0082,0.009741990902765415,0.009741990902765415,Increases failure risk
WF-000461,0,Pass,High Risk,0.091639000120013,0.2729614092316619,0.7270385907683381,3,sensor_520,26.7415,0.006281403328802102,0.006281403328802102,Increases failure risk
WF-000461,0,Pass,High Risk,0.091639000120013,0.2729614092316619,0.7270385907683381,4,sensor_386,0.0281,0.0060584889273691805,0.0060584889273691805,Increases failure risk
WF-000461,0,Pass,High Risk,0.091639000120013,0.2729614092316619,0.7270385907683381,5,sensor_060,1.7373,-0.006002024124977796,0.006002024124977796,Decreases failure risk
WF-000461,0,Pass,High Risk,0.091639000120013,0.2729614092316619,0.7270385907683381,6,sensor_034,9.7324,0.005612188504982623,0.005612188504982623,Increases failure risk
WF-000461,0,Pass,High Risk,0.091639000120013,0.2729614092316619,0.7270385907683381,7,sensor_127,2.465,-0.005402364107396556,0.005402364107396556,Decreases failure risk
WF-000461,0,Pass,High Risk,0.091639000120013,0.2729614092316619,0.7270385907683381,8,sensor_342,2.0352,-0.005335960328650097,0.005335960328650097,Decreases failure risk
WF-000461,0,Pass,High Risk,0.091639000120013,0.2729614092316619,0.7270385907683381,9,sensor_578,19.2371,-0.0053170040280778,0.0053170040280778,Decreases failure risk
WF-000461,0,Pass,High Risk,0.091639000120013,0.2729614092316619,0.7270385907683381,10,sensor_206,6.4,-0.005079220044961425,0.005079220044961425,Decreases failure risk
WF-000289,0,Pass,High Risk,0.0818613127245224,0.2884532241536856,0.7115467758463144,1,sensor_060,20.0236,0.014981561932886056,0.014981561932886056,Increases failure risk
WF-000289,0,Pass,High Risk,0.0818613127245224,0.2884532241536856,0.7115467758463144,2,sensor_104,-0.0096,-0.010787875352454105,0.010787875352454105,Decreases failure risk
WF-000289,0,Pass,High Risk,0.0818613127245224,0.2884532241536856,0.7115467758463144,3,sensor_342,3.6741,0.008443225332863877,0.008443225332863877,Increases failure risk
WF-000289,0,Pass,High Risk,0.0818613127245224,0.2884532241536856,0.7115467758463144,4,sensor_126,1.569,-0.008360573345257881,0.008360573345257881,Decreases failure risk
WF-000289,0,Pass,High Risk,0.0818613127245224,0.2884532241536856,0.7115467758463144,5,sensor_147,0.1639,-0.00809052797304465,0.00809052797304465,Decreases failure risk
WF-000289,0,Pass,High Risk,0.0818613127245224,0.2884532241536856,0.7115467758463144,6,sensor_281,0.0539,-0.00628513058702825,0.00628513058702825,Decreases failure risk
WF-000289,0,Pass,High Risk,0.0818613127245224,0.2884532241536856,0.7115467758463144,7,sensor_206,12.36,0.005791086537170133,0.005791086537170133,Increases failure risk
WF-000289,0,Pass,High Risk,0.0818613127245224,0.2884532241536856,0.7115467758463144,8,sensor_228,0.0072,-0.00528765161136441,0.00528765161136441,Decreases failure risk
WF-000289,0,Pass,High Risk,0.0818613127245224,0.2884532241536856,0.7115467758463144,9,sensor_310,0.0887,-0.00465405446226072,0.00465405446226072,Decreases failure risk
WF-000289,0,Pass,High Risk,0.0818613127245224,0.2884532241536856,0.7115467758463144,10,sensor_444,0.4365,-0.0045896517867876135,0.0045896517867876135,Decreases failure risk
WF-000321,0,Pass,High Risk,0.1258310775114572,0.307790812223815,0.6922091877761849,1,sensor_060,22.6936,0.012406331741680095,0.012406331741680095,Increases failure risk
WF-000321,0,Pass,High Risk,0.1258310775114572,0.307790812223815,0.6922091877761849,2,sensor_034,8.531,-0.007769328274262727,0.007769328274262727,Decreases failure risk
WF-000321,0,Pass,High Risk,0.1258310775114572,0.307790812223815,0.6922091877761849,3,sensor_206,14.0,0.007644136786858425,0.007644136786858425,Increases failure risk
WF-000321,0,Pass,High Risk,0.1258310775114572,0.307790812223815,0.6922091877761849,4,sensor_342,3.972,0.007595356457360902,0.007595356457360902,Increases failure risk
WF-000321,0,Pass,High Risk,0.1258310775114572,0.307790812223815,0.6922091877761849,5,sensor_478,9.1891,0.0071270390559251,0.0071270390559251,Increases failure risk
WF-000321,0,Pass,High Risk,0.1258310775114572,0.307790812223815,0.6922091877761849,6,sensor_578,29.8367,-0.006224204997264892,0.006224204997264892,Decreases failure risk
WF-000321,0,Pass,High Risk,0.1258310775114572,0.307790812223815,0.6922091877761849,7,sensor_104,-0.0083,0.005700216397308361,0.005700216397308361,Increases failure risk
WF-000321,0,Pass,High Risk,0.1258310775114572,0.307790812223815,0.6922091877761849,8,sensor_032,4.642,-0.0054435653163257295,0.0054435653163257295,Decreases failure risk
WF-000321,0,Pass,High Risk,0.1258310775114572,0.307790812223815,0.6922091877761849,9,sensor_485,647.4074,-0.004982954522454587,0.004982954522454587,Decreases failure risk
WF-000321,0,Pass,High Risk,0.1258310775114572,0.307790812223815,0.6922091877761849,10,sensor_461,16.7504,-0.00491446718611923,0.00491446718611923,Decreases failure risk
WF-001219,0,Pass,Engineering Review,0.065472972330567,0.404706156480581,0.595293843519419,1,sensor_104,-0.0056,0.014421700406738467,0.014421700406738467,Increases failure risk
WF-001219,0,Pass,Engineering Review,0.065472972330567,0.404706156480581,0.595293843519419,2,sensor_520,3.9018,-0.010298136948700583,0.010298136948700583,Decreases failure risk
WF-001219,0,Pass,Engineering Review,0.065472972330567,0.404706156480581,0.595293843519419,3,sensor_248,0.0184,-0.009346764070219102,0.009346764070219102,Decreases failure risk
WF-001219,0,Pass,Engineering Review,0.065472972330567,0.404706156480581,0.595293843519419,4,sensor_029,74.0667,-0.008949203927372371,0.008949203927372371,Decreases failure risk
WF-001219,0,Pass,Engineering Review,0.065472972330567,0.404706156480581,0.595293843519419,5,sensor_060,-0.1545,-0.007899488050709407,0.007899488050709407,Decreases failure risk
WF-001219,0,Pass,Engineering Review,0.065472972330567,0.404706156480581,0.595293843519419,6,sensor_386,0.0049,-0.0072353413705996475,0.0072353413705996475,Decreases failure risk
WF-001219,0,Pass,Engineering Review,0.065472972330567,0.404706156480581,0.595293843519419,7,sensor_034,9.4749,0.006584262744324164,0.006584262744324164,Increases failure risk
WF-001219,0,Pass,Engineering Review,0.065472972330567,0.404706156480581,0.595293843519419,8,sensor_133,2.2247,0.00653325531452145,0.00653325531452145,Increases failure risk
WF-001219,0,Pass,Engineering Review,0.065472972330567,0.404706156480581,0.595293843519419,9,sensor_389,15.4248,-0.006305372619588031,0.006305372619588031,Decreases failure risk
WF-001219,0,Pass,Engineering Review,0.065472972330567,0.404706156480581,0.595293843519419,10,sensor_478,4.4263,-0.006163956596464282,0.006163956596464282,Decreases failure risk
WF-001283,0,Pass,Engineering Review,0.0640837006656665,0.3738157120908545,0.6261842879091455,1,sensor_034,8.2345,-0.01948685404982158,0.01948685404982158,Decreases failure risk
WF-001283,0,Pass,Engineering Review,0.0640837006656665,0.3738157120908545,0.6261842879091455,2,sensor_214,0.0241,-0.0122620540472236,0.0122620540472236,Decreases failure risk
WF-001283,0,Pass,Engineering Review,0.0640837006656665,0.3738157120908545,0.6261842879091455,3,sensor_125,16.09,0.009092808500000889,0.009092808500000889,Increases failure risk
WF-001283,0,Pass,Engineering Review,0.0640837006656665,0.3738157120908545,0.6261842879091455,4,sensor_029,74.0889,-0.007755714545961349,0.007755714545961349,Decreases failure risk
WF-001283,0,Pass,Engineering Review,0.0640837006656665,0.3738157120908545,0.6261842879091455,5,sensor_104,-0.0084,0.0073810694986085265,0.0073810694986085265,Increases failure risk
WF-001283,0,Pass,Engineering Review,0.0640837006656665,0.3738157120908545,0.6261842879091455,6,sensor_352,0.0123,-0.007305179318302655,0.007305179318302655,Decreases failure risk
WF-001283,0,Pass,Engineering Review,0.0640837006656665,0.3738157120908545,0.6261842879091455,7,sensor_126,1.757,-0.007051237881039532,0.007051237881039532,Decreases failure risk
WF-001283,0,Pass,Engineering Review,0.0640837006656665,0.3738157120908545,0.6261842879091455,8,sensor_060,1.1991,-0.006463996475263677,0.006463996475263677,Decreases failure risk
WF-001283,0,Pass,Engineering Review,0.0640837006656665,0.3738157120908545,0.6261842879091455,9,sensor_015,5.2695,0.005817330813793922,0.005817330813793922,Increases failure risk
WF-001283,0,Pass,Engineering Review,0.0640837006656665,0.3738157120908545,0.6261842879091455,10,sensor_133,2.1995,0.0056435977124628485,0.0056435977124628485,Increases failure risk
WF-000588,0,Pass,Engineering Review,0.0546552507674919,0.3936419685422342,0.6063580314577657,1,sensor_032,4.6657,-0.012952138461513827,0.012952138461513827,Decreases failure risk
WF-000588,0,Pass,Engineering Review,0.0546552507674919,0.3936419685422342,0.6063580314577657,2,sensor_034,8.5459,-0.01171417453855853,0.01171417453855853,Decreases failure risk
WF-000588,0,Pass,Engineering Review,0.0546552507674919,0.3936419685422342,0.6063580314577657,3,sensor_104,-0.009,-0.009904463412363946,0.009904463412363946,Decreases failure risk
WF-000588,0,Pass,Engineering Review,0.0546552507674919,0.3936419685422342,0.6063580314577657,4,sensor_060,-2.3355,-0.009462695913233097,0.009462695913233097,Decreases failure risk
WF-000588,0,Pass,Engineering Review,0.0546552507674919,0.3936419685422342,0.6063580314577657,5,sensor_206,6.46,-0.004685817581193192,0.004685817581193192,Decreases failure risk
WF-000588,0,Pass,Engineering Review,0.0546552507674919,0.3936419685422342,0.6063580314577657,6,sensor_103,-0.0821,0.004300939773140757,0.004300939773140757,Increases failure risk
WF-000588,0,Pass,Engineering Review,0.0546552507674919,0.3936419685422342,0.6063580314577657,7,sensor_478,4.3162,-0.004201590662917687,0.004201590662917687,Decreases failure risk
WF-000588,0,Pass,Engineering Review,0.0546552507674919,0.3936419685422342,0.6063580314577657,8,sensor_059,4.5141,-0.004039878749689796,0.004039878749689796,Decreases failure risk
WF-000588,0,Pass,Engineering Review,0.0546552507674919,0.3936419685422342,0.6063580314577657,9,sensor_489,0.0,0.004001161843474436,0.004001161843474436,Increases failure risk
WF-000588,0,Pass,Engineering Review,0.0546552507674919,0.3936419685422342,0.6063580314577657,10,sensor_561,0.0356,-0.003979414989693955,0.003979414989693955,Decreases failure risk
WF-000176,0,Pass,High Risk,0.0977705350883857,0.2649847707133506,0.7350152292866494,1,sensor_032,4.6761,-0.01793708076896185,0.01793708076896185,Decreases failure risk
WF-000176,0,Pass,High Risk,0.0977705350883857,0.2649847707133506,0.7350152292866494,2,sensor_104,-0.0019,0.017331615239389062,0.017331615239389062,Increases failure risk
WF-000176,0,Pass,High Risk,0.0977705350883857,0.2649847707133506,0.7350152292866494,3,sensor_060,27.7282,0.01140722204722877,0.01140722204722877,Increases failure risk
WF-000176,0,Pass,High Risk,0.0977705350883857,0.2649847707133506,0.7350152292866494,4,sensor_511,252.6316,0.010798620946240428,0.010798620946240428,Increases failure risk
WF-000176,0,Pass,High Risk,0.0977705350883857,0.2649847707133506,0.7350152292866494,5,sensor_015,4.6595,0.007215326189616509,0.007215326189616509,Increases failure risk
WF-000176,0,Pass,High Risk,0.0977705350883857,0.2649847707133506,0.7350152292866494,6,sensor_424,125.2053,0.006685600176332111,0.006685600176332111,Increases failure risk
WF-000176,0,Pass,High Risk,0.0977705350883857,0.2649847707133506,0.7350152292866494,7,sensor_478,8.1183,0.005104659316903588,0.005104659316903588,Increases failure risk
WF-000176,0,Pass,High Risk,0.0977705350883857,0.2649847707133506,0.7350152292866494,8,sensor_456,2.3973,-0.004758873786441926,0.004758873786441926,Decreases failure risk
WF-000176,0,Pass,High Risk,0.0977705350883857,0.2649847707133506,0.7350152292866494,9,sensor_564,0.8015,-0.004745391019575194,0.004745391019575194,Decreases failure risk
WF-000176,0,Pass,High Risk,0.0977705350883857,0.2649847707133506,0.7350152292866494,10,sensor_317,4.5623,0.0046844342878015685,0.0046844342878015685,Increases failure risk
WF-001354,0,Pass,Low Risk,0.0327598249483776,0.2905209992530018,0.7094790007469982,1,sensor_104,-0.0117,-0.014481314187909546,0.014481314187909546,Decreases failure risk
WF-001354,0,Pass,Low Risk,0.0327598249483776,0.2905209992530018,0.7094790007469982,2,sensor_060,-4.9627,-0.008007442317502562,0.008007442317502562,Decreases failure risk
WF-001354,0,Pass,Low Risk,0.0327598249483776,0.2905209992530018,0.7094790007469982,3,sensor_511,23.0523,-0.007814526874850727,0.007814526874850727,Decreases failure risk
WF-001354,0,Pass,Low Risk,0.0327598249483776,0.2905209992530018,0.7094790007469982,4,sensor_130,1.655,0.005309132980445414,0.005309132980445414,Increases failure risk
WF-001354,0,Pass,Low Risk,0.0327598249483776,0.2905209992530018,0.7094790007469982,5,sensor_034,9.1526,0.005243972502890852,0.005243972502890852,Increases failure risk
WF-001354,0,Pass,Low Risk,0.0327598249483776,0.2905209992530018,0.7094790007469982,6,sensor_184,17.303,-0.004749165539330087,0.004749165539330087,Decreases failure risk
WF-001354,0,Pass,Low Risk,0.0327598249483776,0.2905209992530018,0.7094790007469982,7,sensor_432,9.2855,-0.0044535457923546365,0.0044535457923546365,Decreases failure risk
WF-001354,0,Pass,Low Risk,0.0327598249483776,0.2905209992530018,0.7094790007469982,8,sensor_064,18.1427,0.004394805033722128,0.004394805033722128,Increases failure risk
WF-001354,0,Pass,Low Risk,0.0327598249483776,0.2905209992530018,0.7094790007469982,9,sensor_578,67.3679,-0.004387948538651096,0.004387948538651096,Decreases failure risk
WF-001354,0,Pass,Low Risk,0.0327598249483776,0.2905209992530018,0.7094790007469982,10,sensor_308,0.102,-0.004300706943738003,0.004300706943738003,Decreases failure risk
WF-000298,0,Pass,High Risk,0.1151980509692443,0.2434314078657534,0.7565685921342465,1,sensor_065,35.31,0.013384314546158215,0.013384314546158215,Increases failure risk
WF-000298,0,Pass,High Risk,0.1151980509692443,0.2434314078657534,0.7565685921342465,2,sensor_104,-0.0051,0.013365063870141906,0.013365063870141906,Increases failure risk
WF-000298,0,Pass,High Risk,0.1151980509692443,0.2434314078657534,0.7565685921342465,3,sensor_181,23.52,-0.008550119217695079,0.008550119217695079,Decreases failure risk
WF-000298,0,Pass,High Risk,0.1151980509692443,0.2434314078657534,0.7565685921342465,4,sensor_066,41.7353,0.007549817980354138,0.007549817980354138,Increases failure risk
WF-000298,0,Pass,High Risk,0.1151980509692443,0.2434314078657534,0.7565685921342465,5,sensor_478,3.5082,-0.007141317529886684,0.007141317529886684,Decreases failure risk
WF-000298,0,Pass,High Risk,0.1151980509692443,0.2434314078657534,0.7565685921342465,6,sensor_317,6.9933,-0.0069327539675710665,0.0069327539675710665,Decreases failure risk
WF-000298,0,Pass,High Risk,0.1151980509692443,0.2434314078657534,0.7565685921342465,7,sensor_032,4.6477,-0.0067565848130360364,0.0067565848130360364,Decreases failure risk
WF-000298,0,Pass,High Risk,0.1151980509692443,0.2434314078657534,0.7565685921342465,8,sensor_060,-15.31,-0.0065124307084044614,0.0065124307084044614,Decreases failure risk
WF-000298,0,Pass,High Risk,0.1151980509692443,0.2434314078657534,0.7565685921342465,9,sensor_064,26.32,0.006186476466144845,0.006186476466144845,Increases failure risk
WF-000298,0,Pass,High Risk,0.1151980509692443,0.2434314078657534,0.7565685921342465,10,sensor_453,6.688,-0.006062339527755409,0.006062339527755409,Decreases failure risk
WF-000234,0,Pass,High Risk,0.1691337865727382,0.200267960488424,0.7997320395115759,1,sensor_104,-0.0052,0.014979829965368195,0.014979829965368195,Increases failure risk
WF-000234,0,Pass,High Risk,0.1691337865727382,0.200267960488424,0.7997320395115759,2,sensor_032,4.6739,-0.01302996089206938,0.01302996089206938,Decreases failure risk
WF-000234,0,Pass,High Risk,0.1691337865727382,0.200267960488424,0.7997320395115759,3,sensor_034,8.5177,-0.011121717546464337,0.011121717546464337,Decreases failure risk
WF-000234,0,Pass,High Risk,0.1691337865727382,0.200267960488424,0.7997320395115759,4,sensor_065,30.2673,0.009150183638365094,0.009150183638365094,Increases failure risk
WF-000234,0,Pass,High Risk,0.1691337865727382,0.200267960488424,0.7997320395115759,5,sensor_060,-10.2673,-0.009140336606425964,0.009140336606425964,Decreases failure risk
WF-000234,0,Pass,High Risk,0.1691337865727382,0.200267960488424,0.7997320395115759,6,sensor_478,9.8766,0.008872218477084774,0.008872218477084774,Increases failure risk
WF-000234,0,Pass,High Risk,0.1691337865727382,0.200267960488424,0.7997320395115759,7,sensor_206,15.59,0.00809918282521625,0.00809918282521625,Increases failure risk
WF-000234,0,Pass,High Risk,0.1691337865727382,0.200267960488424,0.7997320395115759,8,sensor_181,27.08,-0.008091570343887675,0.008091570343887675,Decreases failure risk
WF-000234,0,Pass,High Risk,0.1691337865727382,0.200267960488424,0.7997320395115759,9,sensor_342,4.5729,0.007920665917376361,0.007920665917376361,Increases failure risk
WF-000234,0,Pass,High Risk,0.1691337865727382,0.200267960488424,0.7997320395115759,10,sensor_317,7.7594,-0.0074439278547395555,0.0074439278547395555,Decreases failure risk
WF-001138,0,Pass,Engineering Review,0.0795190587134035,0.3769974869130638,0.6230025130869362,1,sensor_214,0.0081,-0.016854396583617398,0.016854396583617398,Decreases failure risk
WF-001138,0,Pass,Engineering Review,0.0795190587134035,0.3769974869130638,0.6230025130869362,2,sensor_104,-0.0103,-0.0161598636347589,0.0161598636347589,Decreases failure risk
WF-001138,0,Pass,Engineering Review,0.0795190587134035,0.3769974869130638,0.6230025130869362,3,sensor_352,0.0038,-0.010223243946557275,0.010223243946557275,Decreases failure risk
WF-001138,0,Pass,Engineering Review,0.0795190587134035,0.3769974869130638,0.6230025130869362,4,sensor_130,-2.6,-0.00940300988381149,0.00940300988381149,Decreases failure risk
WF-001138,0,Pass,Engineering Review,0.0795190587134035,0.3769974869130638,0.6230025130869362,5,sensor_206,4.55,-0.006092928748500969,0.006092928748500969,Decreases failure risk
WF-001138,0,Pass,Engineering Review,0.0795190587134035,0.3769974869130638,0.6230025130869362,6,sensor_478,3.11,-0.005633034624789464,0.005633034624789464,Decreases failure risk
WF-001138,0,Pass,Engineering Review,0.0795190587134035,0.3769974869130638,0.6230025130869362,7,sensor_424,130.8334,0.005438327764609757,0.005438327764609757,Increases failure risk
WF-001138,0,Pass,Engineering Review,0.0795190587134035,0.3769974869130638,0.6230025130869362,8,sensor_342,1.4865,-0.00506046536311572,0.00506046536311572,Decreases failure risk
WF-001138,0,Pass,Engineering Review,0.0795190587134035,0.3769974869130638,0.6230025130869362,9,sensor_489,0.0,0.005027175217424448,0.005027175217424448,Increases failure risk
WF-001138,0,Pass,Engineering Review,0.0795190587134035,0.3769974869130638,0.6230025130869362,10,sensor_029,74.5333,-0.0049217822398857445,0.0049217822398857445,Decreases failure risk
WF-000571,0,Pass,Engineering Review,0.0365610341534805,0.3405056071017189,0.659494392898281,1,sensor_104,-0.0141,-0.010121699425278848,0.010121699425278848,Decreases failure risk
WF-000571,0,Pass,Engineering Review,0.0365610341534805,0.3405056071017189,0.659494392898281,2,sensor_248,0.0162,-0.009920736956450312,0.009920736956450312,Decreases failure risk
WF-000571,0,Pass,Engineering Review,0.0365610341534805,0.3405056071017189,0.659494392898281,3,sensor_032,4.6542,-0.009474708210425004,0.009474708210425004,Decreases failure risk
WF-000571,0,Pass,Engineering Review,0.0365610341534805,0.3405056071017189,0.659494392898281,4,sensor_520,3.5726,-0.008299913866689507,0.008299913866689507,Decreases failure risk
WF-000571,0,Pass,Engineering Review,0.0365610341534805,0.3405056071017189,0.659494392898281,5,sensor_060,-2.0764,-0.0073717524821419675,0.0073717524821419675,Decreases failure risk
WF-000571,0,Pass,Engineering Review,0.0365610341534805,0.3405056071017189,0.659494392898281,6,sensor_424,129.9072,0.0065026730106629614,0.0065026730106629614,Increases failure risk
WF-000571,0,Pass,Engineering Review,0.0365610341534805,0.3405056071017189,0.659494392898281,7,sensor_406,0.0066,0.005421058967143095,0.005421058967143095,Increases failure risk
WF-000571,0,Pass,Engineering Review,0.0365610341534805,0.3405056071017189,0.659494392898281,8,sensor_386,0.0049,-0.0053960666617530436,0.0053960666617530436,Decreases failure risk
WF-000571,0,Pass,Engineering Review,0.0365610341534805,0.3405056071017189,0.659494392898281,9,sensor_126,1.376,-0.005141498013424376,0.005141498013424376,Decreases failure risk
WF-000571,0,Pass,Engineering Review,0.0365610341534805,0.3405056071017189,0.659494392898281,10,sensor_511,33.2449,-0.005057627756731294,0.005057627756731294,Decreases failure risk
WF-001096,0,Pass,Engineering Review,0.0499985555243499,0.3611703519075483,0.6388296480924517,1,sensor_104,-0.0113,-0.01597938384315702,0.01597938384315702,Decreases failure risk
WF-001096,0,Pass,Engineering Review,0.0499985555243499,0.3611703519075483,0.6388296480924517,2,sensor_060,-3.4964,-0.0099111508351076,0.0099111508351076,Decreases failure risk
WF-001096,0,Pass,Engineering Review,0.0499985555243499,0.3611703519075483,0.6388296480924517,3,sensor_130,-2.647,-0.00912784752956735,0.00912784752956735,Decreases failure risk
WF-001096,0,Pass,Engineering Review,0.0499985555243499,0.3611703519075483,0.6388296480924517,4,sensor_126,1.465,-0.007569143889670409,0.007569143889670409,Decreases failure risk
WF-001096,0,Pass,Engineering Review,0.0499985555243499,0.3611703519075483,0.6388296480924517,5,sensor_564,0.9429,-0.006195589746347311,0.006195589746347311,Decreases failure risk
WF-001096,0,Pass,Engineering Review,0.0499985555243499,0.3611703519075483,0.6388296480924517,6,sensor_181,22.08,-0.005566161742977543,0.005566161742977543,Decreases failure risk
WF-001096,0,Pass,Engineering Review,0.0499985555243499,0.3611703519075483,0.6388296480924517,7,sensor_282,0.0094,0.0053970929483900636,0.0053970929483900636,Increases failure risk
WF-001096,0,Pass,Engineering Review,0.0499985555243499,0.3611703519075483,0.6388296480924517,8,sensor_317,7.0989,-0.005396798071567428,0.005396798071567428,Decreases failure risk
WF-001096,0,Pass,Engineering Review,0.0499985555243499,0.3611703519075483,0.6388296480924517,9,sensor_386,0.0113,0.004501731271131694,0.004501731271131694,Increases failure risk
WF-001096,0,Pass,Engineering Review,0.0499985555243499,0.3611703519075483,0.6388296480924517,10,sensor_469,336.6355,-0.004078961319100548,0.004078961319100548,Decreases failure risk
WF-000812,0,Pass,Low Risk,0.0113072610572928,0.5164028914291944,0.4835971085708056,1,sensor_034,8.2395,-0.01639568453573954,0.01639568453573954,Decreases failure risk
WF-000812,0,Pass,Low Risk,0.0113072610572928,0.5164028914291944,0.4835971085708056,2,sensor_104,-0.0102,-0.015508396872636339,0.015508396872636339,Decreases failure risk
WF-000812,0,Pass,Low Risk,0.0113072610572928,0.5164028914291944,0.4835971085708056,3,sensor_214,0.0222,-0.012938298626544494,0.012938298626544494,Decreases failure risk
WF-000812,0,Pass,Low Risk,0.0113072610572928,0.5164028914291944,0.4835971085708056,4,sensor_520,4.0399,-0.008353161922488804,0.008353161922488804,Decreases failure risk
WF-000812,0,Pass,Low Risk,0.0113072610572928,0.5164028914291944,0.4835971085708056,5,sensor_248,0.0185,-0.0071703982979609854,0.0071703982979609854,Decreases failure risk
WF-000812,0,Pass,Low Risk,0.0113072610572928,0.5164028914291944,0.4835971085708056,6,sensor_352,0.0094,-0.0069913842203964734,0.0069913842203964734,Decreases failure risk
WF-000812,0,Pass,Low Risk,0.0113072610572928,0.5164028914291944,0.4835971085708056,7,sensor_029,75.7222,-0.006908648365850767,0.006908648365850767,Decreases failure risk
WF-000812,0,Pass,Low Risk,0.0113072610572928,0.5164028914291944,0.4835971085708056,8,sensor_060,1.1136,-0.005976484822942688,0.005976484822942688,Decreases failure risk
WF-000812,0,Pass,Low Risk,0.0113072610572928,0.5164028914291944,0.4835971085708056,9,sensor_480,1.9462,-0.004621754081504287,0.004621754081504287,Decreases failure risk
WF-000812,0,Pass,Low Risk,0.0113072610572928,0.5164028914291944,0.4835971085708056,10,sensor_065,18.8864,-0.003997849316591637,0.003997849316591637,Decreases failure risk
WF-001098,0,Pass,Low Risk,0.0300055477309219,0.3484749493115284,0.6515250506884716,1,sensor_214,0.017,-0.01559878118311492,0.01559878118311492,Decreases failure risk
WF-001098,0,Pass,Low Risk,0.0300055477309219,0.3484749493115284,0.6515250506884716,2,sensor_104,-0.0144,-0.015078956767280835,0.015078956767280835,Decreases failure risk
WF-001098,0,Pass,Low Risk,0.0300055477309219,0.3484749493115284,0.6515250506884716,3,sensor_352,0.0085,-0.010074338477399254,0.010074338477399254,Decreases failure risk
WF-001098,0,Pass,Low Risk,0.0300055477309219,0.3484749493115284,0.6515250506884716,4,sensor_130,-2.505,-0.0082694805406296,0.0082694805406296,Decreases failure risk
WF-001098,0,Pass,Low Risk,0.0300055477309219,0.3484749493115284,0.6515250506884716,5,sensor_020,12.2981,-0.005591433201408008,0.005591433201408008,Decreases failure risk
WF-001098,0,Pass,Low Risk,0.0300055477309219,0.3484749493115284,0.6515250506884716,6,sensor_511,31.1688,-0.0055768445025639116,0.0055768445025639116,Decreases failure risk
WF-001098,0,Pass,Low Risk,0.0300055477309219,0.3484749493115284,0.6515250506884716,7,sensor_418,9.834,-0.005090352463069247,0.005090352463069247,Decreases failure risk
WF-001098,0,Pass,Low Risk,0.0300055477309219,0.3484749493115284,0.6515250506884716,8,sensor_060,2.0282,-0.004944863842935657,0.004944863842935657,Decreases failure risk
WF-001098,0,Pass,Low Risk,0.0300055477309219,0.3484749493115284,0.6515250506884716,9,sensor_253,1.5633,-0.0045918845794117044,0.0045918845794117044,Decreases failure risk
WF-001098,0,Pass,Low Risk,0.0300055477309219,0.3484749493115284,0.6515250506884716,10,sensor_432,64.0497,0.004362532694867457,0.004362532694867457,Increases failure risk
WF-000534,0,Pass,Engineering Review,0.038943601096623,0.3686208205536818,0.6313791794463182,1,sensor_032,4.6661,-0.0147596827687189,0.0147596827687189,Decreases failure risk
WF-000534,0,Pass,Engineering Review,0.038943601096623,0.3686208205536818,0.6313791794463182,2,sensor_104,-0.0112,-0.013087937666201924,0.013087937666201924,Decreases failure risk
WF-000534,0,Pass,Engineering Review,0.038943601096623,0.3686208205536818,0.6313791794463182,3,sensor_478,18.7344,0.011623049085440804,0.011623049085440804,Increases failure risk
WF-000534,0,Pass,Engineering Review,0.038943601096623,0.3686208205536818,0.6313791794463182,4,sensor_248,0.0192,-0.00955703612875602,0.00955703612875602,Decreases failure risk
WF-000534,0,Pass,Engineering Review,0.038943601096623,0.3686208205536818,0.6313791794463182,5,sensor_060,0.1691,-0.00843990869464865,0.00843990869464865,Decreases failure risk
WF-000534,0,Pass,Engineering Review,0.038943601096623,0.3686208205536818,0.6313791794463182,6,sensor_206,27.18,0.00818370281207986,0.00818370281207986,Increases failure risk
WF-000534,0,Pass,Engineering Review,0.038943601096623,0.3686208205536818,0.6313791794463182,7,sensor_520,4.187,-0.008036160025752087,0.008036160025752087,Decreases failure risk
WF-000534,0,Pass,Engineering Review,0.038943601096623,0.3686208205536818,0.6313791794463182,8,sensor_342,6.5467,0.007238325746240444,0.007238325746240444,Increases failure risk
WF-000534,0,Pass,Engineering Review,0.038943601096623,0.3686208205536818,0.6313791794463182,9,sensor_147,0.1825,-0.0057085180102199335,0.0057085180102199335,Decreases failure risk
WF-000534,0,Pass,Engineering Review,0.038943601096623,0.3686208205536818,0.6313791794463182,10,sensor_578,19.5919,-0.0056828842966261525,0.0056828842966261525,Decreases failure risk
WF-000436,0,Pass,High Risk,0.0825632478349338,0.2955147580266539,0.704485241973346,1,sensor_060,14.7345,0.01468559594117638,0.01468559594117638,Increases failure risk
WF-000436,0,Pass,High Risk,0.0825632478349338,0.2955147580266539,0.704485241973346,2,sensor_520,3.4814,-0.011040649413282937,0.011040649413282937,Decreases failure risk
WF-000436,0,Pass,High Risk,0.0825632478349338,0.2955147580266539,0.704485241973346,3,sensor_104,-0.009,-0.00929360873654262,0.00929360873654262,Decreases failure risk
WF-000436,0,Pass,High Risk,0.0825632478349338,0.2955147580266539,0.704485241973346,4,sensor_248,0.0162,-0.009243972570658988,0.009243972570658988,Decreases failure risk
WF-000436,0,Pass,High Risk,0.0825632478349338,0.2955147580266539,0.704485241973346,5,sensor_426,10.3075,0.005541232184388867,0.005541232184388867,Increases failure risk
WF-000436,0,Pass,High Risk,0.0825632478349338,0.2955147580266539,0.704485241973346,6,sensor_064,25.8046,0.005437954018351,0.005437954018351,Increases failure risk
WF-000436,0,Pass,High Risk,0.0825632478349338,0.2955147580266539,0.704485241973346,7,sensor_034,9.4043,0.005384174484770025,0.005384174484770025,Increases failure risk
WF-000436,0,Pass,High Risk,0.0825632478349338,0.2955147580266539,0.704485241973346,8,sensor_153,1.0358,0.005253067629266208,0.005253067629266208,Increases failure risk
WF-000436,0,Pass,High Risk,0.0825632478349338,0.2955147580266539,0.704485241973346,9,sensor_578,16.6149,-0.005126442252144754,0.005126442252144754,Decreases failure risk
WF-000436,0,Pass,High Risk,0.0825632478349338,0.2955147580266539,0.704485241973346,10,sensor_281,0.0261,-0.004881676407683601,0.004881676407683601,Decreases failure risk
WF-000821,0,Pass,Low Risk,0.025142566193286,0.3904849003786423,0.6095150996213576,1,sensor_034,8.3542,-0.01982135321165889,0.01982135321165889,Decreases failure risk
WF-000821,0,Pass,Low Risk,0.025142566193286,0.3904849003786423,0.6095150996213576,2,sensor_104,-0.01,-0.01576564036544841,0.01576564036544841,Decreases failure risk
WF-000821,0,Pass,Low Risk,0.025142566193286,0.3904849003786423,0.6095150996213576,3,sensor_029,74.4778,-0.007517177986016334,0.007517177986016334,Decreases failure risk
WF-000821,0,Pass,Low Risk,0.025142566193286,0.3904849003786423,0.6095150996213576,4,sensor_201,12.05,-0.006093341626133792,0.006093341626133792,Decreases failure risk
WF-000821,0,Pass,Low Risk,0.025142566193286,0.3904849003786423,0.6095150996213576,5,sensor_424,43.6856,-0.00547844981911611,0.00547844981911611,Decreases failure risk
WF-000821,0,Pass,Low Risk,0.025142566193286,0.3904849003786423,0.6095150996213576,6,sensor_511,70.2635,0.005311816777078662,0.005311816777078662,Increases failure risk
WF-000821,0,Pass,Low Risk,0.025142566193286,0.3904849003786423,0.6095150996213576,7,sensor_480,1.9748,-0.0048552727156704395,0.0048552727156704395,Decreases failure risk
WF-000821,0,Pass,Low Risk,0.025142566193286,0.3904849003786423,0.6095150996213576,8,sensor_122,15.59,-0.004710472294329375,0.004710472294329375,Decreases failure risk
WF-000821,0,Pass,Low Risk,0.025142566193286,0.3904849003786423,0.6095150996213576,9,sensor_378,0.0022,-0.004682374861032635,0.004682374861032635,Decreases failure risk
WF-000821,0,Pass,Low Risk,0.025142566193286,0.3904849003786423,0.6095150996213576,10,sensor_208,12.05,-0.003757623754463749,0.003757623754463749,Decreases failure risk
WF-000612,0,Pass,Engineering Review,0.0391131357234496,0.3010219408382714,0.6989780591617286,1,sensor_034,8.441,-0.013370700988825212,0.013370700988825212,Decreases failure risk
WF-000612,0,Pass,Engineering Review,0.0391131357234496,0.3010219408382714,0.6989780591617286,2,sensor_060,-0.9127,-0.009152228771497623,0.009152228771497623,Decreases failure risk
WF-000612,0,Pass,Engineering Review,0.0391131357234496,0.3010219408382714,0.6989780591617286,3,sensor_104,-0.009,-0.008557741084447843,0.008557741084447843,Decreases failure risk
WF-000612,0,Pass,Engineering Review,0.0391131357234496,0.3010219408382714,0.6989780591617286,4,sensor_478,8.4692,0.00663246712762114,0.00663246712762114,Increases failure risk
WF-000612,0,Pass,Engineering Review,0.0391131357234496,0.3010219408382714,0.6989780591617286,5,sensor_520,47.6246,0.006364060738442176,0.006364060738442176,Increases failure risk
WF-000612,0,Pass,Engineering Review,0.0391131357234496,0.3010219408382714,0.6989780591617286,6,sensor_564,0.8343,-0.006158122535473851,0.006158122535473851,Decreases failure risk
WF-000612,0,Pass,Engineering Review,0.0391131357234496,0.3010219408382714,0.6989780591617286,7,sensor_342,3.9115,0.005595534751116262,0.005595534751116262,Increases failure risk
WF-000612,0,Pass,Engineering Review,0.0391131357234496,0.3010219408382714,0.6989780591617286,8,sensor_022,-6447.0,-0.005007396875237822,0.005007396875237822,Decreases failure risk
WF-000612,0,Pass,Engineering Review,0.0391131357234496,0.3010219408382714,0.6989780591617286,9,sensor_469,522.6096,-0.004874691377064825,0.004874691377064825,Decreases failure risk
WF-000612,0,Pass,Engineering Review,0.0391131357234496,0.3010219408382714,0.6989780591617286,10,sensor_153,0.9529,0.004787717744246745,0.004787717744246745,Increases failure risk
WF-000777,0,Pass,Engineering Review,0.039724556364075,0.3745308132366495,0.6254691867633505,1,sensor_104,-0.0101,-0.01424759170671511,0.01424759170671511,Decreases failure risk
WF-000777,0,Pass,Engineering Review,0.039724556364075,0.3745308132366495,0.6254691867633505,2,sensor_060,-2.1182,-0.008614521312955516,0.008614521312955516,Decreases failure risk
WF-000777,0,Pass,Engineering Review,0.039724556364075,0.3745308132366495,0.6254691867633505,3,sensor_424,121.0604,0.007946436090978214,0.007946436090978214,Increases failure risk
WF-000777,0,Pass,Engineering Review,0.039724556364075,0.3745308132366495,0.6254691867633505,4,sensor_201,12.04,-0.006450191141120176,0.006450191141120176,Decreases failure risk
WF-000777,0,Pass,Engineering Review,0.039724556364075,0.3745308132366495,0.6254691867633505,5,sensor_389,16.9881,-0.005924779590875458,0.005924779590875458,Decreases failure risk
WF-000777,0,Pass,Engineering Review,0.039724556364075,0.3745308132366495,0.6254691867633505,6,sensor_308,0.1036,-0.005015689275644232,0.005015689275644232,Decreases failure risk
WF-000777,0,Pass,Engineering Review,0.039724556364075,0.3745308132366495,0.6254691867633505,7,sensor_563,246.9,0.0047210621132782685,0.0047210621132782685,Increases failure risk
WF-000777,0,Pass,Engineering Review,0.039724556364075,0.3745308132366495,0.6254691867633505,8,sensor_208,12.04,-0.00464679099764581,0.00464679099764581,Decreases failure risk
WF-000777,0,Pass,Engineering Review,0.039724556364075,0.3745308132366495,0.6254691867633505,9,sensor_184,21.228,-0.004538179120385967,0.004538179120385967,Decreases failure risk
WF-000777,0,Pass,Engineering Review,0.039724556364075,0.3745308132366495,0.6254691867633505,10,sensor_064,19.6591,0.004300524321959584,0.004300524321959584,Increases failure risk
WF-000220,0,Pass,High Risk,0.117946603156967,0.3170906565417032,0.6829093434582967,1,sensor_104,-0.0002,0.016450643582914558,0.016450643582914558,Increases failure risk
WF-000220,0,Pass,High Risk,0.117946603156967,0.3170906565417032,0.6829093434582967,2,sensor_201,11.93,-0.006644016300003325,0.006644016300003325,Decreases failure risk
WF-000220,0,Pass,High Risk,0.117946603156967,0.3170906565417032,0.6829093434582967,3,sensor_478,3.4933,-0.006630896090764956,0.006630896090764956,Decreases failure risk
WF-000220,0,Pass,High Risk,0.117946603156967,0.3170906565417032,0.6829093434582967,4,sensor_511,0.0,-0.006005499077485757,0.006005499077485757,Decreases failure risk
WF-000220,0,Pass,High Risk,0.117946603156967,0.3170906565417032,0.6829093434582967,5,sensor_182,0.849,-0.005665321775977097,0.005665321775977097,Decreases failure risk
WF-000220,0,Pass,High Risk,0.117946603156967,0.3170906565417032,0.6829093434582967,6,sensor_317,6.5219,-0.005371577470264652,0.005371577470264652,Decreases failure risk
WF-000220,0,Pass,High Risk,0.117946603156967,0.3170906565417032,0.6829093434582967,7,sensor_103,-0.1387,0.005368050362693773,0.005368050362693773,Increases failure risk
WF-000220,0,Pass,High Risk,0.117946603156967,0.3170906565417032,0.6829093434582967,8,sensor_342,1.5504,-0.005127426358153054,0.005127426358153054,Decreases failure risk
WF-000220,0,Pass,High Risk,0.117946603156967,0.3170906565417032,0.6829093434582967,9,sensor_022,-6403.75,-0.005104028673538335,0.005104028673538335,Decreases failure risk
WF-000220,0,Pass,High Risk,0.117946603156967,0.3170906565417032,0.6829093434582967,10,sensor_271,59.1771,-0.005014361544214855,0.005014361544214855,Decreases failure risk
WF-000097,1,Fail,Insufficient Evidence,0.1492766461690038,0.1563115601873055,0.8436884398126945,1,sensor_104,-0.0052,0.014504439495610531,0.014504439495610531,Increases failure risk
WF-000097,1,Fail,Insufficient Evidence,0.1492766461690038,0.1563115601873055,0.8436884398126945,2,sensor_060,11.5591,0.013600109259551473,0.013600109259551473,Increases failure risk
WF-000097,1,Fail,Insufficient Evidence,0.1492766461690038,0.1563115601873055,0.8436884398126945,3,sensor_478,13.3252,0.012657796727485657,0.012657796727485657,Increases failure risk
WF-000097,1,Fail,Insufficient Evidence,0.1492766461690038,0.1563115601873055,0.8436884398126945,4,sensor_511,117.8744,0.008236519036112326,0.008236519036112326,Increases failure risk
WF-000097,1,Fail,Insufficient Evidence,0.1492766461690038,0.1563115601873055,0.8436884398126945,5,sensor_206,19.65,0.00807819469766319,0.00807819469766319,Increases failure risk
WF-000097,1,Fail,Insufficient Evidence,0.1492766461690038,0.1563115601873055,0.8436884398126945,6,sensor_342,6.1589,0.0076250656076462375,0.0076250656076462375,Increases failure risk
WF-000097,1,Fail,Insufficient Evidence,0.1492766461690038,0.1563115601873055,0.8436884398126945,7,sensor_066,39.2802,0.007167863481716365,0.007167863481716365,Increases failure risk
WF-000097,1,Fail,Insufficient Evidence,0.1492766461690038,0.1563115601873055,0.8436884398126945,8,sensor_065,28.4409,0.006713852405299513,0.006713852405299513,Increases failure risk
WF-000097,1,Fail,Insufficient Evidence,0.1492766461690038,0.1563115601873055,0.8436884398126945,9,sensor_282,0.0243,-0.005619808362611297,0.005619808362611297,Decreases failure risk
WF-000097,1,Fail,Insufficient Evidence,0.1492766461690038,0.1563115601873055,0.8436884398126945,10,sensor_444,0.4918,-0.004768979687096,0.004768979687096,Decreases failure risk
WF-001214,0,Pass,Engineering Review,0.0495783764278274,0.4197634341444201,0.5802365658555799,1,sensor_104,-0.0063,0.019179255656222163,0.019179255656222163,Increases failure risk
WF-001214,0,Pass,Engineering Review,0.0495783764278274,0.4197634341444201,0.5802365658555799,2,sensor_034,8.322,-0.018727816055462237,0.018727816055462237,Decreases failure risk
WF-001214,0,Pass,Engineering Review,0.0495783764278274,0.4197634341444201,0.5802365658555799,3,sensor_214,0.0227,-0.012919065274153717,0.012919065274153717,Decreases failure risk
WF-001214,0,Pass,Engineering Review,0.0495783764278274,0.4197634341444201,0.5802365658555799,4,sensor_029,75.3222,-0.008435940216179773,0.008435940216179773,Decreases failure risk
WF-001214,0,Pass,Engineering Review,0.0495783764278274,0.4197634341444201,0.5802365658555799,5,sensor_352,0.0098,-0.007876023380087928,0.007876023380087928,Decreases failure risk
WF-001214,0,Pass,Engineering Review,0.0495783764278274,0.4197634341444201,0.5802365658555799,6,sensor_511,77.4704,0.007174096251939015,0.007174096251939015,Increases failure risk
WF-001214,0,Pass,Engineering Review,0.0495783764278274,0.4197634341444201,0.5802365658555799,7,sensor_060,-2.0309,-0.006444056707171323,0.006444056707171323,Decreases failure risk
WF-001214,0,Pass,Engineering Review,0.0495783764278274,0.4197634341444201,0.5802365658555799,8,sensor_268,0.0273,0.005424542289796439,0.005424542289796439,Increases failure risk
WF-001214,0,Pass,Engineering Review,0.0495783764278274,0.4197634341444201,0.5802365658555799,9,sensor_478,3.7989,-0.005295667887401445,0.005295667887401445,Decreases failure risk
WF-001214,0,Pass,Engineering Review,0.0495783764278274,0.4197634341444201,0.5802365658555799,10,sensor_206,5.4,-0.005240264534400765,0.005240264534400765,Decreases failure risk
WF-001213,0,Pass,Low Risk,0.0329788067638946,0.4378155258859912,0.5621844741140087,1,sensor_034,8.2914,-0.01843604985195166,0.01843604985195166,Decreases failure risk
WF-001213,0,Pass,Low Risk,0.0329788067638946,0.4378155258859912,0.5621844741140087,2,sensor_104,-0.0097,-0.013225428094783553,0.013225428094783553,Decreases failure risk
WF-001213,0,Pass,Low Risk,0.0329788067638946,0.4378155258859912,0.5621844741140087,3,sensor_478,3.6475,-0.006672455619988037,0.006672455619988037,Decreases failure risk
WF-001213,0,Pass,Low Risk,0.0329788067638946,0.4378155258859912,0.5621844741140087,4,sensor_060,-1.0982,-0.006505151671457341,0.006505151671457341,Decreases failure risk
WF-001213,0,Pass,Low Risk,0.0329788067638946,0.4378155258859912,0.5621844741140087,5,sensor_133,2.2247,0.00628862841657644,0.00628862841657644,Increases failure risk
WF-001213,0,Pass,Low Risk,0.0329788067638946,0.4378155258859912,0.5621844741140087,6,sensor_206,5.25,-0.005114526675955059,0.005114526675955059,Decreases failure risk
WF-001213,0,Pass,Low Risk,0.0329788067638946,0.4378155258859912,0.5621844741140087,7,sensor_059,4.4676,-0.00477026877584564,0.00477026877584564,Decreases failure risk
WF-001213,0,Pass,Low Risk,0.0329788067638946,0.4378155258859912,0.5621844741140087,8,sensor_342,1.8021,-0.004761178078017289,0.004761178078017289,Decreases failure risk
WF-001213,0,Pass,Low Risk,0.0329788067638946,0.4378155258859912,0.5621844741140087,9,sensor_181,14.16,0.004644393316598859,0.004644393316598859,Increases failure risk
WF-001213,0,Pass,Low Risk,0.0329788067638946,0.4378155258859912,0.5621844741140087,10,sensor_406,0.0099,0.00450603287858775,0.00450603287858775,Increases failure risk
WF-000024,1,Fail,Insufficient Evidence,0.1822904497207002,0.1423588167949389,0.857641183205061,1,sensor_060,18.3936,0.013174067392812083,0.013174067392812083,Increases failure risk
WF-000024,1,Fail,Insufficient Evidence,0.1822904497207002,0.1423588167949389,0.857641183205061,2,sensor_104,-0.0108,-0.01153417470879705,0.01153417470879705,Decreases failure risk
WF-000024,1,Fail,Insufficient Evidence,0.1822904497207002,0.1423588167949389,0.857641183205061,3,sensor_386,0.0344,0.007969020329361557,0.007969020329361557,Increases failure risk
WF-000024,1,Fail,Insufficient Evidence,0.1822904497207002,0.1423588167949389,0.857641183205061,4,sensor_470,4.6696,-0.005857906069494163,0.005857906069494163,Decreases failure risk
WF-000024,1,Fail,Insufficient Evidence,0.1822904497207002,0.1423588167949389,0.857641183205061,5,sensor_478,4.2732,-0.005581977986617791,0.005581977986617791,Decreases failure risk
WF-000024,1,Fail,Insufficient Evidence,0.1822904497207002,0.1423588167949389,0.857641183205061,6,sensor_153,2.0334,0.005497529250738784,0.005497529250738784,Increases failure risk
WF-000024,1,Fail,Insufficient Evidence,0.1822904497207002,0.1423588167949389,0.857641183205061,7,sensor_520,55.1651,0.005105666193748039,0.005105666193748039,Increases failure risk
WF-000024,1,Fail,Insufficient Evidence,0.1822904497207002,0.1423588167949389,0.857641183205061,8,sensor_432,234.9546,0.005096214248097676,0.005096214248097676,Increases failure risk
WF-000024,1,Fail,Insufficient Evidence,0.1822904497207002,0.1423588167949389,0.857641183205061,9,sensor_015,11.6229,-0.004584128972844323,0.004584128972844323,Decreases failure risk
WF-000024,1,Fail,Insufficient Evidence,0.1822904497207002,0.1423588167949389,0.857641183205061,10,sensor_034,9.2007,0.004499425030617735,0.004499425030617735,Increases failure risk
WF-000337,1,Fail,High Risk,0.1620322241434946,0.1859828926408584,0.8140171073591416,1,sensor_065,34.1909,0.013924091854612072,0.013924091854612072,Increases failure risk
WF-000337,1,Fail,High Risk,0.1620322241434946,0.1859828926408584,0.8140171073591416,2,sensor_126,1.569,-0.008236298768752866,0.008236298768752866,Decreases failure risk
WF-000337,1,Fail,High Risk,0.1620322241434946,0.1859828926408584,0.8140171073591416,3,sensor_064,35.8527,0.006701402527857605,0.006701402527857605,Increases failure risk
WF-000337,1,Fail,High Risk,0.1620322241434946,0.1859828926408584,0.8140171073591416,4,sensor_066,38.9877,0.006251097032050435,0.006251097032050435,Increases failure risk
WF-000337,1,Fail,High Risk,0.1620322241434946,0.1859828926408584,0.8140171073591416,5,sensor_060,5.8091,0.005806011181423484,0.005806011181423484,Increases failure risk
WF-000337,1,Fail,High Risk,0.1620322241434946,0.1859828926408584,0.8140171073591416,6,sensor_206,6.5,-0.005580514788176228,0.005580514788176228,Decreases failure risk
WF-000337,1,Fail,High Risk,0.1620322241434946,0.1859828926408584,0.8140171073591416,7,sensor_104,-0.0086,0.005101523140144952,0.005101523140144952,Increases failure risk
WF-000337,1,Fail,High Risk,0.1620322241434946,0.1859828926408584,0.8140171073591416,8,sensor_310,0.0888,-0.005016088759894572,0.005016088759894572,Decreases failure risk
WF-000337,1,Fail,High Risk,0.1620322241434946,0.1859828926408584,0.8140171073591416,9,sensor_153,0.951,0.004798802159763553,0.004798802159763553,Increases failure risk
WF-000337,1,Fail,High Risk,0.1620322241434946,0.1859828926408584,0.8140171073591416,10,sensor_342,2.0566,-0.00462568286668742,0.00462568286668742,Decreases failure risk
WF-001306,0,Pass,High Risk,0.0919695668780327,0.3787097422509115,0.6212902577490884,1,sensor_125,16.07,0.007959475367767083,0.007959475367767083,Increases failure risk
WF-001306,0,Pass,High Risk,0.0919695668780327,0.3787097422509115,0.6212902577490884,2,sensor_424,124.0594,0.0077969088709265305,0.0077969088709265305,Increases failure risk
WF-001306,0,Pass,High Risk,0.0919695668780327,0.3787097422509115,0.6212902577490884,3,sensor_060,-1.4227,-0.007156864830259496,0.007156864830259496,Decreases failure risk
WF-001306,0,Pass,High Risk,0.0919695668780327,0.3787097422509115,0.6212902577490884,4,sensor_015,4.7356,0.006765050126642928,0.006765050126642928,Increases failure risk
WF-001306,0,Pass,High Risk,0.0919695668780327,0.3787097422509115,0.6212902577490884,5,sensor_133,2.1911,0.0063405424555385516,0.0063405424555385516,Increases failure risk
WF-001306,0,Pass,High Risk,0.0919695668780327,0.3787097422509115,0.6212902577490884,6,sensor_470,3.7311,-0.006310349853113625,0.006310349853113625,Decreases failure risk
WF-001306,0,Pass,High Risk,0.0919695668780327,0.3787097422509115,0.6212902577490884,7,sensor_198,13.0,-0.0059823765757045025,0.0059823765757045025,Decreases failure risk
WF-001306,0,Pass,High Risk,0.0919695668780327,0.3787097422509115,0.6212902577490884,8,sensor_478,4.6557,-0.005481179039487642,0.005481179039487642,Decreases failure risk
WF-001306,0,Pass,High Risk,0.0919695668780327,0.3787097422509115,0.6212902577490884,9,sensor_548,383.352,-0.00482419496245634,0.00482419496245634,Decreases failure risk
WF-001306,0,Pass,High Risk,0.0919695668780327,0.3787097422509115,0.6212902577490884,10,sensor_432,10.4964,-0.004820086601096997,0.004820086601096997,Decreases failure risk
WF-000915,1,Fail,Engineering Review,0.0729517403904716,0.2911180696371755,0.7088819303628244,1,sensor_104,-0.0136,-0.015129905811898103,0.015129905811898103,Decreases failure risk
WF-000915,1,Fail,Engineering Review,0.0729517403904716,0.2911180696371755,0.7088819303628244,2,sensor_389,18.5149,-0.008370807173245507,0.008370807173245507,Decreases failure risk
WF-000915,1,Fail,Engineering Review,0.0729517403904716,0.2911180696371755,0.7088819303628244,3,sensor_060,5.6618,0.008044321806508844,0.008044321806508844,Increases failure risk
WF-000915,1,Fail,Engineering Review,0.0729517403904716,0.2911180696371755,0.7088819303628244,4,sensor_153,1.0866,0.007367578987894115,0.007367578987894115,Increases failure risk
WF-000915,1,Fail,Engineering Review,0.0729517403904716,0.2911180696371755,0.7088819303628244,5,sensor_015,4.8012,0.005830100341793924,0.005830100341793924,Increases failure risk
WF-000915,1,Fail,Engineering Review,0.0729517403904716,0.2911180696371755,0.7088819303628244,6,sensor_511,35.3266,-0.005571188684598591,0.005571188684598591,Decreases failure risk
WF-000915,1,Fail,Engineering Review,0.0729517403904716,0.2911180696371755,0.7088819303628244,7,sensor_253,1.3792,-0.005329443138656296,0.005329443138656296,Decreases failure risk
WF-000915,1,Fail,Engineering Review,0.0729517403904716,0.2911180696371755,0.7088819303628244,8,sensor_206,7.8,-0.005144004921654744,0.005144004921654744,Decreases failure risk
WF-000915,1,Fail,Engineering Review,0.0729517403904716,0.2911180696371755,0.7088819303628244,9,sensor_282,0.018,-0.005039479843339316,0.005039479843339316,Decreases failure risk
WF-000915,1,Fail,Engineering Review,0.0729517403904716,0.2911180696371755,0.7088819303628244,10,sensor_271,34.4524,-0.005006296192148458,0.005006296192148458,Decreases failure risk
WF-001383,0,Pass,Engineering Review,0.0497181298183147,0.4206112565537563,0.5793887434462437,1,sensor_034,8.1409,-0.020758113204111184,0.020758113204111184,Decreases failure risk
WF-001383,0,Pass,Engineering Review,0.0497181298183147,0.4206112565537563,0.5793887434462437,2,sensor_104,-0.0111,-0.01562898658459804,0.01562898658459804,Decreases failure risk
WF-001383,0,Pass,Engineering Review,0.0497181298183147,0.4206112565537563,0.5793887434462437,3,sensor_029,76.6556,-0.006936228158505878,0.006936228158505878,Decreases failure risk
WF-001383,0,Pass,Engineering Review,0.0497181298183147,0.4206112565537563,0.5793887434462437,4,sensor_060,1.3355,-0.005629260786971564,0.005629260786971564,Decreases failure risk
WF-001383,0,Pass,Engineering Review,0.0497181298183147,0.4206112565537563,0.5793887434462437,5,sensor_432,3.3368,-0.005530839841547571,0.005530839841547571,Decreases failure risk
WF-001383,0,Pass,Engineering Review,0.0497181298183147,0.4206112565537563,0.5793887434462437,6,sensor_453,4.4118,0.005343481257459064,0.005343481257459064,Increases failure risk
WF-001383,0,Pass,Engineering Review,0.0497181298183147,0.4206112565537563,0.5793887434462437,7,sensor_317,4.8265,0.005161386361549802,0.005161386361549802,Increases failure risk
WF-001383,0,Pass,Engineering Review,0.0497181298183147,0.4206112565537563,0.5793887434462437,8,sensor_489,56.4885,0.0050878060383369285,0.0050878060383369285,Increases failure risk
WF-001383,0,Pass,Engineering Review,0.0497181298183147,0.4206112565537563,0.5793887434462437,9,sensor_206,7.35,-0.004842400031067604,0.004842400031067604,Decreases failure risk
WF-001383,0,Pass,Engineering Review,0.0497181298183147,0.4206112565537563,0.5793887434462437,10,sensor_126,1.366,-0.004512152281354577,0.004512152281354577,Decreases failure risk
WF-001335,0,Pass,High Risk,0.095739907530341,0.3300711756792876,0.6699288243207124,1,sensor_104,-0.0098,-0.01205204066032373,0.01205204066032373,Decreases failure risk
WF-001335,0,Pass,High Risk,0.095739907530341,0.3300711756792876,0.6699288243207124,2,sensor_060,-4.8873,-0.008526716406514347,0.008526716406514347,Decreases failure risk
WF-001335,0,Pass,High Risk,0.095739907530341,0.3300711756792876,0.6699288243207124,3,sensor_082,0.0118,0.005611382620718293,0.005611382620718293,Increases failure risk
WF-001335,0,Pass,High Risk,0.095739907530341,0.3300711756792876,0.6699288243207124,4,sensor_478,1.7904,-0.005493290046420715,0.005493290046420715,Decreases failure risk
WF-001335,0,Pass,High Risk,0.095739907530341,0.3300711756792876,0.6699288243207124,5,sensor_206,2.75,-0.0052577942799304864,0.0052577942799304864,Decreases failure risk
WF-001335,0,Pass,High Risk,0.095739907530341,0.3300711756792876,0.6699288243207124,6,sensor_424,43.6567,-0.004687124849427242,0.004687124849427242,Decreases failure risk
WF-001335,0,Pass,High Risk,0.095739907530341,0.3300711756792876,0.6699288243207124,7,sensor_056,2828.0,0.0044490828026625545,0.0044490828026625545,Increases failure risk
WF-001335,0,Pass,High Risk,0.095739907530341,0.3300711756792876,0.6699288243207124,8,sensor_103,-0.0885,0.004367971570124212,0.004367971570124212,Increases failure risk
WF-001335,0,Pass,High Risk,0.095739907530341,0.3300711756792876,0.6699288243207124,9,sensor_181,15.29,0.00426938757840979,0.00426938757840979,Increases failure risk
WF-001335,0,Pass,High Risk,0.095739907530341,0.3300711756792876,0.6699288243207124,10,sensor_282,0.0159,-0.004262071000234355,0.004262071000234355,Decreases failure risk
WF-000516,0,Pass,High Risk,0.0958298481546696,0.3064157317995983,0.6935842682004016,1,sensor_060,9.2827,0.01603420020794495,0.01603420020794495,Increases failure risk
WF-000516,0,Pass,High Risk,0.0958298481546696,0.3064157317995983,0.6935842682004016,2,sensor_104,-0.0081,0.010644624154012176,0.010644624154012176,Increases failure risk
WF-000516,0,Pass,High Risk,0.0958298481546696,0.3064157317995983,0.6935842682004016,3,sensor_478,4.1834,-0.00789748677634563,0.00789748677634563,Decreases failure risk
WF-000516,0,Pass,High Risk,0.0958298481546696,0.3064157317995983,0.6935842682004016,4,sensor_126,1.418,-0.006593220416169811,0.006593220416169811,Decreases failure risk
WF-000516,0,Pass,High Risk,0.0958298481546696,0.3064157317995983,0.6935842682004016,5,sensor_342,1.6867,-0.006112771824551068,0.006112771824551068,Decreases failure risk
WF-000516,0,Pass,High Risk,0.0958298481546696,0.3064157317995983,0.6935842682004016,6,sensor_271,53.7425,-0.005241654868516288,0.005241654868516288,Decreases failure risk
WF-000516,0,Pass,High Risk,0.0958298481546696,0.3064157317995983,0.6935842682004016,7,sensor_282,0.0159,-0.005006775712578868,0.005006775712578868,Decreases failure risk
WF-000516,0,Pass,High Risk,0.0958298481546696,0.3064157317995983,0.6935842682004016,8,sensor_511,38.3901,-0.004997678169707542,0.004997678169707542,Decreases failure risk
WF-000516,0,Pass,High Risk,0.0958298481546696,0.3064157317995983,0.6935842682004016,9,sensor_206,5.92,-0.004447011725425719,0.004447011725425719,Decreases failure risk
WF-000516,0,Pass,High Risk,0.0958298481546696,0.3064157317995983,0.6935842682004016,10,sensor_153,0.8914,0.004330670120522203,0.004330670120522203,Increases failure risk
WF-000326,0,Pass,High Risk,0.1758060533040048,0.2995375613006411,0.700462438699359,1,sensor_104,-0.0062,0.01426347690831459,0.01426347690831459,Increases failure risk
WF-000326,0,Pass,High Risk,0.1758060533040048,0.2995375613006411,0.700462438699359,2,sensor_342,4.9552,0.012180023055393622,0.012180023055393622,Increases failure risk
WF-000326,0,Pass,High Risk,0.1758060533040048,0.2995375613006411,0.700462438699359,3,sensor_478,13.7105,0.010369982679850571,0.010369982679850571,Increases failure risk
WF-000326,0,Pass,High Risk,0.1758060533040048,0.2995375613006411,0.700462438699359,4,sensor_060,0.1427,-0.008580569464645532,0.008580569464645532,Decreases failure risk
WF-000326,0,Pass,High Risk,0.1758060533040048,0.2995375613006411,0.700462438699359,5,sensor_206,20.1,0.007564430576896103,0.007564430576896103,Increases failure risk
WF-000326,0,Pass,High Risk,0.1758060533040048,0.2995375613006411,0.700462438699359,6,sensor_126,1.39,-0.007320085510210306,0.007320085510210306,Decreases failure risk
WF-000326,0,Pass,High Risk,0.1758060533040048,0.2995375613006411,0.700462438699359,7,sensor_282,0.0159,-0.006070837209084688,0.006070837209084688,Decreases failure risk
WF-000326,0,Pass,High Risk,0.1758060533040048,0.2995375613006411,0.700462438699359,8,sensor_476,5.8126,0.005918377286361634,0.005918377286361634,Increases failure risk
WF-000326,0,Pass,High Risk,0.1758060533040048,0.2995375613006411,0.700462438699359,9,sensor_125,15.67,-0.005788716598136516,0.005788716598136516,Decreases failure risk
WF-000326,0,Pass,High Risk,0.1758060533040048,0.2995375613006411,0.700462438699359,10,sensor_424,31.9434,-0.005599144263009388,0.005599144263009388,Decreases failure risk
WF-000045,0,Pass,Insufficient Evidence,0.2695770769573562,0.1618960901092023,0.8381039098907976,1,sensor_104,-0.0068,0.012174694975771398,0.012174694975771398,Increases failure risk
WF-000045,0,Pass,Insufficient Evidence,0.2695770769573562,0.1618960901092023,0.8381039098907976,2,sensor_065,31.6955,0.01173130102131944,0.01173130102131944,Increases failure risk
WF-000045,0,Pass,Insufficient Evidence,0.2695770769573562,0.1618960901092023,0.8381039098907976,3,sensor_060,8.3045,0.01055379285926086,0.01055379285926086,Increases failure risk
WF-000045,0,Pass,Insufficient Evidence,0.2695770769573562,0.1618960901092023,0.8381039098907976,4,sensor_015,5.3695,0.007050571518094849,0.007050571518094849,Increases failure risk
WF-000045,0,Pass,Insufficient Evidence,0.2695770769573562,0.1618960901092023,0.8381039098907976,5,sensor_066,41.5512,0.007035442002042328,0.007035442002042328,Increases failure risk
WF-000045,0,Pass,Insufficient Evidence,0.2695770769573562,0.1618960901092023,0.8381039098907976,6,sensor_461,12.5641,-0.006188869076815158,0.006188869076815158,Decreases failure risk
WF-000045,0,Pass,Insufficient Evidence,0.2695770769573562,0.1618960901092023,0.8381039098907976,7,sensor_064,25.1263,0.005595706988742304,0.005595706988742304,Increases failure risk
WF-000045,0,Pass,Insufficient Evidence,0.2695770769573562,0.1618960901092023,0.8381039098907976,8,sensor_478,4.665,-0.004857642230476631,0.004857642230476631,Decreases failure risk
WF-000045,0,Pass,Insufficient Evidence,0.2695770769573562,0.1618960901092023,0.8381039098907976,9,sensor_432,154.0144,0.004649174968254979,0.004649174968254979,Increases failure risk
WF-000045,0,Pass,Insufficient Evidence,0.2695770769573562,0.1618960901092023,0.8381039098907976,10,sensor_511,76.8946,0.004450367336491883,0.004450367336491883,Increases failure risk
WF-000459,0,Pass,Engineering Review,0.0703880901952533,0.3171860517048636,0.6828139482951363,1,sensor_131,0.6556,-0.013002468188275012,0.013002468188275012,Decreases failure risk
WF-000459,0,Pass,Engineering Review,0.0703880901952533,0.3171860517048636,0.6828139482951363,2,sensor_104,-0.0079,0.011472641086357859,0.011472641086357859,Increases failure risk
WF-000459,0,Pass,Engineering Review,0.0703880901952533,0.3171860517048636,0.6828139482951363,3,sensor_060,-0.2845,-0.010835551929696917,0.010835551929696917,Decreases failure risk
WF-000459,0,Pass,Engineering Review,0.0703880901952533,0.3171860517048636,0.6828139482951363,4,sensor_520,14.627,0.005821467301562015,0.005821467301562015,Increases failure risk
WF-000459,0,Pass,Engineering Review,0.0703880901952533,0.3171860517048636,0.6828139482951363,5,sensor_034,9.2047,0.0055419242748395514,0.0055419242748395514,Increases failure risk
WF-000459,0,Pass,Engineering Review,0.0703880901952533,0.3171860517048636,0.6828139482951363,6,sensor_317,7.4994,-0.005334952594395073,0.005334952594395073,Decreases failure risk
WF-000459,0,Pass,Engineering Review,0.0703880901952533,0.3171860517048636,0.6828139482951363,7,sensor_411,9.0927,-0.0047623808652544185,0.0047623808652544185,Decreases failure risk
WF-000459,0,Pass,Engineering Review,0.0703880901952533,0.3171860517048636,0.6828139482951363,8,sensor_578,16.5814,-0.004500114611631305,0.004500114611631305,Decreases failure risk
WF-000459,0,Pass,Engineering Review,0.0703880901952533,0.3171860517048636,0.6828139482951363,9,sensor_431,6.1354,-0.004290381161472341,0.004290381161472341,Decreases failure risk
WF-000459,0,Pass,Engineering Review,0.0703880901952533,0.3171860517048636,0.6828139482951363,10,sensor_574,0.3915,-0.00426848956604117,0.00426848956604117,Decreases failure risk
WF-000847,0,Pass,High Risk,0.0901201075521735,0.3495374753724184,0.6504625246275815,1,sensor_104,-0.0108,-0.013666902205792234,0.013666902205792234,Decreases failure risk
WF-000847,0,Pass,High Risk,0.0901201075521735,0.3495374753724184,0.6504625246275815,2,sensor_015,4.7006,0.007226444189536302,0.007226444189536302,Increases failure risk
WF-000847,0,Pass,High Risk,0.0901201075521735,0.3495374753724184,0.6504625246275815,3,sensor_511,42.3963,-0.006562199912433116,0.006562199912433116,Decreases failure risk
WF-000847,0,Pass,High Risk,0.0901201075521735,0.3495374753724184,0.6504625246275815,4,sensor_020,12.1298,-0.006427679464988143,0.006427679464988143,Decreases failure risk
WF-000847,0,Pass,High Risk,0.0901201075521735,0.3495374753724184,0.6504625246275815,5,sensor_060,1.00135,-0.005595370408291168,0.005595370408291168,Decreases failure risk
WF-000847,0,Pass,High Risk,0.0901201075521735,0.3495374753724184,0.6504625246275815,6,sensor_406,0.0084,0.00499417803114591,0.00499417803114591,Increases failure risk
WF-000847,0,Pass,High Risk,0.0901201075521735,0.3495374753724184,0.6504625246275815,7,sensor_432,38.847,0.004926139751170424,0.004926139751170424,Increases failure risk
WF-000847,0,Pass,High Risk,0.0901201075521735,0.3495374753724184,0.6504625246275815,8,sensor_342,2.3957,-0.0045930899728720345,0.0045930899728720345,Decreases failure risk
WF-000847,0,Pass,High Risk,0.0901201075521735,0.3495374753724184,0.6504625246275815,9,sensor_478,5.243,-0.004521276124768264,0.004521276124768264,Decreases failure risk
WF-000847,0,Pass,High Risk,0.0901201075521735,0.3495374753724184,0.6504625246275815,10,sensor_268,0.0243,0.003976372643620286,0.003976372643620286,Increases failure risk
WF-001104,0,Pass,Engineering Review,0.0399966311958555,0.3232012705564249,0.6767987294435751,1,sensor_104,-0.0132,-0.016263874058533214,0.016263874058533214,Decreases failure risk
WF-001104,0,Pass,Engineering Review,0.0399966311958555,0.3232012705564249,0.6767987294435751,2,sensor_060,-2.6709,-0.010891988866571178,0.010891988866571178,Decreases failure risk
WF-001104,0,Pass,Engineering Review,0.0399966311958555,0.3232012705564249,0.6767987294435751,3,sensor_478,3.1113,-0.008881761398087669,0.008881761398087669,Decreases failure risk
WF-001104,0,Pass,Engineering Review,0.0399966311958555,0.3232012705564249,0.6767987294435751,4,sensor_206,4.75,-0.0077910425353645224,0.0077910425353645224,Decreases failure risk
WF-001104,0,Pass,Engineering Review,0.0399966311958555,0.3232012705564249,0.6767987294435751,5,sensor_282,0.0184,-0.006248039181669382,0.006248039181669382,Decreases failure risk
WF-001104,0,Pass,Engineering Review,0.0399966311958555,0.3232012705564249,0.6767987294435751,6,sensor_470,4.6773,-0.006146408796784884,0.006146408796784884,Decreases failure risk
WF-001104,0,Pass,Engineering Review,0.0399966311958555,0.3232012705564249,0.6767987294435751,7,sensor_511,45.3258,-0.005909776767938979,0.005909776767938979,Decreases failure risk
WF-001104,0,Pass,Engineering Review,0.0399966311958555,0.3232012705564249,0.6767987294435751,8,sensor_130,-2.175,-0.005655623987347696,0.005655623987347696,Decreases failure risk
WF-001104,0,Pass,Engineering Review,0.0399966311958555,0.3232012705564249,0.6767987294435751,9,sensor_342,1.6102,-0.0053178237146369964,0.0053178237146369964,Decreases failure risk
WF-001104,0,Pass,Engineering Review,0.0399966311958555,0.3232012705564249,0.6767987294435751,10,sensor_125,15.71,-0.004770126435541487,0.004770126435541487,Decreases failure risk
WF-001529,0,Pass,Low Risk,0.0107147518487837,0.4278747317833328,0.5721252682166672,1,sensor_214,0.0256,-0.012182566450649709,0.012182566450649709,Decreases failure risk
WF-001529,0,Pass,Low Risk,0.0107147518487837,0.4278747317833328,0.5721252682166672,2,sensor_104,-0.0091,-0.010635884491837133,0.010635884491837133,Decreases failure risk
WF-001529,0,Pass,Low Risk,0.0107147518487837,0.4278747317833328,0.5721252682166672,3,sensor_131,0.6595,-0.007939663580851162,0.007939663580851162,Decreases failure risk
WF-001529,0,Pass,Low Risk,0.0107147518487837,0.4278747317833328,0.5721252682166672,4,sensor_126,1.461,-0.007525687653988397,0.007525687653988397,Decreases failure risk
WF-001529,0,Pass,Low Risk,0.0107147518487837,0.4278747317833328,0.5721252682166672,5,sensor_317,9.2874,-0.006354454430295562,0.006354454430295562,Decreases failure risk
WF-001529,0,Pass,Low Risk,0.0107147518487837,0.4278747317833328,0.5721252682166672,6,sensor_352,0.0128,-0.00565363305829223,0.00565363305829223,Decreases failure risk
WF-001529,0,Pass,Low Risk,0.0107147518487837,0.4278747317833328,0.5721252682166672,7,sensor_201,11.95,-0.0054661174747078906,0.0054661174747078906,Decreases failure risk
WF-001529,0,Pass,Low Risk,0.0107147518487837,0.4278747317833328,0.5721252682166672,8,sensor_181,25.47,-0.005267801345828415,0.005267801345828415,Decreases failure risk
WF-001529,0,Pass,Low Risk,0.0107147518487837,0.4278747317833328,0.5721252682166672,9,sensor_453,7.0032,-0.005173281226840823,0.005173281226840823,Decreases failure risk
WF-001529,0,Pass,Low Risk,0.0107147518487837,0.4278747317833328,0.5721252682166672,10,sensor_282,0.0189,-0.00509693678815774,0.00509693678815774,Decreases failure risk
WF-001124,0,Pass,Insufficient Evidence,0.0256633708061988,0.3334313306030296,0.6665686693969703,1,sensor_104,-0.0122,-0.014153017621258902,0.014153017621258902,Decreases failure risk
WF-001124,0,Pass,Insufficient Evidence,0.0256633708061988,0.3334313306030296,0.6665686693969703,2,sensor_214,0.0256,-0.012773852352437946,0.012773852352437946,Decreases failure risk
WF-001124,0,Pass,Insufficient Evidence,0.0256633708061988,0.3334313306030296,0.6665686693969703,3,sensor_352,0.0114,-0.0087152303381312,0.0087152303381312,Decreases failure risk
WF-001124,0,Pass,Insufficient Evidence,0.0256633708061988,0.3334313306030296,0.6665686693969703,4,sensor_060,-2.9573,-0.00860314882659834,0.00860314882659834,Decreases failure risk
WF-001124,0,Pass,Insufficient Evidence,0.0256633708061988,0.3334313306030296,0.6665686693969703,5,sensor_015,4.7196,0.0072529976759628315,0.0072529976759628315,Increases failure risk
WF-001124,0,Pass,Insufficient Evidence,0.0256633708061988,0.3334313306030296,0.6665686693969703,6,sensor_511,26.3104,-0.0065297475164984775,0.0065297475164984775,Decreases failure risk
WF-001124,0,Pass,Insufficient Evidence,0.0256633708061988,0.3334313306030296,0.6665686693969703,7,sensor_122,15.67,-0.005054120278899085,0.005054120278899085,Decreases failure risk
WF-001124,0,Pass,Insufficient Evidence,0.0256633708061988,0.3334313306030296,0.6665686693969703,8,sensor_206,7.69,-0.004732521822139869,0.004732521822139869,Decreases failure risk
WF-001124,0,Pass,Insufficient Evidence,0.0256633708061988,0.3334313306030296,0.6665686693969703,9,sensor_434,936.9642,0.004571993705566933,0.004571993705566933,Increases failure risk
WF-001124,0,Pass,Insufficient Evidence,0.0256633708061988,0.3334313306030296,0.6665686693969703,10,sensor_548,399.494,-0.00445439796163413,0.00445439796163413,Decreases failure risk
WF-001099,0,Pass,Low Risk,0.0144297908565783,0.4665405955140928,0.5334594044859071,1,sensor_214,0.0101,-0.01266278389062982,0.01266278389062982,Decreases failure risk
WF-001099,0,Pass,Low Risk,0.0144297908565783,0.4665405955140928,0.5334594044859071,2,sensor_104,-0.0093,-0.010049171838851642,0.010049171838851642,Decreases failure risk
WF-001099,0,Pass,Low Risk,0.0144297908565783,0.4665405955140928,0.5334594044859071,3,sensor_060,-3.6155,-0.009301715745215784,0.009301715745215784,Decreases failure risk
WF-001099,0,Pass,Low Risk,0.0144297908565783,0.4665405955140928,0.5334594044859071,4,sensor_520,0.0,-0.009247574107197341,0.009247574107197341,Decreases failure risk
WF-001099,0,Pass,Low Risk,0.0144297908565783,0.4665405955140928,0.5334594044859071,5,sensor_424,141.8223,0.008953345373796454,0.008953345373796454,Increases failure risk
WF-001099,0,Pass,Low Risk,0.0144297908565783,0.4665405955140928,0.5334594044859071,6,sensor_248,0.0,-0.008766166927912636,0.008766166927912636,Decreases failure risk
WF-001099,0,Pass,Low Risk,0.0144297908565783,0.4665405955140928,0.5334594044859071,7,sensor_352,0.0047,-0.008372057084356416,0.008372057084356416,Decreases failure risk
WF-001099,0,Pass,Low Risk,0.0144297908565783,0.4665405955140928,0.5334594044859071,8,sensor_478,2.9962,-0.006248372741665402,0.006248372741665402,Decreases failure risk
WF-001099,0,Pass,Low Risk,0.0144297908565783,0.4665405955140928,0.5334594044859071,9,sensor_126,1.617,-0.006234336121639665,0.006234336121639665,Decreases failure risk
WF-001099,0,Pass,Low Risk,0.0144297908565783,0.4665405955140928,0.5334594044859071,10,sensor_389,17.6891,-0.004844105150189387,0.004844105150189387,Decreases failure risk
WF-001035,0,Pass,Engineering Review,0.0598173219059501,0.4027124627053428,0.5972875372946571,1,sensor_104,-0.0142,-0.01316066271177009,0.01316066271177009,Decreases failure risk
WF-001035,0,Pass,Engineering Review,0.0598173219059501,0.4027124627053428,0.5972875372946571,2,sensor_060,-2.1,-0.008485888856243878,0.008485888856243878,Decreases failure risk
WF-001035,0,Pass,Engineering Review,0.0598173219059501,0.4027124627053428,0.5972875372946571,3,sensor_130,-3.119,-0.0076643678881854645,0.0076643678881854645,Decreases failure risk
WF-001035,0,Pass,Engineering Review,0.0598173219059501,0.4027124627053428,0.5972875372946571,4,sensor_153,1.1993,0.007577231901608142,0.007577231901608142,Increases failure risk
WF-001035,0,Pass,Engineering Review,0.0598173219059501,0.4027124627053428,0.5972875372946571,5,sensor_511,26.7841,-0.00712613939479391,0.00712613939479391,Decreases failure risk
WF-001035,0,Pass,Engineering Review,0.0598173219059501,0.4027124627053428,0.5972875372946571,6,sensor_082,0.0144,0.005296217650986276,0.005296217650986276,Increases failure risk
WF-001035,0,Pass,Engineering Review,0.0598173219059501,0.4027124627053428,0.5972875372946571,7,sensor_288,0.3448,0.004854147690333181,0.004854147690333181,Increases failure risk
WF-001035,0,Pass,Engineering Review,0.0598173219059501,0.4027124627053428,0.5972875372946571,8,sensor_389,15.3796,-0.0048516365592265916,0.0048516365592265916,Decreases failure risk
WF-001035,0,Pass,Engineering Review,0.0598173219059501,0.4027124627053428,0.5972875372946571,9,sensor_469,478.0952,-0.004633308371716811,0.004633308371716811,Decreases failure risk
WF-001035,0,Pass,Engineering Review,0.0598173219059501,0.4027124627053428,0.5972875372946571,10,sensor_214,0.0953,0.004424619119130333,0.004424619119130333,Increases failure risk
WF-000398,0,Pass,High Risk,0.081353766436341,0.4028354769189939,0.5971645230810061,1,sensor_104,-0.0124,-0.014679136211398639,0.014679136211398639,Decreases failure risk
WF-000398,0,Pass,High Risk,0.081353766436341,0.4028354769189939,0.5971645230810061,2,sensor_520,2.9043,-0.011225080920046294,0.011225080920046294,Decreases failure risk
WF-000398,0,Pass,High Risk,0.081353766436341,0.4028354769189939,0.5971645230810061,3,sensor_478,11.173,0.011016472586498788,0.011016472586498788,Increases failure risk
WF-000398,0,Pass,High Risk,0.081353766436341,0.4028354769189939,0.5971645230810061,4,sensor_342,4.8236,0.010534176721288422,0.010534176721288422,Increases failure risk
WF-000398,0,Pass,High Risk,0.081353766436341,0.4028354769189939,0.5971645230810061,5,sensor_206,16.55,0.01048001682191812,0.01048001682191812,Increases failure risk
WF-000398,0,Pass,High Risk,0.081353766436341,0.4028354769189939,0.5971645230810061,6,sensor_248,0.0134,-0.009984208712371732,0.009984208712371732,Decreases failure risk
WF-000398,0,Pass,High Risk,0.081353766436341,0.4028354769189939,0.5971645230810061,7,sensor_060,1.2264,-0.007093847620101736,0.007093847620101736,Decreases failure risk
WF-000398,0,Pass,High Risk,0.081353766436341,0.4028354769189939,0.5971645230810061,8,sensor_282,0.0222,-0.005498020794603644,0.005498020794603644,Decreases failure risk
WF-000398,0,Pass,High Risk,0.081353766436341,0.4028354769189939,0.5971645230810061,9,sensor_469,552.0385,-0.005348457632521591,0.005348457632521591,Decreases failure risk
WF-000398,0,Pass,High Risk,0.081353766436341,0.4028354769189939,0.5971645230810061,10,sensor_034,9.7324,0.005237140555230219,0.005237140555230219,Increases failure risk
WF-000706,0,Pass,Engineering Review,0.0393909651156157,0.3370818544214279,0.6629181455785721,1,sensor_032,4.6586,-0.014983829095783406,0.014983829095783406,Decreases failure risk
WF-000706,0,Pass,Engineering Review,0.0393909651156157,0.3370818544214279,0.6629181455785721,2,sensor_104,-0.0112,-0.01091330354237785,0.01091330354237785,Decreases failure risk
WF-000706,0,Pass,Engineering Review,0.0393909651156157,0.3370818544214279,0.6629181455785721,3,sensor_478,4.3634,-0.0058239050557340084,0.0058239050557340084,Decreases failure risk
WF-000706,0,Pass,Engineering Review,0.0393909651156157,0.3370818544214279,0.6629181455785721,4,sensor_447,0.8333,-0.005285865083775398,0.005285865083775398,Decreases failure risk
WF-000706,0,Pass,Engineering Review,0.0393909651156157,0.3370818544214279,0.6629181455785721,5,sensor_184,21.916,-0.0051502170275322225,0.0051502170275322225,Decreases failure risk
WF-000706,0,Pass,Engineering Review,0.0393909651156157,0.3370818544214279,0.6629181455785721,6,sensor_206,6.61,-0.004632148524979678,0.004632148524979678,Decreases failure risk
WF-000706,0,Pass,Engineering Review,0.0393909651156157,0.3370818544214279,0.6629181455785721,7,sensor_472,29.0995,0.0043153014414260725,0.0043153014414260725,Increases failure risk
WF-000706,0,Pass,Engineering Review,0.0393909651156157,0.3370818544214279,0.6629181455785721,8,sensor_173,0.1596,-0.004295218574373829,0.004295218574373829,Decreases failure risk
WF-000706,0,Pass,Engineering Review,0.0393909651156157,0.3370818544214279,0.6629181455785721,9,sensor_068,1.458,0.004118595191937297,0.004118595191937297,Increases failure risk
WF-000706,0,Pass,Engineering Review,0.0393909651156157,0.3370818544214279,0.6629181455785721,10,sensor_022,-6660.25,-0.004052267830562664,0.004052267830562664,Decreases failure risk
WF-000435,0,Pass,High Risk,0.1117264891273574,0.246770151989995,0.753229848010005,1,sensor_032,4.6857,-0.014235774228514672,0.014235774228514672,Decreases failure risk
WF-000435,0,Pass,High Risk,0.1117264891273574,0.246770151989995,0.753229848010005,2,sensor_104,-0.0078,0.012436765219316047,0.012436765219316047,Increases failure risk
WF-000435,0,Pass,High Risk,0.1117264891273574,0.246770151989995,0.753229848010005,3,sensor_082,-0.0017,0.006516430478546259,0.006516430478546259,Increases failure risk
WF-000435,0,Pass,High Risk,0.1117264891273574,0.246770151989995,0.753229848010005,4,sensor_478,3.9746,-0.0062361773882929515,0.0062361773882929515,Decreases failure risk
WF-000435,0,Pass,High Risk,0.1117264891273574,0.246770151989995,0.753229848010005,5,sensor_206,5.74,-0.005424633745944797,0.005424633745944797,Decreases failure risk
WF-000435,0,Pass,High Risk,0.1117264891273574,0.246770151989995,0.753229848010005,6,sensor_426,10.7967,0.005378617369206628,0.005378617369206628,Increases failure risk
WF-000435,0,Pass,High Risk,0.1117264891273574,0.246770151989995,0.753229848010005,7,sensor_153,1.0628,0.005364693410430617,0.005364693410430617,Increases failure risk
WF-000435,0,Pass,High Risk,0.1117264891273574,0.246770151989995,0.753229848010005,8,sensor_034,9.043,0.005121131685400365,0.005121131685400365,Increases failure risk
WF-000435,0,Pass,High Risk,0.1117264891273574,0.246770151989995,0.753229848010005,9,sensor_489,0.0,0.005073899503113225,0.005073899503113225,Increases failure risk
WF-000435,0,Pass,High Risk,0.1117264891273574,0.246770151989995,0.753229848010005,10,sensor_342,1.7793,-0.0049043865637942215,0.0049043865637942215,Decreases failure risk
WF-001260,0,Pass,Engineering Review,0.045878457633465,0.2919330066343706,0.7080669933656294,1,sensor_104,-0.0119,-0.016115677237263565,0.016115677237263565,Decreases failure risk
WF-001260,0,Pass,Engineering Review,0.045878457633465,0.2919330066343706,0.7080669933656294,2,sensor_125,16.08,0.009818959337220188,0.009818959337220188,Increases failure risk
WF-001260,0,Pass,Engineering Review,0.045878457633465,0.2919330066343706,0.7080669933656294,3,sensor_060,0.67,-0.007759761358983496,0.007759761358983496,Decreases failure risk
WF-001260,0,Pass,Engineering Review,0.045878457633465,0.2919330066343706,0.7080669933656294,4,sensor_578,60.1633,-0.006473172982403829,0.006473172982403829,Decreases failure risk
WF-001260,0,Pass,Engineering Review,0.045878457633465,0.2919330066343706,0.7080669933656294,5,sensor_564,0.8173,-0.006396065625087348,0.006396065625087348,Decreases failure risk
WF-001260,0,Pass,Engineering Review,0.045878457633465,0.2919330066343706,0.7080669933656294,6,sensor_424,133.7928,0.006333564931796985,0.006333564931796985,Increases failure risk
WF-001260,0,Pass,Engineering Review,0.045878457633465,0.2919330066343706,0.7080669933656294,7,sensor_133,2.1919,0.006191803619840981,0.006191803619840981,Increases failure risk
WF-001260,0,Pass,Engineering Review,0.045878457633465,0.2919330066343706,0.7080669933656294,8,sensor_478,3.9365,-0.005732000354504503,0.005732000354504503,Decreases failure risk
WF-001260,0,Pass,Engineering Review,0.045878457633465,0.2919330066343706,0.7080669933656294,9,sensor_201,13.72,-0.005723679478804972,0.005723679478804972,Decreases failure risk
WF-001260,0,Pass,Engineering Review,0.045878457633465,0.2919330066343706,0.7080669933656294,10,sensor_432,12.1851,-0.005250593044860946,0.005250593044860946,Decreases failure risk
WF-000393,1,Fail,Engineering Review,0.0563079658235813,0.3527807822099051,0.6472192177900948,1,sensor_214,0.0142,-0.013288424829083982,0.013288424829083982,Decreases failure risk
WF-000393,1,Fail,Engineering Review,0.0563079658235813,0.3527807822099051,0.6472192177900948,2,sensor_352,0.0068,-0.01015321226404516,0.01015321226404516,Decreases failure risk
WF-000393,1,Fail,Engineering Review,0.0563079658235813,0.3527807822099051,0.6472192177900948,3,sensor_104,-0.0096,-0.0097167078621261,0.0097167078621261,Decreases failure risk
WF-000393,1,Fail,Engineering Review,0.0563079658235813,0.3527807822099051,0.6472192177900948,4,sensor_126,1.39,-0.007385492902371621,0.007385492902371621,Decreases failure risk
WF-000393,1,Fail,Engineering Review,0.0563079658235813,0.3527807822099051,0.6472192177900948,5,sensor_432,8.6343,-0.0051838272606071194,0.0051838272606071194,Decreases failure risk
WF-000393,1,Fail,Engineering Review,0.0563079658235813,0.3527807822099051,0.6472192177900948,6,sensor_060,5.0473,0.005130578833076002,0.005130578833076002,Increases failure risk
WF-000393,1,Fail,Engineering Review,0.0563079658235813,0.3527807822099051,0.6472192177900948,7,sensor_548,398.598,-0.005116685124222763,0.005116685124222763,Decreases failure risk
WF-000393,1,Fail,Engineering Review,0.0563079658235813,0.3527807822099051,0.6472192177900948,8,sensor_206,6.31,-0.0049193236965898515,0.0049193236965898515,Decreases failure risk
WF-000393,1,Fail,Engineering Review,0.0563079658235813,0.3527807822099051,0.6472192177900948,9,sensor_478,4.3207,-0.004710469392207798,0.004710469392207798,Decreases failure risk
WF-000393,1,Fail,Engineering Review,0.0563079658235813,0.3527807822099051,0.6472192177900948,10,sensor_271,36.4136,-0.004625759391142839,0.004625759391142839,Decreases failure risk
WF-000216,0,Pass,High Risk,0.1849699847961197,0.2212822159938733,0.7787177840061267,1,sensor_104,-0.0056,0.018028987198129575,0.018028987198129575,Increases failure risk
WF-000216,0,Pass,High Risk,0.1849699847961197,0.2212822159938733,0.7787177840061267,2,sensor_060,13.7255,0.015797390042500747,0.015797390042500747,Increases failure risk
WF-000216,0,Pass,High Risk,0.1849699847961197,0.2212822159938733,0.7787177840061267,3,sensor_310,0.0779,-0.00889608463375828,0.00889608463375828,Decreases failure risk
WF-000216,0,Pass,High Risk,0.1849699847961197,0.2212822159938733,0.7787177840061267,4,sensor_511,92.6503,0.007485661018316847,0.007485661018316847,Increases failure risk
WF-000216,0,Pass,High Risk,0.1849699847961197,0.2212822159938733,0.7787177840061267,5,sensor_478,3.996,-0.006678254722772311,0.006678254722772311,Decreases failure risk
WF-000216,0,Pass,High Risk,0.1849699847961197,0.2212822159938733,0.7787177840061267,6,sensor_064,21.5991,0.006486596876749824,0.006486596876749824,Increases failure risk
WF-000216,0,Pass,High Risk,0.1849699847961197,0.2212822159938733,0.7787177840061267,7,sensor_065,26.2745,0.006082136131147287,0.006082136131147287,Increases failure risk
WF-000216,0,Pass,High Risk,0.1849699847961197,0.2212822159938733,0.7787177840061267,8,sensor_206,5.88,-0.00604206630996612,0.00604206630996612,Decreases failure risk
WF-000216,0,Pass,High Risk,0.1849699847961197,0.2212822159938733,0.7787177840061267,9,sensor_386,0.035,0.006015158271293788,0.006015158271293788,Increases failure risk
WF-000216,0,Pass,High Risk,0.1849699847961197,0.2212822159938733,0.7787177840061267,10,sensor_520,48.5899,0.005931523422005851,0.005931523422005851,Increases failure risk
WF-000667,0,Pass,Engineering Review,0.0395349546921264,0.3572446262853,0.6427553737147,1,sensor_104,-0.0072,0.012334616470646821,0.012334616470646821,Increases failure risk
WF-000667,0,Pass,Engineering Review,0.0395349546921264,0.3572446262853,0.6427553737147,2,sensor_032,4.6642,-0.011808346028394529,0.011808346028394529,Decreases failure risk
WF-000667,0,Pass,Engineering Review,0.0395349546921264,0.3572446262853,0.6427553737147,3,sensor_248,0.0168,-0.009635586974792072,0.009635586974792072,Decreases failure risk
WF-000667,0,Pass,Engineering Review,0.0395349546921264,0.3572446262853,0.6427553737147,4,sensor_520,3.6638,-0.009054862403161536,0.009054862403161536,Decreases failure risk
WF-000667,0,Pass,Engineering Review,0.0395349546921264,0.3572446262853,0.6427553737147,5,sensor_511,75.5245,0.007391532834027874,0.007391532834027874,Increases failure risk
WF-000667,0,Pass,Engineering Review,0.0395349546921264,0.3572446262853,0.6427553737147,6,sensor_386,0.0052,-0.0059457869764036105,0.0059457869764036105,Decreases failure risk
WF-000667,0,Pass,Engineering Review,0.0395349546921264,0.3572446262853,0.6427553737147,7,sensor_015,12.6648,-0.005865175772483495,0.005865175772483495,Decreases failure risk
WF-000667,0,Pass,Engineering Review,0.0395349546921264,0.3572446262853,0.6427553737147,8,sensor_485,632.2222,-0.005811728944558241,0.005811728944558241,Decreases failure risk
WF-000667,0,Pass,Engineering Review,0.0395349546921264,0.3572446262853,0.6427553737147,9,sensor_022,-6535.25,-0.00573875870269403,0.00573875870269403,Decreases failure risk
WF-000667,0,Pass,Engineering Review,0.0395349546921264,0.3572446262853,0.6427553737147,10,sensor_564,0.8252,-0.004546025455087888,0.004546025455087888,Decreases failure risk
WF-001205,0,Pass,High Risk,0.1215678334293939,0.3735110521406313,0.6264889478593687,1,sensor_424,116.6899,0.010938702531584736,0.010938702531584736,Increases failure risk
WF-001205,0,Pass,High Risk,0.1215678334293939,0.3735110521406313,0.6264889478593687,2,sensor_104,-0.0089,-0.010007501625018895,0.010007501625018895,Decreases failure risk
WF-001205,0,Pass,High Risk,0.1215678334293939,0.3735110521406313,0.6264889478593687,3,sensor_130,-2.789,-0.007854408439032649,0.007854408439032649,Decreases failure risk
WF-001205,0,Pass,High Risk,0.1215678334293939,0.3735110521406313,0.6264889478593687,4,sensor_432,1.627,-0.006864684237571617,0.006864684237571617,Decreases failure risk
WF-001205,0,Pass,High Risk,0.1215678334293939,0.3735110521406313,0.6264889478593687,5,sensor_060,0.1973,-0.00506468142652459,0.00506468142652459,Decreases failure risk
WF-001205,0,Pass,High Risk,0.1215678334293939,0.3735110521406313,0.6264889478593687,6,sensor_183,14.76,-0.004898086560992111,0.004898086560992111,Decreases failure risk
WF-001205,0,Pass,High Risk,0.1215678334293939,0.3735110521406313,0.6264889478593687,7,sensor_181,15.96,0.0047689599714782075,0.0047689599714782075,Increases failure risk
WF-001205,0,Pass,High Risk,0.1215678334293939,0.3735110521406313,0.6264889478593687,8,sensor_253,1.7199,-0.004464282250622089,0.004464282250622089,Decreases failure risk
WF-001205,0,Pass,High Risk,0.1215678334293939,0.3735110521406313,0.6264889478593687,9,sensor_296,17.224,-0.004352652864540208,0.004352652864540208,Decreases failure risk
WF-001205,0,Pass,High Risk,0.1215678334293939,0.3735110521406313,0.6264889478593687,10,sensor_453,4.6231,0.003981973394109361,0.003981973394109361,Increases failure risk
WF-000122,0,Pass,High Risk,0.1958908042345759,0.2756980984333383,0.7243019015666616,1,sensor_104,-0.0057,0.015676576594272518,0.015676576594272518,Increases failure risk
WF-000122,0,Pass,High Risk,0.1958908042345759,0.2756980984333383,0.7243019015666616,2,sensor_065,33.0082,0.013228142529525465,0.013228142529525465,Increases failure risk
WF-000122,0,Pass,High Risk,0.1958908042345759,0.2756980984333383,0.7243019015666616,3,sensor_060,6.9918,0.009426760683325373,0.009426760683325373,Increases failure risk
WF-000122,0,Pass,High Risk,0.1958908042345759,0.2756980984333383,0.7243019015666616,4,sensor_125,15.64,-0.006559717531755608,0.006559717531755608,Decreases failure risk
WF-000122,0,Pass,High Risk,0.1958908042345759,0.2756980984333383,0.7243019015666616,5,sensor_066,44.0701,0.006493082648801746,0.006493082648801746,Increases failure risk
WF-000122,0,Pass,High Risk,0.1958908042345759,0.2756980984333383,0.7243019015666616,6,sensor_034,10.0686,0.0062673133682781225,0.0062673133682781225,Increases failure risk
WF-000122,0,Pass,High Risk,0.1958908042345759,0.2756980984333383,0.7243019015666616,7,sensor_386,0.0212,0.00581464258711778,0.00581464258711778,Increases failure risk
WF-000122,0,Pass,High Risk,0.1958908042345759,0.2756980984333383,0.7243019015666616,8,sensor_087,2.2481,-0.005389710674728415,0.005389710674728415,Decreases failure risk
WF-000122,0,Pass,High Risk,0.1958908042345759,0.2756980984333383,0.7243019015666616,9,sensor_122,15.7,-0.0053751490802550535,0.0053751490802550535,Decreases failure risk
WF-000122,0,Pass,High Risk,0.1958908042345759,0.2756980984333383,0.7243019015666616,10,sensor_064,24.1545,0.004941119828685827,0.004941119828685827,Increases failure risk
WF-000954,0,Pass,Engineering Review,0.0475600435719507,0.3494254607649665,0.6505745392350335,1,sensor_131,0.5949,-0.014592692242191868,0.014592692242191868,Decreases failure risk
WF-000954,0,Pass,Engineering Review,0.0475600435719507,0.3494254607649665,0.6505745392350335,2,sensor_104,-0.0106,-0.014198142812740192,0.014198142812740192,Decreases failure risk
WF-000954,0,Pass,Engineering Review,0.0475600435719507,0.3494254607649665,0.6505745392350335,3,sensor_130,-3.591,-0.009192237237634694,0.009192237237634694,Decreases failure risk
WF-000954,0,Pass,Engineering Review,0.0475600435719507,0.3494254607649665,0.6505745392350335,4,sensor_060,-1.1945,-0.008486342245558921,0.008486342245558921,Decreases failure risk
WF-000954,0,Pass,Engineering Review,0.0475600435719507,0.3494254607649665,0.6505745392350335,5,sensor_126,1.909,-0.006681162148836067,0.006681162148836067,Decreases failure risk
WF-000954,0,Pass,Engineering Review,0.0475600435719507,0.3494254607649665,0.6505745392350335,6,sensor_020,12.3578,-0.005699588680469017,0.005699588680469017,Decreases failure risk
WF-000954,0,Pass,Engineering Review,0.0475600435719507,0.3494254607649665,0.6505745392350335,7,sensor_123,6.086,-0.005366748373742682,0.005366748373742682,Decreases failure risk
WF-000954,0,Pass,Engineering Review,0.0475600435719507,0.3494254607649665,0.6505745392350335,8,sensor_511,40.423,-0.005242321021669181,0.005242321021669181,Decreases failure risk
WF-000954,0,Pass,Engineering Review,0.0475600435719507,0.3494254607649665,0.6505745392350335,9,sensor_288,0.3416,0.005198565576518225,0.005198565576518225,Increases failure risk
WF-000954,0,Pass,Engineering Review,0.0475600435719507,0.3494254607649665,0.6505745392350335,10,sensor_125,15.7,-0.005194849006374758,0.005194849006374758,Decreases failure risk
WF-000154,0,Pass,High Risk,0.1163668071051087,0.1608299817195257,0.8391700182804742,1,sensor_104,-0.0043,0.016337761770458478,0.016337761770458478,Increases failure risk
WF-000154,0,Pass,High Risk,0.1163668071051087,0.1608299817195257,0.8391700182804742,2,sensor_060,15.8609,0.009411883321312077,0.009411883321312077,Increases failure risk
WF-000154,0,Pass,High Risk,0.1163668071051087,0.1608299817195257,0.8391700182804742,3,sensor_511,86.8035,0.009305176419575156,0.009305176419575156,Increases failure risk
WF-000154,0,Pass,High Risk,0.1163668071051087,0.1608299817195257,0.8391700182804742,4,sensor_478,2.7354,-0.007237313503949745,0.007237313503949745,Decreases failure risk
WF-000154,0,Pass,High Risk,0.1163668071051087,0.1608299817195257,0.8391700182804742,5,sensor_386,0.0427,0.006318709770997283,0.006318709770997283,Increases failure risk
WF-000154,0,Pass,High Risk,0.1163668071051087,0.1608299817195257,0.8391700182804742,6,sensor_122,15.68,-0.00623458479860526,0.00623458479860526,Decreases failure risk
WF-000154,0,Pass,High Risk,0.1163668071051087,0.1608299817195257,0.8391700182804742,7,sensor_520,63.8524,0.006178808554524043,0.006178808554524043,Increases failure risk
WF-000154,0,Pass,High Risk,0.1163668071051087,0.1608299817195257,0.8391700182804742,8,sensor_424,137.6327,0.005886192338112392,0.005886192338112392,Increases failure risk
WF-000154,0,Pass,High Risk,0.1163668071051087,0.1608299817195257,0.8391700182804742,9,sensor_064,23.2691,0.005807845828594479,0.005807845828594479,Increases failure risk
WF-000154,0,Pass,High Risk,0.1163668071051087,0.1608299817195257,0.8391700182804742,10,sensor_342,1.4049,-0.005653022458545983,0.005653022458545983,Decreases failure risk
WF-001447,0,Pass,Low Risk,0.0256892989555888,0.297932851520824,0.7020671484791761,1,sensor_104,-0.0115,-0.0157583375758732,0.0157583375758732,Decreases failure risk
WF-001447,0,Pass,Low Risk,0.0256892989555888,0.297932851520824,0.7020671484791761,2,sensor_214,0.0173,-0.014391224019019567,0.014391224019019567,Decreases failure risk
WF-001447,0,Pass,Low Risk,0.0256892989555888,0.297932851520824,0.7020671484791761,3,sensor_352,0.0071,-0.010194536350257629,0.010194536350257629,Decreases failure risk
WF-001447,0,Pass,Low Risk,0.0256892989555888,0.297932851520824,0.7020671484791761,4,sensor_060,-0.4491,-0.008392445298345791,0.008392445298345791,Decreases failure risk
WF-001447,0,Pass,Low Risk,0.0256892989555888,0.297932851520824,0.7020671484791761,5,sensor_478,3.2363,-0.007655008679584283,0.007655008679584283,Decreases failure risk
WF-001447,0,Pass,Low Risk,0.0256892989555888,0.297932851520824,0.7020671484791761,6,sensor_206,4.68,-0.006732658775586626,0.006732658775586626,Decreases failure risk
WF-001447,0,Pass,Low Risk,0.0256892989555888,0.297932851520824,0.7020671484791761,7,sensor_173,0.1827,-0.00517184189642801,0.00517184189642801,Decreases failure risk
WF-001447,0,Pass,Low Risk,0.0256892989555888,0.297932851520824,0.7020671484791761,8,sensor_470,3.5861,-0.005035930102365553,0.005035930102365553,Decreases failure risk
WF-001447,0,Pass,Low Risk,0.0256892989555888,0.297932851520824,0.7020671484791761,9,sensor_082,0.0231,0.004923029631679804,0.004923029631679804,Increases failure risk
WF-001447,0,Pass,Low Risk,0.0256892989555888,0.297932851520824,0.7020671484791761,10,sensor_444,0.3605,-0.004888463155404516,0.004888463155404516,Decreases failure risk
WF-000767,0,Pass,Engineering Review,0.0480821176462883,0.3954630917997014,0.6045369082002986,1,sensor_034,8.5407,-0.011663717180771123,0.011663717180771123,Decreases failure risk
WF-000767,0,Pass,Engineering Review,0.0480821176462883,0.3954630917997014,0.6045369082002986,2,sensor_104,-0.0092,-0.011496899954951734,0.011496899954951734,Decreases failure risk
WF-000767,0,Pass,Engineering Review,0.0480821176462883,0.3954630917997014,0.6045369082002986,3,sensor_511,103.2609,0.009252029314741134,0.009252029314741134,Increases failure risk
WF-000767,0,Pass,Engineering Review,0.0480821176462883,0.3954630917997014,0.6045369082002986,4,sensor_060,-1.7136,-0.009179664109040392,0.009179664109040392,Decreases failure risk
WF-000767,0,Pass,Engineering Review,0.0480821176462883,0.3954630917997014,0.6045369082002986,5,sensor_015,4.4443,0.007854088431077603,0.007854088431077603,Increases failure risk
WF-000767,0,Pass,Engineering Review,0.0480821176462883,0.3954630917997014,0.6045369082002986,6,sensor_424,112.8869,0.006053496502136401,0.006053496502136401,Increases failure risk
WF-000767,0,Pass,Engineering Review,0.0480821176462883,0.3954630917997014,0.6045369082002986,7,sensor_206,6.51,-0.005151282923296641,0.005151282923296641,Decreases failure risk
WF-000767,0,Pass,Engineering Review,0.0480821176462883,0.3954630917997014,0.6045369082002986,8,sensor_029,73.3333,-0.005145920695686394,0.005145920695686394,Decreases failure risk
WF-000767,0,Pass,Engineering Review,0.0480821176462883,0.3954630917997014,0.6045369082002986,9,sensor_478,4.3599,-0.00495945940850525,0.00495945940850525,Decreases failure risk
WF-000767,0,Pass,Engineering Review,0.0480821176462883,0.3954630917997014,0.6045369082002986,10,sensor_389,16.9252,-0.0048267214980020545,0.0048267214980020545,Decreases failure risk
WF-000456,0,Pass,Low Risk,0.0231566041013922,0.3845322122283467,0.6154677877716532,1,sensor_104,-0.0106,-0.013541472247944192,0.013541472247944192,Decreases failure risk
WF-000456,0,Pass,Low Risk,0.0231566041013922,0.3845322122283467,0.6154677877716532,2,sensor_034,8.5251,-0.011287232830372203,0.011287232830372203,Decreases failure risk
WF-000456,0,Pass,Low Risk,0.0231566041013922,0.3845322122283467,0.6154677877716532,3,sensor_520,4.4626,-0.010084179218916259,0.010084179218916259,Decreases failure risk
WF-000456,0,Pass,Low Risk,0.0231566041013922,0.3845322122283467,0.6154677877716532,4,sensor_478,4.0074,-0.006831354849703024,0.006831354849703024,Decreases failure risk
WF-000456,0,Pass,Low Risk,0.0231566041013922,0.3845322122283467,0.6154677877716532,5,sensor_064,20.0736,0.0062368547582706945,0.0062368547582706945,Increases failure risk
WF-000456,0,Pass,Low Risk,0.0231566041013922,0.3845322122283467,0.6154677877716532,6,sensor_206,5.68,-0.006200999618364936,0.006200999618364936,Decreases failure risk
WF-000456,0,Pass,Low Risk,0.0231566041013922,0.3845322122283467,0.6154677877716532,7,sensor_424,39.493,-0.005936025841948995,0.005936025841948995,Decreases failure risk
WF-000456,0,Pass,Low Risk,0.0231566041013922,0.3845322122283467,0.6154677877716532,8,sensor_248,0.0204,-0.0058970680198926284,0.0058970680198926284,Decreases failure risk
WF-000456,0,Pass,Low Risk,0.0231566041013922,0.3845322122283467,0.6154677877716532,9,sensor_342,1.6123,-0.005886315521749385,0.005886315521749385,Decreases failure risk
WF-000456,0,Pass,Low Risk,0.0231566041013922,0.3845322122283467,0.6154677877716532,10,sensor_352,0.0148,-0.005459064618431294,0.005459064618431294,Decreases failure risk
WF-001250,0,Pass,Engineering Review,0.0608561260742196,0.2942469799039591,0.7057530200960409,1,sensor_104,-0.0111,-0.01307148561159703,0.01307148561159703,Decreases failure risk
WF-001250,0,Pass,Engineering Review,0.0608561260742196,0.2942469799039591,0.7057530200960409,2,sensor_520,3.7019,-0.010022003055581413,0.010022003055581413,Decreases failure risk
WF-001250,0,Pass,Engineering Review,0.0608561260742196,0.2942469799039591,0.7057530200960409,3,sensor_248,0.017,-0.009660607818448451,0.009660607818448451,Decreases failure risk
WF-001250,0,Pass,Engineering Review,0.0608561260742196,0.2942469799039591,0.7057530200960409,4,sensor_181,24.29,-0.00804883513071258,0.00804883513071258,Decreases failure risk
WF-001250,0,Pass,Engineering Review,0.0608561260742196,0.2942469799039591,0.7057530200960409,5,sensor_317,7.7467,-0.0072764262971857915,0.0072764262971857915,Decreases failure risk
WF-001250,0,Pass,Engineering Review,0.0608561260742196,0.2942469799039591,0.7057530200960409,6,sensor_453,6.6589,-0.006418018902614033,0.006418018902614033,Decreases failure risk
WF-001250,0,Pass,Engineering Review,0.0608561260742196,0.2942469799039591,0.7057530200960409,7,sensor_478,3.251,-0.006416835756173384,0.006416835756173384,Decreases failure risk
WF-001250,0,Pass,Engineering Review,0.0608561260742196,0.2942469799039591,0.7057530200960409,8,sensor_489,0.0,0.006376336182252168,0.006376336182252168,Increases failure risk
WF-001250,0,Pass,Engineering Review,0.0608561260742196,0.2942469799039591,0.7057530200960409,9,sensor_015,5.7562,0.006242353196650403,0.006242353196650403,Increases failure risk
WF-001250,0,Pass,Engineering Review,0.0608561260742196,0.2942469799039591,0.7057530200960409,10,sensor_060,1.04,-0.00614309477695163,0.00614309477695163,Decreases failure risk
WF-001117,0,Pass,Engineering Review,0.0539520871203171,0.3499027239361749,0.6500972760638251,1,sensor_104,-0.0121,-0.01682481402707388,0.01682481402707388,Decreases failure risk
WF-001117,0,Pass,Engineering Review,0.0539520871203171,0.3499027239361749,0.6500972760638251,2,sensor_511,23.8683,-0.010021963158974537,0.010021963158974537,Decreases failure risk
WF-001117,0,Pass,Engineering Review,0.0539520871203171,0.3499027239361749,0.6500972760638251,3,sensor_060,-5.6945,-0.009861138277608318,0.009861138277608318,Decreases failure risk
WF-001117,0,Pass,Engineering Review,0.0539520871203171,0.3499027239361749,0.6500972760638251,4,sensor_206,5.57,-0.006508113811436936,0.006508113811436936,Decreases failure risk
WF-001117,0,Pass,Engineering Review,0.0539520871203171,0.3499027239361749,0.6500972760638251,5,sensor_489,0.0,0.00592743566358902,0.00592743566358902,Increases failure risk
WF-001117,0,Pass,Engineering Review,0.0539520871203171,0.3499027239361749,0.6500972760638251,6,sensor_432,5.2835,-0.0057815074106222835,0.0057815074106222835,Decreases failure risk
WF-001117,0,Pass,Engineering Review,0.0539520871203171,0.3499027239361749,0.6500972760638251,7,sensor_478,3.8017,-0.005257832964783869,0.005257832964783869,Decreases failure risk
WF-001117,0,Pass,Engineering Review,0.0539520871203171,0.3499027239361749,0.6500972760638251,8,sensor_125,15.69,-0.0052156534186563516,0.0052156534186563516,Decreases failure risk
WF-001117,0,Pass,Engineering Review,0.0539520871203171,0.3499027239361749,0.6500972760638251,9,sensor_424,37.2627,-0.004617852249689204,0.004617852249689204,Decreases failure risk
WF-001117,0,Pass,Engineering Review,0.0539520871203171,0.3499027239361749,0.6500972760638251,10,sensor_342,1.5936,-0.0046127137473178864,0.0046127137473178864,Decreases failure risk
WF-000384,0,Pass,High Risk,0.1083175541615425,0.1667206151448141,0.8332793848551858,1,sensor_060,0.1227,-0.008544096689111788,0.008544096689111788,Decreases failure risk
WF-000384,0,Pass,High Risk,0.1083175541615425,0.1667206151448141,0.8332793848551858,2,sensor_104,-0.0093,-0.007876098740988682,0.007876098740988682,Decreases failure risk
WF-000384,0,Pass,High Risk,0.1083175541615425,0.1667206151448141,0.8332793848551858,3,sensor_153,1.2115,0.007504099096412954,0.007504099096412954,Increases failure risk
WF-000384,0,Pass,High Risk,0.1083175541615425,0.1667206151448141,0.8332793848551858,4,sensor_017,11.3119,0.005801602639653154,0.005801602639653154,Increases failure risk
WF-000384,0,Pass,High Risk,0.1083175541615425,0.1667206151448141,0.8332793848551858,5,sensor_034,9.5713,0.00569640292226977,0.00569640292226977,Increases failure risk
WF-000384,0,Pass,High Risk,0.1083175541615425,0.1667206151448141,0.8332793848551858,6,sensor_426,10.7097,0.005567731886224728,0.005567731886224728,Increases failure risk
WF-000384,0,Pass,High Risk,0.1083175541615425,0.1667206151448141,0.8332793848551858,7,sensor_288,0.3765,0.0050714689811914414,0.0050714689811914414,Increases failure risk
WF-000384,0,Pass,High Risk,0.1083175541615425,0.1667206151448141,0.8332793848551858,8,sensor_574,1.3634,-0.0047349198624308825,0.0047349198624308825,Decreases failure risk
WF-000384,0,Pass,High Risk,0.1083175541615425,0.1667206151448141,0.8332793848551858,9,sensor_485,739.7059,-0.004474969101439191,0.004474969101439191,Decreases failure risk
WF-000384,0,Pass,High Risk,0.1083175541615425,0.1667206151448141,0.8332793848551858,10,sensor_271,22.5407,0.004425061019370262,0.004425061019370262,Increases failure risk
WF-001034,0,Pass,Engineering Review,0.0771235202510167,0.1942849021049894,0.8057150978950106,1,sensor_104,-0.0092,-0.011480175849018259,0.011480175849018259,Decreases failure risk
WF-001034,0,Pass,Engineering Review,0.0771235202510167,0.1942849021049894,0.8057150978950106,2,sensor_060,-5.4691,-0.009335615110130794,0.009335615110130794,Decreases failure risk
WF-001034,0,Pass,Engineering Review,0.0771235202510167,0.1942849021049894,0.8057150978950106,3,sensor_511,28.1843,-0.00844925478854374,0.00844925478854374,Decreases failure risk
WF-001034,0,Pass,Engineering Review,0.0771235202510167,0.1942849021049894,0.8057150978950106,4,sensor_130,-3.119,-0.006727999865163629,0.006727999865163629,Decreases failure risk
WF-001034,0,Pass,Engineering Review,0.0771235202510167,0.1942849021049894,0.8057150978950106,5,sensor_206,6.9,-0.005573795985896647,0.005573795985896647,Decreases failure risk
WF-001034,0,Pass,Engineering Review,0.0771235202510167,0.1942849021049894,0.8057150978950106,6,sensor_578,18.3953,-0.005210504825355371,0.005210504825355371,Decreases failure risk
WF-001034,0,Pass,Engineering Review,0.0771235202510167,0.1942849021049894,0.8057150978950106,7,sensor_349,0.1165,0.004909025299541882,0.004909025299541882,Increases failure risk
WF-001034,0,Pass,Engineering Review,0.0771235202510167,0.1942849021049894,0.8057150978950106,8,sensor_282,0.0243,-0.0048441538586475675,0.0048441538586475675,Decreases failure risk
WF-001034,0,Pass,Engineering Review,0.0771235202510167,0.1942849021049894,0.8057150978950106,9,sensor_082,0.0204,0.004824598822701666,0.004824598822701666,Increases failure risk
WF-001034,0,Pass,Engineering Review,0.0771235202510167,0.1942849021049894,0.8057150978950106,10,sensor_029,72.9333,-0.004450851420083239,0.004450851420083239,Decreases failure risk
WF-000171,0,Pass,High Risk,0.2453715147057599,0.1805531186984122,0.8194468813015878,1,sensor_104,-0.0022,0.01715469360064585,0.01715469360064585,Increases failure risk
WF-000171,0,Pass,High Risk,0.2453715147057599,0.1805531186984122,0.8194468813015878,2,sensor_511,205.5866,0.010107304635529167,0.010107304635529167,Increases failure risk
WF-000171,0,Pass,High Risk,0.2453715147057599,0.1805531186984122,0.8194468813015878,3,sensor_060,17.7927,0.009823714490573093,0.009823714490573093,Increases failure risk
WF-000171,0,Pass,High Risk,0.2453715147057599,0.1805531186984122,0.8194468813015878,4,sensor_206,12.49,0.007733108074276273,0.007733108074276273,Increases failure risk
WF-000171,0,Pass,High Risk,0.2453715147057599,0.1805531186984122,0.8194468813015878,5,sensor_520,43.7713,0.0068033674371539565,0.0068033674371539565,Increases failure risk
WF-000171,0,Pass,High Risk,0.2453715147057599,0.1805531186984122,0.8194468813015878,6,sensor_034,9.2405,0.00637186428450288,0.00637186428450288,Increases failure risk
WF-000171,0,Pass,High Risk,0.2453715147057599,0.1805531186984122,0.8194468813015878,7,sensor_478,8.3238,0.005790167371737998,0.005790167371737998,Increases failure risk
WF-000171,0,Pass,High Risk,0.2453715147057599,0.1805531186984122,0.8194468813015878,8,sensor_386,0.0322,0.005706202031532455,0.005706202031532455,Increases failure risk
WF-000171,0,Pass,High Risk,0.2453715147057599,0.1805531186984122,0.8194468813015878,9,sensor_378,0.0021,-0.005447517776945594,0.005447517776945594,Decreases failure risk
WF-000171,0,Pass,High Risk,0.2453715147057599,0.1805531186984122,0.8194468813015878,10,sensor_131,0.8764,0.005414836437245089,0.005414836437245089,Increases failure risk
WF-001368,0,Pass,Engineering Review,0.0473835448352099,0.3658752771980759,0.6341247228019241,1,sensor_104,-0.0097,-0.01433813507069004,0.01433813507069004,Decreases failure risk
WF-001368,0,Pass,Engineering Review,0.0473835448352099,0.3658752771980759,0.6341247228019241,2,sensor_126,1.593,-0.009097213315073021,0.009097213315073021,Decreases failure risk
WF-001368,0,Pass,Engineering Review,0.0473835448352099,0.3658752771980759,0.6341247228019241,3,sensor_511,16.5589,-0.008305269266604515,0.008305269266604515,Decreases failure risk
WF-001368,0,Pass,Engineering Review,0.0473835448352099,0.3658752771980759,0.6341247228019241,4,sensor_206,4.73,-0.0059692801729628285,0.0059692801729628285,Decreases failure risk
WF-001368,0,Pass,Engineering Review,0.0473835448352099,0.3658752771980759,0.6341247228019241,5,sensor_015,12.1794,-0.005902144266619722,0.005902144266619722,Decreases failure risk
WF-001368,0,Pass,Engineering Review,0.0473835448352099,0.3658752771980759,0.6341247228019241,6,sensor_201,10.89,-0.005491002678529673,0.005491002678529673,Decreases failure risk
WF-001368,0,Pass,Engineering Review,0.0473835448352099,0.3658752771980759,0.6341247228019241,7,sensor_029,74.9556,-0.005477872555717059,0.005477872555717059,Decreases failure risk
WF-001368,0,Pass,Engineering Review,0.0473835448352099,0.3658752771980759,0.6341247228019241,8,sensor_317,6.5606,-0.005321809533893722,0.005321809533893722,Decreases failure risk
WF-001368,0,Pass,Engineering Review,0.0473835448352099,0.3658752771980759,0.6341247228019241,9,sensor_478,3.1765,-0.005293219021485327,0.005293219021485327,Decreases failure risk
WF-001368,0,Pass,Engineering Review,0.0473835448352099,0.3658752771980759,0.6341247228019241,10,sensor_001,2886.03,0.005232817058393463,0.005232817058393463,Increases failure risk
WF-000888,0,Pass,Low Risk,0.0231805995380912,0.4401252905186626,0.5598747094813373,1,sensor_214,0.0217,-0.016880499014886738,0.016880499014886738,Decreases failure risk
WF-000888,0,Pass,Low Risk,0.0231805995380912,0.4401252905186626,0.5598747094813373,2,sensor_104,-0.0123,-0.016029816354285575,0.016029816354285575,Decreases failure risk
WF-000888,0,Pass,Low Risk,0.0231805995380912,0.4401252905186626,0.5598747094813373,3,sensor_034,8.287,-0.014813042099866312,0.014813042099866312,Decreases failure risk
WF-000888,0,Pass,Low Risk,0.0231805995380912,0.4401252905186626,0.5598747094813373,4,sensor_131,0.6423,-0.01162728472139898,0.01162728472139898,Decreases failure risk
WF-000888,0,Pass,Low Risk,0.0231805995380912,0.4401252905186626,0.5598747094813373,5,sensor_352,0.0095,-0.009361090803881462,0.009361090803881462,Decreases failure risk
WF-000888,0,Pass,Low Risk,0.0231805995380912,0.4401252905186626,0.5598747094813373,6,sensor_060,0.5518,-0.009040910085453642,0.009040910085453642,Decreases failure risk
WF-000888,0,Pass,Low Risk,0.0231805995380912,0.4401252905186626,0.5598747094813373,7,sensor_126,1.702,-0.007425503448199016,0.007425503448199016,Decreases failure risk
WF-000888,0,Pass,Low Risk,0.0231805995380912,0.4401252905186626,0.5598747094813373,8,sensor_123,6.889,-0.005901842724340832,0.005901842724340832,Decreases failure risk
WF-000888,0,Pass,Low Risk,0.0231805995380912,0.4401252905186626,0.5598747094813373,9,sensor_181,22.8,-0.0058078351797546165,0.0058078351797546165,Decreases failure risk
WF-000888,0,Pass,Low Risk,0.0231805995380912,0.4401252905186626,0.5598747094813373,10,sensor_453,6.4616,-0.004936325618041732,0.004936325618041732,Decreases failure risk
WF-001074,0,Pass,Low Risk,0.0255857049947101,0.4411518393451659,0.5588481606548341,1,sensor_104,-0.0141,-0.013843508721571356,0.013843508721571356,Decreases failure risk
WF-001074,0,Pass,Low Risk,0.0255857049947101,0.4411518393451659,0.5588481606548341,2,sensor_214,0.0209,-0.011751419551716972,0.011751419551716972,Decreases failure risk
WF-001074,0,Pass,Low Risk,0.0255857049947101,0.4411518393451659,0.5588481606548341,3,sensor_060,-2.8727,-0.008704568377075136,0.008704568377075136,Decreases failure risk
WF-001074,0,Pass,Low Risk,0.0255857049947101,0.4411518393451659,0.5588481606548341,4,sensor_206,5.6,-0.007164456329520246,0.007164456329520246,Decreases failure risk
WF-001074,0,Pass,Low Risk,0.0255857049947101,0.4411518393451659,0.5588481606548341,5,sensor_352,0.01,-0.006855981779381425,0.006855981779381425,Decreases failure risk
WF-001074,0,Pass,Low Risk,0.0255857049947101,0.4411518393451659,0.5588481606548341,6,sensor_511,44.0889,-0.00604414287816484,0.00604414287816484,Decreases failure risk
WF-001074,0,Pass,Low Risk,0.0255857049947101,0.4411518393451659,0.5588481606548341,7,sensor_478,3.7156,-0.005915513851977847,0.005915513851977847,Decreases failure risk
WF-001074,0,Pass,Low Risk,0.0255857049947101,0.4411518393451659,0.5588481606548341,8,sensor_130,-2.458,-0.0057946247507310806,0.0057946247507310806,Decreases failure risk
WF-001074,0,Pass,Low Risk,0.0255857049947101,0.4411518393451659,0.5588481606548341,9,sensor_103,0.0424,-0.005086801063333237,0.005086801063333237,Decreases failure risk
WF-001074,0,Pass,Low Risk,0.0255857049947101,0.4411518393451659,0.5588481606548341,10,sensor_125,15.68,-0.004794095824063402,0.004794095824063402,Decreases failure risk
WF-001566,0,Pass,Low Risk,0.0237743521976791,0.4466011426500669,0.5533988573499331,1,sensor_131,0.655,-0.013251645332429578,0.013251645332429578,Decreases failure risk
WF-001566,0,Pass,Low Risk,0.0237743521976791,0.4466011426500669,0.5533988573499331,2,sensor_511,78.4993,0.008362869466907518,0.008362869466907518,Increases failure risk
WF-001566,0,Pass,Low Risk,0.0237743521976791,0.4466011426500669,0.5533988573499331,3,sensor_201,9.49,-0.007979535782430696,0.007979535782430696,Decreases failure risk
WF-001566,0,Pass,Low Risk,0.0237743521976791,0.4466011426500669,0.5533988573499331,4,sensor_126,1.385,-0.007555223150338948,0.007555223150338948,Decreases failure risk
WF-001566,0,Pass,Low Risk,0.0237743521976791,0.4466011426500669,0.5533988573499331,5,sensor_181,26.63,-0.007302816803549615,0.007302816803549615,Decreases failure risk
WF-001566,0,Pass,Low Risk,0.0237743521976791,0.4466011426500669,0.5533988573499331,6,sensor_432,9.4153,-0.006792907205913134,0.006792907205913134,Decreases failure risk
WF-001566,0,Pass,Low Risk,0.0237743521976791,0.4466011426500669,0.5533988573499331,7,sensor_317,7.5822,-0.00659677114304082,0.00659677114304082,Decreases failure risk
WF-001566,0,Pass,Low Risk,0.0237743521976791,0.4466011426500669,0.5533988573499331,8,sensor_282,0.0253,-0.006178898906237598,0.006178898906237598,Decreases failure risk
WF-001566,0,Pass,Low Risk,0.0237743521976791,0.4466011426500669,0.5533988573499331,9,sensor_453,7.1859,-0.0057730996329006514,0.0057730996329006514,Decreases failure risk
WF-001566,0,Pass,Low Risk,0.0237743521976791,0.4466011426500669,0.5533988573499331,10,sensor_034,9.193,0.005473869821006072,0.005473869821006072,Increases failure risk
WF-000217,0,Pass,High Risk,0.1679896899796958,0.2462030909003967,0.7537969090996033,1,sensor_032,4.6686,-0.01782552667347263,0.01782552667347263,Decreases failure risk
WF-000217,0,Pass,High Risk,0.1679896899796958,0.2462030909003967,0.7537969090996033,2,sensor_104,-0.0066,0.013671979073646992,0.013671979073646992,Increases failure risk
WF-000217,0,Pass,High Risk,0.1679896899796958,0.2462030909003967,0.7537969090996033,3,sensor_060,18.8673,0.011923450959337787,0.011923450959337787,Increases failure risk
WF-000217,0,Pass,High Risk,0.1679896899796958,0.2462030909003967,0.7537969090996033,4,sensor_511,37.594,-0.007360484191002331,0.007360484191002331,Decreases failure risk
WF-000217,0,Pass,High Risk,0.1679896899796958,0.2462030909003967,0.7537969090996033,5,sensor_564,0.8343,-0.007236226969381375,0.007236226969381375,Decreases failure risk
WF-000217,0,Pass,High Risk,0.1679896899796958,0.2462030909003967,0.7537969090996033,6,sensor_034,9.5642,0.006528828324179173,0.006528828324179173,Increases failure risk
WF-000217,0,Pass,High Risk,0.1679896899796958,0.2462030909003967,0.7537969090996033,7,sensor_478,7.4999,0.005976522011188849,0.005976522011188849,Increases failure risk
WF-000217,0,Pass,High Risk,0.1679896899796958,0.2462030909003967,0.7537969090996033,8,sensor_317,6.6952,-0.005807675794915486,0.005807675794915486,Decreases failure risk
WF-000217,0,Pass,High Risk,0.1679896899796958,0.2462030909003967,0.7537969090996033,9,sensor_206,10.89,0.005227342599509763,0.005227342599509763,Increases failure risk
WF-000217,0,Pass,High Risk,0.1679896899796958,0.2462030909003967,0.7537969090996033,10,sensor_386,0.0131,0.004563401946452414,0.004563401946452414,Increases failure risk
WF-001185,0,Pass,Low Risk,0.0313558480806723,0.4581440231495723,0.5418559768504276,1,sensor_104,-0.0097,-0.013983521156148563,0.013983521156148563,Decreases failure risk
WF-001185,0,Pass,Low Risk,0.0313558480806723,0.4581440231495723,0.5418559768504276,2,sensor_520,3.0524,-0.010998509854244222,0.010998509854244222,Decreases failure risk
WF-001185,0,Pass,Low Risk,0.0313558480806723,0.4581440231495723,0.5418559768504276,3,sensor_060,-10.4455,-0.009757502732395881,0.009757502732395881,Decreases failure risk
WF-001185,0,Pass,Low Risk,0.0313558480806723,0.4581440231495723,0.5418559768504276,4,sensor_065,30.4455,0.008933127463559145,0.008933127463559145,Increases failure risk
WF-001185,0,Pass,Low Risk,0.0313558480806723,0.4581440231495723,0.5418559768504276,5,sensor_066,40.4031,0.008582962046991927,0.008582962046991927,Increases failure risk
WF-001185,0,Pass,Low Risk,0.0313558480806723,0.4581440231495723,0.5418559768504276,6,sensor_015,5.5547,0.0075401895277828635,0.0075401895277828635,Increases failure risk
WF-001185,0,Pass,Low Risk,0.0313558480806723,0.4581440231495723,0.5418559768504276,7,sensor_248,0.014,-0.007399986637020735,0.007399986637020735,Decreases failure risk
WF-001185,0,Pass,Low Risk,0.0313558480806723,0.4581440231495723,0.5418559768504276,8,sensor_489,0.0,0.00569682652975766,0.00569682652975766,Increases failure risk
WF-001185,0,Pass,Low Risk,0.0313558480806723,0.4581440231495723,0.5418559768504276,9,sensor_511,36.2225,-0.005269817115334569,0.005269817115334569,Decreases failure risk
WF-001185,0,Pass,Low Risk,0.0313558480806723,0.4581440231495723,0.5418559768504276,10,sensor_125,15.43,-0.005096189442790965,0.005096189442790965,Decreases failure risk
WF-000002,0,Pass,Engineering Review,0.0622417162205708,0.2844558465860414,0.7155441534139586,1,sensor_104,-0.0045,0.016530824994018072,0.016530824994018072,Increases failure risk
WF-000002,0,Pass,Engineering Review,0.0622417162205708,0.2844558465860414,0.7155441534139586,2,sensor_511,141.4365,0.01300045163911279,0.01300045163911279,Increases failure risk
WF-000002,0,Pass,Engineering Review,0.0622417162205708,0.2844558465860414,0.7155441534139586,3,sensor_060,0.8073,-0.00888052917567031,0.00888052917567031,Decreases failure risk
WF-000002,0,Pass,Engineering Review,0.0622417162205708,0.2844558465860414,0.7155441534139586,4,sensor_432,2.2655,-0.006913782313059056,0.006913782313059056,Decreases failure risk
WF-000002,0,Pass,Engineering Review,0.0622417162205708,0.2844558465860414,0.7155441534139586,5,sensor_201,8.02,-0.0065727823220748305,0.0065727823220748305,Decreases failure risk
WF-000002,0,Pass,Engineering Review,0.0622417162205708,0.2844558465860414,0.7155441534139586,6,sensor_480,1.2928,-0.006420884114332545,0.006420884114332545,Decreases failure risk
WF-000002,0,Pass,Engineering Review,0.0622417162205708,0.2844558465860414,0.7155441534139586,7,sensor_469,463.2883,-0.005235396200135778,0.005235396200135778,Decreases failure risk
WF-000002,0,Pass,Engineering Review,0.0622417162205708,0.2844558465860414,0.7155441534139586,8,sensor_039,87.5241,0.00489786227496799,0.00489786227496799,Increases failure risk
WF-000002,0,Pass,Engineering Review,0.0622417162205708,0.2844558465860414,0.7155441534139586,9,sensor_034,9.7997,0.004467452900438638,0.004467452900438638,Increases failure risk
WF-000002,0,Pass,Engineering Review,0.0622417162205708,0.2844558465860414,0.7155441534139586,10,sensor_103,-0.0752,0.004417042591992009,0.004417042591992009,Increases failure risk
WF-001151,0,Pass,Low Risk,0.0184493647110867,0.3692702494923044,0.6307297505076955,1,sensor_034,8.0787,-0.01736059120558602,0.01736059120558602,Decreases failure risk
WF-001151,0,Pass,Low Risk,0.0184493647110867,0.3692702494923044,0.6307297505076955,2,sensor_104,-0.0148,-0.012871670790545665,0.012871670790545665,Decreases failure risk
WF-001151,0,Pass,Low Risk,0.0184493647110867,0.3692702494923044,0.6307297505076955,3,sensor_060,-1.6864,-0.009597000314224172,0.009597000314224172,Decreases failure risk
WF-001151,0,Pass,Low Risk,0.0184493647110867,0.3692702494923044,0.6307297505076955,4,sensor_130,-3.072,-0.00729753630325061,0.00729753630325061,Decreases failure risk
WF-001151,0,Pass,Low Risk,0.0184493647110867,0.3692702494923044,0.6307297505076955,5,sensor_511,23.569,-0.006782474366561315,0.006782474366561315,Decreases failure risk
WF-001151,0,Pass,Low Risk,0.0184493647110867,0.3692702494923044,0.6307297505076955,6,sensor_317,7.6239,-0.006210887457303728,0.006210887457303728,Decreases failure risk
WF-001151,0,Pass,Low Risk,0.0184493647110867,0.3692702494923044,0.6307297505076955,7,sensor_029,74.1889,-0.006148037875514197,0.006148037875514197,Decreases failure risk
WF-001151,0,Pass,Low Risk,0.0184493647110867,0.3692702494923044,0.6307297505076955,8,sensor_181,24.08,-0.0055176751499272795,0.0055176751499272795,Decreases failure risk
WF-001151,0,Pass,Low Risk,0.0184493647110867,0.3692702494923044,0.6307297505076955,9,sensor_282,0.0235,-0.005085148346592172,0.005085148346592172,Decreases failure risk
WF-001151,0,Pass,Low Risk,0.0184493647110867,0.3692702494923044,0.6307297505076955,10,sensor_489,0.0,0.0050131772951384655,0.0050131772951384655,Increases failure risk
WF-000583,0,Pass,Engineering Review,0.0595071627983476,0.3037015086198505,0.6962984913801494,1,sensor_104,-0.012,-0.011213072174466284,0.011213072174466284,Decreases failure risk
WF-000583,0,Pass,Engineering Review,0.0595071627983476,0.3037015086198505,0.6962984913801494,2,sensor_248,0.0121,-0.00996696480099078,0.00996696480099078,Decreases failure risk
WF-000583,0,Pass,Engineering Review,0.0595071627983476,0.3037015086198505,0.6962984913801494,3,sensor_060,-1.0573,-0.008929251138405108,0.008929251138405108,Decreases failure risk
WF-000583,0,Pass,Engineering Review,0.0595071627983476,0.3037015086198505,0.6962984913801494,4,sensor_206,4.89,-0.00845213313286304,0.00845213313286304,Decreases failure risk
WF-000583,0,Pass,Engineering Review,0.0595071627983476,0.3037015086198505,0.6962984913801494,5,sensor_520,2.6261,-0.006383215883926627,0.006383215883926627,Decreases failure risk
WF-000583,0,Pass,Engineering Review,0.0595071627983476,0.3037015086198505,0.6962984913801494,6,sensor_421,5.4059,0.006329184429028562,0.006329184429028562,Increases failure risk
WF-000583,0,Pass,Engineering Review,0.0595071627983476,0.3037015086198505,0.6962984913801494,7,sensor_015,12.2192,-0.005797158216945199,0.005797158216945199,Decreases failure risk
WF-000583,0,Pass,Engineering Review,0.0595071627983476,0.3037015086198505,0.6962984913801494,8,sensor_173,0.2169,-0.005662113807473935,0.005662113807473935,Decreases failure risk
WF-000583,0,Pass,Engineering Review,0.0595071627983476,0.3037015086198505,0.6962984913801494,9,sensor_386,0.0039,-0.005281039531413161,0.005281039531413161,Decreases failure risk
WF-000583,0,Pass,Engineering Review,0.0595071627983476,0.3037015086198505,0.6962984913801494,10,sensor_103,-0.0952,0.005044893045607448,0.005044893045607448,Increases failure risk
WF-001192,0,Pass,High Risk,0.0988537527957076,0.3089427468217092,0.6910572531782908,1,sensor_104,-0.013,-0.012933599708960169,0.012933599708960169,Decreases failure risk
WF-001192,0,Pass,High Risk,0.0988537527957076,0.3089427468217092,0.6910572531782908,2,sensor_478,3.2291,-0.008346746024411229,0.008346746024411229,Decreases failure risk
WF-001192,0,Pass,High Risk,0.0988537527957076,0.3089427468217092,0.6910572531782908,3,sensor_520,4.5615,-0.006713105465731704,0.006713105465731704,Decreases failure risk
WF-001192,0,Pass,High Risk,0.0988537527957076,0.3089427468217092,0.6910572531782908,4,sensor_206,4.79,-0.006602057085692028,0.006602057085692028,Decreases failure risk
WF-001192,0,Pass,High Risk,0.0988537527957076,0.3089427468217092,0.6910572531782908,5,sensor_342,1.5402,-0.006573199669727172,0.006573199669727172,Decreases failure risk
WF-001192,0,Pass,High Risk,0.0988537527957076,0.3089427468217092,0.6910572531782908,6,sensor_248,0.0211,-0.0059227099524681755,0.0059227099524681755,Decreases failure risk
WF-001192,0,Pass,High Risk,0.0988537527957076,0.3089427468217092,0.6910572531782908,7,sensor_282,0.0098,0.005890391123342644,0.005890391123342644,Increases failure risk
WF-001192,0,Pass,High Risk,0.0988537527957076,0.3089427468217092,0.6910572531782908,8,sensor_082,0.0032,0.005855918026181019,0.005855918026181019,Increases failure risk
WF-001192,0,Pass,High Risk,0.0988537527957076,0.3089427468217092,0.6910572531782908,9,sensor_060,6.2755,0.00518913327986317,0.00518913327986317,Increases failure risk
WF-001192,0,Pass,High Risk,0.0988537527957076,0.3089427468217092,0.6910572531782908,10,sensor_034,8.5735,-0.0051025594159477584,0.0051025594159477584,Decreases failure risk
WF-001399,0,Pass,Engineering Review,0.0508143739127773,0.3396815587581951,0.6603184412418048,1,sensor_104,-0.0117,-0.012695353761971352,0.012695353761971352,Decreases failure risk
WF-001399,0,Pass,Engineering Review,0.0508143739127773,0.3396815587581951,0.6603184412418048,2,sensor_065,26.4945,0.008403703414336824,0.008403703414336824,Increases failure risk
WF-001399,0,Pass,Engineering Review,0.0508143739127773,0.3396815587581951,0.6603184412418048,3,sensor_060,-6.4945,-0.008374775543435431,0.008374775543435431,Decreases failure risk
WF-001399,0,Pass,Engineering Review,0.0508143739127773,0.3396815587581951,0.6603184412418048,4,sensor_317,7.5794,-0.006539081295173019,0.006539081295173019,Decreases failure risk
WF-001399,0,Pass,Engineering Review,0.0508143739127773,0.3396815587581951,0.6603184412418048,5,sensor_001,2852.18,0.006529825645092515,0.006529825645092515,Increases failure risk
WF-001399,0,Pass,Engineering Review,0.0508143739127773,0.3396815587581951,0.6603184412418048,6,sensor_453,6.3312,-0.006375518623645927,0.006375518623645927,Decreases failure risk
WF-001399,0,Pass,Engineering Review,0.0508143739127773,0.3396815587581951,0.6603184412418048,7,sensor_181,22.98,-0.0063225979609813614,0.0063225979609813614,Decreases failure risk
WF-001399,0,Pass,Engineering Review,0.0508143739127773,0.3396815587581951,0.6603184412418048,8,sensor_125,15.66,-0.004321081664687913,0.004321081664687913,Decreases failure risk
WF-001399,0,Pass,Engineering Review,0.0508143739127773,0.3396815587581951,0.6603184412418048,9,sensor_432,10.5886,-0.004299604974467559,0.004299604974467559,Decreases failure risk
WF-001399,0,Pass,Engineering Review,0.0508143739127773,0.3396815587581951,0.6603184412418048,10,sensor_424,50.123,-0.00411239238238729,0.00411239238238729,Decreases failure risk
WF-000877,0,Pass,Low Risk,0.0347794256432422,0.250089518194109,0.749910481805891,1,sensor_104,-0.0131,-0.01595894899118289,0.01595894899118289,Decreases failure risk
WF-000877,0,Pass,Low Risk,0.0347794256432422,0.250089518194109,0.749910481805891,2,sensor_214,0.0218,-0.013874716108032299,0.013874716108032299,Decreases failure risk
WF-000877,0,Pass,Low Risk,0.0347794256432422,0.250089518194109,0.749910481805891,3,sensor_520,3.7098,-0.010343197122095218,0.010343197122095218,Decreases failure risk
WF-000877,0,Pass,Low Risk,0.0347794256432422,0.250089518194109,0.749910481805891,4,sensor_248,0.017,-0.009384077209814615,0.009384077209814615,Decreases failure risk
WF-000877,0,Pass,Low Risk,0.0347794256432422,0.250089518194109,0.749910481805891,5,sensor_352,0.0098,-0.0085274780283659,0.0085274780283659,Decreases failure risk
WF-000877,0,Pass,Low Risk,0.0347794256432422,0.250089518194109,0.749910481805891,6,sensor_511,26.7431,-0.007858452053666153,0.007858452053666153,Decreases failure risk
WF-000877,0,Pass,Low Risk,0.0347794256432422,0.250089518194109,0.749910481805891,7,sensor_564,0.8979,-0.006810263014106064,0.006810263014106064,Decreases failure risk
WF-000877,0,Pass,Low Risk,0.0347794256432422,0.250089518194109,0.749910481805891,8,sensor_206,4.83,-0.005810821565709534,0.005810821565709534,Decreases failure risk
WF-000877,0,Pass,Low Risk,0.0347794256432422,0.250089518194109,0.749910481805891,9,sensor_060,1.89,-0.005223462415768829,0.005223462415768829,Decreases failure risk
WF-000877,0,Pass,Low Risk,0.0347794256432422,0.250089518194109,0.749910481805891,10,sensor_478,3.255,-0.005099778702987793,0.005099778702987793,Decreases failure risk
WF-000957,0,Pass,Low Risk,0.0297655372257082,0.3309649652413883,0.6690350347586117,1,sensor_104,-0.0111,-0.013555712189226212,0.013555712189226212,Decreases failure risk
WF-000957,0,Pass,Low Risk,0.0297655372257082,0.3309649652413883,0.6690350347586117,2,sensor_214,0.0143,-0.011190111044182847,0.011190111044182847,Decreases failure risk
WF-000957,0,Pass,Low Risk,0.0297655372257082,0.3309649652413883,0.6690350347586117,3,sensor_060,-2.1709,-0.00887385888087079,0.00887385888087079,Decreases failure risk
WF-000957,0,Pass,Low Risk,0.0297655372257082,0.3309649652413883,0.6690350347586117,4,sensor_352,0.0069,-0.007202960937082541,0.007202960937082541,Decreases failure risk
WF-000957,0,Pass,Low Risk,0.0297655372257082,0.3309649652413883,0.6690350347586117,5,sensor_130,-2.647,-0.00687713258199769,0.00687713258199769,Decreases failure risk
WF-000957,0,Pass,Low Risk,0.0297655372257082,0.3309649652413883,0.6690350347586117,6,sensor_206,6.06,-0.006114369580594809,0.006114369580594809,Decreases failure risk
WF-000957,0,Pass,Low Risk,0.0297655372257082,0.3309649652413883,0.6690350347586117,7,sensor_453,6.5282,-0.006062515855588405,0.006062515855588405,Decreases failure risk
WF-000957,0,Pass,Low Risk,0.0297655372257082,0.3309649652413883,0.6690350347586117,8,sensor_478,4.197,-0.005696513004345256,0.005696513004345256,Decreases failure risk
WF-000957,0,Pass,Low Risk,0.0297655372257082,0.3309649652413883,0.6690350347586117,9,sensor_434,817.1429,0.0054310680930615965,0.0054310680930615965,Increases failure risk
WF-000957,0,Pass,Low Risk,0.0297655372257082,0.3309649652413883,0.6690350347586117,10,sensor_424,39.1953,-0.005291365680037019,0.005291365680037019,Decreases failure risk
WF-001376,0,Pass,Engineering Review,0.0494496445804721,0.4499977177780502,0.5500022822219497,1,sensor_104,-0.0073,0.012787847499695826,0.012787847499695826,Increases failure risk
WF-001376,0,Pass,Engineering Review,0.0494496445804721,0.4499977177780502,0.5500022822219497,2,sensor_060,-3.1964,-0.008007005400226305,0.008007005400226305,Decreases failure risk
WF-001376,0,Pass,Engineering Review,0.0494496445804721,0.4499977177780502,0.5500022822219497,3,sensor_126,1.366,-0.007331607655387012,0.007331607655387012,Decreases failure risk
WF-001376,0,Pass,Engineering Review,0.0494496445804721,0.4499977177780502,0.5500022822219497,4,sensor_548,396.482,-0.006462725530300001,0.006462725530300001,Decreases failure risk
WF-001376,0,Pass,Engineering Review,0.0494496445804721,0.4499977177780502,0.5500022822219497,5,sensor_489,36.7188,0.006400447342740653,0.006400447342740653,Increases failure risk
WF-001376,0,Pass,Engineering Review,0.0494496445804721,0.4499977177780502,0.5500022822219497,6,sensor_206,6.62,-0.0060239488759715985,0.0060239488759715985,Decreases failure risk
WF-001376,0,Pass,Engineering Review,0.0494496445804721,0.4499977177780502,0.5500022822219497,7,sensor_201,13.8,-0.005282397421383305,0.005282397421383305,Decreases failure risk
WF-001376,0,Pass,Engineering Review,0.0494496445804721,0.4499977177780502,0.5500022822219497,8,sensor_203,4.315,-0.0050049474962502016,0.0050049474962502016,Decreases failure risk
WF-001376,0,Pass,Engineering Review,0.0494496445804721,0.4499977177780502,0.5500022822219497,9,sensor_478,4.4213,-0.004884535358145564,0.004884535358145564,Decreases failure risk
WF-001376,0,Pass,Engineering Review,0.0494496445804721,0.4499977177780502,0.5500022822219497,10,sensor_253,1.3747,-0.004699514778525417,0.004699514778525417,Decreases failure risk
WF-000713,0,Pass,Low Risk,0.017998145378469,0.4262656180604821,0.5737343819395179,1,sensor_034,8.4896,-0.017784381715062535,0.017784381715062535,Decreases failure risk
WF-000713,0,Pass,Low Risk,0.017998145378469,0.4262656180604821,0.5737343819395179,2,sensor_032,4.6768,-0.014092517244314146,0.014092517244314146,Decreases failure risk
WF-000713,0,Pass,Low Risk,0.017998145378469,0.4262656180604821,0.5737343819395179,3,sensor_104,-0.0101,-0.012775919950375244,0.012775919950375244,Decreases failure risk
WF-000713,0,Pass,Low Risk,0.017998145378469,0.4262656180604821,0.5737343819395179,4,sensor_317,6.9764,-0.006504935881523799,0.006504935881523799,Decreases failure risk
WF-000713,0,Pass,Low Risk,0.017998145378469,0.4262656180604821,0.5737343819395179,5,sensor_060,2.6218,-0.005711734868890679,0.005711734868890679,Decreases failure risk
WF-000713,0,Pass,Low Risk,0.017998145378469,0.4262656180604821,0.5737343819395179,6,sensor_065,17.3782,-0.004934887419177249,0.004934887419177249,Decreases failure risk
WF-000713,0,Pass,Low Risk,0.017998145378469,0.4262656180604821,0.5737343819395179,7,sensor_253,1.2486,-0.004820081928303476,0.004820081928303476,Decreases failure risk
WF-000713,0,Pass,Low Risk,0.017998145378469,0.4262656180604821,0.5737343819395179,8,sensor_478,5.5797,-0.004647768109635064,0.004647768109635064,Decreases failure risk
WF-000713,0,Pass,Low Risk,0.017998145378469,0.4262656180604821,0.5737343819395179,9,sensor_485,568.0934,-0.0045733606714203285,0.0045733606714203285,Decreases failure risk
WF-000713,0,Pass,Low Risk,0.017998145378469,0.4262656180604821,0.5737343819395179,10,sensor_424,41.0861,-0.004405913709286972,0.004405913709286972,Decreases failure risk
WF-000232,1,Fail,Engineering Review,0.0524209766877405,0.2943467490014416,0.7056532509985585,1,sensor_104,-0.0091,-0.011597626794299357,0.011597626794299357,Decreases failure risk
WF-000232,1,Fail,Engineering Review,0.0524209766877405,0.2943467490014416,0.7056532509985585,2,sensor_564,0.858,-0.00826571091114513,0.00826571091114513,Decreases failure risk
WF-000232,1,Fail,Engineering Review,0.0524209766877405,0.2943467490014416,0.7056532509985585,3,sensor_060,0.7582,-0.008077083404218028,0.008077083404218028,Decreases failure risk
WF-000232,1,Fail,Engineering Review,0.0524209766877405,0.2943467490014416,0.7056532509985585,4,sensor_153,0.966,0.006647957467561971,0.006647957467561971,Increases failure risk
WF-000232,1,Fail,Engineering Review,0.0524209766877405,0.2943467490014416,0.7056532509985585,5,sensor_206,10.2,0.005819345270779273,0.005819345270779273,Increases failure risk
WF-000232,1,Fail,Engineering Review,0.0524209766877405,0.2943467490014416,0.7056532509985585,6,sensor_184,16.048,-0.00557254518371115,0.00557254518371115,Decreases failure risk
WF-000232,1,Fail,Engineering Review,0.0524209766877405,0.2943467490014416,0.7056532509985585,7,sensor_578,23.3076,-0.005421772972604034,0.005421772972604034,Decreases failure risk
WF-000232,1,Fail,Engineering Review,0.0524209766877405,0.2943467490014416,0.7056532509985585,8,sensor_432,9.7436,-0.005254786785382747,0.005254786785382747,Decreases failure risk
WF-000232,1,Fail,Engineering Review,0.0524209766877405,0.2943467490014416,0.7056532509985585,9,sensor_034,9.219,0.0051130283538396845,0.0051130283538396845,Increases failure risk
WF-000232,1,Fail,Engineering Review,0.0524209766877405,0.2943467490014416,0.7056532509985585,10,sensor_201,13.27,-0.005023795363402582,0.005023795363402582,Decreases failure risk
WF-000570,0,Pass,Engineering Review,0.0470217662582769,0.3137165186043498,0.6862834813956502,1,sensor_032,4.6666,-0.014277308471157917,0.014277308471157917,Decreases failure risk
WF-000570,0,Pass,Engineering Review,0.0470217662582769,0.3137165186043498,0.6862834813956502,2,sensor_104,-0.0101,-0.010168479421514384,0.010168479421514384,Decreases failure risk
WF-000570,0,Pass,Engineering Review,0.0470217662582769,0.3137165186043498,0.6862834813956502,3,sensor_015,3.8595,0.0067853251920385,0.0067853251920385,Increases failure risk
WF-000570,0,Pass,Engineering Review,0.0470217662582769,0.3137165186043498,0.6862834813956502,4,sensor_082,0.0005,0.005501037279311229,0.005501037279311229,Increases failure risk
WF-000570,0,Pass,Engineering Review,0.0470217662582769,0.3137165186043498,0.6862834813956502,5,sensor_065,17.1382,-0.004718283467114941,0.004718283467114941,Decreases failure risk
WF-000570,0,Pass,Engineering Review,0.0470217662582769,0.3137165186043498,0.6862834813956502,6,sensor_282,0.0162,-0.004639710438264025,0.004639710438264025,Decreases failure risk
WF-000570,0,Pass,Engineering Review,0.0470217662582769,0.3137165186043498,0.6862834813956502,7,sensor_022,-6222.5,-0.004541701492589095,0.004541701492589095,Decreases failure risk
WF-000570,0,Pass,Engineering Review,0.0470217662582769,0.3137165186043498,0.6862834813956502,8,sensor_206,7.82,-0.004458446272293402,0.004458446272293402,Decreases failure risk
WF-000570,0,Pass,Engineering Review,0.0470217662582769,0.3137165186043498,0.6862834813956502,9,sensor_011,0.0167,0.004455749738852814,0.004455749738852814,Increases failure risk
WF-000570,0,Pass,Engineering Review,0.0470217662582769,0.3137165186043498,0.6862834813956502,10,sensor_478,5.1866,-0.004390356085416557,0.004390356085416557,Decreases failure risk
WF-001220,0,Pass,Engineering Review,0.0594824044989312,0.300184120962805,0.699815879037195,1,sensor_104,-0.0126,-0.015108379063277088,0.015108379063277088,Decreases failure risk
WF-001220,0,Pass,Engineering Review,0.0594824044989312,0.300184120962805,0.699815879037195,2,sensor_060,-1.4327,-0.00849532727883435,0.00849532727883435,Decreases failure risk
WF-001220,0,Pass,Engineering Review,0.0594824044989312,0.300184120962805,0.699815879037195,3,sensor_153,1.2092,0.007792963104546745,0.007792963104546745,Increases failure risk
WF-001220,0,Pass,Engineering Review,0.0594824044989312,0.300184120962805,0.699815879037195,4,sensor_520,14.0359,0.0061251249782342445,0.0061251249782342445,Increases failure risk
WF-001220,0,Pass,Engineering Review,0.0594824044989312,0.300184120962805,0.699815879037195,5,sensor_386,0.0161,0.006097952562463978,0.006097952562463978,Increases failure risk
WF-001220,0,Pass,Engineering Review,0.0594824044989312,0.300184120962805,0.699815879037195,6,sensor_389,16.9772,-0.006015311218199167,0.006015311218199167,Decreases failure risk
WF-001220,0,Pass,Engineering Review,0.0594824044989312,0.300184120962805,0.699815879037195,7,sensor_206,5.79,-0.005857767821210429,0.005857767821210429,Decreases failure risk
WF-001220,0,Pass,Engineering Review,0.0594824044989312,0.300184120962805,0.699815879037195,8,sensor_426,12.7932,0.005804287600834641,0.005804287600834641,Increases failure risk
WF-001220,0,Pass,Engineering Review,0.0594824044989312,0.300184120962805,0.699815879037195,9,sensor_130,-3.072,-0.00549355179285096,0.00549355179285096,Decreases failure risk
WF-001220,0,Pass,Engineering Review,0.0594824044989312,0.300184120962805,0.699815879037195,10,sensor_511,41.3519,-0.005298139753747636,0.005298139753747636,Decreases failure risk
WF-000869,0,Pass,Engineering Review,0.039247380070933,0.3751624804549761,0.6248375195450239,1,sensor_131,0.5952,-0.014234556474268432,0.014234556474268432,Decreases failure risk
WF-000869,0,Pass,Engineering Review,0.039247380070933,0.3751624804549761,0.6248375195450239,2,sensor_104,-0.0128,-0.014147983579773708,0.014147983579773708,Decreases failure risk
WF-000869,0,Pass,Engineering Review,0.039247380070933,0.3751624804549761,0.6248375195450239,3,sensor_060,-0.2227,-0.010859274929276646,0.010859274929276646,Decreases failure risk
WF-000869,0,Pass,Engineering Review,0.039247380070933,0.3751624804549761,0.6248375195450239,4,sensor_520,4.1108,-0.010254764027184279,0.010254764027184279,Decreases failure risk
WF-000869,0,Pass,Engineering Review,0.039247380070933,0.3751624804549761,0.6248375195450239,5,sensor_248,0.019,-0.010217186156411612,0.010217186156411612,Decreases failure risk
WF-000869,0,Pass,Engineering Review,0.039247380070933,0.3751624804549761,0.6248375195450239,6,sensor_126,1.824,-0.006903726182894502,0.006903726182894502,Decreases failure risk
WF-000869,0,Pass,Engineering Review,0.039247380070933,0.3751624804549761,0.6248375195450239,7,sensor_123,6.101,-0.005405341113726795,0.005405341113726795,Decreases failure risk
WF-000869,0,Pass,Engineering Review,0.039247380070933,0.3751624804549761,0.6248375195450239,8,sensor_478,4.4168,-0.005379018227863517,0.005379018227863517,Decreases failure risk
WF-000869,0,Pass,Engineering Review,0.039247380070933,0.3751624804549761,0.6248375195450239,9,sensor_153,1.1243,0.005186135876743969,0.005186135876743969,Increases failure risk
WF-000869,0,Pass,Engineering Review,0.039247380070933,0.3751624804549761,0.6248375195450239,10,sensor_206,6.39,-0.005128972457214799,0.005128972457214799,Decreases failure risk
WF-000770,0,Pass,High Risk,0.0823713437739898,0.2447612854295981,0.7552387145704018,1,sensor_104,-0.0028,0.014294408407409948,0.014294408407409948,Increases failure risk
WF-000770,0,Pass,High Risk,0.0823713437739898,0.2447612854295981,0.7552387145704018,2,sensor_214,0.0231,-0.011838480082499239,0.011838480082499239,Decreases failure risk
WF-000770,0,Pass,High Risk,0.0823713437739898,0.2447612854295981,0.7552387145704018,3,sensor_511,206.2222,0.011337457622100408,0.011337457622100408,Increases failure risk
WF-000770,0,Pass,High Risk,0.0823713437739898,0.2447612854295981,0.7552387145704018,4,sensor_352,0.0098,-0.009250315659072179,0.009250315659072179,Decreases failure risk
WF-000770,0,Pass,High Risk,0.0823713437739898,0.2447612854295981,0.7552387145704018,5,sensor_548,396.746,-0.007327500341022105,0.007327500341022105,Decreases failure risk
WF-000770,0,Pass,High Risk,0.0823713437739898,0.2447612854295981,0.7552387145704018,6,sensor_342,3.9223,0.0066464044688692835,0.0066464044688692835,Increases failure risk
WF-000770,0,Pass,High Risk,0.0823713437739898,0.2447612854295981,0.7552387145704018,7,sensor_281,0.0262,-0.005575928635213063,0.005575928635213063,Decreases failure risk
WF-000770,0,Pass,High Risk,0.0823713437739898,0.2447612854295981,0.7552387145704018,8,sensor_424,40.3551,-0.005112586886972477,0.005112586886972477,Decreases failure risk
WF-000770,0,Pass,High Risk,0.0823713437739898,0.2447612854295981,0.7552387145704018,9,sensor_432,97.4644,0.004799733815577791,0.004799733815577791,Increases failure risk
WF-000770,0,Pass,High Risk,0.0823713437739898,0.2447612854295981,0.7552387145704018,10,sensor_015,12.3975,-0.004755909051210236,0.004755909051210236,Decreases failure risk
WF-001255,1,Fail,High Risk,0.1017632844266154,0.3108319113952568,0.6891680886047432,1,sensor_520,4.5273,-0.008359050649205618,0.008359050649205618,Decreases failure risk
WF-001255,1,Fail,High Risk,0.1017632844266154,0.3108319113952568,0.6891680886047432,2,sensor_104,-0.009,-0.00817391159209229,0.00817391159209229,Decreases failure risk
WF-001255,1,Fail,High Risk,0.1017632844266154,0.3108319113952568,0.6891680886047432,3,sensor_133,2.212,0.007595420010637667,0.007595420010637667,Increases failure risk
WF-001255,1,Fail,High Risk,0.1017632844266154,0.3108319113952568,0.6891680886047432,4,sensor_511,33.2871,-0.007129197720676794,0.007129197720676794,Decreases failure risk
WF-001255,1,Fail,High Risk,0.1017632844266154,0.3108319113952568,0.6891680886047432,5,sensor_478,3.9965,-0.006004605609516307,0.006004605609516307,Decreases failure risk
WF-001255,1,Fail,High Risk,0.1017632844266154,0.3108319113952568,0.6891680886047432,6,sensor_248,0.0208,-0.005978454869466768,0.005978454869466768,Decreases failure risk
WF-001255,1,Fail,High Risk,0.1017632844266154,0.3108319113952568,0.6891680886047432,7,sensor_432,7.0189,-0.005954248102622224,0.005954248102622224,Decreases failure risk
WF-001255,1,Fail,High Risk,0.1017632844266154,0.3108319113952568,0.6891680886047432,8,sensor_489,0.0,0.005281712583152439,0.005281712583152439,Increases failure risk
WF-001255,1,Fail,High Risk,0.1017632844266154,0.3108319113952568,0.6891680886047432,9,sensor_296,97.6776,-0.004839078119158402,0.004839078119158402,Decreases failure risk
WF-001255,1,Fail,High Risk,0.1017632844266154,0.3108319113952568,0.6891680886047432,10,sensor_512,800.0,0.004349744614011303,0.004349744614011303,Increases failure risk
WF-000659,0,Pass,Low Risk,0.0342839994440544,0.3777420476457422,0.6222579523542577,1,sensor_104,-0.0091,-0.009991836142823285,0.009991836142823285,Decreases failure risk
WF-000659,0,Pass,Low Risk,0.0342839994440544,0.3777420476457422,0.6222579523542577,2,sensor_032,4.653,-0.008355760797705695,0.008355760797705695,Decreases failure risk
WF-000659,0,Pass,Low Risk,0.0342839994440544,0.3777420476457422,0.6222579523542577,3,sensor_060,-1.71,-0.008353213028801248,0.008353213028801248,Decreases failure risk
WF-000659,0,Pass,Low Risk,0.0342839994440544,0.3777420476457422,0.6222579523542577,4,sensor_424,114.3626,0.007145919982059811,0.007145919982059811,Increases failure risk
WF-000659,0,Pass,Low Risk,0.0342839994440544,0.3777420476457422,0.6222579523542577,5,sensor_059,4.4937,-0.0051994448525200365,0.0051994448525200365,Decreases failure risk
WF-000659,0,Pass,Low Risk,0.0342839994440544,0.3777420476457422,0.6222579523542577,6,sensor_470,3.8855,-0.005138822650005846,0.005138822650005846,Decreases failure risk
WF-000659,0,Pass,Low Risk,0.0342839994440544,0.3777420476457422,0.6222579523542577,7,sensor_447,0.8638,-0.004928263690929745,0.004928263690929745,Decreases failure risk
WF-000659,0,Pass,Low Risk,0.0342839994440544,0.3777420476457422,0.6222579523542577,8,sensor_511,38.4088,-0.004763831311971589,0.004763831311971589,Decreases failure risk
WF-000659,0,Pass,Low Risk,0.0342839994440544,0.3777420476457422,0.6222579523542577,9,sensor_489,57.8073,0.00457091196226937,0.00457091196226937,Increases failure risk
WF-000659,0,Pass,Low Risk,0.0342839994440544,0.3777420476457422,0.6222579523542577,10,sensor_015,11.8806,-0.004503573643731058,0.004503573643731058,Decreases failure risk
WF-001190,1,Fail,Low Risk,0.0269371623680153,0.3997627210835821,0.6002372789164179,1,sensor_034,8.2776,-0.019165261075444303,0.019165261075444303,Decreases failure risk
WF-001190,1,Fail,Low Risk,0.0269371623680153,0.3997627210835821,0.6002372789164179,2,sensor_214,0.0207,-0.014982192735473911,0.014982192735473911,Decreases failure risk
WF-001190,1,Fail,Low Risk,0.0269371623680153,0.3997627210835821,0.6002372789164179,3,sensor_104,-0.0128,-0.013295406119250579,0.013295406119250579,Decreases failure risk
WF-001190,1,Fail,Low Risk,0.0269371623680153,0.3997627210835821,0.6002372789164179,4,sensor_520,3.1799,-0.011074103911444106,0.011074103911444106,Decreases failure risk
WF-001190,1,Fail,Low Risk,0.0269371623680153,0.3997627210835821,0.6002372789164179,5,sensor_352,0.0088,-0.010232653908441254,0.010232653908441254,Decreases failure risk
WF-001190,1,Fail,Low Risk,0.0269371623680153,0.3997627210835821,0.6002372789164179,6,sensor_248,0.0147,-0.010035406571911794,0.010035406571911794,Decreases failure risk
WF-001190,1,Fail,Low Risk,0.0269371623680153,0.3997627210835821,0.6002372789164179,7,sensor_424,201.19,0.008879175856285918,0.008879175856285918,Increases failure risk
WF-001190,1,Fail,Low Risk,0.0269371623680153,0.3997627210835821,0.6002372789164179,8,sensor_029,74.4667,-0.008720983151268128,0.008720983151268128,Decreases failure risk
WF-001190,1,Fail,Low Risk,0.0269371623680153,0.3997627210835821,0.6002372789164179,9,sensor_130,-2.742,-0.006689241648660733,0.006689241648660733,Decreases failure risk
WF-001190,1,Fail,Low Risk,0.0269371623680153,0.3997627210835821,0.6002372789164179,10,sensor_153,1.2099,0.006322757069333609,0.006322757069333609,Increases failure risk
WF-000867,0,Pass,High Risk,0.1070555208950244,0.215814628663556,0.784185371336444,1,sensor_104,-0.0134,-0.013481543200456124,0.013481543200456124,Decreases failure risk
WF-000867,0,Pass,High Risk,0.1070555208950244,0.215814628663556,0.784185371336444,2,sensor_060,6.8491,0.010134751072342022,0.010134751072342022,Increases failure risk
WF-000867,0,Pass,High Risk,0.1070555208950244,0.215814628663556,0.784185371336444,3,sensor_511,21.6822,-0.00845182582897913,0.00845182582897913,Decreases failure risk
WF-000867,0,Pass,High Risk,0.1070555208950244,0.215814628663556,0.784185371336444,4,sensor_153,1.079,0.005120309342222798,0.005120309342222798,Increases failure risk
WF-000867,0,Pass,High Risk,0.1070555208950244,0.215814628663556,0.784185371336444,5,sensor_288,0.3155,0.004988660369406083,0.004988660369406083,Increases failure risk
WF-000867,0,Pass,High Risk,0.1070555208950244,0.215814628663556,0.784185371336444,6,sensor_478,4.3849,-0.004953588550127376,0.004953588550127376,Decreases failure risk
WF-000867,0,Pass,High Risk,0.1070555208950244,0.215814628663556,0.784185371336444,7,sensor_253,1.5123,-0.00469305384477689,0.00469305384477689,Decreases failure risk
WF-000867,0,Pass,High Risk,0.1070555208950244,0.215814628663556,0.784185371336444,8,sensor_034,9.0061,0.004625608813255407,0.004625608813255407,Increases failure risk
WF-000867,0,Pass,High Risk,0.1070555208950244,0.215814628663556,0.784185371336444,9,sensor_068,1.4373,0.0045439860381281194,0.0045439860381281194,Increases failure risk
WF-000867,0,Pass,High Risk,0.1070555208950244,0.215814628663556,0.784185371336444,10,sensor_103,-0.0733,0.0043659518316946574,0.0043659518316946574,Increases failure risk
WF-001050,0,Pass,Engineering Review,0.041453372249273,0.4163713865103184,0.5836286134896815,1,sensor_104,-0.013,-0.013340079213170718,0.013340079213170718,Decreases failure risk
WF-001050,0,Pass,Engineering Review,0.041453372249273,0.4163713865103184,0.5836286134896815,2,sensor_214,0.0262,-0.011909779742086643,0.011909779742086643,Decreases failure risk
WF-001050,0,Pass,Engineering Review,0.041453372249273,0.4163713865103184,0.5836286134896815,3,sensor_352,0.0108,-0.009302307093752293,0.009302307093752293,Decreases failure risk
WF-001050,0,Pass,Engineering Review,0.041453372249273,0.4163713865103184,0.5836286134896815,4,sensor_060,-0.2436,-0.008014764350302388,0.008014764350302388,Decreases failure risk
WF-001050,0,Pass,Engineering Review,0.041453372249273,0.4163713865103184,0.5836286134896815,5,sensor_432,4.3134,-0.006695474930174107,0.006695474930174107,Decreases failure risk
WF-001050,0,Pass,Engineering Review,0.041453372249273,0.4163713865103184,0.5836286134896815,6,sensor_511,45.4721,-0.005409113363207381,0.005409113363207381,Decreases failure risk
WF-001050,0,Pass,Engineering Review,0.041453372249273,0.4163713865103184,0.5836286134896815,7,sensor_470,4.3609,-0.005365524258763224,0.005365524258763224,Decreases failure risk
WF-001050,0,Pass,Engineering Review,0.041453372249273,0.4163713865103184,0.5836286134896815,8,sensor_342,3.151,0.005245642208046826,0.005245642208046826,Increases failure risk
WF-001050,0,Pass,Engineering Review,0.041453372249273,0.4163713865103184,0.5836286134896815,9,sensor_125,15.7,-0.004798979507232135,0.004798979507232135,Decreases failure risk
WF-001050,0,Pass,Engineering Review,0.041453372249273,0.4163713865103184,0.5836286134896815,10,sensor_548,399.066,-0.004630606294756153,0.004630606294756153,Decreases failure risk
WF-000940,0,Pass,Low Risk,0.0319485248093627,0.3872302017918184,0.6127697982081817,1,sensor_131,0.562,-0.015300668805920722,0.015300668805920722,Decreases failure risk
WF-000940,0,Pass,Low Risk,0.0319485248093627,0.3872302017918184,0.6127697982081817,2,sensor_104,-0.0102,-0.012869078477384692,0.012869078477384692,Decreases failure risk
WF-000940,0,Pass,Low Risk,0.0319485248093627,0.3872302017918184,0.6127697982081817,3,sensor_214,0.0266,-0.011836176891220018,0.011836176891220018,Decreases failure risk
WF-000940,0,Pass,Low Risk,0.0319485248093627,0.3872302017918184,0.6127697982081817,4,sensor_352,0.0139,-0.008746846531725838,0.008746846531725838,Decreases failure risk
WF-000940,0,Pass,Low Risk,0.0319485248093627,0.3872302017918184,0.6127697982081817,5,sensor_130,-3.025,-0.008725764163821707,0.008725764163821707,Decreases failure risk
WF-000940,0,Pass,Low Risk,0.0319485248093627,0.3872302017918184,0.6127697982081817,6,sensor_511,77.8325,0.007808163756191503,0.007808163756191503,Increases failure risk
WF-000940,0,Pass,Low Risk,0.0319485248093627,0.3872302017918184,0.6127697982081817,7,sensor_432,6.2255,-0.007507597089778983,0.007507597089778983,Decreases failure risk
WF-000940,0,Pass,Low Risk,0.0319485248093627,0.3872302017918184,0.6127697982081817,8,sensor_126,1.801,-0.007401989581068132,0.007401989581068132,Decreases failure risk
WF-000940,0,Pass,Low Risk,0.0319485248093627,0.3872302017918184,0.6127697982081817,9,sensor_386,0.0158,0.007077207099103949,0.007077207099103949,Increases failure risk
WF-000940,0,Pass,Low Risk,0.0319485248093627,0.3872302017918184,0.6127697982081817,10,sensor_060,1.7082,-0.006604542354426999,0.006604542354426999,Decreases failure risk
WF-000536,0,Pass,Engineering Review,0.0625372168080231,0.4111796620541439,0.5888203379458561,1,sensor_104,-0.0114,-0.014472882002568781,0.014472882002568781,Decreases failure risk
WF-000536,0,Pass,Engineering Review,0.0625372168080231,0.4111796620541439,0.5888203379458561,2,sensor_478,9.1637,0.012208950147574768,0.012208950147574768,Increases failure risk
WF-000536,0,Pass,Engineering Review,0.0625372168080231,0.4111796620541439,0.5888203379458561,3,sensor_248,0.0148,-0.010451791647580323,0.010451791647580323,Decreases failure risk
WF-000536,0,Pass,Engineering Review,0.0625372168080231,0.4111796620541439,0.5888203379458561,4,sensor_206,13.57,0.008857705927332721,0.008857705927332721,Increases failure risk
WF-000536,0,Pass,Engineering Review,0.0625372168080231,0.4111796620541439,0.5888203379458561,5,sensor_520,3.2071,-0.008556790741809183,0.008556790741809183,Decreases failure risk
WF-000536,0,Pass,Engineering Review,0.0625372168080231,0.4111796620541439,0.5888203379458561,6,sensor_352,0.0147,-0.0068143569962013555,0.0068143569962013555,Decreases failure risk
WF-000536,0,Pass,Engineering Review,0.0625372168080231,0.4111796620541439,0.5888203379458561,7,sensor_342,3.6258,0.006614508023906173,0.006614508023906173,Increases failure risk
WF-000536,0,Pass,Engineering Review,0.0625372168080231,0.4111796620541439,0.5888203379458561,8,sensor_214,0.0314,-0.006381741483668875,0.006381741483668875,Decreases failure risk
WF-000536,0,Pass,Engineering Review,0.0625372168080231,0.4111796620541439,0.5888203379458561,9,sensor_432,75.0249,0.00562336944958529,0.00562336944958529,Increases failure risk
WF-000536,0,Pass,Engineering Review,0.0625372168080231,0.4111796620541439,0.5888203379458561,10,sensor_511,37.8022,-0.005210054466213463,0.005210054466213463,Decreases failure risk
WF-000546,0,Pass,Engineering Review,0.0387746331375065,0.3485351562965452,0.6514648437034548,1,sensor_032,4.6684,-0.014223558485926794,0.014223558485926794,Decreases failure risk
WF-000546,0,Pass,Engineering Review,0.0387746331375065,0.3485351562965452,0.6514648437034548,2,sensor_104,-0.0114,-0.014058997798342047,0.014058997798342047,Decreases failure risk
WF-000546,0,Pass,Engineering Review,0.0387746331375065,0.3485351562965452,0.6514648437034548,3,sensor_034,8.5135,-0.011363518401159631,0.011363518401159631,Decreases failure risk
WF-000546,0,Pass,Engineering Review,0.0387746331375065,0.3485351562965452,0.6514648437034548,4,sensor_060,-0.7845,-0.007620498699000866,0.007620498699000866,Decreases failure risk
WF-000546,0,Pass,Engineering Review,0.0387746331375065,0.3485351562965452,0.6514648437034548,5,sensor_352,0.015,-0.007377007949521329,0.007377007949521329,Decreases failure risk
WF-000546,0,Pass,Engineering Review,0.0387746331375065,0.3485351562965452,0.6514648437034548,6,sensor_126,1.399,-0.006919534685303121,0.006919534685303121,Decreases failure risk
WF-000546,0,Pass,Engineering Review,0.0387746331375065,0.3485351562965452,0.6514648437034548,7,sensor_389,18.8357,-0.006320119807938924,0.006320119807938924,Decreases failure risk
WF-000546,0,Pass,Engineering Review,0.0387746331375065,0.3485351562965452,0.6514648437034548,8,sensor_127,2.471,-0.005150529421899643,0.005150529421899643,Decreases failure risk
WF-000546,0,Pass,Engineering Review,0.0387746331375065,0.3485351562965452,0.6514648437034548,9,sensor_317,4.7145,0.005054759236714488,0.005054759236714488,Increases failure risk
WF-000546,0,Pass,Engineering Review,0.0387746331375065,0.3485351562965452,0.6514648437034548,10,sensor_461,14.8615,-0.004750253965938135,0.004750253965938135,Decreases failure risk
WF-000628,0,Pass,Engineering Review,0.0463148261190744,0.3493846219653509,0.6506153780346491,1,sensor_060,-1.7327,-0.010514660234674744,0.010514660234674744,Decreases failure risk
WF-000628,0,Pass,Engineering Review,0.0463148261190744,0.3493846219653509,0.6506153780346491,2,sensor_153,1.0615,0.0049398894622584505,0.0049398894622584505,Increases failure risk
WF-000628,0,Pass,Engineering Review,0.0463148261190744,0.3493846219653509,0.6506153780346491,3,sensor_432,11.2895,-0.0048942265957814535,0.0048942265957814535,Decreases failure risk
WF-000628,0,Pass,Engineering Review,0.0463148261190744,0.3493846219653509,0.6506153780346491,4,sensor_426,11.8462,0.004424465103549594,0.004424465103549594,Increases failure risk
WF-000628,0,Pass,Engineering Review,0.0463148261190744,0.3493846219653509,0.6506153780346491,5,sensor_461,10.8071,-0.004401424900709025,0.004401424900709025,Decreases failure risk
WF-000628,0,Pass,Engineering Review,0.0463148261190744,0.3493846219653509,0.6506153780346491,6,sensor_065,21.7327,-0.004178005203368106,0.004178005203368106,Decreases failure risk
WF-000628,0,Pass,Engineering Review,0.0463148261190744,0.3493846219653509,0.6506153780346491,7,sensor_342,2.0889,-0.003829599506975954,0.003829599506975954,Decreases failure risk
WF-000628,0,Pass,Engineering Review,0.0463148261190744,0.3493846219653509,0.6506153780346491,8,sensor_511,70.4545,0.0036128394986196135,0.0036128394986196135,Increases failure risk
WF-000628,0,Pass,Engineering Review,0.0463148261190744,0.3493846219653509,0.6506153780346491,9,sensor_589,0.0114,0.0036078763148959195,0.0036078763148959195,Increases failure risk
WF-000628,0,Pass,Engineering Review,0.0463148261190744,0.3493846219653509,0.6506153780346491,10,sensor_103,-0.0458,0.0034828731488130136,0.0034828731488130136,Increases failure risk
WF-000019,0,Pass,High Risk,0.0933540879499722,0.2587157052241994,0.7412842947758005,1,sensor_104,-0.0052,0.015175567320150596,0.015175567320150596,Increases failure risk
WF-000019,0,Pass,High Risk,0.0933540879499722,0.2587157052241994,0.7412842947758005,2,sensor_511,102.9126,0.011662902411764651,0.011662902411764651,Increases failure risk
WF-000019,0,Pass,High Risk,0.0933540879499722,0.2587157052241994,0.7412842947758005,3,sensor_060,0.4836,-0.0075841105455414694,0.0075841105455414694,Decreases failure risk
WF-000019,0,Pass,High Risk,0.0933540879499722,0.2587157052241994,0.7412842947758005,4,sensor_181,22.15,-0.006767534582258467,0.006767534582258467,Decreases failure risk
WF-000019,0,Pass,High Risk,0.0933540879499722,0.2587157052241994,0.7412842947758005,5,sensor_317,6.8608,-0.005994407041873468,0.005994407041873468,Decreases failure risk
WF-000019,0,Pass,High Risk,0.0933540879499722,0.2587157052241994,0.7412842947758005,6,sensor_478,3.9691,-0.00579864304804991,0.00579864304804991,Decreases failure risk
WF-000019,0,Pass,High Risk,0.0933540879499722,0.2587157052241994,0.7412842947758005,7,sensor_206,5.95,-0.005680208298681235,0.005680208298681235,Decreases failure risk
WF-000019,0,Pass,High Risk,0.0933540879499722,0.2587157052241994,0.7412842947758005,8,sensor_282,0.0162,-0.004508417256346331,0.004508417256346331,Decreases failure risk
WF-000019,0,Pass,High Risk,0.0933540879499722,0.2587157052241994,0.7412842947758005,9,sensor_378,0.0019,-0.00407093575789834,0.00407093575789834,Decreases failure risk
WF-000019,0,Pass,High Risk,0.0933540879499722,0.2587157052241994,0.7412842947758005,10,sensor_342,1.8126,-0.004002479501894052,0.004002479501894052,Decreases failure risk
WF-000239,1,Fail,High Risk,0.3250012272911497,0.3127861614453524,0.6872138385546476,1,sensor_104,-0.0035,0.019911560944019198,0.019911560944019198,Increases failure risk
WF-000239,1,Fail,High Risk,0.3250012272911497,0.3127861614453524,0.6872138385546476,2,sensor_032,4.6521,-0.013567542308168817,0.013567542308168817,Decreases failure risk
WF-000239,1,Fail,High Risk,0.3250012272911497,0.3127861614453524,0.6872138385546476,3,sensor_060,8.9764,0.011962002151886478,0.011962002151886478,Increases failure risk
WF-000239,1,Fail,High Risk,0.3250012272911497,0.3127861614453524,0.6872138385546476,4,sensor_478,10.1224,0.011143653539483243,0.011143653539483243,Increases failure risk
WF-000239,1,Fail,High Risk,0.3250012272911497,0.3127861614453524,0.6872138385546476,5,sensor_065,31.0236,0.011099961597597787,0.011099961597597787,Increases failure risk
WF-000239,1,Fail,High Risk,0.3250012272911497,0.3127861614453524,0.6872138385546476,6,sensor_066,39.7661,0.009622424654633569,0.009622424654633569,Increases failure risk
WF-000239,1,Fail,High Risk,0.3250012272911497,0.3127861614453524,0.6872138385546476,7,sensor_206,15.27,0.008941385881489168,0.008941385881489168,Increases failure risk
WF-000239,1,Fail,High Risk,0.3250012272911497,0.3127861614453524,0.6872138385546476,8,sensor_511,129.4964,0.00884182970053713,0.00884182970053713,Increases failure risk
WF-000239,1,Fail,High Risk,0.3250012272911497,0.3127861614453524,0.6872138385546476,9,sensor_342,4.1887,0.008353229752540691,0.008353229752540691,Increases failure risk
WF-000239,1,Fail,High Risk,0.3250012272911497,0.3127861614453524,0.6872138385546476,10,sensor_064,25.2836,0.0065267684016991,0.0065267684016991,Increases failure risk
WF-001352,0,Pass,Low Risk,0.0243545580369474,0.3882031531772644,0.6117968468227356,1,sensor_034,8.2061,-0.018142711830189916,0.018142711830189916,Decreases failure risk
WF-001352,0,Pass,Low Risk,0.0243545580369474,0.3882031531772644,0.6117968468227356,2,sensor_104,-0.0119,-0.017122884153142708,0.017122884153142708,Decreases failure risk
WF-001352,0,Pass,Low Risk,0.0243545580369474,0.3882031531772644,0.6117968468227356,3,sensor_060,-1.7818,-0.008239061727074155,0.008239061727074155,Decreases failure risk
WF-001352,0,Pass,Low Risk,0.0243545580369474,0.3882031531772644,0.6117968468227356,4,sensor_029,76.3778,-0.008170091612351047,0.008170091612351047,Decreases failure risk
WF-001352,0,Pass,Low Risk,0.0243545580369474,0.3882031531772644,0.6117968468227356,5,sensor_478,4.0694,-0.006571636154380934,0.006571636154380934,Decreases failure risk
WF-001352,0,Pass,Low Risk,0.0243545580369474,0.3882031531772644,0.6117968468227356,6,sensor_511,21.8258,-0.0064310801208834,0.0064310801208834,Decreases failure risk
WF-001352,0,Pass,Low Risk,0.0243545580369474,0.3882031531772644,0.6117968468227356,7,sensor_317,7.3056,-0.006281273629859186,0.006281273629859186,Decreases failure risk
WF-001352,0,Pass,Low Risk,0.0243545580369474,0.3882031531772644,0.6117968468227356,8,sensor_181,22.98,-0.005723481599534905,0.005723481599534905,Decreases failure risk
WF-001352,0,Pass,Low Risk,0.0243545580369474,0.3882031531772644,0.6117968468227356,9,sensor_206,6.02,-0.005020624793205479,0.005020624793205479,Decreases failure risk
WF-001352,0,Pass,Low Risk,0.0243545580369474,0.3882031531772644,0.6117968468227356,10,sensor_130,1.655,0.004961160656243097,0.004961160656243097,Increases failure risk
WF-001246,0,Pass,Engineering Review,0.0496106000647048,0.3163996863058949,0.6836003136941051,1,sensor_104,-0.0136,-0.012962693577026166,0.012962693577026166,Decreases failure risk
WF-001246,0,Pass,Engineering Review,0.0496106000647048,0.3163996863058949,0.6836003136941051,2,sensor_520,3.9422,-0.009412386579169386,0.009412386579169386,Decreases failure risk
WF-001246,0,Pass,Engineering Review,0.0496106000647048,0.3163996863058949,0.6836003136941051,3,sensor_248,0.0183,-0.008908651510917822,0.008908651510917822,Decreases failure risk
WF-001246,0,Pass,Engineering Review,0.0496106000647048,0.3163996863058949,0.6836003136941051,4,sensor_511,27.1311,-0.008658568945269672,0.008658568945269672,Decreases failure risk
WF-001246,0,Pass,Engineering Review,0.0496106000647048,0.3163996863058949,0.6836003136941051,5,sensor_282,0.0194,-0.006254190714368726,0.006254190714368726,Decreases failure risk
WF-001246,0,Pass,Engineering Review,0.0496106000647048,0.3163996863058949,0.6836003136941051,6,sensor_317,7.259,-0.006095799965594471,0.006095799965594471,Decreases failure risk
WF-001246,0,Pass,Engineering Review,0.0496106000647048,0.3163996863058949,0.6836003136941051,7,sensor_476,5.2656,0.005586726511559967,0.005586726511559967,Increases failure risk
WF-001246,0,Pass,Engineering Review,0.0496106000647048,0.3163996863058949,0.6836003136941051,8,sensor_147,0.0727,-0.004935721724540551,0.004935721724540551,Decreases failure risk
WF-001246,0,Pass,Engineering Review,0.0496106000647048,0.3163996863058949,0.6836003136941051,9,sensor_453,6.5757,-0.004698312040822461,0.004698312040822461,Decreases failure risk
WF-001246,0,Pass,Engineering Review,0.0496106000647048,0.3163996863058949,0.6836003136941051,10,sensor_015,5.8585,0.004622096842863285,0.004622096842863285,Increases failure risk
WF-001553,0,Pass,Engineering Review,0.0589889272315011,0.3031095555369578,0.6968904444630422,1,sensor_034,8.1605,-0.016187711070367285,0.016187711070367285,Decreases failure risk
WF-001553,0,Pass,Engineering Review,0.0589889272315011,0.3031095555369578,0.6968904444630422,2,sensor_032,4.7246,-0.011099632657829255,0.011099632657829255,Decreases failure risk
WF-001553,0,Pass,Engineering Review,0.0589889272315011,0.3031095555369578,0.6968904444630422,3,sensor_424,149.1686,0.009238554863325222,0.009238554863325222,Increases failure risk
WF-001553,0,Pass,Engineering Review,0.0589889272315011,0.3031095555369578,0.6968904444630422,4,sensor_104,-0.0107,-0.007375463955323352,0.007375463955323352,Decreases failure risk
WF-001553,0,Pass,Engineering Review,0.0589889272315011,0.3031095555369578,0.6968904444630422,5,sensor_476,5.3288,0.006648511624939368,0.006648511624939368,Increases failure risk
WF-001553,0,Pass,Engineering Review,0.0589889272315011,0.3031095555369578,0.6968904444630422,6,sensor_181,23.55,-0.006279948182740959,0.006279948182740959,Decreases failure risk
WF-001553,0,Pass,Engineering Review,0.0589889272315011,0.3031095555369578,0.6968904444630422,7,sensor_432,2.0605,-0.005620426634586474,0.005620426634586474,Decreases failure risk
WF-001553,0,Pass,Engineering Review,0.0589889272315011,0.3031095555369578,0.6968904444630422,8,sensor_317,7.4274,-0.005512205391331283,0.005512205391331283,Decreases failure risk
WF-001553,0,Pass,Engineering Review,0.0589889272315011,0.3031095555369578,0.6968904444630422,9,sensor_281,0.0277,-0.005392883649362536,0.005392883649362536,Decreases failure risk
WF-001553,0,Pass,Engineering Review,0.0589889272315011,0.3031095555369578,0.6968904444630422,10,sensor_153,1.0377,0.004847423717978953,0.004847423717978953,Increases failure risk
WF-001432,0,Pass,Engineering Review,0.0381043993429214,0.4499336147056944,0.5500663852943055,1,sensor_104,-0.0114,-0.013518460669716405,0.013518460669716405,Decreases failure risk
WF-001432,0,Pass,Engineering Review,0.0381043993429214,0.4499336147056944,0.5500663852943055,2,sensor_060,-5.7373,-0.009077105319352002,0.009077105319352002,Decreases failure risk
WF-001432,0,Pass,Engineering Review,0.0381043993429214,0.4499336147056944,0.5500663852943055,3,sensor_489,0.0,0.0063056362944832,0.0063056362944832,Increases failure risk
WF-001432,0,Pass,Engineering Review,0.0381043993429214,0.4499336147056944,0.5500663852943055,4,sensor_317,6.9035,-0.005948330434038719,0.005948330434038719,Decreases failure risk
WF-001432,0,Pass,Engineering Review,0.0381043993429214,0.4499336147056944,0.5500663852943055,5,sensor_034,9.9095,0.0054660542217355446,0.0054660542217355446,Increases failure risk
WF-001432,0,Pass,Engineering Review,0.0381043993429214,0.4499336147056944,0.5500663852943055,6,sensor_065,25.7373,0.0047596779477789486,0.0047596779477789486,Increases failure risk
WF-001432,0,Pass,Engineering Review,0.0381043993429214,0.4499336147056944,0.5500663852943055,7,sensor_122,15.7,-0.004656146484779824,0.004656146484779824,Decreases failure risk
WF-001432,0,Pass,Engineering Review,0.0381043993429214,0.4499336147056944,0.5500663852943055,8,sensor_125,15.71,-0.004517612532713988,0.004517612532713988,Decreases failure risk
WF-001432,0,Pass,Engineering Review,0.0381043993429214,0.4499336147056944,0.5500663852943055,9,sensor_057,0.9175,-0.004485495854321832,0.004485495854321832,Decreases failure risk
WF-001432,0,Pass,Engineering Review,0.0381043993429214,0.4499336147056944,0.5500663852943055,10,sensor_511,44.8845,-0.004410871318770387,0.004410871318770387,Decreases failure risk
WF-000699,0,Pass,Engineering Review,0.047695357261218,0.2614421896775487,0.7385578103224513,1,sensor_104,-0.0099,-0.00930702743055125,0.00930702743055125,Decreases failure risk
WF-000699,0,Pass,Engineering Review,0.047695357261218,0.2614421896775487,0.7385578103224513,2,sensor_248,0.0113,-0.008938509536040865,0.008938509536040865,Decreases failure risk
WF-000699,0,Pass,Engineering Review,0.047695357261218,0.2614421896775487,0.7385578103224513,3,sensor_520,2.4363,-0.008611173586241829,0.008611173586241829,Decreases failure risk
WF-000699,0,Pass,Engineering Review,0.047695357261218,0.2614421896775487,0.7385578103224513,4,sensor_424,112.6727,0.006865084712339855,0.006865084712339855,Increases failure risk
WF-000699,0,Pass,Engineering Review,0.047695357261218,0.2614421896775487,0.7385578103224513,5,sensor_201,11.62,-0.006470743801101967,0.006470743801101967,Decreases failure risk
WF-000699,0,Pass,Engineering Review,0.047695357261218,0.2614421896775487,0.7385578103224513,6,sensor_181,23.22,-0.005713738655802366,0.005713738655802366,Decreases failure risk
WF-000699,0,Pass,Engineering Review,0.047695357261218,0.2614421896775487,0.7385578103224513,7,sensor_548,392.052,-0.005665293330695502,0.005665293330695502,Decreases failure risk
WF-000699,0,Pass,Engineering Review,0.047695357261218,0.2614421896775487,0.7385578103224513,8,sensor_015,12.1786,-0.0055326139557485415,0.0055326139557485415,Decreases failure risk
WF-000699,0,Pass,Engineering Review,0.047695357261218,0.2614421896775487,0.7385578103224513,9,sensor_282,0.0189,-0.005519282685414852,0.005519282685414852,Decreases failure risk
WF-000699,0,Pass,Engineering Review,0.047695357261218,0.2614421896775487,0.7385578103224513,10,sensor_386,0.0032,-0.005263048111648564,0.005263048111648564,Decreases failure risk
WF-000026,0,Pass,High Risk,0.1022168043439557,0.1531403631459027,0.8468596368540973,1,sensor_214,0.0213,-0.012701042831863019,0.012701042831863019,Decreases failure risk
WF-000026,0,Pass,High Risk,0.1022168043439557,0.1531403631459027,0.8468596368540973,2,sensor_104,-0.0071,0.011888148906364695,0.011888148906364695,Increases failure risk
WF-000026,0,Pass,High Risk,0.1022168043439557,0.1531403631459027,0.8468596368540973,3,sensor_352,0.0093,-0.008030237183471418,0.008030237183471418,Decreases failure risk
WF-000026,0,Pass,High Risk,0.1022168043439557,0.1531403631459027,0.8468596368540973,4,sensor_282,0.0199,-0.006081597672518762,0.006081597672518762,Decreases failure risk
WF-000026,0,Pass,High Risk,0.1022168043439557,0.1531403631459027,0.8468596368540973,5,sensor_147,0.0815,-0.005755295818040877,0.005755295818040877,Decreases failure risk
WF-000026,0,Pass,High Risk,0.1022168043439557,0.1531403631459027,0.8468596368540973,6,sensor_470,4.5767,-0.005427945479229344,0.005427945479229344,Decreases failure risk
WF-000026,0,Pass,High Risk,0.1022168043439557,0.1531403631459027,0.8468596368540973,7,sensor_480,1.8404,-0.005417362285073241,0.005417362285073241,Decreases failure risk
WF-000026,0,Pass,High Risk,0.1022168043439557,0.1531403631459027,0.8468596368540973,8,sensor_020,12.4222,-0.00531613862782088,0.00531613862782088,Decreases failure risk
WF-000026,0,Pass,High Risk,0.1022168043439557,0.1531403631459027,0.8468596368540973,9,sensor_201,11.35,-0.004686537065055093,0.004686537065055093,Decreases failure risk
WF-000026,0,Pass,High Risk,0.1022168043439557,0.1531403631459027,0.8468596368540973,10,sensor_334,4.6076,-0.0046393027240130245,0.0046393027240130245,Decreases failure risk
WF-001378,0,Pass,Engineering Review,0.0420455109646044,0.4464688315967339,0.5535311684032661,1,sensor_104,-0.0124,-0.014534565618270642,0.014534565618270642,Decreases failure risk
WF-001378,0,Pass,Engineering Review,0.0420455109646044,0.4464688315967339,0.5535311684032661,2,sensor_060,8.9964,0.011376627244047241,0.011376627244047241,Increases failure risk
WF-001378,0,Pass,Engineering Review,0.0420455109646044,0.4464688315967339,0.5535311684032661,3,sensor_520,4.4113,-0.008741699925050929,0.008741699925050929,Decreases failure risk
WF-001378,0,Pass,Engineering Review,0.0420455109646044,0.4464688315967339,0.5535311684032661,4,sensor_131,0.6676,-0.007528142123345901,0.007528142123345901,Decreases failure risk
WF-001378,0,Pass,Engineering Review,0.0420455109646044,0.4464688315967339,0.5535311684032661,5,sensor_248,0.0203,-0.006872235808991952,0.006872235808991952,Decreases failure risk
WF-001378,0,Pass,Engineering Review,0.0420455109646044,0.4464688315967339,0.5535311684032661,6,sensor_029,74.9778,-0.006711465639519801,0.006711465639519801,Decreases failure risk
WF-001378,0,Pass,Engineering Review,0.0420455109646044,0.4464688315967339,0.5535311684032661,7,sensor_511,35.4481,-0.006047164614919799,0.006047164614919799,Decreases failure risk
WF-001378,0,Pass,Engineering Review,0.0420455109646044,0.4464688315967339,0.5535311684032661,8,sensor_424,128.0022,0.005963304783995792,0.005963304783995792,Increases failure risk
WF-001378,0,Pass,Engineering Review,0.0420455109646044,0.4464688315967339,0.5535311684032661,9,sensor_317,6.9415,-0.0058934925625046455,0.0058934925625046455,Decreases failure risk
WF-001378,0,Pass,Engineering Review,0.0420455109646044,0.4464688315967339,0.5535311684032661,10,sensor_206,10.59,0.005512025355409676,0.005512025355409676,Increases failure risk
WF-000631,0,Pass,Engineering Review,0.0671575177307038,0.3225573472489067,0.6774426527510933,1,sensor_104,-0.008,0.01047548489998309,0.01047548489998309,Increases failure risk
WF-000631,0,Pass,Engineering Review,0.0671575177307038,0.3225573472489067,0.6774426527510933,2,sensor_060,-1.0082,-0.009309326080080121,0.009309326080080121,Decreases failure risk
WF-000631,0,Pass,Engineering Review,0.0671575177307038,0.3225573472489067,0.6774426527510933,3,sensor_342,0.8836,-0.006380167765819882,0.006380167765819882,Decreases failure risk
WF-000631,0,Pass,Engineering Review,0.0671575177307038,0.3225573472489067,0.6774426527510933,4,sensor_478,2.2394,-0.005950647744121672,0.005950647744121672,Decreases failure risk
WF-000631,0,Pass,Engineering Review,0.0671575177307038,0.3225573472489067,0.6774426527510933,5,sensor_206,3.09,-0.005891334517895036,0.005891334517895036,Decreases failure risk
WF-000631,0,Pass,Engineering Review,0.0671575177307038,0.3225573472489067,0.6774426527510933,6,sensor_064,24.5027,0.0056696772914522015,0.0056696772914522015,Increases failure risk
WF-000631,0,Pass,Engineering Review,0.0671575177307038,0.3225573472489067,0.6774426527510933,7,sensor_282,0.0189,-0.005138350304391088,0.005138350304391088,Decreases failure risk
WF-000631,0,Pass,Engineering Review,0.0671575177307038,0.3225573472489067,0.6774426527510933,8,sensor_153,1.0228,0.004861627992911166,0.004861627992911166,Increases failure risk
WF-000631,0,Pass,Engineering Review,0.0671575177307038,0.3225573472489067,0.6774426527510933,9,sensor_281,0.0278,-0.004708571547295459,0.004708571547295459,Decreases failure risk
WF-000631,0,Pass,Engineering Review,0.0671575177307038,0.3225573472489067,0.6774426527510933,10,sensor_022,-6630.25,-0.00452180746328314,0.00452180746328314,Decreases failure risk
WF-001238,0,Pass,Engineering Review,0.0471455622287035,0.3243291841309585,0.6756708158690414,1,sensor_104,-0.0071,0.011913180445290595,0.011913180445290595,Increases failure risk
WF-001238,0,Pass,Engineering Review,0.0471455622287035,0.3243291841309585,0.6756708158690414,2,sensor_214,0.027,-0.010628548444756959,0.010628548444756959,Decreases failure risk
WF-001238,0,Pass,Engineering Review,0.0471455622287035,0.3243291841309585,0.6756708158690414,3,sensor_060,-0.3955,-0.0080667079035817,0.0080667079035817,Decreases failure risk
WF-001238,0,Pass,Engineering Review,0.0471455622287035,0.3243291841309585,0.6756708158690414,4,sensor_352,0.0124,-0.007244853107064086,0.007244853107064086,Decreases failure risk
WF-001238,0,Pass,Engineering Review,0.0471455622287035,0.3243291841309585,0.6756708158690414,5,sensor_342,2.1601,-0.005290347599216901,0.005290347599216901,Decreases failure risk
WF-001238,0,Pass,Engineering Review,0.0471455622287035,0.3243291841309585,0.6756708158690414,6,sensor_578,70.1626,-0.005055473475119832,0.005055473475119832,Decreases failure risk
WF-001238,0,Pass,Engineering Review,0.0471455622287035,0.3243291841309585,0.6756708158690414,7,sensor_548,388.152,-0.004682292053348968,0.004682292053348968,Decreases failure risk
WF-001238,0,Pass,Engineering Review,0.0471455622287035,0.3243291841309585,0.6756708158690414,8,sensor_418,12.4793,-0.004446534618263369,0.004446534618263369,Decreases failure risk
WF-001238,0,Pass,Engineering Review,0.0471455622287035,0.3243291841309585,0.6756708158690414,9,sensor_206,7.82,-0.004261758906990729,0.004261758906990729,Decreases failure risk
WF-001238,0,Pass,Engineering Review,0.0471455622287035,0.3243291841309585,0.6756708158690414,10,sensor_181,14.87,0.004091778622281582,0.004091778622281582,Increases failure risk
WF-000443,0,Pass,Engineering Review,0.070261084641459,0.402114278364885,0.597885721635115,1,sensor_248,0.0158,-0.00835956895672562,0.00835956895672562,Decreases failure risk
WF-000443,0,Pass,Engineering Review,0.070261084641459,0.402114278364885,0.597885721635115,2,sensor_104,-0.0089,-0.007492437387038918,0.007492437387038918,Decreases failure risk
WF-000443,0,Pass,Engineering Review,0.070261084641459,0.402114278364885,0.597885721635115,3,sensor_065,27.1564,0.007458356747732856,0.007458356747732856,Increases failure risk
WF-000443,0,Pass,Engineering Review,0.070261084641459,0.402114278364885,0.597885721635115,4,sensor_060,-7.1564,-0.0073474828908999396,0.0073474828908999396,Decreases failure risk
WF-000443,0,Pass,Engineering Review,0.070261084641459,0.402114278364885,0.597885721635115,5,sensor_520,3.4174,-0.007203256746716857,0.007203256746716857,Decreases failure risk
WF-000443,0,Pass,Engineering Review,0.070261084641459,0.402114278364885,0.597885721635115,6,sensor_201,11.45,-0.006322937411629949,0.006322937411629949,Decreases failure risk
WF-000443,0,Pass,Engineering Review,0.070261084641459,0.402114278364885,0.597885721635115,7,sensor_206,12.11,0.005867875088874819,0.005867875088874819,Increases failure risk
WF-000443,0,Pass,Engineering Review,0.070261084641459,0.402114278364885,0.597885721635115,8,sensor_386,0.0046,-0.005597359923378892,0.005597359923378892,Decreases failure risk
WF-000443,0,Pass,Engineering Review,0.070261084641459,0.402114278364885,0.597885721635115,9,sensor_480,1.917,-0.005091687891903116,0.005091687891903116,Decreases failure risk
WF-000443,0,Pass,Engineering Review,0.070261084641459,0.402114278364885,0.597885721635115,10,sensor_317,4.9289,0.004983632143429283,0.004983632143429283,Increases failure risk
WF-000838,0,Pass,Low Risk,0.0318797060998321,0.3823936801169719,0.6176063198830282,1,sensor_034,8.3179,-0.01963332563882045,0.01963332563882045,Decreases failure risk
WF-000838,0,Pass,Low Risk,0.0318797060998321,0.3823936801169719,0.6176063198830282,2,sensor_104,-0.0104,-0.01410095827479482,0.01410095827479482,Decreases failure risk
WF-000838,0,Pass,Low Risk,0.0318797060998321,0.3823936801169719,0.6176063198830282,3,sensor_511,28.8462,-0.00696414157141419,0.00696414157141419,Decreases failure risk
WF-000838,0,Pass,Low Risk,0.0318797060998321,0.3823936801169719,0.6176063198830282,4,sensor_564,0.8752,-0.006569917848059112,0.006569917848059112,Decreases failure risk
WF-000838,0,Pass,Low Risk,0.0318797060998321,0.3823936801169719,0.6176063198830282,5,sensor_029,74.5889,-0.006425777375888498,0.006425777375888498,Decreases failure risk
WF-000838,0,Pass,Low Risk,0.0318797060998321,0.3823936801169719,0.6176063198830282,6,sensor_548,394.348,-0.006355414368852863,0.006355414368852863,Decreases failure risk
WF-000838,0,Pass,Low Risk,0.0318797060998321,0.3823936801169719,0.6176063198830282,7,sensor_478,3.7115,-0.005821621942086248,0.005821621942086248,Decreases failure risk
WF-000838,0,Pass,Low Risk,0.0318797060998321,0.3823936801169719,0.6176063198830282,8,sensor_020,12.1298,-0.005056013447496607,0.005056013447496607,Decreases failure risk
WF-000838,0,Pass,Low Risk,0.0318797060998321,0.3823936801169719,0.6176063198830282,9,sensor_461,15.3478,-0.004413004362002444,0.004413004362002444,Decreases failure risk
WF-000838,0,Pass,Low Risk,0.0318797060998321,0.3823936801169719,0.6176063198830282,10,sensor_206,5.55,-0.004329428270560973,0.004329428270560973,Decreases failure risk
WF-000451,0,Pass,Engineering Review,0.0596931069656709,0.2890750365647135,0.7109249634352865,1,sensor_032,4.6589,-0.013422213517441736,0.013422213517441736,Decreases failure risk
WF-000451,0,Pass,Engineering Review,0.0596931069656709,0.2890750365647135,0.7109249634352865,2,sensor_104,-0.0121,-0.011751157022168045,0.011751157022168045,Decreases failure risk
WF-000451,0,Pass,Engineering Review,0.0596931069656709,0.2890750365647135,0.7109249634352865,3,sensor_060,-6.8627,-0.009732183694113786,0.009732183694113786,Decreases failure risk
WF-000451,0,Pass,Engineering Review,0.0596931069656709,0.2890750365647135,0.7109249634352865,4,sensor_201,13.26,-0.007413311401855972,0.007413311401855972,Decreases failure risk
WF-000451,0,Pass,Engineering Review,0.0596931069656709,0.2890750365647135,0.7109249634352865,5,sensor_281,0.0268,-0.0070470095343631994,0.0070470095343631994,Decreases failure risk
WF-000451,0,Pass,Engineering Review,0.0596931069656709,0.2890750365647135,0.7109249634352865,6,sensor_065,26.8627,0.006693183256727672,0.006693183256727672,Increases failure risk
WF-000451,0,Pass,Engineering Review,0.0596931069656709,0.2890750365647135,0.7109249634352865,7,sensor_034,9.3335,0.00540295789564607,0.00540295789564607,Increases failure risk
WF-000451,0,Pass,Engineering Review,0.0596931069656709,0.2890750365647135,0.7109249634352865,8,sensor_271,43.4094,-0.005311118027474511,0.005311118027474511,Decreases failure risk
WF-000451,0,Pass,Engineering Review,0.0596931069656709,0.2890750365647135,0.7109249634352865,9,sensor_511,32.3316,-0.005123225561527022,0.005123225561527022,Decreases failure risk
WF-000451,0,Pass,Engineering Review,0.0596931069656709,0.2890750365647135,0.7109249634352865,10,sensor_282,0.018,-0.0050029978358761655,0.0050029978358761655,Decreases failure risk
WF-000755,0,Pass,Engineering Review,0.0584131867245203,0.3475692382613476,0.6524307617386524,1,sensor_104,-0.0097,-0.011408571845530175,0.011408571845530175,Decreases failure risk
WF-000755,0,Pass,Engineering Review,0.0584131867245203,0.3475692382613476,0.6524307617386524,2,sensor_478,11.0193,0.009446751789745118,0.009446751789745118,Increases failure risk
WF-000755,0,Pass,Engineering Review,0.0584131867245203,0.3475692382613476,0.6524307617386524,3,sensor_060,-3.0355,-0.009231380227206393,0.009231380227206393,Decreases failure risk
WF-000755,0,Pass,Engineering Review,0.0584131867245203,0.3475692382613476,0.6524307617386524,4,sensor_342,4.616,0.008906340002163315,0.008906340002163315,Increases failure risk
WF-000755,0,Pass,Engineering Review,0.0584131867245203,0.3475692382613476,0.6524307617386524,5,sensor_511,85.8991,0.007733322486253204,0.007733322486253204,Increases failure risk
WF-000755,0,Pass,Engineering Review,0.0584131867245203,0.3475692382613476,0.6524307617386524,6,sensor_206,16.4,0.007559949671689486,0.007559949671689486,Increases failure risk
WF-000755,0,Pass,Engineering Review,0.0584131867245203,0.3475692382613476,0.6524307617386524,7,sensor_480,1.2233,-0.005779909897166634,0.005779909897166634,Decreases failure risk
WF-000755,0,Pass,Engineering Review,0.0584131867245203,0.3475692382613476,0.6524307617386524,8,sensor_034,9.7324,0.005033817719388591,0.005033817719388591,Increases failure risk
WF-000755,0,Pass,Engineering Review,0.0584131867245203,0.3475692382613476,0.6524307617386524,9,sensor_426,12.1067,0.004673079408521328,0.004673079408521328,Increases failure risk
WF-000755,0,Pass,Engineering Review,0.0584131867245203,0.3475692382613476,0.6524307617386524,10,sensor_389,12.4752,-0.004545079960235631,0.004545079960235631,Decreases failure risk
WF-000131,0,Pass,High Risk,0.104469726751709,0.1516262019641405,0.8483737980358594,1,sensor_104,-0.0056,0.016200166798645006,0.016200166798645006,Increases failure risk
WF-000131,0,Pass,High Risk,0.104469726751709,0.1516262019641405,0.8483737980358594,2,sensor_060,15.7936,0.01347276217209087,0.01347276217209087,Increases failure risk
WF-000131,0,Pass,High Risk,0.104469726751709,0.1516262019641405,0.8483737980358594,3,sensor_511,89.6861,0.008425082950053916,0.008425082950053916,Increases failure risk
WF-000131,0,Pass,High Risk,0.104469726751709,0.1516262019641405,0.8483737980358594,4,sensor_386,0.0343,0.006652600577770836,0.006652600577770836,Increases failure risk
WF-000131,0,Pass,High Risk,0.104469726751709,0.1516262019641405,0.8483737980358594,5,sensor_478,3.4193,-0.006054633550576298,0.006054633550576298,Decreases failure risk
WF-000131,0,Pass,High Risk,0.104469726751709,0.1516262019641405,0.8483737980358594,6,sensor_520,44.4765,0.005835768085266495,0.005835768085266495,Increases failure risk
WF-000131,0,Pass,High Risk,0.104469726751709,0.1516262019641405,0.8483737980358594,7,sensor_206,4.92,-0.00558373251708345,0.00558373251708345,Decreases failure risk
WF-000131,0,Pass,High Risk,0.104469726751709,0.1516262019641405,0.8483737980358594,8,sensor_480,1.8618,-0.0055524767033864,0.0055524767033864,Decreases failure risk
WF-000131,0,Pass,High Risk,0.104469726751709,0.1516262019641405,0.8483737980358594,9,sensor_548,399.218,-0.005072196402027674,0.005072196402027674,Decreases failure risk
WF-000131,0,Pass,High Risk,0.104469726751709,0.1516262019641405,0.8483737980358594,10,sensor_201,11.28,-0.005021941867577781,0.005021941867577781,Decreases failure risk
WF-000400,0,Pass,Engineering Review,0.049321172754477,0.3003273569901249,0.699672643009875,1,sensor_104,-0.0047,0.015601339502486648,0.015601339502486648,Increases failure risk
WF-000400,0,Pass,Engineering Review,0.049321172754477,0.3003273569901249,0.699672643009875,2,sensor_032,4.6759,-0.013950391572097872,0.013950391572097872,Decreases failure risk
WF-000400,0,Pass,Engineering Review,0.049321172754477,0.3003273569901249,0.699672643009875,3,sensor_131,0.6586,-0.007945884756392933,0.007945884756392933,Decreases failure risk
WF-000400,0,Pass,Engineering Review,0.049321172754477,0.3003273569901249,0.699672643009875,4,sensor_511,85.7909,0.0077125038914902504,0.0077125038914902504,Increases failure risk
WF-000400,0,Pass,Engineering Review,0.049321172754477,0.3003273569901249,0.699672643009875,5,sensor_201,10.74,-0.007091953666679781,0.007091953666679781,Decreases failure risk
WF-000400,0,Pass,Engineering Review,0.049321172754477,0.3003273569901249,0.699672643009875,6,sensor_281,0.0325,-0.005630505311838045,0.005630505311838045,Decreases failure risk
WF-000400,0,Pass,Engineering Review,0.049321172754477,0.3003273569901249,0.699672643009875,7,sensor_034,9.3335,0.005447589935956189,0.005447589935956189,Increases failure risk
WF-000400,0,Pass,Engineering Review,0.049321172754477,0.3003273569901249,0.699672643009875,8,sensor_022,-6465.0,-0.005130214907917623,0.005130214907917623,Decreases failure risk
WF-000400,0,Pass,Engineering Review,0.049321172754477,0.3003273569901249,0.699672643009875,9,sensor_127,2.486,-0.004983734231957147,0.004983734231957147,Decreases failure risk
WF-000400,0,Pass,Engineering Review,0.049321172754477,0.3003273569901249,0.699672643009875,10,sensor_282,0.0266,-0.004868910228138846,0.004868910228138846,Decreases failure risk
WF-000150,0,Pass,High Risk,0.1112806630063405,0.158852601728333,0.841147398271667,1,sensor_104,-0.0073,0.014321443608684847,0.014321443608684847,Increases failure risk
WF-000150,0,Pass,High Risk,0.1112806630063405,0.158852601728333,0.841147398271667,2,sensor_065,41.2055,0.010995736789151856,0.010995736789151856,Increases failure risk
WF-000150,0,Pass,High Risk,0.1112806630063405,0.158852601728333,0.841147398271667,3,sensor_201,11.04,-0.008026118115708806,0.008026118115708806,Decreases failure risk
WF-000150,0,Pass,High Risk,0.1112806630063405,0.158852601728333,0.841147398271667,4,sensor_060,-21.2055,-0.007824530510627103,0.007824530510627103,Decreases failure risk
WF-000150,0,Pass,High Risk,0.1112806630063405,0.158852601728333,0.841147398271667,5,sensor_470,3.7097,-0.006423143433846914,0.006423143433846914,Decreases failure risk
WF-000150,0,Pass,High Risk,0.1112806630063405,0.158852601728333,0.841147398271667,6,sensor_015,3.5932,0.006373206128605831,0.006373206128605831,Increases failure risk
WF-000150,0,Pass,High Risk,0.1112806630063405,0.158852601728333,0.841147398271667,7,sensor_066,49.0237,0.00612466906966447,0.00612466906966447,Increases failure risk
WF-000150,0,Pass,High Risk,0.1112806630063405,0.158852601728333,0.841147398271667,8,sensor_489,0.0,0.005485582644921417,0.005485582644921417,Increases failure risk
WF-000150,0,Pass,High Risk,0.1112806630063405,0.158852601728333,0.841147398271667,9,sensor_064,40.0636,0.00535082749655253,0.00535082749655253,Increases failure risk
WF-000150,0,Pass,High Risk,0.1112806630063405,0.158852601728333,0.841147398271667,10,sensor_184,17.749,-0.005307484838427598,0.005307484838427598,Decreases failure risk
WF-000819,0,Pass,Low Risk,0.0213473101017144,0.4150483504384761,0.5849516495615239,1,sensor_034,8.5003,-0.011799729976102211,0.011799729976102211,Decreases failure risk
WF-000819,0,Pass,Low Risk,0.0213473101017144,0.4150483504384761,0.5849516495615239,2,sensor_104,-0.0081,0.010958880398851619,0.010958880398851619,Increases failure risk
WF-000819,0,Pass,Low Risk,0.0213473101017144,0.4150483504384761,0.5849516495615239,3,sensor_214,0.0253,-0.010177469940445945,0.010177469940445945,Decreases failure risk
WF-000819,0,Pass,Low Risk,0.0213473101017144,0.4150483504384761,0.5849516495615239,4,sensor_060,-0.6645,-0.00873137988586726,0.00873137988586726,Decreases failure risk
WF-000819,0,Pass,Low Risk,0.0213473101017144,0.4150483504384761,0.5849516495615239,5,sensor_131,0.6697,-0.008570529777300087,0.008570529777300087,Decreases failure risk
WF-000819,0,Pass,Low Risk,0.0213473101017144,0.4150483504384761,0.5849516495615239,6,sensor_352,0.0106,-0.008114702887457897,0.008114702887457897,Decreases failure risk
WF-000819,0,Pass,Low Risk,0.0213473101017144,0.4150483504384761,0.5849516495615239,7,sensor_424,113.7576,0.006679312115426781,0.006679312115426781,Increases failure risk
WF-000819,0,Pass,Low Risk,0.0213473101017144,0.4150483504384761,0.5849516495615239,8,sensor_511,26.0465,-0.006243410634145927,0.006243410634145927,Decreases failure risk
WF-000819,0,Pass,Low Risk,0.0213473101017144,0.4150483504384761,0.5849516495615239,9,sensor_564,0.8533,-0.005713877718928772,0.005713877718928772,Decreases failure risk
WF-000819,0,Pass,Low Risk,0.0213473101017144,0.4150483504384761,0.5849516495615239,10,sensor_015,5.8255,0.0043187838500605745,0.0043187838500605745,Increases failure risk
WF-000497,0,Pass,Engineering Review,0.0493746711077056,0.3458840093336803,0.6541159906663196,1,sensor_104,-0.0118,-0.01251553637923936,0.01251553637923936,Decreases failure risk
WF-000497,0,Pass,Engineering Review,0.0493746711077056,0.3458840093336803,0.6541159906663196,2,sensor_060,1.1527,-0.006676251234409374,0.006676251234409374,Decreases failure risk
WF-000497,0,Pass,Engineering Review,0.0493746711077056,0.3458840093336803,0.6541159906663196,3,sensor_032,4.6456,-0.006344691239378323,0.006344691239378323,Decreases failure risk
WF-000497,0,Pass,Engineering Review,0.0493746711077056,0.3458840093336803,0.6541159906663196,4,sensor_017,10.7654,0.005604349860565502,0.005604349860565502,Increases failure risk
WF-000497,0,Pass,Engineering Review,0.0493746711077056,0.3458840093336803,0.6541159906663196,5,sensor_065,18.8473,-0.004901108301351523,0.004901108301351523,Decreases failure risk
WF-000497,0,Pass,Engineering Review,0.0493746711077056,0.3458840093336803,0.6541159906663196,6,sensor_478,5.4141,-0.004892005213977299,0.004892005213977299,Decreases failure risk
WF-000497,0,Pass,Engineering Review,0.0493746711077056,0.3458840093336803,0.6541159906663196,7,sensor_308,0.1115,-0.004733286557984149,0.004733286557984149,Decreases failure risk
WF-000497,0,Pass,Engineering Review,0.0493746711077056,0.3458840093336803,0.6541159906663196,8,sensor_469,753.8644,-0.004419755344236557,0.004419755344236557,Decreases failure risk
WF-000497,0,Pass,Engineering Review,0.0493746711077056,0.3458840093336803,0.6541159906663196,9,sensor_303,0.2167,-0.004237591061300167,0.004237591061300167,Decreases failure risk
WF-000497,0,Pass,Engineering Review,0.0493746711077056,0.3458840093336803,0.6541159906663196,10,sensor_432,26.0525,0.003985232677102273,0.003985232677102273,Increases failure risk
WF-000749,0,Pass,Low Risk,0.0194137338011722,0.4919321855345954,0.5080678144654046,1,sensor_104,-0.0127,-0.016111903478059006,0.016111903478059006,Decreases failure risk
WF-000749,0,Pass,Low Risk,0.0194137338011722,0.4919321855345954,0.5080678144654046,2,sensor_060,-2.3691,-0.010574427233503561,0.010574427233503561,Decreases failure risk
WF-000749,0,Pass,Low Risk,0.0194137338011722,0.4919321855345954,0.5080678144654046,3,sensor_520,4.4363,-0.0067837781387833545,0.0067837781387833545,Decreases failure risk
WF-000749,0,Pass,Low Risk,0.0194137338011722,0.4919321855345954,0.5080678144654046,4,sensor_034,9.6938,0.006405522822495313,0.006405522822495313,Increases failure risk
WF-000749,0,Pass,Low Risk,0.0194137338011722,0.4919321855345954,0.5080678144654046,5,sensor_201,10.0,-0.006230547919548196,0.006230547919548196,Decreases failure risk
WF-000749,0,Pass,Low Risk,0.0194137338011722,0.4919321855345954,0.5080678144654046,6,sensor_282,0.0235,-0.0060797393572445,0.0060797393572445,Decreases failure risk
WF-000749,0,Pass,Low Risk,0.0194137338011722,0.4919321855345954,0.5080678144654046,7,sensor_511,35.2941,-0.005813465510348791,0.005813465510348791,Decreases failure risk
WF-000749,0,Pass,Low Risk,0.0194137338011722,0.4919321855345954,0.5080678144654046,8,sensor_378,0.0026,-0.005549030714084129,0.005549030714084129,Decreases failure risk
WF-000749,0,Pass,Low Risk,0.0194137338011722,0.4919321855345954,0.5080678144654046,9,sensor_147,0.0895,-0.00512596367302249,0.00512596367302249,Decreases failure risk
WF-000749,0,Pass,Low Risk,0.0194137338011722,0.4919321855345954,0.5080678144654046,10,sensor_248,0.0205,-0.0049987118560652355,0.0049987118560652355,Decreases failure risk
WF-000894,0,Pass,Engineering Review,0.0517292485570852,0.3664595040198268,0.6335404959801731,1,sensor_104,-0.0135,-0.016197926698232838,0.016197926698232838,Decreases failure risk
WF-000894,0,Pass,Engineering Review,0.0517292485570852,0.3664595040198268,0.6335404959801731,2,sensor_352,0.0124,-0.00966777577960486,0.00966777577960486,Decreases failure risk
WF-000894,0,Pass,Engineering Review,0.0517292485570852,0.3664595040198268,0.6335404959801731,3,sensor_520,4.1078,-0.009613787281729798,0.009613787281729798,Decreases failure risk
WF-000894,0,Pass,Engineering Review,0.0517292485570852,0.3664595040198268,0.6335404959801731,4,sensor_060,-2.4709,-0.008905700233010985,0.008905700233010985,Decreases failure risk
WF-000894,0,Pass,Engineering Review,0.0517292485570852,0.3664595040198268,0.6335404959801731,5,sensor_248,0.019,-0.008534018609480982,0.008534018609480982,Decreases failure risk
WF-000894,0,Pass,Engineering Review,0.0517292485570852,0.3664595040198268,0.6335404959801731,6,sensor_153,1.0922,0.007244134794699976,0.007244134794699976,Increases failure risk
WF-000894,0,Pass,Engineering Review,0.0517292485570852,0.3664595040198268,0.6335404959801731,7,sensor_511,31.0536,-0.005908334481316338,0.005908334481316338,Decreases failure risk
WF-000894,0,Pass,Engineering Review,0.0517292485570852,0.3664595040198268,0.6335404959801731,8,sensor_317,6.9644,-0.005504669507665738,0.005504669507665738,Decreases failure risk
WF-000894,0,Pass,Engineering Review,0.0517292485570852,0.3664595040198268,0.6335404959801731,9,sensor_206,3.77,-0.005480173238686161,0.005480173238686161,Decreases failure risk
WF-000894,0,Pass,Engineering Review,0.0517292485570852,0.3664595040198268,0.6335404959801731,10,sensor_389,18.2631,-0.005202440290430461,0.005202440290430461,Decreases failure risk
WF-000913,0,Pass,Engineering Review,0.0440960754815834,0.324533311277672,0.675466688722328,1,sensor_104,-0.0139,-0.017722760307325076,0.017722760307325076,Decreases failure risk
WF-000913,0,Pass,Engineering Review,0.0440960754815834,0.324533311277672,0.675466688722328,2,sensor_248,0.0175,-0.01331839242446689,0.01331839242446689,Decreases failure risk
WF-000913,0,Pass,Engineering Review,0.0440960754815834,0.324533311277672,0.675466688722328,3,sensor_520,3.7694,-0.012419082650000732,0.012419082650000732,Decreases failure risk
WF-000913,0,Pass,Engineering Review,0.0440960754815834,0.324533311277672,0.675466688722328,4,sensor_511,27.2646,-0.007208274986553416,0.007208274986553416,Decreases failure risk
WF-000913,0,Pass,Engineering Review,0.0440960754815834,0.324533311277672,0.675466688722328,5,sensor_206,5.9,-0.007149077437880105,0.007149077437880105,Decreases failure risk
WF-000913,0,Pass,Engineering Review,0.0440960754815834,0.324533311277672,0.675466688722328,6,sensor_352,0.0142,-0.007091436854545159,0.007091436854545159,Decreases failure risk
WF-000913,0,Pass,Engineering Review,0.0440960754815834,0.324533311277672,0.675466688722328,7,sensor_578,19.6759,-0.005353498560944039,0.005353498560944039,Decreases failure risk
WF-000913,0,Pass,Engineering Review,0.0440960754815834,0.324533311277672,0.675466688722328,8,sensor_478,4.0141,-0.004933744416348063,0.004933744416348063,Decreases failure risk
WF-000913,0,Pass,Engineering Review,0.0440960754815834,0.324533311277672,0.675466688722328,9,sensor_378,0.0028,-0.004843625260645324,0.004843625260645324,Decreases failure risk
WF-000913,0,Pass,Engineering Review,0.0440960754815834,0.324533311277672,0.675466688722328,10,sensor_214,0.0333,-0.004637200117670006,0.004637200117670006,Decreases failure risk
WF-001163,0,Pass,Engineering Review,0.044955538910332,0.3894017945020204,0.6105982054979795,1,sensor_104,-0.0147,-0.013748182555688366,0.013748182555688366,Decreases failure risk
WF-001163,0,Pass,Engineering Review,0.044955538910332,0.3894017945020204,0.6105982054979795,2,sensor_424,118.4536,0.008731861070218335,0.008731861070218335,Increases failure risk
WF-001163,0,Pass,Engineering Review,0.044955538910332,0.3894017945020204,0.6105982054979795,3,sensor_511,24.5315,-0.007731447096089904,0.007731447096089904,Decreases failure risk
WF-001163,0,Pass,Engineering Review,0.044955538910332,0.3894017945020204,0.6105982054979795,4,sensor_478,4.0299,-0.007496264667545167,0.007496264667545167,Decreases failure risk
WF-001163,0,Pass,Engineering Review,0.044955538910332,0.3894017945020204,0.6105982054979795,5,sensor_060,-0.0945,-0.006936244437631618,0.006936244437631618,Decreases failure risk
WF-001163,0,Pass,Engineering Review,0.044955538910332,0.3894017945020204,0.6105982054979795,6,sensor_317,6.8762,-0.006801481292630091,0.006801481292630091,Decreases failure risk
WF-001163,0,Pass,Engineering Review,0.044955538910332,0.3894017945020204,0.6105982054979795,7,sensor_125,15.68,-0.00627644297901092,0.00627644297901092,Decreases failure risk
WF-001163,0,Pass,Engineering Review,0.044955538910332,0.3894017945020204,0.6105982054979795,8,sensor_489,0.0,0.005973687169570029,0.005973687169570029,Increases failure risk
WF-001163,0,Pass,Engineering Review,0.044955538910332,0.3894017945020204,0.6105982054979795,9,sensor_130,-2.458,-0.005646259187915257,0.005646259187915257,Decreases failure risk
WF-001163,0,Pass,Engineering Review,0.044955538910332,0.3894017945020204,0.6105982054979795,10,sensor_082,-0.0034,0.005444421883051483,0.005444421883051483,Increases failure risk
WF-000841,0,Pass,Engineering Review,0.036893126597488,0.375241444588917,0.624758555411083,1,sensor_034,8.2981,-0.021247302111495583,0.021247302111495583,Decreases failure risk
WF-000841,0,Pass,Engineering Review,0.036893126597488,0.375241444588917,0.624758555411083,2,sensor_104,-0.0106,-0.010852616310903021,0.010852616310903021,Decreases failure risk
WF-000841,0,Pass,Engineering Review,0.036893126597488,0.375241444588917,0.624758555411083,3,sensor_029,75.6778,-0.008728132358186185,0.008728132358186185,Decreases failure risk
WF-000841,0,Pass,Engineering Review,0.036893126597488,0.375241444588917,0.624758555411083,4,sensor_478,2.9431,-0.008489215159580002,0.008489215159580002,Decreases failure risk
WF-000841,0,Pass,Engineering Review,0.036893126597488,0.375241444588917,0.624758555411083,5,sensor_386,0.0234,0.0067942348686636745,0.0067942348686636745,Increases failure risk
WF-000841,0,Pass,Engineering Review,0.036893126597488,0.375241444588917,0.624758555411083,6,sensor_564,0.9639,-0.006633225230869146,0.006633225230869146,Decreases failure risk
WF-000841,0,Pass,Engineering Review,0.036893126597488,0.375241444588917,0.624758555411083,7,sensor_206,4.3,-0.005180533104005593,0.005180533104005593,Decreases failure risk
WF-000841,0,Pass,Engineering Review,0.036893126597488,0.375241444588917,0.624758555411083,8,sensor_308,0.0861,-0.005056393542478751,0.005056393542478751,Decreases failure risk
WF-000841,0,Pass,Engineering Review,0.036893126597488,0.375241444588917,0.624758555411083,9,sensor_317,6.7223,-0.004885343335906725,0.004885343335906725,Decreases failure risk
WF-000841,0,Pass,Engineering Review,0.036893126597488,0.375241444588917,0.624758555411083,10,sensor_434,732.899,0.004670009842477218,0.004670009842477218,Increases failure risk
WF-000708,0,Pass,Engineering Review,0.0473835448352099,0.4056680014932704,0.5943319985067296,1,sensor_104,-0.0108,-0.014326856143197494,0.014326856143197494,Decreases failure risk
WF-000708,0,Pass,Engineering Review,0.0473835448352099,0.4056680014932704,0.5943319985067296,2,sensor_032,4.648,-0.010511483251749996,0.010511483251749996,Decreases failure risk
WF-000708,0,Pass,Engineering Review,0.0473835448352099,0.4056680014932704,0.5943319985067296,3,sensor_342,4.4696,0.008789884979953805,0.008789884979953805,Increases failure risk
WF-000708,0,Pass,Engineering Review,0.0473835448352099,0.4056680014932704,0.5943319985067296,4,sensor_478,9.2907,0.007922394601310258,0.007922394601310258,Increases failure risk
WF-000708,0,Pass,Engineering Review,0.0473835448352099,0.4056680014932704,0.5943319985067296,5,sensor_352,0.0144,-0.007854742014310218,0.007854742014310218,Decreases failure risk
WF-000708,0,Pass,Engineering Review,0.0473835448352099,0.4056680014932704,0.5943319985067296,6,sensor_206,13.91,0.0076348222123938676,0.0076348222123938676,Increases failure risk
WF-000708,0,Pass,Engineering Review,0.0473835448352099,0.4056680014932704,0.5943319985067296,7,sensor_548,397.044,-0.00757732109034688,0.00757732109034688,Decreases failure risk
WF-000708,0,Pass,Engineering Review,0.0473835448352099,0.4056680014932704,0.5943319985067296,8,sensor_574,0.1374,0.006261548891200395,0.006261548891200395,Increases failure risk
WF-000708,0,Pass,Engineering Review,0.0473835448352099,0.4056680014932704,0.5943319985067296,9,sensor_476,5.4891,0.005979547717816978,0.005979547717816978,Increases failure risk
WF-000708,0,Pass,Engineering Review,0.0473835448352099,0.4056680014932704,0.5943319985067296,10,sensor_485,516.6102,-0.004629349559857052,0.004629349559857052,Decreases failure risk
WF-001135,0,Pass,Engineering Review,0.0434719913235208,0.3151715767917133,0.6848284232082866,1,sensor_104,-0.0145,-0.015632450542561342,0.015632450542561342,Decreases failure risk
WF-001135,0,Pass,Engineering Review,0.0434719913235208,0.3151715767917133,0.6848284232082866,2,sensor_126,1.683,-0.008425273673183641,0.008425273673183641,Decreases failure risk
WF-001135,0,Pass,Engineering Review,0.0434719913235208,0.3151715767917133,0.6848284232082866,3,sensor_060,-0.5745,-0.007088970968557838,0.007088970968557838,Decreases failure risk
WF-001135,0,Pass,Engineering Review,0.0434719913235208,0.3151715767917133,0.6848284232082866,4,sensor_206,3.97,-0.006850122797929823,0.006850122797929823,Decreases failure risk
WF-001135,0,Pass,Engineering Review,0.0434719913235208,0.3151715767917133,0.6848284232082866,5,sensor_424,31.7377,-0.005953618212589648,0.005953618212589648,Decreases failure risk
WF-001135,0,Pass,Engineering Review,0.0434719913235208,0.3151715767917133,0.6848284232082866,6,sensor_478,2.6894,-0.005914999434667338,0.005914999434667338,Decreases failure risk
WF-001135,0,Pass,Engineering Review,0.0434719913235208,0.3151715767917133,0.6848284232082866,7,sensor_489,0.0,0.005905359979541543,0.005905359979541543,Increases failure risk
WF-001135,0,Pass,Engineering Review,0.0434719913235208,0.3151715767917133,0.6848284232082866,8,sensor_271,36.1261,-0.005305835922506761,0.005305835922506761,Decreases failure risk
WF-001135,0,Pass,Engineering Review,0.0434719913235208,0.3151715767917133,0.6848284232082866,9,sensor_434,917.4825,0.005264919300478839,0.005264919300478839,Increases failure risk
WF-001135,0,Pass,Engineering Review,0.0434719913235208,0.3151715767917133,0.6848284232082866,10,sensor_511,45.3998,-0.005056567205813638,0.005056567205813638,Decreases failure risk
WF-001478,0,Pass,Low Risk,0.0155714199198236,0.4198554310764847,0.5801445689235153,1,sensor_104,-0.0117,-0.01466341934807759,0.01466341934807759,Decreases failure risk
WF-001478,0,Pass,Low Risk,0.0155714199198236,0.4198554310764847,0.5801445689235153,2,sensor_214,0.0226,-0.010376535205442088,0.010376535205442088,Decreases failure risk
WF-001478,0,Pass,Low Risk,0.0155714199198236,0.4198554310764847,0.5801445689235153,3,sensor_034,8.5615,-0.00916013202487016,0.00916013202487016,Decreases failure risk
WF-001478,0,Pass,Low Risk,0.0155714199198236,0.4198554310764847,0.5801445689235153,4,sensor_206,13.06,0.007924037640100001,0.007924037640100001,Increases failure risk
WF-001478,0,Pass,Low Risk,0.0155714199198236,0.4198554310764847,0.5801445689235153,5,sensor_060,-1.3327,-0.0071295573823663486,0.0071295573823663486,Decreases failure risk
WF-001478,0,Pass,Low Risk,0.0155714199198236,0.4198554310764847,0.5801445689235153,6,sensor_352,0.0094,-0.006471006595003328,0.006471006595003328,Decreases failure risk
WF-001478,0,Pass,Low Risk,0.0155714199198236,0.4198554310764847,0.5801445689235153,7,sensor_342,4.0685,0.006132927303494927,0.006132927303494927,Increases failure risk
WF-001478,0,Pass,Low Risk,0.0155714199198236,0.4198554310764847,0.5801445689235153,8,sensor_478,8.9143,0.005953186043138039,0.005953186043138039,Increases failure risk
WF-001478,0,Pass,Low Risk,0.0155714199198236,0.4198554310764847,0.5801445689235153,9,sensor_064,22.0964,0.005146020865878088,0.005146020865878088,Increases failure risk
WF-001478,0,Pass,Low Risk,0.0155714199198236,0.4198554310764847,0.5801445689235153,10,sensor_310,0.0907,-0.004401604060153271,0.004401604060153271,Decreases failure risk
WF-000051,1,Fail,High Risk,0.1019898466008417,0.2495287098979795,0.7504712901020205,1,sensor_060,23.9555,0.016548636694011173,0.016548636694011173,Increases failure risk
WF-000051,1,Fail,High Risk,0.1019898466008417,0.2495287098979795,0.7504712901020205,2,sensor_104,-0.0094,-0.013041449499750073,0.013041449499750073,Decreases failure risk
WF-000051,1,Fail,High Risk,0.1019898466008417,0.2495287098979795,0.7504712901020205,3,sensor_578,25.4953,-0.0060373400918785295,0.0060373400918785295,Decreases failure risk
WF-000051,1,Fail,High Risk,0.1019898466008417,0.2495287098979795,0.7504712901020205,4,sensor_424,116.6541,0.00563797270538304,0.00563797270538304,Increases failure risk
WF-000051,1,Fail,High Risk,0.1019898466008417,0.2495287098979795,0.7504712901020205,5,sensor_034,23.3453,0.005561217257752165,0.005561217257752165,Increases failure risk
WF-000051,1,Fail,High Risk,0.1019898466008417,0.2495287098979795,0.7504712901020205,6,sensor_036,74.7081,-0.005511273427027181,0.005511273427027181,Decreases failure risk
WF-000051,1,Fail,High Risk,0.1019898466008417,0.2495287098979795,0.7504712901020205,7,sensor_478,4.3641,-0.005323930478228864,0.005323930478228864,Decreases failure risk
WF-000051,1,Fail,High Risk,0.1019898466008417,0.2495287098979795,0.7504712901020205,8,sensor_308,0.0758,-0.00519205092923152,0.00519205092923152,Decreases failure risk
WF-000051,1,Fail,High Risk,0.1019898466008417,0.2495287098979795,0.7504712901020205,9,sensor_015,6.5073,0.005101094281281495,0.005101094281281495,Increases failure risk
WF-000051,1,Fail,High Risk,0.1019898466008417,0.2495287098979795,0.7504712901020205,10,sensor_352,0.0151,-0.005025248287837207,0.005025248287837207,Decreases failure risk
WF-001346,0,Pass,Low Risk,0.0232767682877164,0.4452342098243039,0.554765790175696,1,sensor_034,8.2061,-0.019955870481323162,0.019955870481323162,Decreases failure risk
WF-001346,0,Pass,Low Risk,0.0232767682877164,0.4452342098243039,0.554765790175696,2,sensor_104,-0.0114,-0.0114421693692708,0.0114421693692708,Decreases failure risk
WF-001346,0,Pass,Low Risk,0.0232767682877164,0.4452342098243039,0.554765790175696,3,sensor_029,74.5333,-0.007509801614662688,0.007509801614662688,Decreases failure risk
WF-001346,0,Pass,Low Risk,0.0232767682877164,0.4452342098243039,0.554765790175696,4,sensor_317,7.2793,-0.006980958203849343,0.006980958203849343,Decreases failure risk
WF-001346,0,Pass,Low Risk,0.0232767682877164,0.4452342098243039,0.554765790175696,5,sensor_181,23.31,-0.006147336816212628,0.006147336816212628,Decreases failure risk
WF-001346,0,Pass,Low Risk,0.0232767682877164,0.4452342098243039,0.554765790175696,6,sensor_406,0.0077,0.0058805063411846124,0.0058805063411846124,Increases failure risk
WF-001346,0,Pass,Low Risk,0.0232767682877164,0.4452342098243039,0.554765790175696,7,sensor_282,0.0167,-0.005310204995242343,0.005310204995242343,Decreases failure risk
WF-001346,0,Pass,Low Risk,0.0232767682877164,0.4452342098243039,0.554765790175696,8,sensor_201,8.16,-0.005207427955569284,0.005207427955569284,Decreases failure risk
WF-001346,0,Pass,Low Risk,0.0232767682877164,0.4452342098243039,0.554765790175696,9,sensor_432,5.0198,-0.0052039217213304114,0.0052039217213304114,Decreases failure risk
WF-001346,0,Pass,Low Risk,0.0232767682877164,0.4452342098243039,0.554765790175696,10,sensor_147,0.0812,-0.004635474195738937,0.004635474195738937,Decreases failure risk
WF-000460,0,Pass,Engineering Review,0.0527357214831558,0.4568567771864261,0.543143222813574,1,sensor_131,0.6556,-0.013656204209685694,0.013656204209685694,Decreases failure risk
WF-000460,0,Pass,Engineering Review,0.0527357214831558,0.4568567771864261,0.543143222813574,2,sensor_104,-0.0078,0.012005409051784259,0.012005409051784259,Increases failure risk
WF-000460,0,Pass,Engineering Review,0.0527357214831558,0.4568567771864261,0.543143222813574,3,sensor_520,4.3383,-0.009211467551962116,0.009211467551962116,Decreases failure risk
WF-000460,0,Pass,Engineering Review,0.0527357214831558,0.4568567771864261,0.543143222813574,4,sensor_248,0.02,-0.008521131609666012,0.008521131609666012,Decreases failure risk
WF-000460,0,Pass,Engineering Review,0.0527357214831558,0.4568567771864261,0.543143222813574,5,sensor_511,77.707,0.00676245200038078,0.00676245200038078,Increases failure risk
WF-000460,0,Pass,Engineering Review,0.0527357214831558,0.4568567771864261,0.543143222813574,6,sensor_478,3.9852,-0.00593292540324688,0.00593292540324688,Decreases failure risk
WF-000460,0,Pass,Engineering Review,0.0527357214831558,0.4568567771864261,0.543143222813574,7,sensor_564,0.864,-0.00586457374901291,0.00586457374901291,Decreases failure risk
WF-000460,0,Pass,Engineering Review,0.0527357214831558,0.4568567771864261,0.543143222813574,8,sensor_489,0.0,0.005712043953317445,0.005712043953317445,Increases failure risk
WF-000460,0,Pass,Engineering Review,0.0527357214831558,0.4568567771864261,0.543143222813574,9,sensor_206,5.79,-0.005688525872257308,0.005688525872257308,Decreases failure risk
WF-000460,0,Pass,Engineering Review,0.0527357214831558,0.4568567771864261,0.543143222813574,10,sensor_426,9.0303,0.005675829695109245,0.005675829695109245,Increases failure risk
WF-001317,0,Pass,Low Risk,0.0331280378511453,0.382486646736081,0.617513353263919,1,sensor_104,-0.0123,-0.014296725081478806,0.014296725081478806,Decreases failure risk
WF-001317,0,Pass,Low Risk,0.0331280378511453,0.382486646736081,0.617513353263919,2,sensor_317,7.9193,-0.00782548576646657,0.00782548576646657,Decreases failure risk
WF-001317,0,Pass,Low Risk,0.0331280378511453,0.382486646736081,0.617513353263919,3,sensor_342,3.4722,0.006859595370298753,0.006859595370298753,Increases failure risk
WF-001317,0,Pass,Low Risk,0.0331280378511453,0.382486646736081,0.617513353263919,4,sensor_181,25.83,-0.0062465784495939055,0.0062465784495939055,Decreases failure risk
WF-001317,0,Pass,Low Risk,0.0331280378511453,0.382486646736081,0.617513353263919,5,sensor_511,31.6109,-0.005772682302518687,0.005772682302518687,Decreases failure risk
WF-001317,0,Pass,Low Risk,0.0331280378511453,0.382486646736081,0.617513353263919,6,sensor_453,7.124,-0.005756403587333917,0.005756403587333917,Decreases failure risk
WF-001317,0,Pass,Low Risk,0.0331280378511453,0.382486646736081,0.617513353263919,7,sensor_389,18.6817,-0.0053823590306039835,0.0053823590306039835,Decreases failure risk
WF-001317,0,Pass,Low Risk,0.0331280378511453,0.382486646736081,0.617513353263919,8,sensor_418,14.6633,-0.0053019925136931646,0.0053019925136931646,Decreases failure risk
WF-001317,0,Pass,Low Risk,0.0331280378511453,0.382486646736081,0.617513353263919,9,sensor_060,1.3255,-0.00522830390143287,0.00522830390143287,Decreases failure risk
WF-001317,0,Pass,Low Risk,0.0331280378511453,0.382486646736081,0.617513353263919,10,sensor_456,2.2924,-0.0051190121413826365,0.0051190121413826365,Decreases failure risk
WF-001422,0,Pass,Low Risk,0.0084168674729297,0.4775211550519335,0.5224788449480664,1,sensor_034,8.4891,-0.013388786810554165,0.013388786810554165,Decreases failure risk
WF-001422,0,Pass,Low Risk,0.0084168674729297,0.4775211550519335,0.5224788449480664,2,sensor_104,-0.0104,-0.012722519512804373,0.012722519512804373,Decreases failure risk
WF-001422,0,Pass,Low Risk,0.0084168674729297,0.4775211550519335,0.5224788449480664,3,sensor_060,-5.1618,-0.009563385332575213,0.009563385332575213,Decreases failure risk
WF-001422,0,Pass,Low Risk,0.0084168674729297,0.4775211550519335,0.5224788449480664,4,sensor_131,0.6567,-0.00923252339604558,0.00923252339604558,Decreases failure risk
WF-001422,0,Pass,Low Risk,0.0084168674729297,0.4775211550519335,0.5224788449480664,5,sensor_317,7.2873,-0.006484269010481082,0.006484269010481082,Decreases failure risk
WF-001422,0,Pass,Low Risk,0.0084168674729297,0.4775211550519335,0.5224788449480664,6,sensor_029,74.6667,-0.006244028315035691,0.006244028315035691,Decreases failure risk
WF-001422,0,Pass,Low Risk,0.0084168674729297,0.4775211550519335,0.5224788449480664,7,sensor_181,25.36,-0.005891248101011785,0.005891248101011785,Decreases failure risk
WF-001422,0,Pass,Low Risk,0.0084168674729297,0.4775211550519335,0.5224788449480664,8,sensor_103,-0.1087,0.005326339610567717,0.005326339610567717,Increases failure risk
WF-001422,0,Pass,Low Risk,0.0084168674729297,0.4775211550519335,0.5224788449480664,9,sensor_126,1.465,-0.005203004886189394,0.005203004886189394,Decreases failure risk
WF-001422,0,Pass,Low Risk,0.0084168674729297,0.4775211550519335,0.5224788449480664,10,sensor_206,7.33,-0.005059323934340053,0.005059323934340053,Decreases failure risk
WF-000572,0,Pass,Engineering Review,0.0683636751133987,0.3445752506569946,0.6554247493430054,1,sensor_104,-0.0144,-0.01331591393541842,0.01331591393541842,Decreases failure risk
WF-000572,0,Pass,Engineering Review,0.0683636751133987,0.3445752506569946,0.6554247493430054,2,sensor_520,107.9521,0.00854410602675375,0.00854410602675375,Increases failure risk
WF-000572,0,Pass,Engineering Review,0.0683636751133987,0.3445752506569946,0.6554247493430054,3,sensor_131,0.6627,-0.008534973651620896,0.008534973651620896,Decreases failure risk
WF-000572,0,Pass,Engineering Review,0.0683636751133987,0.3445752506569946,0.6554247493430054,4,sensor_432,9.1582,-0.007318772859163394,0.007318772859163394,Decreases failure risk
WF-000572,0,Pass,Engineering Review,0.0683636751133987,0.3445752506569946,0.6554247493430054,5,sensor_282,0.0245,-0.0069843122429159975,0.0069843122429159975,Decreases failure risk
WF-000572,0,Pass,Engineering Review,0.0683636751133987,0.3445752506569946,0.6554247493430054,6,sensor_386,0.1147,0.006616417270894213,0.006616417270894213,Increases failure risk
WF-000572,0,Pass,Engineering Review,0.0683636751133987,0.3445752506569946,0.6554247493430054,7,sensor_147,0.1002,-0.006470788697064172,0.006470788697064172,Decreases failure risk
WF-000572,0,Pass,Engineering Review,0.0683636751133987,0.3445752506569946,0.6554247493430054,8,sensor_511,45.8732,-0.00486408981922373,0.00486408981922373,Decreases failure risk
WF-000572,0,Pass,Engineering Review,0.0683636751133987,0.3445752506569946,0.6554247493430054,9,sensor_206,10.3,0.004834120872801252,0.004834120872801252,Increases failure risk
WF-000572,0,Pass,Engineering Review,0.0683636751133987,0.3445752506569946,0.6554247493430054,10,sensor_128,0.9233,-0.004475941766650069,0.004475941766650069,Decreases failure risk
WF-000817,0,Pass,Low Risk,0.0128786301620683,0.4983764598821812,0.5016235401178188,1,sensor_034,8.2395,-0.015245905715211991,0.015245905715211991,Decreases failure risk
WF-000817,0,Pass,Low Risk,0.0128786301620683,0.4983764598821812,0.5016235401178188,2,sensor_104,-0.0102,-0.012580907528767428,0.012580907528767428,Decreases failure risk
WF-000817,0,Pass,Low Risk,0.0128786301620683,0.4983764598821812,0.5016235401178188,3,sensor_214,0.0271,-0.009490676048133282,0.009490676048133282,Decreases failure risk
WF-000817,0,Pass,Low Risk,0.0128786301620683,0.4983764598821812,0.5016235401178188,4,sensor_520,4.322,-0.007614478009502194,0.007614478009502194,Decreases failure risk
WF-000817,0,Pass,Low Risk,0.0128786301620683,0.4983764598821812,0.5016235401178188,5,sensor_060,0.7482,-0.007579448620699171,0.007579448620699171,Decreases failure risk
WF-000817,0,Pass,Low Risk,0.0128786301620683,0.4983764598821812,0.5016235401178188,6,sensor_248,0.0199,-0.0068873571015050815,0.0068873571015050815,Decreases failure risk
WF-000817,0,Pass,Low Risk,0.0128786301620683,0.4983764598821812,0.5016235401178188,7,sensor_029,74.0111,-0.006537424541139412,0.006537424541139412,Decreases failure risk
WF-000817,0,Pass,Low Risk,0.0128786301620683,0.4983764598821812,0.5016235401178188,8,sensor_352,0.0116,-0.006274758253641497,0.006274758253641497,Decreases failure risk
WF-000817,0,Pass,Low Risk,0.0128786301620683,0.4983764598821812,0.5016235401178188,9,sensor_082,0.0028,0.004738832284365136,0.004738832284365136,Increases failure risk
WF-000817,0,Pass,Low Risk,0.0128786301620683,0.4983764598821812,0.5016235401178188,10,sensor_511,37.3464,-0.004542726524199675,0.004542726524199675,Decreases failure risk
WF-000796,1,Fail,Engineering Review,0.0361807096397845,0.3687061014499476,0.6312938985500524,1,sensor_104,-0.0102,-0.011943488011792602,0.011943488011792602,Decreases failure risk
WF-000796,1,Fail,Engineering Review,0.0361807096397845,0.3687061014499476,0.6312938985500524,2,sensor_352,0.0113,-0.008407528131528452,0.008407528131528452,Decreases failure risk
WF-000796,1,Fail,Engineering Review,0.0361807096397845,0.3687061014499476,0.6312938985500524,3,sensor_214,0.0274,-0.007786493462238032,0.007786493462238032,Decreases failure risk
WF-000796,1,Fail,Engineering Review,0.0361807096397845,0.3687061014499476,0.6312938985500524,4,sensor_029,74.6889,-0.006247915743600025,0.006247915743600025,Decreases failure risk
WF-000796,1,Fail,Engineering Review,0.0361807096397845,0.3687061014499476,0.6312938985500524,5,sensor_060,1.5218,-0.006223584999434735,0.006223584999434735,Decreases failure risk
WF-000796,1,Fail,Engineering Review,0.0361807096397845,0.3687061014499476,0.6312938985500524,6,sensor_478,4.3655,-0.006091842681264513,0.006091842681264513,Decreases failure risk
WF-000796,1,Fail,Engineering Review,0.0361807096397845,0.3687061014499476,0.6312938985500524,7,sensor_389,8.3191,-0.00606113100898009,0.00606113100898009,Decreases failure risk
WF-000796,1,Fail,Engineering Review,0.0361807096397845,0.3687061014499476,0.6312938985500524,8,sensor_511,37.1184,-0.005356542153315444,0.005356542153315444,Decreases failure risk
WF-000796,1,Fail,Engineering Review,0.0361807096397845,0.3687061014499476,0.6312938985500524,9,sensor_282,0.0204,-0.005283958167079958,0.005283958167079958,Decreases failure risk
WF-000796,1,Fail,Engineering Review,0.0361807096397845,0.3687061014499476,0.6312938985500524,10,sensor_206,6.44,-0.00477383395089582,0.00477383395089582,Decreases failure risk
WF-000345,1,Fail,Engineering Review,0.0687648573608557,0.3236884508646427,0.6763115491353573,1,sensor_060,14.0673,0.014476641687842604,0.014476641687842604,Increases failure risk
WF-000345,1,Fail,Engineering Review,0.0687648573608557,0.3236884508646427,0.6763115491353573,2,sensor_104,-0.0108,-0.014355036754871715,0.014355036754871715,Decreases failure risk
WF-000345,1,Fail,Engineering Review,0.0687648573608557,0.3236884508646427,0.6763115491353573,3,sensor_511,23.2288,-0.008692608429222096,0.008692608429222096,Decreases failure risk
WF-000345,1,Fail,Engineering Review,0.0687648573608557,0.3236884508646427,0.6763115491353573,4,sensor_386,0.024,0.007860865083793639,0.007860865083793639,Increases failure risk
WF-000345,1,Fail,Engineering Review,0.0687648573608557,0.3236884508646427,0.6763115491353573,5,sensor_153,1.0018,0.0078003128892047205,0.0078003128892047205,Increases failure risk
WF-000345,1,Fail,Engineering Review,0.0687648573608557,0.3236884508646427,0.6763115491353573,6,sensor_317,8.3024,-0.007254621358451169,0.007254621358451169,Decreases failure risk
WF-000345,1,Fail,Engineering Review,0.0687648573608557,0.3236884508646427,0.6763115491353573,7,sensor_065,25.9327,0.006947368227427353,0.006947368227427353,Increases failure risk
WF-000345,1,Fail,Engineering Review,0.0687648573608557,0.3236884508646427,0.6763115491353573,8,sensor_426,10.2644,0.005323313949418344,0.005323313949418344,Increases failure risk
WF-000345,1,Fail,Engineering Review,0.0687648573608557,0.3236884508646427,0.6763115491353573,9,sensor_288,0.2706,0.005103431422595341,0.005103431422595341,Increases failure risk
WF-000345,1,Fail,Engineering Review,0.0687648573608557,0.3236884508646427,0.6763115491353573,10,sensor_520,36.9386,0.004941796920283616,0.004941796920283616,Increases failure risk
WF-001095,0,Pass,High Risk,0.0855171138577884,0.2856929953313584,0.7143070046686416,1,sensor_104,-0.0129,-0.014356125080191719,0.014356125080191719,Decreases failure risk
WF-001095,0,Pass,High Risk,0.0855171138577884,0.2856929953313584,0.7143070046686416,2,sensor_424,137.6642,0.011349249288378532,0.011349249288378532,Increases failure risk
WF-001095,0,Pass,High Risk,0.0855171138577884,0.2856929953313584,0.7143070046686416,3,sensor_130,-2.647,-0.00882122666756267,0.00882122666756267,Decreases failure risk
WF-001095,0,Pass,High Risk,0.0855171138577884,0.2856929953313584,0.7143070046686416,4,sensor_126,1.465,-0.008616848519328901,0.008616848519328901,Decreases failure risk
WF-001095,0,Pass,High Risk,0.0855171138577884,0.2856929953313584,0.7143070046686416,5,sensor_478,3.3263,-0.006542348302764615,0.006542348302764615,Decreases failure risk
WF-001095,0,Pass,High Risk,0.0855171138577884,0.2856929953313584,0.7143070046686416,6,sensor_511,29.4288,-0.006407288693881547,0.006407288693881547,Decreases failure risk
WF-001095,0,Pass,High Risk,0.0855171138577884,0.2856929953313584,0.7143070046686416,7,sensor_206,5.05,-0.006119934730067661,0.006119934730067661,Decreases failure risk
WF-001095,0,Pass,High Risk,0.0855171138577884,0.2856929953313584,0.7143070046686416,8,sensor_282,0.0097,0.0056562864428560304,0.0056562864428560304,Increases failure risk
WF-001095,0,Pass,High Risk,0.0855171138577884,0.2856929953313584,0.7143070046686416,9,sensor_342,1.4828,-0.00514042399002868,0.00514042399002868,Decreases failure risk
WF-001095,0,Pass,High Risk,0.0855171138577884,0.2856929953313584,0.7143070046686416,10,sensor_432,6.4919,-0.004937146301941309,0.004937146301941309,Decreases failure risk
WF-001391,0,Pass,Engineering Review,0.0382096282185509,0.377341960226815,0.622658039773185,1,sensor_317,7.0465,-0.008150771587581618,0.008150771587581618,Decreases failure risk
WF-001391,0,Pass,Engineering Review,0.0382096282185509,0.377341960226815,0.622658039773185,2,sensor_104,-0.0085,0.007193764173280214,0.007193764173280214,Increases failure risk
WF-001391,0,Pass,Engineering Review,0.0382096282185509,0.377341960226815,0.622658039773185,3,sensor_201,12.13,-0.006308475760005236,0.006308475760005236,Decreases failure risk
WF-001391,0,Pass,Engineering Review,0.0382096282185509,0.377341960226815,0.622658039773185,4,sensor_034,9.9095,0.005690188712971239,0.005690188712971239,Increases failure risk
WF-001391,0,Pass,Engineering Review,0.0382096282185509,0.377341960226815,0.622658039773185,5,sensor_511,34.1679,-0.0055777163348134234,0.0055777163348134234,Decreases failure risk
WF-001391,0,Pass,Engineering Review,0.0382096282185509,0.377341960226815,0.622658039773185,6,sensor_564,0.9268,-0.005556445610756374,0.005556445610756374,Decreases failure risk
WF-001391,0,Pass,Engineering Review,0.0382096282185509,0.377341960226815,0.622658039773185,7,sensor_478,3.742,-0.005237794844193829,0.005237794844193829,Decreases failure risk
WF-001391,0,Pass,Engineering Review,0.0382096282185509,0.377341960226815,0.622658039773185,8,sensor_206,5.5,-0.005074439692472312,0.005074439692472312,Decreases failure risk
WF-001391,0,Pass,Engineering Review,0.0382096282185509,0.377341960226815,0.622658039773185,9,sensor_126,0.7474,0.00475125925566849,0.00475125925566849,Increases failure risk
WF-001391,0,Pass,Engineering Review,0.0382096282185509,0.377341960226815,0.622658039773185,10,sensor_324,4.0386,-0.004485134961934246,0.004485134961934246,Decreases failure risk
WF-000848,0,Pass,Engineering Review,0.053929152626906,0.4060023660737878,0.5939976339262121,1,sensor_104,-0.0096,-0.014657833381798909,0.014657833381798909,Decreases failure risk
WF-000848,0,Pass,Engineering Review,0.053929152626906,0.4060023660737878,0.5939976339262121,2,sensor_060,0.9591,-0.008062350757515966,0.008062350757515966,Decreases failure risk
WF-000848,0,Pass,Engineering Review,0.053929152626906,0.4060023660737878,0.5939976339262121,3,sensor_206,4.69,-0.006263788451713537,0.006263788451713537,Decreases failure risk
WF-000848,0,Pass,Engineering Review,0.053929152626906,0.4060023660737878,0.5939976339262121,4,sensor_389,16.6285,-0.006150094599222706,0.006150094599222706,Decreases failure risk
WF-000848,0,Pass,Engineering Review,0.053929152626906,0.4060023660737878,0.5939976339262121,5,sensor_378,0.0023,-0.0060801732379835854,0.0060801732379835854,Decreases failure risk
WF-000848,0,Pass,Engineering Review,0.053929152626906,0.4060023660737878,0.5939976339262121,6,sensor_424,111.1357,0.0060698332025866785,0.0060698332025866785,Increases failure risk
WF-000848,0,Pass,Engineering Review,0.053929152626906,0.4060023660737878,0.5939976339262121,7,sensor_478,3.1241,-0.006015155791196163,0.006015155791196163,Decreases failure risk
WF-000848,0,Pass,Engineering Review,0.053929152626906,0.4060023660737878,0.5939976339262121,8,sensor_564,0.8374,-0.005872850814433777,0.005872850814433777,Decreases failure risk
WF-000848,0,Pass,Engineering Review,0.053929152626906,0.4060023660737878,0.5939976339262121,9,sensor_548,396.752,-0.005667443281538762,0.005667443281538762,Decreases failure risk
WF-000848,0,Pass,Engineering Review,0.053929152626906,0.4060023660737878,0.5939976339262121,10,sensor_342,1.2959,-0.005430908756884301,0.005430908756884301,Decreases failure risk
WF-000462,0,Pass,Engineering Review,0.056605026107768,0.3211440148833948,0.6788559851166052,1,sensor_104,-0.0122,-0.012471842674345932,0.012471842674345932,Decreases failure risk
WF-000462,0,Pass,Engineering Review,0.056605026107768,0.3211440148833948,0.6788559851166052,2,sensor_131,0.6556,-0.011620353136186519,0.011620353136186519,Decreases failure risk
WF-000462,0,Pass,Engineering Review,0.056605026107768,0.3211440148833948,0.6788559851166052,3,sensor_424,424.2152,0.009841627543211644,0.009841627543211644,Increases failure risk
WF-000462,0,Pass,Engineering Review,0.056605026107768,0.3211440148833948,0.6788559851166052,4,sensor_015,2.9193,0.005242690570342021,0.005242690570342021,Increases failure risk
WF-000462,0,Pass,Engineering Review,0.056605026107768,0.3211440148833948,0.6788559851166052,5,sensor_034,9.6938,0.0050990635622238465,0.0050990635622238465,Increases failure risk
WF-000462,0,Pass,Engineering Review,0.056605026107768,0.3211440148833948,0.6788559851166052,6,sensor_206,6.88,-0.00489641072784902,0.00489641072784902,Decreases failure risk
WF-000462,0,Pass,Engineering Review,0.056605026107768,0.3211440148833948,0.6788559851166052,7,sensor_271,40.2363,-0.004744273511215306,0.004744273511215306,Decreases failure risk
WF-000462,0,Pass,Engineering Review,0.056605026107768,0.3211440148833948,0.6788559851166052,8,sensor_564,0.8931,-0.004612882994311731,0.004612882994311731,Decreases failure risk
WF-000462,0,Pass,Engineering Review,0.056605026107768,0.3211440148833948,0.6788559851166052,9,sensor_578,16.5701,-0.0045393860474480284,0.0045393860474480284,Decreases failure risk
WF-000462,0,Pass,Engineering Review,0.056605026107768,0.3211440148833948,0.6788559851166052,10,sensor_561,0.0263,-0.004488701933531714,0.004488701933531714,Decreases failure risk
WF-001139,0,Pass,Engineering Review,0.0434429060618953,0.3902777776441107,0.6097222223558894,1,sensor_104,-0.0134,-0.015206746748238735,0.015206746748238735,Decreases failure risk
WF-001139,0,Pass,Engineering Review,0.0434429060618953,0.3902777776441107,0.6097222223558894,2,sensor_060,-0.8173,-0.009702418505488832,0.009702418505488832,Decreases failure risk
WF-001139,0,Pass,Engineering Review,0.0434429060618953,0.3902777776441107,0.6097222223558894,3,sensor_130,-2.317,-0.007958606445774426,0.007958606445774426,Decreases failure risk
WF-001139,0,Pass,Engineering Review,0.0434429060618953,0.3902777776441107,0.6097222223558894,4,sensor_389,6.3101,-0.0076876509774187075,0.0076876509774187075,Decreases failure risk
WF-001139,0,Pass,Engineering Review,0.0434429060618953,0.3902777776441107,0.6097222223558894,5,sensor_432,3.0112,-0.007253024545129777,0.007253024545129777,Decreases failure risk
WF-001139,0,Pass,Engineering Review,0.0434429060618953,0.3902777776441107,0.6097222223558894,6,sensor_126,1.617,-0.006680444455583577,0.006680444455583577,Decreases failure risk
WF-001139,0,Pass,Engineering Review,0.0434429060618953,0.3902777776441107,0.6097222223558894,7,sensor_470,4.2035,-0.0061471640960165715,0.0061471640960165715,Decreases failure risk
WF-001139,0,Pass,Engineering Review,0.0434429060618953,0.3902777776441107,0.6097222223558894,8,sensor_206,6.81,-0.005745329187966718,0.005745329187966718,Decreases failure risk
WF-001139,0,Pass,Engineering Review,0.0434429060618953,0.3902777776441107,0.6097222223558894,9,sensor_478,4.5853,-0.0045679484190183,0.0045679484190183,Decreases failure risk
WF-001139,0,Pass,Engineering Review,0.0434429060618953,0.3902777776441107,0.6097222223558894,10,sensor_253,1.1849,-0.004394789063542918,0.004394789063542918,Decreases failure risk
WF-001005,0,Pass,Low Risk,0.0174044761498418,0.5129151645928662,0.4870848354071337,1,sensor_131,0.6304,-0.015038178489773563,0.015038178489773563,Decreases failure risk
WF-001005,0,Pass,Low Risk,0.0174044761498418,0.5129151645928662,0.4870848354071337,2,sensor_104,-0.0119,-0.013804423521346445,0.013804423521346445,Decreases failure risk
WF-001005,0,Pass,Low Risk,0.0174044761498418,0.5129151645928662,0.4870848354071337,3,sensor_214,0.0163,-0.013262967768320031,0.013262967768320031,Decreases failure risk
WF-001005,0,Pass,Low Risk,0.0174044761498418,0.5129151645928662,0.4870848354071337,4,sensor_060,-5.8818,-0.009352335612816063,0.009352335612816063,Decreases failure risk
WF-001005,0,Pass,Low Risk,0.0174044761498418,0.5129151645928662,0.4870848354071337,5,sensor_352,0.0072,-0.008300004330845412,0.008300004330845412,Decreases failure risk
WF-001005,0,Pass,Low Risk,0.0174044761498418,0.5129151645928662,0.4870848354071337,6,sensor_130,-3.543,-0.006807848550713363,0.006807848550713363,Decreases failure risk
WF-001005,0,Pass,Low Risk,0.0174044761498418,0.5129151645928662,0.4870848354071337,7,sensor_206,5.81,-0.006467059425700257,0.006467059425700257,Decreases failure risk
WF-001005,0,Pass,Low Risk,0.0174044761498418,0.5129151645928662,0.4870848354071337,8,sensor_126,1.735,-0.006195582435198194,0.006195582435198194,Decreases failure risk
WF-001005,0,Pass,Low Risk,0.0174044761498418,0.5129151645928662,0.4870848354071337,9,sensor_389,16.6117,-0.00608116312613804,0.00608116312613804,Decreases failure risk
WF-001005,0,Pass,Low Risk,0.0174044761498418,0.5129151645928662,0.4870848354071337,10,sensor_511,31.8658,-0.005862947901605042,0.005862947901605042,Decreases failure risk
WF-000675,0,Pass,Low Risk,0.0274244105177695,0.4067563316476548,0.5932436683523452,1,sensor_034,8.3331,-0.018142199185927587,0.018142199185927587,Decreases failure risk
WF-000675,0,Pass,Low Risk,0.0274244105177695,0.4067563316476548,0.5932436683523452,2,sensor_104,-0.0082,0.009084424590933343,0.009084424590933343,Increases failure risk
WF-000675,0,Pass,Low Risk,0.0274244105177695,0.4067563316476548,0.5932436683523452,3,sensor_029,74.6667,-0.006948888009599424,0.006948888009599424,Decreases failure risk
WF-000675,0,Pass,Low Risk,0.0274244105177695,0.4067563316476548,0.5932436683523452,4,sensor_181,23.99,-0.006433045523631247,0.006433045523631247,Decreases failure risk
WF-000675,0,Pass,Low Risk,0.0274244105177695,0.4067563316476548,0.5932436683523452,5,sensor_317,7.2215,-0.005606504862049997,0.005606504862049997,Decreases failure risk
WF-000675,0,Pass,Low Risk,0.0274244105177695,0.4067563316476548,0.5932436683523452,6,sensor_453,6.6033,-0.005534992759753699,0.005534992759753699,Decreases failure risk
WF-000675,0,Pass,Low Risk,0.0274244105177695,0.4067563316476548,0.5932436683523452,7,sensor_153,1.0474,0.0054170808461593434,0.0054170808461593434,Increases failure risk
WF-000675,0,Pass,Low Risk,0.0274244105177695,0.4067563316476548,0.5932436683523452,8,sensor_183,17.43,-0.005226220781253079,0.005226220781253079,Decreases failure risk
WF-000675,0,Pass,Low Risk,0.0274244105177695,0.4067563316476548,0.5932436683523452,9,sensor_228,0.0062,-0.005061072203164894,0.005061072203164894,Decreases failure risk
WF-000675,0,Pass,Low Risk,0.0274244105177695,0.4067563316476548,0.5932436683523452,10,sensor_065,17.4945,-0.004540104756528403,0.004540104756528403,Decreases failure risk
WF-001337,0,Pass,Engineering Review,0.0483448180224865,0.3994685001340948,0.6005314998659051,1,sensor_104,-0.0111,-0.01648761220183314,0.01648761220183314,Decreases failure risk
WF-001337,0,Pass,Engineering Review,0.0483448180224865,0.3994685001340948,0.6005314998659051,2,sensor_282,0.0247,-0.008228441301383983,0.008228441301383983,Decreases failure risk
WF-001337,0,Pass,Engineering Review,0.0483448180224865,0.3994685001340948,0.6005314998659051,3,sensor_060,-1.97,-0.008132500378883793,0.008132500378883793,Decreases failure risk
WF-001337,0,Pass,Engineering Review,0.0483448180224865,0.3994685001340948,0.6005314998659051,4,sensor_206,4.15,-0.007095270432157636,0.007095270432157636,Decreases failure risk
WF-001337,0,Pass,Engineering Review,0.0483448180224865,0.3994685001340948,0.6005314998659051,5,sensor_511,27.8652,-0.0069728482460498205,0.0069728482460498205,Decreases failure risk
WF-001337,0,Pass,Engineering Review,0.0483448180224865,0.3994685001340948,0.6005314998659051,6,sensor_029,74.9222,-0.006634042203561405,0.006634042203561405,Decreases failure risk
WF-001337,0,Pass,Engineering Review,0.0483448180224865,0.3994685001340948,0.6005314998659051,7,sensor_478,2.8027,-0.0066023107904380806,0.0066023107904380806,Decreases failure risk
WF-001337,0,Pass,Engineering Review,0.0483448180224865,0.3994685001340948,0.6005314998659051,8,sensor_342,1.2915,-0.00582518935669939,0.00582518935669939,Decreases failure risk
WF-001337,0,Pass,Engineering Review,0.0483448180224865,0.3994685001340948,0.6005314998659051,9,sensor_034,9.088,0.0050610973449818,0.0050610973449818,Increases failure risk
WF-001337,0,Pass,Engineering Review,0.0483448180224865,0.3994685001340948,0.6005314998659051,10,sensor_147,0.1089,-0.005034948905258155,0.005034948905258155,Decreases failure risk
WF-000332,0,Pass,Engineering Review,0.065246456767347,0.3930199381567751,0.6069800618432248,1,sensor_104,-0.0122,-0.011955373782531123,0.011955373782531123,Decreases failure risk
WF-000332,0,Pass,Engineering Review,0.065246456767347,0.3930199381567751,0.6069800618432248,2,sensor_034,8.5266,-0.010670841334833047,0.010670841334833047,Decreases failure risk
WF-000332,0,Pass,Engineering Review,0.065246456767347,0.3930199381567751,0.6069800618432248,3,sensor_017,12.805,0.007830255116319428,0.007830255116319428,Increases failure risk
WF-000332,0,Pass,Engineering Review,0.065246456767347,0.3930199381567751,0.6069800618432248,4,sensor_206,5.44,-0.007077557865646458,0.007077557865646458,Decreases failure risk
WF-000332,0,Pass,Engineering Review,0.065246456767347,0.3930199381567751,0.6069800618432248,5,sensor_153,0.9184,0.006892520982786961,0.006892520982786961,Increases failure risk
WF-000332,0,Pass,Engineering Review,0.065246456767347,0.3930199381567751,0.6069800618432248,6,sensor_511,34.4615,-0.005890873847584055,0.005890873847584055,Decreases failure risk
WF-000332,0,Pass,Engineering Review,0.065246456767347,0.3930199381567751,0.6069800618432248,7,sensor_342,1.5546,-0.00580312450255123,0.00580312450255123,Decreases failure risk
WF-000332,0,Pass,Engineering Review,0.065246456767347,0.3930199381567751,0.6069800618432248,8,sensor_478,3.6741,-0.0055137766596734476,0.0055137766596734476,Decreases failure risk
WF-000332,0,Pass,Engineering Review,0.065246456767347,0.3930199381567751,0.6069800618432248,9,sensor_308,0.1091,-0.005410357320886571,0.005410357320886571,Decreases failure risk
WF-000332,0,Pass,Engineering Review,0.065246456767347,0.3930199381567751,0.6069800618432248,10,sensor_288,0.3248,0.00494014448274916,0.00494014448274916,Increases failure risk
WF-001425,0,Pass,Low Risk,0.0249580594212095,0.4308631501910098,0.5691368498089902,1,sensor_104,-0.0131,-0.01470596712603311,0.01470596712603311,Decreases failure risk
WF-001425,0,Pass,Low Risk,0.0249580594212095,0.4308631501910098,0.5691368498089902,2,sensor_511,29.0353,-0.007278693401380129,0.007278693401380129,Decreases failure risk
WF-001425,0,Pass,Low Risk,0.0249580594212095,0.4308631501910098,0.5691368498089902,3,sensor_317,7.6664,-0.007018284067862993,0.007018284067862993,Decreases failure risk
WF-001425,0,Pass,Low Risk,0.0249580594212095,0.4308631501910098,0.5691368498089902,4,sensor_201,11.64,-0.0066718844896927615,0.0066718844896927615,Decreases failure risk
WF-001425,0,Pass,Low Risk,0.0249580594212095,0.4308631501910098,0.5691368498089902,5,sensor_453,7.0138,-0.006344877478113212,0.006344877478113212,Decreases failure risk
WF-001425,0,Pass,Low Risk,0.0249580594212095,0.4308631501910098,0.5691368498089902,6,sensor_181,25.54,-0.006054295150033241,0.006054295150033241,Decreases failure risk
WF-001425,0,Pass,Low Risk,0.0249580594212095,0.4308631501910098,0.5691368498089902,7,sensor_434,817.5723,0.005857619395549273,0.005857619395549273,Increases failure risk
WF-001425,0,Pass,Low Risk,0.0249580594212095,0.4308631501910098,0.5691368498089902,8,sensor_034,9.4749,0.004714851542544828,0.004714851542544828,Increases failure risk
WF-001425,0,Pass,Low Risk,0.0249580594212095,0.4308631501910098,0.5691368498089902,9,sensor_184,16.252,-0.004704771527127404,0.004704771527127404,Decreases failure risk
WF-001425,0,Pass,Low Risk,0.0249580594212095,0.4308631501910098,0.5691368498089902,10,sensor_125,15.71,-0.004441223925628052,0.004441223925628052,Decreases failure risk
WF-001273,0,Pass,High Risk,0.1811384392853575,0.3765387710063265,0.6234612289936734,1,sensor_104,-0.0065,0.016832000970865464,0.016832000970865464,Increases failure risk
WF-001273,0,Pass,High Risk,0.1811384392853575,0.3765387710063265,0.6234612289936734,2,sensor_125,16.09,0.008869426359534593,0.008869426359534593,Increases failure risk
WF-001273,0,Pass,High Risk,0.1811384392853575,0.3765387710063265,0.6234612289936734,3,sensor_060,0.7955,-0.0077578756558590095,0.0077578756558590095,Decreases failure risk
WF-001273,0,Pass,High Risk,0.1811384392853575,0.3765387710063265,0.6234612289936734,4,sensor_126,1.757,-0.0077068776370127125,0.0077068776370127125,Decreases failure risk
WF-001273,0,Pass,High Risk,0.1811384392853575,0.3765387710063265,0.6234612289936734,5,sensor_282,0.0191,-0.0070273608152219905,0.0070273608152219905,Decreases failure risk
WF-001273,0,Pass,High Risk,0.1811384392853575,0.3765387710063265,0.6234612289936734,6,sensor_015,4.7662,0.006446074014823488,0.006446074014823488,Increases failure risk
WF-001273,0,Pass,High Risk,0.1811384392853575,0.3765387710063265,0.6234612289936734,7,sensor_424,115.4803,0.006028608698885327,0.006028608698885327,Increases failure risk
WF-001273,0,Pass,High Risk,0.1811384392853575,0.3765387710063265,0.6234612289936734,8,sensor_308,0.0883,-0.005913209028609238,0.005913209028609238,Decreases failure risk
WF-001273,0,Pass,High Risk,0.1811384392853575,0.3765387710063265,0.6234612289936734,9,sensor_133,2.1995,0.005656838845432295,0.005656838845432295,Increases failure risk
WF-001273,0,Pass,High Risk,0.1811384392853575,0.3765387710063265,0.6234612289936734,10,sensor_478,2.4776,-0.005223546273393397,0.005223546273393397,Decreases failure risk
WF-000521,0,Pass,Engineering Review,0.0781913240428275,0.3639075706512817,0.6360924293487182,1,sensor_034,8.3324,-0.017460136827089454,0.017460136827089454,Decreases failure risk
WF-000521,0,Pass,Engineering Review,0.0781913240428275,0.3639075706512817,0.6360924293487182,2,sensor_511,119.174,0.01127975651542131,0.01127975651542131,Increases failure risk
WF-000521,0,Pass,Engineering Review,0.0781913240428275,0.3639075706512817,0.6360924293487182,3,sensor_104,-0.0085,0.008031826104133295,0.008031826104133295,Increases failure risk
WF-000521,0,Pass,Engineering Review,0.0781913240428275,0.3639075706512817,0.6360924293487182,4,sensor_126,1.541,-0.007518374717705261,0.007518374717705261,Decreases failure risk
WF-000521,0,Pass,Engineering Review,0.0781913240428275,0.3639075706512817,0.6360924293487182,5,sensor_520,4.4833,-0.006972842159485109,0.006972842159485109,Decreases failure risk
WF-000521,0,Pass,Engineering Review,0.0781913240428275,0.3639075706512817,0.6360924293487182,6,sensor_248,0.0206,-0.006506955101547858,0.006506955101547858,Decreases failure risk
WF-000521,0,Pass,Engineering Review,0.0781913240428275,0.3639075706512817,0.6360924293487182,7,sensor_015,5.7074,0.005763759937184078,0.005763759937184078,Increases failure risk
WF-000521,0,Pass,Engineering Review,0.0781913240428275,0.3639075706512817,0.6360924293487182,8,sensor_206,4.55,-0.0056011572961387505,0.0056011572961387505,Decreases failure risk
WF-000521,0,Pass,Engineering Review,0.0781913240428275,0.3639075706512817,0.6360924293487182,9,sensor_342,1.5461,-0.005582785644098864,0.005582785644098864,Decreases failure risk
WF-000521,0,Pass,Engineering Review,0.0781913240428275,0.3639075706512817,0.6360924293487182,10,sensor_478,3.1119,-0.005278883888199676,0.005278883888199676,Decreases failure risk
WF-001269,0,Pass,Engineering Review,0.0532446440524183,0.3577731612084175,0.6422268387915825,1,sensor_034,8.3808,-0.017725345485382703,0.017725345485382703,Decreases failure risk
WF-001269,0,Pass,Engineering Review,0.0532446440524183,0.3577731612084175,0.6422268387915825,2,sensor_104,-0.008,0.010640191947849518,0.010640191947849518,Increases failure risk
WF-001269,0,Pass,Engineering Review,0.0532446440524183,0.3577731612084175,0.6422268387915825,3,sensor_133,2.212,0.006948019266402348,0.006948019266402348,Increases failure risk
WF-001269,0,Pass,Engineering Review,0.0532446440524183,0.3577731612084175,0.6422268387915825,4,sensor_060,0.2236,-0.006729793718879818,0.006729793718879818,Decreases failure risk
WF-001269,0,Pass,Engineering Review,0.0532446440524183,0.3577731612084175,0.6422268387915825,5,sensor_478,3.3124,-0.006479946006330438,0.006479946006330438,Decreases failure risk
WF-001269,0,Pass,Engineering Review,0.0532446440524183,0.3577731612084175,0.6422268387915825,6,sensor_201,13.18,-0.006411138342019046,0.006411138342019046,Decreases failure risk
WF-001269,0,Pass,Engineering Review,0.0532446440524183,0.3577731612084175,0.6422268387915825,7,sensor_317,6.8055,-0.005640574586492804,0.005640574586492804,Decreases failure risk
WF-001269,0,Pass,Engineering Review,0.0532446440524183,0.3577731612084175,0.6422268387915825,8,sensor_432,5.1882,-0.005356843697993937,0.005356843697993937,Decreases failure risk
WF-001269,0,Pass,Engineering Review,0.0532446440524183,0.3577731612084175,0.6422268387915825,9,sensor_342,1.5323,-0.005311129261310908,0.005311129261310908,Decreases failure risk
WF-001269,0,Pass,Engineering Review,0.0532446440524183,0.3577731612084175,0.6422268387915825,10,sensor_056,2822.0,0.004536865747495899,0.004536865747495899,Increases failure risk
WF-000851,0,Pass,Low Risk,0.0113072610572929,0.4724868265345221,0.5275131734654779,1,sensor_034,8.4278,-0.016087361950445325,0.016087361950445325,Decreases failure risk
WF-000851,0,Pass,Low Risk,0.0113072610572929,0.4724868265345221,0.5275131734654779,2,sensor_131,0.6108,-0.014067977331112811,0.014067977331112811,Decreases failure risk
WF-000851,0,Pass,Low Risk,0.0113072610572929,0.4724868265345221,0.5275131734654779,3,sensor_104,-0.0111,-0.012966771653415738,0.012966771653415738,Decreases failure risk
WF-000851,0,Pass,Low Risk,0.0113072610572929,0.4724868265345221,0.5275131734654779,4,sensor_520,3.877,-0.00724374803654995,0.00724374803654995,Decreases failure risk
WF-000851,0,Pass,Low Risk,0.0113072610572929,0.4724868265345221,0.5275131734654779,5,sensor_248,0.0179,-0.006319921124118047,0.006319921124118047,Decreases failure risk
WF-000851,0,Pass,Low Risk,0.0113072610572929,0.4724868265345221,0.5275131734654779,6,sensor_206,2.99,-0.0061637983053609655,0.0061637983053609655,Decreases failure risk
WF-000851,0,Pass,Low Risk,0.0113072610572929,0.4724868265345221,0.5275131734654779,7,sensor_126,1.532,-0.006052068902948951,0.006052068902948951,Decreases failure risk
WF-000851,0,Pass,Low Risk,0.0113072610572929,0.4724868265345221,0.5275131734654779,8,sensor_478,2.0193,-0.005970580305793576,0.005970580305793576,Decreases failure risk
WF-000851,0,Pass,Low Risk,0.0113072610572929,0.4724868265345221,0.5275131734654779,9,sensor_060,1.7627,-0.005867381912918071,0.005867381912918071,Decreases failure risk
WF-000851,0,Pass,Low Risk,0.0113072610572929,0.4724868265345221,0.5275131734654779,10,sensor_511,38.7824,-0.005425618727261454,0.005425618727261454,Decreases failure risk
WF-000229,0,Pass,High Risk,0.2326193201507952,0.2345810678389503,0.7654189321610497,1,sensor_104,-0.0049,0.017732163893561418,0.017732163893561418,Increases failure risk
WF-000229,0,Pass,High Risk,0.2326193201507952,0.2345810678389503,0.7654189321610497,2,sensor_065,41.8473,0.010645002037599664,0.010645002037599664,Increases failure risk
WF-000229,0,Pass,High Risk,0.2326193201507952,0.2345810678389503,0.7654189321610497,3,sensor_060,-1.8473,-0.009770620865301097,0.009770620865301097,Decreases failure risk
WF-000229,0,Pass,High Risk,0.2326193201507952,0.2345810678389503,0.7654189321610497,4,sensor_478,8.9647,0.008748492140149512,0.008748492140149512,Increases failure risk
WF-000229,0,Pass,High Risk,0.2326193201507952,0.2345810678389503,0.7654189321610497,5,sensor_206,13.31,0.007842183238792483,0.007842183238792483,Increases failure risk
WF-000229,0,Pass,High Risk,0.2326193201507952,0.2345810678389503,0.7654189321610497,6,sensor_066,52.5657,0.007546912415686831,0.007546912415686831,Increases failure risk
WF-000229,0,Pass,High Risk,0.2326193201507952,0.2345810678389503,0.7654189321610497,7,sensor_342,3.5894,0.006883605867238628,0.006883605867238628,Increases failure risk
WF-000229,0,Pass,High Risk,0.2326193201507952,0.2345810678389503,0.7654189321610497,8,sensor_511,108.9974,0.006806000883096786,0.006806000883096786,Increases failure risk
WF-000229,0,Pass,High Risk,0.2326193201507952,0.2345810678389503,0.7654189321610497,9,sensor_548,397.858,-0.006361141598997024,0.006361141598997024,Decreases failure risk
WF-000229,0,Pass,High Risk,0.2326193201507952,0.2345810678389503,0.7654189321610497,10,sensor_432,9.7108,-0.006355351261781771,0.006355351261781771,Decreases failure risk
WF-000948,0,Pass,Low Risk,0.0298163259809585,0.376250164166001,0.623749835833999,1,sensor_131,0.5524,-0.015085743836233461,0.015085743836233461,Decreases failure risk
WF-000948,0,Pass,Low Risk,0.0298163259809585,0.376250164166001,0.623749835833999,2,sensor_104,-0.0115,-0.012049148203228272,0.012049148203228272,Decreases failure risk
WF-000948,0,Pass,Low Risk,0.0298163259809585,0.376250164166001,0.623749835833999,3,sensor_424,226.8931,0.009129504785855103,0.009129504785855103,Increases failure risk
WF-000948,0,Pass,Low Risk,0.0298163259809585,0.376250164166001,0.623749835833999,4,sensor_126,1.739,-0.0068282746497360354,0.0068282746497360354,Decreases failure risk
WF-000948,0,Pass,Low Risk,0.0298163259809585,0.376250164166001,0.623749835833999,5,sensor_060,-2.2818,-0.00681460271761066,0.00681460271761066,Decreases failure risk
WF-000948,0,Pass,Low Risk,0.0298163259809585,0.376250164166001,0.623749835833999,6,sensor_130,-3.732,-0.006486501480715224,0.006486501480715224,Decreases failure risk
WF-000948,0,Pass,Low Risk,0.0298163259809585,0.376250164166001,0.623749835833999,7,sensor_352,0.0135,-0.006049275298020964,0.006049275298020964,Decreases failure risk
WF-000948,0,Pass,Low Risk,0.0298163259809585,0.376250164166001,0.623749835833999,8,sensor_511,45.9372,-0.004902341952372808,0.004902341952372808,Decreases failure risk
WF-000948,0,Pass,Low Risk,0.0298163259809585,0.376250164166001,0.623749835833999,9,sensor_386,0.0181,0.004819513919127895,0.004819513919127895,Increases failure risk
WF-000948,0,Pass,Low Risk,0.0298163259809585,0.376250164166001,0.623749835833999,10,sensor_092,-0.105,-0.00472271249260195,0.00472271249260195,Decreases failure risk
WF-000679,0,Pass,Engineering Review,0.0450651238955002,0.3297198275954265,0.6702801724045735,1,sensor_104,-0.01,-0.0114194047131722,0.0114194047131722,Decreases failure risk
WF-000679,0,Pass,Engineering Review,0.0450651238955002,0.3297198275954265,0.6702801724045735,2,sensor_520,3.958,-0.010005346563803924,0.010005346563803924,Decreases failure risk
WF-000679,0,Pass,Engineering Review,0.0450651238955002,0.3297198275954265,0.6702801724045735,3,sensor_248,0.0184,-0.009684415174300475,0.009684415174300475,Decreases failure risk
WF-000679,0,Pass,Engineering Review,0.0450651238955002,0.3297198275954265,0.6702801724045735,4,sensor_060,0.3036,-0.007070173240376708,0.007070173240376708,Decreases failure risk
WF-000679,0,Pass,Engineering Review,0.0450651238955002,0.3297198275954265,0.6702801724045735,5,sensor_564,0.9242,-0.0063625665037195835,0.0063625665037195835,Decreases failure risk
WF-000679,0,Pass,Engineering Review,0.0450651238955002,0.3297198275954265,0.6702801724045735,6,sensor_034,9.308,0.005833132786826689,0.005833132786826689,Increases failure risk
WF-000679,0,Pass,Engineering Review,0.0450651238955002,0.3297198275954265,0.6702801724045735,7,sensor_206,11.32,0.005468044491734729,0.005468044491734729,Increases failure risk
WF-000679,0,Pass,Engineering Review,0.0450651238955002,0.3297198275954265,0.6702801724045735,8,sensor_386,0.0053,-0.005308543349307522,0.005308543349307522,Decreases failure risk
WF-000679,0,Pass,Engineering Review,0.0450651238955002,0.3297198275954265,0.6702801724045735,9,sensor_282,0.0189,-0.004927368783077781,0.004927368783077781,Decreases failure risk
WF-000679,0,Pass,Engineering Review,0.0450651238955002,0.3297198275954265,0.6702801724045735,10,sensor_317,6.3964,-0.00473884148540791,0.00473884148540791,Decreases failure risk
WF-000933,0,Pass,Low Risk,0.0147788975616677,0.4163660018009877,0.5836339981990122,1,sensor_131,0.562,-0.015778741901131366,0.015778741901131366,Decreases failure risk
WF-000933,0,Pass,Low Risk,0.0147788975616677,0.4163660018009877,0.5836339981990122,2,sensor_104,-0.0091,-0.010461537832367314,0.010461537832367314,Decreases failure risk
WF-000933,0,Pass,Low Risk,0.0147788975616677,0.4163660018009877,0.5836339981990122,3,sensor_060,-0.75,-0.009818448573990864,0.009818448573990864,Decreases failure risk
WF-000933,0,Pass,Low Risk,0.0147788975616677,0.4163660018009877,0.5836339981990122,4,sensor_520,3.8743,-0.009075423467976252,0.009075423467976252,Decreases failure risk
WF-000933,0,Pass,Low Risk,0.0147788975616677,0.4163660018009877,0.5836339981990122,5,sensor_248,0.0181,-0.007718344206746984,0.007718344206746984,Decreases failure risk
WF-000933,0,Pass,Low Risk,0.0147788975616677,0.4163660018009877,0.5836339981990122,6,sensor_126,1.801,-0.00769513464548388,0.00769513464548388,Decreases failure risk
WF-000933,0,Pass,Low Risk,0.0147788975616677,0.4163660018009877,0.5836339981990122,7,sensor_123,6.063,-0.006326051058104212,0.006326051058104212,Decreases failure risk
WF-000933,0,Pass,Low Risk,0.0147788975616677,0.4163660018009877,0.5836339981990122,8,sensor_130,-3.025,-0.005270504623239826,0.005270504623239826,Decreases failure risk
WF-000933,0,Pass,Low Risk,0.0147788975616677,0.4163660018009877,0.5836339981990122,9,sensor_127,2.393,-0.004926834815335749,0.004926834815335749,Decreases failure risk
WF-000933,0,Pass,Low Risk,0.0147788975616677,0.4163660018009877,0.5836339981990122,10,sensor_173,0.2238,-0.004840492830891199,0.004840492830891199,Decreases failure risk
WF-000243,0,Pass,High Risk,0.1490733499274895,0.2764243428399709,0.723575657160029,1,sensor_104,-0.007,0.014612551240358599,0.014612551240358599,Increases failure risk
WF-000243,0,Pass,High Risk,0.1490733499274895,0.2764243428399709,0.723575657160029,2,sensor_060,12.1609,0.013273701190220973,0.013273701190220973,Increases failure risk
WF-000243,0,Pass,High Risk,0.1490733499274895,0.2764243428399709,0.723575657160029,3,sensor_065,27.8391,0.009777664543355368,0.009777664543355368,Increases failure risk
WF-000243,0,Pass,High Risk,0.1490733499274895,0.2764243428399709,0.723575657160029,4,sensor_548,398.984,-0.0072802974526465425,0.0072802974526465425,Decreases failure risk
WF-000243,0,Pass,High Risk,0.1490733499274895,0.2764243428399709,0.723575657160029,5,sensor_066,37.9497,0.006781341686751171,0.006781341686751171,Increases failure risk
WF-000243,0,Pass,High Risk,0.1490733499274895,0.2764243428399709,0.723575657160029,6,sensor_470,4.6481,-0.006305135125565853,0.006305135125565853,Decreases failure risk
WF-000243,0,Pass,High Risk,0.1490733499274895,0.2764243428399709,0.723575657160029,7,sensor_489,0.0,0.004831607284853366,0.004831607284853366,Increases failure risk
WF-000243,0,Pass,High Risk,0.1490733499274895,0.2764243428399709,0.723575657160029,8,sensor_056,2829.0,0.004507266759379751,0.004507266759379751,Increases failure risk
WF-000243,0,Pass,High Risk,0.1490733499274895,0.2764243428399709,0.723575657160029,9,sensor_520,13.7092,0.004441477936269137,0.004441477936269137,Increases failure risk
WF-000243,0,Pass,High Risk,0.1490733499274895,0.2764243428399709,0.723575657160029,10,sensor_578,17.7352,-0.004332581181150962,0.004332581181150962,Decreases failure risk
WF-000653,0,Pass,Engineering Review,0.0764582147901078,0.2013106415283715,0.7986893584716285,1,sensor_104,-0.0063,0.018732425085705058,0.018732425085705058,Increases failure risk
WF-000653,0,Pass,Engineering Review,0.0764582147901078,0.2013106415283715,0.7986893584716285,2,sensor_034,8.5288,-0.011244021568705583,0.011244021568705583,Decreases failure risk
WF-000653,0,Pass,Engineering Review,0.0764582147901078,0.2013106415283715,0.7986893584716285,3,sensor_511,97.8304,0.010396945031473462,0.010396945031473462,Increases failure risk
WF-000653,0,Pass,Engineering Review,0.0764582147901078,0.2013106415283715,0.7986893584716285,4,sensor_060,-0.7482,-0.008032904411206014,0.008032904411206014,Decreases failure risk
WF-000653,0,Pass,Engineering Review,0.0764582147901078,0.2013106415283715,0.7986893584716285,5,sensor_206,6.35,-0.006015550270050317,0.006015550270050317,Decreases failure risk
WF-000653,0,Pass,Engineering Review,0.0764582147901078,0.2013106415283715,0.7986893584716285,6,sensor_478,4.4649,-0.0056176304937076895,0.0056176304937076895,Decreases failure risk
WF-000653,0,Pass,Engineering Review,0.0764582147901078,0.2013106415283715,0.7986893584716285,7,sensor_015,13.2746,-0.004836982901010158,0.004836982901010158,Decreases failure risk
WF-000653,0,Pass,Engineering Review,0.0764582147901078,0.2013106415283715,0.7986893584716285,8,sensor_065,20.7482,-0.004539290768220692,0.004539290768220692,Decreases failure risk
WF-000653,0,Pass,Engineering Review,0.0764582147901078,0.2013106415283715,0.7986893584716285,9,sensor_461,16.1686,-0.004528410852028278,0.004528410852028278,Decreases failure risk
WF-000653,0,Pass,Engineering Review,0.0764582147901078,0.2013106415283715,0.7986893584716285,10,sensor_057,0.9238,-0.004420624007288884,0.004420624007288884,Decreases failure risk
WF-000235,0,Pass,High Risk,0.0996491343707386,0.3430349507369884,0.6569650492630116,1,sensor_104,-0.0099,-0.012267963530998042,0.012267963530998042,Decreases failure risk
WF-000235,0,Pass,High Risk,0.0996491343707386,0.3430349507369884,0.6569650492630116,2,sensor_352,0.0141,-0.008566593145564818,0.008566593145564818,Decreases failure risk
WF-000235,0,Pass,High Risk,0.0996491343707386,0.3430349507369884,0.6569650492630116,3,sensor_032,4.645,-0.007956262501349435,0.007956262501349435,Decreases failure risk
WF-000235,0,Pass,High Risk,0.0996491343707386,0.3430349507369884,0.6569650492630116,4,sensor_214,0.0308,-0.007344948414215617,0.007344948414215617,Decreases failure risk
WF-000235,0,Pass,High Risk,0.0996491343707386,0.3430349507369884,0.6569650492630116,5,sensor_520,40.6933,0.006816367241610269,0.006816367241610269,Increases failure risk
WF-000235,0,Pass,High Risk,0.0996491343707386,0.3430349507369884,0.6569650492630116,6,sensor_034,9.2171,0.005811886173982262,0.005811886173982262,Increases failure risk
WF-000235,0,Pass,High Risk,0.0996491343707386,0.3430349507369884,0.6569650492630116,7,sensor_386,0.0247,0.005786897535407397,0.005786897535407397,Increases failure risk
WF-000235,0,Pass,High Risk,0.0996491343707386,0.3430349507369884,0.6569650492630116,8,sensor_153,1.4658,0.005679725390310178,0.005679725390310178,Increases failure risk
WF-000235,0,Pass,High Risk,0.0996491343707386,0.3430349507369884,0.6569650492630116,9,sensor_060,1.1591,-0.005593047292952874,0.005593047292952874,Decreases failure risk
WF-000235,0,Pass,High Risk,0.0996491343707386,0.3430349507369884,0.6569650492630116,10,sensor_574,0.1564,0.00547173130788718,0.00547173130788718,Increases failure risk
WF-001227,0,Pass,High Risk,0.0881482315700047,0.3289197566845738,0.6710802433154262,1,sensor_034,8.3808,-0.019650201968663468,0.019650201968663468,Decreases failure risk
WF-001227,0,Pass,High Risk,0.0881482315700047,0.3289197566845738,0.6710802433154262,2,sensor_104,-0.0085,0.009231005312015612,0.009231005312015612,Increases failure risk
WF-001227,0,Pass,High Risk,0.0881482315700047,0.3289197566845738,0.6710802433154262,3,sensor_282,0.0317,-0.00662703893847851,0.00662703893847851,Decreases failure risk
WF-001227,0,Pass,High Risk,0.0881482315700047,0.3289197566845738,0.6710802433154262,4,sensor_511,43.6578,-0.005823009532349868,0.005823009532349868,Decreases failure risk
WF-001227,0,Pass,High Risk,0.0881482315700047,0.3289197566845738,0.6710802433154262,5,sensor_489,50.1324,0.005467377087976167,0.005467377087976167,Increases failure risk
WF-001227,0,Pass,High Risk,0.0881482315700047,0.3289197566845738,0.6710802433154262,6,sensor_126,0.7474,0.005331885196903394,0.005331885196903394,Increases failure risk
WF-001227,0,Pass,High Risk,0.0881482315700047,0.3289197566845738,0.6710802433154262,7,sensor_130,0.9934,0.00520895690645662,0.00520895690645662,Increases failure risk
WF-001227,0,Pass,High Risk,0.0881482315700047,0.3289197566845738,0.6710802433154262,8,sensor_434,884.6673,0.005005596755063099,0.005005596755063099,Increases failure risk
WF-001227,0,Pass,High Risk,0.0881482315700047,0.3289197566845738,0.6710802433154262,9,sensor_147,0.1407,-0.004986330049369431,0.004986330049369431,Decreases failure risk
WF-001227,0,Pass,High Risk,0.0881482315700047,0.3289197566845738,0.6710802433154262,10,sensor_317,4.8794,0.004851269592804519,0.004851269592804519,Increases failure risk
WF-000754,0,Pass,Low Risk,0.0333251808971113,0.3200004185615128,0.6799995814384872,1,sensor_104,-0.0062,0.013258961814039433,0.013258961814039433,Increases failure risk
WF-000754,0,Pass,Low Risk,0.0333251808971113,0.3200004185615128,0.6799995814384872,2,sensor_032,4.6714,-0.012353980013067298,0.012353980013067298,Decreases failure risk
WF-000754,0,Pass,Low Risk,0.0333251808971113,0.3200004185615128,0.6799995814384872,3,sensor_248,0.014,-0.009913434093693519,0.009913434093693519,Decreases failure risk
WF-000754,0,Pass,Low Risk,0.0333251808971113,0.3200004185615128,0.6799995814384872,4,sensor_520,3.0384,-0.009221324616509508,0.009221324616509508,Decreases failure risk
WF-000754,0,Pass,Low Risk,0.0333251808971113,0.3200004185615128,0.6799995814384872,5,sensor_511,80.4829,0.008519618395545003,0.008519618395545003,Increases failure risk
WF-000754,0,Pass,Low Risk,0.0333251808971113,0.3200004185615128,0.6799995814384872,6,sensor_548,392.414,-0.006703584557841329,0.006703584557841329,Decreases failure risk
WF-000754,0,Pass,Low Risk,0.0333251808971113,0.3200004185615128,0.6799995814384872,7,sensor_386,0.0038,-0.006089223389288348,0.006089223389288348,Decreases failure risk
WF-000754,0,Pass,Low Risk,0.0333251808971113,0.3200004185615128,0.6799995814384872,8,sensor_206,11.47,0.005562706452586954,0.005562706452586954,Increases failure risk
WF-000754,0,Pass,Low Risk,0.0333251808971113,0.3200004185615128,0.6799995814384872,9,sensor_183,21.77,-0.005437105897859026,0.005437105897859026,Decreases failure risk
WF-000754,0,Pass,Low Risk,0.0333251808971113,0.3200004185615128,0.6799995814384872,10,sensor_432,11.4813,-0.004925193360827037,0.004925193360827037,Decreases failure risk
WF-000714,0,Pass,Engineering Review,0.0395619978434222,0.3306101769123682,0.6693898230876318,1,sensor_104,-0.0107,-0.011821861180110338,0.011821861180110338,Decreases failure risk
WF-000714,0,Pass,Engineering Review,0.0395619978434222,0.3306101769123682,0.6693898230876318,2,sensor_060,-0.7782,-0.010990448008879513,0.010990448008879513,Decreases failure risk
WF-000714,0,Pass,Engineering Review,0.0395619978434222,0.3306101769123682,0.6693898230876318,3,sensor_564,0.8327,-0.006127271139440809,0.006127271139440809,Decreases failure risk
WF-000714,0,Pass,Engineering Review,0.0395619978434222,0.3306101769123682,0.6693898230876318,4,sensor_461,11.2694,-0.005949947747994382,0.005949947747994382,Decreases failure risk
WF-000714,0,Pass,Engineering Review,0.0395619978434222,0.3306101769123682,0.6693898230876318,5,sensor_511,45.6345,-0.005589811114814516,0.005589811114814516,Decreases failure risk
WF-000714,0,Pass,Engineering Review,0.0395619978434222,0.3306101769123682,0.6693898230876318,6,sensor_432,7.0523,-0.00556212557762994,0.00556212557762994,Decreases failure risk
WF-000714,0,Pass,Engineering Review,0.0395619978434222,0.3306101769123682,0.6693898230876318,7,sensor_478,3.9458,-0.005435464946659823,0.005435464946659823,Decreases failure risk
WF-000714,0,Pass,Engineering Review,0.0395619978434222,0.3306101769123682,0.6693898230876318,8,sensor_206,5.71,-0.0053344850727780006,0.0053344850727780006,Decreases failure risk
WF-000714,0,Pass,Engineering Review,0.0395619978434222,0.3306101769123682,0.6693898230876318,9,sensor_489,0.0,0.005203294073388843,0.005203294073388843,Increases failure risk
WF-000714,0,Pass,Engineering Review,0.0395619978434222,0.3306101769123682,0.6693898230876318,10,sensor_282,0.0176,-0.0045413731007217005,0.0045413731007217005,Decreases failure risk
WF-000175,0,Pass,High Risk,0.1575054607472795,0.1774426246731109,0.8225573753268891,1,sensor_104,-0.0022,0.019563887968206687,0.019563887968206687,Increases failure risk
WF-000175,0,Pass,High Risk,0.1575054607472795,0.1774426246731109,0.8225573753268891,2,sensor_060,17.1673,0.01413261074105686,0.01413261074105686,Increases failure risk
WF-000175,0,Pass,High Risk,0.1575054607472795,0.1774426246731109,0.8225573753268891,3,sensor_511,113.6364,0.011675467222780173,0.011675467222780173,Increases failure risk
WF-000175,0,Pass,High Risk,0.1575054607472795,0.1774426246731109,0.8225573753268891,4,sensor_563,242.534,0.007472372844291475,0.007472372844291475,Increases failure risk
WF-000175,0,Pass,High Risk,0.1575054607472795,0.1774426246731109,0.8225573753268891,5,sensor_015,4.023,0.007024270843406832,0.007024270843406832,Increases failure risk
WF-000175,0,Pass,High Risk,0.1575054607472795,0.1774426246731109,0.8225573753268891,6,sensor_424,144.0716,0.006732352811939555,0.006732352811939555,Increases failure risk
WF-000175,0,Pass,High Risk,0.1575054607472795,0.1774426246731109,0.8225573753268891,7,sensor_470,4.0895,-0.006542858464109963,0.006542858464109963,Decreases failure risk
WF-000175,0,Pass,High Risk,0.1575054607472795,0.1774426246731109,0.8225573753268891,8,sensor_034,9.2405,0.005827350622972687,0.005827350622972687,Increases failure risk
WF-000175,0,Pass,High Risk,0.1575054607472795,0.1774426246731109,0.8225573753268891,9,sensor_317,6.4075,-0.005307971435137002,0.005307971435137002,Decreases failure risk
WF-000175,0,Pass,High Risk,0.1575054607472795,0.1774426246731109,0.8225573753268891,10,sensor_578,19.563,-0.004881083597967585,0.004881083597967585,Decreases failure risk
WF-001310,0,Pass,Engineering Review,0.076744950457366,0.3174048210039117,0.6825951789960882,1,sensor_104,-0.0093,-0.00853776534615278,0.00853776534615278,Decreases failure risk
WF-001310,0,Pass,Engineering Review,0.076744950457366,0.3174048210039117,0.6825951789960882,2,sensor_470,4.0029,-0.00681249994909778,0.00681249994909778,Decreases failure risk
WF-001310,0,Pass,Engineering Review,0.076744950457366,0.3174048210039117,0.6825951789960882,3,sensor_406,0.0086,0.006267982344147842,0.006267982344147842,Increases failure risk
WF-001310,0,Pass,Engineering Review,0.076744950457366,0.3174048210039117,0.6825951789960882,4,sensor_126,1.357,-0.005955986008927295,0.005955986008927295,Decreases failure risk
WF-001310,0,Pass,Engineering Review,0.076744950457366,0.3174048210039117,0.6825951789960882,5,sensor_432,9.5608,-0.0050800776372158015,0.0050800776372158015,Decreases failure risk
WF-001310,0,Pass,Engineering Review,0.076744950457366,0.3174048210039117,0.6825951789960882,6,sensor_133,2.2337,0.004974550301439191,0.004974550301439191,Increases failure risk
WF-001310,0,Pass,Engineering Review,0.076744950457366,0.3174048210039117,0.6825951789960882,7,sensor_511,46.1126,-0.004706492024509949,0.004706492024509949,Decreases failure risk
WF-001310,0,Pass,Engineering Review,0.076744950457366,0.3174048210039117,0.6825951789960882,8,sensor_034,8.5735,-0.004303382476471425,0.004303382476471425,Decreases failure risk
WF-001310,0,Pass,Engineering Review,0.076744950457366,0.3174048210039117,0.6825951789960882,9,sensor_065,18.1418,-0.004027329320825402,0.004027329320825402,Decreases failure risk
WF-001310,0,Pass,Engineering Review,0.076744950457366,0.3174048210039117,0.6825951789960882,10,sensor_282,0.0157,-0.003951006226931469,0.003951006226931469,Decreases failure risk
WF-001334,0,Pass,Engineering Review,0.0512647117781761,0.3387244857455228,0.6612755142544772,1,sensor_104,-0.0109,-0.012391964188430837,0.012391964188430837,Decreases failure risk
WF-001334,0,Pass,Engineering Review,0.0512647117781761,0.3387244857455228,0.6612755142544772,2,sensor_206,12.96,0.009524123185332158,0.009524123185332158,Increases failure risk
WF-001334,0,Pass,Engineering Review,0.0512647117781761,0.3387244857455228,0.6612755142544772,3,sensor_317,7.2888,-0.007216597800562412,0.007216597800562412,Decreases failure risk
WF-001334,0,Pass,Engineering Review,0.0512647117781761,0.3387244857455228,0.6612755142544772,4,sensor_478,8.6184,0.00690528842448256,0.00690528842448256,Increases failure risk
WF-001334,0,Pass,Engineering Review,0.0512647117781761,0.3387244857455228,0.6612755142544772,5,sensor_201,10.14,-0.006434595863634876,0.006434595863634876,Decreases failure risk
WF-001334,0,Pass,Engineering Review,0.0512647117781761,0.3387244857455228,0.6612755142544772,6,sensor_511,29.2571,-0.005894504943242948,0.005894504943242948,Decreases failure risk
WF-001334,0,Pass,Engineering Review,0.0512647117781761,0.3387244857455228,0.6612755142544772,7,sensor_342,3.5519,0.005819139893807669,0.005819139893807669,Increases failure risk
WF-001334,0,Pass,Engineering Review,0.0512647117781761,0.3387244857455228,0.6612755142544772,8,sensor_034,9.7571,0.005780174514296423,0.005780174514296423,Increases failure risk
WF-001334,0,Pass,Engineering Review,0.0512647117781761,0.3387244857455228,0.6612755142544772,9,sensor_480,1.6107,-0.005754522822493987,0.005754522822493987,Decreases failure risk
WF-001334,0,Pass,Engineering Review,0.0512647117781761,0.3387244857455228,0.6612755142544772,10,sensor_060,6.2636,0.0048420894402525765,0.0048420894402525765,Increases failure risk
WF-000973,0,Pass,Engineering Review,0.0363493656581005,0.4362926714052411,0.5637073285947589,1,sensor_104,-0.0111,-0.015475754859783447,0.015475754859783447,Decreases failure risk
WF-000973,0,Pass,Engineering Review,0.0363493656581005,0.4362926714052411,0.5637073285947589,2,sensor_511,20.7207,-0.009366417357130879,0.009366417357130879,Decreases failure risk
WF-000973,0,Pass,Engineering Review,0.0363493656581005,0.4362926714052411,0.5637073285947589,3,sensor_352,0.0128,-0.009176618547564897,0.009176618547564897,Decreases failure risk
WF-000973,0,Pass,Engineering Review,0.0363493656581005,0.4362926714052411,0.5637073285947589,4,sensor_130,-2.647,-0.008304513417558026,0.008304513417558026,Decreases failure risk
WF-000973,0,Pass,Engineering Review,0.0363493656581005,0.4362926714052411,0.5637073285947589,5,sensor_060,1.3936,-0.006868020874179978,0.006868020874179978,Decreases failure risk
WF-000973,0,Pass,Engineering Review,0.0363493656581005,0.4362926714052411,0.5637073285947589,6,sensor_432,8.6305,-0.006136351717385526,0.006136351717385526,Decreases failure risk
WF-000973,0,Pass,Engineering Review,0.0363493656581005,0.4362926714052411,0.5637073285947589,7,sensor_034,9.6136,0.005652470871333679,0.005652470871333679,Increases failure risk
WF-000973,0,Pass,Engineering Review,0.0363493656581005,0.4362926714052411,0.5637073285947589,8,sensor_548,399.06,-0.005337898329280681,0.005337898329280681,Decreases failure risk
WF-000973,0,Pass,Engineering Review,0.0363493656581005,0.4362926714052411,0.5637073285947589,9,sensor_214,0.0289,-0.004955467651506866,0.004955467651506866,Decreases failure risk
WF-000973,0,Pass,Engineering Review,0.0363493656581005,0.4362926714052411,0.5637073285947589,10,sensor_469,279.8434,-0.004470300830208301,0.004470300830208301,Decreases failure risk
WF-001038,0,Pass,Engineering Review,0.0409972899372134,0.2909068411500524,0.7090931588499476,1,sensor_104,-0.0132,-0.014224230977197163,0.014224230977197163,Decreases failure risk
WF-001038,0,Pass,Engineering Review,0.0409972899372134,0.2909068411500524,0.7090931588499476,2,sensor_214,0.0123,-0.011737352877790833,0.011737352877790833,Decreases failure risk
WF-001038,0,Pass,Engineering Review,0.0409972899372134,0.2909068411500524,0.7090931588499476,3,sensor_034,8.5298,-0.009708207028826913,0.009708207028826913,Decreases failure risk
WF-001038,0,Pass,Engineering Review,0.0409972899372134,0.2909068411500524,0.7090931588499476,4,sensor_060,-3.2055,-0.007785121244993365,0.007785121244993365,Decreases failure risk
WF-001038,0,Pass,Engineering Review,0.0409972899372134,0.2909068411500524,0.7090931588499476,5,sensor_352,0.0053,-0.007481510385029035,0.007481510385029035,Decreases failure risk
WF-001038,0,Pass,Engineering Review,0.0409972899372134,0.2909068411500524,0.7090931588499476,6,sensor_082,0.0116,0.0068155107375322595,0.0068155107375322595,Increases failure risk
WF-001038,0,Pass,Engineering Review,0.0409972899372134,0.2909068411500524,0.7090931588499476,7,sensor_511,38.5633,-0.005873681588247625,0.005873681588247625,Decreases failure risk
WF-001038,0,Pass,Engineering Review,0.0409972899372134,0.2909068411500524,0.7090931588499476,8,sensor_201,13.33,-0.00551345048385667,0.00551345048385667,Decreases failure risk
WF-001038,0,Pass,Engineering Review,0.0409972899372134,0.2909068411500524,0.7090931588499476,9,sensor_029,73.5222,-0.005332635972734913,0.005332635972734913,Decreases failure risk
WF-001038,0,Pass,Engineering Review,0.0409972899372134,0.2909068411500524,0.7090931588499476,10,sensor_489,0.0,0.0050651393217370595,0.0050651393217370595,Increases failure risk
